ISO-10303-21;
HEADER;
/*Generated by software containing ST-Developer
 * from STEP Tools, Inc. (www.steptools.com) 
 */
/*OPTION: using custom renumber hook */
/*description */
/*implementation_level */
FILE_DESCRIPTION(('STEP AP242 Edition 2','STEP AP242 Edition 2''CAx-IF Rec.Pracs.---Representation and Presentation of Product Manufa
cturing Information (PMI)---4.0---2014-10-13','STEP AP242 Edition 2''CAx-IF Rec.Pracs.---Representation and Presentation of Product Manufa
cturing Information (PMI)---4.0---2014-10-13''CAx-IF Rec.Pracs.---3D Tessellated Geometry---0.4---2014-09-14','STEP AP242 Edition 2''CAx-IF Rec.Pracs.---Representation and Presentation of Product Manufa
cturing Information (PMI)---4.0---2014-10-13''CAx-IF Rec.Pracs.---3D Tessellated Geometry---0.4---2014-09-14''2;1','STEP AP242 Edition 2''CAx-IF Rec.Pracs.---Representation and Presentation of Product Manufa
cturing Information (PMI)---4.0---2014-10-13''CAx-IF Rec.Pracs.---3D Tessellated Geometry---0.4---2014-09-14''2;1''CAx-IF Rec.Pracs.---User Defined Attributes---1.5---2016-08-15'),'2;1');
/*name */
/*time_stamp */
/*author */
/*organization */
/*preprocessor_version */
/*originating_system */
/*authorisation */
FILE_NAME('/vol/tmp/translate-12742384051632168388/test_phalanx - test_phalanx.step','2026-03-25T10:04:56',(''),(''),'ST-DEVELOPER v20','ONSHAPE BY PTC INC, 1.212','  ');
FILE_SCHEMA(('AP242_MANAGED_MODEL_BASED_3D_ENGINEERING_MIM_LF { 1 0 10303 442 3 1 4 }'));
ENDSEC;
DATA;
#10=SHAPE_REPRESENTATION_RELATIONSHIP('','',#1087,#11);
#11=ADVANCED_BREP_SHAPE_REPRESENTATION('',(#1085),#2321);
#12=(
B_SPLINE_SURFACE(3,2,((#1711,#1712,#1713),(#1714,#1715,#1716),(#1717,#1718,
#1719),(#1720,#1721,#1722),(#1723,#1724,#1725)),.UNSPECIFIED.,.F.,.F.,.F.)
B_SPLINE_SURFACE_WITH_KNOTS((4,1,4),(3,3),(0.0097319430821847,0.01208857333239,0.0144452035825953),(0.,1.),.UNSPECIFIED.)
BOUNDED_SURFACE()
GEOMETRIC_REPRESENTATION_ITEM()
RATIONAL_B_SPLINE_SURFACE(((1.,0.662950419810658,1.),(1.,0.66295041999451,
1.),(1.,0.670473670711594,1.),(1.,0.693084994276663,1.),(1.,0.70710678118647,
1.)))
REPRESENTATION_ITEM('')
SURFACE()
);
#13=(
B_SPLINE_SURFACE(3,2,((#1745,#1746,#1747),(#1748,#1749,#1750),(#1751,#1752,
#1753),(#1754,#1755,#1756),(#1757,#1758,#1759)),.UNSPECIFIED.,.F.,.F.,.F.)
B_SPLINE_SURFACE_WITH_KNOTS((4,1,4),(3,3),(0.0097319430821846,0.0120885733323912,0.0144452035825977),(0.,1.),.UNSPECIFIED.)
BOUNDED_SURFACE()
GEOMETRIC_REPRESENTATION_ITEM()
RATIONAL_B_SPLINE_SURFACE(((1.,0.662950419810658,1.),(1.,0.662950419994643,
1.),(1.,0.670473670729343,1.),(1.,0.693084994241083,1.),(1.,0.707106781186547,
1.)))
REPRESENTATION_ITEM('')
SURFACE()
);
#14=(
B_SPLINE_SURFACE(3,2,((#1784,#1785,#1786),(#1787,#1788,#1789),(#1790,#1791,
#1792),(#1793,#1794,#1795),(#1796,#1797,#1798),(#1799,#1800,#1801),(#1802,
#1803,#1804),(#1805,#1806,#1807),(#1808,#1809,#1810),(#1811,#1812,#1813),(#1814,#1815,#1816),(#1817,#1818,#1819),(#1820,#1821,#1822),(#1823,#1824,
#1825),(#1826,#1827,#1828),(#1829,#1830,#1831),(#1832,#1833,#1834),(#1835,
#1836,#1837),(#1838,#1839,#1840),(#1841,#1842,#1843),(#1844,#1845,#1846),(#1847,#1848,#1849),(#1850,#1851,#1852)),.UNSPECIFIED.,.F.,.F.,.F.)
B_SPLINE_SURFACE_WITH_KNOTS((4,1,1,1,1,1,1,1,1,1,1,1,1,1,1,1,1,1,1,1,4),(3,3),(0.0144965403413433,0.0163685327053101,0.018240525069277,0.0191765212512604,0.0201125174332438,0.0219845097972107,0.0229205059791941,0.0238565021611775,0.0247924983431609,0.0252604964341527,0.0257284945251444,0.0259624935706402,0.0260794930933881,0.0261964926161361,0.026313492138884,0.0264304916616319,0.0266644907071278,0.0271324887981195,0.0276004868891112,0.0285364830710946,0.029472479253078),(0.,1.),.UNSPECIFIED.)
BOUNDED_SURFACE()
GEOMETRIC_REPRESENTATION_ITEM()
RATIONAL_B_SPLINE_SURFACE(((1.,0.707106781186547,1.),(1.,0.707106781186547,
1.),(1.,0.707106781186548,1.),(1.,0.707106781186547,1.),(1.,0.707106781186548,
1.),(1.,0.707106781186548,1.),(1.,0.707106781186548,1.),(1.,0.707106781186548,
1.),(1.,0.707106781186547,1.),(1.,0.707106781186548,1.),(1.,0.707106781186547,
1.),(1.,0.707106781186548,1.),(1.,0.707106781186547,1.),(1.,0.707106781186548,
1.),(1.,0.707106781186548,1.),(1.,0.707106781186547,1.),(1.,0.707106781186548,
1.),(1.,0.707106781186547,1.),(1.,0.707106781186548,1.),(1.,0.707106781186548,
1.),(1.,0.707106781186548,1.),(1.,0.707106781186548,1.),(1.,0.707106781186548,
1.)))
REPRESENTATION_ITEM('')
SURFACE()
);
#15=(
B_SPLINE_SURFACE(3,2,((#1870,#1871,#1872),(#1873,#1874,#1875),(#1876,#1877,
#1878),(#1879,#1880,#1881),(#1882,#1883,#1884),(#1885,#1886,#1887),(#1888,
#1889,#1890),(#1891,#1892,#1893),(#1894,#1895,#1896),(#1897,#1898,#1899),(#1900,#1901,#1902),(#1903,#1904,#1905),(#1906,#1907,#1908),(#1909,#1910,
#1911),(#1912,#1913,#1914),(#1915,#1916,#1917),(#1918,#1919,#1920),(#1921,
#1922,#1923),(#1924,#1925,#1926),(#1927,#1928,#1929),(#1930,#1931,#1932),(#1933,#1934,#1935),(#1936,#1937,#1938),(#1939,#1940,#1941)),.UNSPECIFIED.,.F.,.F.,.F.)
B_SPLINE_SURFACE_WITH_KNOTS((4,1,1,1,1,1,1,1,1,1,1,1,1,1,1,1,1,1,1,1,1,4),(3,3),(0.0273890027087914,0.0283298134264017,0.0292706241440121,0.0297410295028172,0.0302114348616224,0.030446637541025,0.0305642388807263,0.0306818402204276,0.0307994415601289,0.0309170428998302,0.0311522455792328,0.031622650938038,0.0320930562968431,0.0330338670144535,0.0339746777320638,0.0349154884496742,0.0367971098848949,0.0377379206025052,0.0386787313201156,0.0396195420377259,0.0405603527553363,0.042441974190557),(0.,1.),.UNSPECIFIED.)
BOUNDED_SURFACE()
GEOMETRIC_REPRESENTATION_ITEM()
RATIONAL_B_SPLINE_SURFACE(((1.,0.707106781186548,1.),(1.,0.707106781186548,
1.),(1.,0.707106781186548,1.),(1.,0.707106781186548,1.),(1.,0.707106781186547,
1.),(1.,0.707106781186548,1.),(1.,0.707106781186547,1.),(1.,0.707106781186548,
1.),(1.,0.707106781186547,1.),(1.,0.707106781186548,1.),(1.,0.707106781186547,
1.),(1.,0.707106781186548,1.),(1.,0.707106781186548,1.),(1.,0.707106781186547,
1.),(1.,0.707106781186548,1.),(1.,0.707106781186547,1.),(1.,0.707106781186548,
1.),(1.,0.707106781186548,1.),(1.,0.707106781186548,1.),(1.,0.707106781186548,
1.),(1.,0.707106781186547,1.),(1.,0.707106781186548,1.),(1.,0.707106781186548,
1.),(1.,0.707106781186548,1.)))
REPRESENTATION_ITEM('')
SURFACE()
);
#16=(
B_SPLINE_SURFACE(3,2,((#2064,#2065,#2066),(#2067,#2068,#2069),(#2070,#2071,
#2072),(#2073,#2074,#2075)),.UNSPECIFIED.,.F.,.F.,.F.)
B_SPLINE_SURFACE_WITH_KNOTS((4,4),(3,3),(-2.92734586571086E-18,0.000460657336633611),(0.,1.),.PIECEWISE_BEZIER_KNOTS.)
BOUNDED_SURFACE()
GEOMETRIC_REPRESENTATION_ITEM()
RATIONAL_B_SPLINE_SURFACE(((1.,0.707106781186547,1.),(1.,0.723702827105388,
1.),(1.,0.740764820829196,1.),(1.,0.758267156767566,1.)))
REPRESENTATION_ITEM('')
SURFACE()
);
#17=(
B_SPLINE_SURFACE(3,2,((#2077,#2078,#2079),(#2080,#2081,#2082),(#2083,#2084,
#2085),(#2086,#2087,#2088),(#2089,#2090,#2091)),.UNSPECIFIED.,.F.,.F.,.F.)
B_SPLINE_SURFACE_WITH_KNOTS((4,1,4),(3,3),(-1.35525271560688E-18,0.000962214449129958,0.00192442889825992),(0.,1.),.UNSPECIFIED.)
BOUNDED_SURFACE()
GEOMETRIC_REPRESENTATION_ITEM()
RATIONAL_B_SPLINE_SURFACE(((1.,0.758267156767565,1.),(1.,0.828883676291025,
1.),(1.,0.967249525361554,1.),(1.,1.00000001473588,1.),(1.,1.,1.)))
REPRESENTATION_ITEM('')
SURFACE()
);
#18=(
B_SPLINE_SURFACE(3,2,((#2095,#2096,#2097),(#2098,#2099,#2100),(#2101,#2102,
#2103),(#2104,#2105,#2106)),.UNSPECIFIED.,.F.,.F.,.F.)
B_SPLINE_SURFACE_WITH_KNOTS((4,4),(3,3),(-3.36102673470506E-18,0.00046065733663361),(0.,1.),.PIECEWISE_BEZIER_KNOTS.)
BOUNDED_SURFACE()
GEOMETRIC_REPRESENTATION_ITEM()
RATIONAL_B_SPLINE_SURFACE(((1.,0.758267156767565,1.),(1.,0.740764820829349,
1.),(1.,0.72370282710537,1.),(1.,0.707106781186547,1.)))
REPRESENTATION_ITEM('')
SURFACE()
);
#19=(
B_SPLINE_SURFACE(3,2,((#2108,#2109,#2110),(#2111,#2112,#2113),(#2114,#2115,
#2116),(#2117,#2118,#2119),(#2120,#2121,#2122)),.UNSPECIFIED.,.F.,.F.,.F.)
B_SPLINE_SURFACE_WITH_KNOTS((4,1,4),(3,3),(-8.13151629364128E-19,0.000962214449129958,0.00192442889825992),(0.,1.),.UNSPECIFIED.)
BOUNDED_SURFACE()
GEOMETRIC_REPRESENTATION_ITEM()
RATIONAL_B_SPLINE_SURFACE(((1.,0.758267156767565,1.),(1.,0.828883676291314,
1.),(1.,0.967249525361418,1.),(1.,1.00000001473586,1.),(1.,1.,1.)))
REPRESENTATION_ITEM('')
SURFACE()
);
#20=(
B_SPLINE_SURFACE(3,2,((#2134,#2135,#2136),(#2137,#2138,#2139),(#2140,#2141,
#2142),(#2143,#2144,#2145)),.UNSPECIFIED.,.F.,.F.,.F.)
B_SPLINE_SURFACE_WITH_KNOTS((4,4),(3,3),(3.8627244905741,4.53526155055221),(0.,1.),.PIECEWISE_BEZIER_KNOTS.)
BOUNDED_SURFACE()
GEOMETRIC_REPRESENTATION_ITEM()
RATIONAL_B_SPLINE_SURFACE(((1.,0.497384705181669,1.),(1.,0.547427905546962,
1.),(1.,0.607981428976832,1.),(1.,0.663879978557462,1.)))
REPRESENTATION_ITEM('')
SURFACE()
);
#21=(
B_SPLINE_SURFACE(3,2,((#2183,#2184,#2185),(#2186,#2187,#2188),(#2189,#2190,
#2191),(#2192,#2193,#2194)),.UNSPECIFIED.,.F.,.F.,.F.)
B_SPLINE_SURFACE_WITH_KNOTS((4,4),(3,3),(1.74792375662738,2.42046081660548),(0.,1.),.PIECEWISE_BEZIER_KNOTS.)
BOUNDED_SURFACE()
GEOMETRIC_REPRESENTATION_ITEM()
RATIONAL_B_SPLINE_SURFACE(((1.,0.663879978557462,1.),(1.,0.607981428976832,
1.),(1.,0.547427905545647,1.),(1.,0.49738470518167,1.)))
REPRESENTATION_ITEM('')
SURFACE()
);
#22=(
B_SPLINE_SURFACE(3,2,((#2214,#2215,#2216),(#2217,#2218,#2219),(#2220,#2221,
#2222),(#2223,#2224,#2225),(#2226,#2227,#2228)),.UNSPECIFIED.,.F.,.F.,.F.)
B_SPLINE_SURFACE_WITH_KNOTS((4,1,4),(3,3),(0.,0.785398163397448,1.5707963267949),(0.,1.),.UNSPECIFIED.)
BOUNDED_SURFACE()
GEOMETRIC_REPRESENTATION_ITEM()
RATIONAL_B_SPLINE_SURFACE(((1.,0.843391445812886,1.),(1.,0.843391445811425,
1.),(1.,0.816921752314616,1.),(1.,0.7462243574832,1.),(1.,0.707106781186547,
1.)))
REPRESENTATION_ITEM('')
SURFACE()
);
#23=(
B_SPLINE_SURFACE(3,2,((#2233,#2234,#2235),(#2236,#2237,#2238),(#2239,#2240,
#2241),(#2242,#2243,#2244),(#2245,#2246,#2247),(#2248,#2249,#2250),(#2251,
#2252,#2253)),.UNSPECIFIED.,.F.,.F.,.F.)
B_SPLINE_SURFACE_WITH_KNOTS((4,1,1,1,4),(3,3),(3.25260651745651E-18,0.00184957337166922,0.00369914674333844,0.00554872011500766,0.00739829348667689),(0.,1.),.UNSPECIFIED.)
BOUNDED_SURFACE()
GEOMETRIC_REPRESENTATION_ITEM()
RATIONAL_B_SPLINE_SURFACE(((1.,0.906165034468443,1.),(1.,0.906165034205533,
1.),(1.,0.90175726162143,1.),(1.,0.850473102168175,1.),(1.,0.785793495795795,
1.),(1.,0.734463804439664,1.),(1.,0.707106781186548,1.)))
REPRESENTATION_ITEM('')
SURFACE()
);
#24=(
B_SPLINE_SURFACE(3,2,((#2258,#2259,#2260),(#2261,#2262,#2263),(#2264,#2265,
#2266),(#2267,#2268,#2269),(#2270,#2271,#2272)),.UNSPECIFIED.,.F.,.F.,.F.)
B_SPLINE_SURFACE_WITH_KNOTS((4,1,4),(3,3),(1.5707963267949,2.35619449019234,3.14159265358979),(0.,1.),.UNSPECIFIED.)
BOUNDED_SURFACE()
GEOMETRIC_REPRESENTATION_ITEM()
RATIONAL_B_SPLINE_SURFACE(((1.,0.707106781186547,1.),(1.,0.746224357483129,
1.),(1.,0.816921752314576,1.),(1.,0.843391445811578,1.),(1.,0.843391445812886,
1.)))
REPRESENTATION_ITEM('')
SURFACE()
);
#25=(
B_SPLINE_SURFACE(3,2,((#2287,#2288,#2289),(#2290,#2291,#2292),(#2293,#2294,
#2295),(#2296,#2297,#2298),(#2299,#2300,#2301),(#2302,#2303,#2304),(#2305,
#2306,#2307)),.UNSPECIFIED.,.F.,.F.,.F.)
B_SPLINE_SURFACE_WITH_KNOTS((4,1,1,1,4),(3,3),(2.16840434497101E-18,0.00184704750819785,0.0036940950163957,0.00554114252459354,0.00738819003279139),(0.,1.),.UNSPECIFIED.)
BOUNDED_SURFACE()
GEOMETRIC_REPRESENTATION_ITEM()
RATIONAL_B_SPLINE_SURFACE(((1.,0.707106781186548,1.),(1.,0.734464630453545,
1.),(1.,0.785514031750426,1.),(1.,0.850415314840166,1.),(1.,0.901753337628361,
1.),(1.,0.906165034234994,1.),(1.,0.906165034468443,1.)))
REPRESENTATION_ITEM('')
SURFACE()
);
#26=ELLIPSE('',#1108,0.00592055531235133,0.0039);
#27=ELLIPSE('',#1122,0.00165506687844374,0.0015);
#28=ELLIPSE('',#1124,0.00662215789653279,0.0049);
#29=ELLIPSE('',#1137,0.00165506687844374,0.0015);
#30=ELLIPSE('',#1138,0.00662215789653279,0.0049);
#31=ELLIPSE('',#1154,0.000859794377814544,0.0005);
#32=ELLIPSE('',#1158,0.000859794377814545,0.0005);
#33=ELLIPSE('',#1163,0.00592055531235133,0.0039);
#34=CYLINDRICAL_SURFACE('',#1107,0.0039);
#35=CYLINDRICAL_SURFACE('',#1110,0.001);
#36=CYLINDRICAL_SURFACE('',#1115,0.001);
#37=CYLINDRICAL_SURFACE('',#1118,0.001);
#38=CYLINDRICAL_SURFACE('',#1127,0.002);
#39=CYLINDRICAL_SURFACE('',#1130,0.002);
#40=CYLINDRICAL_SURFACE('',#1132,0.002);
#41=CYLINDRICAL_SURFACE('',#1153,0.0005);
#42=CYLINDRICAL_SURFACE('',#1157,0.0005);
#43=CYLINDRICAL_SURFACE('',#1161,0.0039);
#44=CYLINDRICAL_SURFACE('',#1167,0.001);
#45=CYLINDRICAL_SURFACE('',#1170,0.001);
#46=CYLINDRICAL_SURFACE('',#1181,0.001);
#47=CYLINDRICAL_SURFACE('',#1189,0.001);
#48=CYLINDRICAL_SURFACE('',#1191,0.001);
#49=CYLINDRICAL_SURFACE('',#1197,0.001);
#50=CYLINDRICAL_SURFACE('',#1199,0.001);
#51=CYLINDRICAL_SURFACE('',#1202,0.001);
#52=CYLINDRICAL_SURFACE('',#1204,0.001);
#53=CYLINDRICAL_SURFACE('',#1206,0.001);
#54=CYLINDRICAL_SURFACE('',#1212,0.001);
#55=TOROIDAL_SURFACE('',#1105,0.00330718913883074,0.001);
#56=TOROIDAL_SURFACE('',#1113,0.0049,0.001);
#57=TOROIDAL_SURFACE('',#1149,0.00414246303544159,0.001);
#58=TOROIDAL_SURFACE('',#1151,0.00414246303544159,0.001);
#59=TOROIDAL_SURFACE('',#1165,0.00386619677295185,0.001);
#60=TOROIDAL_SURFACE('',#1173,0.001,0.001);
#61=TOROIDAL_SURFACE('',#1175,0.00386619677295185,0.001);
#62=TOROIDAL_SURFACE('',#1184,0.0049,0.001);
#63=TOROIDAL_SURFACE('',#1193,0.001,0.001);
#64=SPHERICAL_SURFACE('',#1094,0.004);
#65=SPHERICAL_SURFACE('',#1174,0.001);
#66=SPHERICAL_SURFACE('',#1177,0.001);
#67=SPHERICAL_SURFACE('',#1179,0.001);
#68=SPHERICAL_SURFACE('',#1187,0.001);
#69=SPHERICAL_SURFACE('',#1195,0.001);
#70=SPHERICAL_SURFACE('',#1209,0.001);
#71=CIRCLE('',#1090,0.0049);
#72=CIRCLE('',#1091,0.001);
#73=CIRCLE('',#1093,0.00330718913883074);
#74=CIRCLE('',#1095,0.0039);
#75=CIRCLE('',#1096,0.00399874980462644);
#76=CIRCLE('',#1097,0.00370809924354783);
#77=CIRCLE('',#1098,0.00399874980462644);
#78=CIRCLE('',#1099,0.0039);
#79=CIRCLE('',#1100,0.00309295741836148);
#80=CIRCLE('',#1101,0.00331397042835328);
#81=CIRCLE('',#1102,0.0026457513110646);
#82=CIRCLE('',#1103,0.00331397042835328);
#83=CIRCLE('',#1104,0.00309295741836148);
#84=CIRCLE('',#1106,0.00330718913883074);
#85=CIRCLE('',#1109,0.0039);
#86=CIRCLE('',#1111,0.001);
#87=CIRCLE('',#1112,0.001);
#88=CIRCLE('',#1114,0.001);
#89=CIRCLE('',#1116,0.001);
#90=CIRCLE('',#1117,0.001);
#91=CIRCLE('',#1119,0.001);
#92=CIRCLE('',#1120,0.001);
#93=CIRCLE('',#1123,0.00386619677295185);
#94=CIRCLE('',#1125,0.002);
#95=CIRCLE('',#1126,0.002);
#96=CIRCLE('',#1128,0.002);
#97=CIRCLE('',#1129,0.002);
#98=CIRCLE('',#1131,0.002);
#99=CIRCLE('',#1133,0.002);
#100=CIRCLE('',#1136,0.00386619677295185);
#101=CIRCLE('',#1140,0.001);
#102=CIRCLE('',#1141,0.0049);
#103=CIRCLE('',#1146,0.00414246303544159);
#104=CIRCLE('',#1148,0.00414246303544159);
#105=CIRCLE('',#1150,0.001);
#106=CIRCLE('',#1152,0.001);
#107=CIRCLE('',#1155,0.0005);
#108=CIRCLE('',#1156,0.0005);
#109=CIRCLE('',#1159,0.0005);
#110=CIRCLE('',#1160,0.0005);
#111=CIRCLE('',#1162,0.0039);
#112=CIRCLE('',#1164,0.001);
#113=CIRCLE('',#1166,0.001);
#114=CIRCLE('',#1168,0.001);
#115=CIRCLE('',#1169,0.001);
#116=CIRCLE('',#1171,0.001);
#117=CIRCLE('',#1172,0.001);
#118=CIRCLE('',#1176,0.001);
#119=CIRCLE('',#1178,0.001);
#120=CIRCLE('',#1180,0.001);
#121=CIRCLE('',#1182,0.001);
#122=CIRCLE('',#1183,0.001);
#123=CIRCLE('',#1185,0.001);
#124=CIRCLE('',#1186,0.001);
#125=CIRCLE('',#1188,0.001);
#126=CIRCLE('',#1190,0.001);
#127=CIRCLE('',#1192,0.001);
#128=CIRCLE('',#1194,0.001);
#129=CIRCLE('',#1196,0.001);
#130=CIRCLE('',#1198,0.001);
#131=CIRCLE('',#1200,0.001);
#132=CIRCLE('',#1201,0.001);
#133=CIRCLE('',#1203,0.001);
#134=CIRCLE('',#1205,0.001);
#135=CIRCLE('',#1207,0.001);
#136=CIRCLE('',#1208,0.001);
#137=CIRCLE('',#1210,0.001);
#138=CIRCLE('',#1211,0.001);
#139=PLANE('',#1089);
#140=PLANE('',#1092);
#141=PLANE('',#1121);
#142=PLANE('',#1134);
#143=PLANE('',#1135);
#144=PLANE('',#1139);
#145=PLANE('',#1142);
#146=PLANE('',#1143);
#147=PLANE('',#1144);
#148=PLANE('',#1145);
#149=PLANE('',#1147);
#150=PLANE('',#1213);
#151=PLANE('',#1214);
#152=PLANE('',#1215);
#153=PLANE('',#1216);
#154=PLANE('',#1217);
#155=PLANE('',#1218);
#156=LINE('',#1546,#206);
#157=LINE('',#1553,#207);
#158=LINE('',#1565,#208);
#159=LINE('',#1575,#209);
#160=LINE('',#1577,#210);
#161=LINE('',#1580,#211);
#162=LINE('',#1584,#212);
#163=LINE('',#1586,#213);
#164=LINE('',#1590,#214);
#165=LINE('',#1593,#215);
#166=LINE('',#1595,#216);
#167=LINE('',#1653,#217);
#168=LINE('',#1664,#218);
#169=LINE('',#1679,#219);
#170=LINE('',#1702,#220);
#171=LINE('',#1708,#221);
#172=LINE('',#1710,#222);
#173=LINE('',#1742,#223);
#174=LINE('',#1774,#224);
#175=LINE('',#1777,#225);
#176=LINE('',#1779,#226);
#177=LINE('',#1783,#227);
#178=LINE('',#1963,#228);
#179=LINE('',#1966,#229);
#180=LINE('',#1968,#230);
#181=LINE('',#1969,#231);
#182=LINE('',#1974,#232);
#183=LINE('',#1986,#233);
#184=LINE('',#1988,#234);
#185=LINE('',#1992,#235);
#186=LINE('',#1995,#236);
#187=LINE('',#1999,#237);
#188=LINE('',#2001,#238);
#189=LINE('',#2005,#239);
#190=LINE('',#2007,#240);
#191=LINE('',#2009,#241);
#192=LINE('',#2011,#242);
#193=LINE('',#2013,#243);
#194=LINE('',#2016,#244);
#195=LINE('',#2022,#245);
#196=LINE('',#2027,#246);
#197=LINE('',#2029,#247);
#198=LINE('',#2031,#248);
#199=LINE('',#2034,#249);
#200=LINE('',#2124,#250);
#201=LINE('',#2213,#251);
#202=LINE('',#2311,#252);
#203=LINE('',#2313,#253);
#204=LINE('',#2316,#254);
#205=LINE('',#2317,#255);
#206=VECTOR('',#1221,1.);
#207=VECTOR('',#1222,1.);
#208=VECTOR('',#1223,1.);
#209=VECTOR('',#1224,1.);
#210=VECTOR('',#1227,1.);
#211=VECTOR('',#1228,1.);
#212=VECTOR('',#1231,1.);
#213=VECTOR('',#1232,1.);
#214=VECTOR('',#1237,1.);
#215=VECTOR('',#1238,1.);
#216=VECTOR('',#1239,1.);
#217=VECTOR('',#1270,1.);
#218=VECTOR('',#1277,1.);
#219=VECTOR('',#1290,1.);
#220=VECTOR('',#1303,1.);
#221=VECTOR('',#1308,1.);
#222=VECTOR('',#1309,1.);
#223=VECTOR('',#1316,1.);
#224=VECTOR('',#1323,1.);
#225=VECTOR('',#1326,1.);
#226=VECTOR('',#1329,1.);
#227=VECTOR('',#1332,1.);
#228=VECTOR('',#1335,1.);
#229=VECTOR('',#1336,1.);
#230=VECTOR('',#1337,1.);
#231=VECTOR('',#1338,1.);
#232=VECTOR('',#1343,1.);
#233=VECTOR('',#1346,1.);
#234=VECTOR('',#1347,1.);
#235=VECTOR('',#1352,1.);
#236=VECTOR('',#1353,1.);
#237=VECTOR('',#1356,1.);
#238=VECTOR('',#1357,1.);
#239=VECTOR('',#1362,1.);
#240=VECTOR('',#1363,1.);
#241=VECTOR('',#1366,1.);
#242=VECTOR('',#1367,1.);
#243=VECTOR('',#1370,1.);
#244=VECTOR('',#1371,1.);
#245=VECTOR('',#1372,1.);
#246=VECTOR('',#1377,1.);
#247=VECTOR('',#1378,1.);
#248=VECTOR('',#1381,1.);
#249=VECTOR('',#1382,1.);
#250=VECTOR('',#1411,1.);
#251=VECTOR('',#1492,1.);
#252=VECTOR('',#1517,1.);
#253=VECTOR('',#1520,1.);
#254=VECTOR('',#1525,1.);
#255=VECTOR('',#1526,1.);
#256=ORIENTED_EDGE('',*,*,#578,.F.);
#257=ORIENTED_EDGE('',*,*,#579,.T.);
#258=ORIENTED_EDGE('',*,*,#580,.T.);
#259=ORIENTED_EDGE('',*,*,#581,.T.);
#260=ORIENTED_EDGE('',*,*,#582,.T.);
#261=ORIENTED_EDGE('',*,*,#583,.T.);
#262=ORIENTED_EDGE('',*,*,#584,.T.);
#263=ORIENTED_EDGE('',*,*,#585,.T.);
#264=ORIENTED_EDGE('',*,*,#586,.T.);
#265=ORIENTED_EDGE('',*,*,#587,.T.);
#266=ORIENTED_EDGE('',*,*,#588,.T.);
#267=ORIENTED_EDGE('',*,*,#589,.T.);
#268=ORIENTED_EDGE('',*,*,#590,.T.);
#269=ORIENTED_EDGE('',*,*,#591,.T.);
#270=ORIENTED_EDGE('',*,*,#592,.F.);
#271=ORIENTED_EDGE('',*,*,#593,.T.);
#272=ORIENTED_EDGE('',*,*,#594,.F.);
#273=ORIENTED_EDGE('',*,*,#595,.F.);
#274=ORIENTED_EDGE('',*,*,#596,.F.);
#275=ORIENTED_EDGE('',*,*,#597,.F.);
#276=ORIENTED_EDGE('',*,*,#598,.T.);
#277=ORIENTED_EDGE('',*,*,#599,.F.);
#278=ORIENTED_EDGE('',*,*,#600,.F.);
#279=ORIENTED_EDGE('',*,*,#601,.F.);
#280=ORIENTED_EDGE('',*,*,#602,.T.);
#281=ORIENTED_EDGE('',*,*,#603,.F.);
#282=ORIENTED_EDGE('',*,*,#604,.F.);
#283=ORIENTED_EDGE('',*,*,#605,.F.);
#284=ORIENTED_EDGE('',*,*,#606,.T.);
#285=ORIENTED_EDGE('',*,*,#607,.F.);
#286=ORIENTED_EDGE('',*,*,#608,.T.);
#287=ORIENTED_EDGE('',*,*,#596,.T.);
#288=ORIENTED_EDGE('',*,*,#609,.F.);
#289=ORIENTED_EDGE('',*,*,#604,.T.);
#290=ORIENTED_EDGE('',*,*,#610,.F.);
#291=ORIENTED_EDGE('',*,*,#611,.T.);
#292=ORIENTED_EDGE('',*,*,#612,.F.);
#293=ORIENTED_EDGE('',*,*,#613,.F.);
#294=ORIENTED_EDGE('',*,*,#597,.T.);
#295=ORIENTED_EDGE('',*,*,#614,.T.);
#296=ORIENTED_EDGE('',*,*,#615,.T.);
#297=ORIENTED_EDGE('',*,*,#616,.T.);
#298=ORIENTED_EDGE('',*,*,#617,.F.);
#299=ORIENTED_EDGE('',*,*,#618,.T.);
#300=ORIENTED_EDGE('',*,*,#586,.F.);
#301=ORIENTED_EDGE('',*,*,#619,.T.);
#302=ORIENTED_EDGE('',*,*,#588,.F.);
#303=ORIENTED_EDGE('',*,*,#620,.T.);
#304=ORIENTED_EDGE('',*,*,#616,.F.);
#305=ORIENTED_EDGE('',*,*,#621,.T.);
#306=ORIENTED_EDGE('',*,*,#593,.F.);
#307=ORIENTED_EDGE('',*,*,#622,.T.);
#308=ORIENTED_EDGE('',*,*,#623,.F.);
#309=ORIENTED_EDGE('',*,*,#624,.F.);
#310=ORIENTED_EDGE('',*,*,#623,.T.);
#311=ORIENTED_EDGE('',*,*,#625,.T.);
#312=ORIENTED_EDGE('',*,*,#585,.F.);
#313=ORIENTED_EDGE('',*,*,#626,.T.);
#314=ORIENTED_EDGE('',*,*,#627,.T.);
#315=ORIENTED_EDGE('',*,*,#628,.T.);
#316=ORIENTED_EDGE('',*,*,#629,.T.);
#317=ORIENTED_EDGE('',*,*,#630,.T.);
#318=ORIENTED_EDGE('',*,*,#631,.T.);
#319=ORIENTED_EDGE('',*,*,#632,.T.);
#320=ORIENTED_EDGE('',*,*,#633,.T.);
#321=ORIENTED_EDGE('',*,*,#634,.T.);
#322=ORIENTED_EDGE('',*,*,#635,.F.);
#323=ORIENTED_EDGE('',*,*,#636,.F.);
#324=ORIENTED_EDGE('',*,*,#637,.T.);
#325=ORIENTED_EDGE('',*,*,#638,.F.);
#326=ORIENTED_EDGE('',*,*,#637,.F.);
#327=ORIENTED_EDGE('',*,*,#639,.F.);
#328=ORIENTED_EDGE('',*,*,#640,.T.);
#329=ORIENTED_EDGE('',*,*,#583,.F.);
#330=ORIENTED_EDGE('',*,*,#640,.F.);
#331=ORIENTED_EDGE('',*,*,#641,.F.);
#332=ORIENTED_EDGE('',*,*,#642,.T.);
#333=ORIENTED_EDGE('',*,*,#643,.F.);
#334=ORIENTED_EDGE('',*,*,#644,.F.);
#335=ORIENTED_EDGE('',*,*,#645,.T.);
#336=ORIENTED_EDGE('',*,*,#646,.F.);
#337=ORIENTED_EDGE('',*,*,#642,.F.);
#338=ORIENTED_EDGE('',*,*,#647,.F.);
#339=ORIENTED_EDGE('',*,*,#648,.T.);
#340=ORIENTED_EDGE('',*,*,#649,.F.);
#341=ORIENTED_EDGE('',*,*,#635,.T.);
#342=ORIENTED_EDGE('',*,*,#582,.F.);
#343=ORIENTED_EDGE('',*,*,#650,.T.);
#344=ORIENTED_EDGE('',*,*,#651,.F.);
#345=ORIENTED_EDGE('',*,*,#638,.T.);
#346=ORIENTED_EDGE('',*,*,#652,.F.);
#347=ORIENTED_EDGE('',*,*,#653,.T.);
#348=ORIENTED_EDGE('',*,*,#584,.F.);
#349=ORIENTED_EDGE('',*,*,#643,.T.);
#350=ORIENTED_EDGE('',*,*,#654,.F.);
#351=ORIENTED_EDGE('',*,*,#655,.F.);
#352=ORIENTED_EDGE('',*,*,#656,.T.);
#353=ORIENTED_EDGE('',*,*,#617,.T.);
#354=ORIENTED_EDGE('',*,*,#644,.T.);
#355=ORIENTED_EDGE('',*,*,#641,.T.);
#356=ORIENTED_EDGE('',*,*,#639,.T.);
#357=ORIENTED_EDGE('',*,*,#636,.T.);
#358=ORIENTED_EDGE('',*,*,#649,.T.);
#359=ORIENTED_EDGE('',*,*,#657,.T.);
#360=ORIENTED_EDGE('',*,*,#658,.T.);
#361=ORIENTED_EDGE('',*,*,#659,.T.);
#362=ORIENTED_EDGE('',*,*,#660,.T.);
#363=ORIENTED_EDGE('',*,*,#661,.T.);
#364=ORIENTED_EDGE('',*,*,#662,.T.);
#365=ORIENTED_EDGE('',*,*,#663,.T.);
#366=ORIENTED_EDGE('',*,*,#664,.T.);
#367=ORIENTED_EDGE('',*,*,#665,.F.);
#368=ORIENTED_EDGE('',*,*,#666,.T.);
#369=ORIENTED_EDGE('',*,*,#667,.T.);
#370=ORIENTED_EDGE('',*,*,#668,.T.);
#371=ORIENTED_EDGE('',*,*,#669,.T.);
#372=ORIENTED_EDGE('',*,*,#670,.T.);
#373=ORIENTED_EDGE('',*,*,#651,.T.);
#374=ORIENTED_EDGE('',*,*,#671,.T.);
#375=ORIENTED_EDGE('',*,*,#672,.T.);
#376=ORIENTED_EDGE('',*,*,#647,.T.);
#377=ORIENTED_EDGE('',*,*,#673,.T.);
#378=ORIENTED_EDGE('',*,*,#674,.T.);
#379=ORIENTED_EDGE('',*,*,#652,.T.);
#380=ORIENTED_EDGE('',*,*,#646,.T.);
#381=ORIENTED_EDGE('',*,*,#675,.T.);
#382=ORIENTED_EDGE('',*,*,#676,.T.);
#383=ORIENTED_EDGE('',*,*,#611,.F.);
#384=ORIENTED_EDGE('',*,*,#677,.F.);
#385=ORIENTED_EDGE('',*,*,#678,.F.);
#386=ORIENTED_EDGE('',*,*,#679,.F.);
#387=ORIENTED_EDGE('',*,*,#680,.T.);
#388=ORIENTED_EDGE('',*,*,#681,.F.);
#389=ORIENTED_EDGE('',*,*,#682,.F.);
#390=ORIENTED_EDGE('',*,*,#683,.T.);
#391=ORIENTED_EDGE('',*,*,#684,.F.);
#392=ORIENTED_EDGE('',*,*,#603,.T.);
#393=ORIENTED_EDGE('',*,*,#685,.T.);
#394=ORIENTED_EDGE('',*,*,#679,.T.);
#395=ORIENTED_EDGE('',*,*,#686,.F.);
#396=ORIENTED_EDGE('',*,*,#687,.F.);
#397=ORIENTED_EDGE('',*,*,#684,.T.);
#398=ORIENTED_EDGE('',*,*,#688,.T.);
#399=ORIENTED_EDGE('',*,*,#605,.T.);
#400=ORIENTED_EDGE('',*,*,#689,.F.);
#401=ORIENTED_EDGE('',*,*,#690,.F.);
#402=ORIENTED_EDGE('',*,*,#594,.T.);
#403=ORIENTED_EDGE('',*,*,#691,.T.);
#404=ORIENTED_EDGE('',*,*,#682,.T.);
#405=ORIENTED_EDGE('',*,*,#692,.T.);
#406=ORIENTED_EDGE('',*,*,#692,.F.);
#407=ORIENTED_EDGE('',*,*,#690,.T.);
#408=ORIENTED_EDGE('',*,*,#693,.T.);
#409=ORIENTED_EDGE('',*,*,#595,.T.);
#410=ORIENTED_EDGE('',*,*,#609,.T.);
#411=ORIENTED_EDGE('',*,*,#693,.F.);
#412=ORIENTED_EDGE('',*,*,#689,.T.);
#413=ORIENTED_EDGE('',*,*,#681,.T.);
#414=ORIENTED_EDGE('',*,*,#694,.T.);
#415=ORIENTED_EDGE('',*,*,#678,.T.);
#416=ORIENTED_EDGE('',*,*,#695,.T.);
#417=ORIENTED_EDGE('',*,*,#695,.F.);
#418=ORIENTED_EDGE('',*,*,#677,.T.);
#419=ORIENTED_EDGE('',*,*,#696,.T.);
#420=ORIENTED_EDGE('',*,*,#686,.T.);
#421=ORIENTED_EDGE('',*,*,#696,.F.);
#422=ORIENTED_EDGE('',*,*,#610,.T.);
#423=ORIENTED_EDGE('',*,*,#687,.T.);
#424=ORIENTED_EDGE('',*,*,#601,.T.);
#425=ORIENTED_EDGE('',*,*,#697,.T.);
#426=ORIENTED_EDGE('',*,*,#698,.T.);
#427=ORIENTED_EDGE('',*,*,#699,.T.);
#428=ORIENTED_EDGE('',*,*,#700,.T.);
#429=ORIENTED_EDGE('',*,*,#701,.F.);
#430=ORIENTED_EDGE('',*,*,#615,.F.);
#431=ORIENTED_EDGE('',*,*,#702,.F.);
#432=ORIENTED_EDGE('',*,*,#664,.F.);
#433=ORIENTED_EDGE('',*,*,#614,.F.);
#434=ORIENTED_EDGE('',*,*,#606,.F.);
#435=ORIENTED_EDGE('',*,*,#703,.F.);
#436=ORIENTED_EDGE('',*,*,#658,.F.);
#437=ORIENTED_EDGE('',*,*,#702,.T.);
#438=ORIENTED_EDGE('',*,*,#704,.F.);
#439=ORIENTED_EDGE('',*,*,#589,.F.);
#440=ORIENTED_EDGE('',*,*,#705,.F.);
#441=ORIENTED_EDGE('',*,*,#663,.F.);
#442=ORIENTED_EDGE('',*,*,#706,.F.);
#443=ORIENTED_EDGE('',*,*,#673,.F.);
#444=ORIENTED_EDGE('',*,*,#707,.F.);
#445=ORIENTED_EDGE('',*,*,#590,.F.);
#446=ORIENTED_EDGE('',*,*,#707,.T.);
#447=ORIENTED_EDGE('',*,*,#645,.F.);
#448=ORIENTED_EDGE('',*,*,#619,.F.);
#449=ORIENTED_EDGE('',*,*,#591,.F.);
#450=ORIENTED_EDGE('',*,*,#701,.T.);
#451=ORIENTED_EDGE('',*,*,#705,.T.);
#452=ORIENTED_EDGE('',*,*,#621,.F.);
#453=ORIENTED_EDGE('',*,*,#602,.F.);
#454=ORIENTED_EDGE('',*,*,#700,.F.);
#455=ORIENTED_EDGE('',*,*,#708,.F.);
#456=ORIENTED_EDGE('',*,*,#631,.F.);
#457=ORIENTED_EDGE('',*,*,#709,.F.);
#458=ORIENTED_EDGE('',*,*,#703,.T.);
#459=ORIENTED_EDGE('',*,*,#688,.F.);
#460=ORIENTED_EDGE('',*,*,#710,.F.);
#461=ORIENTED_EDGE('',*,*,#706,.T.);
#462=ORIENTED_EDGE('',*,*,#704,.T.);
#463=ORIENTED_EDGE('',*,*,#711,.F.);
#464=ORIENTED_EDGE('',*,*,#712,.F.);
#465=ORIENTED_EDGE('',*,*,#657,.F.);
#466=ORIENTED_EDGE('',*,*,#713,.F.);
#467=ORIENTED_EDGE('',*,*,#666,.F.);
#468=ORIENTED_EDGE('',*,*,#714,.F.);
#469=ORIENTED_EDGE('',*,*,#670,.F.);
#470=ORIENTED_EDGE('',*,*,#715,.F.);
#471=ORIENTED_EDGE('',*,*,#698,.F.);
#472=ORIENTED_EDGE('',*,*,#708,.T.);
#473=ORIENTED_EDGE('',*,*,#699,.F.);
#474=ORIENTED_EDGE('',*,*,#716,.F.);
#475=ORIENTED_EDGE('',*,*,#632,.F.);
#476=ORIENTED_EDGE('',*,*,#685,.F.);
#477=ORIENTED_EDGE('',*,*,#709,.T.);
#478=ORIENTED_EDGE('',*,*,#717,.F.);
#479=ORIENTED_EDGE('',*,*,#710,.T.);
#480=ORIENTED_EDGE('',*,*,#683,.F.);
#481=ORIENTED_EDGE('',*,*,#718,.F.);
#482=ORIENTED_EDGE('',*,*,#659,.F.);
#483=ORIENTED_EDGE('',*,*,#711,.T.);
#484=ORIENTED_EDGE('',*,*,#662,.F.);
#485=ORIENTED_EDGE('',*,*,#719,.F.);
#486=ORIENTED_EDGE('',*,*,#674,.F.);
#487=ORIENTED_EDGE('',*,*,#713,.T.);
#488=ORIENTED_EDGE('',*,*,#648,.F.);
#489=ORIENTED_EDGE('',*,*,#720,.F.);
#490=ORIENTED_EDGE('',*,*,#667,.F.);
#491=ORIENTED_EDGE('',*,*,#716,.T.);
#492=ORIENTED_EDGE('',*,*,#715,.T.);
#493=ORIENTED_EDGE('',*,*,#721,.F.);
#494=ORIENTED_EDGE('',*,*,#717,.T.);
#495=ORIENTED_EDGE('',*,*,#630,.F.);
#496=ORIENTED_EDGE('',*,*,#722,.F.);
#497=ORIENTED_EDGE('',*,*,#680,.F.);
#498=ORIENTED_EDGE('',*,*,#723,.F.);
#499=ORIENTED_EDGE('',*,*,#675,.F.);
#500=ORIENTED_EDGE('',*,*,#724,.F.);
#501=ORIENTED_EDGE('',*,*,#725,.F.);
#502=ORIENTED_EDGE('',*,*,#726,.F.);
#503=ORIENTED_EDGE('',*,*,#660,.F.);
#504=ORIENTED_EDGE('',*,*,#718,.T.);
#505=ORIENTED_EDGE('',*,*,#691,.F.);
#506=ORIENTED_EDGE('',*,*,#624,.T.);
#507=ORIENTED_EDGE('',*,*,#627,.F.);
#508=ORIENTED_EDGE('',*,*,#661,.F.);
#509=ORIENTED_EDGE('',*,*,#726,.T.);
#510=ORIENTED_EDGE('',*,*,#626,.F.);
#511=ORIENTED_EDGE('',*,*,#653,.F.);
#512=ORIENTED_EDGE('',*,*,#719,.T.);
#513=ORIENTED_EDGE('',*,*,#720,.T.);
#514=ORIENTED_EDGE('',*,*,#672,.F.);
#515=ORIENTED_EDGE('',*,*,#727,.F.);
#516=ORIENTED_EDGE('',*,*,#668,.F.);
#517=ORIENTED_EDGE('',*,*,#721,.T.);
#518=ORIENTED_EDGE('',*,*,#669,.F.);
#519=ORIENTED_EDGE('',*,*,#728,.F.);
#520=ORIENTED_EDGE('',*,*,#633,.F.);
#521=ORIENTED_EDGE('',*,*,#729,.F.);
#522=ORIENTED_EDGE('',*,*,#724,.T.);
#523=ORIENTED_EDGE('',*,*,#694,.F.);
#524=ORIENTED_EDGE('',*,*,#722,.T.);
#525=ORIENTED_EDGE('',*,*,#629,.F.);
#526=ORIENTED_EDGE('',*,*,#730,.F.);
#527=ORIENTED_EDGE('',*,*,#731,.F.);
#528=ORIENTED_EDGE('',*,*,#725,.T.);
#529=ORIENTED_EDGE('',*,*,#729,.T.);
#530=ORIENTED_EDGE('',*,*,#732,.F.);
#531=ORIENTED_EDGE('',*,*,#581,.F.);
#532=ORIENTED_EDGE('',*,*,#728,.T.);
#533=ORIENTED_EDGE('',*,*,#727,.T.);
#534=ORIENTED_EDGE('',*,*,#733,.F.);
#535=ORIENTED_EDGE('',*,*,#730,.T.);
#536=ORIENTED_EDGE('',*,*,#628,.F.);
#537=ORIENTED_EDGE('',*,*,#734,.F.);
#538=ORIENTED_EDGE('',*,*,#650,.F.);
#539=ORIENTED_EDGE('',*,*,#732,.T.);
#540=ORIENTED_EDGE('',*,*,#733,.T.);
#541=ORIENTED_EDGE('',*,*,#671,.F.);
#542=ORIENTED_EDGE('',*,*,#734,.T.);
#543=ORIENTED_EDGE('',*,*,#634,.F.);
#544=ORIENTED_EDGE('',*,*,#612,.T.);
#545=ORIENTED_EDGE('',*,*,#676,.F.);
#546=ORIENTED_EDGE('',*,*,#723,.T.);
#547=ORIENTED_EDGE('',*,*,#731,.T.);
#548=ORIENTED_EDGE('',*,*,#580,.F.);
#549=ORIENTED_EDGE('',*,*,#735,.F.);
#550=ORIENTED_EDGE('',*,*,#736,.T.);
#551=ORIENTED_EDGE('',*,*,#578,.T.);
#552=ORIENTED_EDGE('',*,*,#625,.F.);
#553=ORIENTED_EDGE('',*,*,#622,.F.);
#554=ORIENTED_EDGE('',*,*,#592,.T.);
#555=ORIENTED_EDGE('',*,*,#608,.F.);
#556=ORIENTED_EDGE('',*,*,#736,.F.);
#557=ORIENTED_EDGE('',*,*,#607,.T.);
#558=ORIENTED_EDGE('',*,*,#735,.T.);
#559=ORIENTED_EDGE('',*,*,#579,.F.);
#560=ORIENTED_EDGE('',*,*,#599,.T.);
#561=ORIENTED_EDGE('',*,*,#737,.F.);
#562=ORIENTED_EDGE('',*,*,#655,.T.);
#563=ORIENTED_EDGE('',*,*,#738,.T.);
#564=ORIENTED_EDGE('',*,*,#656,.F.);
#565=ORIENTED_EDGE('',*,*,#737,.T.);
#566=ORIENTED_EDGE('',*,*,#598,.F.);
#567=ORIENTED_EDGE('',*,*,#613,.T.);
#568=ORIENTED_EDGE('',*,*,#620,.F.);
#569=ORIENTED_EDGE('',*,*,#587,.F.);
#570=ORIENTED_EDGE('',*,*,#618,.F.);
#571=ORIENTED_EDGE('',*,*,#712,.T.);
#572=ORIENTED_EDGE('',*,*,#665,.T.);
#573=ORIENTED_EDGE('',*,*,#714,.T.);
#574=ORIENTED_EDGE('',*,*,#697,.F.);
#575=ORIENTED_EDGE('',*,*,#600,.T.);
#576=ORIENTED_EDGE('',*,*,#738,.F.);
#577=ORIENTED_EDGE('',*,*,#654,.T.);
#578=EDGE_CURVE('',#739,#740,#833,.T.);
#579=EDGE_CURVE('',#739,#741,#156,.F.);
#580=EDGE_CURVE('',#741,#742,#834,.T.);
#581=EDGE_CURVE('',#742,#743,#157,.F.);
#582=EDGE_CURVE('',#743,#744,#835,.T.);
#583=EDGE_CURVE('',#744,#745,#158,.T.);
#584=EDGE_CURVE('',#745,#746,#836,.T.);
#585=EDGE_CURVE('',#746,#740,#159,.F.);
#586=EDGE_CURVE('',#747,#748,#160,.F.);
#587=EDGE_CURVE('',#748,#749,#161,.T.);
#588=EDGE_CURVE('',#749,#750,#71,.F.);
#589=EDGE_CURVE('',#750,#751,#162,.T.);
#590=EDGE_CURVE('',#751,#752,#163,.F.);
#591=EDGE_CURVE('',#752,#747,#72,.T.);
#592=EDGE_CURVE('',#753,#754,#164,.T.);
#593=EDGE_CURVE('',#753,#755,#165,.T.);
#594=EDGE_CURVE('',#756,#755,#166,.F.);
#595=EDGE_CURVE('',#757,#756,#837,.T.);
#596=EDGE_CURVE('',#754,#757,#73,.F.);
#597=EDGE_CURVE('',#758,#759,#74,.T.);
#598=EDGE_CURVE('',#758,#760,#75,.T.);
#599=EDGE_CURVE('',#761,#760,#76,.T.);
#600=EDGE_CURVE('',#762,#761,#77,.T.);
#601=EDGE_CURVE('',#763,#762,#78,.T.);
#602=EDGE_CURVE('',#763,#764,#79,.F.);
#603=EDGE_CURVE('',#765,#764,#80,.F.);
#604=EDGE_CURVE('',#766,#765,#81,.F.);
#605=EDGE_CURVE('',#767,#766,#82,.F.);
#606=EDGE_CURVE('',#767,#759,#83,.F.);
#607=EDGE_CURVE('',#768,#769,#838,.T.);
#608=EDGE_CURVE('',#768,#754,#839,.T.);
#609=EDGE_CURVE('',#766,#757,#840,.F.);
#610=EDGE_CURVE('',#770,#765,#841,.T.);
#611=EDGE_CURVE('',#770,#771,#84,.F.);
#612=EDGE_CURVE('',#769,#771,#842,.T.);
#613=EDGE_CURVE('',#758,#772,#167,.T.);
#614=EDGE_CURVE('',#759,#773,#843,.T.);
#615=EDGE_CURVE('',#773,#774,#26,.F.);
#616=EDGE_CURVE('',#774,#772,#85,.T.);
#617=EDGE_CURVE('',#775,#776,#168,.T.);
#618=EDGE_CURVE('',#775,#748,#86,.F.);
#619=EDGE_CURVE('',#747,#776,#87,.T.);
#620=EDGE_CURVE('',#749,#772,#844,.T.);
#621=EDGE_CURVE('',#774,#750,#88,.F.);
#622=EDGE_CURVE('',#753,#777,#89,.F.);
#623=EDGE_CURVE('',#778,#777,#169,.T.);
#624=EDGE_CURVE('',#755,#778,#90,.T.);
#625=EDGE_CURVE('',#777,#740,#91,.F.);
#626=EDGE_CURVE('',#746,#779,#92,.T.);
#627=EDGE_CURVE('',#779,#778,#845,.T.);
#628=EDGE_CURVE('',#780,#781,#846,.T.);
#629=EDGE_CURVE('',#781,#782,#27,.F.);
#630=EDGE_CURVE('',#782,#783,#170,.F.);
#631=EDGE_CURVE('',#783,#784,#93,.F.);
#632=EDGE_CURVE('',#784,#785,#28,.F.);
#633=EDGE_CURVE('',#785,#786,#171,.F.);
#634=EDGE_CURVE('',#786,#780,#172,.T.);
#635=EDGE_CURVE('',#787,#788,#94,.T.);
#636=EDGE_CURVE('',#789,#787,#847,.T.);
#637=EDGE_CURVE('',#789,#744,#95,.T.);
#638=EDGE_CURVE('',#788,#744,#848,.T.);
#639=EDGE_CURVE('',#790,#789,#173,.T.);
#640=EDGE_CURVE('',#790,#745,#96,.T.);
#641=EDGE_CURVE('',#791,#790,#849,.T.);
#642=EDGE_CURVE('',#791,#792,#97,.T.);
#643=EDGE_CURVE('',#745,#792,#850,.T.);
#644=EDGE_CURVE('',#776,#791,#174,.T.);
#645=EDGE_CURVE('',#776,#793,#98,.F.);
#646=EDGE_CURVE('',#792,#793,#175,.F.);
#647=EDGE_CURVE('',#794,#788,#176,.F.);
#648=EDGE_CURVE('',#794,#795,#99,.F.);
#649=EDGE_CURVE('',#787,#795,#177,.T.);
#650=EDGE_CURVE('',#743,#796,#851,.T.);
#651=EDGE_CURVE('',#788,#796,#852,.T.);
#652=EDGE_CURVE('',#797,#792,#853,.T.);
#653=EDGE_CURVE('',#797,#746,#854,.T.);
#654=EDGE_CURVE('',#798,#799,#178,.T.);
#655=EDGE_CURVE('',#800,#798,#179,.T.);
#656=EDGE_CURVE('',#800,#775,#180,.T.);
#657=EDGE_CURVE('',#795,#799,#181,.T.);
#658=EDGE_CURVE('',#801,#802,#100,.F.);
#659=EDGE_CURVE('',#802,#803,#182,.T.);
#660=EDGE_CURVE('',#803,#804,#29,.F.);
#661=EDGE_CURVE('',#804,#805,#855,.T.);
#662=EDGE_CURVE('',#805,#806,#183,.F.);
#663=EDGE_CURVE('',#806,#807,#184,.F.);
#664=EDGE_CURVE('',#807,#801,#30,.F.);
#665=EDGE_CURVE('',#808,#809,#185,.T.);
#666=EDGE_CURVE('',#808,#810,#186,.F.);
#667=EDGE_CURVE('',#810,#811,#101,.T.);
#668=EDGE_CURVE('',#811,#812,#187,.T.);
#669=EDGE_CURVE('',#812,#813,#188,.T.);
#670=EDGE_CURVE('',#813,#809,#102,.F.);
#671=EDGE_CURVE('',#796,#814,#189,.F.);
#672=EDGE_CURVE('',#814,#794,#190,.F.);
#673=EDGE_CURVE('',#793,#815,#191,.T.);
#674=EDGE_CURVE('',#815,#797,#192,.T.);
#675=EDGE_CURVE('',#816,#817,#193,.T.);
#676=EDGE_CURVE('',#817,#771,#194,.T.);
#677=EDGE_CURVE('',#818,#770,#856,.T.);
#678=EDGE_CURVE('',#816,#818,#195,.T.);
#679=EDGE_CURVE('',#819,#820,#103,.F.);
#680=EDGE_CURVE('',#819,#821,#196,.T.);
#681=EDGE_CURVE('',#820,#821,#197,.F.);
#682=EDGE_CURVE('',#822,#823,#198,.T.);
#683=EDGE_CURVE('',#822,#824,#199,.F.);
#684=EDGE_CURVE('',#823,#824,#104,.T.);
#685=EDGE_CURVE('',#764,#819,#105,.F.);
#686=EDGE_CURVE('',#825,#820,#857,.T.);
#687=EDGE_CURVE('',#765,#825,#858,.F.);
#688=EDGE_CURVE('',#824,#767,#106,.F.);
#689=EDGE_CURVE('',#826,#766,#859,.T.);
#690=EDGE_CURVE('',#823,#826,#860,.T.);
#691=EDGE_CURVE('',#755,#822,#31,.F.);
#692=EDGE_CURVE('',#823,#756,#107,.T.);
#693=EDGE_CURVE('',#826,#757,#108,.T.);
#694=EDGE_CURVE('',#821,#816,#32,.F.);
#695=EDGE_CURVE('',#818,#820,#109,.T.);
#696=EDGE_CURVE('',#770,#825,#110,.T.);
#697=EDGE_CURVE('',#762,#827,#200,.T.);
#698=EDGE_CURVE('',#827,#828,#111,.T.);
#699=EDGE_CURVE('',#828,#829,#33,.F.);
#700=EDGE_CURVE('',#829,#763,#861,.T.);
#701=EDGE_CURVE('',#774,#807,#112,.T.);
#702=EDGE_CURVE('',#801,#773,#862,.F.);
#703=EDGE_CURVE('',#802,#767,#113,.T.);
#704=EDGE_CURVE('',#751,#806,#114,.T.);
#705=EDGE_CURVE('',#807,#750,#115,.T.);
#706=EDGE_CURVE('',#815,#751,#116,.T.);
#707=EDGE_CURVE('',#752,#793,#117,.T.);
#708=EDGE_CURVE('',#784,#829,#863,.F.);
#709=EDGE_CURVE('',#764,#783,#118,.T.);
#710=EDGE_CURVE('',#802,#824,#119,.T.);
#711=EDGE_CURVE('',#815,#806,#120,.F.);
#712=EDGE_CURVE('',#799,#808,#121,.F.);
#713=EDGE_CURVE('',#810,#795,#122,.T.);
#714=EDGE_CURVE('',#809,#827,#864,.T.);
#715=EDGE_CURVE('',#828,#813,#123,.T.);
#716=EDGE_CURVE('',#785,#828,#124,.T.);
#717=EDGE_CURVE('',#819,#783,#125,.T.);
#718=EDGE_CURVE('',#803,#822,#126,.T.);
#719=EDGE_CURVE('',#797,#805,#127,.T.);
#720=EDGE_CURVE('',#811,#794,#128,.T.);
#721=EDGE_CURVE('',#785,#813,#129,.F.);
#722=EDGE_CURVE('',#821,#782,#130,.T.);
#723=EDGE_CURVE('',#817,#830,#131,.F.);
#724=EDGE_CURVE('',#831,#816,#132,.T.);
#725=EDGE_CURVE('',#830,#831,#201,.T.);
#726=EDGE_CURVE('',#804,#779,#865,.T.);
#727=EDGE_CURVE('',#812,#814,#133,.T.);
#728=EDGE_CURVE('',#786,#812,#134,.T.);
#729=EDGE_CURVE('',#831,#832,#866,.T.);
#730=EDGE_CURVE('',#832,#781,#867,.F.);
#731=EDGE_CURVE('',#830,#742,#135,.F.);
#732=EDGE_CURVE('',#743,#832,#136,.T.);
#733=EDGE_CURVE('',#786,#814,#137,.F.);
#734=EDGE_CURVE('',#796,#780,#138,.T.);
#735=EDGE_CURVE('',#769,#741,#202,.T.);
#736=EDGE_CURVE('',#768,#739,#203,.T.);
#737=EDGE_CURVE('',#800,#760,#204,.T.);
#738=EDGE_CURVE('',#798,#761,#205,.T.);
#739=VERTEX_POINT('',#1544);
#740=VERTEX_POINT('',#1545);
#741=VERTEX_POINT('',#1547);
#742=VERTEX_POINT('',#1552);
#743=VERTEX_POINT('',#1554);
#744=VERTEX_POINT('',#1564);
#745=VERTEX_POINT('',#1566);
#746=VERTEX_POINT('',#1574);
#747=VERTEX_POINT('',#1578);
#748=VERTEX_POINT('',#1579);
#749=VERTEX_POINT('',#1581);
#750=VERTEX_POINT('',#1583);
#751=VERTEX_POINT('',#1585);
#752=VERTEX_POINT('',#1587);
#753=VERTEX_POINT('',#1591);
#754=VERTEX_POINT('',#1592);
#755=VERTEX_POINT('',#1594);
#756=VERTEX_POINT('',#1596);
#757=VERTEX_POINT('',#1601);
#758=VERTEX_POINT('',#1605);
#759=VERTEX_POINT('',#1606);
#760=VERTEX_POINT('',#1608);
#761=VERTEX_POINT('',#1610);
#762=VERTEX_POINT('',#1612);
#763=VERTEX_POINT('',#1614);
#764=VERTEX_POINT('',#1616);
#765=VERTEX_POINT('',#1618);
#766=VERTEX_POINT('',#1620);
#767=VERTEX_POINT('',#1622);
#768=VERTEX_POINT('',#1629);
#769=VERTEX_POINT('',#1630);
#770=VERTEX_POINT('',#1645);
#771=VERTEX_POINT('',#1647);
#772=VERTEX_POINT('',#1654);
#773=VERTEX_POINT('',#1659);
#774=VERTEX_POINT('',#1661);
#775=VERTEX_POINT('',#1665);
#776=VERTEX_POINT('',#1666);
#777=VERTEX_POINT('',#1678);
#778=VERTEX_POINT('',#1680);
#779=VERTEX_POINT('',#1685);
#780=VERTEX_POINT('',#1698);
#781=VERTEX_POINT('',#1699);
#782=VERTEX_POINT('',#1701);
#783=VERTEX_POINT('',#1703);
#784=VERTEX_POINT('',#1705);
#785=VERTEX_POINT('',#1707);
#786=VERTEX_POINT('',#1709);
#787=VERTEX_POINT('',#1727);
#788=VERTEX_POINT('',#1728);
#789=VERTEX_POINT('',#1734);
#790=VERTEX_POINT('',#1743);
#791=VERTEX_POINT('',#1765);
#792=VERTEX_POINT('',#1767);
#793=VERTEX_POINT('',#1776);
#794=VERTEX_POINT('',#1780);
#795=VERTEX_POINT('',#1782);
#796=VERTEX_POINT('',#1860);
#797=VERTEX_POINT('',#1954);
#798=VERTEX_POINT('',#1964);
#799=VERTEX_POINT('',#1965);
#800=VERTEX_POINT('',#1967);
#801=VERTEX_POINT('',#1972);
#802=VERTEX_POINT('',#1973);
#803=VERTEX_POINT('',#1975);
#804=VERTEX_POINT('',#1977);
#805=VERTEX_POINT('',#1985);
#806=VERTEX_POINT('',#1987);
#807=VERTEX_POINT('',#1989);
#808=VERTEX_POINT('',#1993);
#809=VERTEX_POINT('',#1994);
#810=VERTEX_POINT('',#1996);
#811=VERTEX_POINT('',#1998);
#812=VERTEX_POINT('',#2000);
#813=VERTEX_POINT('',#2002);
#814=VERTEX_POINT('',#2006);
#815=VERTEX_POINT('',#2010);
#816=VERTEX_POINT('',#2014);
#817=VERTEX_POINT('',#2015);
#818=VERTEX_POINT('',#2021);
#819=VERTEX_POINT('',#2025);
#820=VERTEX_POINT('',#2026);
#821=VERTEX_POINT('',#2028);
#822=VERTEX_POINT('',#2032);
#823=VERTEX_POINT('',#2033);
#824=VERTEX_POINT('',#2035);
#825=VERTEX_POINT('',#2043);
#826=VERTEX_POINT('',#2056);
#827=VERTEX_POINT('',#2125);
#828=VERTEX_POINT('',#2127);
#829=VERTEX_POINT('',#2129);
#830=VERTEX_POINT('',#2210);
#831=VERTEX_POINT('',#2212);
#832=VERTEX_POINT('',#2277);
#833=B_SPLINE_CURVE_WITH_KNOTS('',3,(#1540,#1541,#1542,#1543),.UNSPECIFIED.,.F.,.F.,(4,4),(0.,1.),.PIECEWISE_BEZIER_KNOTS.);
#834=B_SPLINE_CURVE_WITH_KNOTS('',3,(#1548,#1549,#1550,#1551),.UNSPECIFIED.,.F.,.F.,(4,4),(0.,1.),.PIECEWISE_BEZIER_KNOTS.);
#835=B_SPLINE_CURVE_WITH_KNOTS('',3,(#1555,#1556,#1557,#1558,#1559,#1560,#1561,#1562,#1563),.UNSPECIFIED.,.F.,.F.,(4,1,1,1,1,1,4),(0.000470776179598777,0.00504369605059725,0.00733015598609648,0.00961661592159572,0.011903075857095,0.0141895357925942,0.0187624556635927),.UNSPECIFIED.);
#836=B_SPLINE_CURVE_WITH_KNOTS('',3,(#1567,#1568,#1569,#1570,#1571,#1572,#1573),.UNSPECIFIED.,.F.,.F.,(4,1,1,1,4),(0.00224532033767891,0.0068509650395001,0.0114566097413213,0.0160622544431425,0.0206678991449637),.UNSPECIFIED.);
#837=B_SPLINE_CURVE_WITH_KNOTS('',3,(#1597,#1598,#1599,#1600),.UNSPECIFIED.,.F.,.F.,(4,4),(0.,0.000460657336633609),.UNSPECIFIED.);
#838=B_SPLINE_CURVE_WITH_KNOTS('',3,(#1625,#1626,#1627,#1628),.UNSPECIFIED.,.F.,.F.,(4,4),(0.00168133325801019,0.00188016887875745),.UNSPECIFIED.);
#839=B_SPLINE_CURVE_WITH_KNOTS('',3,(#1631,#1632,#1633,#1634),.UNSPECIFIED.,.F.,.F.,(4,4),(0.00217676641629399,0.00259914213516502),.UNSPECIFIED.);
#840=B_SPLINE_CURVE_WITH_KNOTS('',3,(#1635,#1636,#1637,#1638,#1639),.UNSPECIFIED.,.F.,.F.,(4,1,4),(0.,0.000929605992219772,0.00185921198443954),.UNSPECIFIED.);
#841=B_SPLINE_CURVE_WITH_KNOTS('',3,(#1640,#1641,#1642,#1643,#1644),.UNSPECIFIED.,.F.,.F.,(4,1,4),(0.,0.000929605992219772,0.00185921198443954),.UNSPECIFIED.);
#842=B_SPLINE_CURVE_WITH_KNOTS('',3,(#1648,#1649,#1650,#1651),.UNSPECIFIED.,.F.,.F.,(4,4),(0.00217676641629654,0.00259914213516757),.UNSPECIFIED.);
#843=B_SPLINE_CURVE_WITH_KNOTS('',3,(#1655,#1656,#1657,#1658),.UNSPECIFIED.,.F.,.F.,(4,4),(0.,0.000196210377794893),.UNSPECIFIED.);
#844=B_SPLINE_CURVE_WITH_KNOTS('',3,(#1670,#1671,#1672,#1673,#1674),.UNSPECIFIED.,.F.,.F.,(4,1,4),(0.00512199060104152,0.00590317057310451,0.00668435054516751),.UNSPECIFIED.);
#845=B_SPLINE_CURVE_WITH_KNOTS('',3,(#1686,#1687,#1688,#1689),.UNSPECIFIED.,.F.,.F.,(4,4),(2.24550102973363E-07,0.00125310989389552),.UNSPECIFIED.);
#846=B_SPLINE_CURVE_WITH_KNOTS('',3,(#1691,#1692,#1693,#1694,#1695,#1696,#1697),.UNSPECIFIED.,.F.,.F.,(4,1,1,1,4),(0.,0.0018347635647588,0.00366952712951759,0.00550429069427639,0.00733905425903519),.UNSPECIFIED.);
#847=B_SPLINE_CURVE_WITH_KNOTS('',3,(#1729,#1730,#1731,#1732,#1733),.UNSPECIFIED.,.F.,.F.,(4,1,4),(0.,0.00235460509533985,0.00470921019067969),.UNSPECIFIED.);
#848=B_SPLINE_CURVE_WITH_KNOTS('',3,(#1736,#1737,#1738,#1739,#1740),.UNSPECIFIED.,.F.,.F.,(4,1,4),(0.,0.00394284620849122,0.00788569241698245),.UNSPECIFIED.);
#849=B_SPLINE_CURVE_WITH_KNOTS('',3,(#1760,#1761,#1762,#1763,#1764),.UNSPECIFIED.,.F.,.F.,(4,1,4),(0.,0.00237251815083296,0.00474503630166592),.UNSPECIFIED.);
#850=B_SPLINE_CURVE_WITH_KNOTS('',3,(#1768,#1769,#1770,#1771,#1772),.UNSPECIFIED.,.F.,.F.,(4,1,4),(0.,0.00391325804838101,0.00782651609676201),.UNSPECIFIED.);
#851=B_SPLINE_CURVE_WITH_KNOTS('',3,(#1853,#1854,#1855,#1856,#1857,#1858,#1859),.UNSPECIFIED.,.F.,.F.,(4,1,1,1,4),(1.22851206034052E-16,0.00220591063930623,0.00441182127861234,0.00661773191791845,0.00882364255722456),.UNSPECIFIED.);
#852=B_SPLINE_CURVE_WITH_KNOTS('',3,(#1861,#1862,#1863,#1864,#1865,#1866,#1867,#1868,#1869),.UNSPECIFIED.,.F.,.F.,(4,1,1,1,1,1,4),(0.00200214436508302,0.0055799576026723,0.00736886422146693,0.00915777084026157,0.0127355840778508,0.0145244906966455,0.0163133973154401),.UNSPECIFIED.);
#853=B_SPLINE_CURVE_WITH_KNOTS('',3,(#1942,#1943,#1944,#1945,#1946,#1947,#1948,#1949,#1950,#1951,#1952,#1953),.UNSPECIFIED.,.F.,.F.,(4,1,1,1,1,1,1,1,1,4),(0.00134770208741152,0.00310978361228803,0.00399082437472629,0.00487186513716454,0.00663394666204105,0.00839602818691756,0.0101581097117941,0.0119201912366706,0.0136822727615471,0.0154443542864236),.UNSPECIFIED.);
#854=B_SPLINE_CURVE_WITH_KNOTS('',3,(#1955,#1956,#1957,#1958,#1959,#1960,#1961),.UNSPECIFIED.,.F.,.F.,(4,1,1,1,4),(0.,0.0021960423748506,0.00439208474970121,0.00658812712455181,0.00878416949940241),.UNSPECIFIED.);
#855=B_SPLINE_CURVE_WITH_KNOTS('',3,(#1978,#1979,#1980,#1981,#1982,#1983,#1984),.UNSPECIFIED.,.F.,.F.,(4,1,1,1,4),(4.91944254782126E-05,0.00188646919077788,0.00372374395607755,0.00556101872137722,0.00739829348667688),.UNSPECIFIED.);
#856=B_SPLINE_CURVE_WITH_KNOTS('',3,(#2017,#2018,#2019,#2020),.UNSPECIFIED.,.F.,.F.,(4,4),(0.,0.000460657336633609),.UNSPECIFIED.);
#857=B_SPLINE_CURVE_WITH_KNOTS('',3,(#2039,#2040,#2041,#2042),.UNSPECIFIED.,.F.,.F.,(4,4),(0.,0.000366698894537945),.UNSPECIFIED.);
#858=B_SPLINE_CURVE_WITH_KNOTS('',3,(#2044,#2045,#2046,#2047,#2048),.UNSPECIFIED.,.F.,.F.,(4,1,4),(0.,0.000942316864331321,0.00188463372866264),.UNSPECIFIED.);
#859=B_SPLINE_CURVE_WITH_KNOTS('',3,(#2051,#2052,#2053,#2054,#2055),.UNSPECIFIED.,.F.,.F.,(4,1,4),(0.,0.000942316864331323,0.00188463372866265),.UNSPECIFIED.);
#860=B_SPLINE_CURVE_WITH_KNOTS('',3,(#2057,#2058,#2059,#2060),.UNSPECIFIED.,.F.,.F.,(4,4),(9.26342742239755E-19,0.000366698894537939),.UNSPECIFIED.);
#861=B_SPLINE_CURVE_WITH_KNOTS('',3,(#2130,#2131,#2132,#2133),.UNSPECIFIED.,.F.,.F.,(4,4),(0.,0.000195585555495893),.UNSPECIFIED.);
#862=B_SPLINE_CURVE_WITH_KNOTS('',3,(#2147,#2148,#2149,#2150,#2151),.UNSPECIFIED.,.F.,.F.,(4,1,4),(8.94056015336375E-19,0.00104452498971605,0.00208904997943211),.UNSPECIFIED.);
#863=B_SPLINE_CURVE_WITH_KNOTS('',3,(#2163,#2164,#2165,#2166,#2167),.UNSPECIFIED.,.F.,.F.,(4,1,4),(0.,0.00104452498971605,0.0020890499794321),.UNSPECIFIED.);
#864=B_SPLINE_CURVE_WITH_KNOTS('',3,(#2177,#2178,#2179,#2180,#2181),.UNSPECIFIED.,.F.,.F.,(4,1,4),(0.00512199060104151,0.00590317057310451,0.00668435054516751),.UNSPECIFIED.);
#865=B_SPLINE_CURVE_WITH_KNOTS('',3,(#2229,#2230,#2231,#2232),.UNSPECIFIED.,.F.,.F.,(4,4),(-6.86604795974914E-06,4.97456561069097E-05),.UNSPECIFIED.);
#866=B_SPLINE_CURVE_WITH_KNOTS('',3,(#2273,#2274,#2275,#2276),.UNSPECIFIED.,.F.,.F.,(4,4),(1.97106585909049E-07,0.00125619932765466),.UNSPECIFIED.);
#867=B_SPLINE_CURVE_WITH_KNOTS('',3,(#2278,#2279,#2280,#2281),.UNSPECIFIED.,.F.,.F.,(4,4),(-6.86604795967266E-06,4.97373453285217E-05),.UNSPECIFIED.);
#868=EDGE_LOOP('',(#256,#257,#258,#259,#260,#261,#262,#263));
#869=EDGE_LOOP('',(#264,#265,#266,#267,#268,#269));
#870=EDGE_LOOP('',(#270,#271,#272,#273,#274));
#871=EDGE_LOOP('',(#275,#276,#277,#278,#279,#280,#281,#282,#283,#284));
#872=EDGE_LOOP('',(#285,#286,#287,#288,#289,#290,#291,#292));
#873=EDGE_LOOP('',(#293,#294,#295,#296,#297));
#874=EDGE_LOOP('',(#298,#299,#300,#301));
#875=EDGE_LOOP('',(#302,#303,#304,#305));
#876=EDGE_LOOP('',(#306,#307,#308,#309));
#877=EDGE_LOOP('',(#310,#311,#312,#313,#314));
#878=EDGE_LOOP('',(#315,#316,#317,#318,#319,#320,#321));
#879=EDGE_LOOP('',(#322,#323,#324,#325));
#880=EDGE_LOOP('',(#326,#327,#328,#329));
#881=EDGE_LOOP('',(#330,#331,#332,#333));
#882=EDGE_LOOP('',(#334,#335,#336,#337));
#883=EDGE_LOOP('',(#338,#339,#340,#341));
#884=EDGE_LOOP('',(#342,#343,#344,#345));
#885=EDGE_LOOP('',(#346,#347,#348,#349));
#886=EDGE_LOOP('',(#350,#351,#352,#353,#354,#355,#356,#357,#358,#359));
#887=EDGE_LOOP('',(#360,#361,#362,#363,#364,#365,#366));
#888=EDGE_LOOP('',(#367,#368,#369,#370,#371,#372));
#889=EDGE_LOOP('',(#373,#374,#375,#376));
#890=EDGE_LOOP('',(#377,#378,#379,#380));
#891=EDGE_LOOP('',(#381,#382,#383,#384,#385));
#892=EDGE_LOOP('',(#386,#387,#388));
#893=EDGE_LOOP('',(#389,#390,#391));
#894=EDGE_LOOP('',(#392,#393,#394,#395,#396));
#895=EDGE_LOOP('',(#397,#398,#399,#400,#401));
#896=EDGE_LOOP('',(#402,#403,#404,#405));
#897=EDGE_LOOP('',(#406,#407,#408,#409));
#898=EDGE_LOOP('',(#410,#411,#412));
#899=EDGE_LOOP('',(#413,#414,#415,#416));
#900=EDGE_LOOP('',(#417,#418,#419,#420));
#901=EDGE_LOOP('',(#421,#422,#423));
#902=EDGE_LOOP('',(#424,#425,#426,#427,#428));
#903=EDGE_LOOP('',(#429,#430,#431,#432));
#904=EDGE_LOOP('',(#433,#434,#435,#436,#437));
#905=EDGE_LOOP('',(#438,#439,#440,#441));
#906=EDGE_LOOP('',(#442,#443,#444,#445));
#907=EDGE_LOOP('',(#446,#447,#448,#449));
#908=EDGE_LOOP('',(#450,#451,#452));
#909=EDGE_LOOP('',(#453,#454,#455,#456,#457));
#910=EDGE_LOOP('',(#458,#459,#460));
#911=EDGE_LOOP('',(#461,#462,#463));
#912=EDGE_LOOP('',(#464,#465,#466,#467));
#913=EDGE_LOOP('',(#468,#469,#470,#471));
#914=EDGE_LOOP('',(#472,#473,#474,#475));
#915=EDGE_LOOP('',(#476,#477,#478));
#916=EDGE_LOOP('',(#479,#480,#481,#482));
#917=EDGE_LOOP('',(#483,#484,#485,#486));
#918=EDGE_LOOP('',(#487,#488,#489,#490));
#919=EDGE_LOOP('',(#491,#492,#493));
#920=EDGE_LOOP('',(#494,#495,#496,#497));
#921=EDGE_LOOP('',(#498,#499,#500,#501));
#922=EDGE_LOOP('',(#502,#503,#504,#505,#506,#507));
#923=EDGE_LOOP('',(#508,#509,#510,#511,#512));
#924=EDGE_LOOP('',(#513,#514,#515,#516));
#925=EDGE_LOOP('',(#517,#518,#519,#520));
#926=EDGE_LOOP('',(#521,#522,#523,#524,#525,#526));
#927=EDGE_LOOP('',(#527,#528,#529,#530,#531));
#928=EDGE_LOOP('',(#532,#533,#534));
#929=EDGE_LOOP('',(#535,#536,#537,#538,#539));
#930=EDGE_LOOP('',(#540,#541,#542,#543));
#931=EDGE_LOOP('',(#544,#545,#546,#547,#548,#549));
#932=EDGE_LOOP('',(#550,#551,#552,#553,#554,#555));
#933=EDGE_LOOP('',(#556,#557,#558,#559));
#934=EDGE_LOOP('',(#560,#561,#562,#563));
#935=EDGE_LOOP('',(#564,#565,#566,#567,#568,#569,#570));
#936=EDGE_LOOP('',(#571,#572,#573,#574,#575,#576,#577));
#937=FACE_BOUND('',#868,.T.);
#938=FACE_BOUND('',#869,.T.);
#939=FACE_BOUND('',#870,.T.);
#940=FACE_BOUND('',#871,.T.);
#941=FACE_BOUND('',#872,.T.);
#942=FACE_BOUND('',#873,.T.);
#943=FACE_BOUND('',#874,.T.);
#944=FACE_BOUND('',#875,.T.);
#945=FACE_BOUND('',#876,.T.);
#946=FACE_BOUND('',#877,.T.);
#947=FACE_BOUND('',#878,.T.);
#948=FACE_BOUND('',#879,.T.);
#949=FACE_BOUND('',#880,.T.);
#950=FACE_BOUND('',#881,.T.);
#951=FACE_BOUND('',#882,.T.);
#952=FACE_BOUND('',#883,.T.);
#953=FACE_BOUND('',#884,.T.);
#954=FACE_BOUND('',#885,.T.);
#955=FACE_BOUND('',#886,.T.);
#956=FACE_BOUND('',#887,.T.);
#957=FACE_BOUND('',#888,.T.);
#958=FACE_BOUND('',#889,.T.);
#959=FACE_BOUND('',#890,.T.);
#960=FACE_BOUND('',#891,.T.);
#961=FACE_BOUND('',#892,.T.);
#962=FACE_BOUND('',#893,.T.);
#963=FACE_BOUND('',#894,.T.);
#964=FACE_BOUND('',#895,.T.);
#965=FACE_BOUND('',#896,.T.);
#966=FACE_BOUND('',#897,.T.);
#967=FACE_BOUND('',#898,.T.);
#968=FACE_BOUND('',#899,.T.);
#969=FACE_BOUND('',#900,.T.);
#970=FACE_BOUND('',#901,.T.);
#971=FACE_BOUND('',#902,.T.);
#972=FACE_BOUND('',#903,.T.);
#973=FACE_BOUND('',#904,.T.);
#974=FACE_BOUND('',#905,.T.);
#975=FACE_BOUND('',#906,.T.);
#976=FACE_BOUND('',#907,.T.);
#977=FACE_BOUND('',#908,.T.);
#978=FACE_BOUND('',#909,.T.);
#979=FACE_BOUND('',#910,.T.);
#980=FACE_BOUND('',#911,.T.);
#981=FACE_BOUND('',#912,.T.);
#982=FACE_BOUND('',#913,.T.);
#983=FACE_BOUND('',#914,.T.);
#984=FACE_BOUND('',#915,.T.);
#985=FACE_BOUND('',#916,.T.);
#986=FACE_BOUND('',#917,.T.);
#987=FACE_BOUND('',#918,.T.);
#988=FACE_BOUND('',#919,.T.);
#989=FACE_BOUND('',#920,.T.);
#990=FACE_BOUND('',#921,.T.);
#991=FACE_BOUND('',#922,.T.);
#992=FACE_BOUND('',#923,.T.);
#993=FACE_BOUND('',#924,.T.);
#994=FACE_BOUND('',#925,.T.);
#995=FACE_BOUND('',#926,.T.);
#996=FACE_BOUND('',#927,.T.);
#997=FACE_BOUND('',#928,.T.);
#998=FACE_BOUND('',#929,.T.);
#999=FACE_BOUND('',#930,.T.);
#1000=FACE_BOUND('',#931,.T.);
#1001=FACE_BOUND('',#932,.T.);
#1002=FACE_BOUND('',#933,.T.);
#1003=FACE_BOUND('',#934,.T.);
#1004=FACE_BOUND('',#935,.T.);
#1005=FACE_BOUND('',#936,.T.);
#1006=B_SPLINE_SURFACE_WITH_KNOTS('',3,1,((#1532,#1533),(#1534,#1535),(#1536,
#1537),(#1538,#1539)),.SURF_OF_LINEAR_EXTRUSION.,.F.,.F.,.F.,(4,4),(2,2),(0.0728522069871596,0.965434109695159),(0.,1.),.PIECEWISE_BEZIER_KNOTS.);
#1007=ADVANCED_FACE('',(#937),#1006,.F.);
#1008=ADVANCED_FACE('',(#938),#139,.T.);
#1009=ADVANCED_FACE('',(#939),#140,.F.);
#1010=ADVANCED_FACE('',(#940),#64,.F.);
#1011=ADVANCED_FACE('',(#941),#55,.T.);
#1012=ADVANCED_FACE('',(#942),#34,.F.);
#1013=ADVANCED_FACE('',(#943),#35,.T.);
#1014=ADVANCED_FACE('',(#944),#56,.T.);
#1015=ADVANCED_FACE('',(#945),#36,.T.);
#1016=ADVANCED_FACE('',(#946),#37,.T.);
#1017=ADVANCED_FACE('',(#947),#141,.T.);
#1018=ADVANCED_FACE('',(#948),#12,.T.);
#1019=ADVANCED_FACE('',(#949),#38,.T.);
#1020=ADVANCED_FACE('',(#950),#13,.T.);
#1021=ADVANCED_FACE('',(#951),#39,.T.);
#1022=ADVANCED_FACE('',(#952),#40,.T.);
#1023=ADVANCED_FACE('',(#953),#14,.T.);
#1024=ADVANCED_FACE('',(#954),#15,.T.);
#1025=ADVANCED_FACE('',(#955),#142,.T.);
#1026=ADVANCED_FACE('',(#956),#143,.T.);
#1027=ADVANCED_FACE('',(#957),#144,.T.);
#1028=ADVANCED_FACE('',(#958),#145,.T.);
#1029=ADVANCED_FACE('',(#959),#146,.F.);
#1030=ADVANCED_FACE('',(#960),#147,.F.);
#1031=ADVANCED_FACE('',(#961),#148,.F.);
#1032=ADVANCED_FACE('',(#962),#149,.T.);
#1033=ADVANCED_FACE('',(#963),#57,.T.);
#1034=ADVANCED_FACE('',(#964),#58,.T.);
#1035=ADVANCED_FACE('',(#965),#41,.F.);
#1036=ADVANCED_FACE('',(#966),#16,.F.);
#1037=ADVANCED_FACE('',(#967),#17,.F.);
#1038=ADVANCED_FACE('',(#968),#42,.F.);
#1039=ADVANCED_FACE('',(#969),#18,.F.);
#1040=ADVANCED_FACE('',(#970),#19,.F.);
#1041=ADVANCED_FACE('',(#971),#43,.F.);
#1042=ADVANCED_FACE('',(#972),#20,.T.);
#1043=ADVANCED_FACE('',(#973),#59,.T.);
#1044=ADVANCED_FACE('',(#974),#44,.T.);
#1045=ADVANCED_FACE('',(#975),#45,.T.);
#1046=ADVANCED_FACE('',(#976),#60,.T.);
#1047=ADVANCED_FACE('',(#977),#65,.T.);
#1048=ADVANCED_FACE('',(#978),#61,.T.);
#1049=ADVANCED_FACE('',(#979),#66,.T.);
#1050=ADVANCED_FACE('',(#980),#67,.T.);
#1051=ADVANCED_FACE('',(#981),#46,.T.);
#1052=ADVANCED_FACE('',(#982),#62,.T.);
#1053=ADVANCED_FACE('',(#983),#21,.T.);
#1054=ADVANCED_FACE('',(#984),#68,.T.);
#1055=ADVANCED_FACE('',(#985),#47,.T.);
#1056=ADVANCED_FACE('',(#986),#48,.T.);
#1057=ADVANCED_FACE('',(#987),#63,.T.);
#1058=ADVANCED_FACE('',(#988),#69,.T.);
#1059=ADVANCED_FACE('',(#989),#49,.T.);
#1060=ADVANCED_FACE('',(#990),#50,.T.);
#1061=ADVANCED_FACE('',(#991),#22,.T.);
#1062=ADVANCED_FACE('',(#992),#23,.T.);
#1063=ADVANCED_FACE('',(#993),#51,.T.);
#1064=ADVANCED_FACE('',(#994),#52,.T.);
#1065=ADVANCED_FACE('',(#995),#24,.T.);
#1066=ADVANCED_FACE('',(#996),#53,.T.);
#1067=ADVANCED_FACE('',(#997),#70,.T.);
#1068=ADVANCED_FACE('',(#998),#25,.T.);
#1069=ADVANCED_FACE('',(#999),#54,.T.);
#1070=ADVANCED_FACE('',(#1000),#150,.F.);
#1071=ADVANCED_FACE('',(#1001),#151,.T.);
#1072=ADVANCED_FACE('',(#1002),#152,.F.);
#1073=ADVANCED_FACE('',(#1003),#153,.F.);
#1074=ADVANCED_FACE('',(#1004),#154,.T.);
#1075=ADVANCED_FACE('',(#1005),#155,.F.);
#1076=CLOSED_SHELL('',(#1007,#1008,#1009,#1010,#1011,#1012,#1013,#1014,#1015,#1016,#1017,#1018,#1019,#1020,#1021,#1022,#1023,#1024,#1025,#1026,#1027,#1028,#1029,#1030,#1031,#1032,#1033,#1034,#1035,#1036,#1037,#1038,#1039,#1040,#1041,#1042,#1043,#1044,#1045,#1046,#1047,#1048,#1049,#1050,#1051,#1052,#1053,#1054,#1055,#1056,#1057,#1058,#1059,#1060,#1061,#1062,#1063,#1064,#1065,#1066,#1067,#1068,#1069,#1070,#1071,#1072,#1073,#1074,#1075));
#1077=STYLED_ITEM('',(#1078),#1085);
#1078=PRESENTATION_STYLE_ASSIGNMENT((#1079));
#1079=SURFACE_STYLE_USAGE(.BOTH.,#1080);
#1080=SURFACE_SIDE_STYLE('',(#1081));
#1081=SURFACE_STYLE_FILL_AREA(#1082);
#1082=FILL_AREA_STYLE('',(#1083));
#1083=FILL_AREA_STYLE_COLOUR('',#1084);
#1084=COLOUR_RGB('',0.992156862745098,0.847058823529412,0.207843137254902);
#1085=MANIFOLD_SOLID_BREP('test_phalanx',#1076);
#1086=SHAPE_DEFINITION_REPRESENTATION(#2326,#1087);
#1087=SHAPE_REPRESENTATION('test_phalanx',(#1088),#2321);
#1088=AXIS2_PLACEMENT_3D('',#1531,#1219,#1220);
#1089=AXIS2_PLACEMENT_3D('',#1576,#1225,#1226);
#1090=AXIS2_PLACEMENT_3D('',#1582,#1229,#1230);
#1091=AXIS2_PLACEMENT_3D('',#1588,#1233,#1234);
#1092=AXIS2_PLACEMENT_3D('',#1589,#1235,#1236);
#1093=AXIS2_PLACEMENT_3D('',#1602,#1240,#1241);
#1094=AXIS2_PLACEMENT_3D('',#1603,#1242,#1243);
#1095=AXIS2_PLACEMENT_3D('',#1604,#1244,#1245);
#1096=AXIS2_PLACEMENT_3D('',#1607,#1246,#1247);
#1097=AXIS2_PLACEMENT_3D('',#1609,#1248,#1249);
#1098=AXIS2_PLACEMENT_3D('',#1611,#1250,#1251);
#1099=AXIS2_PLACEMENT_3D('',#1613,#1252,#1253);
#1100=AXIS2_PLACEMENT_3D('',#1615,#1254,#1255);
#1101=AXIS2_PLACEMENT_3D('',#1617,#1256,#1257);
#1102=AXIS2_PLACEMENT_3D('',#1619,#1258,#1259);
#1103=AXIS2_PLACEMENT_3D('',#1621,#1260,#1261);
#1104=AXIS2_PLACEMENT_3D('',#1623,#1262,#1263);
#1105=AXIS2_PLACEMENT_3D('',#1624,#1264,#1265);
#1106=AXIS2_PLACEMENT_3D('',#1646,#1266,#1267);
#1107=AXIS2_PLACEMENT_3D('',#1652,#1268,#1269);
#1108=AXIS2_PLACEMENT_3D('',#1660,#1271,#1272);
#1109=AXIS2_PLACEMENT_3D('',#1662,#1273,#1274);
#1110=AXIS2_PLACEMENT_3D('',#1663,#1275,#1276);
#1111=AXIS2_PLACEMENT_3D('',#1667,#1278,#1279);
#1112=AXIS2_PLACEMENT_3D('',#1668,#1280,#1281);
#1113=AXIS2_PLACEMENT_3D('',#1669,#1282,#1283);
#1114=AXIS2_PLACEMENT_3D('',#1675,#1284,#1285);
#1115=AXIS2_PLACEMENT_3D('',#1676,#1286,#1287);
#1116=AXIS2_PLACEMENT_3D('',#1677,#1288,#1289);
#1117=AXIS2_PLACEMENT_3D('',#1681,#1291,#1292);
#1118=AXIS2_PLACEMENT_3D('',#1682,#1293,#1294);
#1119=AXIS2_PLACEMENT_3D('',#1683,#1295,#1296);
#1120=AXIS2_PLACEMENT_3D('',#1684,#1297,#1298);
#1121=AXIS2_PLACEMENT_3D('',#1690,#1299,#1300);
#1122=AXIS2_PLACEMENT_3D('',#1700,#1301,#1302);
#1123=AXIS2_PLACEMENT_3D('',#1704,#1304,#1305);
#1124=AXIS2_PLACEMENT_3D('',#1706,#1306,#1307);
#1125=AXIS2_PLACEMENT_3D('',#1726,#1310,#1311);
#1126=AXIS2_PLACEMENT_3D('',#1735,#1312,#1313);
#1127=AXIS2_PLACEMENT_3D('',#1741,#1314,#1315);
#1128=AXIS2_PLACEMENT_3D('',#1744,#1317,#1318);
#1129=AXIS2_PLACEMENT_3D('',#1766,#1319,#1320);
#1130=AXIS2_PLACEMENT_3D('',#1773,#1321,#1322);
#1131=AXIS2_PLACEMENT_3D('',#1775,#1324,#1325);
#1132=AXIS2_PLACEMENT_3D('',#1778,#1327,#1328);
#1133=AXIS2_PLACEMENT_3D('',#1781,#1330,#1331);
#1134=AXIS2_PLACEMENT_3D('',#1962,#1333,#1334);
#1135=AXIS2_PLACEMENT_3D('',#1970,#1339,#1340);
#1136=AXIS2_PLACEMENT_3D('',#1971,#1341,#1342);
#1137=AXIS2_PLACEMENT_3D('',#1976,#1344,#1345);
#1138=AXIS2_PLACEMENT_3D('',#1990,#1348,#1349);
#1139=AXIS2_PLACEMENT_3D('',#1991,#1350,#1351);
#1140=AXIS2_PLACEMENT_3D('',#1997,#1354,#1355);
#1141=AXIS2_PLACEMENT_3D('',#2003,#1358,#1359);
#1142=AXIS2_PLACEMENT_3D('',#2004,#1360,#1361);
#1143=AXIS2_PLACEMENT_3D('',#2008,#1364,#1365);
#1144=AXIS2_PLACEMENT_3D('',#2012,#1368,#1369);
#1145=AXIS2_PLACEMENT_3D('',#2023,#1373,#1374);
#1146=AXIS2_PLACEMENT_3D('',#2024,#1375,#1376);
#1147=AXIS2_PLACEMENT_3D('',#2030,#1379,#1380);
#1148=AXIS2_PLACEMENT_3D('',#2036,#1383,#1384);
#1149=AXIS2_PLACEMENT_3D('',#2037,#1385,#1386);
#1150=AXIS2_PLACEMENT_3D('',#2038,#1387,#1388);
#1151=AXIS2_PLACEMENT_3D('',#2049,#1389,#1390);
#1152=AXIS2_PLACEMENT_3D('',#2050,#1391,#1392);
#1153=AXIS2_PLACEMENT_3D('',#2061,#1393,#1394);
#1154=AXIS2_PLACEMENT_3D('',#2062,#1395,#1396);
#1155=AXIS2_PLACEMENT_3D('',#2063,#1397,#1398);
#1156=AXIS2_PLACEMENT_3D('',#2076,#1399,#1400);
#1157=AXIS2_PLACEMENT_3D('',#2092,#1401,#1402);
#1158=AXIS2_PLACEMENT_3D('',#2093,#1403,#1404);
#1159=AXIS2_PLACEMENT_3D('',#2094,#1405,#1406);
#1160=AXIS2_PLACEMENT_3D('',#2107,#1407,#1408);
#1161=AXIS2_PLACEMENT_3D('',#2123,#1409,#1410);
#1162=AXIS2_PLACEMENT_3D('',#2126,#1412,#1413);
#1163=AXIS2_PLACEMENT_3D('',#2128,#1414,#1415);
#1164=AXIS2_PLACEMENT_3D('',#2146,#1416,#1417);
#1165=AXIS2_PLACEMENT_3D('',#2152,#1418,#1419);
#1166=AXIS2_PLACEMENT_3D('',#2153,#1420,#1421);
#1167=AXIS2_PLACEMENT_3D('',#2154,#1422,#1423);
#1168=AXIS2_PLACEMENT_3D('',#2155,#1424,#1425);
#1169=AXIS2_PLACEMENT_3D('',#2156,#1426,#1427);
#1170=AXIS2_PLACEMENT_3D('',#2157,#1428,#1429);
#1171=AXIS2_PLACEMENT_3D('',#2158,#1430,#1431);
#1172=AXIS2_PLACEMENT_3D('',#2159,#1432,#1433);
#1173=AXIS2_PLACEMENT_3D('',#2160,#1434,#1435);
#1174=AXIS2_PLACEMENT_3D('',#2161,#1436,#1437);
#1175=AXIS2_PLACEMENT_3D('',#2162,#1438,#1439);
#1176=AXIS2_PLACEMENT_3D('',#2168,#1440,#1441);
#1177=AXIS2_PLACEMENT_3D('',#2169,#1442,#1443);
#1178=AXIS2_PLACEMENT_3D('',#2170,#1444,#1445);
#1179=AXIS2_PLACEMENT_3D('',#2171,#1446,#1447);
#1180=AXIS2_PLACEMENT_3D('',#2172,#1448,#1449);
#1181=AXIS2_PLACEMENT_3D('',#2173,#1450,#1451);
#1182=AXIS2_PLACEMENT_3D('',#2174,#1452,#1453);
#1183=AXIS2_PLACEMENT_3D('',#2175,#1454,#1455);
#1184=AXIS2_PLACEMENT_3D('',#2176,#1456,#1457);
#1185=AXIS2_PLACEMENT_3D('',#2182,#1458,#1459);
#1186=AXIS2_PLACEMENT_3D('',#2195,#1460,#1461);
#1187=AXIS2_PLACEMENT_3D('',#2196,#1462,#1463);
#1188=AXIS2_PLACEMENT_3D('',#2197,#1464,#1465);
#1189=AXIS2_PLACEMENT_3D('',#2198,#1466,#1467);
#1190=AXIS2_PLACEMENT_3D('',#2199,#1468,#1469);
#1191=AXIS2_PLACEMENT_3D('',#2200,#1470,#1471);
#1192=AXIS2_PLACEMENT_3D('',#2201,#1472,#1473);
#1193=AXIS2_PLACEMENT_3D('',#2202,#1474,#1475);
#1194=AXIS2_PLACEMENT_3D('',#2203,#1476,#1477);
#1195=AXIS2_PLACEMENT_3D('',#2204,#1478,#1479);
#1196=AXIS2_PLACEMENT_3D('',#2205,#1480,#1481);
#1197=AXIS2_PLACEMENT_3D('',#2206,#1482,#1483);
#1198=AXIS2_PLACEMENT_3D('',#2207,#1484,#1485);
#1199=AXIS2_PLACEMENT_3D('',#2208,#1486,#1487);
#1200=AXIS2_PLACEMENT_3D('',#2209,#1488,#1489);
#1201=AXIS2_PLACEMENT_3D('',#2211,#1490,#1491);
#1202=AXIS2_PLACEMENT_3D('',#2254,#1493,#1494);
#1203=AXIS2_PLACEMENT_3D('',#2255,#1495,#1496);
#1204=AXIS2_PLACEMENT_3D('',#2256,#1497,#1498);
#1205=AXIS2_PLACEMENT_3D('',#2257,#1499,#1500);
#1206=AXIS2_PLACEMENT_3D('',#2282,#1501,#1502);
#1207=AXIS2_PLACEMENT_3D('',#2283,#1503,#1504);
#1208=AXIS2_PLACEMENT_3D('',#2284,#1505,#1506);
#1209=AXIS2_PLACEMENT_3D('',#2285,#1507,#1508);
#1210=AXIS2_PLACEMENT_3D('',#2286,#1509,#1510);
#1211=AXIS2_PLACEMENT_3D('',#2308,#1511,#1512);
#1212=AXIS2_PLACEMENT_3D('',#2309,#1513,#1514);
#1213=AXIS2_PLACEMENT_3D('',#2310,#1515,#1516);
#1214=AXIS2_PLACEMENT_3D('',#2312,#1518,#1519);
#1215=AXIS2_PLACEMENT_3D('',#2314,#1521,#1522);
#1216=AXIS2_PLACEMENT_3D('',#2315,#1523,#1524);
#1217=AXIS2_PLACEMENT_3D('',#2318,#1527,#1528);
#1218=AXIS2_PLACEMENT_3D('',#2319,#1529,#1530);
#1219=DIRECTION('',(0.,0.,1.));
#1220=DIRECTION('',(1.,0.,0.));
#1221=DIRECTION('',(-1.,0.,0.));
#1222=DIRECTION('',(-1.,0.,0.));
#1223=DIRECTION('',(-1.,0.,0.));
#1224=DIRECTION('',(-1.,0.,0.));
#1225=DIRECTION('',(0.,-1.,0.));
#1226=DIRECTION('',(-1.,0.,0.));
#1227=DIRECTION('',(-1.,0.,0.));
#1228=DIRECTION('',(0.,-1.28498035257541E-16,1.));
#1229=DIRECTION('',(0.,-1.,0.));
#1230=DIRECTION('',(-1.,0.,0.));
#1231=DIRECTION('',(-1.,0.,0.));
#1232=DIRECTION('',(0.,0.,1.));
#1233=DIRECTION('',(0.,-1.,0.));
#1234=DIRECTION('',(-1.,0.,0.));
#1235=DIRECTION('',(0.,0.922360778937438,0.386329643540233));
#1236=DIRECTION('',(0.,-0.386329643540233,0.922360778937438));
#1237=DIRECTION('',(0.,0.386329643540233,-0.922360778937438));
#1238=DIRECTION('',(-1.,0.,0.));
#1239=DIRECTION('',(0.,0.386329643540233,-0.922360778937438));
#1240=DIRECTION('',(0.,0.922360778937438,0.386329643540233));
#1241=DIRECTION('',(0.,-0.386329643540233,0.922360778937438));
#1242=DIRECTION('',(0.,-1.,0.));
#1243=DIRECTION('',(0.,0.,1.));
#1244=DIRECTION('',(0.,1.,0.));
#1245=DIRECTION('',(1.,0.,0.));
#1246=DIRECTION('',(1.,0.,0.));
#1247=DIRECTION('',(0.,-1.,0.));
#1248=DIRECTION('',(0.,1.,-6.42490176287707E-17));
#1249=DIRECTION('',(0.,6.42490176287707E-17,1.));
#1250=DIRECTION('',(1.,0.,0.));
#1251=DIRECTION('',(0.,-1.,0.));
#1252=DIRECTION('',(0.,1.,0.));
#1253=DIRECTION('',(1.,0.,0.));
#1254=DIRECTION('',(0.,0.739940073395944,-0.672672793996312));
#1255=DIRECTION('',(0.,0.672672793996313,0.739940073395944));
#1256=DIRECTION('',(-1.,0.,0.));
#1257=DIRECTION('',(0.,1.,0.));
#1258=DIRECTION('',(0.,-0.922360778937438,-0.386329643540233));
#1259=DIRECTION('',(0.,0.386329643540233,-0.922360778937438));
#1260=DIRECTION('',(1.,0.,0.));
#1261=DIRECTION('',(0.,-1.,0.));
#1262=DIRECTION('',(0.,0.739940073395944,-0.672672793996312));
#1263=DIRECTION('',(0.,0.672672793996313,0.739940073395944));
#1264=DIRECTION('',(0.,0.922360778937438,0.386329643540233));
#1265=DIRECTION('',(0.,-0.386329643540233,0.922360778937438));
#1266=DIRECTION('',(0.,0.922360778937438,0.386329643540233));
#1267=DIRECTION('',(0.,-0.386329643540233,0.922360778937438));
#1268=DIRECTION('',(0.,-1.,0.));
#1269=DIRECTION('',(-1.,0.,0.));
#1270=DIRECTION('',(0.,-1.,0.));
#1271=DIRECTION('',(0.,0.658721993841339,-0.752386426532065));
#1272=DIRECTION('',(0.,-0.752386426532065,-0.658721993841339));
#1273=DIRECTION('',(0.,-1.,0.));
#1274=DIRECTION('',(-1.,0.,0.));
#1275=DIRECTION('',(-1.,0.,0.));
#1276=DIRECTION('',(0.,1.,0.));
#1277=DIRECTION('',(-1.,0.,0.));
#1278=DIRECTION('',(1.,0.,0.));
#1279=DIRECTION('',(0.,-1.,0.));
#1280=DIRECTION('',(1.,0.,0.));
#1281=DIRECTION('',(0.,-1.,0.));
#1282=DIRECTION('',(0.,-1.,0.));
#1283=DIRECTION('',(-1.,0.,0.));
#1284=DIRECTION('',(0.176202678626154,0.,0.984353907923857));
#1285=DIRECTION('',(0.984353907923857,0.,-0.176202678626154));
#1286=DIRECTION('',(1.,0.,0.));
#1287=DIRECTION('',(0.,-1.,0.));
#1288=DIRECTION('',(1.,0.,0.));
#1289=DIRECTION('',(0.,-1.,0.));
#1290=DIRECTION('',(1.,0.,0.));
#1291=DIRECTION('',(-1.,0.,0.));
#1292=DIRECTION('',(0.,1.,0.));
#1293=DIRECTION('',(-1.,0.,0.));
#1294=DIRECTION('',(0.,1.,0.));
#1295=DIRECTION('',(1.,0.,0.));
#1296=DIRECTION('',(0.,-1.,0.));
#1297=DIRECTION('',(1.,5.65348936057243E-16,-2.28291316234973E-17));
#1298=DIRECTION('',(5.65348936057243E-16,-1.,0.));
#1299=DIRECTION('',(0.,-0.739940073395944,0.672672793996312));
#1300=DIRECTION('',(0.,-0.672672793996313,-0.739940073395944));
#1301=DIRECTION('',(0.,-0.739940073395944,0.672672793996312));
#1302=DIRECTION('',(0.,-0.672672793996313,-0.739940073395944));
#1303=DIRECTION('',(0.,0.672672793996313,0.739940073395944));
#1304=DIRECTION('',(0.,-0.739940073395944,0.672672793996312));
#1305=DIRECTION('',(0.,-0.672672793996313,-0.739940073395944));
#1306=DIRECTION('',(0.,-0.739940073395944,0.672672793996312));
#1307=DIRECTION('',(0.,-0.672672793996313,-0.739940073395944));
#1308=DIRECTION('',(-1.,0.,0.));
#1309=DIRECTION('',(0.,0.672672793996313,0.739940073395944));
#1310=DIRECTION('',(-8.67361737988403E-16,-1.,0.));
#1311=DIRECTION('',(-1.,8.67361737988403E-16,0.));
#1312=DIRECTION('',(1.,0.,0.));
#1313=DIRECTION('',(0.,-1.,0.));
#1314=DIRECTION('',(-1.,0.,0.));
#1315=DIRECTION('',(0.,1.,0.));
#1316=DIRECTION('',(1.,0.,0.));
#1317=DIRECTION('',(1.,-1.31067171665555E-15,0.));
#1318=DIRECTION('',(-1.31067171665555E-15,-1.,0.));
#1319=DIRECTION('',(0.,1.,0.));
#1320=DIRECTION('',(1.,0.,0.));
#1321=DIRECTION('',(0.,-1.,0.));
#1322=DIRECTION('',(-1.,0.,0.));
#1323=DIRECTION('',(0.,1.,0.));
#1324=DIRECTION('',(0.,-1.,0.));
#1325=DIRECTION('',(-1.,0.,0.));
#1326=DIRECTION('',(0.,1.,0.));
#1327=DIRECTION('',(0.,-1.,0.));
#1328=DIRECTION('',(-1.,0.,0.));
#1329=DIRECTION('',(0.,-1.,0.));
#1330=DIRECTION('',(0.,-1.,0.));
#1331=DIRECTION('',(-1.,0.,0.));
#1332=DIRECTION('',(0.,-1.,0.));
#1333=DIRECTION('',(0.,0.,-1.));
#1334=DIRECTION('',(0.,1.,0.));
#1335=DIRECTION('',(0.,-1.,0.));
#1336=DIRECTION('',(1.,0.,0.));
#1337=DIRECTION('',(0.,-1.,0.));
#1338=DIRECTION('',(-1.,0.,0.));
#1339=DIRECTION('',(0.,-0.739940073395944,0.672672793996312));
#1340=DIRECTION('',(0.,-0.672672793996313,-0.739940073395944));
#1341=DIRECTION('',(0.,-0.739940073395944,0.672672793996312));
#1342=DIRECTION('',(0.,-0.672672793996313,-0.739940073395944));
#1343=DIRECTION('',(0.,0.672672793996313,0.739940073395944));
#1344=DIRECTION('',(0.,-0.739940073395944,0.672672793996312));
#1345=DIRECTION('',(0.,0.672672793996313,0.739940073395944));
#1346=DIRECTION('',(0.,0.672672793996313,0.739940073395944));
#1347=DIRECTION('',(-1.,0.,0.));
#1348=DIRECTION('',(0.,-0.739940073395944,0.672672793996312));
#1349=DIRECTION('',(0.,-0.672672793996313,-0.739940073395944));
#1350=DIRECTION('',(0.,-1.,0.));
#1351=DIRECTION('',(-1.,0.,0.));
#1352=DIRECTION('',(0.,-1.28498035257541E-16,1.));
#1353=DIRECTION('',(-1.,0.,0.));
#1354=DIRECTION('',(0.,-1.,0.));
#1355=DIRECTION('',(-1.,0.,0.));
#1356=DIRECTION('',(0.,0.,1.));
#1357=DIRECTION('',(-1.,0.,0.));
#1358=DIRECTION('',(0.,-1.,0.));
#1359=DIRECTION('',(-1.,0.,0.));
#1360=DIRECTION('',(1.,0.,0.));
#1361=DIRECTION('',(0.,0.,-1.));
#1362=DIRECTION('',(0.,0.672672793996313,0.739940073395944));
#1363=DIRECTION('',(0.,0.,1.));
#1364=DIRECTION('',(1.,0.,0.));
#1365=DIRECTION('',(0.,0.,-1.));
#1366=DIRECTION('',(0.,0.,1.));
#1367=DIRECTION('',(0.,0.672672793996313,0.739940073395944));
#1368=DIRECTION('',(0.,0.922360778937438,0.386329643540233));
#1369=DIRECTION('',(0.,-0.386329643540233,0.922360778937438));
#1370=DIRECTION('',(-1.,0.,0.));
#1371=DIRECTION('',(0.,0.386329643540233,-0.922360778937438));
#1372=DIRECTION('',(0.,0.386329643540233,-0.922360778937438));
#1373=DIRECTION('',(1.,0.,0.));
#1374=DIRECTION('',(0.,0.,-1.));
#1375=DIRECTION('',(1.,0.,0.));
#1376=DIRECTION('',(0.,-1.,0.));
#1377=DIRECTION('',(0.,0.672672793996313,0.739940073395944));
#1378=DIRECTION('',(0.,0.386329643540233,-0.922360778937438));
#1379=DIRECTION('',(1.,0.,0.));
#1380=DIRECTION('',(0.,0.,-1.));
#1381=DIRECTION('',(0.,0.386329643540233,-0.922360778937438));
#1382=DIRECTION('',(0.,0.672672793996313,0.739940073395944));
#1383=DIRECTION('',(1.,0.,0.));
#1384=DIRECTION('',(0.,-1.,0.));
#1385=DIRECTION('',(1.,0.,0.));
#1386=DIRECTION('',(0.,-1.,0.));
#1387=DIRECTION('',(0.,-0.991059274465661,-0.133422316332755));
#1388=DIRECTION('',(0.,0.133422316332755,-0.991059274465661));
#1389=DIRECTION('',(1.,0.,0.));
#1390=DIRECTION('',(0.,-1.,0.));
#1391=DIRECTION('',(0.,-0.991059274465661,-0.133422316332755));
#1392=DIRECTION('',(0.,0.133422316332755,-0.991059274465661));
#1393=DIRECTION('',(0.,-0.386329643540233,0.922360778937438));
#1394=DIRECTION('',(0.,-0.922360778937438,-0.386329643540233));
#1395=DIRECTION('',(0.,0.975024593788919,-0.222096919174384));
#1396=DIRECTION('',(0.,0.222096919174384,0.975024593788919));
#1397=DIRECTION('',(0.,0.386329643540233,-0.922360778937438));
#1398=DIRECTION('',(0.,0.922360778937438,0.386329643540233));
#1399=DIRECTION('',(-0.20355119573873,0.378241563438318,-0.903050513759374));
#1400=DIRECTION('',(0.,0.922360778937438,0.386329643540231));
#1401=DIRECTION('',(0.,0.386329643540233,-0.922360778937438));
#1402=DIRECTION('',(0.,0.922360778937438,0.386329643540233));
#1403=DIRECTION('',(0.,0.975024593788919,-0.222096919174384));
#1404=DIRECTION('',(0.,-0.222096919174384,-0.975024593788919));
#1405=DIRECTION('',(8.37718877643741E-17,0.386329643540233,-0.922360778937438));
#1406=DIRECTION('',(0.,0.922360778937438,0.386329643540233));
#1407=DIRECTION('',(0.20355119573873,0.378241563438319,-0.903050513759374));
#1408=DIRECTION('',(0.,0.922360778937438,0.386329643540233));
#1409=DIRECTION('',(0.,-1.,0.));
#1410=DIRECTION('',(-1.,0.,0.));
#1411=DIRECTION('',(0.,-1.,0.));
#1412=DIRECTION('',(0.,-1.,0.));
#1413=DIRECTION('',(-1.,0.,0.));
#1414=DIRECTION('',(0.,0.658721993841339,-0.752386426532065));
#1415=DIRECTION('',(0.,-0.752386426532065,-0.658721993841339));
#1416=DIRECTION('',(-0.131305010382508,-0.666848804238436,-0.733533684662277));
#1417=DIRECTION('',(0.,0.739940073395943,-0.672672793996314));
#1418=DIRECTION('',(0.,-0.739940073395944,0.672672793996312));
#1419=DIRECTION('',(0.,-0.672672793996313,-0.739940073395944));
#1420=DIRECTION('',(0.689562749050019,0.487167087916126,0.535883796707739));
#1421=DIRECTION('',(0.61362465126515,0.,-0.789597864333309));
#1422=DIRECTION('',(-1.,0.,0.));
#1423=DIRECTION('',(0.,1.,0.));
#1424=DIRECTION('',(-1.,0.,0.));
#1425=DIRECTION('',(0.,1.,0.));
#1426=DIRECTION('',(1.,0.,0.));
#1427=DIRECTION('',(0.,-1.,0.));
#1428=DIRECTION('',(0.,0.,-1.));
#1429=DIRECTION('',(0.,1.,0.));
#1430=DIRECTION('',(0.,7.58941520739853E-16,1.));
#1431=DIRECTION('',(0.,-1.,7.58941520739853E-16));
#1432=DIRECTION('',(0.,0.,-1.));
#1433=DIRECTION('',(0.,1.,0.));
#1434=DIRECTION('',(0.,-1.,0.));
#1435=DIRECTION('',(-1.,0.,0.));
#1436=DIRECTION('',(0.984353907923857,-4.33680868994202E-16,-0.176202678626154));
#1437=DIRECTION('',(-0.176202678626154,0.,-0.984353907923857));
#1438=DIRECTION('',(0.,-0.739940073395944,0.672672793996312));
#1439=DIRECTION('',(0.,-0.672672793996313,-0.739940073395944));
#1440=DIRECTION('',(-0.68956274905002,0.487167087916126,0.535883796707739));
#1441=DIRECTION('',(0.61362465126515,0.,0.78959786433331));
#1442=DIRECTION('',(0.,-0.739940073395944,0.672672793996312));
#1443=DIRECTION('',(0.,-0.672672793996313,-0.739940073395944));
#1444=DIRECTION('',(1.07938369084159E-15,0.672672793996312,0.739940073395944));
#1445=DIRECTION('',(0.,-0.739940073395944,0.672672793996312));
#1446=DIRECTION('',(-1.,0.,-3.25260651745651E-16));
#1447=DIRECTION('',(-3.25260651745651E-16,0.,1.));
#1448=DIRECTION('',(3.71949785357575E-16,-0.672672793996312,-0.739940073395944));
#1449=DIRECTION('',(0.,0.739940073395944,-0.672672793996312));
#1450=DIRECTION('',(-1.,0.,0.));
#1451=DIRECTION('',(0.,1.,0.));
#1452=DIRECTION('',(1.,0.,0.));
#1453=DIRECTION('',(0.,-1.,0.));
#1454=DIRECTION('',(1.,0.,0.));
#1455=DIRECTION('',(0.,-1.,0.));
#1456=DIRECTION('',(0.,-1.,0.));
#1457=DIRECTION('',(-1.,0.,0.));
#1458=DIRECTION('',(-0.176202678626152,1.64696556522329E-15,0.984353907923857));
#1459=DIRECTION('',(0.984353907923857,0.,0.176202678626152));
#1460=DIRECTION('',(0.13130501038251,-0.666848804238435,-0.733533684662278));
#1461=DIRECTION('',(0.,0.739940073395944,-0.672672793996312));
#1462=DIRECTION('',(0.,-0.739940073395944,0.672672793996312));
#1463=DIRECTION('',(0.,-0.672672793996313,-0.739940073395944));
#1464=DIRECTION('',(-5.68864377605703E-16,0.672672793996313,0.739940073395944));
#1465=DIRECTION('',(0.,-0.739940073395944,0.672672793996313));
#1466=DIRECTION('',(0.,0.672672793996313,0.739940073395944));
#1467=DIRECTION('',(0.,-0.739940073395944,0.672672793996313));
#1468=DIRECTION('',(-3.64656652311348E-17,0.672672793996312,0.739940073395944));
#1469=DIRECTION('',(0.,-0.739940073395944,0.672672793996312));
#1470=DIRECTION('',(0.,-0.672672793996313,-0.739940073395944));
#1471=DIRECTION('',(0.,0.739940073395944,-0.672672793996313));
#1472=DIRECTION('',(0.,0.672672793996312,0.739940073395944));
#1473=DIRECTION('',(0.,-0.739940073395944,0.672672793996312));
#1474=DIRECTION('',(0.,-1.,0.));
#1475=DIRECTION('',(-1.,0.,0.));
#1476=DIRECTION('',(0.,0.,1.));
#1477=DIRECTION('',(0.,-1.,0.));
#1478=DIRECTION('',(-0.984353907923857,-4.33680868994202E-16,-0.176202678626154));
#1479=DIRECTION('',(-0.176202678626154,0.,0.984353907923857));
#1480=DIRECTION('',(-1.,0.,0.));
#1481=DIRECTION('',(0.,1.,0.));
#1482=DIRECTION('',(0.,-0.672672793996313,-0.739940073395944));
#1483=DIRECTION('',(0.,0.739940073395944,-0.672672793996313));
#1484=DIRECTION('',(0.,0.672672793996312,0.739940073395944));
#1485=DIRECTION('',(0.,-0.739940073395944,0.672672793996313));
#1486=DIRECTION('',(1.,0.,0.));
#1487=DIRECTION('',(0.,-1.,0.));
#1488=DIRECTION('',(1.,0.,0.));
#1489=DIRECTION('',(0.,-1.,0.));
#1490=DIRECTION('',(1.,0.,0.));
#1491=DIRECTION('',(0.,-1.,0.));
#1492=DIRECTION('',(1.,0.,0.));
#1493=DIRECTION('',(0.,0.,1.));
#1494=DIRECTION('',(0.,-1.,0.));
#1495=DIRECTION('',(2.16840434497101E-16,0.,1.));
#1496=DIRECTION('',(1.,0.,-2.16840434497101E-16));
#1497=DIRECTION('',(-1.,0.,0.));
#1498=DIRECTION('',(0.,1.,0.));
#1499=DIRECTION('',(1.,0.,0.));
#1500=DIRECTION('',(0.,-1.,0.));
#1501=DIRECTION('',(-1.,0.,0.));
#1502=DIRECTION('',(0.,1.,0.));
#1503=DIRECTION('',(1.,0.,0.));
#1504=DIRECTION('',(0.,-1.,0.));
#1505=DIRECTION('',(1.,0.,0.));
#1506=DIRECTION('',(0.,-1.,0.));
#1507=DIRECTION('',(1.,0.,1.0842021724855E-16));
#1508=DIRECTION('',(1.0842021724855E-16,0.,-1.));
#1509=DIRECTION('',(0.,-0.672672793996312,-0.739940073395944));
#1510=DIRECTION('',(0.,0.739940073395944,-0.672672793996312));
#1511=DIRECTION('',(0.,-0.672672793996312,-0.739940073395944));
#1512=DIRECTION('',(0.,0.739940073395944,-0.672672793996312));
#1513=DIRECTION('',(0.,0.672672793996313,0.739940073395944));
#1514=DIRECTION('',(0.,-0.739940073395944,0.672672793996313));
#1515=DIRECTION('',(1.,0.,0.));
#1516=DIRECTION('',(0.,0.,-1.));
#1517=DIRECTION('',(0.,6.42490176287707E-17,1.));
#1518=DIRECTION('',(1.,0.,0.));
#1519=DIRECTION('',(0.,0.,-1.));
#1520=DIRECTION('',(0.,6.42490176287707E-17,1.));
#1521=DIRECTION('',(0.,1.,-6.42490176287707E-17));
#1522=DIRECTION('',(0.,6.42490176287707E-17,1.));
#1523=DIRECTION('',(0.,1.,-6.42490176287707E-17));
#1524=DIRECTION('',(0.,6.42490176287707E-17,1.));
#1525=DIRECTION('',(0.,6.42490176287707E-17,1.));
#1526=DIRECTION('',(0.,6.42490176287707E-17,1.));
#1527=DIRECTION('',(1.,0.,0.));
#1528=DIRECTION('',(0.,0.,-1.));
#1529=DIRECTION('',(1.,0.,0.));
#1530=DIRECTION('',(0.,0.,-1.));
#1531=CARTESIAN_POINT('',(0.,0.,0.));
#1532=CARTESIAN_POINT('',(0.0025,0.0133685980467312,-0.00450801303650961));
#1533=CARTESIAN_POINT('',(-0.0025,0.0133685980467312,-0.00450801303650961));
#1534=CARTESIAN_POINT('',(0.0025,0.0123153371029677,0.00413313802628621));
#1535=CARTESIAN_POINT('',(-0.0025,0.0123153371029677,0.00413313802628621));
#1536=CARTESIAN_POINT('',(0.0025,0.00517786382552333,0.00657052451092837));
#1537=CARTESIAN_POINT('',(-0.0025,0.00517786382552333,0.00657052451092837));
#1538=CARTESIAN_POINT('',(0.0025,0.000974598696677167,0.0067402548964112));
#1539=CARTESIAN_POINT('',(-0.0025,0.000974598696677167,0.0067402548964112));
#1540=CARTESIAN_POINT('',(-0.0001,0.0135000000000001,-0.00675));
#1541=CARTESIAN_POINT('',(-0.0001,0.0135000000000001,0.00409502210095525));
#1542=CARTESIAN_POINT('',(-0.0001,0.00493934793439346,0.00675));
#1543=CARTESIAN_POINT('',(-0.0001,0.000500000000000119,0.00675));
#1544=CARTESIAN_POINT('',(-0.0001,0.0015,0.00670814223786403));
#1545=CARTESIAN_POINT('',(-0.0001,0.000974598696809916,0.00674025489640584));
#1546=CARTESIAN_POINT('',(0.,0.0015,0.00670814223808795));
#1547=CARTESIAN_POINT('',(0.0001,0.0015,0.00670814223786403));
#1548=CARTESIAN_POINT('',(0.0001,0.0135000000000001,-0.00675));
#1549=CARTESIAN_POINT('',(0.0001,0.0135000000000001,0.00409502210095525));
#1550=CARTESIAN_POINT('',(0.0001,0.00493934793439346,0.00675));
#1551=CARTESIAN_POINT('',(0.0001,0.000500000000000119,0.00675));
#1552=CARTESIAN_POINT('',(0.0001,0.000974598696809916,0.00674025489640584));
#1553=CARTESIAN_POINT('',(-0.0025,0.000974598696809914,0.00674025489640584));
#1554=CARTESIAN_POINT('',(0.0025,0.000974598696809919,0.00674025489640584));
#1555=CARTESIAN_POINT('',(0.0025,0.000974598696810153,0.00674025489640583));
#1556=CARTESIAN_POINT('',(0.0025,0.00250656304962549,0.00667839325022171));
#1557=CARTESIAN_POINT('',(0.0025,0.00478359428400787,0.00619390698297945));
#1558=CARTESIAN_POINT('',(0.0025,0.00753483824628716,0.00489984623170132));
#1559=CARTESIAN_POINT('',(0.0025,0.00942148239369248,0.00355054082361471));
#1560=CARTESIAN_POINT('',(0.0025,0.010979892624235,0.00188520334334033));
#1561=CARTESIAN_POINT('',(0.0025,0.0125911981528472,-0.000748891414242788));
#1562=CARTESIAN_POINT('',(0.0025,0.0131843861441338,-0.00299670390904808));
#1563=CARTESIAN_POINT('',(0.0025,0.0133685980467311,-0.00450801303650851));
#1564=CARTESIAN_POINT('',(0.0025,0.0133685980467311,-0.00450801303650851));
#1565=CARTESIAN_POINT('',(0.0025,0.0133685980467311,-0.00450801303650851));
#1566=CARTESIAN_POINT('',(-0.0025,0.0133685980467341,-0.00450801303653333));
#1567=CARTESIAN_POINT('',(-0.0025,0.0133685980467341,-0.00450801303653339));
#1568=CARTESIAN_POINT('',(-0.0025,0.0131826780945269,-0.00298269074850784));
#1569=CARTESIAN_POINT('',(-0.0025,0.0123955097916504,8.36954460564172E-06));
#1570=CARTESIAN_POINT('',(-0.0025,0.00954365359949823,0.00375828463689392));
#1571=CARTESIAN_POINT('',(-0.0025,0.00552150070822508,0.00604106571202007));
#1572=CARTESIAN_POINT('',(-0.0025,0.00250720999508347,0.00667836712617326));
#1573=CARTESIAN_POINT('',(-0.0025,0.000974598696809907,0.00674025489640584));
#1574=CARTESIAN_POINT('',(-0.0025,0.000974598696809913,0.00674025489640584));
#1575=CARTESIAN_POINT('',(-0.0025,0.000974598696809914,0.00674025489640584));
#1576=CARTESIAN_POINT('',(0.0075,-0.0045,-0.00275));
#1577=CARTESIAN_POINT('',(0.0075,-0.0045,-0.00575));
#1578=CARTESIAN_POINT('',(-0.0055,-0.0045,-0.00575));
#1579=CARTESIAN_POINT('',(-0.0001,-0.0045,-0.00575));
#1580=CARTESIAN_POINT('',(-0.0001,-0.0045,0.));
#1581=CARTESIAN_POINT('',(-0.0001,-0.0045,-0.00489897948556635));
#1582=CARTESIAN_POINT('',(0.,-0.0045,-4.59242549680257E-21));
#1583=CARTESIAN_POINT('',(-0.0048233341488269,-0.0045,0.00086339312526815));
#1584=CARTESIAN_POINT('',(0.0075,-0.0045,0.00086339312526815));
#1585=CARTESIAN_POINT('',(-0.0065,-0.0045,0.00086339312526815));
#1586=CARTESIAN_POINT('',(-0.0065,-0.0045,-0.00475));
#1587=CARTESIAN_POINT('',(-0.0065,-0.0045,-0.00475));
#1588=CARTESIAN_POINT('',(-0.0055,-0.0045,-0.00475));
#1589=CARTESIAN_POINT('',(0.0018,0.000546729410877561,0.00581295862811805));
#1590=CARTESIAN_POINT('',(-0.0001,0.000546729410877561,0.00581295862811805));
#1591=CARTESIAN_POINT('',(-0.0001,0.000509423552058632,0.00590202624582358));
#1592=CARTESIAN_POINT('',(-0.0001,0.0012594111500379,0.00411143327261434));
#1593=CARTESIAN_POINT('',(-0.0013,0.000509423552058631,0.00590202624582359));
#1594=CARTESIAN_POINT('',(-0.0013,0.000509423552058633,0.00590202624582358));
#1595=CARTESIAN_POINT('',(-0.0013,-0.00144303332032283,0.0105635107365005));
#1596=CARTESIAN_POINT('',(-0.0013,0.00119278121535332,0.00427051202694715));
#1597=CARTESIAN_POINT('',(-0.00134800547447078,0.00136977781846062,0.00384793320743098));
#1598=CARTESIAN_POINT('',(-0.00131659091382791,0.0013114028603123,0.00398730323188658));
#1599=CARTESIAN_POINT('',(-0.0013,0.00125242783900951,0.00412810590518966));
#1600=CARTESIAN_POINT('',(-0.0013,0.00119278121535332,0.00427051202694715));
#1601=CARTESIAN_POINT('',(-0.00134800547447078,0.00136977781846062,0.00384793320743098));
#1602=CARTESIAN_POINT('',(0.,0.00253649214207795,0.00106240651973564));
#1603=CARTESIAN_POINT('',(0.,0.,-2.4492935982947E-19));
#1604=CARTESIAN_POINT('',(0.,-0.000888819441731558,-4.59242549680257E-21));
#1605=CARTESIAN_POINT('',(-0.0001,-0.000888819441731558,-0.00389871773792358));
#1606=CARTESIAN_POINT('',(-0.00272196211275864,-0.000888819441731558,0.0027930131143098));
#1607=CARTESIAN_POINT('',(-0.0001,0.,-2.4492935982947E-19));
#1608=CARTESIAN_POINT('',(-0.0001,0.0015,-0.00370675059857012));
#1609=CARTESIAN_POINT('',(0.,0.0015,-3.41302886272627E-19));
#1610=CARTESIAN_POINT('',(0.0001,0.0015,-0.00370675059857012));
#1611=CARTESIAN_POINT('',(0.0001,0.,-2.4492935982947E-19));
#1612=CARTESIAN_POINT('',(0.0001,-0.000888819441731558,-0.00389871773792358));
#1613=CARTESIAN_POINT('',(0.,-0.000888819441731558,-4.59242549680257E-21));
#1614=CARTESIAN_POINT('',(0.00272196211275864,-0.000888819441731558,0.0027930131143098));
#1615=CARTESIAN_POINT('',(0.,-0.00187682622182623,0.00170620565620566));
#1616=CARTESIAN_POINT('',(0.00224,-0.000442157610809145,0.00328434112832445));
#1617=CARTESIAN_POINT('',(0.00224,0.,-2.4492935982947E-19));
#1618=CARTESIAN_POINT('',(0.00224,0.00222313897899717,0.00245765194445092));
#1619=CARTESIAN_POINT('',(0.,0.00276708233681231,0.0011589889306207));
#1620=CARTESIAN_POINT('',(-0.00224,0.00222313897899717,0.00245765194445092));
#1621=CARTESIAN_POINT('',(-0.00224,0.,-2.4492935982947E-19));
#1622=CARTESIAN_POINT('',(-0.00224,-0.000442157610809145,0.00328434112832445));
#1623=CARTESIAN_POINT('',(0.,-0.00187682622182623,0.00170620565620566));
#1624=CARTESIAN_POINT('',(0.,0.00345885292101539,0.00144873616327587));
#1625=CARTESIAN_POINT('',(-0.000100000000000001,0.0015,0.00376607730490156));
#1626=CARTESIAN_POINT('',(-3.34733626977429E-05,0.0015,0.00376736932452034));
#1627=CARTESIAN_POINT('',(3.3192713240658E-05,0.0015,0.0037673747750379));
#1628=CARTESIAN_POINT('',(9.99999999999998E-05,0.0015,0.00376607730490156));
#1629=CARTESIAN_POINT('',(-0.0001,0.0015,0.00376607730490156));
#1630=CARTESIAN_POINT('',(0.0001,0.0015,0.00376607730490156));
#1631=CARTESIAN_POINT('',(-0.0001,0.0015,0.00376607730490156));
#1632=CARTESIAN_POINT('',(-0.0001,0.00139703198359086,0.00386210183120067));
#1633=CARTESIAN_POINT('',(-0.0001,0.00131398052652838,0.00398114906210262));
#1634=CARTESIAN_POINT('',(-0.0001,0.00125941115003788,0.00411143327261433));
#1635=CARTESIAN_POINT('',(-0.00134800547447078,0.00136977781846062,0.00384793320743098));
#1636=CARTESIAN_POINT('',(-0.00147159742294033,0.00148120355573163,0.00358190461878538));
#1637=CARTESIAN_POINT('',(-0.00182020085882971,0.0017732493165539,0.00315700911763115));
#1638=CARTESIAN_POINT('',(-0.00211940435335017,0.00207495425965435,0.00270161223163169));
#1639=CARTESIAN_POINT('',(-0.00224,0.0022231389789977,0.00245765194445045));
#1640=CARTESIAN_POINT('',(0.00134800547447078,0.00136977781846062,0.00384793320743098));
#1641=CARTESIAN_POINT('',(0.00147159742294033,0.00148120355573163,0.00358190461878538));
#1642=CARTESIAN_POINT('',(0.00182020085882678,0.00177324931655663,0.00315700911763135));
#1643=CARTESIAN_POINT('',(0.00211940435335605,0.00207495425964888,0.00270161223163128));
#1644=CARTESIAN_POINT('',(0.00224,0.0022231389789977,0.00245765194445045));
#1645=CARTESIAN_POINT('',(0.00134800547447078,0.00136977781846062,0.00384793320743098));
#1646=CARTESIAN_POINT('',(0.,0.00253649214207795,0.00106240651973564));
#1647=CARTESIAN_POINT('',(0.0001,0.0012594111500379,0.00411143327261434));
#1648=CARTESIAN_POINT('',(0.0001,0.0015,0.00376607730490156));
#1649=CARTESIAN_POINT('',(0.0001,0.00139703198359087,0.00386210183120067));
#1650=CARTESIAN_POINT('',(0.0001,0.00131398052652839,0.0039811490621026));
#1651=CARTESIAN_POINT('',(0.0001,0.00125941115003788,0.00411143327261433));
#1652=CARTESIAN_POINT('',(0.,0.000500000000000007,-4.59242549680257E-21));
#1653=CARTESIAN_POINT('',(-0.0001,0.000500000000000007,-0.00389871773792358));
#1654=CARTESIAN_POINT('',(-0.0001,-0.0035000000000002,-0.00389871773792145));
#1655=CARTESIAN_POINT('',(-0.00272196211275864,-0.000888819441731558,0.0027930131143098));
#1656=CARTESIAN_POINT('',(-0.00267493893071149,-0.000888819441731558,0.00283884008135765));
#1657=CARTESIAN_POINT('',(-0.00262127850685315,-0.000903192583460862,0.00288794783847007));
#1658=CARTESIAN_POINT('',(-0.00259390493510213,-0.000958467045746879,0.00291232848210034));
#1659=CARTESIAN_POINT('',(-0.00259390493510212,-0.000958467045746874,0.00291232848210034));
#1660=CARTESIAN_POINT('',(0.,-0.00428490284115285,-4.59242549680257E-21));
#1661=CARTESIAN_POINT('',(-0.00383898024090304,-0.0035,0.000687190446641996));
#1662=CARTESIAN_POINT('',(0.,-0.0035,-4.59242549680257E-21));
#1663=CARTESIAN_POINT('',(0.0075,-0.0035,-0.00575));
#1664=CARTESIAN_POINT('',(0.0075,-0.0035,-0.00675));
#1665=CARTESIAN_POINT('',(-0.0001,-0.0035,-0.00675));
#1666=CARTESIAN_POINT('',(-0.0055,-0.0035,-0.00675));
#1667=CARTESIAN_POINT('',(-0.0001,-0.0035,-0.00575));
#1668=CARTESIAN_POINT('',(-0.0055,-0.0035,-0.00575));
#1669=CARTESIAN_POINT('',(0.,-0.0035,-4.59242549680257E-21));
#1670=CARTESIAN_POINT('',(-0.0001,-0.00450000000000002,-0.00489897948556635));
#1671=CARTESIAN_POINT('',(-0.0001,-0.00450000000000002,-0.00463769402965812));
#1672=CARTESIAN_POINT('',(-0.0001,-0.00428521034629911,-0.0041167302892951));
#1673=CARTESIAN_POINT('',(-0.0001,-0.00376107235745598,-0.00389871773792366));
#1674=CARTESIAN_POINT('',(-0.0001,-0.00350000000000035,-0.00389871773792357));
#1675=CARTESIAN_POINT('',(-0.0048233341488269,-0.0035,0.00086339312526815));
#1676=CARTESIAN_POINT('',(0.0018,0.00143178433099607,0.00628835588936382));
#1677=CARTESIAN_POINT('',(-0.0001,0.00143178433099607,0.00628835588936382));
#1678=CARTESIAN_POINT('',(-0.0001,0.000495536284752756,0.006639695605174));
#1679=CARTESIAN_POINT('',(0.,0.000495536284752755,0.006639695605174));
#1680=CARTESIAN_POINT('',(-0.0013,0.000495536284752756,0.006639695605174));
#1681=CARTESIAN_POINT('',(-0.0013,0.00143178433099607,0.00628835588936382));
#1682=CARTESIAN_POINT('',(-0.0025,0.000934250974568805,0.00574106919729383));
#1683=CARTESIAN_POINT('',(-0.0001,0.000934250974568805,0.00574106919729383));
#1684=CARTESIAN_POINT('',(-0.0025,0.000934250974568808,0.00574106919729383));
#1685=CARTESIAN_POINT('',(-0.0025,0.000213153301725214,0.00643390261610354));
#1686=CARTESIAN_POINT('',(-0.00249999999999794,0.000213153301721142,0.00643390261609931));
#1687=CARTESIAN_POINT('',(-0.0021280272278869,0.000353857644770546,0.00658034701612178));
#1688=CARTESIAN_POINT('',(-0.00172611296351709,0.000495536284753067,0.00663969560517415));
#1689=CARTESIAN_POINT('',(-0.00130000000000002,0.000495536284753053,0.00663969560517414));
#1690=CARTESIAN_POINT('',(0.0075,-0.002,0.004));
#1691=CARTESIAN_POINT('',(0.0065,-0.00343393382363971,0.00242267279399631));
#1692=CARTESIAN_POINT('',(0.0065,-0.00301841334520193,0.00287974532027787));
#1693=CARTESIAN_POINT('',(0.00634615029499773,-0.00219651060556807,0.00378383833387511));
#1694=CARTESIAN_POINT('',(0.00563738257497031,-0.0010425764459345,0.00505316590947204));
#1695=CARTESIAN_POINT('',(0.00437633690727258,-9.07543020865098E-05,0.00610017026770483));
#1696=CARTESIAN_POINT('',(0.00317031545020093,0.000187243394863101,0.00640596773434941));
#1697=CARTESIAN_POINT('',(0.00254990891928085,0.000194037631525777,0.00641344139467835));
#1698=CARTESIAN_POINT('',(0.0065,-0.00343393382363971,0.00242267279399631));
#1699=CARTESIAN_POINT('',(0.00254990891928085,0.000194037631525779,0.00641344139467835));
#1700=CARTESIAN_POINT('',(0.0013,-0.00042147420377338,0.00573637837584927));
#1701=CARTESIAN_POINT('',(0.0028,-0.00042147420377338,0.00573637837584927));
#1702=CARTESIAN_POINT('',(0.0028,-0.00249111929236251,0.00345976877840124));
#1703=CARTESIAN_POINT('',(0.0028,-0.00129263708690737,0.00477809920440188));
#1704=CARTESIAN_POINT('',(0.,-0.00308597285067873,0.00280542986425339));
#1705=CARTESIAN_POINT('',(0.00330356058328051,-0.00173492751050247,0.00429157973844727));
#1706=CARTESIAN_POINT('',(0.,-0.0050248429145488,0.000672672793996312));
#1707=CARTESIAN_POINT('',(0.0048233341488269,-0.00423994007339593,0.00153606591926446));
#1708=CARTESIAN_POINT('',(0.0075,-0.00423994007339593,0.00153606591926446));
#1709=CARTESIAN_POINT('',(0.0065,-0.00423994007339593,0.00153606591926446));
#1710=CARTESIAN_POINT('',(0.0065,-0.002,0.004));
#1711=CARTESIAN_POINT('',(0.0025,0.0133685980467311,-0.00450801303650851));
#1712=CARTESIAN_POINT('',(0.0025,0.0136418715131841,-0.00675));
#1713=CARTESIAN_POINT('',(0.0025,0.011383291443332,-0.00675));
#1714=CARTESIAN_POINT('',(0.00382819428599316,0.0133685980464764,-0.00450801303441844));
#1715=CARTESIAN_POINT('',(0.00390132359474308,0.013641871485145,-0.00675000000000272));
#1716=CARTESIAN_POINT('',(0.00329691657159635,0.0113832914280154,-0.00675));
#1717=CARTESIAN_POINT('',(0.00642817861987875,0.012267335424007,-0.00454751107730918));
#1718=CARTESIAN_POINT('',(0.00659809935951453,0.0124454237793184,-0.00674999999999851));
#1719=CARTESIAN_POINT('',(0.00485690717416096,0.0107197526173563,-0.00675));
#1720=CARTESIAN_POINT('',(0.00749999999999889,0.00965462533139606,-0.00467068079547596));
#1721=CARTESIAN_POINT('',(0.00758092390042599,0.00968091405158691,-0.00675000000000028));
#1722=CARTESIAN_POINT('',(0.00549999999553147,0.00914222073535466,-0.00675));
#1723=CARTESIAN_POINT('',(0.0075,0.00835519616034436,-0.00474999999999956));
#1724=CARTESIAN_POINT('',(0.00750000000000044,0.00835519616034436,-0.00675));
#1725=CARTESIAN_POINT('',(0.0055,0.00835519616034267,-0.00675));
#1726=CARTESIAN_POINT('',(0.0055,0.00835519616034438,-0.004750000000028));
#1727=CARTESIAN_POINT('',(0.0055,0.00835519616034438,-0.00675));
#1728=CARTESIAN_POINT('',(0.0075,0.00835519616034438,-0.004750000000028));
#1729=CARTESIAN_POINT('',(0.0025,0.011383291443332,-0.00675));
#1730=CARTESIAN_POINT('',(0.00329619747756226,0.011383291443332,-0.00675));
#1731=CARTESIAN_POINT('',(0.00485427581364052,0.0107183044652612,-0.00675));
#1732=CARTESIAN_POINT('',(0.00549999999999887,0.00915118111397367,-0.00675));
#1733=CARTESIAN_POINT('',(0.0055,0.00835519616034438,-0.00675));
#1734=CARTESIAN_POINT('',(0.0025,0.011383291443332,-0.00675));
#1735=CARTESIAN_POINT('',(0.0025,0.011383291443332,-0.00475));
#1736=CARTESIAN_POINT('',(0.0075,0.00835519616034438,-0.004750000000028));
#1737=CARTESIAN_POINT('',(0.0075,0.00967569925543492,-0.00466939440797554));
#1738=CARTESIAN_POINT('',(0.00641432535308394,0.0122733050894334,-0.00454743785899897));
#1739=CARTESIAN_POINT('',(0.00382309892650119,0.0133685980467311,-0.00450801303650851));
#1740=CARTESIAN_POINT('',(0.0025,0.0133685980467311,-0.00450801303650851));
#1741=CARTESIAN_POINT('',(-0.0025,0.011383291443332,-0.00475));
#1742=CARTESIAN_POINT('',(-0.0025,0.011383291443332,-0.00675));
#1743=CARTESIAN_POINT('',(-0.0025,0.0113832914433346,-0.00675));
#1744=CARTESIAN_POINT('',(-0.0025,0.0113832914433346,-0.00475000000002186));
#1745=CARTESIAN_POINT('',(-0.0025,0.011383291443332,-0.00675));
#1746=CARTESIAN_POINT('',(-0.0025,0.0136418715131841,-0.00675));
#1747=CARTESIAN_POINT('',(-0.0025,0.0133685980467311,-0.00450801303650851));
#1748=CARTESIAN_POINT('',(-0.00329691657159695,0.0113832914280168,-0.00675));
#1749=CARTESIAN_POINT('',(-0.00390132359474475,0.0136418714851454,-0.00675000000000241));
#1750=CARTESIAN_POINT('',(-0.00382819428599491,0.0133685980464765,-0.00450801303441929));
#1751=CARTESIAN_POINT('',(-0.00485690717416183,0.0107197526173549,-0.00675));
#1752=CARTESIAN_POINT('',(-0.00659809935943575,0.0124454237792249,-0.00674999999999865));
#1753=CARTESIAN_POINT('',(-0.00642817861988041,0.012267335424021,-0.0045475110774087));
#1754=CARTESIAN_POINT('',(-0.00549999999553284,0.00914222073535245,-0.00675));
#1755=CARTESIAN_POINT('',(-0.00758092390063379,0.00968091405161862,-0.0067500000000003));
#1756=CARTESIAN_POINT('',(-0.0075,0.00965462533136172,-0.00467068079527634));
#1757=CARTESIAN_POINT('',(-0.0055,0.00835519616034004,-0.00675));
#1758=CARTESIAN_POINT('',(-0.0075,0.00835519616034004,-0.00675));
#1759=CARTESIAN_POINT('',(-0.0075,0.00835519616034004,-0.00475));
#1760=CARTESIAN_POINT('',(-0.0055,0.00835519616034004,-0.00675));
#1761=CARTESIAN_POINT('',(-0.0055,0.00915118111397015,-0.00675));
#1762=CARTESIAN_POINT('',(-0.00485427581364274,0.01071830446526,-0.00675));
#1763=CARTESIAN_POINT('',(-0.00329619747756214,0.0113832914433322,-0.00675));
#1764=CARTESIAN_POINT('',(-0.00249999999999907,0.011383291443332,-0.00675));
#1765=CARTESIAN_POINT('',(-0.0055,0.00835519616034004,-0.00675));
#1766=CARTESIAN_POINT('',(-0.0055,0.00835519616034004,-0.00475));
#1767=CARTESIAN_POINT('',(-0.0075,0.00835519616034004,-0.00475));
#1768=CARTESIAN_POINT('',(-0.0025,0.0133685980467341,-0.00450801303653333));
#1769=CARTESIAN_POINT('',(-0.00382309892650218,0.0133685980467341,-0.00450801303653333));
#1770=CARTESIAN_POINT('',(-0.0064143253530853,0.0122733050894319,-0.00454743785900133));
#1771=CARTESIAN_POINT('',(-0.0075,0.00967569925543109,-0.00466939440794617));
#1772=CARTESIAN_POINT('',(-0.0075,0.00835519616034004,-0.00475));
#1773=CARTESIAN_POINT('',(-0.0055,0.00450000000000007,-0.00475));
#1774=CARTESIAN_POINT('',(-0.0055,0.00450000000000007,-0.00675));
#1775=CARTESIAN_POINT('',(-0.0055,-0.0035,-0.00475));
#1776=CARTESIAN_POINT('',(-0.0075,-0.0035,-0.00475));
#1777=CARTESIAN_POINT('',(-0.0075,0.00450000000000007,-0.00475));
#1778=CARTESIAN_POINT('',(0.0055,0.00450000000000007,-0.00475));
#1779=CARTESIAN_POINT('',(0.0075,0.000561839144676862,-0.00475));
#1780=CARTESIAN_POINT('',(0.0075,-0.0035,-0.00475));
#1781=CARTESIAN_POINT('',(0.0055,-0.0035,-0.00475));
#1782=CARTESIAN_POINT('',(0.0055,-0.0035,-0.00675));
#1783=CARTESIAN_POINT('',(0.0055,0.00450000000000007,-0.00675));
#1784=CARTESIAN_POINT('',(0.0025,0.0133832922652194,-0.00463242701620664));
#1785=CARTESIAN_POINT('',(0.0075,0.0133832922652194,-0.00463242701620664));
#1786=CARTESIAN_POINT('',(0.0075,0.00841566127498078,-0.00520044316458678));
#1787=CARTESIAN_POINT('',(0.00249999999999544,0.0132835057927951,-0.00375973638190778));
#1788=CARTESIAN_POINT('',(0.00749999999999431,0.0132835057997676,-0.00375973638111208));
#1789=CARTESIAN_POINT('',(0.0075,0.00834534446789965,-0.00458548183576079));
#1790=CARTESIAN_POINT('',(0.00250000000000217,0.012941454995405,-0.00192600170331632));
#1791=CARTESIAN_POINT('',(0.00750000000000271,0.0129414549920862,-0.00192600170369505));
#1792=CARTESIAN_POINT('',(0.0075,0.00810757652797732,-0.0033548563648806));
#1793=CARTESIAN_POINT('',(0.00249999999999973,0.0118986907053751,0.000513737187448719));
#1794=CARTESIAN_POINT('',(0.00749999999999966,0.011898690705786,0.00051373718749561));
#1795=CARTESIAN_POINT('',(0.0075,0.00748530558458593,-0.00192616952687589));
#1796=CARTESIAN_POINT('',(0.00250000000000005,0.0105618830355867,0.00234707842345333));
#1797=CARTESIAN_POINT('',(0.00750000000000006,0.0105618830355109,0.00234707842344467));
#1798=CARTESIAN_POINT('',(0.0075,0.00674317124320739,-0.000909912128289407));
#1799=CARTESIAN_POINT('',(0.00249999999999997,0.00900699218651946,0.00391598351025034));
#1800=CARTESIAN_POINT('',(0.00749999999999996,0.00900699218656384,0.0039159835102554));
#1801=CARTESIAN_POINT('',(0.0075,0.00587589133566476,-3.25727428911966E-05));
#1802=CARTESIAN_POINT('',(0.00250000000000001,0.00722277256032535,0.00507075472347015));
#1803=CARTESIAN_POINT('',(0.00750000000000001,0.00722277256031824,0.00507075472346934));
#1804=CARTESIAN_POINT('',(0.0075,0.00481803958879048,0.000660290705458377));
#1805=CARTESIAN_POINT('',(0.0025,0.00545259711229384,0.00583995312058079));
#1806=CARTESIAN_POINT('',(0.0075,0.00545259711229518,0.00583995312058095));
#1807=CARTESIAN_POINT('',(0.0075,0.00368793930074469,0.00115285759234176));
#1808=CARTESIAN_POINT('',(0.0025,0.0040933439252799,0.00627622718683576));
#1809=CARTESIAN_POINT('',(0.0075,0.00409334392527954,0.00627622718683572));
#1810=CARTESIAN_POINT('',(0.0075,0.00279388588563957,0.00144036548458904));
#1811=CARTESIAN_POINT('',(0.0025,0.00295554870010329,0.00652570929829233));
#1812=CARTESIAN_POINT('',(0.0075,0.00295554870010333,0.00652570929829233));
#1813=CARTESIAN_POINT('',(0.0075,0.00203534824843618,0.00160650414544548));
#1814=CARTESIAN_POINT('',(0.0025,0.00201931108801073,0.00666184068549361));
#1815=CARTESIAN_POINT('',(0.0075,0.00201931108801072,0.00666184068549361));
#1816=CARTESIAN_POINT('',(0.0075,0.00142329691367351,0.00169546150921849));
#1817=CARTESIAN_POINT('',(0.0025,0.00141670826080377,0.00671912986693322));
#1818=CARTESIAN_POINT('',(0.0075,0.00141670826080377,0.00671912986693321));
#1819=CARTESIAN_POINT('',(0.0075,0.00103804773494004,0.00173164983350524));
#1820=CARTESIAN_POINT('',(0.0025,0.000963143253203661,0.00674177484733539));
#1821=CARTESIAN_POINT('',(0.0075,0.000963143253203662,0.0067417748473354));
#1822=CARTESIAN_POINT('',(0.0075,0.000766800702061472,0.00174527069656767));
#1823=CARTESIAN_POINT('',(0.0025,0.000705045178165881,0.00674893969116413));
#1824=CARTESIAN_POINT('',(0.0075,0.000705045178165881,0.00674893969116413));
#1825=CARTESIAN_POINT('',(0.0075,0.000611307348405569,0.00174941551629403));
#1826=CARTESIAN_POINT('',(0.0025,0.000469292044053774,0.00675028362689197));
#1827=CARTESIAN_POINT('',(0.0075,0.000469292044053774,0.00675028362689197));
#1828=CARTESIAN_POINT('',(0.0075,0.000494366407687534,0.00175015634623736));
#1829=CARTESIAN_POINT('',(0.0025,0.000383857807075789,0.006749925801268));
#1830=CARTESIAN_POINT('',(0.0075,0.000383857807075789,0.006749925801268));
#1831=CARTESIAN_POINT('',(0.0075,0.000377298182301058,0.00174995909875652));
#1832=CARTESIAN_POINT('',(0.0025,0.00021751289095872,0.00675004229029204));
#1833=CARTESIAN_POINT('',(0.0075,0.00021751289095872,0.00675004229029204));
#1834=CARTESIAN_POINT('',(0.0075,0.000221251613170513,0.00175002331206323));
#1835=CARTESIAN_POINT('',(0.0025,-4.91645506781337E-05,0.00674996961732744));
#1836=CARTESIAN_POINT('',(0.0075,-4.91645506781337E-05,0.00674996961732744));
#1837=CARTESIAN_POINT('',(0.0075,-5.18505660083319E-05,0.00174998325188242));
#1838=CARTESIAN_POINT('',(0.0025,-0.000442877173050115,0.00675001008333238));
#1839=CARTESIAN_POINT('',(0.0075,-0.000442877173050115,0.00675001008333238));
#1840=CARTESIAN_POINT('',(0.0075,-0.000441985744381578,0.00175000555832723));
#1841=CARTESIAN_POINT('',(0.0025,-0.00106569197302801,0.00674999416228125));
#1842=CARTESIAN_POINT('',(0.0075,-0.00106569197302801,0.00674999416228126));
#1843=CARTESIAN_POINT('',(0.0075,-0.00106620806330979,0.00174999678202108));
#1844=CARTESIAN_POINT('',(0.0025,-0.00184667154720984,0.00675000212280682));
#1845=CARTESIAN_POINT('',(0.0075,-0.00184667154720984,0.00675000212280682));
#1846=CARTESIAN_POINT('',(0.0075,-0.00184648387801646,0.00175000117017415));
#1847=CARTESIAN_POINT('',(0.0025,-0.00247070516490228,0.00675));
#1848=CARTESIAN_POINT('',(0.0075,-0.00247070516490227,0.00675));
#1849=CARTESIAN_POINT('',(0.0075,-0.00247070516490228,0.00175));
#1850=CARTESIAN_POINT('',(0.0025,-0.00278281572894567,0.00675));
#1851=CARTESIAN_POINT('',(0.0075,-0.00278281572894567,0.00675));
#1852=CARTESIAN_POINT('',(0.0075,-0.00278281572894567,0.00175));
#1853=CARTESIAN_POINT('',(0.0025,0.000974598696808524,0.0067402548964059));
#1854=CARTESIAN_POINT('',(0.00324366673100546,0.000974598696808524,0.0067402548964059));
#1855=CARTESIAN_POINT('',(0.00469679728936845,0.000695997728526179,0.00641237863883185));
#1856=CARTESIAN_POINT('',(0.00633468326914047,-0.000220751961778138,0.00515040044034553));
#1857=CARTESIAN_POINT('',(0.00728962321244644,-0.00140266246129316,0.00352566824196273));
#1858=CARTESIAN_POINT('',(0.0075,-0.00225966728904097,0.00234719888415384));
#1859=CARTESIAN_POINT('',(0.0075,-0.00269399375024377,0.00175));
#1860=CARTESIAN_POINT('',(0.0075,-0.00269399375024377,0.00175));
#1861=CARTESIAN_POINT('',(0.0075,0.00835519616034437,-0.004750000000028));
#1862=CARTESIAN_POINT('',(0.0075,0.00817269568119134,-0.00357104110238862));
#1863=CARTESIAN_POINT('',(0.00750000000000001,0.0075873386623712,-0.00180451210165736));
#1864=CARTESIAN_POINT('',(0.0075,0.00593617453216715,-4.21015827662797E-05));
#1865=CARTESIAN_POINT('',(0.0075,0.00387397262139934,0.00121790140436433));
#1866=CARTESIAN_POINT('',(0.0075,0.0015203268911275,0.00181137659322589));
#1867=CARTESIAN_POINT('',(0.0075,-0.000890604826148552,0.00173772468135482));
#1868=CARTESIAN_POINT('',(0.0075,-0.00209257260197798,0.00175));
#1869=CARTESIAN_POINT('',(0.0075,-0.00269399375024376,0.00175));
#1870=CARTESIAN_POINT('',(-0.0025,-0.00278324061673645,0.00675));
#1871=CARTESIAN_POINT('',(-0.0075,-0.00278324061673645,0.00675));
#1872=CARTESIAN_POINT('',(-0.0075,-0.00278324061673645,0.00175));
#1873=CARTESIAN_POINT('',(-0.0025,-0.00246963704419831,0.00675));
#1874=CARTESIAN_POINT('',(-0.00750000000000019,-0.00246963704419808,0.00675000000000019));
#1875=CARTESIAN_POINT('',(-0.0075,-0.00246963704419831,0.00175));
#1876=CARTESIAN_POINT('',(-0.0025,-0.00184254871848389,0.00675000306751829));
#1877=CARTESIAN_POINT('',(-0.00749999999999991,-0.001842548718484,0.00675000306751819));
#1878=CARTESIAN_POINT('',(-0.0075,-0.00184242958253432,0.00175000170731286));
#1879=CARTESIAN_POINT('',(-0.0025,-0.00105809421455195,0.00674999156432471));
#1880=CARTESIAN_POINT('',(-0.00750000000000001,-0.00105809421455194,0.00674999156432472));
#1881=CARTESIAN_POINT('',(-0.0075,-0.00105842183841327,0.00174999530488963));
#1882=CARTESIAN_POINT('',(-0.0025,-0.000431778214656991,0.00675001457071186));
#1883=CARTESIAN_POINT('',(-0.0075,-0.000431778214656994,0.00675001457071186));
#1884=CARTESIAN_POINT('',(-0.0075,-0.000431212318896537,0.00175000810973609));
#1885=CARTESIAN_POINT('',(-0.0025,-3.75087549905069E-05,0.00674995609614454));
#1886=CARTESIAN_POINT('',(-0.0075,-3.75087549905066E-05,0.00674995609614454));
#1887=CARTESIAN_POINT('',(-0.0075,-3.92138882687161E-05,0.00174997556408468));
#1888=CARTESIAN_POINT('',(-0.0025,0.000232826664549531,0.00675006111071585));
#1889=CARTESIAN_POINT('',(-0.0075,0.000232826664549532,0.00675006111071585));
#1890=CARTESIAN_POINT('',(-0.0075,0.000235200076044856,0.00175003401287341));
#1891=CARTESIAN_POINT('',(-0.0025,0.000396148663041063,0.00674989278064992));
#1892=CARTESIAN_POINT('',(-0.0075,0.000396148663041062,0.00674989278064992));
#1893=CARTESIAN_POINT('',(-0.0075,0.000391984489303776,0.00174994032408015));
#1894=CARTESIAN_POINT('',(-0.0025,0.000493721514854192,0.00675040984920096));
#1895=CARTESIAN_POINT('',(-0.0075,0.000493721514854192,0.00675040984920096));
#1896=CARTESIAN_POINT('',(-0.0075,0.000509639194616165,0.00175022811300431));
#1897=CARTESIAN_POINT('',(-0.0025,0.000733272061990137,0.00674838651718325));
#1898=CARTESIAN_POINT('',(-0.0075,0.000733272061990137,0.00674838651718325));
#1899=CARTESIAN_POINT('',(-0.0075,0.000627031772052607,0.00174910231927649));
#1900=CARTESIAN_POINT('',(-0.0025,0.000989797910991736,0.00674068078503859));
#1901=CARTESIAN_POINT('',(-0.0075,0.000989797910991737,0.00674068078503859));
#1902=CARTESIAN_POINT('',(-0.0075,0.000783002070888481,0.00174462157315093));
#1903=CARTESIAN_POINT('',(-0.0025,0.00144376316382024,0.00671706282523745));
#1904=CARTESIAN_POINT('',(-0.0075,0.00144376316382024,0.00671706282523745));
#1905=CARTESIAN_POINT('',(-0.0075,0.00105476513690966,0.00173036994819625));
#1906=CARTESIAN_POINT('',(-0.0025,0.00204480771269293,0.00665872450757835));
#1907=CARTESIAN_POINT('',(-0.0075,0.00204480771269294,0.00665872450757835));
#1908=CARTESIAN_POINT('',(-0.0075,0.00143989240594345,0.00169344986844989));
#1909=CARTESIAN_POINT('',(-0.0025,0.00297852107624174,0.00652129321628498));
#1910=CARTESIAN_POINT('',(-0.0075,0.00297852107624172,0.00652129321628497));
#1911=CARTESIAN_POINT('',(-0.0075,0.00205058542008226,0.00160357259998592));
#1912=CARTESIAN_POINT('',(-0.0025,0.00410655873899387,0.00627223992350279));
#1913=CARTESIAN_POINT('',(-0.0075,0.00410655873899398,0.0062722399235028));
#1914=CARTESIAN_POINT('',(-0.0075,0.00280263823469165,0.00143773827070268));
#1915=CARTESIAN_POINT('',(-0.0025,0.00546350438908668,0.00583645152089441));
#1916=CARTESIAN_POINT('',(-0.0075,0.00546350438908628,0.00583645152089437));
#1917=CARTESIAN_POINT('',(-0.0075,0.00369510951733408,0.00115050211956856));
#1918=CARTESIAN_POINT('',(-0.0025,0.00724285261245391,0.00505826523173778));
#1919=CARTESIAN_POINT('',(-0.0075,0.00724285261245606,0.00505826523173803));
#1920=CARTESIAN_POINT('',(-0.0075,0.00483020699680103,0.000652750029468081));
#1921=CARTESIAN_POINT('',(-0.0025,0.00898716549186677,0.00393438642043325));
#1922=CARTESIAN_POINT('',(-0.0075,0.00898716549185334,0.00393438642043172));
#1923=CARTESIAN_POINT('',(-0.0075,0.00586458203141265,-2.21672157249825E-05));
#1924=CARTESIAN_POINT('',(-0.0025,0.0105725031753812,0.00233472292102099));
#1925=CARTESIAN_POINT('',(-0.0075,0.0105725031754041,0.00233472292102361));
#1926=CARTESIAN_POINT('',(-0.0075,0.00674906356605054,-0.000916706623866708));
#1927=CARTESIAN_POINT('',(-0.00250000000000001,0.011554963622528,0.00098640872474015));
#1928=CARTESIAN_POINT('',(-0.00749999999999999,0.0115549636224404,0.000986408724730152));
#1929=CARTESIAN_POINT('',(-0.0075,0.00729475985818822,-0.00166460330286082));
#1930=CARTESIAN_POINT('',(-0.00249999999999997,0.0123214727341582,-0.000472190282339144));
#1931=CARTESIAN_POINT('',(-0.00750000000000003,0.0123214727344853,-0.000472190282301779));
#1932=CARTESIAN_POINT('',(-0.0075,0.00773606692345275,-0.00250113208717633));
#1933=CARTESIAN_POINT('',(-0.00250000000000018,0.0130229388491089,-0.00237679202841888));
#1934=CARTESIAN_POINT('',(-0.00749999999999983,0.0130229388473721,-0.00237679202861729));
#1935=CARTESIAN_POINT('',(-0.00750000000000001,0.00816552045834874,-0.00365944737053025));
#1936=CARTESIAN_POINT('',(-0.00249999999999919,0.0132832021289501,-0.00375682865983382));
#1937=CARTESIAN_POINT('',(-0.00750000000000076,0.0132832021366531,-0.00375682865895387));
#1938=CARTESIAN_POINT('',(-0.0075,0.00834512901548122,-0.0045834199896873));
#1939=CARTESIAN_POINT('',(-0.0025,0.0133833547173799,-0.00463297327519365));
#1940=CARTESIAN_POINT('',(-0.0075,0.0133833547173799,-0.00463297327519365));
#1941=CARTESIAN_POINT('',(-0.0075,0.00841570528377589,-0.00520082810242796));
#1942=CARTESIAN_POINT('',(-0.0075,-0.00269399375024377,0.00175));
#1943=CARTESIAN_POINT('',(-0.0075,-0.00210499510801672,0.00175));
#1944=CARTESIAN_POINT('',(-0.0075,-0.00122135980080018,0.00175121591582242));
#1945=CARTESIAN_POINT('',(-0.0075,-4.37287666819969E-05,0.00174797347362931));
#1946=CARTESIAN_POINT('',(-0.0075,0.0011357335191157,0.00176094324240174));
#1947=CARTESIAN_POINT('',(-0.0075,0.00258730934556618,0.00153179789540893));
#1948=CARTESIAN_POINT('',(-0.0075,0.00432553143111207,0.000936644839974575));
#1949=CARTESIAN_POINT('',(-0.0075,0.00587274871166065,8.22843862335507E-06));
#1950=CARTESIAN_POINT('',(-0.0075,0.00715140421348988,-0.0013245535208519));
#1951=CARTESIAN_POINT('',(-0.0075,0.0079797384466332,-0.0029704422489096));
#1952=CARTESIAN_POINT('',(-0.0075,0.00826192126859524,-0.00414744123381292));
#1953=CARTESIAN_POINT('',(-0.0075,0.00835519616034004,-0.00475));
#1954=CARTESIAN_POINT('',(-0.0075,-0.00269399375024377,0.00175));
#1955=CARTESIAN_POINT('',(-0.0075,-0.00269399375024377,0.00175));
#1956=CARTESIAN_POINT('',(-0.0075,-0.00225965241231059,0.00234721933965811));
#1957=CARTESIAN_POINT('',(-0.0072873707837505,-0.00139712715551495,0.00353326983857524));
#1958=CARTESIAN_POINT('',(-0.00633166924441838,-0.00021899465348226,0.00515284981016612));
#1959=CARTESIAN_POINT('',(-0.00469497695793803,0.000696490504864352,0.00641293337147441));
#1960=CARTESIAN_POINT('',(-0.00324356726323212,0.00097459869680992,0.00674025489640584));
#1961=CARTESIAN_POINT('',(-0.0025,0.00097459869680992,0.00674025489640584));
#1962=CARTESIAN_POINT('',(0.0075,0.00450000000000007,-0.00675));
#1963=CARTESIAN_POINT('',(0.0001,-0.002,-0.00675));
#1964=CARTESIAN_POINT('',(0.0001,0.0015,-0.00675));
#1965=CARTESIAN_POINT('',(0.0001,-0.0035,-0.00675));
#1966=CARTESIAN_POINT('',(-0.0001,0.0015,-0.00675));
#1967=CARTESIAN_POINT('',(-0.0001,0.0015,-0.00675));
#1968=CARTESIAN_POINT('',(-0.0001,-0.002,-0.00675));
#1969=CARTESIAN_POINT('',(0.0075,-0.0035,-0.00675));
#1970=CARTESIAN_POINT('',(0.0075,-0.002,0.004));
#1971=CARTESIAN_POINT('',(0.,-0.00308597285067873,0.00280542986425339));
#1972=CARTESIAN_POINT('',(-0.00330356058328051,-0.00173492751050247,0.00429157973844727));
#1973=CARTESIAN_POINT('',(-0.0028,-0.00129263708690737,0.00477809920440188));
#1974=CARTESIAN_POINT('',(-0.0028,-0.002,0.004));
#1975=CARTESIAN_POINT('',(-0.0028,-0.00042147420377338,0.00573637837584927));
#1976=CARTESIAN_POINT('',(-0.0013,-0.00042147420377338,0.00573637837584927));
#1977=CARTESIAN_POINT('',(-0.00254990891928084,0.000194037631525779,0.00641344139467835));
#1978=CARTESIAN_POINT('',(-0.00254990891928084,0.000194037631525781,0.00641344139467835));
#1979=CARTESIAN_POINT('',(-0.00317032267587791,0.000187243315732798,0.00640596764730607));
#1980=CARTESIAN_POINT('',(-0.00437527104747379,-9.03684916375291E-05,0.00610059465919871));
#1981=CARTESIAN_POINT('',(-0.00563591248380769,-0.0010415877406032,0.00505425348533647));
#1982=CARTESIAN_POINT('',(-0.00634460087301296,-0.00219178717615828,0.00378903410622589));
#1983=CARTESIAN_POINT('',(-0.0065,-0.00301842540813883,0.00287973205104728));
#1984=CARTESIAN_POINT('',(-0.0065,-0.00343393382363971,0.00242267279399631));
#1985=CARTESIAN_POINT('',(-0.0065,-0.00343393382363971,0.00242267279399631));
#1986=CARTESIAN_POINT('',(-0.0065,-0.0045,0.00125));
#1987=CARTESIAN_POINT('',(-0.0065,-0.00423994007339593,0.00153606591926446));
#1988=CARTESIAN_POINT('',(0.0075,-0.00423994007339593,0.00153606591926446));
#1989=CARTESIAN_POINT('',(-0.0048233341488269,-0.00423994007339593,0.00153606591926446));
#1990=CARTESIAN_POINT('',(0.,-0.0050248429145488,0.000672672793996312));
#1991=CARTESIAN_POINT('',(0.0075,-0.0045,-0.00275));
#1992=CARTESIAN_POINT('',(0.0001,-0.0045,0.));
#1993=CARTESIAN_POINT('',(0.0001,-0.0045,-0.00575));
#1994=CARTESIAN_POINT('',(0.0001,-0.0045,-0.00489897948556636));
#1995=CARTESIAN_POINT('',(0.0075,-0.0045,-0.00575));
#1996=CARTESIAN_POINT('',(0.0055,-0.0045,-0.00575));
#1997=CARTESIAN_POINT('',(0.0055,-0.0045,-0.00475));
#1998=CARTESIAN_POINT('',(0.0065,-0.0045,-0.00475));
#1999=CARTESIAN_POINT('',(0.0065,-0.0045,-0.00275));
#2000=CARTESIAN_POINT('',(0.0065,-0.0045,0.00086339312526815));
#2001=CARTESIAN_POINT('',(0.0075,-0.0045,0.00086339312526815));
#2002=CARTESIAN_POINT('',(0.0048233341488269,-0.0045,0.00086339312526815));
#2003=CARTESIAN_POINT('',(0.,-0.0045,-4.59242549680257E-21));
#2004=CARTESIAN_POINT('',(0.0075,0.000561839144676862,0.0104782227426767));
#2005=CARTESIAN_POINT('',(0.0075,0.00312359806507978,0.0081493509968559));
#2006=CARTESIAN_POINT('',(0.0075,-0.0035,0.000863393125268149));
#2007=CARTESIAN_POINT('',(0.0075,-0.0035,0.0104782227426767));
#2008=CARTESIAN_POINT('',(-0.0075,0.000561839144676862,0.0104782227426767));
#2009=CARTESIAN_POINT('',(-0.0075,-0.0035,0.00125));
#2010=CARTESIAN_POINT('',(-0.0075,-0.0035,0.000863393125268149));
#2011=CARTESIAN_POINT('',(-0.0075,-0.0033055144720586,0.00107732720600369));
#2012=CARTESIAN_POINT('',(0.0018,0.000546729410877561,0.00581295862811805));
#2013=CARTESIAN_POINT('',(-0.0013,0.000509423552058631,0.00590202624582359));
#2014=CARTESIAN_POINT('',(0.0013,0.000509423552058631,0.00590202624582359));
#2015=CARTESIAN_POINT('',(0.0001,0.000509423552058632,0.00590202624582358));
#2016=CARTESIAN_POINT('',(0.0001,0.000546729410877561,0.00581295862811805));
#2017=CARTESIAN_POINT('',(0.0013,0.00119278121535332,0.00427051202694715));
#2018=CARTESIAN_POINT('',(0.0013,0.00125242783900951,0.00412810590518966));
#2019=CARTESIAN_POINT('',(0.00131659091382791,0.0013114028603123,0.00398730323188658));
#2020=CARTESIAN_POINT('',(0.00134800547447078,0.00136977781846062,0.00384793320743098));
#2021=CARTESIAN_POINT('',(0.0013,0.00119278121535332,0.00427051202694715));
#2022=CARTESIAN_POINT('',(0.0013,0.000546729410877561,0.00581295862811805));
#2023=CARTESIAN_POINT('',(0.0018,-0.00247787994370216,0.00869092393483735));
#2024=CARTESIAN_POINT('',(0.0018,0.,-2.4492935982947E-19));
#2025=CARTESIAN_POINT('',(0.0018,-0.000552697013511431,0.00410542641040557));
#2026=CARTESIAN_POINT('',(0.0018,0.000731600825884598,0.00407734720517704));
#2027=CARTESIAN_POINT('',(0.0018,0.000632138344895564,0.00540874530465326));
#2028=CARTESIAN_POINT('',(0.0018,0.000318465869622564,0.00506370558185296));
#2029=CARTESIAN_POINT('',(0.0018,-0.0013913963822523,0.00914599619787394));
#2030=CARTESIAN_POINT('',(-0.0018,-0.00247787994370216,0.00869092393483735));
#2031=CARTESIAN_POINT('',(-0.0018,0.000878469001490954,0.00372669990922525));
#2032=CARTESIAN_POINT('',(-0.0018,0.000318465869622564,0.00506370558185296));
#2033=CARTESIAN_POINT('',(-0.0018,0.000731600825884597,0.00407734720517704));
#2034=CARTESIAN_POINT('',(-0.0018,0.000858553822092296,0.00565780232956967));
#2035=CARTESIAN_POINT('',(-0.0018,-0.000552697013511432,0.00410542641040557));
#2036=CARTESIAN_POINT('',(-0.0018,0.,-2.4492935982947E-19));
#2037=CARTESIAN_POINT('',(0.0028,0.,-2.4492935982947E-19));
#2038=CARTESIAN_POINT('',(0.0028,-0.000552697013511432,0.00410542641040557));
#2039=CARTESIAN_POINT('',(0.00183200364964719,0.000938871524227413,0.00377654377555381));
#2040=CARTESIAN_POINT('',(0.00181148297271282,0.000869265609169666,0.00387540797382584));
#2041=CARTESIAN_POINT('',(0.0018,0.000800156704872285,0.00397557619741233));
#2042=CARTESIAN_POINT('',(0.0018,0.000731600825884599,0.00407734720517704));
#2043=CARTESIAN_POINT('',(0.00183200364964719,0.000938871524227413,0.00377654377555381));
#2044=CARTESIAN_POINT('',(0.00183200364964719,0.000938871524227413,0.00377654377555381));
#2045=CARTESIAN_POINT('',(0.00188520091741816,0.00111931608332329,0.00352025080601576));
#2046=CARTESIAN_POINT('',(0.00205157391667531,0.00157807284732221,0.00312079326254898));
#2047=CARTESIAN_POINT('',(0.00218602066212396,0.00201973966758615,0.0026908414551282));
#2048=CARTESIAN_POINT('',(0.00224,0.00222313897899769,0.00245765194445045));
#2049=CARTESIAN_POINT('',(-0.0028,0.,-2.4492935982947E-19));
#2050=CARTESIAN_POINT('',(-0.0028,-0.000552697013511432,0.00410542641040557));
#2051=CARTESIAN_POINT('',(-0.00183200364964719,0.000938871524227412,0.00377654377555382));
#2052=CARTESIAN_POINT('',(-0.00188520091741816,0.00111931608332329,0.00352025080601576));
#2053=CARTESIAN_POINT('',(-0.00205157391667519,0.00157807284732228,0.00312079326254902));
#2054=CARTESIAN_POINT('',(-0.00218602066212419,0.002019739667586,0.00269084145512813));
#2055=CARTESIAN_POINT('',(-0.00224,0.0022231389789977,0.00245765194445045));
#2056=CARTESIAN_POINT('',(-0.00183200364964719,0.000938871524227412,0.00377654377555382));
#2057=CARTESIAN_POINT('',(-0.0018,0.000731600825884598,0.00407734720517704));
#2058=CARTESIAN_POINT('',(-0.0018,0.000800156704872283,0.00397557619741234));
#2059=CARTESIAN_POINT('',(-0.00181148297271283,0.000869265609169666,0.00387540797382585));
#2060=CARTESIAN_POINT('',(-0.00183200364964719,0.000938871524227412,0.00377654377555382));
#2061=CARTESIAN_POINT('',(-0.0013,-0.0013913963822523,0.00914599619787394));
#2062=CARTESIAN_POINT('',(-0.0013,0.000318465869622564,0.00506370558185296));
#2063=CARTESIAN_POINT('',(-0.0013,0.000731600825884597,0.00407734720517704));
#2064=CARTESIAN_POINT('',(-0.0013,0.00119278121535332,0.00427051202694715));
#2065=CARTESIAN_POINT('',(-0.0018,0.00119278121535332,0.00427051202694715));
#2066=CARTESIAN_POINT('',(-0.0018,0.000731600825884598,0.00407734720517703));
#2067=CARTESIAN_POINT('',(-0.00130000000971162,0.00125242783861643,0.00412810590612815));
#2068=CARTESIAN_POINT('',(-0.00177706786400007,0.00123736483613062,0.00416406877601964));
#2069=CARTESIAN_POINT('',(-0.0018,0.000798878972469422,0.00397747298754902));
#2070=CARTESIAN_POINT('',(-0.00131659091183162,0.00131140286039312,0.00398730323169361));
#2071=CARTESIAN_POINT('',(-0.0017659496954788,0.00128514080266739,0.00405000380988051));
#2072=CARTESIAN_POINT('',(-0.00181106060962615,0.00086783295790918,0.00387744282819278));
#2073=CARTESIAN_POINT('',(-0.00134800547447078,0.00136977781846062,0.00384793320743098));
#2074=CARTESIAN_POINT('',(-0.00176889608506447,0.00133597213566466,0.0039286441661616));
#2075=CARTESIAN_POINT('',(-0.00183200364964719,0.000938871524227412,0.00377654377555381));
#2076=CARTESIAN_POINT('',(-0.00134800547447078,0.000908597428991903,0.00365476838566086));
#2077=CARTESIAN_POINT('',(-0.00134800547447078,0.00136977781846062,0.00384793320743098));
#2078=CARTESIAN_POINT('',(-0.00176889608506447,0.00133597213566466,0.00392864416616161));
#2079=CARTESIAN_POINT('',(-0.00183200364964719,0.000938871524227412,0.00377654377555382));
#2080=CARTESIAN_POINT('',(-0.00145033846551118,0.00146203724303621,0.00362766412857889));
#2081=CARTESIAN_POINT('',(-0.001768903142353,0.00137255259409467,0.00373629513643016));
#2082=CARTESIAN_POINT('',(-0.00187626404945452,0.00108900240309472,0.0035633066897455));
#2083=CARTESIAN_POINT('',(-0.00176328741355012,0.00172391365029122,0.00322159766283519));
#2084=CARTESIAN_POINT('',(-0.00189389475521934,0.00160413417940442,0.00325356574156133));
#2085=CARTESIAN_POINT('',(-0.00202686507715031,0.00150772047907541,0.00317643329860389));
#2086=CARTESIAN_POINT('',(-0.00210302611471066,0.00205464287431443,0.00273491323961368));
#2087=CARTESIAN_POINT('',(-0.00214122231838037,0.00202490017030947,0.00272700430911328));
#2088=CARTESIAN_POINT('',(-0.00217941855635588,0.00199515751617145,0.00271909535661126));
#2089=CARTESIAN_POINT('',(-0.00224,0.0022231389789977,0.00245765194445045));
#2090=CARTESIAN_POINT('',(-0.00224,0.0022231389789977,0.00245765194445045));
#2091=CARTESIAN_POINT('',(-0.00224,0.0022231389789977,0.00245765194445045));
#2092=CARTESIAN_POINT('',(0.0013,8.55490214088422E-05,0.00561979380634793));
#2093=CARTESIAN_POINT('',(0.0013,0.000318465869622564,0.00506370558185296));
#2094=CARTESIAN_POINT('',(0.0013,0.000731600825884598,0.00407734720517704));
#2095=CARTESIAN_POINT('',(0.00134800547447078,0.00136977781846062,0.00384793320743098));
#2096=CARTESIAN_POINT('',(0.00176889608506447,0.00133597213566466,0.00392864416616161));
#2097=CARTESIAN_POINT('',(0.00183200364964719,0.000938871524227412,0.00377654377555382));
#2098=CARTESIAN_POINT('',(0.00131659091183164,0.0013114028603935,0.00398730323169273));
#2099=CARTESIAN_POINT('',(0.00176594969547859,0.00128514080266719,0.00405000380987972));
#2100=CARTESIAN_POINT('',(0.00181106060962634,0.000867832957909185,0.00387744282819204));
#2101=CARTESIAN_POINT('',(0.00130000000971162,0.0012524278386164,0.00412810590612822));
#2102=CARTESIAN_POINT('',(0.00177706786400011,0.0012373648361306,0.00416406877601969));
#2103=CARTESIAN_POINT('',(0.0018,0.000798878972469379,0.00397747298754909));
#2104=CARTESIAN_POINT('',(0.0013,0.00119278121535332,0.00427051202694715));
#2105=CARTESIAN_POINT('',(0.0018,0.00119278121535332,0.00427051202694715));
#2106=CARTESIAN_POINT('',(0.0018,0.000731600825884598,0.00407734720517703));
#2107=CARTESIAN_POINT('',(0.00134800547447078,0.000908597428991903,0.00365476838566086));
#2108=CARTESIAN_POINT('',(0.00183200364964719,0.000938871524227413,0.00377654377555382));
#2109=CARTESIAN_POINT('',(0.00176889608506447,0.00133597213566466,0.00392864416616161));
#2110=CARTESIAN_POINT('',(0.00134800547447078,0.00136977781846062,0.00384793320743098));
#2111=CARTESIAN_POINT('',(0.00187626404945464,0.00108900240309438,0.00356330668974512));
#2112=CARTESIAN_POINT('',(0.00176890314235281,0.00137255259409389,0.00373629513642988));
#2113=CARTESIAN_POINT('',(0.00145033846551129,0.00146203724303619,0.00362766412857894));
#2114=CARTESIAN_POINT('',(0.00202686507714762,0.0015077204790725,0.00317643329860927));
#2115=CARTESIAN_POINT('',(0.00189389475870472,0.00160413418286145,0.00325356574539217));
#2116=CARTESIAN_POINT('',(0.00176328741354931,0.00172391365028664,0.00322159766284));
#2117=CARTESIAN_POINT('',(0.00217941855636115,0.00199515751617762,0.00271909535660088));
#2118=CARTESIAN_POINT('',(0.00214122231163812,0.00202490016362258,0.0027270043017026));
#2119=CARTESIAN_POINT('',(0.00210302611471218,0.0020546428743236,0.002734913239604));
#2120=CARTESIAN_POINT('',(0.00224,0.0022231389789977,0.00245765194445045));
#2121=CARTESIAN_POINT('',(0.00224,0.0022231389789977,0.00245765194445045));
#2122=CARTESIAN_POINT('',(0.00224,0.0022231389789977,0.00245765194445045));
#2123=CARTESIAN_POINT('',(0.,0.000500000000000007,-4.59242549680257E-21));
#2124=CARTESIAN_POINT('',(0.0001,0.000500000000000007,-0.00389871773792358));
#2125=CARTESIAN_POINT('',(0.0001,-0.0035000000000002,-0.00389871773792145));
#2126=CARTESIAN_POINT('',(0.,-0.0035,-4.59242549680257E-21));
#2127=CARTESIAN_POINT('',(0.00383898024090304,-0.0035,0.000687190446641996));
#2128=CARTESIAN_POINT('',(0.,-0.00428490284115285,-4.59242549680257E-21));
#2129=CARTESIAN_POINT('',(0.00259390493510212,-0.000958467045746874,0.00291232848210034));
#2130=CARTESIAN_POINT('',(0.00259390493510212,-0.000958467045746874,0.00291232848210034));
#2131=CARTESIAN_POINT('',(0.00262122730039361,-0.000903295982810504,0.00288799344619905));
#2132=CARTESIAN_POINT('',(0.00267493782108217,-0.000888819441731253,0.0028388411627593));
#2133=CARTESIAN_POINT('',(0.00272196211275863,-0.000888819441731297,0.00279301311430981));
#2134=CARTESIAN_POINT('',(-0.00323515233772896,-0.00167921676385038,0.00435286155976457));
#2135=CARTESIAN_POINT('',(-0.00190075917748147,-0.0024347604458704,0.00352176350954255));
#2136=CARTESIAN_POINT('',(-0.00257491716676387,-0.000939276690454439,0.00292912983397882));
#2137=CARTESIAN_POINT('',(-0.00406017345704532,-0.00233853793476266,0.00362760827176106));
#2138=CARTESIAN_POINT('',(-0.00258514249857113,-0.00276038993836827,0.00316357106779252));
#2139=CARTESIAN_POINT('',(-0.00323156662907801,-0.00159859786136647,0.00235188742108031));
#2140=CARTESIAN_POINT('',(-0.00462977952264078,-0.00325694886347098,0.00261735625018192));
#2141=CARTESIAN_POINT('',(-0.00333885778735727,-0.00342042449987633,0.00243753305013575));
#2142=CARTESIAN_POINT('',(-0.00368492655883877,-0.00251700879007535,0.00154780928145418));
#2143=CARTESIAN_POINT('',(-0.0048233341488269,-0.00423994007339594,0.00153606591926446));
#2144=CARTESIAN_POINT('',(-0.00370661970984877,-0.00433943565143412,0.00142662078342246));
#2145=CARTESIAN_POINT('',(-0.00383898024090305,-0.0035,0.000687190446641993));
#2146=CARTESIAN_POINT('',(-0.0048233341488269,-0.0035,0.000863393125268148));
#2147=CARTESIAN_POINT('',(-0.00259390493510212,-0.000958467045746873,0.00291232848210034));
#2148=CARTESIAN_POINT('',(-0.00244814176576312,-0.00125280133575475,0.00304215442949206));
#2149=CARTESIAN_POINT('',(-0.00245170286104404,-0.00183957238057047,0.00357857228964598));
#2150=CARTESIAN_POINT('',(-0.00301890548049067,-0.00186980844360774,0.00414321071203149));
#2151=CARTESIAN_POINT('',(-0.00330356058328062,-0.00173492751050256,0.00429157973844718));
#2152=CARTESIAN_POINT('',(0.,-0.00234603277728279,0.00213275707025708));
#2153=CARTESIAN_POINT('',(-0.0028,-0.000552697013511431,0.00410542641040557));
#2154=CARTESIAN_POINT('',(0.0075,-0.0035,0.00086339312526815));
#2155=CARTESIAN_POINT('',(-0.0065,-0.0035,0.00086339312526815));
#2156=CARTESIAN_POINT('',(-0.0048233341488269,-0.0035,0.000863393125268149));
#2157=CARTESIAN_POINT('',(-0.0065,-0.0035,0.0104782227426767));
#2158=CARTESIAN_POINT('',(-0.0065,-0.0035,0.000863393125268149));
#2159=CARTESIAN_POINT('',(-0.0065,-0.0035,-0.00475));
#2160=CARTESIAN_POINT('',(-0.0055,-0.0035,-0.00475));
#2161=CARTESIAN_POINT('',(-0.0048233341488269,-0.0035,0.000863393125268149));
#2162=CARTESIAN_POINT('',(0.,-0.00234603277728279,0.00213275707025708));
#2163=CARTESIAN_POINT('',(0.00259390493510212,-0.000958467045746874,0.00291232848210034));
#2164=CARTESIAN_POINT('',(0.00244814176576312,-0.00125280133575475,0.00304215442949206));
#2165=CARTESIAN_POINT('',(0.00245170286104483,-0.00183957238057122,0.00357857228964514));
#2166=CARTESIAN_POINT('',(0.00301890548048908,-0.00186980844360623,0.00414321071203314));
#2167=CARTESIAN_POINT('',(0.00330356058328061,-0.00173492751050256,0.00429157973844718));
#2168=CARTESIAN_POINT('',(0.0028,-0.00055269701351143,0.00410542641040557));
#2169=CARTESIAN_POINT('',(-0.0028,-0.000552697013511432,0.00410542641040557));
#2170=CARTESIAN_POINT('',(-0.0028,-0.000552697013511431,0.00410542641040557));
#2171=CARTESIAN_POINT('',(-0.0065,-0.0035,0.000863393125268149));
#2172=CARTESIAN_POINT('',(-0.0065,-0.0035,0.000863393125268149));
#2173=CARTESIAN_POINT('',(0.0075,-0.0035,-0.00575));
#2174=CARTESIAN_POINT('',(0.0001,-0.0035,-0.00575));
#2175=CARTESIAN_POINT('',(0.0055,-0.0035,-0.00575));
#2176=CARTESIAN_POINT('',(0.,-0.0035,-4.59242549680257E-21));
#2177=CARTESIAN_POINT('',(0.0001,-0.00450000000000002,-0.00489897948556636));
#2178=CARTESIAN_POINT('',(0.0001,-0.00450000000000002,-0.00463769402965813));
#2179=CARTESIAN_POINT('',(0.0001,-0.00428521034629912,-0.0041167302892951));
#2180=CARTESIAN_POINT('',(0.0001,-0.00376107235745599,-0.00389871773792366));
#2181=CARTESIAN_POINT('',(0.0001,-0.00350000000000035,-0.00389871773792357));
#2182=CARTESIAN_POINT('',(0.0048233341488269,-0.0035,0.000863393125268148));
#2183=CARTESIAN_POINT('',(0.0048233341488269,-0.00423994007339594,0.00153606591926446));
#2184=CARTESIAN_POINT('',(0.00370661970984877,-0.00433943565143412,0.00142662078342246));
#2185=CARTESIAN_POINT('',(0.00383898024090305,-0.0035,0.000687190446641993));
#2186=CARTESIAN_POINT('',(0.00462977952264078,-0.00325694886347082,0.00261735625018209));
#2187=CARTESIAN_POINT('',(0.00333885778735727,-0.00342042449987633,0.00243753305013601));
#2188=CARTESIAN_POINT('',(0.00368492655883876,-0.00251700879007535,0.00154780928145426));
#2189=CARTESIAN_POINT('',(0.004060173457047,-0.00233853793476106,0.00362760827176282));
#2190=CARTESIAN_POINT('',(0.00258514249857075,-0.00276038993837491,0.00316357106779124));
#2191=CARTESIAN_POINT('',(0.00323156662907881,-0.00159859786136537,0.0023518874210796));
#2192=CARTESIAN_POINT('',(0.00323515233772897,-0.00167921676385039,0.00435286155976456));
#2193=CARTESIAN_POINT('',(0.00190075917748148,-0.0024347604458704,0.00352176350954255));
#2194=CARTESIAN_POINT('',(0.00257491716676387,-0.000939276690454447,0.00292912983397881));
#2195=CARTESIAN_POINT('',(0.0048233341488269,-0.0035,0.000863393125268149));
#2196=CARTESIAN_POINT('',(0.0028,-0.000552697013511432,0.00410542641040557));
#2197=CARTESIAN_POINT('',(0.0028,-0.000552697013511432,0.00410542641040557));
#2198=CARTESIAN_POINT('',(-0.0028,-0.00126005992660405,0.00332732720600368));
#2199=CARTESIAN_POINT('',(-0.0028,0.000318465869622564,0.00506370558185296));
#2200=CARTESIAN_POINT('',(-0.0065,0.00312359806507978,0.0081493509968559));
#2201=CARTESIAN_POINT('',(-0.0065,-0.00269399375024377,0.00175));
#2202=CARTESIAN_POINT('',(0.0055,-0.0035,-0.00475));
#2203=CARTESIAN_POINT('',(0.0065,-0.0035,-0.00475));
#2204=CARTESIAN_POINT('',(0.0048233341488269,-0.0035,0.000863393125268149));
#2205=CARTESIAN_POINT('',(0.0048233341488269,-0.0035,0.00086339312526815));
#2206=CARTESIAN_POINT('',(0.0028,0.000858553822092296,0.00565780232956967));
#2207=CARTESIAN_POINT('',(0.0028,0.000318465869622564,0.00506370558185296));
#2208=CARTESIAN_POINT('',(0.0018,0.00143178433099607,0.00628835588936382));
#2209=CARTESIAN_POINT('',(0.0001,0.00143178433099607,0.00628835588936382));
#2210=CARTESIAN_POINT('',(0.0001,0.000495536284752755,0.006639695605174));
#2211=CARTESIAN_POINT('',(0.0013,0.00143178433099607,0.00628835588936382));
#2212=CARTESIAN_POINT('',(0.0013,0.000495536284752755,0.006639695605174));
#2213=CARTESIAN_POINT('',(0.,0.000495536284752755,0.006639695605174));
#2214=CARTESIAN_POINT('',(-0.0013,0.000691844257600127,0.00696102868336013));
#2215=CARTESIAN_POINT('',(-0.0013,0.000263304425290791,0.00648963486781986));
#2216=CARTESIAN_POINT('',(-0.0013,0.000509423552058634,0.00590202624582358));
#2217=CARTESIAN_POINT('',(-0.00169269913987636,0.000691844257578688,0.00696102868333655));
#2218=CARTESIAN_POINT('',(-0.00150867270111806,0.000263304425250097,0.00648963486777516));
#2219=CARTESIAN_POINT('',(-0.00143089971329206,0.000509423552063779,0.0059020262458113));
#2220=CARTESIAN_POINT('',(-0.00247497077363246,0.000450603569324858,0.00669566392625733));
#2221=CARTESIAN_POINT('',(-0.00193454856931983,6.63147755513124E-05,0.00627294625310622));
#2222=CARTESIAN_POINT('',(-0.00169165692454052,0.000468045667522053,0.0057203737708217));
#2223=CARTESIAN_POINT('',(-0.00279999999997802,-0.000130008076692404,0.00605699111563835));
#2224=CARTESIAN_POINT('',(-0.0019048413723572,-0.000296525926062779,0.00587382148133133));
#2225=CARTESIAN_POINT('',(-0.0018,0.00036845848006322,0.00528317744516689));
#2226=CARTESIAN_POINT('',(-0.0028,-0.00042147420377338,0.00573637837584927));
#2227=CARTESIAN_POINT('',(-0.0018,-0.000421474203773379,0.00573637837584927));
#2228=CARTESIAN_POINT('',(-0.0018,0.000318465869622566,0.00506370558185296));
#2229=CARTESIAN_POINT('',(-0.00254990891928661,0.000194037631528112,0.00641344139468091));
#2230=CARTESIAN_POINT('',(-0.00253354636387121,0.000200360947201167,0.00642039704192124));
#2231=CARTESIAN_POINT('',(-0.00251673815927519,0.000206821839105466,0.00642731286042132));
#2232=CARTESIAN_POINT('',(-0.00250000000000222,0.000213153301727803,0.00643390261610957));
#2233=CARTESIAN_POINT('',(-0.0025,0.000974598696809917,0.00674025489640584));
#2234=CARTESIAN_POINT('',(-0.0025,0.000508259942778978,0.00675908593705687));
#2235=CARTESIAN_POINT('',(-0.0025,0.000194310901172864,0.00641374199129014));
#2236=CARTESIAN_POINT('',(-0.00328299171644109,0.000974598688458893,0.00674025489674306));
#2237=CARTESIAN_POINT('',(-0.00322174817915033,0.00050825993401679,0.00675908592741982));
#2238=CARTESIAN_POINT('',(-0.00312639337315284,0.000194310893128658,0.00641374198244152));
#2239=CARTESIAN_POINT('',(-0.00480560892941756,0.000659680450256786,0.00636919651571079));
#2240=CARTESIAN_POINT('',(-0.00464297795718125,0.000199580462344722,0.00641953850857867));
#2241=CARTESIAN_POINT('',(-0.00434448714358462,-7.409953745724E-05,0.00611849050879703));
#2242=CARTESIAN_POINT('',(-0.00640522635391021,-0.000284966260714147,0.00506028735848135));
#2243=CARTESIAN_POINT('',(-0.00618433521811708,-0.000822041388922463,0.00529575447218504));
#2244=CARTESIAN_POINT('',(-0.00562418108295122,-0.00102656481871692,0.00507077869941138));
#2245=CARTESIAN_POINT('',(-0.00730311483777844,-0.00144400899606177,0.0034693363054652));
#2246=CARTESIAN_POINT('',(-0.00712922758511296,-0.0020776781784894,0.00391455400366328));
#2247=CARTESIAN_POINT('',(-0.00634249187087996,-0.00218347521671232,0.00379817726161643));
#2248=CARTESIAN_POINT('',(-0.0075,-0.00227570394660634,0.0023251484799978));
#2249=CARTESIAN_POINT('',(-0.00742550477758247,-0.0029761023122558,0.00292628745651472));
#2250=CARTESIAN_POINT('',(-0.00649999999858447,-0.00301564402000366,0.00288279157799597));
#2251=CARTESIAN_POINT('',(-0.0075,-0.00269399375024377,0.00175));
#2252=CARTESIAN_POINT('',(-0.0075,-0.00343393382363971,0.00242267279399631));
#2253=CARTESIAN_POINT('',(-0.0065,-0.00343393382363971,0.00242267279399631));
#2254=CARTESIAN_POINT('',(0.0065,-0.0035,-0.00275));
#2255=CARTESIAN_POINT('',(0.0065,-0.0035,0.00086339312526815));
#2256=CARTESIAN_POINT('',(0.0075,-0.0035,0.00086339312526815));
#2257=CARTESIAN_POINT('',(0.0065,-0.0035,0.000863393125268149));
#2258=CARTESIAN_POINT('',(0.0028,-0.00042147420377338,0.00573637837584927));
#2259=CARTESIAN_POINT('',(0.0018,-0.00042147420377338,0.00573637837584927));
#2260=CARTESIAN_POINT('',(0.0018,0.000318465869622565,0.00506370558185296));
#2261=CARTESIAN_POINT('',(0.00279999999997802,-0.000130008076692327,0.00605699111563843));
#2262=CARTESIAN_POINT('',(0.00190484137235745,-0.000296525926062682,0.00587382148133241));
#2263=CARTESIAN_POINT('',(0.0018,0.000368458480063348,0.00528317744516708));
#2264=CARTESIAN_POINT('',(0.0024749707736325,0.000450603569324821,0.00669566392625729));
#2265=CARTESIAN_POINT('',(0.00193454856931971,6.63147755510219E-05,0.00627294625310546));
#2266=CARTESIAN_POINT('',(0.00169165692454051,0.000468045667522108,0.00572037377082132));
#2267=CARTESIAN_POINT('',(0.00169269913987627,0.000691844257578688,0.00696102868333655));
#2268=CARTESIAN_POINT('',(0.00150867270111816,0.000263304425250511,0.00648963486777561));
#2269=CARTESIAN_POINT('',(0.00143089971329208,0.000509423552063539,0.00590202624581187));
#2270=CARTESIAN_POINT('',(0.0013,0.000691844257600127,0.00696102868336013));
#2271=CARTESIAN_POINT('',(0.0013,0.000263304425290791,0.00648963486781986));
#2272=CARTESIAN_POINT('',(0.0013,0.000509423552058633,0.00590202624582358));
#2273=CARTESIAN_POINT('',(0.0013,0.000495536284752757,0.00663969560517399));
#2274=CARTESIAN_POINT('',(0.0017248092447003,0.000495536284752756,0.00663969560517399));
#2275=CARTESIAN_POINT('',(0.00212848596279464,0.00035368412133119,0.00658016641376606));
#2276=CARTESIAN_POINT('',(0.00250000000000023,0.000213153301720178,0.00643390261609915));
#2277=CARTESIAN_POINT('',(0.0025,0.000213153301720196,0.00643390261609832));
#2278=CARTESIAN_POINT('',(0.00254990891928086,0.000194037631525784,0.00641344139467835));
#2279=CARTESIAN_POINT('',(0.00253354876594871,0.0002003600189253,0.00642039602081782));
#2280=CARTESIAN_POINT('',(0.00251673828921665,0.000206821789953756,0.00642731280926461));
#2281=CARTESIAN_POINT('',(0.00250000000000475,0.000213153301727299,0.0064339026161092));
#2282=CARTESIAN_POINT('',(-0.0025,0.000934250974568805,0.00574106919729383));
#2283=CARTESIAN_POINT('',(0.0001,0.000934250974568805,0.00574106919729383));
#2284=CARTESIAN_POINT('',(0.0025,0.000934250974568806,0.00574106919729383));
#2285=CARTESIAN_POINT('',(0.0065,-0.0035,0.000863393125268149));
#2286=CARTESIAN_POINT('',(0.0065,-0.0035,0.000863393125268149));
#2287=CARTESIAN_POINT('',(0.0075,-0.00269399375024377,0.00175));
#2288=CARTESIAN_POINT('',(0.0075,-0.00343393382363971,0.00242267279399631));
#2289=CARTESIAN_POINT('',(0.0065,-0.00343393382363971,0.00242267279399631));
#2290=CARTESIAN_POINT('',(0.0075,-0.00227569131675392,0.00232516584604489));
#2291=CARTESIAN_POINT('',(0.007425502611799,-0.0029760890032754,0.0029263020963936));
#2292=CARTESIAN_POINT('',(0.00649999999835061,-0.00301563139015128,0.00288280547083358));
#2293=CARTESIAN_POINT('',(0.00730503107299694,-0.00144871155022839,0.00346287671915499));
#2294=CARTESIAN_POINT('',(0.00713159025378747,-0.00208269055506664,0.00390904038942809));
#2295=CARTESIAN_POINT('',(0.00634402485916334,-0.00218817305301331,0.00379300964168535));
#2296=CARTESIAN_POINT('',(0.00640721471815642,-0.000286059059337828,0.00505876227053266));
#2297=CARTESIAN_POINT('',(0.00618633600899704,-0.000823408161109728,0.00529425102277924));
#2298=CARTESIAN_POINT('',(0.00562577177431897,-0.00102767412987024,0.00506955845714273));
#2299=CARTESIAN_POINT('',(0.00480691051233268,0.00065931712395552,0.00636878047574211));
#2300=CARTESIAN_POINT('',(0.00464419834933019,0.00019926222938511,0.00641918845232258));
#2301=CARTESIAN_POINT('',(0.00434552840992506,-7.44015315055906E-05,0.00611815831534384));
#2302=CARTESIAN_POINT('',(0.00328272773599233,0.000974598689399299,0.00674025489670508));
#2303=CARTESIAN_POINT('',(0.00322150484652886,0.000508259935003633,0.00675908592850641));
#2304=CARTESIAN_POINT('',(0.00312618218879384,0.000194310894034505,0.00641374198343795));
#2305=CARTESIAN_POINT('',(0.0025,0.000974598696809917,0.00674025489640584));
#2306=CARTESIAN_POINT('',(0.0025,0.000508259942778978,0.00675908593705687));
#2307=CARTESIAN_POINT('',(0.0025,0.000194310901172864,0.00641374199129014));
#2308=CARTESIAN_POINT('',(0.0065,-0.00269399375024377,0.00175));
#2309=CARTESIAN_POINT('',(0.0065,-0.00126005992660405,0.00332732720600368));
#2310=CARTESIAN_POINT('',(0.0001,-0.0015,0.00109738547764675));
#2311=CARTESIAN_POINT('',(0.0001,0.0015,0.));
#2312=CARTESIAN_POINT('',(-0.0001,-0.0015,0.00109738547764675));
#2313=CARTESIAN_POINT('',(-0.0001,0.0015,0.));
#2314=CARTESIAN_POINT('',(-0.0001,0.0015,0.));
#2315=CARTESIAN_POINT('',(-0.0001,0.0015,0.));
#2316=CARTESIAN_POINT('',(-0.0001,0.0015,0.));
#2317=CARTESIAN_POINT('',(0.0001,0.0015,0.));
#2318=CARTESIAN_POINT('',(-0.0001,-0.0015,0.00109738547764675));
#2319=CARTESIAN_POINT('',(0.0001,-0.0015,0.00109738547764675));
#2320=MECHANICAL_DESIGN_GEOMETRIC_PRESENTATION_REPRESENTATION('',(#1077),#2321);
#2321=(
GEOMETRIC_REPRESENTATION_CONTEXT(3)
GLOBAL_UNCERTAINTY_ASSIGNED_CONTEXT((#2322))
GLOBAL_UNIT_ASSIGNED_CONTEXT((#2325,#2324,#2323))
REPRESENTATION_CONTEXT('test_phalanx','TOP_LEVEL_ASSEMBLY_PART')
);
#2322=UNCERTAINTY_MEASURE_WITH_UNIT(LENGTH_MEASURE(2.E-05),#2325,'DISTANCE_ACCURACY_VALUE','Maximum Tolerance applied to model');
#2323=(
NAMED_UNIT(*)
SI_UNIT($,.STERADIAN.)
SOLID_ANGLE_UNIT()
);
#2324=(
NAMED_UNIT(*)
PLANE_ANGLE_UNIT()
SI_UNIT($,.RADIAN.)
);
#2325=(
LENGTH_UNIT()
NAMED_UNIT(*)
SI_UNIT($,.METRE.)
);
#2326=PRODUCT_DEFINITION_SHAPE('','',#2327);
#2327=PRODUCT_DEFINITION('','',#2329,#2328);
#2328=PRODUCT_DEFINITION_CONTEXT('',#2335,'design');
#2329=PRODUCT_DEFINITION_FORMATION_WITH_SPECIFIED_SOURCE('','',#2331,.NOT_KNOWN.);
#2330=PRODUCT_RELATED_PRODUCT_CATEGORY('','',(#2331));
#2331=PRODUCT('test_phalanx','test_phalanx','test_phalanx',(#2333));
#2332=PRODUCT_CATEGORY('','');
#2333=PRODUCT_CONTEXT('',#2335,'mechanical');
#2334=APPLICATION_PROTOCOL_DEFINITION('international standard','ap242_managed_model_based_3d_engineering',2020,#2335);
#2335=APPLICATION_CONTEXT('managed model based 3d engineering');
ENDSEC;
END-ISO-10303-21;
