ISO-10303-21;
HEADER;
/*Generated by software containing ST-Developer
 * from STEP Tools, Inc. (www.steptools.com) 
 */
/*OPTION: using custom renumber hook */
/*description */
/*implementation_level */
FILE_DESCRIPTION(('STEP AP242 Edition 2','STEP AP242 Edition 2''CAx-IF Rec.Pracs.---Representation and Presentation of Product Manufa
cturing Information (PMI)---4.0---2014-10-13','STEP AP242 Edition 2''CAx-IF Rec.Pracs.---Representation and Presentation of Product Manufa
cturing Information (PMI)---4.0---2014-10-13''CAx-IF Rec.Pracs.---3D Tessellated Geometry---0.4---2014-09-14','STEP AP242 Edition 2''CAx-IF Rec.Pracs.---Representation and Presentation of Product Manufa
cturing Information (PMI)---4.0---2014-10-13''CAx-IF Rec.Pracs.---3D Tessellated Geometry---0.4---2014-09-14''2;1','STEP AP242 Edition 2''CAx-IF Rec.Pracs.---Representation and Presentation of Product Manufa
cturing Information (PMI)---4.0---2014-10-13''CAx-IF Rec.Pracs.---3D Tessellated Geometry---0.4---2014-09-14''2;1''CAx-IF Rec.Pracs.---User Defined Attributes---1.5---2016-08-15'),'2;1');
/*name */
/*time_stamp */
/*author */
/*organization */
/*preprocessor_version */
/*originating_system */
/*authorisation */
FILE_NAME('/vol/tmp/translate-7504309739654416202/test_phalanx middle - test_phalanx_middle.step','2026-03-25T10:06:23',(''),(''),'ST-DEVELOPER v20','ONSHAPE BY PTC INC, 1.212','  ');
FILE_SCHEMA(('AP242_MANAGED_MODEL_BASED_3D_ENGINEERING_MIM_LF { 1 0 10303 442 3 1 4 }'));
ENDSEC;
DATA;
#10=SHAPE_REPRESENTATION_RELATIONSHIP('','',#1552,#11);
#11=ADVANCED_BREP_SHAPE_REPRESENTATION('',(#1550),#3341);
#12=(
B_SPLINE_SURFACE(3,2,((#2371,#2372,#2373),(#2374,#2375,#2376),(#2377,#2378,
#2379),(#2380,#2381,#2382),(#2383,#2384,#2385),(#2386,#2387,#2388),(#2389,
#2390,#2391),(#2392,#2393,#2394),(#2395,#2396,#2397),(#2398,#2399,#2400),(#2401,#2402,#2403),(#2404,#2405,#2406),(#2407,#2408,#2409),(#2410,#2411,
#2412),(#2413,#2414,#2415)),.UNSPECIFIED.,.F.,.F.,.F.)
B_SPLINE_SURFACE_WITH_KNOTS((4,1,1,1,1,1,1,1,1,1,1,1,4),(3,3),(0.0164864849106684,0.0188495330689406,0.0212125812272128,0.0235756293854851,0.0259386775437573,0.0283017257020295,0.0306647738603017,0.0318462979394378,0.0330278220185739,0.03420934609771,0.0345047271174941,0.0348001081372781,0.0353908701768461),(0.,1.),.UNSPECIFIED.)
BOUNDED_SURFACE()
GEOMETRIC_REPRESENTATION_ITEM()
RATIONAL_B_SPLINE_SURFACE(((1.,0.707106781186548,1.),(1.,0.707106781186548,
1.),(1.,0.707106781186547,1.),(1.,0.707106781186548,1.),(1.,0.707106781186547,
1.),(1.,0.707106781186547,1.),(1.,0.707106781186548,1.),(1.,0.707106781186547,
1.),(1.,0.707106781186547,1.),(1.,0.707106781186547,1.),(1.,0.707106781186547,
1.),(1.,0.707106781186547,1.),(1.,0.707106781186547,1.),(1.,0.707106781186547,
1.),(1.,0.707106781186547,1.)))
REPRESENTATION_ITEM('')
SURFACE()
);
#13=(
B_SPLINE_SURFACE(3,2,((#2432,#2433,#2434),(#2435,#2436,#2437),(#2438,#2439,
#2440),(#2441,#2442,#2443),(#2444,#2445,#2446),(#2447,#2448,#2449),(#2450,
#2451,#2452),(#2453,#2454,#2455),(#2456,#2457,#2458),(#2459,#2460,#2461),(#2462,#2463,#2464),(#2465,#2466,#2467),(#2468,#2469,#2470),(#2471,#2472,
#2473),(#2474,#2475,#2476)),.UNSPECIFIED.,.F.,.F.,.F.)
B_SPLINE_SURFACE_WITH_KNOTS((4,1,1,1,1,1,1,1,1,1,1,1,4),(3,3),(0.017498171141333,0.0180904033092486,0.0183865193932064,0.0186826354771641,0.0198670998129952,0.0210515641488263,0.0222360284846574,0.0246049571563196,0.0269738858279818,0.029342814499644,0.0317117431713062,0.0340806718429685,0.0364496005146306),(0.,1.),.UNSPECIFIED.)
BOUNDED_SURFACE()
GEOMETRIC_REPRESENTATION_ITEM()
RATIONAL_B_SPLINE_SURFACE(((1.,0.707106781186547,1.),(1.,0.707106781186547,
1.),(1.,0.707106781186547,1.),(1.,0.707106781186547,1.),(1.,0.707106781186548,
1.),(1.,0.707106781186548,1.),(1.,0.707106781186547,1.),(1.,0.707106781186547,
1.),(1.,0.707106781186547,1.),(1.,0.707106781186547,1.),(1.,0.707106781186547,
1.),(1.,0.707106781186547,1.),(1.,0.707106781186548,1.),(1.,0.707106781186548,
1.),(1.,0.707106781186548,1.)))
REPRESENTATION_ITEM('')
SURFACE()
);
#14=(
B_SPLINE_SURFACE(3,2,((#2592,#2593,#2594),(#2595,#2596,#2597),(#2598,#2599,
#2600),(#2601,#2602,#2603)),.UNSPECIFIED.,.F.,.F.,.F.)
B_SPLINE_SURFACE_WITH_KNOTS((4,4),(3,3),(-2.92734586571086E-18,0.000460657336633611),(0.,1.),.PIECEWISE_BEZIER_KNOTS.)
BOUNDED_SURFACE()
GEOMETRIC_REPRESENTATION_ITEM()
RATIONAL_B_SPLINE_SURFACE(((1.,0.707106781186547,1.),(1.,0.723702827105388,
1.),(1.,0.740764820829196,1.),(1.,0.758267156767566,1.)))
REPRESENTATION_ITEM('')
SURFACE()
);
#15=(
B_SPLINE_SURFACE(3,2,((#2605,#2606,#2607),(#2608,#2609,#2610),(#2611,#2612,
#2613),(#2614,#2615,#2616),(#2617,#2618,#2619)),.UNSPECIFIED.,.F.,.F.,.F.)
B_SPLINE_SURFACE_WITH_KNOTS((4,1,4),(3,3),(-1.35525271560688E-18,0.000962214449129958,0.00192442889825992),(0.,1.),.UNSPECIFIED.)
BOUNDED_SURFACE()
GEOMETRIC_REPRESENTATION_ITEM()
RATIONAL_B_SPLINE_SURFACE(((1.,0.758267156767565,1.),(1.,0.828883676291025,
1.),(1.,0.967249525361554,1.),(1.,1.00000001473588,1.),(1.,1.,1.)))
REPRESENTATION_ITEM('')
SURFACE()
);
#16=(
B_SPLINE_SURFACE(3,2,((#2623,#2624,#2625),(#2626,#2627,#2628),(#2629,#2630,
#2631),(#2632,#2633,#2634)),.UNSPECIFIED.,.F.,.F.,.F.)
B_SPLINE_SURFACE_WITH_KNOTS((4,4),(3,3),(-3.36102673470506E-18,0.00046065733663361),(0.,1.),.PIECEWISE_BEZIER_KNOTS.)
BOUNDED_SURFACE()
GEOMETRIC_REPRESENTATION_ITEM()
RATIONAL_B_SPLINE_SURFACE(((1.,0.758267156767565,1.),(1.,0.740764820829349,
1.),(1.,0.72370282710537,1.),(1.,0.707106781186547,1.)))
REPRESENTATION_ITEM('')
SURFACE()
);
#17=(
B_SPLINE_SURFACE(3,2,((#2636,#2637,#2638),(#2639,#2640,#2641),(#2642,#2643,
#2644),(#2645,#2646,#2647),(#2648,#2649,#2650)),.UNSPECIFIED.,.F.,.F.,.F.)
B_SPLINE_SURFACE_WITH_KNOTS((4,1,4),(3,3),(-8.13151629364128E-19,0.000962214449129958,0.00192442889825992),(0.,1.),.UNSPECIFIED.)
BOUNDED_SURFACE()
GEOMETRIC_REPRESENTATION_ITEM()
RATIONAL_B_SPLINE_SURFACE(((1.,0.758267156767565,1.),(1.,0.828883676291314,
1.),(1.,0.967249525361418,1.),(1.,1.00000001473586,1.),(1.,1.,1.)))
REPRESENTATION_ITEM('')
SURFACE()
);
#18=(
B_SPLINE_SURFACE(3,2,((#2662,#2663,#2664),(#2665,#2666,#2667),(#2668,#2669,
#2670),(#2671,#2672,#2673)),.UNSPECIFIED.,.F.,.F.,.F.)
B_SPLINE_SURFACE_WITH_KNOTS((4,4),(3,3),(3.8627244905741,4.53526155055221),(0.,1.),.PIECEWISE_BEZIER_KNOTS.)
BOUNDED_SURFACE()
GEOMETRIC_REPRESENTATION_ITEM()
RATIONAL_B_SPLINE_SURFACE(((1.,0.497384705181669,1.),(1.,0.547427905546962,
1.),(1.,0.607981428976832,1.),(1.,0.663879978557462,1.)))
REPRESENTATION_ITEM('')
SURFACE()
);
#19=(
B_SPLINE_SURFACE(3,2,((#2713,#2714,#2715),(#2716,#2717,#2718),(#2719,#2720,
#2721),(#2722,#2723,#2724)),.UNSPECIFIED.,.F.,.F.,.F.)
B_SPLINE_SURFACE_WITH_KNOTS((4,4),(3,3),(1.74792375662738,2.42046081660548),(0.,1.),.PIECEWISE_BEZIER_KNOTS.)
BOUNDED_SURFACE()
GEOMETRIC_REPRESENTATION_ITEM()
RATIONAL_B_SPLINE_SURFACE(((1.,0.663879978557462,1.),(1.,0.607981428976832,
1.),(1.,0.547427905545647,1.),(1.,0.49738470518167,1.)))
REPRESENTATION_ITEM('')
SURFACE()
);
#20=(
B_SPLINE_SURFACE(3,2,((#2736,#2737,#2738),(#2739,#2740,#2741),(#2742,#2743,
#2744),(#2745,#2746,#2747),(#2748,#2749,#2750)),.UNSPECIFIED.,.F.,.F.,.F.)
B_SPLINE_SURFACE_WITH_KNOTS((4,1,4),(3,3),(1.5707963267949,2.35619449019234,3.14159265358979),(0.,1.),.UNSPECIFIED.)
BOUNDED_SURFACE()
GEOMETRIC_REPRESENTATION_ITEM()
RATIONAL_B_SPLINE_SURFACE(((1.,0.707106781186547,1.),(1.,0.746224357483129,
1.),(1.,0.816921752314576,1.),(1.,0.843391445811578,1.),(1.,0.843391445812886,
1.)))
REPRESENTATION_ITEM('')
SURFACE()
);
#21=(
B_SPLINE_SURFACE(3,2,((#2761,#2762,#2763),(#2764,#2765,#2766),(#2767,#2768,
#2769),(#2770,#2771,#2772),(#2773,#2774,#2775)),.UNSPECIFIED.,.F.,.F.,.F.)
B_SPLINE_SURFACE_WITH_KNOTS((4,1,4),(3,3),(0.,0.785398163397448,1.5707963267949),(0.,1.),.UNSPECIFIED.)
BOUNDED_SURFACE()
GEOMETRIC_REPRESENTATION_ITEM()
RATIONAL_B_SPLINE_SURFACE(((1.,0.843391445812886,1.),(1.,0.843391445811425,
1.),(1.,0.816921752314616,1.),(1.,0.7462243574832,1.),(1.,0.707106781186547,
1.)))
REPRESENTATION_ITEM('')
SURFACE()
);
#22=(
B_SPLINE_SURFACE(3,2,((#2776,#2777,#2778),(#2779,#2780,#2781),(#2782,#2783,
#2784),(#2785,#2786,#2787),(#2788,#2789,#2790),(#2791,#2792,#2793)),.UNSPECIFIED.,.F.,.F.,.F.)
B_SPLINE_SURFACE_WITH_KNOTS((4,1,1,4),(3,3),(-2.54787510534094E-18,0.000460823096804743,0.000921646193609489,0.00184329238721898),(0.,1.),.UNSPECIFIED.)
BOUNDED_SURFACE()
GEOMETRIC_REPRESENTATION_ITEM()
RATIONAL_B_SPLINE_SURFACE(((1.,0.90676704339984,1.),(1.,0.906767037322391,
1.),(1.,0.894396028535154,1.),(1.,0.834299055697318,1.),(1.,0.761636049083007,
1.),(1.,0.707106781186547,1.)))
REPRESENTATION_ITEM('')
SURFACE()
);
#23=(
B_SPLINE_SURFACE(3,2,((#2803,#2804,#2805),(#2806,#2807,#2808),(#2809,#2810,
#2811),(#2812,#2813,#2814),(#2815,#2816,#2817),(#2818,#2819,#2820)),.UNSPECIFIED.,.F.,.F.,.F.)
B_SPLINE_SURFACE_WITH_KNOTS((4,1,1,4),(3,3),(-5.42101086242752E-19,0.000920355445249258,0.00138053316787389,0.00184071089049852),(0.,1.),.UNSPECIFIED.)
BOUNDED_SURFACE()
GEOMETRIC_REPRESENTATION_ITEM()
RATIONAL_B_SPLINE_SURFACE(((1.,0.707106781186548,1.),(1.,0.761634765188242,
1.),(1.,0.834153895786581,1.),(1.,0.894380722541962,1.),(1.,0.906767038155194,
1.),(1.,0.906767043399836,1.)))
REPRESENTATION_ITEM('')
SURFACE()
);
#24=(
B_SPLINE_SURFACE(3,2,((#2919,#2920,#2921),(#2922,#2923,#2924),(#2925,#2926,
#2927),(#2928,#2929,#2930),(#2931,#2932,#2933),(#2934,#2935,#2936)),.UNSPECIFIED.,.F.,.F.,.F.)
B_SPLINE_SURFACE_WITH_KNOTS((4,1,1,4),(3,3),(0.00814677578093017,0.0125348305850639,0.0147288579871307,0.0169228853891975),(0.,1.),.UNSPECIFIED.)
BOUNDED_SURFACE()
GEOMETRIC_REPRESENTATION_ITEM()
RATIONAL_B_SPLINE_SURFACE(((1.,0.707106781186548,1.),(1.,0.707106781186548,
1.),(1.,0.707106781186548,1.),(1.,0.707106781186548,1.),(1.,0.707106781186548,
1.),(1.,0.707106781186548,1.)))
REPRESENTATION_ITEM('')
SURFACE()
);
#25=(
B_SPLINE_SURFACE(3,2,((#2953,#2954,#2955),(#2956,#2957,#2958),(#2959,#2960,
#2961),(#2962,#2963,#2964),(#2965,#2966,#2967),(#2968,#2969,#2970)),.UNSPECIFIED.,.F.,.F.,.F.)
B_SPLINE_SURFACE_WITH_KNOTS((4,1,1,4),(3,3),(0.00814677578110709,0.0125348305852488,0.0147288579873196,0.0169228853893904),(0.,1.),.UNSPECIFIED.)
BOUNDED_SURFACE()
GEOMETRIC_REPRESENTATION_ITEM()
RATIONAL_B_SPLINE_SURFACE(((1.,0.707106781186548,1.),(1.,0.707106781186548,
1.),(1.,0.707106781186546,1.),(1.,0.707106781186548,1.),(1.,0.707106781186548,
1.),(1.,0.707106781186548,1.)))
REPRESENTATION_ITEM('')
SURFACE()
);
#26=(
B_SPLINE_SURFACE(3,2,((#3098,#3099,#3100),(#3101,#3102,#3103),(#3104,#3105,
#3106),(#3107,#3108,#3109),(#3110,#3111,#3112),(#3113,#3114,#3115),(#3116,
#3117,#3118)),.UNSPECIFIED.,.F.,.F.,.F.)
B_SPLINE_SURFACE_WITH_KNOTS((4,1,1,1,4),(3,3),(2.16840434497101E-19,0.000921517112487595,0.00184303422497519,0.00276455133746279,0.00368606844995038),(0.,1.),.UNSPECIFIED.)
BOUNDED_SURFACE()
GEOMETRIC_REPRESENTATION_ITEM()
RATIONAL_B_SPLINE_SURFACE(((1.,0.707106781186551,1.),(1.,0.702734140592874,
1.),(1.,0.752567950383429,1.),(1.,0.887594131877097,1.),(1.,0.978432386119114,
1.),(1.,1.00000000008193,1.),(1.,1.,1.)))
REPRESENTATION_ITEM('')
SURFACE()
);
#27=(
B_SPLINE_SURFACE(3,2,((#3122,#3123,#3124),(#3125,#3126,#3127),(#3128,#3129,
#3130),(#3131,#3132,#3133)),.UNSPECIFIED.,.F.,.F.,.F.)
B_SPLINE_SURFACE_WITH_KNOTS((4,4),(3,3),(-1.04083408558608E-17,2.62227910608997E-06),(0.,1.),.PIECEWISE_BEZIER_KNOTS.)
BOUNDED_SURFACE()
GEOMETRIC_REPRESENTATION_ITEM()
RATIONAL_B_SPLINE_SURFACE(((1.,0.707279270037451,1.),(1.,0.707221598804945,
1.),(1.,0.707164102467889,1.),(1.,0.707106781186556,1.)))
REPRESENTATION_ITEM('')
SURFACE()
);
#28=(
B_SPLINE_SURFACE(3,2,((#3135,#3136,#3137),(#3138,#3139,#3140),(#3141,#3142,
#3143),(#3144,#3145,#3146)),.UNSPECIFIED.,.F.,.F.,.F.)
B_SPLINE_SURFACE_WITH_KNOTS((4,4),(3,3),(2.60646236137268E-06,0.000554252910233678),(0.,1.),.PIECEWISE_BEZIER_KNOTS.)
BOUNDED_SURFACE()
GEOMETRIC_REPRESENTATION_ITEM()
RATIONAL_B_SPLINE_SURFACE(((1.,0.707279270037456,1.),(1.,0.719452158757022,
1.),(1.,0.73248440394463,1.),(1.,0.746530940554082,1.)))
REPRESENTATION_ITEM('')
SURFACE()
);
#29=(
B_SPLINE_SURFACE(3,2,((#3148,#3149,#3150),(#3151,#3152,#3153),(#3154,#3155,
#3156),(#3157,#3158,#3159),(#3160,#3161,#3162)),.UNSPECIFIED.,.F.,.F.,.F.)
B_SPLINE_SURFACE_WITH_KNOTS((4,1,4),(3,3),(1.36609473733174E-17,0.00115910355458474,0.00231820710916947),(0.,1.),.UNSPECIFIED.)
BOUNDED_SURFACE()
GEOMETRIC_REPRESENTATION_ITEM()
RATIONAL_B_SPLINE_SURFACE(((1.,0.74653094055409,1.),(1.,0.802565987380642,
1.),(1.,0.952636860632315,1.),(1.,1.0000000147486,1.),(1.,1.,1.)))
REPRESENTATION_ITEM('')
SURFACE()
);
#30=(
B_SPLINE_SURFACE(3,2,((#3163,#3164,#3165),(#3166,#3167,#3168),(#3169,#3170,
#3171),(#3172,#3173,#3174),(#3175,#3176,#3177)),.UNSPECIFIED.,.F.,.F.,.F.)
B_SPLINE_SURFACE_WITH_KNOTS((4,1,4),(3,3),(1.36609473733174E-17,0.00115910355458474,0.00231820710916947),(0.,1.),.UNSPECIFIED.)
BOUNDED_SURFACE()
GEOMETRIC_REPRESENTATION_ITEM()
RATIONAL_B_SPLINE_SURFACE(((1.,0.74653094055409,1.),(1.,0.802565987380642,
1.),(1.,0.952636860632325,1.),(1.,1.00000001474858,1.),(1.,1.,1.)))
REPRESENTATION_ITEM('')
SURFACE()
);
#31=(
B_SPLINE_SURFACE(3,2,((#3179,#3180,#3181),(#3182,#3183,#3184),(#3185,#3186,
#3187),(#3188,#3189,#3190)),.UNSPECIFIED.,.F.,.F.,.F.)
B_SPLINE_SURFACE_WITH_KNOTS((4,4),(3,3),(1.95156391047391E-17,0.000551646526471387),(0.,1.),.PIECEWISE_BEZIER_KNOTS.)
BOUNDED_SURFACE()
GEOMETRIC_REPRESENTATION_ITEM()
RATIONAL_B_SPLINE_SURFACE(((1.,0.746530940554082,1.),(1.,0.73248523021554,
1.),(1.,0.71945289283042,1.),(1.,0.707279270037451,1.)))
REPRESENTATION_ITEM('')
SURFACE()
);
#32=(
B_SPLINE_SURFACE(3,2,((#3192,#3193,#3194),(#3195,#3196,#3197),(#3198,#3199,
#3200),(#3201,#3202,#3203)),.UNSPECIFIED.,.F.,.F.,.F.)
B_SPLINE_SURFACE_WITH_KNOTS((4,4),(3,3),(-1.04083408558608E-17,2.62227910608997E-06),(0.,1.),.PIECEWISE_BEZIER_KNOTS.)
BOUNDED_SURFACE()
GEOMETRIC_REPRESENTATION_ITEM()
RATIONAL_B_SPLINE_SURFACE(((1.,0.707279270037451,1.),(1.,0.707221598804945,
1.),(1.,0.707164102467889,1.),(1.,0.707106781186556,1.)))
REPRESENTATION_ITEM('')
SURFACE()
);
#33=(
B_SPLINE_SURFACE(3,2,((#3207,#3208,#3209),(#3210,#3211,#3212),(#3213,#3214,
#3215),(#3216,#3217,#3218),(#3219,#3220,#3221),(#3222,#3223,#3224),(#3225,
#3226,#3227)),.UNSPECIFIED.,.F.,.F.,.F.)
B_SPLINE_SURFACE_WITH_KNOTS((4,1,1,1,4),(3,3),(-4.87890977618477E-18,0.000921517112487589,0.00184303422497518,0.00276455133746278,0.00368606844995037),(0.,1.),.UNSPECIFIED.)
BOUNDED_SURFACE()
GEOMETRIC_REPRESENTATION_ITEM()
RATIONAL_B_SPLINE_SURFACE(((1.,0.70710678118655,1.),(1.,0.702734140593186,
1.),(1.,0.752567950383284,1.),(1.,0.887594131877135,1.),(1.,0.978432386119103,
1.),(1.,1.00000000008193,1.),(1.,1.,1.)))
REPRESENTATION_ITEM('')
SURFACE()
);
#34=(
B_SPLINE_SURFACE(3,2,((#3228,#3229,#3230),(#3231,#3232,#3233),(#3234,#3235,
#3236),(#3237,#3238,#3239),(#3240,#3241,#3242)),.UNSPECIFIED.,.F.,.F.,.F.)
B_SPLINE_SURFACE_WITH_KNOTS((4,1,4),(3,3),(9.64939933512099E-18,0.00115910355458474,0.00231820710916947),(0.,1.),.UNSPECIFIED.)
BOUNDED_SURFACE()
GEOMETRIC_REPRESENTATION_ITEM()
RATIONAL_B_SPLINE_SURFACE(((1.,0.74653094055409,1.),(1.,0.802565987380554,
1.),(1.,0.95263686063237,1.),(1.,1.00000001474858,1.),(1.,1.,1.)))
REPRESENTATION_ITEM('')
SURFACE()
);
#35=(
B_SPLINE_SURFACE(3,2,((#3244,#3245,#3246),(#3247,#3248,#3249),(#3250,#3251,
#3252),(#3253,#3254,#3255)),.UNSPECIFIED.,.F.,.F.,.F.)
B_SPLINE_SURFACE_WITH_KNOTS((4,4),(3,3),(-3.42607886505419E-17,0.000554252910233675),(0.,1.),.PIECEWISE_BEZIER_KNOTS.)
BOUNDED_SURFACE()
GEOMETRIC_REPRESENTATION_ITEM()
RATIONAL_B_SPLINE_SURFACE(((1.,0.707106781186554,1.),(1.,0.71932904797237,
1.),(1.,0.732418035767835,1.),(1.,0.746530940554082,1.)))
REPRESENTATION_ITEM('')
SURFACE()
);
#36=(
B_SPLINE_SURFACE(3,2,((#3259,#3260,#3261),(#3262,#3263,#3264),(#3265,#3266,
#3267),(#3268,#3269,#3270)),.UNSPECIFIED.,.F.,.F.,.F.)
B_SPLINE_SURFACE_WITH_KNOTS((4,4),(3,3),(7.58941520739853E-19,0.00221500928791783),(0.,1.),.PIECEWISE_BEZIER_KNOTS.)
BOUNDED_SURFACE()
GEOMETRIC_REPRESENTATION_ITEM()
RATIONAL_B_SPLINE_SURFACE(((1.,0.879828818277413,1.),(1.,0.833208149363018,
1.),(1.,0.772149501370737,1.),(1.,0.707106781186536,1.)))
REPRESENTATION_ITEM('')
SURFACE()
);
#37=(
B_SPLINE_SURFACE(3,2,((#3272,#3273,#3274),(#3275,#3276,#3277),(#3278,#3279,
#3280),(#3281,#3282,#3283)),.UNSPECIFIED.,.F.,.F.,.F.)
B_SPLINE_SURFACE_WITH_KNOTS((4,4),(3,3),(-1.29453739394769E-16,0.00185748041110253),(0.,1.),.PIECEWISE_BEZIER_KNOTS.)
BOUNDED_SURFACE()
GEOMETRIC_REPRESENTATION_ITEM()
RATIONAL_B_SPLINE_SURFACE(((1.,0.879828818277413,1.),(1.,0.955177216443646,
1.),(1.,1.00000000017501,1.),(1.,1.,1.)))
REPRESENTATION_ITEM('')
SURFACE()
);
#38=(
B_SPLINE_SURFACE(3,2,((#3284,#3285,#3286),(#3287,#3288,#3289),(#3290,#3291,
#3292),(#3293,#3294,#3295)),.UNSPECIFIED.,.F.,.F.,.F.)
B_SPLINE_SURFACE_WITH_KNOTS((4,4),(3,3),(-6.73289549113498E-17,0.00185748041110263),(0.,1.),.PIECEWISE_BEZIER_KNOTS.)
BOUNDED_SURFACE()
GEOMETRIC_REPRESENTATION_ITEM()
RATIONAL_B_SPLINE_SURFACE(((1.,0.879828818277553,1.),(1.,0.955177216318057,
1.),(1.,1.00000000017501,1.),(1.,1.,1.)))
REPRESENTATION_ITEM('')
SURFACE()
);
#39=(
B_SPLINE_SURFACE(3,2,((#3297,#3298,#3299),(#3300,#3301,#3302),(#3303,#3304,
#3305),(#3306,#3307,#3308)),.UNSPECIFIED.,.F.,.F.,.F.)
B_SPLINE_SURFACE_WITH_KNOTS((4,4),(3,3),(1.95156391047391E-18,0.00222437086506624),(0.,1.),.PIECEWISE_BEZIER_KNOTS.)
BOUNDED_SURFACE()
GEOMETRIC_REPRESENTATION_ITEM()
RATIONAL_B_SPLINE_SURFACE(((1.,0.707106781186539,1.),(1.,0.772296731277398,
1.),(1.,0.833058655141615,1.),(1.,0.879828818277553,1.)))
REPRESENTATION_ITEM('')
SURFACE()
);
#40=(
B_SPLINE_SURFACE(3,2,((#3312,#3313,#3314),(#3315,#3316,#3317),(#3318,#3319,
#3320),(#3321,#3322,#3323)),.UNSPECIFIED.,.F.,.F.,.F.)
B_SPLINE_SURFACE_WITH_KNOTS((4,4),(3,3),(1.88651178012478E-17,0.000554252910233743),(0.,1.),.PIECEWISE_BEZIER_KNOTS.)
BOUNDED_SURFACE()
GEOMETRIC_REPRESENTATION_ITEM()
RATIONAL_B_SPLINE_SURFACE(((1.,0.746530940554082,1.),(1.,0.732418035767918,
1.),(1.,0.71932904797237,1.),(1.,0.707106781186554,1.)))
REPRESENTATION_ITEM('')
SURFACE()
);
#41=(
B_SPLINE_SURFACE(3,2,((#3325,#3326,#3327),(#3328,#3329,#3330),(#3331,#3332,
#3333),(#3334,#3335,#3336),(#3337,#3338,#3339)),.UNSPECIFIED.,.F.,.F.,.F.)
B_SPLINE_SURFACE_WITH_KNOTS((4,1,4),(3,3),(9.75781955236954E-18,0.00115910355458474,0.00231820710916947),(0.,1.),.UNSPECIFIED.)
BOUNDED_SURFACE()
GEOMETRIC_REPRESENTATION_ITEM()
RATIONAL_B_SPLINE_SURFACE(((1.,0.74653094055409,1.),(1.,0.802565987380554,
1.),(1.,0.952636860632358,1.),(1.,1.0000000147486,1.),(1.,1.,1.)))
REPRESENTATION_ITEM('')
SURFACE()
);
#42=ELLIPSE('',#1573,0.00592055531235133,0.0039);
#43=ELLIPSE('',#1587,0.00165506687844374,0.0015);
#44=ELLIPSE('',#1589,0.00662215789653279,0.0049);
#45=ELLIPSE('',#1606,0.00165506687844374,0.0015);
#46=ELLIPSE('',#1607,0.00662215789653279,0.0049);
#47=ELLIPSE('',#1623,0.000859794377814544,0.0005);
#48=ELLIPSE('',#1627,0.000859794377814545,0.0005);
#49=ELLIPSE('',#1632,0.00592055531235133,0.0039);
#50=CYLINDRICAL_SURFACE('',#1572,0.0039);
#51=CYLINDRICAL_SURFACE('',#1575,0.001);
#52=CYLINDRICAL_SURFACE('',#1580,0.001);
#53=CYLINDRICAL_SURFACE('',#1583,0.001);
#54=CYLINDRICAL_SURFACE('',#1594,0.002);
#55=CYLINDRICAL_SURFACE('',#1599,0.002);
#56=CYLINDRICAL_SURFACE('',#1601,0.002);
#57=CYLINDRICAL_SURFACE('',#1622,0.0005);
#58=CYLINDRICAL_SURFACE('',#1626,0.0005);
#59=CYLINDRICAL_SURFACE('',#1630,0.0039);
#60=CYLINDRICAL_SURFACE('',#1636,0.001);
#61=CYLINDRICAL_SURFACE('',#1639,0.001);
#62=CYLINDRICAL_SURFACE('',#1652,0.001);
#63=CYLINDRICAL_SURFACE('',#1658,0.001);
#64=CYLINDRICAL_SURFACE('',#1660,0.001);
#65=CYLINDRICAL_SURFACE('',#1662,0.001);
#66=CYLINDRICAL_SURFACE('',#1669,0.001);
#67=CYLINDRICAL_SURFACE('',#1671,0.001);
#68=CYLINDRICAL_SURFACE('',#1673,0.001);
#69=CYLINDRICAL_SURFACE('',#1675,0.001);
#70=CYLINDRICAL_SURFACE('',#1681,0.001);
#71=CYLINDRICAL_SURFACE('',#1703,0.001);
#72=CYLINDRICAL_SURFACE('',#1704,0.001);
#73=CYLINDRICAL_SURFACE('',#1723,0.001);
#74=CYLINDRICAL_SURFACE('',#1728,0.001);
#75=TOROIDAL_SURFACE('',#1570,0.00330718913883074,0.001);
#76=TOROIDAL_SURFACE('',#1578,0.0049,0.001);
#77=TOROIDAL_SURFACE('',#1618,0.00414246303544159,0.001);
#78=TOROIDAL_SURFACE('',#1620,0.00414246303544159,0.001);
#79=TOROIDAL_SURFACE('',#1634,0.00386619677295185,0.001);
#80=TOROIDAL_SURFACE('',#1642,0.001,0.001);
#81=TOROIDAL_SURFACE('',#1644,0.00386619677295185,0.001);
#82=TOROIDAL_SURFACE('',#1655,0.0049,0.001);
#83=TOROIDAL_SURFACE('',#1664,0.001,0.001);
#84=TOROIDAL_SURFACE('',#1707,0.00336303434416005,0.001);
#85=TOROIDAL_SURFACE('',#1708,0.00417582327212252,0.001);
#86=TOROIDAL_SURFACE('',#1709,0.00417582327212252,0.001);
#87=TOROIDAL_SURFACE('',#1710,0.00336303434416005,0.001);
#88=TOROIDAL_SURFACE('',#1712,0.002,0.001);
#89=TOROIDAL_SURFACE('',#1719,0.002,0.001);
#90=VERTEX_LOOP('',#1056);
#91=SPHERICAL_SURFACE('',#1559,0.004);
#92=SPHERICAL_SURFACE('',#1590,0.002);
#93=SPHERICAL_SURFACE('',#1596,0.002);
#94=SPHERICAL_SURFACE('',#1643,0.001);
#95=SPHERICAL_SURFACE('',#1646,0.001);
#96=SPHERICAL_SURFACE('',#1648,0.001);
#97=SPHERICAL_SURFACE('',#1650,0.001);
#98=SPHERICAL_SURFACE('',#1666,0.001);
#99=SPHERICAL_SURFACE('',#1678,0.001);
#100=SPHERICAL_SURFACE('',#1698,0.004);
#101=CIRCLE('',#1555,0.0049);
#102=CIRCLE('',#1556,0.001);
#103=CIRCLE('',#1558,0.00330718913883074);
#104=CIRCLE('',#1560,0.0039);
#105=CIRCLE('',#1561,0.00399874980462644);
#106=CIRCLE('',#1562,0.00370809924354783);
#107=CIRCLE('',#1563,0.00399874980462644);
#108=CIRCLE('',#1564,0.0039);
#109=CIRCLE('',#1565,0.00309295741836148);
#110=CIRCLE('',#1566,0.00331397042835328);
#111=CIRCLE('',#1567,0.0026457513110646);
#112=CIRCLE('',#1568,0.00331397042835328);
#113=CIRCLE('',#1569,0.00309295741836148);
#114=CIRCLE('',#1571,0.00330718913883074);
#115=CIRCLE('',#1574,0.0039);
#116=CIRCLE('',#1576,0.001);
#117=CIRCLE('',#1577,0.001);
#118=CIRCLE('',#1579,0.001);
#119=CIRCLE('',#1581,0.001);
#120=CIRCLE('',#1582,0.001);
#121=CIRCLE('',#1584,0.001);
#122=CIRCLE('',#1585,0.001);
#123=CIRCLE('',#1588,0.00386619677295185);
#124=CIRCLE('',#1591,0.002);
#125=CIRCLE('',#1592,0.002);
#126=CIRCLE('',#1593,0.002);
#127=CIRCLE('',#1595,0.002);
#128=CIRCLE('',#1597,0.002);
#129=CIRCLE('',#1598,0.002);
#130=CIRCLE('',#1600,0.002);
#131=CIRCLE('',#1602,0.002);
#132=CIRCLE('',#1605,0.00386619677295185);
#133=CIRCLE('',#1609,0.001);
#134=CIRCLE('',#1610,0.0049);
#135=CIRCLE('',#1615,0.00414246303544159);
#136=CIRCLE('',#1617,0.00414246303544159);
#137=CIRCLE('',#1619,0.001);
#138=CIRCLE('',#1621,0.001);
#139=CIRCLE('',#1624,0.0005);
#140=CIRCLE('',#1625,0.0005);
#141=CIRCLE('',#1628,0.0005);
#142=CIRCLE('',#1629,0.0005);
#143=CIRCLE('',#1631,0.0039);
#144=CIRCLE('',#1633,0.001);
#145=CIRCLE('',#1635,0.001);
#146=CIRCLE('',#1637,0.001);
#147=CIRCLE('',#1638,0.001);
#148=CIRCLE('',#1640,0.001);
#149=CIRCLE('',#1641,0.001);
#150=CIRCLE('',#1645,0.001);
#151=CIRCLE('',#1647,0.001);
#152=CIRCLE('',#1649,0.001);
#153=CIRCLE('',#1651,0.001);
#154=CIRCLE('',#1653,0.001);
#155=CIRCLE('',#1654,0.001);
#156=CIRCLE('',#1656,0.001);
#157=CIRCLE('',#1657,0.001);
#158=CIRCLE('',#1659,0.001);
#159=CIRCLE('',#1661,0.001);
#160=CIRCLE('',#1663,0.001);
#161=CIRCLE('',#1665,0.001);
#162=CIRCLE('',#1667,0.001);
#163=CIRCLE('',#1668,0.001);
#164=CIRCLE('',#1670,0.001);
#165=CIRCLE('',#1672,0.001);
#166=CIRCLE('',#1674,0.001);
#167=CIRCLE('',#1676,0.001);
#168=CIRCLE('',#1677,0.001);
#169=CIRCLE('',#1679,0.001);
#170=CIRCLE('',#1680,0.001);
#171=CIRCLE('',#1689,0.00336303434416005);
#172=CIRCLE('',#1691,0.00336303434416005);
#173=CIRCLE('',#1693,0.002);
#174=CIRCLE('',#1694,0.00417582327212252);
#175=CIRCLE('',#1696,0.00417582327212252);
#176=CIRCLE('',#1697,0.002);
#177=CIRCLE('',#1699,0.00269042747532803);
#178=CIRCLE('',#1700,0.00334065861769801);
#179=CIRCLE('',#1701,0.00269042747532804);
#180=CIRCLE('',#1702,0.00334065861769801);
#181=CIRCLE('',#1705,0.001);
#182=CIRCLE('',#1706,0.001);
#183=CIRCLE('',#1711,0.001);
#184=CIRCLE('',#1713,0.001);
#185=CIRCLE('',#1714,0.001);
#186=CIRCLE('',#1715,0.001);
#187=CIRCLE('',#1716,0.001);
#188=CIRCLE('',#1717,0.001);
#189=CIRCLE('',#1718,0.001);
#190=CIRCLE('',#1720,0.001);
#191=CIRCLE('',#1721,0.001);
#192=CIRCLE('',#1722,0.001);
#193=CIRCLE('',#1724,0.001);
#194=CIRCLE('',#1725,0.001);
#195=CIRCLE('',#1726,0.001);
#196=CIRCLE('',#1727,0.001);
#197=CIRCLE('',#1729,0.001);
#198=CIRCLE('',#1730,0.001);
#199=PLANE('',#1554);
#200=PLANE('',#1557);
#201=PLANE('',#1586);
#202=PLANE('',#1603);
#203=PLANE('',#1604);
#204=PLANE('',#1608);
#205=PLANE('',#1611);
#206=PLANE('',#1612);
#207=PLANE('',#1613);
#208=PLANE('',#1614);
#209=PLANE('',#1616);
#210=PLANE('',#1682);
#211=PLANE('',#1683);
#212=PLANE('',#1684);
#213=PLANE('',#1685);
#214=PLANE('',#1686);
#215=PLANE('',#1687);
#216=PLANE('',#1688);
#217=PLANE('',#1690);
#218=PLANE('',#1692);
#219=PLANE('',#1695);
#220=LINE('',#2163,#280);
#221=LINE('',#2171,#281);
#222=LINE('',#2178,#282);
#223=LINE('',#2185,#283);
#224=LINE('',#2197,#284);
#225=LINE('',#2207,#285);
#226=LINE('',#2209,#286);
#227=LINE('',#2212,#287);
#228=LINE('',#2216,#288);
#229=LINE('',#2218,#289);
#230=LINE('',#2222,#290);
#231=LINE('',#2225,#291);
#232=LINE('',#2227,#292);
#233=LINE('',#2286,#293);
#234=LINE('',#2297,#294);
#235=LINE('',#2312,#295);
#236=LINE('',#2319,#296);
#237=LINE('',#2333,#297);
#238=LINE('',#2337,#298);
#239=LINE('',#2343,#299);
#240=LINE('',#2345,#300);
#241=LINE('',#2353,#301);
#242=LINE('',#2361,#302);
#243=LINE('',#2364,#303);
#244=LINE('',#2366,#304);
#245=LINE('',#2370,#305);
#246=LINE('',#2494,#306);
#247=LINE('',#2497,#307);
#248=LINE('',#2499,#308);
#249=LINE('',#2500,#309);
#250=LINE('',#2505,#310);
#251=LINE('',#2514,#311);
#252=LINE('',#2516,#312);
#253=LINE('',#2520,#313);
#254=LINE('',#2523,#314);
#255=LINE('',#2527,#315);
#256=LINE('',#2529,#316);
#257=LINE('',#2533,#317);
#258=LINE('',#2535,#318);
#259=LINE('',#2537,#319);
#260=LINE('',#2539,#320);
#261=LINE('',#2541,#321);
#262=LINE('',#2544,#322);
#263=LINE('',#2550,#323);
#264=LINE('',#2555,#324);
#265=LINE('',#2557,#325);
#266=LINE('',#2559,#326);
#267=LINE('',#2562,#327);
#268=LINE('',#2652,#328);
#269=LINE('',#2760,#329);
#270=LINE('',#2824,#330);
#271=LINE('',#2826,#331);
#272=LINE('',#2829,#332);
#273=LINE('',#2830,#333);
#274=LINE('',#2842,#334);
#275=LINE('',#2849,#335);
#276=LINE('',#2857,#336);
#277=LINE('',#2871,#337);
#278=LINE('',#2888,#338);
#279=LINE('',#2900,#339);
#280=VECTOR('',#1733,1.);
#281=VECTOR('',#1734,1.);
#282=VECTOR('',#1735,1.);
#283=VECTOR('',#1736,1.);
#284=VECTOR('',#1737,1.);
#285=VECTOR('',#1738,1.);
#286=VECTOR('',#1741,1.);
#287=VECTOR('',#1742,1.);
#288=VECTOR('',#1745,1.);
#289=VECTOR('',#1746,1.);
#290=VECTOR('',#1751,1.);
#291=VECTOR('',#1752,1.);
#292=VECTOR('',#1753,1.);
#293=VECTOR('',#1784,1.);
#294=VECTOR('',#1791,1.);
#295=VECTOR('',#1804,1.);
#296=VECTOR('',#1813,1.);
#297=VECTOR('',#1816,1.);
#298=VECTOR('',#1819,1.);
#299=VECTOR('',#1824,1.);
#300=VECTOR('',#1825,1.);
#301=VECTOR('',#1836,1.);
#302=VECTOR('',#1847,1.);
#303=VECTOR('',#1850,1.);
#304=VECTOR('',#1853,1.);
#305=VECTOR('',#1856,1.);
#306=VECTOR('',#1859,1.);
#307=VECTOR('',#1860,1.);
#308=VECTOR('',#1861,1.);
#309=VECTOR('',#1862,1.);
#310=VECTOR('',#1867,1.);
#311=VECTOR('',#1870,1.);
#312=VECTOR('',#1871,1.);
#313=VECTOR('',#1876,1.);
#314=VECTOR('',#1877,1.);
#315=VECTOR('',#1880,1.);
#316=VECTOR('',#1881,1.);
#317=VECTOR('',#1886,1.);
#318=VECTOR('',#1887,1.);
#319=VECTOR('',#1890,1.);
#320=VECTOR('',#1891,1.);
#321=VECTOR('',#1894,1.);
#322=VECTOR('',#1895,1.);
#323=VECTOR('',#1896,1.);
#324=VECTOR('',#1901,1.);
#325=VECTOR('',#1902,1.);
#326=VECTOR('',#1905,1.);
#327=VECTOR('',#1906,1.);
#328=VECTOR('',#1935,1.);
#329=VECTOR('',#2016,1.);
#330=VECTOR('',#2041,1.);
#331=VECTOR('',#2044,1.);
#332=VECTOR('',#2049,1.);
#333=VECTOR('',#2050,1.);
#334=VECTOR('',#2059,1.);
#335=VECTOR('',#2062,1.);
#336=VECTOR('',#2063,1.);
#337=VECTOR('',#2066,1.);
#338=VECTOR('',#2073,1.);
#339=VECTOR('',#2080,1.);
#340=ORIENTED_EDGE('',*,*,#802,.T.);
#341=ORIENTED_EDGE('',*,*,#803,.T.);
#342=ORIENTED_EDGE('',*,*,#804,.T.);
#343=ORIENTED_EDGE('',*,*,#805,.T.);
#344=ORIENTED_EDGE('',*,*,#806,.F.);
#345=ORIENTED_EDGE('',*,*,#807,.T.);
#346=ORIENTED_EDGE('',*,*,#808,.T.);
#347=ORIENTED_EDGE('',*,*,#809,.T.);
#348=ORIENTED_EDGE('',*,*,#810,.T.);
#349=ORIENTED_EDGE('',*,*,#811,.T.);
#350=ORIENTED_EDGE('',*,*,#812,.T.);
#351=ORIENTED_EDGE('',*,*,#813,.T.);
#352=ORIENTED_EDGE('',*,*,#814,.T.);
#353=ORIENTED_EDGE('',*,*,#815,.T.);
#354=ORIENTED_EDGE('',*,*,#816,.T.);
#355=ORIENTED_EDGE('',*,*,#817,.T.);
#356=ORIENTED_EDGE('',*,*,#818,.T.);
#357=ORIENTED_EDGE('',*,*,#819,.T.);
#358=ORIENTED_EDGE('',*,*,#820,.F.);
#359=ORIENTED_EDGE('',*,*,#821,.T.);
#360=ORIENTED_EDGE('',*,*,#822,.F.);
#361=ORIENTED_EDGE('',*,*,#823,.F.);
#362=ORIENTED_EDGE('',*,*,#824,.F.);
#363=ORIENTED_EDGE('',*,*,#825,.F.);
#364=ORIENTED_EDGE('',*,*,#826,.T.);
#365=ORIENTED_EDGE('',*,*,#827,.F.);
#366=ORIENTED_EDGE('',*,*,#828,.F.);
#367=ORIENTED_EDGE('',*,*,#829,.F.);
#368=ORIENTED_EDGE('',*,*,#830,.T.);
#369=ORIENTED_EDGE('',*,*,#831,.F.);
#370=ORIENTED_EDGE('',*,*,#832,.F.);
#371=ORIENTED_EDGE('',*,*,#833,.F.);
#372=ORIENTED_EDGE('',*,*,#834,.T.);
#373=ORIENTED_EDGE('',*,*,#835,.F.);
#374=ORIENTED_EDGE('',*,*,#836,.T.);
#375=ORIENTED_EDGE('',*,*,#824,.T.);
#376=ORIENTED_EDGE('',*,*,#837,.F.);
#377=ORIENTED_EDGE('',*,*,#832,.T.);
#378=ORIENTED_EDGE('',*,*,#838,.F.);
#379=ORIENTED_EDGE('',*,*,#839,.T.);
#380=ORIENTED_EDGE('',*,*,#840,.F.);
#381=ORIENTED_EDGE('',*,*,#841,.F.);
#382=ORIENTED_EDGE('',*,*,#825,.T.);
#383=ORIENTED_EDGE('',*,*,#842,.T.);
#384=ORIENTED_EDGE('',*,*,#843,.T.);
#385=ORIENTED_EDGE('',*,*,#844,.T.);
#386=ORIENTED_EDGE('',*,*,#845,.F.);
#387=ORIENTED_EDGE('',*,*,#846,.T.);
#388=ORIENTED_EDGE('',*,*,#814,.F.);
#389=ORIENTED_EDGE('',*,*,#847,.T.);
#390=ORIENTED_EDGE('',*,*,#816,.F.);
#391=ORIENTED_EDGE('',*,*,#848,.T.);
#392=ORIENTED_EDGE('',*,*,#844,.F.);
#393=ORIENTED_EDGE('',*,*,#849,.T.);
#394=ORIENTED_EDGE('',*,*,#821,.F.);
#395=ORIENTED_EDGE('',*,*,#850,.T.);
#396=ORIENTED_EDGE('',*,*,#851,.F.);
#397=ORIENTED_EDGE('',*,*,#852,.F.);
#398=ORIENTED_EDGE('',*,*,#851,.T.);
#399=ORIENTED_EDGE('',*,*,#853,.T.);
#400=ORIENTED_EDGE('',*,*,#813,.F.);
#401=ORIENTED_EDGE('',*,*,#854,.T.);
#402=ORIENTED_EDGE('',*,*,#855,.F.);
#403=ORIENTED_EDGE('',*,*,#856,.T.);
#404=ORIENTED_EDGE('',*,*,#857,.T.);
#405=ORIENTED_EDGE('',*,*,#858,.T.);
#406=ORIENTED_EDGE('',*,*,#859,.T.);
#407=ORIENTED_EDGE('',*,*,#860,.T.);
#408=ORIENTED_EDGE('',*,*,#861,.T.);
#409=ORIENTED_EDGE('',*,*,#862,.T.);
#410=ORIENTED_EDGE('',*,*,#863,.T.);
#411=ORIENTED_EDGE('',*,*,#864,.T.);
#412=ORIENTED_EDGE('',*,*,#865,.F.);
#413=ORIENTED_EDGE('',*,*,#866,.T.);
#414=ORIENTED_EDGE('',*,*,#867,.F.);
#415=ORIENTED_EDGE('',*,*,#866,.F.);
#416=ORIENTED_EDGE('',*,*,#868,.F.);
#417=ORIENTED_EDGE('',*,*,#869,.T.);
#418=ORIENTED_EDGE('',*,*,#811,.F.);
#419=ORIENTED_EDGE('',*,*,#869,.F.);
#420=ORIENTED_EDGE('',*,*,#870,.T.);
#421=ORIENTED_EDGE('',*,*,#871,.F.);
#422=ORIENTED_EDGE('',*,*,#872,.F.);
#423=ORIENTED_EDGE('',*,*,#873,.T.);
#424=ORIENTED_EDGE('',*,*,#874,.F.);
#425=ORIENTED_EDGE('',*,*,#870,.F.);
#426=ORIENTED_EDGE('',*,*,#875,.F.);
#427=ORIENTED_EDGE('',*,*,#876,.T.);
#428=ORIENTED_EDGE('',*,*,#877,.F.);
#429=ORIENTED_EDGE('',*,*,#865,.T.);
#430=ORIENTED_EDGE('',*,*,#810,.F.);
#431=ORIENTED_EDGE('',*,*,#878,.T.);
#432=ORIENTED_EDGE('',*,*,#879,.F.);
#433=ORIENTED_EDGE('',*,*,#867,.T.);
#434=ORIENTED_EDGE('',*,*,#880,.F.);
#435=ORIENTED_EDGE('',*,*,#881,.T.);
#436=ORIENTED_EDGE('',*,*,#812,.F.);
#437=ORIENTED_EDGE('',*,*,#871,.T.);
#438=ORIENTED_EDGE('',*,*,#882,.F.);
#439=ORIENTED_EDGE('',*,*,#883,.F.);
#440=ORIENTED_EDGE('',*,*,#884,.T.);
#441=ORIENTED_EDGE('',*,*,#845,.T.);
#442=ORIENTED_EDGE('',*,*,#872,.T.);
#443=ORIENTED_EDGE('',*,*,#868,.T.);
#444=ORIENTED_EDGE('',*,*,#877,.T.);
#445=ORIENTED_EDGE('',*,*,#885,.T.);
#446=ORIENTED_EDGE('',*,*,#886,.T.);
#447=ORIENTED_EDGE('',*,*,#887,.T.);
#448=ORIENTED_EDGE('',*,*,#888,.T.);
#449=ORIENTED_EDGE('',*,*,#855,.T.);
#450=ORIENTED_EDGE('',*,*,#889,.T.);
#451=ORIENTED_EDGE('',*,*,#890,.T.);
#452=ORIENTED_EDGE('',*,*,#891,.T.);
#453=ORIENTED_EDGE('',*,*,#892,.T.);
#454=ORIENTED_EDGE('',*,*,#893,.F.);
#455=ORIENTED_EDGE('',*,*,#894,.T.);
#456=ORIENTED_EDGE('',*,*,#895,.T.);
#457=ORIENTED_EDGE('',*,*,#896,.T.);
#458=ORIENTED_EDGE('',*,*,#897,.T.);
#459=ORIENTED_EDGE('',*,*,#898,.T.);
#460=ORIENTED_EDGE('',*,*,#879,.T.);
#461=ORIENTED_EDGE('',*,*,#899,.T.);
#462=ORIENTED_EDGE('',*,*,#900,.T.);
#463=ORIENTED_EDGE('',*,*,#875,.T.);
#464=ORIENTED_EDGE('',*,*,#901,.T.);
#465=ORIENTED_EDGE('',*,*,#902,.T.);
#466=ORIENTED_EDGE('',*,*,#880,.T.);
#467=ORIENTED_EDGE('',*,*,#874,.T.);
#468=ORIENTED_EDGE('',*,*,#903,.T.);
#469=ORIENTED_EDGE('',*,*,#904,.T.);
#470=ORIENTED_EDGE('',*,*,#839,.F.);
#471=ORIENTED_EDGE('',*,*,#905,.F.);
#472=ORIENTED_EDGE('',*,*,#906,.F.);
#473=ORIENTED_EDGE('',*,*,#907,.F.);
#474=ORIENTED_EDGE('',*,*,#908,.T.);
#475=ORIENTED_EDGE('',*,*,#909,.F.);
#476=ORIENTED_EDGE('',*,*,#910,.F.);
#477=ORIENTED_EDGE('',*,*,#911,.T.);
#478=ORIENTED_EDGE('',*,*,#912,.F.);
#479=ORIENTED_EDGE('',*,*,#831,.T.);
#480=ORIENTED_EDGE('',*,*,#913,.T.);
#481=ORIENTED_EDGE('',*,*,#907,.T.);
#482=ORIENTED_EDGE('',*,*,#914,.F.);
#483=ORIENTED_EDGE('',*,*,#915,.F.);
#484=ORIENTED_EDGE('',*,*,#912,.T.);
#485=ORIENTED_EDGE('',*,*,#916,.T.);
#486=ORIENTED_EDGE('',*,*,#833,.T.);
#487=ORIENTED_EDGE('',*,*,#917,.F.);
#488=ORIENTED_EDGE('',*,*,#918,.F.);
#489=ORIENTED_EDGE('',*,*,#822,.T.);
#490=ORIENTED_EDGE('',*,*,#919,.T.);
#491=ORIENTED_EDGE('',*,*,#910,.T.);
#492=ORIENTED_EDGE('',*,*,#920,.T.);
#493=ORIENTED_EDGE('',*,*,#920,.F.);
#494=ORIENTED_EDGE('',*,*,#918,.T.);
#495=ORIENTED_EDGE('',*,*,#921,.T.);
#496=ORIENTED_EDGE('',*,*,#823,.T.);
#497=ORIENTED_EDGE('',*,*,#837,.T.);
#498=ORIENTED_EDGE('',*,*,#921,.F.);
#499=ORIENTED_EDGE('',*,*,#917,.T.);
#500=ORIENTED_EDGE('',*,*,#909,.T.);
#501=ORIENTED_EDGE('',*,*,#922,.T.);
#502=ORIENTED_EDGE('',*,*,#906,.T.);
#503=ORIENTED_EDGE('',*,*,#923,.T.);
#504=ORIENTED_EDGE('',*,*,#923,.F.);
#505=ORIENTED_EDGE('',*,*,#905,.T.);
#506=ORIENTED_EDGE('',*,*,#924,.T.);
#507=ORIENTED_EDGE('',*,*,#914,.T.);
#508=ORIENTED_EDGE('',*,*,#924,.F.);
#509=ORIENTED_EDGE('',*,*,#838,.T.);
#510=ORIENTED_EDGE('',*,*,#915,.T.);
#511=ORIENTED_EDGE('',*,*,#829,.T.);
#512=ORIENTED_EDGE('',*,*,#925,.T.);
#513=ORIENTED_EDGE('',*,*,#926,.T.);
#514=ORIENTED_EDGE('',*,*,#927,.T.);
#515=ORIENTED_EDGE('',*,*,#928,.T.);
#516=ORIENTED_EDGE('',*,*,#929,.F.);
#517=ORIENTED_EDGE('',*,*,#843,.F.);
#518=ORIENTED_EDGE('',*,*,#930,.F.);
#519=ORIENTED_EDGE('',*,*,#892,.F.);
#520=ORIENTED_EDGE('',*,*,#842,.F.);
#521=ORIENTED_EDGE('',*,*,#834,.F.);
#522=ORIENTED_EDGE('',*,*,#931,.F.);
#523=ORIENTED_EDGE('',*,*,#886,.F.);
#524=ORIENTED_EDGE('',*,*,#930,.T.);
#525=ORIENTED_EDGE('',*,*,#932,.F.);
#526=ORIENTED_EDGE('',*,*,#817,.F.);
#527=ORIENTED_EDGE('',*,*,#933,.F.);
#528=ORIENTED_EDGE('',*,*,#891,.F.);
#529=ORIENTED_EDGE('',*,*,#934,.F.);
#530=ORIENTED_EDGE('',*,*,#901,.F.);
#531=ORIENTED_EDGE('',*,*,#935,.F.);
#532=ORIENTED_EDGE('',*,*,#818,.F.);
#533=ORIENTED_EDGE('',*,*,#935,.T.);
#534=ORIENTED_EDGE('',*,*,#873,.F.);
#535=ORIENTED_EDGE('',*,*,#847,.F.);
#536=ORIENTED_EDGE('',*,*,#819,.F.);
#537=ORIENTED_EDGE('',*,*,#929,.T.);
#538=ORIENTED_EDGE('',*,*,#933,.T.);
#539=ORIENTED_EDGE('',*,*,#849,.F.);
#540=ORIENTED_EDGE('',*,*,#936,.F.);
#541=ORIENTED_EDGE('',*,*,#830,.F.);
#542=ORIENTED_EDGE('',*,*,#928,.F.);
#543=ORIENTED_EDGE('',*,*,#937,.F.);
#544=ORIENTED_EDGE('',*,*,#861,.F.);
#545=ORIENTED_EDGE('',*,*,#913,.F.);
#546=ORIENTED_EDGE('',*,*,#936,.T.);
#547=ORIENTED_EDGE('',*,*,#938,.F.);
#548=ORIENTED_EDGE('',*,*,#931,.T.);
#549=ORIENTED_EDGE('',*,*,#916,.F.);
#550=ORIENTED_EDGE('',*,*,#939,.F.);
#551=ORIENTED_EDGE('',*,*,#934,.T.);
#552=ORIENTED_EDGE('',*,*,#932,.T.);
#553=ORIENTED_EDGE('',*,*,#940,.F.);
#554=ORIENTED_EDGE('',*,*,#941,.F.);
#555=ORIENTED_EDGE('',*,*,#885,.F.);
#556=ORIENTED_EDGE('',*,*,#942,.F.);
#557=ORIENTED_EDGE('',*,*,#894,.F.);
#558=ORIENTED_EDGE('',*,*,#943,.F.);
#559=ORIENTED_EDGE('',*,*,#898,.F.);
#560=ORIENTED_EDGE('',*,*,#944,.F.);
#561=ORIENTED_EDGE('',*,*,#926,.F.);
#562=ORIENTED_EDGE('',*,*,#937,.T.);
#563=ORIENTED_EDGE('',*,*,#927,.F.);
#564=ORIENTED_EDGE('',*,*,#945,.F.);
#565=ORIENTED_EDGE('',*,*,#862,.F.);
#566=ORIENTED_EDGE('',*,*,#938,.T.);
#567=ORIENTED_EDGE('',*,*,#860,.F.);
#568=ORIENTED_EDGE('',*,*,#946,.F.);
#569=ORIENTED_EDGE('',*,*,#908,.F.);
#570=ORIENTED_EDGE('',*,*,#939,.T.);
#571=ORIENTED_EDGE('',*,*,#911,.F.);
#572=ORIENTED_EDGE('',*,*,#947,.F.);
#573=ORIENTED_EDGE('',*,*,#887,.F.);
#574=ORIENTED_EDGE('',*,*,#940,.T.);
#575=ORIENTED_EDGE('',*,*,#890,.F.);
#576=ORIENTED_EDGE('',*,*,#948,.F.);
#577=ORIENTED_EDGE('',*,*,#902,.F.);
#578=ORIENTED_EDGE('',*,*,#942,.T.);
#579=ORIENTED_EDGE('',*,*,#876,.F.);
#580=ORIENTED_EDGE('',*,*,#949,.F.);
#581=ORIENTED_EDGE('',*,*,#895,.F.);
#582=ORIENTED_EDGE('',*,*,#945,.T.);
#583=ORIENTED_EDGE('',*,*,#944,.T.);
#584=ORIENTED_EDGE('',*,*,#950,.F.);
#585=ORIENTED_EDGE('',*,*,#951,.F.);
#586=ORIENTED_EDGE('',*,*,#922,.F.);
#587=ORIENTED_EDGE('',*,*,#946,.T.);
#588=ORIENTED_EDGE('',*,*,#859,.F.);
#589=ORIENTED_EDGE('',*,*,#952,.F.);
#590=ORIENTED_EDGE('',*,*,#953,.F.);
#591=ORIENTED_EDGE('',*,*,#903,.F.);
#592=ORIENTED_EDGE('',*,*,#951,.T.);
#593=ORIENTED_EDGE('',*,*,#954,.F.);
#594=ORIENTED_EDGE('',*,*,#919,.F.);
#595=ORIENTED_EDGE('',*,*,#852,.T.);
#596=ORIENTED_EDGE('',*,*,#856,.F.);
#597=ORIENTED_EDGE('',*,*,#888,.F.);
#598=ORIENTED_EDGE('',*,*,#947,.T.);
#599=ORIENTED_EDGE('',*,*,#948,.T.);
#600=ORIENTED_EDGE('',*,*,#889,.F.);
#601=ORIENTED_EDGE('',*,*,#854,.F.);
#602=ORIENTED_EDGE('',*,*,#881,.F.);
#603=ORIENTED_EDGE('',*,*,#949,.T.);
#604=ORIENTED_EDGE('',*,*,#900,.F.);
#605=ORIENTED_EDGE('',*,*,#955,.F.);
#606=ORIENTED_EDGE('',*,*,#896,.F.);
#607=ORIENTED_EDGE('',*,*,#950,.T.);
#608=ORIENTED_EDGE('',*,*,#897,.F.);
#609=ORIENTED_EDGE('',*,*,#956,.F.);
#610=ORIENTED_EDGE('',*,*,#863,.F.);
#611=ORIENTED_EDGE('',*,*,#957,.F.);
#612=ORIENTED_EDGE('',*,*,#954,.T.);
#613=ORIENTED_EDGE('',*,*,#952,.T.);
#614=ORIENTED_EDGE('',*,*,#858,.F.);
#615=ORIENTED_EDGE('',*,*,#958,.F.);
#616=ORIENTED_EDGE('',*,*,#809,.F.);
#617=ORIENTED_EDGE('',*,*,#956,.T.);
#618=ORIENTED_EDGE('',*,*,#955,.T.);
#619=ORIENTED_EDGE('',*,*,#959,.F.);
#620=ORIENTED_EDGE('',*,*,#958,.T.);
#621=ORIENTED_EDGE('',*,*,#857,.F.);
#622=ORIENTED_EDGE('',*,*,#960,.F.);
#623=ORIENTED_EDGE('',*,*,#878,.F.);
#624=ORIENTED_EDGE('',*,*,#959,.T.);
#625=ORIENTED_EDGE('',*,*,#899,.F.);
#626=ORIENTED_EDGE('',*,*,#960,.T.);
#627=ORIENTED_EDGE('',*,*,#864,.F.);
#628=ORIENTED_EDGE('',*,*,#840,.T.);
#629=ORIENTED_EDGE('',*,*,#904,.F.);
#630=ORIENTED_EDGE('',*,*,#953,.T.);
#631=ORIENTED_EDGE('',*,*,#957,.T.);
#632=ORIENTED_EDGE('',*,*,#808,.F.);
#633=ORIENTED_EDGE('',*,*,#961,.F.);
#634=ORIENTED_EDGE('',*,*,#962,.T.);
#635=ORIENTED_EDGE('',*,*,#806,.T.);
#636=ORIENTED_EDGE('',*,*,#853,.F.);
#637=ORIENTED_EDGE('',*,*,#850,.F.);
#638=ORIENTED_EDGE('',*,*,#820,.T.);
#639=ORIENTED_EDGE('',*,*,#836,.F.);
#640=ORIENTED_EDGE('',*,*,#962,.F.);
#641=ORIENTED_EDGE('',*,*,#835,.T.);
#642=ORIENTED_EDGE('',*,*,#961,.T.);
#643=ORIENTED_EDGE('',*,*,#807,.F.);
#644=ORIENTED_EDGE('',*,*,#827,.T.);
#645=ORIENTED_EDGE('',*,*,#963,.F.);
#646=ORIENTED_EDGE('',*,*,#883,.T.);
#647=ORIENTED_EDGE('',*,*,#964,.T.);
#648=ORIENTED_EDGE('',*,*,#884,.F.);
#649=ORIENTED_EDGE('',*,*,#963,.T.);
#650=ORIENTED_EDGE('',*,*,#826,.F.);
#651=ORIENTED_EDGE('',*,*,#841,.T.);
#652=ORIENTED_EDGE('',*,*,#848,.F.);
#653=ORIENTED_EDGE('',*,*,#815,.F.);
#654=ORIENTED_EDGE('',*,*,#846,.F.);
#655=ORIENTED_EDGE('',*,*,#941,.T.);
#656=ORIENTED_EDGE('',*,*,#893,.T.);
#657=ORIENTED_EDGE('',*,*,#943,.T.);
#658=ORIENTED_EDGE('',*,*,#925,.F.);
#659=ORIENTED_EDGE('',*,*,#828,.T.);
#660=ORIENTED_EDGE('',*,*,#964,.F.);
#661=ORIENTED_EDGE('',*,*,#882,.T.);
#662=ORIENTED_EDGE('',*,*,#965,.T.);
#663=ORIENTED_EDGE('',*,*,#966,.T.);
#664=ORIENTED_EDGE('',*,*,#967,.T.);
#665=ORIENTED_EDGE('',*,*,#968,.T.);
#666=ORIENTED_EDGE('',*,*,#969,.T.);
#667=ORIENTED_EDGE('',*,*,#970,.T.);
#668=ORIENTED_EDGE('',*,*,#971,.T.);
#669=ORIENTED_EDGE('',*,*,#972,.T.);
#670=ORIENTED_EDGE('',*,*,#973,.T.);
#671=ORIENTED_EDGE('',*,*,#974,.T.);
#672=ORIENTED_EDGE('',*,*,#975,.T.);
#673=ORIENTED_EDGE('',*,*,#976,.T.);
#674=ORIENTED_EDGE('',*,*,#977,.T.);
#675=ORIENTED_EDGE('',*,*,#978,.T.);
#676=ORIENTED_EDGE('',*,*,#979,.T.);
#677=ORIENTED_EDGE('',*,*,#980,.T.);
#678=ORIENTED_EDGE('',*,*,#981,.T.);
#679=ORIENTED_EDGE('',*,*,#982,.T.);
#680=ORIENTED_EDGE('',*,*,#983,.T.);
#681=ORIENTED_EDGE('',*,*,#984,.T.);
#682=ORIENTED_EDGE('',*,*,#985,.T.);
#683=ORIENTED_EDGE('',*,*,#986,.T.);
#684=ORIENTED_EDGE('',*,*,#987,.T.);
#685=ORIENTED_EDGE('',*,*,#988,.T.);
#686=ORIENTED_EDGE('',*,*,#805,.F.);
#687=ORIENTED_EDGE('',*,*,#989,.T.);
#688=ORIENTED_EDGE('',*,*,#969,.F.);
#689=ORIENTED_EDGE('',*,*,#990,.T.);
#690=ORIENTED_EDGE('',*,*,#983,.F.);
#691=ORIENTED_EDGE('',*,*,#991,.T.);
#692=ORIENTED_EDGE('',*,*,#802,.F.);
#693=ORIENTED_EDGE('',*,*,#992,.T.);
#694=ORIENTED_EDGE('',*,*,#993,.T.);
#695=ORIENTED_EDGE('',*,*,#804,.F.);
#696=ORIENTED_EDGE('',*,*,#994,.T.);
#697=ORIENTED_EDGE('',*,*,#977,.F.);
#698=ORIENTED_EDGE('',*,*,#995,.T.);
#699=ORIENTED_EDGE('',*,*,#996,.T.);
#700=ORIENTED_EDGE('',*,*,#997,.T.);
#701=ORIENTED_EDGE('',*,*,#998,.T.);
#702=ORIENTED_EDGE('',*,*,#803,.F.);
#703=ORIENTED_EDGE('',*,*,#999,.T.);
#704=ORIENTED_EDGE('',*,*,#1000,.T.);
#705=ORIENTED_EDGE('',*,*,#1001,.T.);
#706=ORIENTED_EDGE('',*,*,#967,.F.);
#707=ORIENTED_EDGE('',*,*,#1002,.T.);
#708=ORIENTED_EDGE('',*,*,#987,.F.);
#709=ORIENTED_EDGE('',*,*,#1003,.T.);
#710=ORIENTED_EDGE('',*,*,#965,.F.);
#711=ORIENTED_EDGE('',*,*,#1004,.T.);
#712=ORIENTED_EDGE('',*,*,#1005,.T.);
#713=ORIENTED_EDGE('',*,*,#1006,.T.);
#714=ORIENTED_EDGE('',*,*,#981,.F.);
#715=ORIENTED_EDGE('',*,*,#1007,.T.);
#716=ORIENTED_EDGE('',*,*,#1008,.T.);
#717=ORIENTED_EDGE('',*,*,#988,.F.);
#718=ORIENTED_EDGE('',*,*,#1009,.T.);
#719=ORIENTED_EDGE('',*,*,#1010,.T.);
#720=ORIENTED_EDGE('',*,*,#1011,.T.);
#721=ORIENTED_EDGE('',*,*,#986,.F.);
#722=ORIENTED_EDGE('',*,*,#1012,.T.);
#723=ORIENTED_EDGE('',*,*,#1013,.T.);
#724=ORIENTED_EDGE('',*,*,#979,.F.);
#725=ORIENTED_EDGE('',*,*,#1014,.T.);
#726=ORIENTED_EDGE('',*,*,#973,.F.);
#727=ORIENTED_EDGE('',*,*,#1015,.T.);
#728=ORIENTED_EDGE('',*,*,#985,.F.);
#729=ORIENTED_EDGE('',*,*,#1016,.T.);
#730=ORIENTED_EDGE('',*,*,#994,.F.);
#731=ORIENTED_EDGE('',*,*,#998,.F.);
#732=ORIENTED_EDGE('',*,*,#1017,.F.);
#733=ORIENTED_EDGE('',*,*,#1017,.T.);
#734=ORIENTED_EDGE('',*,*,#997,.F.);
#735=ORIENTED_EDGE('',*,*,#1018,.F.);
#736=ORIENTED_EDGE('',*,*,#978,.F.);
#737=ORIENTED_EDGE('',*,*,#1018,.T.);
#738=ORIENTED_EDGE('',*,*,#1002,.F.);
#739=ORIENTED_EDGE('',*,*,#1019,.F.);
#740=ORIENTED_EDGE('',*,*,#1014,.F.);
#741=ORIENTED_EDGE('',*,*,#1019,.T.);
#742=ORIENTED_EDGE('',*,*,#966,.F.);
#743=ORIENTED_EDGE('',*,*,#1020,.F.);
#744=ORIENTED_EDGE('',*,*,#1010,.F.);
#745=ORIENTED_EDGE('',*,*,#1020,.T.);
#746=ORIENTED_EDGE('',*,*,#1003,.F.);
#747=ORIENTED_EDGE('',*,*,#1011,.F.);
#748=ORIENTED_EDGE('',*,*,#1009,.F.);
#749=ORIENTED_EDGE('',*,*,#1004,.F.);
#750=ORIENTED_EDGE('',*,*,#1021,.F.);
#751=ORIENTED_EDGE('',*,*,#1021,.T.);
#752=ORIENTED_EDGE('',*,*,#968,.F.);
#753=ORIENTED_EDGE('',*,*,#1022,.F.);
#754=ORIENTED_EDGE('',*,*,#1005,.F.);
#755=ORIENTED_EDGE('',*,*,#1022,.T.);
#756=ORIENTED_EDGE('',*,*,#1001,.F.);
#757=ORIENTED_EDGE('',*,*,#1023,.F.);
#758=ORIENTED_EDGE('',*,*,#1006,.F.);
#759=ORIENTED_EDGE('',*,*,#1023,.T.);
#760=ORIENTED_EDGE('',*,*,#1000,.F.);
#761=ORIENTED_EDGE('',*,*,#1024,.F.);
#762=ORIENTED_EDGE('',*,*,#982,.F.);
#763=ORIENTED_EDGE('',*,*,#999,.F.);
#764=ORIENTED_EDGE('',*,*,#991,.F.);
#765=ORIENTED_EDGE('',*,*,#1024,.T.);
#766=ORIENTED_EDGE('',*,*,#1012,.F.);
#767=ORIENTED_EDGE('',*,*,#1015,.F.);
#768=ORIENTED_EDGE('',*,*,#1025,.F.);
#769=ORIENTED_EDGE('',*,*,#1025,.T.);
#770=ORIENTED_EDGE('',*,*,#972,.F.);
#771=ORIENTED_EDGE('',*,*,#1026,.F.);
#772=ORIENTED_EDGE('',*,*,#1013,.F.);
#773=ORIENTED_EDGE('',*,*,#1026,.T.);
#774=ORIENTED_EDGE('',*,*,#971,.F.);
#775=ORIENTED_EDGE('',*,*,#1027,.F.);
#776=ORIENTED_EDGE('',*,*,#980,.F.);
#777=ORIENTED_EDGE('',*,*,#1027,.T.);
#778=ORIENTED_EDGE('',*,*,#970,.F.);
#779=ORIENTED_EDGE('',*,*,#1028,.F.);
#780=ORIENTED_EDGE('',*,*,#995,.F.);
#781=ORIENTED_EDGE('',*,*,#1028,.T.);
#782=ORIENTED_EDGE('',*,*,#989,.F.);
#783=ORIENTED_EDGE('',*,*,#996,.F.);
#784=ORIENTED_EDGE('',*,*,#992,.F.);
#785=ORIENTED_EDGE('',*,*,#990,.F.);
#786=ORIENTED_EDGE('',*,*,#1029,.F.);
#787=ORIENTED_EDGE('',*,*,#1029,.T.);
#788=ORIENTED_EDGE('',*,*,#976,.F.);
#789=ORIENTED_EDGE('',*,*,#1030,.F.);
#790=ORIENTED_EDGE('',*,*,#993,.F.);
#791=ORIENTED_EDGE('',*,*,#1030,.T.);
#792=ORIENTED_EDGE('',*,*,#975,.F.);
#793=ORIENTED_EDGE('',*,*,#1031,.F.);
#794=ORIENTED_EDGE('',*,*,#984,.F.);
#795=ORIENTED_EDGE('',*,*,#1031,.T.);
#796=ORIENTED_EDGE('',*,*,#974,.F.);
#797=ORIENTED_EDGE('',*,*,#1032,.F.);
#798=ORIENTED_EDGE('',*,*,#1007,.F.);
#799=ORIENTED_EDGE('',*,*,#1016,.F.);
#800=ORIENTED_EDGE('',*,*,#1008,.F.);
#801=ORIENTED_EDGE('',*,*,#1032,.T.);
#802=EDGE_CURVE('',#1033,#1034,#1166,.T.);
#803=EDGE_CURVE('',#1034,#1035,#220,.F.);
#804=EDGE_CURVE('',#1035,#1036,#1167,.T.);
#805=EDGE_CURVE('',#1036,#1033,#221,.T.);
#806=EDGE_CURVE('',#1037,#1038,#1168,.T.);
#807=EDGE_CURVE('',#1037,#1039,#222,.F.);
#808=EDGE_CURVE('',#1039,#1040,#1169,.T.);
#809=EDGE_CURVE('',#1040,#1041,#223,.F.);
#810=EDGE_CURVE('',#1041,#1042,#1170,.T.);
#811=EDGE_CURVE('',#1042,#1043,#224,.T.);
#812=EDGE_CURVE('',#1043,#1044,#1171,.T.);
#813=EDGE_CURVE('',#1044,#1038,#225,.F.);
#814=EDGE_CURVE('',#1045,#1046,#226,.F.);
#815=EDGE_CURVE('',#1046,#1047,#227,.T.);
#816=EDGE_CURVE('',#1047,#1048,#101,.F.);
#817=EDGE_CURVE('',#1048,#1049,#228,.T.);
#818=EDGE_CURVE('',#1049,#1050,#229,.F.);
#819=EDGE_CURVE('',#1050,#1045,#102,.T.);
#820=EDGE_CURVE('',#1051,#1052,#230,.T.);
#821=EDGE_CURVE('',#1051,#1053,#231,.T.);
#822=EDGE_CURVE('',#1054,#1053,#232,.F.);
#823=EDGE_CURVE('',#1055,#1054,#1172,.T.);
#824=EDGE_CURVE('',#1052,#1055,#103,.F.);
#825=EDGE_CURVE('',#1057,#1058,#104,.T.);
#826=EDGE_CURVE('',#1057,#1059,#105,.T.);
#827=EDGE_CURVE('',#1060,#1059,#106,.T.);
#828=EDGE_CURVE('',#1061,#1060,#107,.T.);
#829=EDGE_CURVE('',#1062,#1061,#108,.T.);
#830=EDGE_CURVE('',#1062,#1063,#109,.F.);
#831=EDGE_CURVE('',#1064,#1063,#110,.F.);
#832=EDGE_CURVE('',#1065,#1064,#111,.F.);
#833=EDGE_CURVE('',#1066,#1065,#112,.F.);
#834=EDGE_CURVE('',#1066,#1058,#113,.F.);
#835=EDGE_CURVE('',#1067,#1068,#1173,.T.);
#836=EDGE_CURVE('',#1067,#1052,#1174,.T.);
#837=EDGE_CURVE('',#1065,#1055,#1175,.F.);
#838=EDGE_CURVE('',#1069,#1064,#1176,.T.);
#839=EDGE_CURVE('',#1069,#1070,#114,.F.);
#840=EDGE_CURVE('',#1068,#1070,#1177,.T.);
#841=EDGE_CURVE('',#1057,#1071,#233,.T.);
#842=EDGE_CURVE('',#1058,#1072,#1178,.T.);
#843=EDGE_CURVE('',#1072,#1073,#42,.F.);
#844=EDGE_CURVE('',#1073,#1071,#115,.T.);
#845=EDGE_CURVE('',#1074,#1075,#234,.T.);
#846=EDGE_CURVE('',#1074,#1046,#116,.F.);
#847=EDGE_CURVE('',#1045,#1075,#117,.T.);
#848=EDGE_CURVE('',#1047,#1071,#1179,.T.);
#849=EDGE_CURVE('',#1073,#1048,#118,.F.);
#850=EDGE_CURVE('',#1051,#1076,#119,.F.);
#851=EDGE_CURVE('',#1077,#1076,#235,.T.);
#852=EDGE_CURVE('',#1053,#1077,#120,.T.);
#853=EDGE_CURVE('',#1076,#1038,#121,.F.);
#854=EDGE_CURVE('',#1044,#1078,#122,.T.);
#855=EDGE_CURVE('',#1079,#1078,#236,.F.);
#856=EDGE_CURVE('',#1079,#1077,#1180,.T.);
#857=EDGE_CURVE('',#1080,#1081,#1181,.T.);
#858=EDGE_CURVE('',#1081,#1082,#237,.F.);
#859=EDGE_CURVE('',#1082,#1083,#43,.F.);
#860=EDGE_CURVE('',#1083,#1084,#238,.F.);
#861=EDGE_CURVE('',#1084,#1085,#123,.F.);
#862=EDGE_CURVE('',#1085,#1086,#44,.F.);
#863=EDGE_CURVE('',#1086,#1087,#239,.F.);
#864=EDGE_CURVE('',#1087,#1080,#240,.T.);
#865=EDGE_CURVE('',#1088,#1089,#124,.T.);
#866=EDGE_CURVE('',#1088,#1042,#125,.T.);
#867=EDGE_CURVE('',#1089,#1042,#126,.T.);
#868=EDGE_CURVE('',#1090,#1088,#241,.T.);
#869=EDGE_CURVE('',#1090,#1043,#127,.T.);
#870=EDGE_CURVE('',#1090,#1091,#128,.T.);
#871=EDGE_CURVE('',#1043,#1091,#129,.F.);
#872=EDGE_CURVE('',#1075,#1090,#242,.T.);
#873=EDGE_CURVE('',#1075,#1092,#130,.F.);
#874=EDGE_CURVE('',#1091,#1092,#243,.F.);
#875=EDGE_CURVE('',#1093,#1089,#244,.F.);
#876=EDGE_CURVE('',#1093,#1094,#131,.F.);
#877=EDGE_CURVE('',#1088,#1094,#245,.T.);
#878=EDGE_CURVE('',#1041,#1095,#1182,.T.);
#879=EDGE_CURVE('',#1089,#1095,#1183,.T.);
#880=EDGE_CURVE('',#1096,#1091,#1184,.T.);
#881=EDGE_CURVE('',#1096,#1044,#1185,.T.);
#882=EDGE_CURVE('',#1097,#1098,#246,.T.);
#883=EDGE_CURVE('',#1099,#1097,#247,.T.);
#884=EDGE_CURVE('',#1099,#1074,#248,.T.);
#885=EDGE_CURVE('',#1094,#1098,#249,.T.);
#886=EDGE_CURVE('',#1100,#1101,#132,.F.);
#887=EDGE_CURVE('',#1101,#1102,#250,.T.);
#888=EDGE_CURVE('',#1102,#1079,#45,.F.);
#889=EDGE_CURVE('',#1078,#1103,#1186,.T.);
#890=EDGE_CURVE('',#1103,#1104,#251,.F.);
#891=EDGE_CURVE('',#1104,#1105,#252,.F.);
#892=EDGE_CURVE('',#1105,#1100,#46,.F.);
#893=EDGE_CURVE('',#1106,#1107,#253,.T.);
#894=EDGE_CURVE('',#1106,#1108,#254,.F.);
#895=EDGE_CURVE('',#1108,#1109,#133,.T.);
#896=EDGE_CURVE('',#1109,#1110,#255,.T.);
#897=EDGE_CURVE('',#1110,#1111,#256,.T.);
#898=EDGE_CURVE('',#1111,#1107,#134,.F.);
#899=EDGE_CURVE('',#1095,#1112,#257,.F.);
#900=EDGE_CURVE('',#1112,#1093,#258,.F.);
#901=EDGE_CURVE('',#1092,#1113,#259,.T.);
#902=EDGE_CURVE('',#1113,#1096,#260,.T.);
#903=EDGE_CURVE('',#1114,#1115,#261,.T.);
#904=EDGE_CURVE('',#1115,#1070,#262,.T.);
#905=EDGE_CURVE('',#1116,#1069,#1187,.T.);
#906=EDGE_CURVE('',#1114,#1116,#263,.T.);
#907=EDGE_CURVE('',#1117,#1118,#135,.F.);
#908=EDGE_CURVE('',#1117,#1119,#264,.T.);
#909=EDGE_CURVE('',#1118,#1119,#265,.F.);
#910=EDGE_CURVE('',#1120,#1121,#266,.T.);
#911=EDGE_CURVE('',#1120,#1122,#267,.F.);
#912=EDGE_CURVE('',#1121,#1122,#136,.T.);
#913=EDGE_CURVE('',#1063,#1117,#137,.F.);
#914=EDGE_CURVE('',#1123,#1118,#1188,.T.);
#915=EDGE_CURVE('',#1064,#1123,#1189,.F.);
#916=EDGE_CURVE('',#1122,#1066,#138,.F.);
#917=EDGE_CURVE('',#1124,#1065,#1190,.T.);
#918=EDGE_CURVE('',#1121,#1124,#1191,.T.);
#919=EDGE_CURVE('',#1053,#1120,#47,.F.);
#920=EDGE_CURVE('',#1121,#1054,#139,.T.);
#921=EDGE_CURVE('',#1124,#1055,#140,.T.);
#922=EDGE_CURVE('',#1119,#1114,#48,.F.);
#923=EDGE_CURVE('',#1116,#1118,#141,.T.);
#924=EDGE_CURVE('',#1069,#1123,#142,.T.);
#925=EDGE_CURVE('',#1061,#1125,#268,.T.);
#926=EDGE_CURVE('',#1125,#1126,#143,.T.);
#927=EDGE_CURVE('',#1126,#1127,#49,.F.);
#928=EDGE_CURVE('',#1127,#1062,#1192,.T.);
#929=EDGE_CURVE('',#1073,#1105,#144,.T.);
#930=EDGE_CURVE('',#1100,#1072,#1193,.F.);
#931=EDGE_CURVE('',#1101,#1066,#145,.T.);
#932=EDGE_CURVE('',#1049,#1104,#146,.T.);
#933=EDGE_CURVE('',#1105,#1048,#147,.T.);
#934=EDGE_CURVE('',#1113,#1049,#148,.T.);
#935=EDGE_CURVE('',#1050,#1092,#149,.T.);
#936=EDGE_CURVE('',#1063,#1084,#150,.T.);
#937=EDGE_CURVE('',#1085,#1127,#1194,.F.);
#938=EDGE_CURVE('',#1117,#1084,#151,.T.);
#939=EDGE_CURVE('',#1101,#1122,#152,.T.);
#940=EDGE_CURVE('',#1113,#1104,#153,.F.);
#941=EDGE_CURVE('',#1098,#1106,#154,.F.);
#942=EDGE_CURVE('',#1108,#1094,#155,.T.);
#943=EDGE_CURVE('',#1107,#1125,#1195,.T.);
#944=EDGE_CURVE('',#1126,#1111,#156,.T.);
#945=EDGE_CURVE('',#1086,#1126,#157,.T.);
#946=EDGE_CURVE('',#1119,#1083,#158,.T.);
#947=EDGE_CURVE('',#1102,#1120,#159,.T.);
#948=EDGE_CURVE('',#1096,#1103,#160,.T.);
#949=EDGE_CURVE('',#1109,#1093,#161,.T.);
#950=EDGE_CURVE('',#1086,#1111,#162,.F.);
#951=EDGE_CURVE('',#1114,#1128,#163,.T.);
#952=EDGE_CURVE('',#1128,#1082,#1196,.T.);
#953=EDGE_CURVE('',#1115,#1129,#164,.F.);
#954=EDGE_CURVE('',#1129,#1128,#269,.T.);
#955=EDGE_CURVE('',#1110,#1112,#165,.T.);
#956=EDGE_CURVE('',#1087,#1110,#166,.T.);
#957=EDGE_CURVE('',#1129,#1040,#167,.F.);
#958=EDGE_CURVE('',#1041,#1081,#168,.T.);
#959=EDGE_CURVE('',#1087,#1112,#169,.F.);
#960=EDGE_CURVE('',#1095,#1080,#170,.T.);
#961=EDGE_CURVE('',#1068,#1039,#270,.T.);
#962=EDGE_CURVE('',#1067,#1037,#271,.T.);
#963=EDGE_CURVE('',#1099,#1059,#272,.T.);
#964=EDGE_CURVE('',#1097,#1060,#273,.T.);
#965=EDGE_CURVE('',#1130,#1131,#171,.F.);
#966=EDGE_CURVE('',#1131,#1132,#1197,.T.);
#967=EDGE_CURVE('',#1132,#1133,#274,.T.);
#968=EDGE_CURVE('',#1133,#1130,#1198,.T.);
#969=EDGE_CURVE('',#1134,#1135,#275,.T.);
#970=EDGE_CURVE('',#1135,#1136,#1199,.T.);
#971=EDGE_CURVE('',#1136,#1137,#276,.F.);
#972=EDGE_CURVE('',#1137,#1138,#1200,.T.);
#973=EDGE_CURVE('',#1138,#1139,#172,.T.);
#974=EDGE_CURVE('',#1139,#1140,#1201,.T.);
#975=EDGE_CURVE('',#1140,#1141,#277,.T.);
#976=EDGE_CURVE('',#1141,#1134,#1202,.T.);
#977=EDGE_CURVE('',#1142,#1143,#1203,.T.);
#978=EDGE_CURVE('',#1143,#1144,#173,.F.);
#979=EDGE_CURVE('',#1144,#1145,#174,.F.);
#980=EDGE_CURVE('',#1145,#1142,#278,.T.);
#981=EDGE_CURVE('',#1146,#1147,#175,.T.);
#982=EDGE_CURVE('',#1147,#1148,#176,.T.);
#983=EDGE_CURVE('',#1148,#1149,#1204,.T.);
#984=EDGE_CURVE('',#1149,#1146,#279,.F.);
#985=EDGE_CURVE('',#1150,#1151,#177,.F.);
#986=EDGE_CURVE('',#1151,#1152,#178,.F.);
#987=EDGE_CURVE('',#1152,#1153,#179,.F.);
#988=EDGE_CURVE('',#1153,#1150,#180,.F.);
#989=EDGE_CURVE('',#1036,#1135,#1205,.F.);
#990=EDGE_CURVE('',#1134,#1033,#1206,.T.);
#991=EDGE_CURVE('',#1148,#1034,#1207,.T.);
#992=EDGE_CURVE('',#1033,#1154,#1208,.F.);
#993=EDGE_CURVE('',#1154,#1149,#1209,.T.);
#994=EDGE_CURVE('',#1035,#1143,#1210,.F.);
#995=EDGE_CURVE('',#1142,#1155,#1211,.T.);
#996=EDGE_CURVE('',#1155,#1036,#1212,.T.);
#997=EDGE_CURVE('',#1156,#1157,#181,.T.);
#998=EDGE_CURVE('',#1157,#1035,#1213,.T.);
#999=EDGE_CURVE('',#1034,#1158,#1214,.F.);
#1000=EDGE_CURVE('',#1158,#1159,#182,.F.);
#1001=EDGE_CURVE('',#1159,#1133,#1215,.T.);
#1002=EDGE_CURVE('',#1132,#1156,#1216,.T.);
#1003=EDGE_CURVE('',#1152,#1131,#1217,.F.);
#1004=EDGE_CURVE('',#1130,#1153,#1218,.T.);
#1005=EDGE_CURVE('',#1160,#1161,#1219,.T.);
#1006=EDGE_CURVE('',#1161,#1147,#1220,.T.);
#1007=EDGE_CURVE('',#1146,#1162,#1221,.T.);
#1008=EDGE_CURVE('',#1162,#1150,#1222,.T.);
#1009=EDGE_CURVE('',#1153,#1160,#1223,.F.);
#1010=EDGE_CURVE('',#1163,#1164,#1224,.T.);
#1011=EDGE_CURVE('',#1164,#1152,#1225,.T.);
#1012=EDGE_CURVE('',#1151,#1165,#1226,.F.);
#1013=EDGE_CURVE('',#1165,#1145,#1227,.T.);
#1014=EDGE_CURVE('',#1144,#1163,#1228,.T.);
#1015=EDGE_CURVE('',#1138,#1151,#1229,.T.);
#1016=EDGE_CURVE('',#1150,#1139,#1230,.F.);
#1017=EDGE_CURVE('',#1143,#1157,#183,.T.);
#1018=EDGE_CURVE('',#1144,#1156,#184,.T.);
#1019=EDGE_CURVE('',#1163,#1132,#185,.T.);
#1020=EDGE_CURVE('',#1164,#1131,#186,.T.);
#1021=EDGE_CURVE('',#1160,#1130,#187,.T.);
#1022=EDGE_CURVE('',#1161,#1133,#188,.T.);
#1023=EDGE_CURVE('',#1147,#1159,#189,.T.);
#1024=EDGE_CURVE('',#1148,#1158,#190,.T.);
#1025=EDGE_CURVE('',#1165,#1138,#191,.T.);
#1026=EDGE_CURVE('',#1145,#1137,#192,.T.);
#1027=EDGE_CURVE('',#1142,#1136,#193,.T.);
#1028=EDGE_CURVE('',#1155,#1135,#194,.T.);
#1029=EDGE_CURVE('',#1154,#1134,#195,.T.);
#1030=EDGE_CURVE('',#1149,#1141,#196,.T.);
#1031=EDGE_CURVE('',#1146,#1140,#197,.T.);
#1032=EDGE_CURVE('',#1162,#1139,#198,.T.);
#1033=VERTEX_POINT('',#2161);
#1034=VERTEX_POINT('',#2162);
#1035=VERTEX_POINT('',#2164);
#1036=VERTEX_POINT('',#2170);
#1037=VERTEX_POINT('',#2176);
#1038=VERTEX_POINT('',#2177);
#1039=VERTEX_POINT('',#2179);
#1040=VERTEX_POINT('',#2184);
#1041=VERTEX_POINT('',#2186);
#1042=VERTEX_POINT('',#2196);
#1043=VERTEX_POINT('',#2198);
#1044=VERTEX_POINT('',#2206);
#1045=VERTEX_POINT('',#2210);
#1046=VERTEX_POINT('',#2211);
#1047=VERTEX_POINT('',#2213);
#1048=VERTEX_POINT('',#2215);
#1049=VERTEX_POINT('',#2217);
#1050=VERTEX_POINT('',#2219);
#1051=VERTEX_POINT('',#2223);
#1052=VERTEX_POINT('',#2224);
#1053=VERTEX_POINT('',#2226);
#1054=VERTEX_POINT('',#2228);
#1055=VERTEX_POINT('',#2233);
#1056=VERTEX_POINT('',#2236);
#1057=VERTEX_POINT('',#2238);
#1058=VERTEX_POINT('',#2239);
#1059=VERTEX_POINT('',#2241);
#1060=VERTEX_POINT('',#2243);
#1061=VERTEX_POINT('',#2245);
#1062=VERTEX_POINT('',#2247);
#1063=VERTEX_POINT('',#2249);
#1064=VERTEX_POINT('',#2251);
#1065=VERTEX_POINT('',#2253);
#1066=VERTEX_POINT('',#2255);
#1067=VERTEX_POINT('',#2262);
#1068=VERTEX_POINT('',#2263);
#1069=VERTEX_POINT('',#2278);
#1070=VERTEX_POINT('',#2280);
#1071=VERTEX_POINT('',#2287);
#1072=VERTEX_POINT('',#2292);
#1073=VERTEX_POINT('',#2294);
#1074=VERTEX_POINT('',#2298);
#1075=VERTEX_POINT('',#2299);
#1076=VERTEX_POINT('',#2311);
#1077=VERTEX_POINT('',#2313);
#1078=VERTEX_POINT('',#2318);
#1079=VERTEX_POINT('',#2320);
#1080=VERTEX_POINT('',#2331);
#1081=VERTEX_POINT('',#2332);
#1082=VERTEX_POINT('',#2334);
#1083=VERTEX_POINT('',#2336);
#1084=VERTEX_POINT('',#2338);
#1085=VERTEX_POINT('',#2340);
#1086=VERTEX_POINT('',#2342);
#1087=VERTEX_POINT('',#2344);
#1088=VERTEX_POINT('',#2348);
#1089=VERTEX_POINT('',#2349);
#1090=VERTEX_POINT('',#2354);
#1091=VERTEX_POINT('',#2358);
#1092=VERTEX_POINT('',#2363);
#1093=VERTEX_POINT('',#2367);
#1094=VERTEX_POINT('',#2369);
#1095=VERTEX_POINT('',#2421);
#1096=VERTEX_POINT('',#2487);
#1097=VERTEX_POINT('',#2495);
#1098=VERTEX_POINT('',#2496);
#1099=VERTEX_POINT('',#2498);
#1100=VERTEX_POINT('',#2503);
#1101=VERTEX_POINT('',#2504);
#1102=VERTEX_POINT('',#2506);
#1103=VERTEX_POINT('',#2513);
#1104=VERTEX_POINT('',#2515);
#1105=VERTEX_POINT('',#2517);
#1106=VERTEX_POINT('',#2521);
#1107=VERTEX_POINT('',#2522);
#1108=VERTEX_POINT('',#2524);
#1109=VERTEX_POINT('',#2526);
#1110=VERTEX_POINT('',#2528);
#1111=VERTEX_POINT('',#2530);
#1112=VERTEX_POINT('',#2534);
#1113=VERTEX_POINT('',#2538);
#1114=VERTEX_POINT('',#2542);
#1115=VERTEX_POINT('',#2543);
#1116=VERTEX_POINT('',#2549);
#1117=VERTEX_POINT('',#2553);
#1118=VERTEX_POINT('',#2554);
#1119=VERTEX_POINT('',#2556);
#1120=VERTEX_POINT('',#2560);
#1121=VERTEX_POINT('',#2561);
#1122=VERTEX_POINT('',#2563);
#1123=VERTEX_POINT('',#2571);
#1124=VERTEX_POINT('',#2584);
#1125=VERTEX_POINT('',#2653);
#1126=VERTEX_POINT('',#2655);
#1127=VERTEX_POINT('',#2657);
#1128=VERTEX_POINT('',#2752);
#1129=VERTEX_POINT('',#2759);
#1130=VERTEX_POINT('',#2835);
#1131=VERTEX_POINT('',#2836);
#1132=VERTEX_POINT('',#2841);
#1133=VERTEX_POINT('',#2843);
#1134=VERTEX_POINT('',#2850);
#1135=VERTEX_POINT('',#2851);
#1136=VERTEX_POINT('',#2856);
#1137=VERTEX_POINT('',#2858);
#1138=VERTEX_POINT('',#2863);
#1139=VERTEX_POINT('',#2865);
#1140=VERTEX_POINT('',#2870);
#1141=VERTEX_POINT('',#2872);
#1142=VERTEX_POINT('',#2882);
#1143=VERTEX_POINT('',#2883);
#1144=VERTEX_POINT('',#2885);
#1145=VERTEX_POINT('',#2887);
#1146=VERTEX_POINT('',#2891);
#1147=VERTEX_POINT('',#2892);
#1148=VERTEX_POINT('',#2894);
#1149=VERTEX_POINT('',#2899);
#1150=VERTEX_POINT('',#2903);
#1151=VERTEX_POINT('',#2904);
#1152=VERTEX_POINT('',#2906);
#1153=VERTEX_POINT('',#2908);
#1154=VERTEX_POINT('',#2948);
#1155=VERTEX_POINT('',#2982);
#1156=VERTEX_POINT('',#2989);
#1157=VERTEX_POINT('',#2990);
#1158=VERTEX_POINT('',#3005);
#1159=VERTEX_POINT('',#3007);
#1160=VERTEX_POINT('',#3034);
#1161=VERTEX_POINT('',#3035);
#1162=VERTEX_POINT('',#3044);
#1163=VERTEX_POINT('',#3062);
#1164=VERTEX_POINT('',#3063);
#1165=VERTEX_POINT('',#3076);
#1166=B_SPLINE_CURVE_WITH_KNOTS('',3,(#2156,#2157,#2158,#2159,#2160),.UNSPECIFIED.,.F.,.F.,(4,1,4),(0.,0.00410526763766162,0.00821053527532324),.UNSPECIFIED.);
#1167=B_SPLINE_CURVE_WITH_KNOTS('',3,(#2165,#2166,#2167,#2168,#2169),.UNSPECIFIED.,.F.,.F.,(4,1,4),(0.,0.00413304940789098,0.00826609881578195),.UNSPECIFIED.);
#1168=B_SPLINE_CURVE_WITH_KNOTS('',3,(#2172,#2173,#2174,#2175),.UNSPECIFIED.,.F.,.F.,(4,4),(0.,1.),.PIECEWISE_BEZIER_KNOTS.);
#1169=B_SPLINE_CURVE_WITH_KNOTS('',3,(#2180,#2181,#2182,#2183),.UNSPECIFIED.,.F.,.F.,(4,4),(0.,1.),.PIECEWISE_BEZIER_KNOTS.);
#1170=B_SPLINE_CURVE_WITH_KNOTS('',3,(#2187,#2188,#2189,#2190,#2191,#2192,#2193,#2194,#2195),.UNSPECIFIED.,.F.,.F.,(4,1,1,1,1,1,4),(0.000467573308507021,0.00557488991751666,0.0106822065265263,0.0132358648310311,0.0157895231355359,0.0183431814400408,0.0208968397445456),.UNSPECIFIED.);
#1171=B_SPLINE_CURVE_WITH_KNOTS('',3,(#2199,#2200,#2201,#2202,#2203,#2204,#2205),.UNSPECIFIED.,.F.,.F.,(4,1,1,1,4),(0.00234471127362409,0.00748911995566599,0.0126335286377079,0.0177779373197498,0.0229223460017917),.UNSPECIFIED.);
#1172=B_SPLINE_CURVE_WITH_KNOTS('',3,(#2229,#2230,#2231,#2232),.UNSPECIFIED.,.F.,.F.,(4,4),(0.,0.000460657336633609),.UNSPECIFIED.);
#1173=B_SPLINE_CURVE_WITH_KNOTS('',3,(#2258,#2259,#2260,#2261),.UNSPECIFIED.,.F.,.F.,(4,4),(0.00168133325801019,0.00188016887875745),.UNSPECIFIED.);
#1174=B_SPLINE_CURVE_WITH_KNOTS('',3,(#2264,#2265,#2266,#2267),.UNSPECIFIED.,.F.,.F.,(4,4),(0.00217676641629399,0.00259914213516502),.UNSPECIFIED.);
#1175=B_SPLINE_CURVE_WITH_KNOTS('',3,(#2268,#2269,#2270,#2271,#2272),.UNSPECIFIED.,.F.,.F.,(4,1,4),(0.,0.000929605992219772,0.00185921198443954),.UNSPECIFIED.);
#1176=B_SPLINE_CURVE_WITH_KNOTS('',3,(#2273,#2274,#2275,#2276,#2277),.UNSPECIFIED.,.F.,.F.,(4,1,4),(0.,0.000929605992219772,0.00185921198443954),.UNSPECIFIED.);
#1177=B_SPLINE_CURVE_WITH_KNOTS('',3,(#2281,#2282,#2283,#2284),.UNSPECIFIED.,.F.,.F.,(4,4),(0.00217676641629654,0.00259914213516757),.UNSPECIFIED.);
#1178=B_SPLINE_CURVE_WITH_KNOTS('',3,(#2288,#2289,#2290,#2291),.UNSPECIFIED.,.F.,.F.,(4,4),(0.,0.000196210377794893),.UNSPECIFIED.);
#1179=B_SPLINE_CURVE_WITH_KNOTS('',3,(#2303,#2304,#2305,#2306,#2307),.UNSPECIFIED.,.F.,.F.,(4,1,4),(0.00512199060104152,0.00590317057310451,0.00668435054516751),.UNSPECIFIED.);
#1180=B_SPLINE_CURVE_WITH_KNOTS('',3,(#2321,#2322,#2323,#2324),.UNSPECIFIED.,.F.,.F.,(4,4),(-6.83336527606963E-06,0.00130224750736994),.UNSPECIFIED.);
#1181=B_SPLINE_CURVE_WITH_KNOTS('',3,(#2326,#2327,#2328,#2329,#2330),.UNSPECIFIED.,.F.,.F.,(4,1,4),(0.,0.000920355445249259,0.00184071089049852),.UNSPECIFIED.);
#1182=B_SPLINE_CURVE_WITH_KNOTS('',3,(#2416,#2417,#2418,#2419,#2420),.UNSPECIFIED.,.F.,.F.,(4,1,4),(0.,0.00165288254872816,0.00330576509745631),.UNSPECIFIED.);
#1183=B_SPLINE_CURVE_WITH_KNOTS('',3,(#2422,#2423,#2424,#2425,#2426,#2427,#2428,#2429,#2430,#2431),.UNSPECIFIED.,.F.,.F.,(4,1,1,1,1,1,1,4),(0.00200251764252784,0.00432637208921308,0.00665022653589832,0.0112979354292688,0.013621789875954,0.0159456443226393,0.0182694987693245,0.0205933532160098),.UNSPECIFIED.);
#1184=B_SPLINE_CURVE_WITH_KNOTS('',3,(#2477,#2478,#2479,#2480,#2481,#2482,#2483,#2484,#2485,#2486),.UNSPECIFIED.,.F.,.F.,(4,1,1,1,1,1,1,4),(0.00133792192927563,0.00364014923648213,0.00594237654368863,0.00824460385089512,0.0105468311581016,0.0151512857725146,0.0174535130797211,0.0197557403869276),.UNSPECIFIED.);
#1185=B_SPLINE_CURVE_WITH_KNOTS('',3,(#2488,#2489,#2490,#2491,#2492),.UNSPECIFIED.,.F.,.F.,(4,1,4),(1.82391823853452E-14,0.00164437075926792,0.0032887415185176),.UNSPECIFIED.);
#1186=B_SPLINE_CURVE_WITH_KNOTS('',3,(#2508,#2509,#2510,#2511,#2512),.UNSPECIFIED.,.F.,.F.,(4,1,4),(0.,0.000921646193609496,0.00184329238721899),.UNSPECIFIED.);
#1187=B_SPLINE_CURVE_WITH_KNOTS('',3,(#2545,#2546,#2547,#2548),.UNSPECIFIED.,.F.,.F.,(4,4),(0.,0.000460657336633609),.UNSPECIFIED.);
#1188=B_SPLINE_CURVE_WITH_KNOTS('',3,(#2567,#2568,#2569,#2570),.UNSPECIFIED.,.F.,.F.,(4,4),(0.,0.000366698894537945),.UNSPECIFIED.);
#1189=B_SPLINE_CURVE_WITH_KNOTS('',3,(#2572,#2573,#2574,#2575,#2576),.UNSPECIFIED.,.F.,.F.,(4,1,4),(0.,0.000942316864331321,0.00188463372866264),.UNSPECIFIED.);
#1190=B_SPLINE_CURVE_WITH_KNOTS('',3,(#2579,#2580,#2581,#2582,#2583),.UNSPECIFIED.,.F.,.F.,(4,1,4),(0.,0.000942316864331323,0.00188463372866265),.UNSPECIFIED.);
#1191=B_SPLINE_CURVE_WITH_KNOTS('',3,(#2585,#2586,#2587,#2588),.UNSPECIFIED.,.F.,.F.,(4,4),(9.26342742239755E-19,0.000366698894537939),.UNSPECIFIED.);
#1192=B_SPLINE_CURVE_WITH_KNOTS('',3,(#2658,#2659,#2660,#2661),.UNSPECIFIED.,.F.,.F.,(4,4),(0.,0.000195585555495893),.UNSPECIFIED.);
#1193=B_SPLINE_CURVE_WITH_KNOTS('',3,(#2675,#2676,#2677,#2678,#2679),.UNSPECIFIED.,.F.,.F.,(4,1,4),(8.94056015336375E-19,0.00104452498971605,0.00208904997943211),.UNSPECIFIED.);
#1194=B_SPLINE_CURVE_WITH_KNOTS('',3,(#2692,#2693,#2694,#2695,#2696),.UNSPECIFIED.,.F.,.F.,(4,1,4),(0.,0.00104452498971605,0.0020890499794321),.UNSPECIFIED.);
#1195=B_SPLINE_CURVE_WITH_KNOTS('',3,(#2707,#2708,#2709,#2710,#2711),.UNSPECIFIED.,.F.,.F.,(4,1,4),(0.00512199060104151,0.00590317057310451,0.00668435054516751),.UNSPECIFIED.);
#1196=B_SPLINE_CURVE_WITH_KNOTS('',3,(#2753,#2754,#2755,#2756),.UNSPECIFIED.,.F.,.F.,(4,4),(1.97106926528333E-07,0.00131254132427112),.UNSPECIFIED.);
#1197=B_SPLINE_CURVE_WITH_KNOTS('',3,(#2837,#2838,#2839,#2840),.UNSPECIFIED.,.F.,.F.,(4,4),(0.,0.000551646526471359),.UNSPECIFIED.);
#1198=B_SPLINE_CURVE_WITH_KNOTS('',3,(#2844,#2845,#2846,#2847),.UNSPECIFIED.,.F.,.F.,(4,4),(0.,0.000551646526471359),.UNSPECIFIED.);
#1199=B_SPLINE_CURVE_WITH_KNOTS('',3,(#2852,#2853,#2854,#2855),.UNSPECIFIED.,.F.,.F.,(4,4),(0.,0.00221500928791784),.UNSPECIFIED.);
#1200=B_SPLINE_CURVE_WITH_KNOTS('',3,(#2859,#2860,#2861,#2862),.UNSPECIFIED.,.F.,.F.,(4,4),(0.,0.000554252910233717),.UNSPECIFIED.);
#1201=B_SPLINE_CURVE_WITH_KNOTS('',3,(#2866,#2867,#2868,#2869),.UNSPECIFIED.,.F.,.F.,(4,4),(0.,0.000554252910233717),.UNSPECIFIED.);
#1202=B_SPLINE_CURVE_WITH_KNOTS('',3,(#2873,#2874,#2875,#2876),.UNSPECIFIED.,.F.,.F.,(4,4),(0.,0.00222437086506612),.UNSPECIFIED.);
#1203=B_SPLINE_CURVE_WITH_KNOTS('',3,(#2878,#2879,#2880,#2881),.UNSPECIFIED.,.F.,.F.,(4,4),(0.00136383628596068,0.00542410108988004),.UNSPECIFIED.);
#1204=B_SPLINE_CURVE_WITH_KNOTS('',3,(#2895,#2896,#2897,#2898),.UNSPECIFIED.,.F.,.F.,(4,4),(0.000969324685939217,0.00504145041216082),.UNSPECIFIED.);
#1205=B_SPLINE_CURVE_WITH_KNOTS('',3,(#2911,#2912,#2913,#2914),.UNSPECIFIED.,.F.,.F.,(4,4),(1.51788304147971E-18,0.00146344225751868),.UNSPECIFIED.);
#1206=B_SPLINE_CURVE_WITH_KNOTS('',3,(#2915,#2916,#2917,#2918),.UNSPECIFIED.,.F.,.F.,(4,4),(0.,0.00146344225751868),.UNSPECIFIED.);
#1207=B_SPLINE_CURVE_WITH_KNOTS('',3,(#2937,#2938,#2939,#2940,#2941,#2942,#2943),.UNSPECIFIED.,.F.,.F.,(4,1,1,1,4),(0.,0.000643064868399247,0.00128612973679849,0.00192919460519774,0.00257225947359699),.UNSPECIFIED.);
#1208=B_SPLINE_CURVE_WITH_KNOTS('',3,(#2944,#2945,#2946,#2947),.UNSPECIFIED.,.F.,.F.,(4,4),(2.18094482763029E-17,0.0014748508637917),.UNSPECIFIED.);
#1209=B_SPLINE_CURVE_WITH_KNOTS('',3,(#2949,#2950,#2951,#2952),.UNSPECIFIED.,.F.,.F.,(4,4),(0.,0.00168856905373016),.UNSPECIFIED.);
#1210=B_SPLINE_CURVE_WITH_KNOTS('',3,(#2971,#2972,#2973,#2974,#2975,#2976,#2977),.UNSPECIFIED.,.F.,.F.,(4,1,1,1,4),(0.,0.000643064868399249,0.0012861297367985,0.00192919460519775,0.002572259473597),.UNSPECIFIED.);
#1211=B_SPLINE_CURVE_WITH_KNOTS('',3,(#2978,#2979,#2980,#2981),.UNSPECIFIED.,.F.,.F.,(4,4),(0.,0.00169908954090111),.UNSPECIFIED.);
#1212=B_SPLINE_CURVE_WITH_KNOTS('',3,(#2983,#2984,#2985,#2986),.UNSPECIFIED.,.F.,.F.,(4,4),(2.12459368048518E-18,0.00147485086379169),.UNSPECIFIED.);
#1213=B_SPLINE_CURVE_WITH_KNOTS('',3,(#2991,#2992,#2993,#2994,#2995,#2996,#2997),.UNSPECIFIED.,.F.,.F.,(4,1,1,1,4),(0.,0.000649188562007246,0.00129837712401449,0.00194756568602174,0.00259675424802898),.UNSPECIFIED.);
#1214=B_SPLINE_CURVE_WITH_KNOTS('',3,(#2998,#2999,#3000,#3001,#3002,#3003,#3004),.UNSPECIFIED.,.F.,.F.,(4,1,1,1,4),(0.,0.000649188562007244,0.00129837712401449,0.00194756568602173,0.00259675424802898),.UNSPECIFIED.);
#1215=B_SPLINE_CURVE_WITH_KNOTS('',3,(#3008,#3009,#3010,#3011),.UNSPECIFIED.,.F.,.F.,(4,4),(0.,1.31114014191041E-06),.UNSPECIFIED.);
#1216=B_SPLINE_CURVE_WITH_KNOTS('',3,(#3012,#3013,#3014,#3015),.UNSPECIFIED.,.F.,.F.,(4,4),(0.,1.31114014191048E-06),.UNSPECIFIED.);
#1217=B_SPLINE_CURVE_WITH_KNOTS('',3,(#3017,#3018,#3019,#3020,#3021,#3022),.UNSPECIFIED.,.F.,.F.,(4,1,1,4),(0.,0.000555236364818772,0.00111047272963754,0.00222094545927509),.UNSPECIFIED.);
#1218=B_SPLINE_CURVE_WITH_KNOTS('',3,(#3023,#3024,#3025,#3026,#3027,#3028),.UNSPECIFIED.,.F.,.F.,(4,1,1,4),(0.,0.000555236364818772,0.00111047272963754,0.00222094545927509),.UNSPECIFIED.);
#1219=B_SPLINE_CURVE_WITH_KNOTS('',3,(#3030,#3031,#3032,#3033),.UNSPECIFIED.,.F.,.F.,(4,4),(0.,0.000349785772969685),.UNSPECIFIED.);
#1220=B_SPLINE_CURVE_WITH_KNOTS('',3,(#3036,#3037,#3038,#3039),.UNSPECIFIED.,.F.,.F.,(4,4),(0.,1.60378567443389E-06),.UNSPECIFIED.);
#1221=B_SPLINE_CURVE_WITH_KNOTS('',3,(#3040,#3041,#3042,#3043),.UNSPECIFIED.,.F.,.F.,(4,4),(0.,0.000351383988399947),.UNSPECIFIED.);
#1222=B_SPLINE_CURVE_WITH_KNOTS('',3,(#3045,#3046,#3047,#3048,#3049,#3050),.UNSPECIFIED.,.F.,.F.,(4,1,1,4),(0.,0.000571365152486633,0.00114273030497327,0.00228546060994653),.UNSPECIFIED.);
#1223=B_SPLINE_CURVE_WITH_KNOTS('',3,(#3051,#3052,#3053,#3054,#3055,#3056),.UNSPECIFIED.,.F.,.F.,(4,1,1,4),(0.,0.000571365152486644,0.00114273030497329,0.00228546060994658),.UNSPECIFIED.);
#1224=B_SPLINE_CURVE_WITH_KNOTS('',3,(#3058,#3059,#3060,#3061),.UNSPECIFIED.,.F.,.F.,(4,4),(0.,0.000349785772969685),.UNSPECIFIED.);
#1225=B_SPLINE_CURVE_WITH_KNOTS('',3,(#3064,#3065,#3066,#3067,#3068,#3069),.UNSPECIFIED.,.F.,.F.,(4,1,1,4),(0.,0.000571365152486644,0.00114273030497329,0.00228546060994658),.UNSPECIFIED.);
#1226=B_SPLINE_CURVE_WITH_KNOTS('',3,(#3070,#3071,#3072,#3073,#3074,#3075),.UNSPECIFIED.,.F.,.F.,(4,1,1,4),(0.,0.000571365152486633,0.00114273030497327,0.00228546060994653),.UNSPECIFIED.);
#1227=B_SPLINE_CURVE_WITH_KNOTS('',3,(#3077,#3078,#3079,#3080),.UNSPECIFIED.,.F.,.F.,(4,4),(0.,0.000351383988399945),.UNSPECIFIED.);
#1228=B_SPLINE_CURVE_WITH_KNOTS('',3,(#3081,#3082,#3083,#3084),.UNSPECIFIED.,.F.,.F.,(4,4),(0.,1.60378567443447E-06),.UNSPECIFIED.);
#1229=B_SPLINE_CURVE_WITH_KNOTS('',3,(#3086,#3087,#3088,#3089,#3090,#3091),.UNSPECIFIED.,.F.,.F.,(4,1,1,4),(0.,0.000555236364818772,0.00111047272963754,0.00222094545927509),.UNSPECIFIED.);
#1230=B_SPLINE_CURVE_WITH_KNOTS('',3,(#3092,#3093,#3094,#3095,#3096,#3097),.UNSPECIFIED.,.F.,.F.,(4,1,1,4),(0.,0.000555236364818772,0.00111047272963754,0.00222094545927509),.UNSPECIFIED.);
#1231=EDGE_LOOP('',(#340,#341,#342,#343));
#1232=EDGE_LOOP('',(#344,#345,#346,#347,#348,#349,#350,#351));
#1233=EDGE_LOOP('',(#352,#353,#354,#355,#356,#357));
#1234=EDGE_LOOP('',(#358,#359,#360,#361,#362));
#1235=EDGE_LOOP('',(#363,#364,#365,#366,#367,#368,#369,#370,#371,#372));
#1236=EDGE_LOOP('',(#373,#374,#375,#376,#377,#378,#379,#380));
#1237=EDGE_LOOP('',(#381,#382,#383,#384,#385));
#1238=EDGE_LOOP('',(#386,#387,#388,#389));
#1239=EDGE_LOOP('',(#390,#391,#392,#393));
#1240=EDGE_LOOP('',(#394,#395,#396,#397));
#1241=EDGE_LOOP('',(#398,#399,#400,#401,#402,#403));
#1242=EDGE_LOOP('',(#404,#405,#406,#407,#408,#409,#410,#411));
#1243=EDGE_LOOP('',(#412,#413,#414));
#1244=EDGE_LOOP('',(#415,#416,#417,#418));
#1245=EDGE_LOOP('',(#419,#420,#421));
#1246=EDGE_LOOP('',(#422,#423,#424,#425));
#1247=EDGE_LOOP('',(#426,#427,#428,#429));
#1248=EDGE_LOOP('',(#430,#431,#432,#433));
#1249=EDGE_LOOP('',(#434,#435,#436,#437));
#1250=EDGE_LOOP('',(#438,#439,#440,#441,#442,#443,#444,#445));
#1251=EDGE_LOOP('',(#446,#447,#448,#449,#450,#451,#452,#453));
#1252=EDGE_LOOP('',(#454,#455,#456,#457,#458,#459));
#1253=EDGE_LOOP('',(#460,#461,#462,#463));
#1254=EDGE_LOOP('',(#464,#465,#466,#467));
#1255=EDGE_LOOP('',(#468,#469,#470,#471,#472));
#1256=EDGE_LOOP('',(#473,#474,#475));
#1257=EDGE_LOOP('',(#476,#477,#478));
#1258=EDGE_LOOP('',(#479,#480,#481,#482,#483));
#1259=EDGE_LOOP('',(#484,#485,#486,#487,#488));
#1260=EDGE_LOOP('',(#489,#490,#491,#492));
#1261=EDGE_LOOP('',(#493,#494,#495,#496));
#1262=EDGE_LOOP('',(#497,#498,#499));
#1263=EDGE_LOOP('',(#500,#501,#502,#503));
#1264=EDGE_LOOP('',(#504,#505,#506,#507));
#1265=EDGE_LOOP('',(#508,#509,#510));
#1266=EDGE_LOOP('',(#511,#512,#513,#514,#515));
#1267=EDGE_LOOP('',(#516,#517,#518,#519));
#1268=EDGE_LOOP('',(#520,#521,#522,#523,#524));
#1269=EDGE_LOOP('',(#525,#526,#527,#528));
#1270=EDGE_LOOP('',(#529,#530,#531,#532));
#1271=EDGE_LOOP('',(#533,#534,#535,#536));
#1272=EDGE_LOOP('',(#537,#538,#539));
#1273=EDGE_LOOP('',(#540,#541,#542,#543,#544));
#1274=EDGE_LOOP('',(#545,#546,#547));
#1275=EDGE_LOOP('',(#548,#549,#550));
#1276=EDGE_LOOP('',(#551,#552,#553));
#1277=EDGE_LOOP('',(#554,#555,#556,#557));
#1278=EDGE_LOOP('',(#558,#559,#560,#561));
#1279=EDGE_LOOP('',(#562,#563,#564,#565));
#1280=EDGE_LOOP('',(#566,#567,#568,#569));
#1281=EDGE_LOOP('',(#570,#571,#572,#573));
#1282=EDGE_LOOP('',(#574,#575,#576,#577));
#1283=EDGE_LOOP('',(#578,#579,#580,#581));
#1284=EDGE_LOOP('',(#582,#583,#584));
#1285=EDGE_LOOP('',(#585,#586,#587,#588,#589));
#1286=EDGE_LOOP('',(#590,#591,#592,#593));
#1287=EDGE_LOOP('',(#594,#595,#596,#597,#598));
#1288=EDGE_LOOP('',(#599,#600,#601,#602));
#1289=EDGE_LOOP('',(#603,#604,#605,#606));
#1290=EDGE_LOOP('',(#607,#608,#609,#610));
#1291=EDGE_LOOP('',(#611,#612,#613,#614,#615,#616));
#1292=EDGE_LOOP('',(#617,#618,#619));
#1293=EDGE_LOOP('',(#620,#621,#622,#623));
#1294=EDGE_LOOP('',(#624,#625,#626,#627));
#1295=EDGE_LOOP('',(#628,#629,#630,#631,#632,#633));
#1296=EDGE_LOOP('',(#634,#635,#636,#637,#638,#639));
#1297=EDGE_LOOP('',(#640,#641,#642,#643));
#1298=EDGE_LOOP('',(#644,#645,#646,#647));
#1299=EDGE_LOOP('',(#648,#649,#650,#651,#652,#653,#654));
#1300=EDGE_LOOP('',(#655,#656,#657,#658,#659,#660,#661));
#1301=EDGE_LOOP('',(#662,#663,#664,#665));
#1302=EDGE_LOOP('',(#666,#667,#668,#669,#670,#671,#672,#673));
#1303=EDGE_LOOP('',(#674,#675,#676,#677));
#1304=EDGE_LOOP('',(#678,#679,#680,#681));
#1305=EDGE_LOOP('',(#682,#683,#684,#685));
#1306=EDGE_LOOP('',(#686,#687,#688,#689));
#1307=EDGE_LOOP('',(#690,#691,#692,#693,#694));
#1308=EDGE_LOOP('',(#695,#696,#697,#698,#699));
#1309=EDGE_LOOP('',(#700,#701,#702,#703,#704,#705,#706,#707));
#1310=EDGE_LOOP('',(#708,#709,#710,#711));
#1311=EDGE_LOOP('',(#712,#713,#714,#715,#716,#717,#718));
#1312=EDGE_LOOP('',(#719,#720,#721,#722,#723,#724,#725));
#1313=EDGE_LOOP('',(#726,#727,#728,#729));
#1314=EDGE_LOOP('',(#730,#731,#732));
#1315=EDGE_LOOP('',(#733,#734,#735,#736));
#1316=EDGE_LOOP('',(#737,#738,#739,#740));
#1317=EDGE_LOOP('',(#741,#742,#743,#744));
#1318=EDGE_LOOP('',(#745,#746,#747));
#1319=EDGE_LOOP('',(#748,#749,#750));
#1320=EDGE_LOOP('',(#751,#752,#753,#754));
#1321=EDGE_LOOP('',(#755,#756,#757,#758));
#1322=EDGE_LOOP('',(#759,#760,#761,#762));
#1323=EDGE_LOOP('',(#763,#764,#765));
#1324=EDGE_LOOP('',(#766,#767,#768));
#1325=EDGE_LOOP('',(#769,#770,#771,#772));
#1326=EDGE_LOOP('',(#773,#774,#775,#776));
#1327=EDGE_LOOP('',(#777,#778,#779,#780));
#1328=EDGE_LOOP('',(#781,#782,#783));
#1329=EDGE_LOOP('',(#784,#785,#786));
#1330=EDGE_LOOP('',(#787,#788,#789,#790));
#1331=EDGE_LOOP('',(#791,#792,#793,#794));
#1332=EDGE_LOOP('',(#795,#796,#797,#798));
#1333=EDGE_LOOP('',(#799,#800,#801));
#1334=FACE_BOUND('',#1231,.T.);
#1335=FACE_BOUND('',#1232,.T.);
#1336=FACE_BOUND('',#1233,.T.);
#1337=FACE_BOUND('',#1234,.T.);
#1338=FACE_BOUND('',#90,.T.);
#1339=FACE_BOUND('',#1235,.T.);
#1340=FACE_BOUND('',#1236,.T.);
#1341=FACE_BOUND('',#1237,.T.);
#1342=FACE_BOUND('',#1238,.T.);
#1343=FACE_BOUND('',#1239,.T.);
#1344=FACE_BOUND('',#1240,.T.);
#1345=FACE_BOUND('',#1241,.T.);
#1346=FACE_BOUND('',#1242,.T.);
#1347=FACE_BOUND('',#1243,.T.);
#1348=FACE_BOUND('',#1244,.T.);
#1349=FACE_BOUND('',#1245,.T.);
#1350=FACE_BOUND('',#1246,.T.);
#1351=FACE_BOUND('',#1247,.T.);
#1352=FACE_BOUND('',#1248,.T.);
#1353=FACE_BOUND('',#1249,.T.);
#1354=FACE_BOUND('',#1250,.T.);
#1355=FACE_BOUND('',#1251,.T.);
#1356=FACE_BOUND('',#1252,.T.);
#1357=FACE_BOUND('',#1253,.T.);
#1358=FACE_BOUND('',#1254,.T.);
#1359=FACE_BOUND('',#1255,.T.);
#1360=FACE_BOUND('',#1256,.T.);
#1361=FACE_BOUND('',#1257,.T.);
#1362=FACE_BOUND('',#1258,.T.);
#1363=FACE_BOUND('',#1259,.T.);
#1364=FACE_BOUND('',#1260,.T.);
#1365=FACE_BOUND('',#1261,.T.);
#1366=FACE_BOUND('',#1262,.T.);
#1367=FACE_BOUND('',#1263,.T.);
#1368=FACE_BOUND('',#1264,.T.);
#1369=FACE_BOUND('',#1265,.T.);
#1370=FACE_BOUND('',#1266,.T.);
#1371=FACE_BOUND('',#1267,.T.);
#1372=FACE_BOUND('',#1268,.T.);
#1373=FACE_BOUND('',#1269,.T.);
#1374=FACE_BOUND('',#1270,.T.);
#1375=FACE_BOUND('',#1271,.T.);
#1376=FACE_BOUND('',#1272,.T.);
#1377=FACE_BOUND('',#1273,.T.);
#1378=FACE_BOUND('',#1274,.T.);
#1379=FACE_BOUND('',#1275,.T.);
#1380=FACE_BOUND('',#1276,.T.);
#1381=FACE_BOUND('',#1277,.T.);
#1382=FACE_BOUND('',#1278,.T.);
#1383=FACE_BOUND('',#1279,.T.);
#1384=FACE_BOUND('',#1280,.T.);
#1385=FACE_BOUND('',#1281,.T.);
#1386=FACE_BOUND('',#1282,.T.);
#1387=FACE_BOUND('',#1283,.T.);
#1388=FACE_BOUND('',#1284,.T.);
#1389=FACE_BOUND('',#1285,.T.);
#1390=FACE_BOUND('',#1286,.T.);
#1391=FACE_BOUND('',#1287,.T.);
#1392=FACE_BOUND('',#1288,.T.);
#1393=FACE_BOUND('',#1289,.T.);
#1394=FACE_BOUND('',#1290,.T.);
#1395=FACE_BOUND('',#1291,.T.);
#1396=FACE_BOUND('',#1292,.T.);
#1397=FACE_BOUND('',#1293,.T.);
#1398=FACE_BOUND('',#1294,.T.);
#1399=FACE_BOUND('',#1295,.T.);
#1400=FACE_BOUND('',#1296,.T.);
#1401=FACE_BOUND('',#1297,.T.);
#1402=FACE_BOUND('',#1298,.T.);
#1403=FACE_BOUND('',#1299,.T.);
#1404=FACE_BOUND('',#1300,.T.);
#1405=FACE_BOUND('',#1301,.T.);
#1406=FACE_BOUND('',#1302,.T.);
#1407=FACE_BOUND('',#1303,.T.);
#1408=FACE_BOUND('',#1304,.T.);
#1409=FACE_BOUND('',#1305,.T.);
#1410=FACE_BOUND('',#1306,.T.);
#1411=FACE_BOUND('',#1307,.T.);
#1412=FACE_BOUND('',#1308,.T.);
#1413=FACE_BOUND('',#1309,.T.);
#1414=FACE_BOUND('',#1310,.T.);
#1415=FACE_BOUND('',#1311,.T.);
#1416=FACE_BOUND('',#1312,.T.);
#1417=FACE_BOUND('',#1313,.T.);
#1418=FACE_BOUND('',#1314,.T.);
#1419=FACE_BOUND('',#1315,.T.);
#1420=FACE_BOUND('',#1316,.T.);
#1421=FACE_BOUND('',#1317,.T.);
#1422=FACE_BOUND('',#1318,.T.);
#1423=FACE_BOUND('',#1319,.T.);
#1424=FACE_BOUND('',#1320,.T.);
#1425=FACE_BOUND('',#1321,.T.);
#1426=FACE_BOUND('',#1322,.T.);
#1427=FACE_BOUND('',#1323,.T.);
#1428=FACE_BOUND('',#1324,.T.);
#1429=FACE_BOUND('',#1325,.T.);
#1430=FACE_BOUND('',#1326,.T.);
#1431=FACE_BOUND('',#1327,.T.);
#1432=FACE_BOUND('',#1328,.T.);
#1433=FACE_BOUND('',#1329,.T.);
#1434=FACE_BOUND('',#1330,.T.);
#1435=FACE_BOUND('',#1331,.T.);
#1436=FACE_BOUND('',#1332,.T.);
#1437=FACE_BOUND('',#1333,.T.);
#1438=B_SPLINE_SURFACE_WITH_KNOTS('',3,1,((#2148,#2149),(#2150,#2151),(#2152,
#2153),(#2154,#2155)),.SURF_OF_LINEAR_EXTRUSION.,.F.,.F.,.F.,(4,4),(2,2),(0.0761568914591425,0.96644570947791),(0.,1.),.PIECEWISE_BEZIER_KNOTS.);
#1439=ADVANCED_FACE('',(#1334,#1335),#1438,.F.);
#1440=ADVANCED_FACE('',(#1336),#199,.T.);
#1441=ADVANCED_FACE('',(#1337),#200,.F.);
#1442=ADVANCED_FACE('',(#1338,#1339),#91,.F.);
#1443=ADVANCED_FACE('',(#1340),#75,.T.);
#1444=ADVANCED_FACE('',(#1341),#50,.F.);
#1445=ADVANCED_FACE('',(#1342),#51,.T.);
#1446=ADVANCED_FACE('',(#1343),#76,.T.);
#1447=ADVANCED_FACE('',(#1344),#52,.T.);
#1448=ADVANCED_FACE('',(#1345),#53,.T.);
#1449=ADVANCED_FACE('',(#1346),#201,.T.);
#1450=ADVANCED_FACE('',(#1347),#92,.T.);
#1451=ADVANCED_FACE('',(#1348),#54,.T.);
#1452=ADVANCED_FACE('',(#1349),#93,.T.);
#1453=ADVANCED_FACE('',(#1350),#55,.T.);
#1454=ADVANCED_FACE('',(#1351),#56,.T.);
#1455=ADVANCED_FACE('',(#1352),#12,.T.);
#1456=ADVANCED_FACE('',(#1353),#13,.T.);
#1457=ADVANCED_FACE('',(#1354),#202,.T.);
#1458=ADVANCED_FACE('',(#1355),#203,.T.);
#1459=ADVANCED_FACE('',(#1356),#204,.T.);
#1460=ADVANCED_FACE('',(#1357),#205,.T.);
#1461=ADVANCED_FACE('',(#1358),#206,.F.);
#1462=ADVANCED_FACE('',(#1359),#207,.F.);
#1463=ADVANCED_FACE('',(#1360),#208,.F.);
#1464=ADVANCED_FACE('',(#1361),#209,.T.);
#1465=ADVANCED_FACE('',(#1362),#77,.T.);
#1466=ADVANCED_FACE('',(#1363),#78,.T.);
#1467=ADVANCED_FACE('',(#1364),#57,.F.);
#1468=ADVANCED_FACE('',(#1365),#14,.F.);
#1469=ADVANCED_FACE('',(#1366),#15,.F.);
#1470=ADVANCED_FACE('',(#1367),#58,.F.);
#1471=ADVANCED_FACE('',(#1368),#16,.F.);
#1472=ADVANCED_FACE('',(#1369),#17,.F.);
#1473=ADVANCED_FACE('',(#1370),#59,.F.);
#1474=ADVANCED_FACE('',(#1371),#18,.T.);
#1475=ADVANCED_FACE('',(#1372),#79,.T.);
#1476=ADVANCED_FACE('',(#1373),#60,.T.);
#1477=ADVANCED_FACE('',(#1374),#61,.T.);
#1478=ADVANCED_FACE('',(#1375),#80,.T.);
#1479=ADVANCED_FACE('',(#1376),#94,.T.);
#1480=ADVANCED_FACE('',(#1377),#81,.T.);
#1481=ADVANCED_FACE('',(#1378),#95,.T.);
#1482=ADVANCED_FACE('',(#1379),#96,.T.);
#1483=ADVANCED_FACE('',(#1380),#97,.T.);
#1484=ADVANCED_FACE('',(#1381),#62,.T.);
#1485=ADVANCED_FACE('',(#1382),#82,.T.);
#1486=ADVANCED_FACE('',(#1383),#19,.T.);
#1487=ADVANCED_FACE('',(#1384),#63,.T.);
#1488=ADVANCED_FACE('',(#1385),#64,.T.);
#1489=ADVANCED_FACE('',(#1386),#65,.T.);
#1490=ADVANCED_FACE('',(#1387),#83,.T.);
#1491=ADVANCED_FACE('',(#1388),#98,.T.);
#1492=ADVANCED_FACE('',(#1389),#20,.T.);
#1493=ADVANCED_FACE('',(#1390),#66,.T.);
#1494=ADVANCED_FACE('',(#1391),#21,.T.);
#1495=ADVANCED_FACE('',(#1392),#22,.T.);
#1496=ADVANCED_FACE('',(#1393),#67,.T.);
#1497=ADVANCED_FACE('',(#1394),#68,.T.);
#1498=ADVANCED_FACE('',(#1395),#69,.T.);
#1499=ADVANCED_FACE('',(#1396),#99,.T.);
#1500=ADVANCED_FACE('',(#1397),#23,.T.);
#1501=ADVANCED_FACE('',(#1398),#70,.T.);
#1502=ADVANCED_FACE('',(#1399),#210,.F.);
#1503=ADVANCED_FACE('',(#1400),#211,.T.);
#1504=ADVANCED_FACE('',(#1401),#212,.F.);
#1505=ADVANCED_FACE('',(#1402),#213,.F.);
#1506=ADVANCED_FACE('',(#1403),#214,.T.);
#1507=ADVANCED_FACE('',(#1404),#215,.F.);
#1508=ADVANCED_FACE('',(#1405),#216,.T.);
#1509=ADVANCED_FACE('',(#1406),#217,.F.);
#1510=ADVANCED_FACE('',(#1407),#218,.T.);
#1511=ADVANCED_FACE('',(#1408),#219,.F.);
#1512=ADVANCED_FACE('',(#1409),#100,.T.);
#1513=ADVANCED_FACE('',(#1410),#71,.F.);
#1514=ADVANCED_FACE('',(#1411),#24,.F.);
#1515=ADVANCED_FACE('',(#1412),#25,.F.);
#1516=ADVANCED_FACE('',(#1413),#72,.F.);
#1517=ADVANCED_FACE('',(#1414),#84,.F.);
#1518=ADVANCED_FACE('',(#1415),#85,.F.);
#1519=ADVANCED_FACE('',(#1416),#86,.F.);
#1520=ADVANCED_FACE('',(#1417),#87,.F.);
#1521=ADVANCED_FACE('',(#1418),#26,.T.);
#1522=ADVANCED_FACE('',(#1419),#88,.T.);
#1523=ADVANCED_FACE('',(#1420),#27,.T.);
#1524=ADVANCED_FACE('',(#1421),#28,.T.);
#1525=ADVANCED_FACE('',(#1422),#29,.T.);
#1526=ADVANCED_FACE('',(#1423),#30,.T.);
#1527=ADVANCED_FACE('',(#1424),#31,.T.);
#1528=ADVANCED_FACE('',(#1425),#32,.T.);
#1529=ADVANCED_FACE('',(#1426),#89,.T.);
#1530=ADVANCED_FACE('',(#1427),#33,.T.);
#1531=ADVANCED_FACE('',(#1428),#34,.T.);
#1532=ADVANCED_FACE('',(#1429),#35,.T.);
#1533=ADVANCED_FACE('',(#1430),#73,.T.);
#1534=ADVANCED_FACE('',(#1431),#36,.T.);
#1535=ADVANCED_FACE('',(#1432),#37,.T.);
#1536=ADVANCED_FACE('',(#1433),#38,.T.);
#1537=ADVANCED_FACE('',(#1434),#39,.T.);
#1538=ADVANCED_FACE('',(#1435),#74,.T.);
#1539=ADVANCED_FACE('',(#1436),#40,.T.);
#1540=ADVANCED_FACE('',(#1437),#41,.T.);
#1541=CLOSED_SHELL('',(#1439,#1440,#1441,#1442,#1443,#1444,#1445,#1446,#1447,#1448,#1449,#1450,#1451,#1452,#1453,#1454,#1455,#1456,#1457,#1458,#1459,#1460,#1461,#1462,#1463,#1464,#1465,#1466,#1467,#1468,#1469,#1470,#1471,#1472,#1473,#1474,#1475,#1476,#1477,#1478,#1479,#1480,#1481,#1482,#1483,#1484,#1485,#1486,#1487,#1488,#1489,#1490,#1491,#1492,#1493,#1494,#1495,#1496,#1497,#1498,#1499,#1500,#1501,#1502,#1503,#1504,#1505,#1506,#1507,#1508,#1509,#1510,#1511,#1512,#1513,#1514,#1515,#1516,#1517,#1518,#1519,#1520,#1521,#1522,#1523,#1524,#1525,#1526,#1527,#1528,#1529,#1530,#1531,#1532,#1533,#1534,#1535,#1536,#1537,#1538,#1539,#1540));
#1542=STYLED_ITEM('',(#1543),#1550);
#1543=PRESENTATION_STYLE_ASSIGNMENT((#1544));
#1544=SURFACE_STYLE_USAGE(.BOTH.,#1545);
#1545=SURFACE_SIDE_STYLE('',(#1546));
#1546=SURFACE_STYLE_FILL_AREA(#1547);
#1547=FILL_AREA_STYLE('',(#1548));
#1548=FILL_AREA_STYLE_COLOUR('',#1549);
#1549=COLOUR_RGB('',0.992156862745098,0.847058823529412,0.207843137254902);
#1550=MANIFOLD_SOLID_BREP('test_phalanx_middle',#1541);
#1551=SHAPE_DEFINITION_REPRESENTATION(#3346,#1552);
#1552=SHAPE_REPRESENTATION('test_phalanx_middle',(#1553),#3341);
#1553=AXIS2_PLACEMENT_3D('',#2147,#1731,#1732);
#1554=AXIS2_PLACEMENT_3D('',#2208,#1739,#1740);
#1555=AXIS2_PLACEMENT_3D('',#2214,#1743,#1744);
#1556=AXIS2_PLACEMENT_3D('',#2220,#1747,#1748);
#1557=AXIS2_PLACEMENT_3D('',#2221,#1749,#1750);
#1558=AXIS2_PLACEMENT_3D('',#2234,#1754,#1755);
#1559=AXIS2_PLACEMENT_3D('',#2235,#1756,#1757);
#1560=AXIS2_PLACEMENT_3D('',#2237,#1758,#1759);
#1561=AXIS2_PLACEMENT_3D('',#2240,#1760,#1761);
#1562=AXIS2_PLACEMENT_3D('',#2242,#1762,#1763);
#1563=AXIS2_PLACEMENT_3D('',#2244,#1764,#1765);
#1564=AXIS2_PLACEMENT_3D('',#2246,#1766,#1767);
#1565=AXIS2_PLACEMENT_3D('',#2248,#1768,#1769);
#1566=AXIS2_PLACEMENT_3D('',#2250,#1770,#1771);
#1567=AXIS2_PLACEMENT_3D('',#2252,#1772,#1773);
#1568=AXIS2_PLACEMENT_3D('',#2254,#1774,#1775);
#1569=AXIS2_PLACEMENT_3D('',#2256,#1776,#1777);
#1570=AXIS2_PLACEMENT_3D('',#2257,#1778,#1779);
#1571=AXIS2_PLACEMENT_3D('',#2279,#1780,#1781);
#1572=AXIS2_PLACEMENT_3D('',#2285,#1782,#1783);
#1573=AXIS2_PLACEMENT_3D('',#2293,#1785,#1786);
#1574=AXIS2_PLACEMENT_3D('',#2295,#1787,#1788);
#1575=AXIS2_PLACEMENT_3D('',#2296,#1789,#1790);
#1576=AXIS2_PLACEMENT_3D('',#2300,#1792,#1793);
#1577=AXIS2_PLACEMENT_3D('',#2301,#1794,#1795);
#1578=AXIS2_PLACEMENT_3D('',#2302,#1796,#1797);
#1579=AXIS2_PLACEMENT_3D('',#2308,#1798,#1799);
#1580=AXIS2_PLACEMENT_3D('',#2309,#1800,#1801);
#1581=AXIS2_PLACEMENT_3D('',#2310,#1802,#1803);
#1582=AXIS2_PLACEMENT_3D('',#2314,#1805,#1806);
#1583=AXIS2_PLACEMENT_3D('',#2315,#1807,#1808);
#1584=AXIS2_PLACEMENT_3D('',#2316,#1809,#1810);
#1585=AXIS2_PLACEMENT_3D('',#2317,#1811,#1812);
#1586=AXIS2_PLACEMENT_3D('',#2325,#1814,#1815);
#1587=AXIS2_PLACEMENT_3D('',#2335,#1817,#1818);
#1588=AXIS2_PLACEMENT_3D('',#2339,#1820,#1821);
#1589=AXIS2_PLACEMENT_3D('',#2341,#1822,#1823);
#1590=AXIS2_PLACEMENT_3D('',#2346,#1826,#1827);
#1591=AXIS2_PLACEMENT_3D('',#2347,#1828,#1829);
#1592=AXIS2_PLACEMENT_3D('',#2350,#1830,#1831);
#1593=AXIS2_PLACEMENT_3D('',#2351,#1832,#1833);
#1594=AXIS2_PLACEMENT_3D('',#2352,#1834,#1835);
#1595=AXIS2_PLACEMENT_3D('',#2355,#1837,#1838);
#1596=AXIS2_PLACEMENT_3D('',#2356,#1839,#1840);
#1597=AXIS2_PLACEMENT_3D('',#2357,#1841,#1842);
#1598=AXIS2_PLACEMENT_3D('',#2359,#1843,#1844);
#1599=AXIS2_PLACEMENT_3D('',#2360,#1845,#1846);
#1600=AXIS2_PLACEMENT_3D('',#2362,#1848,#1849);
#1601=AXIS2_PLACEMENT_3D('',#2365,#1851,#1852);
#1602=AXIS2_PLACEMENT_3D('',#2368,#1854,#1855);
#1603=AXIS2_PLACEMENT_3D('',#2493,#1857,#1858);
#1604=AXIS2_PLACEMENT_3D('',#2501,#1863,#1864);
#1605=AXIS2_PLACEMENT_3D('',#2502,#1865,#1866);
#1606=AXIS2_PLACEMENT_3D('',#2507,#1868,#1869);
#1607=AXIS2_PLACEMENT_3D('',#2518,#1872,#1873);
#1608=AXIS2_PLACEMENT_3D('',#2519,#1874,#1875);
#1609=AXIS2_PLACEMENT_3D('',#2525,#1878,#1879);
#1610=AXIS2_PLACEMENT_3D('',#2531,#1882,#1883);
#1611=AXIS2_PLACEMENT_3D('',#2532,#1884,#1885);
#1612=AXIS2_PLACEMENT_3D('',#2536,#1888,#1889);
#1613=AXIS2_PLACEMENT_3D('',#2540,#1892,#1893);
#1614=AXIS2_PLACEMENT_3D('',#2551,#1897,#1898);
#1615=AXIS2_PLACEMENT_3D('',#2552,#1899,#1900);
#1616=AXIS2_PLACEMENT_3D('',#2558,#1903,#1904);
#1617=AXIS2_PLACEMENT_3D('',#2564,#1907,#1908);
#1618=AXIS2_PLACEMENT_3D('',#2565,#1909,#1910);
#1619=AXIS2_PLACEMENT_3D('',#2566,#1911,#1912);
#1620=AXIS2_PLACEMENT_3D('',#2577,#1913,#1914);
#1621=AXIS2_PLACEMENT_3D('',#2578,#1915,#1916);
#1622=AXIS2_PLACEMENT_3D('',#2589,#1917,#1918);
#1623=AXIS2_PLACEMENT_3D('',#2590,#1919,#1920);
#1624=AXIS2_PLACEMENT_3D('',#2591,#1921,#1922);
#1625=AXIS2_PLACEMENT_3D('',#2604,#1923,#1924);
#1626=AXIS2_PLACEMENT_3D('',#2620,#1925,#1926);
#1627=AXIS2_PLACEMENT_3D('',#2621,#1927,#1928);
#1628=AXIS2_PLACEMENT_3D('',#2622,#1929,#1930);
#1629=AXIS2_PLACEMENT_3D('',#2635,#1931,#1932);
#1630=AXIS2_PLACEMENT_3D('',#2651,#1933,#1934);
#1631=AXIS2_PLACEMENT_3D('',#2654,#1936,#1937);
#1632=AXIS2_PLACEMENT_3D('',#2656,#1938,#1939);
#1633=AXIS2_PLACEMENT_3D('',#2674,#1940,#1941);
#1634=AXIS2_PLACEMENT_3D('',#2680,#1942,#1943);
#1635=AXIS2_PLACEMENT_3D('',#2681,#1944,#1945);
#1636=AXIS2_PLACEMENT_3D('',#2682,#1946,#1947);
#1637=AXIS2_PLACEMENT_3D('',#2683,#1948,#1949);
#1638=AXIS2_PLACEMENT_3D('',#2684,#1950,#1951);
#1639=AXIS2_PLACEMENT_3D('',#2685,#1952,#1953);
#1640=AXIS2_PLACEMENT_3D('',#2686,#1954,#1955);
#1641=AXIS2_PLACEMENT_3D('',#2687,#1956,#1957);
#1642=AXIS2_PLACEMENT_3D('',#2688,#1958,#1959);
#1643=AXIS2_PLACEMENT_3D('',#2689,#1960,#1961);
#1644=AXIS2_PLACEMENT_3D('',#2690,#1962,#1963);
#1645=AXIS2_PLACEMENT_3D('',#2691,#1964,#1965);
#1646=AXIS2_PLACEMENT_3D('',#2697,#1966,#1967);
#1647=AXIS2_PLACEMENT_3D('',#2698,#1968,#1969);
#1648=AXIS2_PLACEMENT_3D('',#2699,#1970,#1971);
#1649=AXIS2_PLACEMENT_3D('',#2700,#1972,#1973);
#1650=AXIS2_PLACEMENT_3D('',#2701,#1974,#1975);
#1651=AXIS2_PLACEMENT_3D('',#2702,#1976,#1977);
#1652=AXIS2_PLACEMENT_3D('',#2703,#1978,#1979);
#1653=AXIS2_PLACEMENT_3D('',#2704,#1980,#1981);
#1654=AXIS2_PLACEMENT_3D('',#2705,#1982,#1983);
#1655=AXIS2_PLACEMENT_3D('',#2706,#1984,#1985);
#1656=AXIS2_PLACEMENT_3D('',#2712,#1986,#1987);
#1657=AXIS2_PLACEMENT_3D('',#2725,#1988,#1989);
#1658=AXIS2_PLACEMENT_3D('',#2726,#1990,#1991);
#1659=AXIS2_PLACEMENT_3D('',#2727,#1992,#1993);
#1660=AXIS2_PLACEMENT_3D('',#2728,#1994,#1995);
#1661=AXIS2_PLACEMENT_3D('',#2729,#1996,#1997);
#1662=AXIS2_PLACEMENT_3D('',#2730,#1998,#1999);
#1663=AXIS2_PLACEMENT_3D('',#2731,#2000,#2001);
#1664=AXIS2_PLACEMENT_3D('',#2732,#2002,#2003);
#1665=AXIS2_PLACEMENT_3D('',#2733,#2004,#2005);
#1666=AXIS2_PLACEMENT_3D('',#2734,#2006,#2007);
#1667=AXIS2_PLACEMENT_3D('',#2735,#2008,#2009);
#1668=AXIS2_PLACEMENT_3D('',#2751,#2010,#2011);
#1669=AXIS2_PLACEMENT_3D('',#2757,#2012,#2013);
#1670=AXIS2_PLACEMENT_3D('',#2758,#2014,#2015);
#1671=AXIS2_PLACEMENT_3D('',#2794,#2017,#2018);
#1672=AXIS2_PLACEMENT_3D('',#2795,#2019,#2020);
#1673=AXIS2_PLACEMENT_3D('',#2796,#2021,#2022);
#1674=AXIS2_PLACEMENT_3D('',#2797,#2023,#2024);
#1675=AXIS2_PLACEMENT_3D('',#2798,#2025,#2026);
#1676=AXIS2_PLACEMENT_3D('',#2799,#2027,#2028);
#1677=AXIS2_PLACEMENT_3D('',#2800,#2029,#2030);
#1678=AXIS2_PLACEMENT_3D('',#2801,#2031,#2032);
#1679=AXIS2_PLACEMENT_3D('',#2802,#2033,#2034);
#1680=AXIS2_PLACEMENT_3D('',#2821,#2035,#2036);
#1681=AXIS2_PLACEMENT_3D('',#2822,#2037,#2038);
#1682=AXIS2_PLACEMENT_3D('',#2823,#2039,#2040);
#1683=AXIS2_PLACEMENT_3D('',#2825,#2042,#2043);
#1684=AXIS2_PLACEMENT_3D('',#2827,#2045,#2046);
#1685=AXIS2_PLACEMENT_3D('',#2828,#2047,#2048);
#1686=AXIS2_PLACEMENT_3D('',#2831,#2051,#2052);
#1687=AXIS2_PLACEMENT_3D('',#2832,#2053,#2054);
#1688=AXIS2_PLACEMENT_3D('',#2833,#2055,#2056);
#1689=AXIS2_PLACEMENT_3D('',#2834,#2057,#2058);
#1690=AXIS2_PLACEMENT_3D('',#2848,#2060,#2061);
#1691=AXIS2_PLACEMENT_3D('',#2864,#2064,#2065);
#1692=AXIS2_PLACEMENT_3D('',#2877,#2067,#2068);
#1693=AXIS2_PLACEMENT_3D('',#2884,#2069,#2070);
#1694=AXIS2_PLACEMENT_3D('',#2886,#2071,#2072);
#1695=AXIS2_PLACEMENT_3D('',#2889,#2074,#2075);
#1696=AXIS2_PLACEMENT_3D('',#2890,#2076,#2077);
#1697=AXIS2_PLACEMENT_3D('',#2893,#2078,#2079);
#1698=AXIS2_PLACEMENT_3D('',#2901,#2081,#2082);
#1699=AXIS2_PLACEMENT_3D('',#2902,#2083,#2084);
#1700=AXIS2_PLACEMENT_3D('',#2905,#2085,#2086);
#1701=AXIS2_PLACEMENT_3D('',#2907,#2087,#2088);
#1702=AXIS2_PLACEMENT_3D('',#2909,#2089,#2090);
#1703=AXIS2_PLACEMENT_3D('',#2910,#2091,#2092);
#1704=AXIS2_PLACEMENT_3D('',#2987,#2093,#2094);
#1705=AXIS2_PLACEMENT_3D('',#2988,#2095,#2096);
#1706=AXIS2_PLACEMENT_3D('',#3006,#2097,#2098);
#1707=AXIS2_PLACEMENT_3D('',#3016,#2099,#2100);
#1708=AXIS2_PLACEMENT_3D('',#3029,#2101,#2102);
#1709=AXIS2_PLACEMENT_3D('',#3057,#2103,#2104);
#1710=AXIS2_PLACEMENT_3D('',#3085,#2105,#2106);
#1711=AXIS2_PLACEMENT_3D('',#3119,#2107,#2108);
#1712=AXIS2_PLACEMENT_3D('',#3120,#2109,#2110);
#1713=AXIS2_PLACEMENT_3D('',#3121,#2111,#2112);
#1714=AXIS2_PLACEMENT_3D('',#3134,#2113,#2114);
#1715=AXIS2_PLACEMENT_3D('',#3147,#2115,#2116);
#1716=AXIS2_PLACEMENT_3D('',#3178,#2117,#2118);
#1717=AXIS2_PLACEMENT_3D('',#3191,#2119,#2120);
#1718=AXIS2_PLACEMENT_3D('',#3204,#2121,#2122);
#1719=AXIS2_PLACEMENT_3D('',#3205,#2123,#2124);
#1720=AXIS2_PLACEMENT_3D('',#3206,#2125,#2126);
#1721=AXIS2_PLACEMENT_3D('',#3243,#2127,#2128);
#1722=AXIS2_PLACEMENT_3D('',#3256,#2129,#2130);
#1723=AXIS2_PLACEMENT_3D('',#3257,#2131,#2132);
#1724=AXIS2_PLACEMENT_3D('',#3258,#2133,#2134);
#1725=AXIS2_PLACEMENT_3D('',#3271,#2135,#2136);
#1726=AXIS2_PLACEMENT_3D('',#3296,#2137,#2138);
#1727=AXIS2_PLACEMENT_3D('',#3309,#2139,#2140);
#1728=AXIS2_PLACEMENT_3D('',#3310,#2141,#2142);
#1729=AXIS2_PLACEMENT_3D('',#3311,#2143,#2144);
#1730=AXIS2_PLACEMENT_3D('',#3324,#2145,#2146);
#1731=DIRECTION('',(0.,0.,1.));
#1732=DIRECTION('',(1.,0.,0.));
#1733=DIRECTION('',(-1.,0.,0.));
#1734=DIRECTION('',(-1.,0.,0.));
#1735=DIRECTION('',(-1.,0.,0.));
#1736=DIRECTION('',(-1.,0.,0.));
#1737=DIRECTION('',(-1.,0.,0.));
#1738=DIRECTION('',(-1.,0.,0.));
#1739=DIRECTION('',(0.,-1.,0.));
#1740=DIRECTION('',(-1.,0.,0.));
#1741=DIRECTION('',(-1.,0.,0.));
#1742=DIRECTION('',(0.,-1.28498035257541E-16,1.));
#1743=DIRECTION('',(0.,-1.,0.));
#1744=DIRECTION('',(-1.,0.,0.));
#1745=DIRECTION('',(-1.,0.,0.));
#1746=DIRECTION('',(0.,0.,1.));
#1747=DIRECTION('',(0.,-1.,0.));
#1748=DIRECTION('',(-1.,0.,0.));
#1749=DIRECTION('',(0.,0.922360778937438,0.386329643540233));
#1750=DIRECTION('',(0.,-0.386329643540233,0.922360778937438));
#1751=DIRECTION('',(0.,0.386329643540233,-0.922360778937438));
#1752=DIRECTION('',(-1.,0.,0.));
#1753=DIRECTION('',(0.,0.386329643540233,-0.922360778937438));
#1754=DIRECTION('',(0.,0.922360778937438,0.386329643540233));
#1755=DIRECTION('',(0.,-0.386329643540233,0.922360778937438));
#1756=DIRECTION('',(0.,-1.,0.));
#1757=DIRECTION('',(0.,0.,1.));
#1758=DIRECTION('',(0.,1.,0.));
#1759=DIRECTION('',(1.,0.,0.));
#1760=DIRECTION('',(1.,0.,0.));
#1761=DIRECTION('',(0.,-1.,0.));
#1762=DIRECTION('',(0.,1.,-6.42490176287707E-17));
#1763=DIRECTION('',(0.,6.42490176287707E-17,1.));
#1764=DIRECTION('',(1.,0.,0.));
#1765=DIRECTION('',(0.,-1.,0.));
#1766=DIRECTION('',(0.,1.,0.));
#1767=DIRECTION('',(1.,0.,0.));
#1768=DIRECTION('',(0.,0.739940073395944,-0.672672793996312));
#1769=DIRECTION('',(0.,0.672672793996313,0.739940073395944));
#1770=DIRECTION('',(-1.,0.,0.));
#1771=DIRECTION('',(0.,1.,0.));
#1772=DIRECTION('',(0.,-0.922360778937438,-0.386329643540233));
#1773=DIRECTION('',(0.,0.386329643540233,-0.922360778937438));
#1774=DIRECTION('',(1.,0.,0.));
#1775=DIRECTION('',(0.,-1.,0.));
#1776=DIRECTION('',(0.,0.739940073395944,-0.672672793996312));
#1777=DIRECTION('',(0.,0.672672793996313,0.739940073395944));
#1778=DIRECTION('',(0.,0.922360778937438,0.386329643540233));
#1779=DIRECTION('',(0.,-0.386329643540233,0.922360778937438));
#1780=DIRECTION('',(0.,0.922360778937438,0.386329643540233));
#1781=DIRECTION('',(0.,-0.386329643540233,0.922360778937438));
#1782=DIRECTION('',(0.,-1.,0.));
#1783=DIRECTION('',(-1.,0.,0.));
#1784=DIRECTION('',(0.,-1.,0.));
#1785=DIRECTION('',(0.,0.658721993841339,-0.752386426532065));
#1786=DIRECTION('',(0.,-0.752386426532065,-0.658721993841339));
#1787=DIRECTION('',(0.,-1.,0.));
#1788=DIRECTION('',(-1.,0.,0.));
#1789=DIRECTION('',(-1.,0.,0.));
#1790=DIRECTION('',(0.,1.,0.));
#1791=DIRECTION('',(-1.,0.,0.));
#1792=DIRECTION('',(1.,0.,0.));
#1793=DIRECTION('',(0.,-1.,0.));
#1794=DIRECTION('',(1.,0.,0.));
#1795=DIRECTION('',(0.,-1.,0.));
#1796=DIRECTION('',(0.,-1.,0.));
#1797=DIRECTION('',(-1.,0.,0.));
#1798=DIRECTION('',(0.176202678626154,0.,0.984353907923857));
#1799=DIRECTION('',(0.984353907923857,0.,-0.176202678626154));
#1800=DIRECTION('',(1.,0.,0.));
#1801=DIRECTION('',(0.,-1.,0.));
#1802=DIRECTION('',(1.,0.,0.));
#1803=DIRECTION('',(0.,-1.,0.));
#1804=DIRECTION('',(1.,0.,0.));
#1805=DIRECTION('',(-1.,0.,0.));
#1806=DIRECTION('',(0.,1.,0.));
#1807=DIRECTION('',(-1.,0.,0.));
#1808=DIRECTION('',(0.,1.,0.));
#1809=DIRECTION('',(1.,0.,0.));
#1810=DIRECTION('',(0.,-1.,0.));
#1811=DIRECTION('',(1.,0.,0.));
#1812=DIRECTION('',(0.,-1.,0.));
#1813=DIRECTION('',(1.,0.,0.));
#1814=DIRECTION('',(0.,-0.739940073395944,0.672672793996312));
#1815=DIRECTION('',(0.,-0.672672793996313,-0.739940073395944));
#1816=DIRECTION('',(1.,0.,0.));
#1817=DIRECTION('',(0.,-0.739940073395944,0.672672793996312));
#1818=DIRECTION('',(0.,-0.672672793996313,-0.739940073395944));
#1819=DIRECTION('',(0.,0.672672793996313,0.739940073395944));
#1820=DIRECTION('',(0.,-0.739940073395944,0.672672793996312));
#1821=DIRECTION('',(0.,-0.672672793996313,-0.739940073395944));
#1822=DIRECTION('',(0.,-0.739940073395944,0.672672793996312));
#1823=DIRECTION('',(0.,-0.672672793996313,-0.739940073395944));
#1824=DIRECTION('',(-1.,0.,0.));
#1825=DIRECTION('',(0.,0.672672793996313,0.739940073395944));
#1826=DIRECTION('',(0.,0.,-1.));
#1827=DIRECTION('',(0.,1.,0.));
#1828=DIRECTION('',(0.,-1.,0.));
#1829=DIRECTION('',(-1.,0.,0.));
#1830=DIRECTION('',(1.,0.,0.));
#1831=DIRECTION('',(0.,-1.,0.));
#1832=DIRECTION('',(0.,-0.168855362750568,0.985640840504478));
#1833=DIRECTION('',(0.,-0.985640840504478,-0.168855362750568));
#1834=DIRECTION('',(-1.,0.,0.));
#1835=DIRECTION('',(0.,1.,0.));
#1836=DIRECTION('',(1.,0.,0.));
#1837=DIRECTION('',(1.,1.75999553253963E-15,0.));
#1838=DIRECTION('',(1.75999553253963E-15,-1.,0.));
#1839=DIRECTION('',(0.,0.,-1.));
#1840=DIRECTION('',(0.,1.,0.));
#1841=DIRECTION('',(0.,1.,0.));
#1842=DIRECTION('',(1.,0.,0.));
#1843=DIRECTION('',(0.,0.16885536274951,-0.985640840504659));
#1844=DIRECTION('',(0.,0.985640840504659,0.16885536274951));
#1845=DIRECTION('',(0.,-1.,0.));
#1846=DIRECTION('',(-1.,0.,0.));
#1847=DIRECTION('',(0.,1.,0.));
#1848=DIRECTION('',(0.,-1.,0.));
#1849=DIRECTION('',(-1.,0.,0.));
#1850=DIRECTION('',(0.,1.,0.));
#1851=DIRECTION('',(0.,-1.,0.));
#1852=DIRECTION('',(-1.,0.,0.));
#1853=DIRECTION('',(0.,-1.,0.));
#1854=DIRECTION('',(0.,-1.,0.));
#1855=DIRECTION('',(-1.,0.,0.));
#1856=DIRECTION('',(0.,-1.,0.));
#1857=DIRECTION('',(0.,0.,-1.));
#1858=DIRECTION('',(0.,1.,0.));
#1859=DIRECTION('',(0.,-1.,0.));
#1860=DIRECTION('',(1.,0.,0.));
#1861=DIRECTION('',(0.,-1.,0.));
#1862=DIRECTION('',(-1.,0.,0.));
#1863=DIRECTION('',(0.,-0.739940073395944,0.672672793996312));
#1864=DIRECTION('',(0.,-0.672672793996313,-0.739940073395944));
#1865=DIRECTION('',(0.,-0.739940073395944,0.672672793996312));
#1866=DIRECTION('',(0.,-0.672672793996313,-0.739940073395944));
#1867=DIRECTION('',(0.,0.672672793996313,0.739940073395944));
#1868=DIRECTION('',(0.,-0.739940073395944,0.672672793996312));
#1869=DIRECTION('',(0.,0.672672793996313,0.739940073395944));
#1870=DIRECTION('',(0.,0.672672793996313,0.739940073395944));
#1871=DIRECTION('',(-1.,0.,0.));
#1872=DIRECTION('',(0.,-0.739940073395944,0.672672793996312));
#1873=DIRECTION('',(0.,-0.672672793996313,-0.739940073395944));
#1874=DIRECTION('',(0.,-1.,0.));
#1875=DIRECTION('',(-1.,0.,0.));
#1876=DIRECTION('',(0.,-1.28498035257541E-16,1.));
#1877=DIRECTION('',(-1.,0.,0.));
#1878=DIRECTION('',(0.,-1.,0.));
#1879=DIRECTION('',(-1.,0.,0.));
#1880=DIRECTION('',(0.,0.,1.));
#1881=DIRECTION('',(-1.,0.,0.));
#1882=DIRECTION('',(0.,-1.,0.));
#1883=DIRECTION('',(-1.,0.,0.));
#1884=DIRECTION('',(1.,0.,0.));
#1885=DIRECTION('',(0.,0.,-1.));
#1886=DIRECTION('',(0.,0.672672793996313,0.739940073395944));
#1887=DIRECTION('',(0.,0.,1.));
#1888=DIRECTION('',(1.,0.,0.));
#1889=DIRECTION('',(0.,0.,-1.));
#1890=DIRECTION('',(0.,0.,1.));
#1891=DIRECTION('',(0.,0.672672793996313,0.739940073395944));
#1892=DIRECTION('',(0.,0.922360778937438,0.386329643540233));
#1893=DIRECTION('',(0.,-0.386329643540233,0.922360778937438));
#1894=DIRECTION('',(-1.,0.,0.));
#1895=DIRECTION('',(0.,0.386329643540233,-0.922360778937438));
#1896=DIRECTION('',(0.,0.386329643540233,-0.922360778937438));
#1897=DIRECTION('',(1.,0.,0.));
#1898=DIRECTION('',(0.,0.,-1.));
#1899=DIRECTION('',(1.,0.,0.));
#1900=DIRECTION('',(0.,-1.,0.));
#1901=DIRECTION('',(0.,0.672672793996313,0.739940073395944));
#1902=DIRECTION('',(0.,0.386329643540233,-0.922360778937438));
#1903=DIRECTION('',(1.,0.,0.));
#1904=DIRECTION('',(0.,0.,-1.));
#1905=DIRECTION('',(0.,0.386329643540233,-0.922360778937438));
#1906=DIRECTION('',(0.,0.672672793996313,0.739940073395944));
#1907=DIRECTION('',(1.,0.,0.));
#1908=DIRECTION('',(0.,-1.,0.));
#1909=DIRECTION('',(1.,0.,0.));
#1910=DIRECTION('',(0.,-1.,0.));
#1911=DIRECTION('',(0.,-0.991059274465661,-0.133422316332755));
#1912=DIRECTION('',(0.,0.133422316332755,-0.991059274465661));
#1913=DIRECTION('',(1.,0.,0.));
#1914=DIRECTION('',(0.,-1.,0.));
#1915=DIRECTION('',(0.,-0.991059274465661,-0.133422316332755));
#1916=DIRECTION('',(0.,0.133422316332755,-0.991059274465661));
#1917=DIRECTION('',(0.,-0.386329643540233,0.922360778937438));
#1918=DIRECTION('',(0.,-0.922360778937438,-0.386329643540233));
#1919=DIRECTION('',(0.,0.975024593788919,-0.222096919174384));
#1920=DIRECTION('',(0.,0.222096919174384,0.975024593788919));
#1921=DIRECTION('',(0.,0.386329643540233,-0.922360778937438));
#1922=DIRECTION('',(0.,0.922360778937438,0.386329643540233));
#1923=DIRECTION('',(-0.20355119573873,0.378241563438318,-0.903050513759374));
#1924=DIRECTION('',(0.,0.922360778937438,0.386329643540231));
#1925=DIRECTION('',(0.,0.386329643540233,-0.922360778937438));
#1926=DIRECTION('',(0.,0.922360778937438,0.386329643540233));
#1927=DIRECTION('',(0.,0.975024593788919,-0.222096919174384));
#1928=DIRECTION('',(0.,-0.222096919174384,-0.975024593788919));
#1929=DIRECTION('',(8.37718877643741E-17,0.386329643540233,-0.922360778937438));
#1930=DIRECTION('',(0.,0.922360778937438,0.386329643540233));
#1931=DIRECTION('',(0.20355119573873,0.378241563438319,-0.903050513759374));
#1932=DIRECTION('',(0.,0.922360778937438,0.386329643540233));
#1933=DIRECTION('',(0.,-1.,0.));
#1934=DIRECTION('',(-1.,0.,0.));
#1935=DIRECTION('',(0.,-1.,0.));
#1936=DIRECTION('',(0.,-1.,0.));
#1937=DIRECTION('',(-1.,0.,0.));
#1938=DIRECTION('',(0.,0.658721993841339,-0.752386426532065));
#1939=DIRECTION('',(0.,-0.752386426532065,-0.658721993841339));
#1940=DIRECTION('',(-0.131305010382508,-0.666848804238436,-0.733533684662277));
#1941=DIRECTION('',(0.,0.739940073395943,-0.672672793996314));
#1942=DIRECTION('',(0.,-0.739940073395944,0.672672793996312));
#1943=DIRECTION('',(0.,-0.672672793996313,-0.739940073395944));
#1944=DIRECTION('',(0.689562749050019,0.487167087916126,0.535883796707739));
#1945=DIRECTION('',(0.61362465126515,0.,-0.789597864333309));
#1946=DIRECTION('',(-1.,0.,0.));
#1947=DIRECTION('',(0.,1.,0.));
#1948=DIRECTION('',(-1.,0.,0.));
#1949=DIRECTION('',(0.,1.,0.));
#1950=DIRECTION('',(1.,0.,0.));
#1951=DIRECTION('',(0.,-1.,0.));
#1952=DIRECTION('',(0.,0.,-1.));
#1953=DIRECTION('',(0.,1.,0.));
#1954=DIRECTION('',(0.,1.40946282423116E-15,1.));
#1955=DIRECTION('',(0.,-1.,1.40946282423116E-15));
#1956=DIRECTION('',(0.,0.,-1.));
#1957=DIRECTION('',(0.,1.,0.));
#1958=DIRECTION('',(0.,-1.,0.));
#1959=DIRECTION('',(-1.,0.,0.));
#1960=DIRECTION('',(0.984353907923857,-4.33680868994202E-16,-0.176202678626154));
#1961=DIRECTION('',(-0.176202678626154,0.,-0.984353907923857));
#1962=DIRECTION('',(0.,-0.739940073395944,0.672672793996312));
#1963=DIRECTION('',(0.,-0.672672793996313,-0.739940073395944));
#1964=DIRECTION('',(-0.68956274905002,0.487167087916126,0.535883796707739));
#1965=DIRECTION('',(0.61362465126515,0.,0.78959786433331));
#1966=DIRECTION('',(0.,-0.739940073395944,0.672672793996312));
#1967=DIRECTION('',(0.,-0.672672793996313,-0.739940073395944));
#1968=DIRECTION('',(-5.68864377605703E-16,0.672672793996313,0.739940073395944));
#1969=DIRECTION('',(0.,-0.739940073395944,0.672672793996313));
#1970=DIRECTION('',(0.,-0.739940073395944,0.672672793996312));
#1971=DIRECTION('',(0.,-0.672672793996313,-0.739940073395944));
#1972=DIRECTION('',(1.07938369084159E-15,0.672672793996312,0.739940073395944));
#1973=DIRECTION('',(0.,-0.739940073395944,0.672672793996312));
#1974=DIRECTION('',(-1.,0.,-9.75781955236954E-16));
#1975=DIRECTION('',(-9.75781955236954E-16,0.,1.));
#1976=DIRECTION('',(8.53296566408554E-16,-0.672672793996312,-0.739940073395944));
#1977=DIRECTION('',(0.,0.739940073395944,-0.672672793996312));
#1978=DIRECTION('',(-1.,0.,0.));
#1979=DIRECTION('',(0.,1.,0.));
#1980=DIRECTION('',(1.,0.,0.));
#1981=DIRECTION('',(0.,-1.,0.));
#1982=DIRECTION('',(1.,0.,0.));
#1983=DIRECTION('',(0.,-1.,0.));
#1984=DIRECTION('',(0.,-1.,0.));
#1985=DIRECTION('',(-1.,0.,0.));
#1986=DIRECTION('',(-0.176202678626152,1.64696556522329E-15,0.984353907923857));
#1987=DIRECTION('',(0.984353907923857,0.,0.176202678626152));
#1988=DIRECTION('',(0.13130501038251,-0.666848804238435,-0.733533684662278));
#1989=DIRECTION('',(0.,0.739940073395944,-0.672672793996312));
#1990=DIRECTION('',(0.,-0.672672793996313,-0.739940073395944));
#1991=DIRECTION('',(0.,0.739940073395944,-0.672672793996313));
#1992=DIRECTION('',(0.,0.672672793996312,0.739940073395944));
#1993=DIRECTION('',(0.,-0.739940073395944,0.672672793996313));
#1994=DIRECTION('',(0.,0.672672793996313,0.739940073395944));
#1995=DIRECTION('',(0.,-0.739940073395944,0.672672793996313));
#1996=DIRECTION('',(-3.64656652311348E-17,0.672672793996312,0.739940073395944));
#1997=DIRECTION('',(0.,-0.739940073395944,0.672672793996312));
#1998=DIRECTION('',(0.,-0.672672793996313,-0.739940073395944));
#1999=DIRECTION('',(0.,0.739940073395944,-0.672672793996313));
#2000=DIRECTION('',(0.,0.672672793996312,0.739940073395944));
#2001=DIRECTION('',(0.,-0.739940073395944,0.672672793996312));
#2002=DIRECTION('',(0.,-1.,0.));
#2003=DIRECTION('',(-1.,0.,0.));
#2004=DIRECTION('',(0.,0.,1.));
#2005=DIRECTION('',(0.,-1.,0.));
#2006=DIRECTION('',(-0.984353907923857,-4.33680868994202E-16,-0.176202678626154));
#2007=DIRECTION('',(-0.176202678626154,0.,0.984353907923857));
#2008=DIRECTION('',(-1.,0.,0.));
#2009=DIRECTION('',(0.,1.,0.));
#2010=DIRECTION('',(-1.,0.,0.));
#2011=DIRECTION('',(0.,1.,0.));
#2012=DIRECTION('',(1.,0.,0.));
#2013=DIRECTION('',(0.,-1.,0.));
#2014=DIRECTION('',(1.,0.,0.));
#2015=DIRECTION('',(0.,-1.,0.));
#2016=DIRECTION('',(1.,0.,0.));
#2017=DIRECTION('',(0.,0.,1.));
#2018=DIRECTION('',(0.,-1.,0.));
#2019=DIRECTION('',(2.16840434497101E-16,0.,1.));
#2020=DIRECTION('',(1.,0.,-2.16840434497101E-16));
#2021=DIRECTION('',(-1.,0.,0.));
#2022=DIRECTION('',(0.,1.,0.));
#2023=DIRECTION('',(1.,0.,0.));
#2024=DIRECTION('',(0.,-1.,0.));
#2025=DIRECTION('',(-1.,0.,0.));
#2026=DIRECTION('',(0.,1.,0.));
#2027=DIRECTION('',(1.,0.,0.));
#2028=DIRECTION('',(0.,-1.,0.));
#2029=DIRECTION('',(1.,0.,0.));
#2030=DIRECTION('',(0.,-1.,0.));
#2031=DIRECTION('',(1.,0.,1.0842021724855E-16));
#2032=DIRECTION('',(1.0842021724855E-16,0.,-1.));
#2033=DIRECTION('',(0.,-0.672672793996312,-0.739940073395944));
#2034=DIRECTION('',(0.,0.739940073395944,-0.672672793996312));
#2035=DIRECTION('',(1.54067435601543E-16,-0.672672793996313,-0.739940073395943));
#2036=DIRECTION('',(0.,0.739940073395943,-0.672672793996313));
#2037=DIRECTION('',(0.,0.672672793996313,0.739940073395944));
#2038=DIRECTION('',(0.,-0.739940073395944,0.672672793996313));
#2039=DIRECTION('',(1.,0.,0.));
#2040=DIRECTION('',(0.,0.,-1.));
#2041=DIRECTION('',(0.,6.42490176287707E-17,1.));
#2042=DIRECTION('',(1.,0.,0.));
#2043=DIRECTION('',(0.,0.,-1.));
#2044=DIRECTION('',(0.,6.42490176287707E-17,1.));
#2045=DIRECTION('',(0.,1.,-6.42490176287707E-17));
#2046=DIRECTION('',(0.,6.42490176287707E-17,1.));
#2047=DIRECTION('',(0.,1.,-6.42490176287707E-17));
#2048=DIRECTION('',(0.,6.42490176287707E-17,1.));
#2049=DIRECTION('',(0.,6.42490176287707E-17,1.));
#2050=DIRECTION('',(0.,6.42490176287707E-17,1.));
#2051=DIRECTION('',(1.,0.,0.));
#2052=DIRECTION('',(0.,0.,-1.));
#2053=DIRECTION('',(1.,0.,0.));
#2054=DIRECTION('',(0.,0.,-1.));
#2055=DIRECTION('',(0.,3.06127672231199E-16,-1.));
#2056=DIRECTION('',(0.,1.,3.06127672231199E-16));
#2057=DIRECTION('',(0.,3.06127672231199E-16,-1.));
#2058=DIRECTION('',(0.,1.,3.06127672231199E-16));
#2059=DIRECTION('',(-1.,0.,0.));
#2060=DIRECTION('',(0.,3.06127672231199E-16,-1.));
#2061=DIRECTION('',(0.,1.,3.06127672231199E-16));
#2062=DIRECTION('',(1.,0.,0.));
#2063=DIRECTION('',(0.,-1.,-3.06127672231199E-16));
#2064=DIRECTION('',(0.,3.06127672231199E-16,-1.));
#2065=DIRECTION('',(0.,1.,3.06127672231199E-16));
#2066=DIRECTION('',(0.,-1.,-3.06127672231199E-16));
#2067=DIRECTION('',(1.,0.,0.));
#2068=DIRECTION('',(0.,0.,-1.));
#2069=DIRECTION('',(1.,0.,0.));
#2070=DIRECTION('',(0.,-1.,0.));
#2071=DIRECTION('',(1.,0.,0.));
#2072=DIRECTION('',(0.,-1.,0.));
#2073=DIRECTION('',(0.,-1.,-3.06127672231199E-16));
#2074=DIRECTION('',(1.,0.,0.));
#2075=DIRECTION('',(0.,0.,-1.));
#2076=DIRECTION('',(1.,0.,0.));
#2077=DIRECTION('',(0.,-1.,0.));
#2078=DIRECTION('',(1.,0.,0.));
#2079=DIRECTION('',(0.,-1.,0.));
#2080=DIRECTION('',(0.,-1.,-3.06127672231199E-16));
#2081=DIRECTION('',(0.,1.,0.));
#2082=DIRECTION('',(0.,0.,1.));
#2083=DIRECTION('',(0.,3.06127672231199E-16,-1.));
#2084=DIRECTION('',(0.,1.,3.06127672231199E-16));
#2085=DIRECTION('',(-1.,0.,0.));
#2086=DIRECTION('',(0.,1.,0.));
#2087=DIRECTION('',(0.,-3.06127672231199E-16,1.));
#2088=DIRECTION('',(0.,-1.,-3.06127672231199E-16));
#2089=DIRECTION('',(1.,0.,0.));
#2090=DIRECTION('',(0.,-1.,0.));
#2091=DIRECTION('',(-1.,0.,0.));
#2092=DIRECTION('',(0.,1.,0.));
#2093=DIRECTION('',(-1.,0.,0.));
#2094=DIRECTION('',(0.,1.,0.));
#2095=DIRECTION('',(1.,0.,0.));
#2096=DIRECTION('',(0.,-1.,0.));
#2097=DIRECTION('',(1.,0.,0.));
#2098=DIRECTION('',(0.,-1.,0.));
#2099=DIRECTION('',(0.,3.06127672231199E-16,-1.));
#2100=DIRECTION('',(0.,1.,3.06127672231199E-16));
#2101=DIRECTION('',(1.,0.,0.));
#2102=DIRECTION('',(0.,-1.,0.));
#2103=DIRECTION('',(1.,0.,0.));
#2104=DIRECTION('',(0.,-1.,0.));
#2105=DIRECTION('',(0.,3.06127672231199E-16,-1.));
#2106=DIRECTION('',(0.,1.,3.06127672231199E-16));
#2107=DIRECTION('',(-1.47847241420168E-14,0.958721078048482,0.284348192372584));
#2108=DIRECTION('',(0.,-0.284348192372584,0.958721078048482));
#2109=DIRECTION('',(1.,0.,0.));
#2110=DIRECTION('',(0.,-1.,0.));
#2111=DIRECTION('',(0.,0.999999140456794,0.00131113907501576));
#2112=DIRECTION('',(0.,-0.00131113907501576,0.999999140456794));
#2113=DIRECTION('',(0.00109397028826261,0.999999401614325,2.37216992633783E-19));
#2114=DIRECTION('',(0.999999401614325,-0.00109397028826261,0.));
#2115=DIRECTION('',(0.221483849228199,0.975164039806155,-9.6053308201466E-17));
#2116=DIRECTION('',(0.975164039806155,-0.221483849228199,0.));
#2117=DIRECTION('',(0.221483849228199,-0.975164039806155,2.40133270503665E-17));
#2118=DIRECTION('',(-0.975164039806155,-0.221483849228199,0.));
#2119=DIRECTION('',(0.00109397028826261,-0.999999401614325,0.));
#2120=DIRECTION('',(-0.999999401614325,-0.00109397028826261,0.));
#2121=DIRECTION('',(-2.84307966712544E-19,-0.999999140456794,-0.00131113907501576));
#2122=DIRECTION('',(0.,0.00131113907501576,-0.999999140456794));
#2123=DIRECTION('',(1.,0.,0.));
#2124=DIRECTION('',(0.,-1.,0.));
#2125=DIRECTION('',(0.,-0.958721078048488,-0.284348192372562));
#2126=DIRECTION('',(0.,0.284348192372562,-0.958721078048489));
#2127=DIRECTION('',(-0.221483849228202,-0.975164039806154,-3.40729323261061E-15));
#2128=DIRECTION('',(-0.975164039806155,0.221483849228202,0.));
#2129=DIRECTION('',(0.,-1.,0.));
#2130=DIRECTION('',(-1.,0.,0.));
#2131=DIRECTION('',(0.,1.,3.06127672231199E-16));
#2132=DIRECTION('',(0.,-3.06127672231199E-16,1.));
#2133=DIRECTION('',(0.,-1.,5.20417042793042E-15));
#2134=DIRECTION('',(0.,-5.20417042793042E-15,-1.));
#2135=DIRECTION('',(0.624793988048781,-0.780789646766721,-1.40600009428799E-13));
#2136=DIRECTION('',(-0.780789646766721,-0.624793988048781,0.));
#2137=DIRECTION('',(0.624793988048791,0.780789646766713,8.62786225234066E-14));
#2138=DIRECTION('',(0.780789646766713,-0.624793988048791,0.));
#2139=DIRECTION('',(-3.46944695195361E-15,1.,1.50463276905253E-30));
#2140=DIRECTION('',(1.,3.46944695195361E-15,0.));
#2141=DIRECTION('',(0.,-1.,-3.06127672231199E-16));
#2142=DIRECTION('',(0.,3.06127672231199E-16,-1.));
#2143=DIRECTION('',(0.,1.,0.));
#2144=DIRECTION('',(1.,0.,0.));
#2145=DIRECTION('',(-0.221483849228202,0.975164039806154,3.4793332137617E-15));
#2146=DIRECTION('',(0.975164039806155,0.221483849228202,0.));
#2147=CARTESIAN_POINT('',(0.,0.,0.));
#2148=CARTESIAN_POINT('',(0.0055,0.0163074326332921,-0.00441228927389466));
#2149=CARTESIAN_POINT('',(-0.0055,0.0163074326332921,-0.00441228927389466));
#2150=CARTESIAN_POINT('',(0.0055,0.014838714664468,0.00416089661286312));
#2151=CARTESIAN_POINT('',(-0.0055,0.014838714664468,0.00416089661286312));
#2152=CARTESIAN_POINT('',(0.0055,0.00534717912130165,0.00657665071910603));
#2153=CARTESIAN_POINT('',(-0.0055,0.00534717912130165,0.00657665071910603));
#2154=CARTESIAN_POINT('',(0.0055,0.000972165408818804,0.00674082325126699));
#2155=CARTESIAN_POINT('',(-0.0055,0.000972165408818804,0.00674082325126699));
#2156=CARTESIAN_POINT('',(-0.00275,0.0118716354046762,0.00291353123007733));
#2157=CARTESIAN_POINT('',(-0.00275,0.0129581767375754,0.00206024805000924));
#2158=CARTESIAN_POINT('',(-0.00275,0.0148642407599446,4.06233483724002E-05));
#2159=CARTESIAN_POINT('',(-0.00275,0.0159212787190818,-0.00255650859398485));
#2160=CARTESIAN_POINT('',(-0.00275,0.0162106267228115,-0.00390917691920863));
#2161=CARTESIAN_POINT('',(-0.00275,0.0118716354046762,0.00291353123007733));
#2162=CARTESIAN_POINT('',(-0.00275,0.0162106267228115,-0.00390917691920863));
#2163=CARTESIAN_POINT('',(-0.00275,0.0162106267228115,-0.00390917691920863));
#2164=CARTESIAN_POINT('',(0.00275,0.0162106267228115,-0.00390917691920863));
#2165=CARTESIAN_POINT('',(0.00275,0.0162106267228115,-0.00390917691920863));
#2166=CARTESIAN_POINT('',(0.00275,0.0159212787188359,-0.00255650859406089));
#2167=CARTESIAN_POINT('',(0.00275,0.0148642407602799,4.06233486148692E-05));
#2168=CARTESIAN_POINT('',(0.00275,0.0129581767371509,0.00206024804959984));
#2169=CARTESIAN_POINT('',(0.00275,0.0118716354046762,0.00291353123007733));
#2170=CARTESIAN_POINT('',(0.00275,0.0118716354046762,0.00291353123007733));
#2171=CARTESIAN_POINT('',(0.00275,0.0118716354046762,0.00291353123007733));
#2172=CARTESIAN_POINT('',(-0.0001,0.0165,-0.00675));
#2173=CARTESIAN_POINT('',(-0.0001,0.0165,0.00409502210095525));
#2174=CARTESIAN_POINT('',(-0.0001,0.00495998430227457,0.00675));
#2175=CARTESIAN_POINT('',(-0.0001,0.000500000000000119,0.00675));
#2176=CARTESIAN_POINT('',(-0.0001,0.0015,0.00671158872528063));
#2177=CARTESIAN_POINT('',(-0.0001,0.000972165410833441,0.0067454116255957));
#2178=CARTESIAN_POINT('',(8.67361737988404E-19,0.0015,0.00671158872501498));
#2179=CARTESIAN_POINT('',(0.0001,0.0015,0.00671158872528063));
#2180=CARTESIAN_POINT('',(0.0001,0.0165,-0.00675));
#2181=CARTESIAN_POINT('',(0.0001,0.0165,0.00409502210095525));
#2182=CARTESIAN_POINT('',(0.0001,0.00495998430227457,0.00675));
#2183=CARTESIAN_POINT('',(0.0001,0.000500000000000119,0.00675));
#2184=CARTESIAN_POINT('',(0.0001,0.000972165410833441,0.0067454116255957));
#2185=CARTESIAN_POINT('',(-0.0055,0.000972165410833221,0.0067408232511914));
#2186=CARTESIAN_POINT('',(0.0055,0.000972165410833219,0.0067408232511914));
#2187=CARTESIAN_POINT('',(0.0055,0.000972165410833218,0.0067408232511914));
#2188=CARTESIAN_POINT('',(0.0055,0.00268613567104808,0.00667650646106369));
#2189=CARTESIAN_POINT('',(0.0055,0.00605858520612386,0.00603621221281742));
#2190=CARTESIAN_POINT('',(0.0055,0.00999810192872775,0.0043527570484369));
#2191=CARTESIAN_POINT('',(0.0055,0.0127493397206826,0.00227975637865661));
#2192=CARTESIAN_POINT('',(0.0055,0.0144704707693304,0.000337744862754084));
#2193=CARTESIAN_POINT('',(0.0055,0.0156956948493455,-0.00189910550866858));
#2194=CARTESIAN_POINT('',(0.0055,0.0161635748266886,-0.00357256391898723));
#2195=CARTESIAN_POINT('',(0.0055,0.0163074326333953,-0.00441228927449736));
#2196=CARTESIAN_POINT('',(0.0055,0.0163074326333955,-0.00441228927449734));
#2197=CARTESIAN_POINT('',(0.0055,0.0163074326333955,-0.00441228927449734));
#2198=CARTESIAN_POINT('',(-0.0055,0.0163074326333978,-0.00441228927451075));
#2199=CARTESIAN_POINT('',(-0.0055,0.0163074326333976,-0.00441228927451077));
#2200=CARTESIAN_POINT('',(-0.0055,0.0160173493694812,-0.00271901813756111));
#2201=CARTESIAN_POINT('',(-0.0055,0.0147045037252335,0.000530264826767204));
#2202=CARTESIAN_POINT('',(-0.0055,0.0107871240368338,0.00402234831476093));
#2203=CARTESIAN_POINT('',(-0.0055,0.00603584724228058,0.00604103134179928));
#2204=CARTESIAN_POINT('',(-0.0055,0.00268736884708168,0.00667646018609265));
#2205=CARTESIAN_POINT('',(-0.0055,0.000972165410833221,0.0067408232511914));
#2206=CARTESIAN_POINT('',(-0.0055,0.000972165410833219,0.0067408232511914));
#2207=CARTESIAN_POINT('',(-0.0055,0.000972165410833221,0.0067408232511914));
#2208=CARTESIAN_POINT('',(0.0075,-0.0045,-0.00275));
#2209=CARTESIAN_POINT('',(0.0075,-0.0045,-0.00575));
#2210=CARTESIAN_POINT('',(-0.0055,-0.0045,-0.00575));
#2211=CARTESIAN_POINT('',(-0.0001,-0.0045,-0.00575));
#2212=CARTESIAN_POINT('',(-0.0001,-0.0045,0.));
#2213=CARTESIAN_POINT('',(-0.0001,-0.0045,-0.00489897948556635));
#2214=CARTESIAN_POINT('',(0.,-0.0045,-4.59242549680257E-21));
#2215=CARTESIAN_POINT('',(-0.0048233341488269,-0.0045,0.00086339312526815));
#2216=CARTESIAN_POINT('',(0.0075,-0.0045,0.00086339312526815));
#2217=CARTESIAN_POINT('',(-0.0065,-0.0045,0.00086339312526815));
#2218=CARTESIAN_POINT('',(-0.0065,-0.0045,-0.00475));
#2219=CARTESIAN_POINT('',(-0.0065,-0.0045,-0.00475));
#2220=CARTESIAN_POINT('',(-0.0055,-0.0045,-0.00475));
#2221=CARTESIAN_POINT('',(0.0018,0.000546729410877561,0.00581295862811805));
#2222=CARTESIAN_POINT('',(-0.0001,0.000546729410877561,0.00581295862811805));
#2223=CARTESIAN_POINT('',(-0.0001,0.000509423552058632,0.00590202624582358));
#2224=CARTESIAN_POINT('',(-0.0001,0.0012594111500379,0.00411143327261434));
#2225=CARTESIAN_POINT('',(-0.0013,0.000509423552058631,0.00590202624582359));
#2226=CARTESIAN_POINT('',(-0.0013,0.000509423552058633,0.00590202624582358));
#2227=CARTESIAN_POINT('',(-0.0013,-0.00144303332032283,0.0105635107365005));
#2228=CARTESIAN_POINT('',(-0.0013,0.00119278121535332,0.00427051202694715));
#2229=CARTESIAN_POINT('',(-0.00134800547447078,0.00136977781846062,0.00384793320743098));
#2230=CARTESIAN_POINT('',(-0.00131659091382791,0.0013114028603123,0.00398730323188658));
#2231=CARTESIAN_POINT('',(-0.0013,0.00125242783900951,0.00412810590518966));
#2232=CARTESIAN_POINT('',(-0.0013,0.00119278121535332,0.00427051202694715));
#2233=CARTESIAN_POINT('',(-0.00134800547447078,0.00136977781846062,0.00384793320743098));
#2234=CARTESIAN_POINT('',(0.,0.00253649214207795,0.00106240651973564));
#2235=CARTESIAN_POINT('',(0.,0.,-2.4492935982947E-19));
#2236=CARTESIAN_POINT('',(0.,0.004,-2.4492935982947E-19));
#2237=CARTESIAN_POINT('',(0.,-0.000888819441731558,-4.59242549680257E-21));
#2238=CARTESIAN_POINT('',(-0.0001,-0.000888819441731558,-0.00389871773792358));
#2239=CARTESIAN_POINT('',(-0.00272196211275864,-0.000888819441731558,0.0027930131143098));
#2240=CARTESIAN_POINT('',(-0.0001,0.,-2.4492935982947E-19));
#2241=CARTESIAN_POINT('',(-0.0001,0.0015,-0.00370675059857012));
#2242=CARTESIAN_POINT('',(0.,0.0015,-3.41302886272627E-19));
#2243=CARTESIAN_POINT('',(0.0001,0.0015,-0.00370675059857012));
#2244=CARTESIAN_POINT('',(0.0001,0.,-2.4492935982947E-19));
#2245=CARTESIAN_POINT('',(0.0001,-0.000888819441731558,-0.00389871773792358));
#2246=CARTESIAN_POINT('',(0.,-0.000888819441731558,-4.59242549680257E-21));
#2247=CARTESIAN_POINT('',(0.00272196211275864,-0.000888819441731558,0.0027930131143098));
#2248=CARTESIAN_POINT('',(0.,-0.00187682622182623,0.00170620565620566));
#2249=CARTESIAN_POINT('',(0.00224,-0.000442157610809145,0.00328434112832445));
#2250=CARTESIAN_POINT('',(0.00224,0.,-2.4492935982947E-19));
#2251=CARTESIAN_POINT('',(0.00224,0.00222313897899717,0.00245765194445092));
#2252=CARTESIAN_POINT('',(0.,0.00276708233681231,0.0011589889306207));
#2253=CARTESIAN_POINT('',(-0.00224,0.00222313897899717,0.00245765194445092));
#2254=CARTESIAN_POINT('',(-0.00224,0.,-2.4492935982947E-19));
#2255=CARTESIAN_POINT('',(-0.00224,-0.000442157610809145,0.00328434112832445));
#2256=CARTESIAN_POINT('',(0.,-0.00187682622182623,0.00170620565620566));
#2257=CARTESIAN_POINT('',(0.,0.00345885292101539,0.00144873616327587));
#2258=CARTESIAN_POINT('',(-0.000100000000000001,0.0015,0.00376607730490156));
#2259=CARTESIAN_POINT('',(-3.34733626977429E-05,0.0015,0.00376736932452034));
#2260=CARTESIAN_POINT('',(3.3192713240658E-05,0.0015,0.0037673747750379));
#2261=CARTESIAN_POINT('',(9.99999999999998E-05,0.0015,0.00376607730490156));
#2262=CARTESIAN_POINT('',(-0.0001,0.0015,0.00376607730490156));
#2263=CARTESIAN_POINT('',(0.0001,0.0015,0.00376607730490156));
#2264=CARTESIAN_POINT('',(-0.0001,0.0015,0.00376607730490156));
#2265=CARTESIAN_POINT('',(-0.0001,0.00139703198359086,0.00386210183120067));
#2266=CARTESIAN_POINT('',(-0.0001,0.00131398052652838,0.00398114906210262));
#2267=CARTESIAN_POINT('',(-0.0001,0.00125941115003788,0.00411143327261433));
#2268=CARTESIAN_POINT('',(-0.00134800547447078,0.00136977781846062,0.00384793320743098));
#2269=CARTESIAN_POINT('',(-0.00147159742294033,0.00148120355573163,0.00358190461878538));
#2270=CARTESIAN_POINT('',(-0.00182020085882971,0.0017732493165539,0.00315700911763115));
#2271=CARTESIAN_POINT('',(-0.00211940435335017,0.00207495425965435,0.00270161223163169));
#2272=CARTESIAN_POINT('',(-0.00224,0.0022231389789977,0.00245765194445045));
#2273=CARTESIAN_POINT('',(0.00134800547447078,0.00136977781846062,0.00384793320743098));
#2274=CARTESIAN_POINT('',(0.00147159742294033,0.00148120355573163,0.00358190461878538));
#2275=CARTESIAN_POINT('',(0.00182020085882678,0.00177324931655663,0.00315700911763135));
#2276=CARTESIAN_POINT('',(0.00211940435335605,0.00207495425964888,0.00270161223163128));
#2277=CARTESIAN_POINT('',(0.00224,0.0022231389789977,0.00245765194445045));
#2278=CARTESIAN_POINT('',(0.00134800547447078,0.00136977781846062,0.00384793320743098));
#2279=CARTESIAN_POINT('',(0.,0.00253649214207795,0.00106240651973564));
#2280=CARTESIAN_POINT('',(0.0001,0.0012594111500379,0.00411143327261434));
#2281=CARTESIAN_POINT('',(0.0001,0.0015,0.00376607730490156));
#2282=CARTESIAN_POINT('',(0.0001,0.00139703198359087,0.00386210183120067));
#2283=CARTESIAN_POINT('',(0.0001,0.00131398052652839,0.0039811490621026));
#2284=CARTESIAN_POINT('',(0.0001,0.00125941115003788,0.00411143327261433));
#2285=CARTESIAN_POINT('',(0.,0.000500000000000007,-4.59242549680257E-21));
#2286=CARTESIAN_POINT('',(-0.0001,0.000500000000000007,-0.00389871773792358));
#2287=CARTESIAN_POINT('',(-0.0001,-0.0035000000000002,-0.00389871773792145));
#2288=CARTESIAN_POINT('',(-0.00272196211275864,-0.000888819441731558,0.0027930131143098));
#2289=CARTESIAN_POINT('',(-0.00267493893071149,-0.000888819441731558,0.00283884008135765));
#2290=CARTESIAN_POINT('',(-0.00262127850685315,-0.000903192583460862,0.00288794783847007));
#2291=CARTESIAN_POINT('',(-0.00259390493510213,-0.000958467045746879,0.00291232848210034));
#2292=CARTESIAN_POINT('',(-0.00259390493510212,-0.000958467045746874,0.00291232848210034));
#2293=CARTESIAN_POINT('',(0.,-0.00428490284115285,-4.59242549680257E-21));
#2294=CARTESIAN_POINT('',(-0.00383898024090304,-0.0035,0.000687190446641996));
#2295=CARTESIAN_POINT('',(0.,-0.0035,-4.59242549680257E-21));
#2296=CARTESIAN_POINT('',(0.0075,-0.0035,-0.00575));
#2297=CARTESIAN_POINT('',(0.0075,-0.0035,-0.00675));
#2298=CARTESIAN_POINT('',(-0.0001,-0.0035,-0.00675));
#2299=CARTESIAN_POINT('',(-0.0055,-0.0035,-0.00675));
#2300=CARTESIAN_POINT('',(-0.0001,-0.0035,-0.00575));
#2301=CARTESIAN_POINT('',(-0.0055,-0.0035,-0.00575));
#2302=CARTESIAN_POINT('',(0.,-0.0035,-4.59242549680257E-21));
#2303=CARTESIAN_POINT('',(-0.0001,-0.00450000000000002,-0.00489897948556635));
#2304=CARTESIAN_POINT('',(-0.0001,-0.00450000000000002,-0.00463769402965812));
#2305=CARTESIAN_POINT('',(-0.0001,-0.00428521034629911,-0.0041167302892951));
#2306=CARTESIAN_POINT('',(-0.0001,-0.00376107235745598,-0.00389871773792366));
#2307=CARTESIAN_POINT('',(-0.0001,-0.00350000000000035,-0.00389871773792357));
#2308=CARTESIAN_POINT('',(-0.0048233341488269,-0.0035,0.00086339312526815));
#2309=CARTESIAN_POINT('',(0.0018,0.00143178433099607,0.00628835588936382));
#2310=CARTESIAN_POINT('',(-0.0001,0.00143178433099607,0.00628835588936382));
#2311=CARTESIAN_POINT('',(-0.0001,0.000495653200405956,0.00664000700387943));
#2312=CARTESIAN_POINT('',(0.,0.000495653200405955,0.00664000700387943));
#2313=CARTESIAN_POINT('',(-0.00130000000000003,0.000495653200405953,0.00664000700387944));
#2314=CARTESIAN_POINT('',(-0.0013,0.00143178433099607,0.00628835588936382));
#2315=CARTESIAN_POINT('',(-0.0055,0.00093466677025133,0.0057415265725446));
#2316=CARTESIAN_POINT('',(-0.0001,0.00093466677025133,0.0057415265725446));
#2317=CARTESIAN_POINT('',(-0.0055,0.00093466677025133,0.0057415265725446));
#2318=CARTESIAN_POINT('',(-0.0055,0.000194726696855385,0.00641419936654092));
#2319=CARTESIAN_POINT('',(-0.0055,0.000194726696855386,0.00641419936654092));
#2320=CARTESIAN_POINT('',(-0.00254929244881127,0.000194726696855386,0.00641419936654092));
#2321=CARTESIAN_POINT('',(-0.00254929244881127,0.000194726696855386,0.00641419936654092));
#2322=CARTESIAN_POINT('',(-0.00216920059266571,0.000338905780044117,0.00657279635804852));
#2323=CARTESIAN_POINT('',(-0.00174481213516975,0.000495653200406543,0.00664000700387972));
#2324=CARTESIAN_POINT('',(-0.00130000000000008,0.000495653200406497,0.00664000700387969));
#2325=CARTESIAN_POINT('',(0.0075,-0.002,0.004));
#2326=CARTESIAN_POINT('',(0.0065,-0.000706661096366981,0.00542267279399631));
#2327=CARTESIAN_POINT('',(0.0065,-0.000498227409167038,0.00565194984991625));
#2328=CARTESIAN_POINT('',(0.00636218973482285,-7.94804067729276E-05,0.00611257155254977));
#2329=CARTESIAN_POINT('',(0.00581224078208056,0.000194726696855384,0.00641419936654092));
#2330=CARTESIAN_POINT('',(0.0055,0.000194726696855384,0.00641419936654092));
#2331=CARTESIAN_POINT('',(0.0065,-0.000706661096366981,0.00542267279399631));
#2332=CARTESIAN_POINT('',(0.0055,0.000194726696855385,0.00641419936654092));
#2333=CARTESIAN_POINT('',(-0.0055,0.000194726696855386,0.00641419936654092));
#2334=CARTESIAN_POINT('',(0.00254929244881127,0.000194726696855386,0.00641419936654092));
#2335=CARTESIAN_POINT('',(0.0013,-0.00042147420377338,0.00573637837584927));
#2336=CARTESIAN_POINT('',(0.0028,-0.00042147420377338,0.00573637837584927));
#2337=CARTESIAN_POINT('',(0.0028,-0.00249111929236251,0.00345976877840124));
#2338=CARTESIAN_POINT('',(0.0028,-0.00129263708690737,0.00477809920440188));
#2339=CARTESIAN_POINT('',(0.,-0.00308597285067873,0.00280542986425339));
#2340=CARTESIAN_POINT('',(0.00330356058328051,-0.00173492751050247,0.00429157973844727));
#2341=CARTESIAN_POINT('',(0.,-0.0050248429145488,0.000672672793996312));
#2342=CARTESIAN_POINT('',(0.0048233341488269,-0.00423994007339593,0.00153606591926446));
#2343=CARTESIAN_POINT('',(0.0075,-0.00423994007339593,0.00153606591926446));
#2344=CARTESIAN_POINT('',(0.0065,-0.00423994007339593,0.00153606591926446));
#2345=CARTESIAN_POINT('',(0.0065,-0.002,0.004));
#2346=CARTESIAN_POINT('',(0.0055,0.0143361509523865,-0.00474999999999848));
#2347=CARTESIAN_POINT('',(0.0055,0.0143361509523905,-0.00475000000002201));
#2348=CARTESIAN_POINT('',(0.0055,0.0143361509523905,-0.00675));
#2349=CARTESIAN_POINT('',(0.0075,0.0143361509523905,-0.00475000000002201));
#2350=CARTESIAN_POINT('',(0.0055,0.0143361509523865,-0.00474999999999848));
#2351=CARTESIAN_POINT('',(0.0055,0.0143361509523905,-0.00475000000002201));
#2352=CARTESIAN_POINT('',(-0.0055,0.0143361509523867,-0.00475));
#2353=CARTESIAN_POINT('',(-0.0055,0.0143361509523867,-0.00675));
#2354=CARTESIAN_POINT('',(-0.0055,0.0143361509523884,-0.00675));
#2355=CARTESIAN_POINT('',(-0.0055,0.0143361509523884,-0.00475000000000977));
#2356=CARTESIAN_POINT('',(-0.0055,0.0143361509523884,-0.00475000000000977));
#2357=CARTESIAN_POINT('',(-0.0055,0.0143361509523865,-0.0047499999999988));
#2358=CARTESIAN_POINT('',(-0.0075,0.0143361509523865,-0.0047499999999988));
#2359=CARTESIAN_POINT('',(-0.0055,0.0143361509523884,-0.00475000000000977));
#2360=CARTESIAN_POINT('',(-0.0055,0.006,-0.00475));
#2361=CARTESIAN_POINT('',(-0.0055,0.006,-0.00675));
#2362=CARTESIAN_POINT('',(-0.0055,-0.0035,-0.00475));
#2363=CARTESIAN_POINT('',(-0.0075,-0.0035,-0.00475));
#2364=CARTESIAN_POINT('',(-0.0075,0.006,-0.00475));
#2365=CARTESIAN_POINT('',(0.0055,0.006,-0.00475));
#2366=CARTESIAN_POINT('',(0.0075,0.,-0.00475));
#2367=CARTESIAN_POINT('',(0.0075,-0.0035,-0.00475));
#2368=CARTESIAN_POINT('',(0.0055,-0.0035,-0.00475));
#2369=CARTESIAN_POINT('',(0.0055,-0.0035,-0.00675));
#2370=CARTESIAN_POINT('',(0.0055,0.006,-0.00675));
#2371=CARTESIAN_POINT('',(0.0055,0.0163074326334001,-0.00441228927452531));
#2372=CARTESIAN_POINT('',(0.0075,0.0163074326334001,-0.00441228927452531));
#2373=CARTESIAN_POINT('',(0.0075,0.0143361509523904,-0.00475000000002203));
#2374=CARTESIAN_POINT('',(0.00549999999999594,0.0161511742261902,-0.00350017925733935));
#2375=CARTESIAN_POINT('',(0.00750000000000287,0.0161511742298892,-0.00350017925671166));
#2376=CARTESIAN_POINT('',(0.0075,0.0142045318600592,-0.00398171433166267));
#2377=CARTESIAN_POINT('',(0.00550000000000188,0.0156199764238467,-0.0016523482179443));
#2378=CARTESIAN_POINT('',(0.00749999999999867,0.01561997642213,-0.00165234821823561));
#2379=CARTESIAN_POINT('',(0.0075,0.0137631572623244,-0.00245483720588696));
#2380=CARTESIAN_POINT('',(0.00549999999999949,0.0141477718276755,0.000807063069691969));
#2381=CARTESIAN_POINT('',(0.00750000000000035,0.0141477718281355,0.000807063069770026));
#2382=CARTESIAN_POINT('',(0.0075,0.0125597759790702,-0.000442066290937003));
#2383=CARTESIAN_POINT('',(0.00550000000000013,0.0121548950102873,0.00280524757878193));
#2384=CARTESIAN_POINT('',(0.00749999999999991,0.012154895010164,0.00280524757876102));
#2385=CARTESIAN_POINT('',(0.0075,0.0108899174738227,0.00123896441814544));
#2386=CARTESIAN_POINT('',(0.00549999999999996,0.00988819960983796,0.0043081077916423));
#2387=CARTESIAN_POINT('',(0.00750000000000003,0.00988819960987104,0.00430810779164792));
#2388=CARTESIAN_POINT('',(0.0075,0.00891966026497899,0.00254930339835957));
#2389=CARTESIAN_POINT('',(0.00550000000000001,0.00752517762093009,0.00539564089082864));
#2390=CARTESIAN_POINT('',(0.00749999999999999,0.00752517762092102,0.0053956408908271));
#2391=CARTESIAN_POINT('',(0.0075,0.00680872108633465,0.00352278967495834));
#2392=CARTESIAN_POINT('',(0.0055,0.00545926500603092,0.00604607256551339));
#2393=CARTESIAN_POINT('',(0.0075,0.00545926500603205,0.00604607256551358));
#2394=CARTESIAN_POINT('',(0.0075,0.00493203697235948,0.00411412112647147));
#2395=CARTESIAN_POINT('',(0.0055,0.0037882712552381,0.00641685376828158));
#2396=CARTESIAN_POINT('',(0.0075,0.00378827125523789,0.00641685376828155));
#2397=CARTESIAN_POINT('',(0.0075,0.00341112968609955,0.004451657488578));
#2398=CARTESIAN_POINT('',(0.0055,0.0025207698410215,0.00662207775951763));
#2399=CARTESIAN_POINT('',(0.0075,0.00252076984102156,0.00662207775951764));
#2400=CARTESIAN_POINT('',(0.0075,0.00226046444222975,0.00463759096188027));
#2401=CARTESIAN_POINT('',(0.0055,0.00153940257774248,0.00671660566460683));
#2402=CARTESIAN_POINT('',(0.0075,0.00153940257774247,0.00671660566460683));
#2403=CARTESIAN_POINT('',(0.0075,0.0013892727497168,0.00472146497025288));
#2404=CARTESIAN_POINT('',(0.0055,0.000868154570628914,0.00674620220196976));
#2405=CARTESIAN_POINT('',(0.0075,0.000868154570628914,0.00674620220196976));
#2406=CARTESIAN_POINT('',(0.0075,0.000803968610495401,0.00474685101956923));
#2407=CARTESIAN_POINT('',(0.0055,0.00037734309369897,0.00675226709009311));
#2408=CARTESIAN_POINT('',(0.0075,0.00037734309369897,0.00675226709009312));
#2409=CARTESIAN_POINT('',(0.0075,0.000412009766920883,0.00475187985276707));
#2410=CARTESIAN_POINT('',(0.0055,0.000117206202400306,0.00675));
#2411=CARTESIAN_POINT('',(0.0075,0.000117206202400306,0.00675));
#2412=CARTESIAN_POINT('',(0.0075,0.000117206202400306,0.00475));
#2413=CARTESIAN_POINT('',(0.0055,-7.91444690497317E-05,0.00675));
#2414=CARTESIAN_POINT('',(0.0075,-7.91444690497317E-05,0.00675));
#2415=CARTESIAN_POINT('',(0.0075,-7.91444690497317E-05,0.00475));
#2416=CARTESIAN_POINT('',(0.0055,0.00097216541083322,0.0067408232511914));
#2417=CARTESIAN_POINT('',(0.00605575441639276,0.00097216541083322,0.0067408232511914));
#2418=CARTESIAN_POINT('',(0.00712152194812711,0.000720347413596196,0.00625530518648892));
#2419=CARTESIAN_POINT('',(0.0075,0.000262654112121236,0.00525462529720301));
#2420=CARTESIAN_POINT('',(0.0075,3.32789770289615E-05,0.00475));
#2421=CARTESIAN_POINT('',(0.0075,3.32789770289627E-05,0.00475));
#2422=CARTESIAN_POINT('',(0.0075,0.0143361509523904,-0.00475000000002203));
#2423=CARTESIAN_POINT('',(0.0075,0.0142053168621904,-0.00398629655269028));
#2424=CARTESIAN_POINT('',(0.0075,0.0137675920630245,-0.00246886444595542));
#2425=CARTESIAN_POINT('',(0.0075,0.0121792546697195,0.000205826415229031));
#2426=CARTESIAN_POINT('',(0.0075,0.00966623811843651,0.00219929601437824));
#2427=CARTESIAN_POINT('',(0.0075,0.00687368514307448,0.00349740581371238));
#2428=CARTESIAN_POINT('',(0.0075,0.00463788482940896,0.00420810414619968));
#2429=CARTESIAN_POINT('',(0.0075,0.00236341930864625,0.00466920752563605));
#2430=CARTESIAN_POINT('',(0.0075,0.000813997352575452,0.00475));
#2431=CARTESIAN_POINT('',(0.0075,3.32789770289594E-05,0.00475));
#2432=CARTESIAN_POINT('',(-0.0055,-7.97514168475621E-05,0.00675));
#2433=CARTESIAN_POINT('',(-0.0075,-7.97514168475621E-05,0.00675));
#2434=CARTESIAN_POINT('',(-0.0075,-7.97514168475621E-05,0.00475));
#2435=CARTESIAN_POINT('',(-0.0055,0.000117659305790923,0.00675));
#2436=CARTESIAN_POINT('',(-0.0075,0.000117659305790923,0.00675));
#2437=CARTESIAN_POINT('',(-0.0075,0.000117659305790923,0.00475));
#2438=CARTESIAN_POINT('',(-0.0055,0.000380047725832283,0.00675234139314937));
#2439=CARTESIAN_POINT('',(-0.0075,0.000380047725832282,0.00675234139314937));
#2440=CARTESIAN_POINT('',(-0.0075,0.000414139946830052,0.00475194248705914));
#2441=CARTESIAN_POINT('',(-0.0055,0.00087286857285391,0.00674606705972766));
#2442=CARTESIAN_POINT('',(-0.0075,0.00087286857285391,0.00674606705972767));
#2443=CARTESIAN_POINT('',(-0.0075,0.000807984514515615,0.0047467373218052));
#2444=CARTESIAN_POINT('',(-0.0055,0.00154637649135702,0.00671612136600953));
#2445=CARTESIAN_POINT('',(-0.0075,0.00154637649135702,0.00671612136600953));
#2446=CARTESIAN_POINT('',(-0.0075,0.00139540330145593,0.00472104191396199));
#2447=CARTESIAN_POINT('',(-0.0055,0.00252894303592609,0.00662101876994031));
#2448=CARTESIAN_POINT('',(-0.0075,0.00252894303592616,0.00662101876994032));
#2449=CARTESIAN_POINT('',(-0.0075,0.00226784399423131,0.00463663845472676));
#2450=CARTESIAN_POINT('',(-0.0055,0.00379551330629088,0.00641538743981677));
#2451=CARTESIAN_POINT('',(-0.0075,0.00379551330629062,0.00641538743981673));
#2452=CARTESIAN_POINT('',(-0.0075,0.00341772027288385,0.00445032309101054));
#2453=CARTESIAN_POINT('',(-0.0055,0.00545944495769824,0.00604579807433245));
#2454=CARTESIAN_POINT('',(-0.0075,0.00545944495769965,0.00604579807433269));
#2455=CARTESIAN_POINT('',(-0.0075,0.00493219673910528,0.00411387192420919));
#2456=CARTESIAN_POINT('',(-0.0055,0.00752502403770175,0.00539592360414138));
#2457=CARTESIAN_POINT('',(-0.00750000000000001,0.0075250240376904,0.00539592360413942));
#2458=CARTESIAN_POINT('',(-0.0075,0.00680860880039825,0.00352304359991031));
#2459=CARTESIAN_POINT('',(-0.00549999999999999,0.00989496483918223,0.00430489156501963));
#2460=CARTESIAN_POINT('',(-0.00749999999999996,0.00989496483922366,0.0043048915650268));
#2461=CARTESIAN_POINT('',(-0.0075,0.00892565872986703,0.00254641114994552));
#2462=CARTESIAN_POINT('',(-0.00550000000000002,0.0121559415638563,0.00280219660904127));
#2463=CARTESIAN_POINT('',(-0.00750000000000014,0.012155941563702,0.00280219660901457));
#2464=CARTESIAN_POINT('',(-0.0075,0.0108906811181683,0.00123649669176388));
#2465=CARTESIAN_POINT('',(-0.00549999999999991,0.0141371701267336,0.000822195912061054));
#2466=CARTESIAN_POINT('',(-0.00749999999999946,0.0141371701273097,0.000822195912160679));
#2467=CARTESIAN_POINT('',(-0.0075,0.0125510218588858,-0.000429548658418685));
#2468=CARTESIAN_POINT('',(-0.00550000000000032,0.0156261423108992,-0.00166459720269998));
#2469=CARTESIAN_POINT('',(-0.007500000000002,0.015626142308749,-0.00166459720307178));
#2470=CARTESIAN_POINT('',(-0.0075,0.0137682413031202,-0.00246495258928286));
#2471=CARTESIAN_POINT('',(-0.00549999999999932,0.0161507128779984,-0.00349748628027871));
#2472=CARTESIAN_POINT('',(-0.00749999999999568,0.0161507128826314,-0.0034974862794776));
#2473=CARTESIAN_POINT('',(-0.0075,0.0142041432594743,-0.00397944599134986));
#2474=CARTESIAN_POINT('',(-0.0055,0.0163074326333976,-0.00441228927451077));
#2475=CARTESIAN_POINT('',(-0.0075,0.0163074326333976,-0.00441228927451077));
#2476=CARTESIAN_POINT('',(-0.0075,0.0143361509523883,-0.00475000000000978));
#2477=CARTESIAN_POINT('',(-0.0075,3.32789770289624E-05,0.00475));
#2478=CARTESIAN_POINT('',(-0.0075,0.000808453741034757,0.00475));
#2479=CARTESIAN_POINT('',(-0.0075,0.00234842547678203,0.00467052809552066));
#2480=CARTESIAN_POINT('',(-0.0075,0.00460482432752981,0.00421603666831405));
#2481=CARTESIAN_POINT('',(-0.0075,0.00684534334566259,0.00350934327862375));
#2482=CARTESIAN_POINT('',(-0.0075,0.0096562119023974,0.00220475901558506));
#2483=CARTESIAN_POINT('',(-0.0075,0.0121571240860017,0.000235654586909519));
#2484=CARTESIAN_POINT('',(-0.0075,0.0137702489015783,-0.00247261991299697));
#2485=CARTESIAN_POINT('',(-0.0075,0.0142039850972223,-0.0039785227875016));
#2486=CARTESIAN_POINT('',(-0.0075,0.0143361509523864,-0.00474999999999882));
#2487=CARTESIAN_POINT('',(-0.0075,3.32789770289627E-05,0.00475));
#2488=CARTESIAN_POINT('',(-0.0075,3.32789770278642E-05,0.00474999999998024));
#2489=CARTESIAN_POINT('',(-0.00750000000000499,0.000262640824137249,0.00525459606362089));
#2490=CARTESIAN_POINT('',(-0.00711966151376274,0.000721323581958004,0.00625731020552198));
#2491=CARTESIAN_POINT('',(-0.00605566173177451,0.000972165410833218,0.0067408232511914));
#2492=CARTESIAN_POINT('',(-0.0055,0.000972165410833218,0.0067408232511914));
#2493=CARTESIAN_POINT('',(0.0075,0.006,-0.00675));
#2494=CARTESIAN_POINT('',(0.0001,-0.002,-0.00675));
#2495=CARTESIAN_POINT('',(0.0001,0.0015,-0.00675));
#2496=CARTESIAN_POINT('',(0.0001,-0.0035,-0.00675));
#2497=CARTESIAN_POINT('',(-0.0001,0.0015,-0.00675));
#2498=CARTESIAN_POINT('',(-0.0001,0.0015,-0.00675));
#2499=CARTESIAN_POINT('',(-0.0001,-0.002,-0.00675));
#2500=CARTESIAN_POINT('',(0.0075,-0.0035,-0.00675));
#2501=CARTESIAN_POINT('',(0.0075,-0.002,0.004));
#2502=CARTESIAN_POINT('',(0.,-0.00308597285067873,0.00280542986425339));
#2503=CARTESIAN_POINT('',(-0.00330356058328051,-0.00173492751050247,0.00429157973844727));
#2504=CARTESIAN_POINT('',(-0.0028,-0.00129263708690737,0.00477809920440188));
#2505=CARTESIAN_POINT('',(-0.0028,-0.002,0.004));
#2506=CARTESIAN_POINT('',(-0.0028,-0.00042147420377338,0.00573637837584927));
#2507=CARTESIAN_POINT('',(-0.0013,-0.00042147420377338,0.00573637837584927));
#2508=CARTESIAN_POINT('',(-0.0055,0.000194726696855385,0.00641419936654092));
#2509=CARTESIAN_POINT('',(-0.00581228300368372,0.000194726696855385,0.00641419936654092));
#2510=CARTESIAN_POINT('',(-0.00636136853758956,-7.86442243983327E-05,0.00611349135316183));
#2511=CARTESIAN_POINT('',(-0.00650000000000329,-0.000498222493022174,0.0056519552576756));
#2512=CARTESIAN_POINT('',(-0.0065,-0.000706661096380016,0.00542267279398197));
#2513=CARTESIAN_POINT('',(-0.0065,-0.000706661096380016,0.00542267279398197));
#2514=CARTESIAN_POINT('',(-0.0065,-0.0045,0.00125));
#2515=CARTESIAN_POINT('',(-0.0065,-0.00423994007339593,0.00153606591926446));
#2516=CARTESIAN_POINT('',(0.0075,-0.00423994007339593,0.00153606591926446));
#2517=CARTESIAN_POINT('',(-0.0048233341488269,-0.00423994007339593,0.00153606591926446));
#2518=CARTESIAN_POINT('',(0.,-0.0050248429145488,0.000672672793996312));
#2519=CARTESIAN_POINT('',(0.0075,-0.0045,-0.00275));
#2520=CARTESIAN_POINT('',(0.0001,-0.0045,0.));
#2521=CARTESIAN_POINT('',(0.0001,-0.0045,-0.00575));
#2522=CARTESIAN_POINT('',(0.0001,-0.0045,-0.00489897948556636));
#2523=CARTESIAN_POINT('',(0.0075,-0.0045,-0.00575));
#2524=CARTESIAN_POINT('',(0.0055,-0.0045,-0.00575));
#2525=CARTESIAN_POINT('',(0.0055,-0.0045,-0.00475));
#2526=CARTESIAN_POINT('',(0.0065,-0.0045,-0.00475));
#2527=CARTESIAN_POINT('',(0.0065,-0.0045,-0.00275));
#2528=CARTESIAN_POINT('',(0.0065,-0.0045,0.00086339312526815));
#2529=CARTESIAN_POINT('',(0.0075,-0.0045,0.00086339312526815));
#2530=CARTESIAN_POINT('',(0.0048233341488269,-0.0045,0.00086339312526815));
#2531=CARTESIAN_POINT('',(0.,-0.0045,-4.59242549680257E-21));
#2532=CARTESIAN_POINT('',(0.0075,0.,0.0104782227426767));
#2533=CARTESIAN_POINT('',(0.0075,0.00286937220775993,0.00786970255380407));
#2534=CARTESIAN_POINT('',(0.0075,-0.0035,0.000863393125268149));
#2535=CARTESIAN_POINT('',(0.0075,-0.0035,0.0104782227426767));
#2536=CARTESIAN_POINT('',(-0.0075,0.,0.0104782227426767));
#2537=CARTESIAN_POINT('',(-0.0075,-0.0035,0.00125));
#2538=CARTESIAN_POINT('',(-0.0075,-0.0035,0.000863393125268148));
#2539=CARTESIAN_POINT('',(-0.0075,-0.000578241744785869,0.00407732720600368));
#2540=CARTESIAN_POINT('',(0.0018,0.000546729410877561,0.00581295862811805));
#2541=CARTESIAN_POINT('',(-0.0013,0.000509423552058631,0.00590202624582359));
#2542=CARTESIAN_POINT('',(0.0013,0.000509423552058631,0.00590202624582359));
#2543=CARTESIAN_POINT('',(0.0001,0.000509423552058632,0.00590202624582358));
#2544=CARTESIAN_POINT('',(0.0001,0.000546729410877561,0.00581295862811805));
#2545=CARTESIAN_POINT('',(0.0013,0.00119278121535332,0.00427051202694715));
#2546=CARTESIAN_POINT('',(0.0013,0.00125242783900951,0.00412810590518966));
#2547=CARTESIAN_POINT('',(0.00131659091382791,0.0013114028603123,0.00398730323188658));
#2548=CARTESIAN_POINT('',(0.00134800547447078,0.00136977781846062,0.00384793320743098));
#2549=CARTESIAN_POINT('',(0.0013,0.00119278121535332,0.00427051202694715));
#2550=CARTESIAN_POINT('',(0.0013,0.000546729410877561,0.00581295862811805));
#2551=CARTESIAN_POINT('',(0.0018,-0.00247787994370216,0.00869092393483735));
#2552=CARTESIAN_POINT('',(0.0018,0.,-2.4492935982947E-19));
#2553=CARTESIAN_POINT('',(0.0018,-0.000552697013511431,0.00410542641040557));
#2554=CARTESIAN_POINT('',(0.0018,0.000731600825884598,0.00407734720517704));
#2555=CARTESIAN_POINT('',(0.0018,0.000632138344895564,0.00540874530465326));
#2556=CARTESIAN_POINT('',(0.0018,0.000318465869622564,0.00506370558185296));
#2557=CARTESIAN_POINT('',(0.0018,-0.0013913963822523,0.00914599619787394));
#2558=CARTESIAN_POINT('',(-0.0018,-0.00247787994370216,0.00869092393483735));
#2559=CARTESIAN_POINT('',(-0.0018,0.000878469001490954,0.00372669990922525));
#2560=CARTESIAN_POINT('',(-0.0018,0.000318465869622564,0.00506370558185296));
#2561=CARTESIAN_POINT('',(-0.0018,0.000731600825884597,0.00407734720517704));
#2562=CARTESIAN_POINT('',(-0.0018,0.000858553822092296,0.00565780232956967));
#2563=CARTESIAN_POINT('',(-0.0018,-0.000552697013511432,0.00410542641040557));
#2564=CARTESIAN_POINT('',(-0.0018,0.,-2.4492935982947E-19));
#2565=CARTESIAN_POINT('',(0.0028,0.,-2.4492935982947E-19));
#2566=CARTESIAN_POINT('',(0.0028,-0.000552697013511432,0.00410542641040557));
#2567=CARTESIAN_POINT('',(0.00183200364964719,0.000938871524227413,0.00377654377555381));
#2568=CARTESIAN_POINT('',(0.00181148297271282,0.000869265609169666,0.00387540797382584));
#2569=CARTESIAN_POINT('',(0.0018,0.000800156704872285,0.00397557619741233));
#2570=CARTESIAN_POINT('',(0.0018,0.000731600825884599,0.00407734720517704));
#2571=CARTESIAN_POINT('',(0.00183200364964719,0.000938871524227413,0.00377654377555381));
#2572=CARTESIAN_POINT('',(0.00183200364964719,0.000938871524227413,0.00377654377555381));
#2573=CARTESIAN_POINT('',(0.00188520091741816,0.00111931608332329,0.00352025080601576));
#2574=CARTESIAN_POINT('',(0.00205157391667531,0.00157807284732221,0.00312079326254898));
#2575=CARTESIAN_POINT('',(0.00218602066212396,0.00201973966758615,0.0026908414551282));
#2576=CARTESIAN_POINT('',(0.00224,0.00222313897899769,0.00245765194445045));
#2577=CARTESIAN_POINT('',(-0.0028,0.,-2.4492935982947E-19));
#2578=CARTESIAN_POINT('',(-0.0028,-0.000552697013511432,0.00410542641040557));
#2579=CARTESIAN_POINT('',(-0.00183200364964719,0.000938871524227412,0.00377654377555382));
#2580=CARTESIAN_POINT('',(-0.00188520091741816,0.00111931608332329,0.00352025080601576));
#2581=CARTESIAN_POINT('',(-0.00205157391667519,0.00157807284732228,0.00312079326254902));
#2582=CARTESIAN_POINT('',(-0.00218602066212419,0.002019739667586,0.00269084145512813));
#2583=CARTESIAN_POINT('',(-0.00224,0.0022231389789977,0.00245765194445045));
#2584=CARTESIAN_POINT('',(-0.00183200364964719,0.000938871524227412,0.00377654377555382));
#2585=CARTESIAN_POINT('',(-0.0018,0.000731600825884598,0.00407734720517704));
#2586=CARTESIAN_POINT('',(-0.0018,0.000800156704872283,0.00397557619741234));
#2587=CARTESIAN_POINT('',(-0.00181148297271283,0.000869265609169666,0.00387540797382585));
#2588=CARTESIAN_POINT('',(-0.00183200364964719,0.000938871524227412,0.00377654377555382));
#2589=CARTESIAN_POINT('',(-0.0013,-0.0013913963822523,0.00914599619787394));
#2590=CARTESIAN_POINT('',(-0.0013,0.000318465869622564,0.00506370558185296));
#2591=CARTESIAN_POINT('',(-0.0013,0.000731600825884597,0.00407734720517704));
#2592=CARTESIAN_POINT('',(-0.0013,0.00119278121535332,0.00427051202694715));
#2593=CARTESIAN_POINT('',(-0.0018,0.00119278121535332,0.00427051202694715));
#2594=CARTESIAN_POINT('',(-0.0018,0.000731600825884598,0.00407734720517703));
#2595=CARTESIAN_POINT('',(-0.00130000000971162,0.00125242783861643,0.00412810590612815));
#2596=CARTESIAN_POINT('',(-0.00177706786400007,0.00123736483613062,0.00416406877601964));
#2597=CARTESIAN_POINT('',(-0.0018,0.000798878972469422,0.00397747298754902));
#2598=CARTESIAN_POINT('',(-0.00131659091183162,0.00131140286039312,0.00398730323169361));
#2599=CARTESIAN_POINT('',(-0.0017659496954788,0.00128514080266739,0.00405000380988051));
#2600=CARTESIAN_POINT('',(-0.00181106060962615,0.00086783295790918,0.00387744282819278));
#2601=CARTESIAN_POINT('',(-0.00134800547447078,0.00136977781846062,0.00384793320743098));
#2602=CARTESIAN_POINT('',(-0.00176889608506447,0.00133597213566466,0.0039286441661616));
#2603=CARTESIAN_POINT('',(-0.00183200364964719,0.000938871524227412,0.00377654377555381));
#2604=CARTESIAN_POINT('',(-0.00134800547447078,0.000908597428991903,0.00365476838566086));
#2605=CARTESIAN_POINT('',(-0.00134800547447078,0.00136977781846062,0.00384793320743098));
#2606=CARTESIAN_POINT('',(-0.00176889608506447,0.00133597213566466,0.00392864416616161));
#2607=CARTESIAN_POINT('',(-0.00183200364964719,0.000938871524227412,0.00377654377555382));
#2608=CARTESIAN_POINT('',(-0.00145033846551118,0.00146203724303621,0.00362766412857889));
#2609=CARTESIAN_POINT('',(-0.001768903142353,0.00137255259409467,0.00373629513643016));
#2610=CARTESIAN_POINT('',(-0.00187626404945452,0.00108900240309472,0.0035633066897455));
#2611=CARTESIAN_POINT('',(-0.00176328741355012,0.00172391365029122,0.00322159766283519));
#2612=CARTESIAN_POINT('',(-0.00189389475521934,0.00160413417940442,0.00325356574156133));
#2613=CARTESIAN_POINT('',(-0.00202686507715031,0.00150772047907541,0.00317643329860389));
#2614=CARTESIAN_POINT('',(-0.00210302611471066,0.00205464287431443,0.00273491323961368));
#2615=CARTESIAN_POINT('',(-0.00214122231838037,0.00202490017030947,0.00272700430911328));
#2616=CARTESIAN_POINT('',(-0.00217941855635588,0.00199515751617145,0.00271909535661126));
#2617=CARTESIAN_POINT('',(-0.00224,0.0022231389789977,0.00245765194445045));
#2618=CARTESIAN_POINT('',(-0.00224,0.0022231389789977,0.00245765194445045));
#2619=CARTESIAN_POINT('',(-0.00224,0.0022231389789977,0.00245765194445045));
#2620=CARTESIAN_POINT('',(0.0013,8.55490214088422E-05,0.00561979380634793));
#2621=CARTESIAN_POINT('',(0.0013,0.000318465869622564,0.00506370558185296));
#2622=CARTESIAN_POINT('',(0.0013,0.000731600825884598,0.00407734720517704));
#2623=CARTESIAN_POINT('',(0.00134800547447078,0.00136977781846062,0.00384793320743098));
#2624=CARTESIAN_POINT('',(0.00176889608506447,0.00133597213566466,0.00392864416616161));
#2625=CARTESIAN_POINT('',(0.00183200364964719,0.000938871524227412,0.00377654377555382));
#2626=CARTESIAN_POINT('',(0.00131659091183164,0.0013114028603935,0.00398730323169273));
#2627=CARTESIAN_POINT('',(0.00176594969547859,0.00128514080266719,0.00405000380987972));
#2628=CARTESIAN_POINT('',(0.00181106060962634,0.000867832957909185,0.00387744282819204));
#2629=CARTESIAN_POINT('',(0.00130000000971162,0.0012524278386164,0.00412810590612822));
#2630=CARTESIAN_POINT('',(0.00177706786400011,0.0012373648361306,0.00416406877601969));
#2631=CARTESIAN_POINT('',(0.0018,0.000798878972469379,0.00397747298754909));
#2632=CARTESIAN_POINT('',(0.0013,0.00119278121535332,0.00427051202694715));
#2633=CARTESIAN_POINT('',(0.0018,0.00119278121535332,0.00427051202694715));
#2634=CARTESIAN_POINT('',(0.0018,0.000731600825884598,0.00407734720517703));
#2635=CARTESIAN_POINT('',(0.00134800547447078,0.000908597428991903,0.00365476838566086));
#2636=CARTESIAN_POINT('',(0.00183200364964719,0.000938871524227413,0.00377654377555382));
#2637=CARTESIAN_POINT('',(0.00176889608506447,0.00133597213566466,0.00392864416616161));
#2638=CARTESIAN_POINT('',(0.00134800547447078,0.00136977781846062,0.00384793320743098));
#2639=CARTESIAN_POINT('',(0.00187626404945464,0.00108900240309438,0.00356330668974512));
#2640=CARTESIAN_POINT('',(0.00176890314235281,0.00137255259409389,0.00373629513642988));
#2641=CARTESIAN_POINT('',(0.00145033846551129,0.00146203724303619,0.00362766412857894));
#2642=CARTESIAN_POINT('',(0.00202686507714762,0.0015077204790725,0.00317643329860927));
#2643=CARTESIAN_POINT('',(0.00189389475870472,0.00160413418286145,0.00325356574539217));
#2644=CARTESIAN_POINT('',(0.00176328741354931,0.00172391365028664,0.00322159766284));
#2645=CARTESIAN_POINT('',(0.00217941855636115,0.00199515751617762,0.00271909535660088));
#2646=CARTESIAN_POINT('',(0.00214122231163812,0.00202490016362258,0.0027270043017026));
#2647=CARTESIAN_POINT('',(0.00210302611471218,0.0020546428743236,0.002734913239604));
#2648=CARTESIAN_POINT('',(0.00224,0.0022231389789977,0.00245765194445045));
#2649=CARTESIAN_POINT('',(0.00224,0.0022231389789977,0.00245765194445045));
#2650=CARTESIAN_POINT('',(0.00224,0.0022231389789977,0.00245765194445045));
#2651=CARTESIAN_POINT('',(0.,0.000500000000000007,-4.59242549680257E-21));
#2652=CARTESIAN_POINT('',(0.0001,0.000500000000000007,-0.00389871773792358));
#2653=CARTESIAN_POINT('',(0.0001,-0.0035000000000002,-0.00389871773792145));
#2654=CARTESIAN_POINT('',(0.,-0.0035,-4.59242549680257E-21));
#2655=CARTESIAN_POINT('',(0.00383898024090304,-0.0035,0.000687190446641996));
#2656=CARTESIAN_POINT('',(0.,-0.00428490284115285,-4.59242549680257E-21));
#2657=CARTESIAN_POINT('',(0.00259390493510212,-0.000958467045746874,0.00291232848210034));
#2658=CARTESIAN_POINT('',(0.00259390493510212,-0.000958467045746874,0.00291232848210034));
#2659=CARTESIAN_POINT('',(0.00262122730039361,-0.000903295982810504,0.00288799344619905));
#2660=CARTESIAN_POINT('',(0.00267493782108217,-0.000888819441731253,0.0028388411627593));
#2661=CARTESIAN_POINT('',(0.00272196211275863,-0.000888819441731297,0.00279301311430981));
#2662=CARTESIAN_POINT('',(-0.00323515233772896,-0.00167921676385038,0.00435286155976457));
#2663=CARTESIAN_POINT('',(-0.00190075917748147,-0.0024347604458704,0.00352176350954255));
#2664=CARTESIAN_POINT('',(-0.00257491716676387,-0.000939276690454439,0.00292912983397882));
#2665=CARTESIAN_POINT('',(-0.00406017345704532,-0.00233853793476266,0.00362760827176106));
#2666=CARTESIAN_POINT('',(-0.00258514249857113,-0.00276038993836827,0.00316357106779252));
#2667=CARTESIAN_POINT('',(-0.00323156662907801,-0.00159859786136647,0.00235188742108031));
#2668=CARTESIAN_POINT('',(-0.00462977952264078,-0.00325694886347098,0.00261735625018192));
#2669=CARTESIAN_POINT('',(-0.00333885778735727,-0.00342042449987633,0.00243753305013575));
#2670=CARTESIAN_POINT('',(-0.00368492655883877,-0.00251700879007535,0.00154780928145418));
#2671=CARTESIAN_POINT('',(-0.0048233341488269,-0.00423994007339594,0.00153606591926446));
#2672=CARTESIAN_POINT('',(-0.00370661970984877,-0.00433943565143412,0.00142662078342246));
#2673=CARTESIAN_POINT('',(-0.00383898024090305,-0.0035,0.000687190446641993));
#2674=CARTESIAN_POINT('',(-0.0048233341488269,-0.0035,0.000863393125268148));
#2675=CARTESIAN_POINT('',(-0.00259390493510212,-0.000958467045746873,0.00291232848210034));
#2676=CARTESIAN_POINT('',(-0.00244814176576312,-0.00125280133575475,0.00304215442949206));
#2677=CARTESIAN_POINT('',(-0.00245170286104404,-0.00183957238057047,0.00357857228964598));
#2678=CARTESIAN_POINT('',(-0.00301890548049067,-0.00186980844360774,0.00414321071203149));
#2679=CARTESIAN_POINT('',(-0.00330356058328062,-0.00173492751050256,0.00429157973844718));
#2680=CARTESIAN_POINT('',(0.,-0.00234603277728279,0.00213275707025708));
#2681=CARTESIAN_POINT('',(-0.0028,-0.000552697013511431,0.00410542641040557));
#2682=CARTESIAN_POINT('',(0.0075,-0.0035,0.00086339312526815));
#2683=CARTESIAN_POINT('',(-0.0065,-0.0035,0.00086339312526815));
#2684=CARTESIAN_POINT('',(-0.0048233341488269,-0.0035,0.000863393125268149));
#2685=CARTESIAN_POINT('',(-0.0065,-0.0035,0.0104782227426767));
#2686=CARTESIAN_POINT('',(-0.0065,-0.0035,0.000863393125268148));
#2687=CARTESIAN_POINT('',(-0.0065,-0.0035,-0.00475));
#2688=CARTESIAN_POINT('',(-0.0055,-0.0035,-0.00475));
#2689=CARTESIAN_POINT('',(-0.0048233341488269,-0.0035,0.000863393125268149));
#2690=CARTESIAN_POINT('',(0.,-0.00234603277728279,0.00213275707025708));
#2691=CARTESIAN_POINT('',(0.0028,-0.00055269701351143,0.00410542641040557));
#2692=CARTESIAN_POINT('',(0.00259390493510212,-0.000958467045746874,0.00291232848210034));
#2693=CARTESIAN_POINT('',(0.00244814176576312,-0.00125280133575475,0.00304215442949206));
#2694=CARTESIAN_POINT('',(0.00245170286104483,-0.00183957238057122,0.00357857228964514));
#2695=CARTESIAN_POINT('',(0.00301890548048908,-0.00186980844360623,0.00414321071203314));
#2696=CARTESIAN_POINT('',(0.00330356058328061,-0.00173492751050256,0.00429157973844718));
#2697=CARTESIAN_POINT('',(0.0028,-0.000552697013511432,0.00410542641040557));
#2698=CARTESIAN_POINT('',(0.0028,-0.000552697013511432,0.00410542641040557));
#2699=CARTESIAN_POINT('',(-0.0028,-0.000552697013511432,0.00410542641040557));
#2700=CARTESIAN_POINT('',(-0.0028,-0.000552697013511431,0.00410542641040557));
#2701=CARTESIAN_POINT('',(-0.0065,-0.0035,0.000863393125268149));
#2702=CARTESIAN_POINT('',(-0.0065,-0.0035,0.000863393125268149));
#2703=CARTESIAN_POINT('',(0.0075,-0.0035,-0.00575));
#2704=CARTESIAN_POINT('',(0.0001,-0.0035,-0.00575));
#2705=CARTESIAN_POINT('',(0.0055,-0.0035,-0.00575));
#2706=CARTESIAN_POINT('',(0.,-0.0035,-4.59242549680257E-21));
#2707=CARTESIAN_POINT('',(0.0001,-0.00450000000000002,-0.00489897948556636));
#2708=CARTESIAN_POINT('',(0.0001,-0.00450000000000002,-0.00463769402965813));
#2709=CARTESIAN_POINT('',(0.0001,-0.00428521034629912,-0.0041167302892951));
#2710=CARTESIAN_POINT('',(0.0001,-0.00376107235745599,-0.00389871773792366));
#2711=CARTESIAN_POINT('',(0.0001,-0.00350000000000035,-0.00389871773792357));
#2712=CARTESIAN_POINT('',(0.0048233341488269,-0.0035,0.000863393125268148));
#2713=CARTESIAN_POINT('',(0.0048233341488269,-0.00423994007339594,0.00153606591926446));
#2714=CARTESIAN_POINT('',(0.00370661970984877,-0.00433943565143412,0.00142662078342246));
#2715=CARTESIAN_POINT('',(0.00383898024090305,-0.0035,0.000687190446641993));
#2716=CARTESIAN_POINT('',(0.00462977952264078,-0.00325694886347082,0.00261735625018209));
#2717=CARTESIAN_POINT('',(0.00333885778735727,-0.00342042449987633,0.00243753305013601));
#2718=CARTESIAN_POINT('',(0.00368492655883876,-0.00251700879007535,0.00154780928145426));
#2719=CARTESIAN_POINT('',(0.004060173457047,-0.00233853793476106,0.00362760827176282));
#2720=CARTESIAN_POINT('',(0.00258514249857075,-0.00276038993837491,0.00316357106779124));
#2721=CARTESIAN_POINT('',(0.00323156662907881,-0.00159859786136537,0.0023518874210796));
#2722=CARTESIAN_POINT('',(0.00323515233772897,-0.00167921676385039,0.00435286155976456));
#2723=CARTESIAN_POINT('',(0.00190075917748148,-0.0024347604458704,0.00352176350954255));
#2724=CARTESIAN_POINT('',(0.00257491716676387,-0.000939276690454447,0.00292912983397881));
#2725=CARTESIAN_POINT('',(0.0048233341488269,-0.0035,0.000863393125268149));
#2726=CARTESIAN_POINT('',(0.0028,0.000858553822092296,0.00565780232956967));
#2727=CARTESIAN_POINT('',(0.0028,0.000318465869622564,0.00506370558185296));
#2728=CARTESIAN_POINT('',(-0.0028,-0.00126005992660405,0.00332732720600368));
#2729=CARTESIAN_POINT('',(-0.0028,0.000318465869622564,0.00506370558185296));
#2730=CARTESIAN_POINT('',(-0.0065,0.00286937220775993,0.00786970255380407));
#2731=CARTESIAN_POINT('',(-0.0065,3.3278977015928E-05,0.00474999999998566));
#2732=CARTESIAN_POINT('',(0.0055,-0.0035,-0.00475));
#2733=CARTESIAN_POINT('',(0.0065,-0.0035,-0.00475));
#2734=CARTESIAN_POINT('',(0.0048233341488269,-0.0035,0.000863393125268149));
#2735=CARTESIAN_POINT('',(0.0048233341488269,-0.0035,0.00086339312526815));
#2736=CARTESIAN_POINT('',(0.0028,-0.00042147420377338,0.00573637837584927));
#2737=CARTESIAN_POINT('',(0.0018,-0.00042147420377338,0.00573637837584927));
#2738=CARTESIAN_POINT('',(0.0018,0.000318465869622565,0.00506370558185296));
#2739=CARTESIAN_POINT('',(0.00279999999997802,-0.000130008076692327,0.00605699111563843));
#2740=CARTESIAN_POINT('',(0.00190484137235745,-0.000296525926062682,0.00587382148133241));
#2741=CARTESIAN_POINT('',(0.0018,0.000368458480063348,0.00528317744516708));
#2742=CARTESIAN_POINT('',(0.0024749707736325,0.000450603569324821,0.00669566392625729));
#2743=CARTESIAN_POINT('',(0.00193454856931971,6.63147755510219E-05,0.00627294625310546));
#2744=CARTESIAN_POINT('',(0.00169165692454051,0.000468045667522108,0.00572037377082132));
#2745=CARTESIAN_POINT('',(0.00169269913987627,0.000691844257578688,0.00696102868333655));
#2746=CARTESIAN_POINT('',(0.00150867270111816,0.000263304425250511,0.00648963486777561));
#2747=CARTESIAN_POINT('',(0.00143089971329208,0.000509423552063539,0.00590202624581187));
#2748=CARTESIAN_POINT('',(0.0013,0.000691844257600127,0.00696102868336013));
#2749=CARTESIAN_POINT('',(0.0013,0.000263304425290791,0.00648963486781986));
#2750=CARTESIAN_POINT('',(0.0013,0.000509423552058633,0.00590202624582358));
#2751=CARTESIAN_POINT('',(0.0013,0.00143178433099607,0.00628835588936382));
#2752=CARTESIAN_POINT('',(0.0013,0.000495653200405955,0.00664000700387943));
#2753=CARTESIAN_POINT('',(0.0013,0.000495653200405955,0.00664000700387943));
#2754=CARTESIAN_POINT('',(0.00174386465694942,0.000495653200405955,0.00664000700387943));
#2755=CARTESIAN_POINT('',(0.0021682530799795,0.000339265197149722,0.00657319171686469));
#2756=CARTESIAN_POINT('',(0.00254929244881126,0.000194726696855386,0.00641419936654092));
#2757=CARTESIAN_POINT('',(0.0018,0.00143178433099607,0.00628835588936382));
#2758=CARTESIAN_POINT('',(0.0001,0.00143178433099607,0.00628835588936382));
#2759=CARTESIAN_POINT('',(0.0001,0.000495653200405955,0.00664000700387943));
#2760=CARTESIAN_POINT('',(0.,0.000495653200405955,0.00664000700387943));
#2761=CARTESIAN_POINT('',(-0.0013,0.000691844257600127,0.00696102868336013));
#2762=CARTESIAN_POINT('',(-0.0013,0.000263304425290791,0.00648963486781986));
#2763=CARTESIAN_POINT('',(-0.0013,0.000509423552058634,0.00590202624582358));
#2764=CARTESIAN_POINT('',(-0.00169269913987636,0.000691844257578688,0.00696102868333655));
#2765=CARTESIAN_POINT('',(-0.00150867270111806,0.000263304425250097,0.00648963486777516));
#2766=CARTESIAN_POINT('',(-0.00143089971329206,0.000509423552063779,0.0059020262458113));
#2767=CARTESIAN_POINT('',(-0.00247497077363246,0.000450603569324858,0.00669566392625733));
#2768=CARTESIAN_POINT('',(-0.00193454856931983,6.63147755513124E-05,0.00627294625310622));
#2769=CARTESIAN_POINT('',(-0.00169165692454052,0.000468045667522053,0.0057203737708217));
#2770=CARTESIAN_POINT('',(-0.00279999999997802,-0.000130008076692404,0.00605699111563835));
#2771=CARTESIAN_POINT('',(-0.0019048413723572,-0.000296525926062779,0.00587382148133133));
#2772=CARTESIAN_POINT('',(-0.0018,0.00036845848006322,0.00528317744516689));
#2773=CARTESIAN_POINT('',(-0.0028,-0.00042147420377338,0.00573637837584927));
#2774=CARTESIAN_POINT('',(-0.0018,-0.000421474203773379,0.00573637837584927));
#2775=CARTESIAN_POINT('',(-0.0018,0.000318465869622566,0.00506370558185296));
#2776=CARTESIAN_POINT('',(-0.0055,0.000972165410833202,0.00674082325119139));
#2777=CARTESIAN_POINT('',(-0.0055,0.000507508646794723,0.00675825951147418));
#2778=CARTESIAN_POINT('',(-0.0055,0.000194726696855385,0.00641419936654091));
#2779=CARTESIAN_POINT('',(-0.00581228298599252,0.000972165377183291,0.00674082325245411));
#2780=CARTESIAN_POINT('',(-0.00575109192298733,0.000507508606097795,0.00675825946670846));
#2781=CARTESIAN_POINT('',(-0.00565614149299626,0.000194726664230709,0.00641419933065377));
#2782=CARTESIAN_POINT('',(-0.0064192606063241,0.00089826656306606,0.00659234501568432));
#2783=CARTESIAN_POINT('',(-0.0062487580711303,0.000422981052624267,0.00666527915788631));
#2784=CARTESIAN_POINT('',(-0.00595963030264977,0.000128318863281615,0.00634115074960977));
#2785=CARTESIAN_POINT('',(-0.00727996170718321,0.000551410036610182,0.00589637206942767));
#2786=CARTESIAN_POINT('',(-0.00703190876373831,9.74858551236571E-06,0.00621072344406369));
#2787=CARTESIAN_POINT('',(-0.00638998085615386,-0.000184699729412859,0.00599683029764585));
#2788=CARTESIAN_POINT('',(-0.00750000000000929,0.000241717582494255,0.00520856492532159));
#2789=CARTESIAN_POINT('',(-0.007356810169977,-0.000407193738774113,0.00575208688734927));
#2790=CARTESIAN_POINT('',(-0.00649999998873023,-0.000498222493948375,0.00565195525665678));
#2791=CARTESIAN_POINT('',(-0.0075,3.32789770028932E-05,0.00474999999997132));
#2792=CARTESIAN_POINT('',(-0.0075,-0.000706661096393052,0.00542267279396763));
#2793=CARTESIAN_POINT('',(-0.0065,-0.000706661096380016,0.00542267279398197));
#2794=CARTESIAN_POINT('',(0.0065,-0.0035,-0.00275));
#2795=CARTESIAN_POINT('',(0.0065,-0.0035,0.00086339312526815));
#2796=CARTESIAN_POINT('',(0.0075,-0.0035,0.00086339312526815));
#2797=CARTESIAN_POINT('',(0.0065,-0.0035,0.000863393125268149));
#2798=CARTESIAN_POINT('',(-0.0055,0.00093466677025133,0.0057415265725446));
#2799=CARTESIAN_POINT('',(0.0001,0.00093466677025133,0.0057415265725446));
#2800=CARTESIAN_POINT('',(0.0055,0.000934666770251298,0.00574152657254461));
#2801=CARTESIAN_POINT('',(0.0065,-0.0035,0.000863393125268149));
#2802=CARTESIAN_POINT('',(0.0065,-0.0035,0.000863393125268149));
#2803=CARTESIAN_POINT('',(0.0075,3.32789770289618E-05,0.00475));
#2804=CARTESIAN_POINT('',(0.0075,-0.000706661096366982,0.00542267279399631));
#2805=CARTESIAN_POINT('',(0.0065,-0.000706661096366982,0.00542267279399631));
#2806=CARTESIAN_POINT('',(0.0075,0.00024171265669115,0.00520855410908694));
#2807=CARTESIAN_POINT('',(0.00735681329698996,-0.000407200300995992,0.00575207966890435));
#2808=CARTESIAN_POINT('',(0.00649999998689191,-0.00049822741041828,0.00565194984853989));
#2809=CARTESIAN_POINT('',(0.00728085281532031,0.000550665340968628,0.0058948300862606));
#2810=CARTESIAN_POINT('',(0.00703289395083879,8.82450290597849E-06,0.00620970695319622));
#2811=CARTESIAN_POINT('',(0.00639042641063925,-0.000185398246143731,0.00599606192924189));
#2812=CARTESIAN_POINT('',(0.00642017568538887,0.000898159348506398,0.00659213700614789));
#2813=CARTESIAN_POINT('',(0.00624951624010871,0.000422850799971478,0.00666513587996918));
#2814=CARTESIAN_POINT('',(0.00596008784209865,0.000128226735985836,0.00634104940958441));
#2815=CARTESIAN_POINT('',(0.00581224076889031,0.000972165381780474,0.00674082325228161));
#2816=CARTESIAN_POINT('',(0.00575105797799046,0.000507508611657927,0.00675825947282249));
#2817=CARTESIAN_POINT('',(0.00565612038444515,0.000194726668691988,0.00641419933556119));
#2818=CARTESIAN_POINT('',(0.0055,0.000972165410833221,0.0067408232511914));
#2819=CARTESIAN_POINT('',(0.0055,0.000507508646794732,0.0067582595114742));
#2820=CARTESIAN_POINT('',(0.0055,0.000194726696855386,0.00641419936654092));
#2821=CARTESIAN_POINT('',(0.0065,3.32789770289621E-05,0.00475));
#2822=CARTESIAN_POINT('',(0.0065,-0.00126005992660405,0.00332732720600368));
#2823=CARTESIAN_POINT('',(0.0001,-0.0015,0.00109738547764675));
#2824=CARTESIAN_POINT('',(0.0001,0.0015,0.));
#2825=CARTESIAN_POINT('',(-0.0001,-0.0015,0.00109738547764675));
#2826=CARTESIAN_POINT('',(-0.0001,0.0015,0.));
#2827=CARTESIAN_POINT('',(-0.0001,0.0015,0.));
#2828=CARTESIAN_POINT('',(-0.0001,0.0015,0.));
#2829=CARTESIAN_POINT('',(-0.0001,0.0015,0.));
#2830=CARTESIAN_POINT('',(0.0001,0.0015,0.));
#2831=CARTESIAN_POINT('',(-0.0001,-0.0015,0.00109738547764675));
#2832=CARTESIAN_POINT('',(0.0001,-0.0015,0.00109738547764675));
#2833=CARTESIAN_POINT('',(0.00175,0.0125,-0.0027));
#2834=CARTESIAN_POINT('',(0.,0.021,-0.0027));
#2835=CARTESIAN_POINT('',(-0.000812525033656734,0.0177365963979795,-0.0027));
#2836=CARTESIAN_POINT('',(0.000812525033656734,0.0177365963979795,-0.0027));
#2837=CARTESIAN_POINT('',(0.000812525033656734,0.0177365963979795,-0.0027));
#2838=CARTESIAN_POINT('',(0.000771551577175355,0.0175561956983961,-0.0027));
#2839=CARTESIAN_POINT('',(0.000750203875981609,0.0173735561900767,-0.0027));
#2840=CARTESIAN_POINT('',(0.000750001434848516,0.0171885045354601,-0.0027));
#2841=CARTESIAN_POINT('',(0.000750001434848516,0.0171885045354601,-0.0027));
#2842=CARTESIAN_POINT('',(0.00175,0.0171885045354601,-0.0027));
#2843=CARTESIAN_POINT('',(-0.000750001434848516,0.0171885045354601,-0.0027));
#2844=CARTESIAN_POINT('',(-0.000750001434848516,0.0171885045354601,-0.0027));
#2845=CARTESIAN_POINT('',(-0.000750203875981609,0.0173735561900767,-0.0027));
#2846=CARTESIAN_POINT('',(-0.000771551577175355,0.0175561956983961,-0.0027));
#2847=CARTESIAN_POINT('',(-0.000812525033656734,0.0177365963979795,-0.0027));
#2848=CARTESIAN_POINT('',(0.00175,0.0125,0.0027));
#2849=CARTESIAN_POINT('',(0.00175,0.0124892654508497,0.0027));
#2850=CARTESIAN_POINT('',(-0.00144397485727237,0.0124892654508497,0.0027));
#2851=CARTESIAN_POINT('',(0.00144397485727237,0.0124892654508497,0.0027));
#2852=CARTESIAN_POINT('',(0.00144397485727237,0.0124892654508497,0.0027));
#2853=CARTESIAN_POINT('',(0.000975631683768755,0.0130745423709231,0.0027));
#2854=CARTESIAN_POINT('',(0.000749999999999981,0.0138156552443829,0.0027));
#2855=CARTESIAN_POINT('',(0.00075,0.0145632853704806,0.0027));
#2856=CARTESIAN_POINT('',(0.00075,0.0145632853704806,0.0027));
#2857=CARTESIAN_POINT('',(0.00075,0.0178144859127609,0.0027));
#2858=CARTESIAN_POINT('',(0.00075,0.0171858814910914,0.0027));
#2859=CARTESIAN_POINT('',(0.00075,0.0171858814910914,0.0027));
#2860=CARTESIAN_POINT('',(0.000750000000000008,0.0173718193721137,0.0027));
#2861=CARTESIAN_POINT('',(0.000771355560829885,0.0175553326644007,0.0027));
#2862=CARTESIAN_POINT('',(0.000812525033656735,0.0177365963979795,0.0027));
#2863=CARTESIAN_POINT('',(0.000812525033656735,0.0177365963979795,0.0027));
#2864=CARTESIAN_POINT('',(0.,0.021,0.0027));
#2865=CARTESIAN_POINT('',(-0.000812525033656735,0.0177365963979795,0.0027));
#2866=CARTESIAN_POINT('',(-0.000812525033656735,0.0177365963979795,0.0027));
#2867=CARTESIAN_POINT('',(-0.000771355560829885,0.0175553326644007,0.0027));
#2868=CARTESIAN_POINT('',(-0.000750000000000008,0.0173718193721137,0.0027));
#2869=CARTESIAN_POINT('',(-0.00075,0.0171858814910914,0.0027));
#2870=CARTESIAN_POINT('',(-0.00075,0.0171858814910914,0.0027));
#2871=CARTESIAN_POINT('',(-0.00075,0.0125,0.0027));
#2872=CARTESIAN_POINT('',(-0.00075,0.0145632853704806,0.0027));
#2873=CARTESIAN_POINT('',(-0.00075,0.0145632853704806,0.0027));
#2874=CARTESIAN_POINT('',(-0.000749999999999981,0.0138139629142684,0.0027));
#2875=CARTESIAN_POINT('',(-0.000974129892536366,0.0130764191224089,0.0027));
#2876=CARTESIAN_POINT('',(-0.00144397485727182,0.0124892654508496,0.0027));
#2877=CARTESIAN_POINT('',(0.00175,0.0145,0.));
#2878=CARTESIAN_POINT('',(0.00175,0.0145632853704806,0.00169999999999995));
#2879=CARTESIAN_POINT('',(0.00175,0.0154317606876725,0.00066179467645016));
#2880=CARTESIAN_POINT('',(0.00175,0.016131545412504,-0.000515533486553266));
#2881=CARTESIAN_POINT('',(0.00175,0.0166198081507149,-0.00178255784390306));
#2882=CARTESIAN_POINT('',(0.00175,0.0145632853704806,0.0017));
#2883=CARTESIAN_POINT('',(0.00175,0.0166198081507149,-0.00178255784390303));
#2884=CARTESIAN_POINT('',(0.00175,0.0171885045354601,-0.0037));
#2885=CARTESIAN_POINT('',(0.00175,0.01718588225731,-0.00170000171908641));
#2886=CARTESIAN_POINT('',(0.00175,0.021,-7.31726462490543E-19));
#2887=CARTESIAN_POINT('',(0.00175,0.0171858814910914,0.0017));
#2888=CARTESIAN_POINT('',(0.00175,0.0136344720655466,0.0017));
#2889=CARTESIAN_POINT('',(-0.00175,0.0145,0.));
#2890=CARTESIAN_POINT('',(-0.00175,0.021,-7.31726462490543E-19));
#2891=CARTESIAN_POINT('',(-0.00175,0.0171858814910914,0.0017));
#2892=CARTESIAN_POINT('',(-0.00175,0.01718588225731,-0.00170000171908641));
#2893=CARTESIAN_POINT('',(-0.00175,0.0171885045354601,-0.0037));
#2894=CARTESIAN_POINT('',(-0.00175,0.0166198081507149,-0.00178255784390303));
#2895=CARTESIAN_POINT('',(-0.00175,0.0166198081507149,-0.00178255784390306));
#2896=CARTESIAN_POINT('',(-0.00175,0.0161315454125045,-0.000515533486554702));
#2897=CARTESIAN_POINT('',(-0.00175,0.0154317606876721,0.000661794676450677));
#2898=CARTESIAN_POINT('',(-0.00175,0.0145632853704806,0.00169999999999995));
#2899=CARTESIAN_POINT('',(-0.00175,0.0145632853704806,0.0017));
#2900=CARTESIAN_POINT('',(-0.00175,0.0145,0.0017));
#2901=CARTESIAN_POINT('',(0.,0.021,-7.31726462490543E-19));
#2902=CARTESIAN_POINT('',(0.,0.021,0.00296));
#2903=CARTESIAN_POINT('',(-0.0022,0.0194513231453915,0.00295999999999995));
#2904=CARTESIAN_POINT('',(0.00219999999999992,0.0194513231453915,0.00296));
#2905=CARTESIAN_POINT('',(0.0022,0.021,-7.31726462490543E-19));
#2906=CARTESIAN_POINT('',(0.00219999999999992,0.0194513231453915,-0.00296));
#2907=CARTESIAN_POINT('',(0.,0.021,-0.00296));
#2908=CARTESIAN_POINT('',(-0.0022,0.0194513231453915,-0.00295999999999995));
#2909=CARTESIAN_POINT('',(-0.0022,0.021,-7.31726462490543E-19));
#2910=CARTESIAN_POINT('',(0.,0.0124892654508497,0.0037));
#2911=CARTESIAN_POINT('',(0.00144397485727237,0.0124892654508497,0.0027));
#2912=CARTESIAN_POINT('',(0.00186034469812009,0.0122291018871964,0.0027));
#2913=CARTESIAN_POINT('',(0.00230777766158789,0.0120335833209564,0.00278635021179013));
#2914=CARTESIAN_POINT('',(0.00275,0.0118716354046762,0.00291353123007733));
#2915=CARTESIAN_POINT('',(-0.00144397485727237,0.0124892654508497,0.0027));
#2916=CARTESIAN_POINT('',(-0.00186034469812009,0.0122291018871964,0.0027));
#2917=CARTESIAN_POINT('',(-0.00230777766159348,0.0120335833209658,0.00278635021178272));
#2918=CARTESIAN_POINT('',(-0.00275,0.0118716354046762,0.00291353123007733));
#2919=CARTESIAN_POINT('',(-0.00175,0.0171993579812507,-0.00375123167814125));
#2920=CARTESIAN_POINT('',(-0.00175,0.0162206641608669,-0.00395655680067274));
#2921=CARTESIAN_POINT('',(-0.00275,0.0162206641608669,-0.00395655680067274));
#2922=CARTESIAN_POINT('',(-0.00175,0.0168971572488973,-0.00231077476560236));
#2923=CARTESIAN_POINT('',(-0.00174999999999526,0.0159411539108533,-0.00262425535918599));
#2924=CARTESIAN_POINT('',(-0.00274999999999808,0.0159411539086037,-0.00262425535966445));
#2925=CARTESIAN_POINT('',(-0.00175,0.0160392559098387,-0.000143120515606815));
#2926=CARTESIAN_POINT('',(-0.00175000000000004,0.0151548815277714,-0.000639382258237739));
#2927=CARTESIAN_POINT('',(-0.0027499999999999,0.0151548815281899,-0.000639382258249379));
#2928=CARTESIAN_POINT('',(-0.00175,0.0141517998370508,0.00226250506549804));
#2929=CARTESIAN_POINT('',(-0.00175000000000152,0.0134184903721563,0.00157556677460549));
#2930=CARTESIAN_POINT('',(-0.0027500000000008,0.0134184903722086,0.00157556677478438));
#2931=CARTESIAN_POINT('',(-0.00175,0.0130419410170777,0.00326925995927375));
#2932=CARTESIAN_POINT('',(-0.00174999999999618,0.0123877774015255,0.00251126442253484));
#2933=CARTESIAN_POINT('',(-0.00274999999999804,0.0123877774011854,0.00251126442209344));
#2934=CARTESIAN_POINT('',(-0.00175,0.0124470037875391,0.00373306764237395));
#2935=CARTESIAN_POINT('',(-0.00175,0.011832172577898,0.00294440891792385));
#2936=CARTESIAN_POINT('',(-0.00275,0.011832172577898,0.00294440891792385));
#2937=CARTESIAN_POINT('',(-0.00175,0.016619808150715,-0.00178255784390303));
#2938=CARTESIAN_POINT('',(-0.00174999999999998,0.0164069083647509,-0.00182789607851163));
#2939=CARTESIAN_POINT('',(-0.0019029299512854,0.016136139656982,-0.00219325150993593));
#2940=CARTESIAN_POINT('',(-0.00217965468899561,0.0160798725208746,-0.00276782513769283));
#2941=CARTESIAN_POINT('',(-0.0024636371629888,0.0161067704012069,-0.0033435213270451));
#2942=CARTESIAN_POINT('',(-0.00265439296570635,0.0161704956203624,-0.00372156867432878));
#2943=CARTESIAN_POINT('',(-0.00275,0.0162106267228115,-0.00390917691920862));
#2944=CARTESIAN_POINT('',(-0.00209698742863618,0.0130118112228102,0.00224819749894275));
#2945=CARTESIAN_POINT('',(-0.00230916280180475,0.0125907019959919,0.00239685862956001));
#2946=CARTESIAN_POINT('',(-0.00253058857236499,0.0122176333594255,0.00264181194389545));
#2947=CARTESIAN_POINT('',(-0.00275,0.0118716354046762,0.00291353123007733));
#2948=CARTESIAN_POINT('',(-0.00209698742863613,0.0130118112228102,0.00224819749894283));
#2949=CARTESIAN_POINT('',(-0.00209698742863613,0.0130118112228102,0.00224819749894283));
#2950=CARTESIAN_POINT('',(-0.00185303449088696,0.0134959900955107,0.00207727134949575));
#2951=CARTESIAN_POINT('',(-0.00174999999999998,0.0140278944632639,0.00188664709220051));
#2952=CARTESIAN_POINT('',(-0.00175,0.0145632853704806,0.0017));
#2953=CARTESIAN_POINT('',(0.00275,0.0162206641608669,-0.00395655680067287));
#2954=CARTESIAN_POINT('',(0.00175,0.0162206641608669,-0.00395655680067287));
#2955=CARTESIAN_POINT('',(0.00175,0.0171993579812507,-0.00375123167814139));
#2956=CARTESIAN_POINT('',(0.00275000000000064,0.0159411539085997,-0.00262425535964565));
#2957=CARTESIAN_POINT('',(0.00175000000000271,0.0159411539108722,-0.00262425535917686));
#2958=CARTESIAN_POINT('',(0.00175,0.016897157248886,-0.00231077476558492));
#2959=CARTESIAN_POINT('',(0.00274999999999985,0.0151548815281882,-0.000639382258249095));
#2960=CARTESIAN_POINT('',(0.00174999999999957,0.0151548815277677,-0.000639382258233367));
#2961=CARTESIAN_POINT('',(0.00175,0.0160392559098392,-0.000143120515604558));
#2962=CARTESIAN_POINT('',(0.00275000000000003,0.0134184903722071,0.00157556677478624));
#2963=CARTESIAN_POINT('',(0.00174999999999981,0.0134184903721505,0.00157556677460376));
#2964=CARTESIAN_POINT('',(0.00175,0.0141517998370477,0.00226250506549782));
#2965=CARTESIAN_POINT('',(0.00275,0.0123877774011856,0.00251126442209326));
#2966=CARTESIAN_POINT('',(0.00175000000000069,0.0123877774015375,0.00251126442254159));
#2967=CARTESIAN_POINT('',(0.00175,0.0130419410170806,0.00326925995927814));
#2968=CARTESIAN_POINT('',(0.00275,0.0118321725778981,0.00294440891792383));
#2969=CARTESIAN_POINT('',(0.00175,0.0118321725778981,0.00294440891792383));
#2970=CARTESIAN_POINT('',(0.00175,0.0124470037875392,0.00373306764237392));
#2971=CARTESIAN_POINT('',(0.00175,0.0166198081507149,-0.00178255784390303));
#2972=CARTESIAN_POINT('',(0.00174999999999998,0.0164069083647509,-0.00182789607851163));
#2973=CARTESIAN_POINT('',(0.00190292995128534,0.016136139656982,-0.00219325150993596));
#2974=CARTESIAN_POINT('',(0.00217965468899582,0.0160798725208745,-0.00276782513769273));
#2975=CARTESIAN_POINT('',(0.00246363716298801,0.016106770401207,-0.00334352132704549));
#2976=CARTESIAN_POINT('',(0.00265439296570807,0.0161704956203622,-0.00372156867432795));
#2977=CARTESIAN_POINT('',(0.00275,0.0162106267228115,-0.00390917691920862));
#2978=CARTESIAN_POINT('',(0.00175,0.0145632853704806,0.0017));
#2979=CARTESIAN_POINT('',(0.00174999999999998,0.0140284109361504,0.00188646704027737));
#2980=CARTESIAN_POINT('',(0.00185342970526929,0.0134952057046529,0.002077548257301));
#2981=CARTESIAN_POINT('',(0.00209698742863612,0.0130118112228102,0.00224819749894282));
#2982=CARTESIAN_POINT('',(0.00209698742863616,0.0130118112228102,0.00224819749894278));
#2983=CARTESIAN_POINT('',(0.00209698742863613,0.0130118112228102,0.00224819749894283));
#2984=CARTESIAN_POINT('',(0.00230916280180469,0.012590701995992,0.00239685862956009));
#2985=CARTESIAN_POINT('',(0.0025305885723568,0.0122176333594222,0.00264181194389796));
#2986=CARTESIAN_POINT('',(0.00275,0.0118716354046762,0.00291353123007733));
#2987=CARTESIAN_POINT('',(0.,0.0171885045354601,-0.0037));
#2988=CARTESIAN_POINT('',(0.00075,0.0171885045354601,-0.0037));
#2989=CARTESIAN_POINT('',(0.00075,0.017187193396385,-0.00270000085954321));
#2990=CARTESIAN_POINT('',(0.00075,0.0169041563430875,-0.00274127892195151));
#2991=CARTESIAN_POINT('',(0.00075,0.0169041563430875,-0.00274127892195151));
#2992=CARTESIAN_POINT('',(0.000749999999999988,0.0166931810906406,-0.00280385231586369));
#2993=CARTESIAN_POINT('',(0.00104039787769098,0.0163958099631655,-0.00304063554204378));
#2994=CARTESIAN_POINT('',(0.00158390277558235,0.0162369453642662,-0.00334846626274407));
#2995=CARTESIAN_POINT('',(0.00216131876652822,0.0161768003175868,-0.00363928926512998));
#2996=CARTESIAN_POINT('',(0.00255346713462968,0.0161916824388844,-0.00382061459120948));
#2997=CARTESIAN_POINT('',(0.00275,0.0162106267228115,-0.00390917691920861));
#2998=CARTESIAN_POINT('',(-0.00075,0.0169041563430875,-0.00274127892195151));
#2999=CARTESIAN_POINT('',(-0.000749999999999988,0.0166931810906406,-0.00280385231586368));
#3000=CARTESIAN_POINT('',(-0.0010403978776909,0.0163958099631656,-0.00304063554204395));
#3001=CARTESIAN_POINT('',(-0.00158390277558262,0.0162369453642661,-0.00334846626274348));
#3002=CARTESIAN_POINT('',(-0.0021613187665272,0.0161768003175873,-0.00363928926513216));
#3003=CARTESIAN_POINT('',(-0.00255346713463189,0.0161916824388834,-0.00382061459120478));
#3004=CARTESIAN_POINT('',(-0.00275,0.0162106267228115,-0.00390917691920861));
#3005=CARTESIAN_POINT('',(-0.00075,0.0169041563430875,-0.00274127892195151));
#3006=CARTESIAN_POINT('',(-0.00075,0.0171885045354601,-0.0037));
#3007=CARTESIAN_POINT('',(-0.00075,0.017187193396385,-0.00270000085954321));
#3008=CARTESIAN_POINT('',(-0.00075,0.017187193396385,-0.00270000085954321));
#3009=CARTESIAN_POINT('',(-0.00075,0.017187630443079,-0.00270000028651371));
#3010=CARTESIAN_POINT('',(-0.000750000478617186,0.017188067489437,-0.0027));
#3011=CARTESIAN_POINT('',(-0.000750001434848486,0.0171885045354601,-0.0027));
#3012=CARTESIAN_POINT('',(0.000750001434848516,0.0171885045354601,-0.0027));
#3013=CARTESIAN_POINT('',(0.000750000478617216,0.017188067489437,-0.0027));
#3014=CARTESIAN_POINT('',(0.000749999999999968,0.017187630443079,-0.00270000028651371));
#3015=CARTESIAN_POINT('',(0.000749999999999968,0.017187193396385,-0.00270000085954321));
#3016=CARTESIAN_POINT('',(0.,0.021,-0.0037));
#3017=CARTESIAN_POINT('',(0.000812525033656734,0.0177365963979795,-0.0027));
#3018=CARTESIAN_POINT('',(0.000910115442890617,0.0178972084792128,-0.00270000000000002));
#3019=CARTESIAN_POINT('',(0.00116088645868686,0.0181673311815522,-0.00274322758518805));
#3020=CARTESIAN_POINT('',(0.00167766546155218,0.0186892388246869,-0.00284951791327769));
#3021=CARTESIAN_POINT('',(0.00202230657355458,0.0191286894920421,-0.00292326698199995));
#3022=CARTESIAN_POINT('',(0.0022,0.0194513231453916,-0.00296));
#3023=CARTESIAN_POINT('',(-0.000812525033656734,0.0177365963979795,-0.0027));
#3024=CARTESIAN_POINT('',(-0.000910115442890617,0.0178972084792128,-0.00270000000000002));
#3025=CARTESIAN_POINT('',(-0.00116088645868689,0.0181673311815522,-0.00274322758518802));
#3026=CARTESIAN_POINT('',(-0.00167766546155203,0.0186892388246869,-0.00284951791327784));
#3027=CARTESIAN_POINT('',(-0.00202230657355521,0.0191286894920419,-0.00292326698199932));
#3028=CARTESIAN_POINT('',(-0.0022,0.0194513231453916,-0.00296));
#3029=CARTESIAN_POINT('',(-0.00275,0.021,-7.31726462490543E-19));
#3030=CARTESIAN_POINT('',(-0.00178126251682836,0.0175165721785598,-0.00181461689040909));
#3031=CARTESIAN_POINT('',(-0.00176151480248477,0.0174085648566019,-0.00177418763432601));
#3032=CARTESIAN_POINT('',(-0.00175010536948872,0.0172989550601996,-0.00173609611440867));
#3033=CARTESIAN_POINT('',(-0.00175000071742426,0.0171874105653021,-0.00170048793164939));
#3034=CARTESIAN_POINT('',(-0.00178126251682836,0.0175165721785598,-0.00181461689040909));
#3035=CARTESIAN_POINT('',(-0.00175000071742426,0.0171874105653021,-0.00170048793164939));
#3036=CARTESIAN_POINT('',(-0.00175000071742426,0.0171874105653021,-0.00170048793164939));
#3037=CARTESIAN_POINT('',(-0.0017500002396174,0.0171869012898789,-0.00170032535641556));
#3038=CARTESIAN_POINT('',(-0.00174999999999944,0.0171863918540691,-0.00170016328497241));
#3039=CARTESIAN_POINT('',(-0.00174999999999944,0.01718588225731,-0.0017000017190865));
#3040=CARTESIAN_POINT('',(-0.00175,0.0171858814910914,0.0017));
#3041=CARTESIAN_POINT('',(-0.00175000000000001,0.0172979490488508,0.00173574695406259));
#3042=CARTESIAN_POINT('',(-0.00176142386946254,0.0174080675113377,0.00177400146825239));
#3043=CARTESIAN_POINT('',(-0.00178126251682837,0.0175165721785599,0.00181461689040911));
#3044=CARTESIAN_POINT('',(-0.00178126251682837,0.0175165721785599,0.0018146168904091));
#3045=CARTESIAN_POINT('',(-0.00178126251682837,0.0175165721785599,0.0018146168904091));
#3046=CARTESIAN_POINT('',(-0.00181387286810042,0.0176949298683521,0.00188137966708281));
#3047=CARTESIAN_POINT('',(-0.00189958326287063,0.0180060179891822,0.00208544806169959));
#3048=CARTESIAN_POINT('',(-0.00205827459690019,0.0186125443077021,0.0025214013969154));
#3049=CARTESIAN_POINT('',(-0.00215293019687619,0.0191031612500256,0.00281282543846702));
#3050=CARTESIAN_POINT('',(-0.0022,0.0194513231453916,0.00296));
#3051=CARTESIAN_POINT('',(-0.00178126251682836,0.0175165721785598,-0.00181461689040909));
#3052=CARTESIAN_POINT('',(-0.00181387286810041,0.017694929868352,-0.0018813796670828));
#3053=CARTESIAN_POINT('',(-0.00189958326287069,0.0180060179891822,-0.00208544806169951));
#3054=CARTESIAN_POINT('',(-0.00205827459689984,0.018612544307702,-0.00252140139691563));
#3055=CARTESIAN_POINT('',(-0.00215293019687774,0.0191031612500258,-0.00281282543846599));
#3056=CARTESIAN_POINT('',(-0.0022,0.0194513231453916,-0.00296));
#3057=CARTESIAN_POINT('',(0.00275,0.021,-7.31726462490543E-19));
#3058=CARTESIAN_POINT('',(0.00175000071742426,0.0171874105653021,-0.00170048793164939));
#3059=CARTESIAN_POINT('',(0.00175010536948872,0.0172989550601996,-0.00173609611440867));
#3060=CARTESIAN_POINT('',(0.00176151480248477,0.0174085648566019,-0.00177418763432601));
#3061=CARTESIAN_POINT('',(0.00178126251682836,0.0175165721785598,-0.00181461689040909));
#3062=CARTESIAN_POINT('',(0.00175000071742426,0.0171874105653021,-0.00170048793164939));
#3063=CARTESIAN_POINT('',(0.00178126251682836,0.0175165721785598,-0.00181461689040909));
#3064=CARTESIAN_POINT('',(0.00178126251682836,0.0175165721785598,-0.00181461689040909));
#3065=CARTESIAN_POINT('',(0.00181387286810041,0.017694929868352,-0.0018813796670828));
#3066=CARTESIAN_POINT('',(0.00189958326287041,0.0180060179891821,-0.0020854480616997));
#3067=CARTESIAN_POINT('',(0.00205827459690121,0.0186125443077022,-0.00252140139691471));
#3068=CARTESIAN_POINT('',(0.00215293019687168,0.0191031612500249,-0.00281282543847003));
#3069=CARTESIAN_POINT('',(0.0022,0.0194513231453916,-0.00296));
#3070=CARTESIAN_POINT('',(0.00178126251682837,0.0175165721785599,0.0018146168904091));
#3071=CARTESIAN_POINT('',(0.00181387286810042,0.0176949298683521,0.00188137966708281));
#3072=CARTESIAN_POINT('',(0.0018995832628704,0.0180060179891822,0.00208544806169974));
#3073=CARTESIAN_POINT('',(0.00205827459690135,0.0186125443077022,0.00252140139691463));
#3074=CARTESIAN_POINT('',(0.0021529301968711,0.0191031612500248,0.00281282543847042));
#3075=CARTESIAN_POINT('',(0.0022,0.0194513231453916,0.00296));
#3076=CARTESIAN_POINT('',(0.00178126251682837,0.0175165721785599,0.0018146168904091));
#3077=CARTESIAN_POINT('',(0.00178126251682837,0.0175165721785599,0.0018146168904091));
#3078=CARTESIAN_POINT('',(0.00176142386946254,0.0174080675113377,0.00177400146825239));
#3079=CARTESIAN_POINT('',(0.00175000000000001,0.0172979490488508,0.00173574695406259));
#3080=CARTESIAN_POINT('',(0.00175,0.0171858814910914,0.0017));
#3081=CARTESIAN_POINT('',(0.00175,0.01718588225731,-0.00170000171908641));
#3082=CARTESIAN_POINT('',(0.00175,0.0171863918540692,-0.00170016328497232));
#3083=CARTESIAN_POINT('',(0.00175000023961684,0.0171869012898789,-0.00170032535641566));
#3084=CARTESIAN_POINT('',(0.0017500007174237,0.017187410565302,-0.0017004879316495));
#3085=CARTESIAN_POINT('',(0.,0.021,0.0037));
#3086=CARTESIAN_POINT('',(0.000812525033656735,0.0177365963979795,0.0027));
#3087=CARTESIAN_POINT('',(0.000910115442890618,0.0178972084792128,0.00270000000000001));
#3088=CARTESIAN_POINT('',(0.00116088645868689,0.0181673311815522,0.00274322758518801));
#3089=CARTESIAN_POINT('',(0.00167766546155201,0.0186892388246869,0.00284951791327786));
#3090=CARTESIAN_POINT('',(0.00202230657355532,0.0191286894920418,0.00292326698199922));
#3091=CARTESIAN_POINT('',(0.0022,0.0194513231453916,0.00296));
#3092=CARTESIAN_POINT('',(-0.000812525033656735,0.0177365963979795,0.0027));
#3093=CARTESIAN_POINT('',(-0.000910115442890618,0.0178972084792128,0.00270000000000001));
#3094=CARTESIAN_POINT('',(-0.00116088645868692,0.0181673311815522,0.00274322758518798));
#3095=CARTESIAN_POINT('',(-0.00167766546155184,0.018689238824687,0.00284951791327802));
#3096=CARTESIAN_POINT('',(-0.00202230657355606,0.0191286894920415,0.00292326698199851));
#3097=CARTESIAN_POINT('',(-0.0022,0.0194513231453916,0.00296));
#3098=CARTESIAN_POINT('',(0.00175,0.0166198081507149,-0.00178255784390305));
#3099=CARTESIAN_POINT('',(0.00174999999999999,0.0169041563430875,-0.00274127892195153));
#3100=CARTESIAN_POINT('',(0.00075,0.0169041563430875,-0.00274127892195151));
#3101=CARTESIAN_POINT('',(0.00174999999999999,0.0164655647752647,-0.00181540487276475));
#3102=CARTESIAN_POINT('',(0.00176244466584515,0.0169032060108464,-0.00274156078574874));
#3103=CARTESIAN_POINT('',(0.000750000014254517,0.0167543743020627,-0.00278570295057719));
#3104=CARTESIAN_POINT('',(0.00182694456301115,0.0162175877333085,-0.00202276916252441));
#3105=CARTESIAN_POINT('',(0.00168247097955541,0.0168483926830257,-0.00265317372721381));
#3106=CARTESIAN_POINT('',(0.000903889119404105,0.0164872329255741,-0.00294512752004968));
#3107=CARTESIAN_POINT('',(0.00209188355306865,0.0160803163550137,-0.00258860280263838));
#3108=CARTESIAN_POINT('',(0.00181127951990228,0.016413069780006,-0.00291075005725168));
#3109=CARTESIAN_POINT('',(0.00143376710791905,0.016262605232659,-0.00326977979894789));
#3110=CARTESIAN_POINT('',(0.00240848461938199,0.0160922891320387,-0.00323335310905284));
#3111=CARTESIAN_POINT('',(0.00222801644869138,0.0161783452830548,-0.00339486100919832));
#3112=CARTESIAN_POINT('',(0.00206696923825522,0.0161768896613928,-0.00359472550823463));
#3113=CARTESIAN_POINT('',(0.00263706330834206,0.0161632223447911,-0.00368756695543284));
#3114=CARTESIAN_POINT('',(0.00258059495006187,0.0161760382617793,-0.00374747987926425));
#3115=CARTESIAN_POINT('',(0.00252412661668338,0.0161888541837662,-0.00380739282688179));
#3116=CARTESIAN_POINT('',(0.00275,0.0162106267228115,-0.00390917691920861));
#3117=CARTESIAN_POINT('',(0.00275,0.0162106267228115,-0.00390917691920862));
#3118=CARTESIAN_POINT('',(0.00275,0.0162106267228115,-0.00390917691920862));
#3119=CARTESIAN_POINT('',(0.00075,0.0166198081507149,-0.00178255784390303));
#3120=CARTESIAN_POINT('',(0.00075,0.0171885045354601,-0.0037));
#3121=CARTESIAN_POINT('',(0.00075,0.01718588225731,-0.00170000171908641));
#3122=CARTESIAN_POINT('',(0.00175000071742426,0.017187410565302,-0.00170048793164942));
#3123=CARTESIAN_POINT('',(0.00174951302408591,0.0171874110988243,-0.0027));
#3124=CARTESIAN_POINT('',(0.000750001434848516,0.0171885045354601,-0.0027));
#3125=CARTESIAN_POINT('',(0.00175000023930821,0.0171869009603353,-0.00170032525123642));
#3126=CARTESIAN_POINT('',(0.00174967555847383,0.0171873379654256,-0.00270000047812145));
#3127=CARTESIAN_POINT('',(0.000750000478519358,0.0171880674890447,-0.0027));
#3128=CARTESIAN_POINT('',(0.00174999999999988,0.017186391524403,-0.00170016318043228));
#3129=CARTESIAN_POINT('',(0.00174983788403884,0.0171872653984299,-0.00270000076493861));
#3130=CARTESIAN_POINT('',(0.000750000000097048,0.0171876304426864,-0.00270000028651423));
#3131=CARTESIAN_POINT('',(0.00174999999999988,0.01718588225731,-0.00170000171908643));
#3132=CARTESIAN_POINT('',(0.00174999999999985,0.017187193396385,-0.0027000008595432));
#3133=CARTESIAN_POINT('',(0.000749999999999877,0.0171871933963851,-0.0027000008595432));
#3134=CARTESIAN_POINT('',(0.000750001434848516,0.0171885045354601,-0.0017));
#3135=CARTESIAN_POINT('',(0.000750001434848516,0.0171885045354602,-0.0027));
#3136=CARTESIAN_POINT('',(0.00174951302408589,0.0171874110988244,-0.0027));
#3137=CARTESIAN_POINT('',(0.00175000071742426,0.017187410565302,-0.00170048793164943));
#3138=CARTESIAN_POINT('',(0.000750203870733341,0.0173735450306186,-0.0027));
#3139=CARTESIAN_POINT('',(0.00171578976657989,0.0172935402780659,-0.00269999999999997));
#3140=CARTESIAN_POINT('',(0.00175010193188503,0.0172952910539581,-0.00173492645822568));
#3141=CARTESIAN_POINT('',(0.000771549166734953,0.0175561850859128,-0.0027));
#3142=CARTESIAN_POINT('',(0.00169195204897731,0.017410258042382,-0.00269999999999951));
#3143=CARTESIAN_POINT('',(0.00176077458399747,0.017404516337044,-0.001772672194843));
#3144=CARTESIAN_POINT('',(0.000812525033656735,0.0177365963979795,-0.0027));
#3145=CARTESIAN_POINT('',(0.00168164651522341,0.017539197433983,-0.0027));
#3146=CARTESIAN_POINT('',(0.00178126251682836,0.0175165721785598,-0.00181461689040912));
#3147=CARTESIAN_POINT('',(0.000812525033656735,0.0177365963979795,-0.0017));
#3148=CARTESIAN_POINT('',(0.000812525033656748,0.0177365963979794,-0.0027));
#3149=CARTESIAN_POINT('',(0.0016816465152234,0.017539197433983,-0.00269999999999998));
#3150=CARTESIAN_POINT('',(0.00178126251682835,0.0175165721785598,-0.00181461689040912));
#3151=CARTESIAN_POINT('',(0.000941730222135743,0.0179492392951331,-0.00270000000000001));
#3152=CARTESIAN_POINT('',(0.00164016186820103,0.0176598439515075,-0.00263459011230846));
#3153=CARTESIAN_POINT('',(0.00182470936450113,0.0177541985727725,-0.00190356514225507));
#3154=CARTESIAN_POINT('',(0.00138441267989056,0.0183743547215951,-0.00278716132940077));
#3155=CARTESIAN_POINT('',(0.0016957275689525,0.018205878868212,-0.00257864433634144));
#3156=CARTESIAN_POINT('',(0.00197985211584975,0.0182643647593166,-0.0022833694189583));
#3157=CARTESIAN_POINT('',(0.00196796081602868,0.0190295937286739,-0.00291181203316174));
#3158=CARTESIAN_POINT('',(0.00205402059157808,0.0190194067542978,-0.00284251880735544));
#3159=CARTESIAN_POINT('',(0.00214008041738422,0.0190092198170672,-0.00277322563845722));
#3160=CARTESIAN_POINT('',(0.00220000000000003,0.0194513231453916,-0.00295999999999999));
#3161=CARTESIAN_POINT('',(0.00220000000000001,0.0194513231453916,-0.00296));
#3162=CARTESIAN_POINT('',(0.00219999999999999,0.0194513231453917,-0.00296000000000002));
#3163=CARTESIAN_POINT('',(-0.00178126251682835,0.0175165721785598,-0.00181461689040912));
#3164=CARTESIAN_POINT('',(-0.0016816465152234,0.017539197433983,-0.00269999999999998));
#3165=CARTESIAN_POINT('',(-0.000812525033656748,0.0177365963979794,-0.0027));
#3166=CARTESIAN_POINT('',(-0.00182470936450113,0.0177541985727725,-0.00190356514225507));
#3167=CARTESIAN_POINT('',(-0.00164016186820103,0.0176598439515075,-0.00263459011230878));
#3168=CARTESIAN_POINT('',(-0.000941730222135743,0.0179492392951331,-0.00270000000000001));
#3169=CARTESIAN_POINT('',(-0.00197985211584575,0.0182643647593053,-0.00228336941895533));
#3170=CARTESIAN_POINT('',(-0.00169572757331946,0.0182058788651221,-0.00257864434221903));
#3171=CARTESIAN_POINT('',(-0.00138441267988645,0.0183743547215825,-0.00278716132939723));
#3172=CARTESIAN_POINT('',(-0.00214008041739222,0.0190092198170899,-0.00277322563846317));
#3173=CARTESIAN_POINT('',(-0.00205402058325783,0.0190194067601849,-0.00284251879615677));
#3174=CARTESIAN_POINT('',(-0.00196796081603689,0.0190295937286992,-0.00291181203316883));
#3175=CARTESIAN_POINT('',(-0.00219999999999999,0.0194513231453917,-0.00296000000000002));
#3176=CARTESIAN_POINT('',(-0.00220000000000001,0.0194513231453916,-0.00296));
#3177=CARTESIAN_POINT('',(-0.00220000000000003,0.0194513231453916,-0.00295999999999999));
#3178=CARTESIAN_POINT('',(-0.000812525033656735,0.0177365963979795,-0.0017));
#3179=CARTESIAN_POINT('',(-0.000812525033656734,0.0177365963979795,-0.0027));
#3180=CARTESIAN_POINT('',(-0.00168164651522341,0.017539197433983,-0.0027));
#3181=CARTESIAN_POINT('',(-0.00178126251682835,0.0175165721785598,-0.00181461689040912));
#3182=CARTESIAN_POINT('',(-0.000771551577079556,0.017556195698407,-0.0027));
#3183=CARTESIAN_POINT('',(-0.00169195143113219,0.0174102657725233,-0.00269999999999941));
#3184=CARTESIAN_POINT('',(-0.0017607757891765,0.0174045229285991,-0.00177267466219009));
#3185=CARTESIAN_POINT('',(-0.00075020388295826,0.0173735561892804,-0.0027));
#3186=CARTESIAN_POINT('',(-0.00171578776735365,0.0172935465697877,-0.00269999999999948));
#3187=CARTESIAN_POINT('',(-0.00175010193798865,0.0172952975595726,-0.00173492853500553));
#3188=CARTESIAN_POINT('',(-0.000750001434848516,0.0171885045354601,-0.0027));
#3189=CARTESIAN_POINT('',(-0.00174951302408591,0.0171874110988243,-0.0027));
#3190=CARTESIAN_POINT('',(-0.00175000071742426,0.017187410565302,-0.00170048793164942));
#3191=CARTESIAN_POINT('',(-0.000750001434848516,0.0171885045354601,-0.0017));
#3192=CARTESIAN_POINT('',(-0.000750001434848516,0.0171885045354601,-0.0027));
#3193=CARTESIAN_POINT('',(-0.00174951302408591,0.0171874110988243,-0.0027));
#3194=CARTESIAN_POINT('',(-0.00175000071742426,0.017187410565302,-0.00170048793164942));
#3195=CARTESIAN_POINT('',(-0.000750000478519358,0.0171880674890447,-0.0027));
#3196=CARTESIAN_POINT('',(-0.00174967555847383,0.0171873379654256,-0.00270000047812145));
#3197=CARTESIAN_POINT('',(-0.00175000023930821,0.0171869009603353,-0.00170032525123642));
#3198=CARTESIAN_POINT('',(-0.000750000000097048,0.0171876304426864,-0.00270000028651423));
#3199=CARTESIAN_POINT('',(-0.00174983788403884,0.0171872653984299,-0.00270000076493861));
#3200=CARTESIAN_POINT('',(-0.00174999999999988,0.017186391524403,-0.00170016318043228));
#3201=CARTESIAN_POINT('',(-0.000749999999999877,0.0171871933963851,-0.0027000008595432));
#3202=CARTESIAN_POINT('',(-0.00174999999999985,0.017187193396385,-0.0027000008595432));
#3203=CARTESIAN_POINT('',(-0.00174999999999988,0.01718588225731,-0.00170000171908643));
#3204=CARTESIAN_POINT('',(-0.00075,0.01718588225731,-0.00170000171908641));
#3205=CARTESIAN_POINT('',(-0.00075,0.0171885045354601,-0.0037));
#3206=CARTESIAN_POINT('',(-0.00075,0.0166198081507149,-0.00178255784390302));
#3207=CARTESIAN_POINT('',(-0.00075,0.0169041563430875,-0.0027412789219515));
#3208=CARTESIAN_POINT('',(-0.00174999999999999,0.0169041563430875,-0.00274127892195152));
#3209=CARTESIAN_POINT('',(-0.00175,0.0166198081507149,-0.00178255784390304));
#3210=CARTESIAN_POINT('',(-0.000750000014253975,0.0167543743020602,-0.00278570295057795));
#3211=CARTESIAN_POINT('',(-0.00176244466584359,0.0169032060108454,-0.00274156078575138));
#3212=CARTESIAN_POINT('',(-0.00174999999999999,0.0164655647752647,-0.00181540487276742));
#3213=CARTESIAN_POINT('',(-0.0009038891194048,0.0164872329255752,-0.0029451275200491));
#3214=CARTESIAN_POINT('',(-0.00168247097955651,0.0168483926830198,-0.00265317372721349));
#3215=CARTESIAN_POINT('',(-0.00182694456301138,0.0162175877333084,-0.00202276916252264));
#3216=CARTESIAN_POINT('',(-0.00143376710791741,0.0162626052326589,-0.00326977979894877));
#3217=CARTESIAN_POINT('',(-0.0018112795199008,0.0164130697800244,-0.00291075005724944));
#3218=CARTESIAN_POINT('',(-0.00209188355306785,0.0160803163550141,-0.00258860280264056));
#3219=CARTESIAN_POINT('',(-0.00206696923826106,0.0161768896613923,-0.0035947255082317));
#3220=CARTESIAN_POINT('',(-0.00222801644869588,0.0161783452829927,-0.00339486100920666));
#3221=CARTESIAN_POINT('',(-0.00240848461938496,0.0160922891320373,-0.00323335310904586));
#3222=CARTESIAN_POINT('',(-0.00252412661667086,0.0161888541837676,-0.00380739282688803));
#3223=CARTESIAN_POINT('',(-0.00258059495005248,0.0161760382619104,-0.00374747987924653));
#3224=CARTESIAN_POINT('',(-0.00263706330833566,0.0161632223447943,-0.00368756695544764));
#3225=CARTESIAN_POINT('',(-0.00275,0.0162106267228115,-0.00390917691920862));
#3226=CARTESIAN_POINT('',(-0.00275,0.0162106267228115,-0.00390917691920862));
#3227=CARTESIAN_POINT('',(-0.00275,0.0162106267228115,-0.00390917691920861));
#3228=CARTESIAN_POINT('',(0.00178126251682836,0.0175165721785598,0.00181461689040912));
#3229=CARTESIAN_POINT('',(0.00168164651522341,0.017539197433983,0.00269999999999998));
#3230=CARTESIAN_POINT('',(0.000812525033656748,0.0177365963979794,0.0027));
#3231=CARTESIAN_POINT('',(0.00182470936450122,0.0177541985727723,0.00190356514225397));
#3232=CARTESIAN_POINT('',(0.00164016186820073,0.0176598439515077,0.00263459011230769));
#3233=CARTESIAN_POINT('',(0.000941730222135233,0.0179492392951331,0.00270000000000001));
#3234=CARTESIAN_POINT('',(0.001979852115844,0.0182643647593038,0.00228336941895634));
#3235=CARTESIAN_POINT('',(0.00169572757331831,0.0182058788651199,0.00257864434222169));
#3236=CARTESIAN_POINT('',(0.00138441267988434,0.0183743547215807,0.00278716132939805));
#3237=CARTESIAN_POINT('',(0.00214008041739564,0.0190092198170931,0.00277322563846225));
#3238=CARTESIAN_POINT('',(0.00205402058326026,0.019019406760189,0.00284251879615258));
#3239=CARTESIAN_POINT('',(0.00196796081604165,0.0190295937287027,0.00291181203316717));
#3240=CARTESIAN_POINT('',(0.00219999999999999,0.0194513231453917,0.00296000000000002));
#3241=CARTESIAN_POINT('',(0.00220000000000001,0.0194513231453916,0.00296));
#3242=CARTESIAN_POINT('',(0.00220000000000003,0.0194513231453916,0.00295999999999999));
#3243=CARTESIAN_POINT('',(0.000812525033656735,0.0177365963979795,0.0017));
#3244=CARTESIAN_POINT('',(0.00175,0.0171858814910914,0.00170000000000002));
#3245=CARTESIAN_POINT('',(0.00174999999999998,0.0171858814910914,0.0027));
#3246=CARTESIAN_POINT('',(0.00075,0.0171858814910914,0.0027));
#3247=CARTESIAN_POINT('',(0.00175,0.0172942586145087,0.00173456979008755));
#3248=CARTESIAN_POINT('',(0.00171601758379227,0.0172924171539393,0.00270000000000038));
#3249=CARTESIAN_POINT('',(0.000750000007031537,0.0173718193713153,0.0027));
#3250=CARTESIAN_POINT('',(0.001760677781007,0.0174039868868238,0.00177247401125958));
#3251=CARTESIAN_POINT('',(0.00169200167962056,0.0174096370803732,0.00270000000000034));
#3252=CARTESIAN_POINT('',(0.000771355560748148,0.0175553326644094,0.0027));
#3253=CARTESIAN_POINT('',(0.00178126251682836,0.0175165721785598,0.00181461689040912));
#3254=CARTESIAN_POINT('',(0.00168164651522341,0.017539197433983,0.0027));
#3255=CARTESIAN_POINT('',(0.000812525033656735,0.0177365963979795,0.0027));
#3256=CARTESIAN_POINT('',(0.00075,0.0171858814910914,0.0017));
#3257=CARTESIAN_POINT('',(0.00075,0.0145,0.0017));
#3258=CARTESIAN_POINT('',(0.00075,0.0145632853704806,0.0017));
#3259=CARTESIAN_POINT('',(0.0020969874286362,0.0130118112228101,0.00224819749894286));
#3260=CARTESIAN_POINT('',(0.00186576379040895,0.0128267842572792,0.0027));
#3261=CARTESIAN_POINT('',(0.00144397485727237,0.0124892654508497,0.0027));
#3262=CARTESIAN_POINT('',(0.00186281585159989,0.0134765768430477,0.00208412464870119));
#3263=CARTESIAN_POINT('',(0.00157813375351232,0.0134003847366372,0.00270000000000005));
#3264=CARTESIAN_POINT('',(0.000975631738711185,0.0130745424010327,0.0027));
#3265=CARTESIAN_POINT('',(0.00175,0.0140355776441235,0.00188396859524166));
#3266=CARTESIAN_POINT('',(0.00158152814034971,0.0140800295717839,0.00270000000000038));
#3267=CARTESIAN_POINT('',(0.000750000010785728,0.013815655244659,0.0027));
#3268=CARTESIAN_POINT('',(0.00175,0.0145632853704806,0.00169999999999997));
#3269=CARTESIAN_POINT('',(0.00175000000000003,0.0145632853704806,0.0027));
#3270=CARTESIAN_POINT('',(0.00075,0.0145632853704806,0.0027));
#3271=CARTESIAN_POINT('',(0.00144397485727233,0.0124892654508499,0.00169999999999992));
#3272=CARTESIAN_POINT('',(0.00144397485727237,0.0124892654508497,0.0027));
#3273=CARTESIAN_POINT('',(0.00186576379040895,0.0128267842572792,0.0027));
#3274=CARTESIAN_POINT('',(0.0020969874286362,0.0130118112228101,0.00224819749894286));
#3275=CARTESIAN_POINT('',(0.00183576279470596,0.0122444616058189,0.0027));
#3276=CARTESIAN_POINT('',(0.00204355179635224,0.0125281769886634,0.00262389194434257));
#3277=CARTESIAN_POINT('',(0.00229288138274697,0.0126230160714152,0.00238545103982305));
#3278=CARTESIAN_POINT('',(0.00229689764018494,0.0120375681730306,0.00278322082577418));
#3279=CARTESIAN_POINT('',(0.0024101732057099,0.0121332267414202,0.00270809819176133));
#3280=CARTESIAN_POINT('',(0.00252344882009327,0.0122288852716506,0.00263297558658167));
#3281=CARTESIAN_POINT('',(0.00275,0.0118716354046762,0.00291353123007733));
#3282=CARTESIAN_POINT('',(0.00275,0.0118716354046762,0.00291353123007733));
#3283=CARTESIAN_POINT('',(0.00275,0.0118716354046762,0.00291353123007733));
#3284=CARTESIAN_POINT('',(-0.0020969874286362,0.0130118112228095,0.00224819749894335));
#3285=CARTESIAN_POINT('',(-0.00186576379040881,0.0128267842572788,0.0027));
#3286=CARTESIAN_POINT('',(-0.00144397485727237,0.0124892654508497,0.0027));
#3287=CARTESIAN_POINT('',(-0.00229288138276409,0.0126230160718682,0.0023854510393703));
#3288=CARTESIAN_POINT('',(-0.00204355179650842,0.0125281769889785,0.00262389194432681));
#3289=CARTESIAN_POINT('',(-0.00183576279474193,0.0122444616057961,0.0027));
#3290=CARTESIAN_POINT('',(-0.00252344882008467,0.0122288852716404,0.00263297558658972));
#3291=CARTESIAN_POINT('',(-0.00241017320569687,0.0121332267411796,0.00270809819147173));
#3292=CARTESIAN_POINT('',(-0.00229689764016747,0.0120375681730237,0.0027832208257796));
#3293=CARTESIAN_POINT('',(-0.00275,0.0118716354046762,0.00291353123007733));
#3294=CARTESIAN_POINT('',(-0.00275,0.0118716354046762,0.00291353123007733));
#3295=CARTESIAN_POINT('',(-0.00275,0.0118716354046762,0.00291353123007733));
#3296=CARTESIAN_POINT('',(-0.00144397485727237,0.0124892654508499,0.00169999999999989));
#3297=CARTESIAN_POINT('',(-0.00175,0.0145632853704806,0.00169999999999998));
#3298=CARTESIAN_POINT('',(-0.00175000000000002,0.0145632853704806,0.0027));
#3299=CARTESIAN_POINT('',(-0.00075,0.0145632853704806,0.0027));
#3300=CARTESIAN_POINT('',(-0.00174999999999999,0.0140343831295129,0.00188438502510949));
#3301=CARTESIAN_POINT('',(-0.00158117898383313,0.0140790280063936,0.00270000000000062));
#3302=CARTESIAN_POINT('',(-0.000750000018613855,0.0138139629169849,0.0027));
#3303=CARTESIAN_POINT('',(-0.00186206495728499,0.0134780671621884,0.00208359853076255));
#3304=CARTESIAN_POINT('',(-0.00157715966080223,0.0134023273096539,0.0027000000000011));
#3305=CARTESIAN_POINT('',(-0.000974129951915327,0.0130764191527026,0.0027));
#3306=CARTESIAN_POINT('',(-0.0020969874286362,0.0130118112228095,0.00224819749894335));
#3307=CARTESIAN_POINT('',(-0.00186576379040882,0.0128267842572788,0.0027));
#3308=CARTESIAN_POINT('',(-0.00144397485727237,0.0124892654508497,0.0027));
#3309=CARTESIAN_POINT('',(-0.00075,0.0145632853704806,0.0017));
#3310=CARTESIAN_POINT('',(-0.00075,0.0125,0.0017));
#3311=CARTESIAN_POINT('',(-0.00075,0.0171858814910914,0.0017));
#3312=CARTESIAN_POINT('',(-0.00178126251682836,0.0175165721785598,0.00181461689040912));
#3313=CARTESIAN_POINT('',(-0.00168164651522341,0.017539197433983,0.0027));
#3314=CARTESIAN_POINT('',(-0.000812525033656735,0.0177365963979795,0.0027));
#3315=CARTESIAN_POINT('',(-0.00176067778100724,0.0174039868868251,0.00177247401125992));
#3316=CARTESIAN_POINT('',(-0.00169200167962037,0.0174096370803748,0.00270000000000025));
#3317=CARTESIAN_POINT('',(-0.00077135556074847,0.0175553326644106,0.0027));
#3318=CARTESIAN_POINT('',(-0.00175,0.0172942586145087,0.00173456979008755));
#3319=CARTESIAN_POINT('',(-0.00171601758379227,0.0172924171539393,0.00270000000000038));
#3320=CARTESIAN_POINT('',(-0.000750000007031537,0.0173718193713153,0.0027));
#3321=CARTESIAN_POINT('',(-0.00175,0.0171858814910914,0.00170000000000002));
#3322=CARTESIAN_POINT('',(-0.00174999999999998,0.0171858814910914,0.0027));
#3323=CARTESIAN_POINT('',(-0.00075,0.0171858814910914,0.0027));
#3324=CARTESIAN_POINT('',(-0.000812525033656736,0.0177365963979795,0.0017));
#3325=CARTESIAN_POINT('',(-0.000812525033656748,0.0177365963979794,0.0027));
#3326=CARTESIAN_POINT('',(-0.00168164651522341,0.017539197433983,0.00269999999999998));
#3327=CARTESIAN_POINT('',(-0.00178126251682836,0.0175165721785598,0.00181461689040912));
#3328=CARTESIAN_POINT('',(-0.000941730222135233,0.0179492392951331,0.00270000000000001));
#3329=CARTESIAN_POINT('',(-0.00164016186820078,0.0176598439515077,0.00263459011230769));
#3330=CARTESIAN_POINT('',(-0.00182470936450122,0.0177541985727723,0.00190356514225397));
#3331=CARTESIAN_POINT('',(-0.00138441267988905,0.0183743547215949,0.00278716132940196));
#3332=CARTESIAN_POINT('',(-0.00169572756895106,0.0182058788682133,0.00257864433634392));
#3333=CARTESIAN_POINT('',(-0.00197985211584822,0.0182643647593195,0.00228336941896141));
#3334=CARTESIAN_POINT('',(-0.00196796081603221,0.0190295937286744,0.00291181203315934));
#3335=CARTESIAN_POINT('',(-0.00205402059158101,0.0190194067542951,0.00284251880735134));
#3336=CARTESIAN_POINT('',(-0.0021400804173872,0.0190092198170616,0.00277322563845209));
#3337=CARTESIAN_POINT('',(-0.00220000000000003,0.0194513231453916,0.00295999999999999));
#3338=CARTESIAN_POINT('',(-0.00220000000000001,0.0194513231453916,0.00296));
#3339=CARTESIAN_POINT('',(-0.00219999999999999,0.0194513231453917,0.00296000000000002));
#3340=MECHANICAL_DESIGN_GEOMETRIC_PRESENTATION_REPRESENTATION('',(#1542),#3341);
#3341=(
GEOMETRIC_REPRESENTATION_CONTEXT(3)
GLOBAL_UNCERTAINTY_ASSIGNED_CONTEXT((#3342))
GLOBAL_UNIT_ASSIGNED_CONTEXT((#3345,#3344,#3343))
REPRESENTATION_CONTEXT('test_phalanx_middle','TOP_LEVEL_ASSEMBLY_PART')
);
#3342=UNCERTAINTY_MEASURE_WITH_UNIT(LENGTH_MEASURE(2.91767488086025E-05),#3345,'DISTANCE_ACCURACY_VALUE','Maximum Tolerance applied to model');
#3343=(
NAMED_UNIT(*)
SI_UNIT($,.STERADIAN.)
SOLID_ANGLE_UNIT()
);
#3344=(
NAMED_UNIT(*)
PLANE_ANGLE_UNIT()
SI_UNIT($,.RADIAN.)
);
#3345=(
LENGTH_UNIT()
NAMED_UNIT(*)
SI_UNIT($,.METRE.)
);
#3346=PRODUCT_DEFINITION_SHAPE('','',#3347);
#3347=PRODUCT_DEFINITION('','',#3349,#3348);
#3348=PRODUCT_DEFINITION_CONTEXT('',#3355,'design');
#3349=PRODUCT_DEFINITION_FORMATION_WITH_SPECIFIED_SOURCE('','',#3351,.NOT_KNOWN.);
#3350=PRODUCT_RELATED_PRODUCT_CATEGORY('','',(#3351));
#3351=PRODUCT('test_phalanx_middle','test_phalanx_middle','test_phalanx_middle',(#3353));
#3352=PRODUCT_CATEGORY('','');
#3353=PRODUCT_CONTEXT('',#3355,'mechanical');
#3354=APPLICATION_PROTOCOL_DEFINITION('international standard','ap242_managed_model_based_3d_engineering',2020,#3355);
#3355=APPLICATION_CONTEXT('managed model based 3d engineering');
ENDSEC;
END-ISO-10303-21;
