ISO-10303-21;
HEADER;
/*Generated by software containing ST-Developer
 * from STEP Tools, Inc. (www.steptools.com) 
 */
/*OPTION: using custom renumber hook */
/*description */
/*implementation_level */
FILE_DESCRIPTION(('STEP AP242 Edition 2','STEP AP242 Edition 2''CAx-IF Rec.Pracs.---Representation and Presentation of Product Manufa
cturing Information (PMI)---4.0---2014-10-13','STEP AP242 Edition 2''CAx-IF Rec.Pracs.---Representation and Presentation of Product Manufa
cturing Information (PMI)---4.0---2014-10-13''CAx-IF Rec.Pracs.---3D Tessellated Geometry---0.4---2014-09-14','STEP AP242 Edition 2''CAx-IF Rec.Pracs.---Representation and Presentation of Product Manufa
cturing Information (PMI)---4.0---2014-10-13''CAx-IF Rec.Pracs.---3D Tessellated Geometry---0.4---2014-09-14''2;1','STEP AP242 Edition 2''CAx-IF Rec.Pracs.---Representation and Presentation of Product Manufa
cturing Information (PMI)---4.0---2014-10-13''CAx-IF Rec.Pracs.---3D Tessellated Geometry---0.4---2014-09-14''2;1''CAx-IF Rec.Pracs.---User Defined Attributes---1.5---2016-08-15'),'2;1');
/*name */
/*time_stamp */
/*author */
/*organization */
/*preprocessor_version */
/*originating_system */
/*authorisation */
FILE_NAME('/vol/tmp/translate-2167382277688972244/test_phalanx - test_phalanx.step','2026-03-25T10:07:26',(''),(''),'ST-DEVELOPER v20','ONSHAPE BY PTC INC, 1.212','  ');
FILE_SCHEMA(('AP242_MANAGED_MODEL_BASED_3D_ENGINEERING_MIM_LF { 1 0 10303 442 3 1 4 }'));
ENDSEC;
DATA;
#10=SHAPE_REPRESENTATION_RELATIONSHIP('','',#1087,#11);
#11=ADVANCED_BREP_SHAPE_REPRESENTATION('',(#1085),#2334);
#12=(
B_SPLINE_SURFACE(3,2,((#1711,#1712,#1713),(#1714,#1715,#1716),(#1717,#1718,
#1719),(#1720,#1721,#1722),(#1723,#1724,#1725),(#1726,#1727,#1728),(#1729,
#1730,#1731)),.UNSPECIFIED.,.F.,.F.,.F.)
B_SPLINE_SURFACE_WITH_KNOTS((4,1,1,1,4),(3,3),(0.00976625518266789,0.0109510932674932,0.0121359313523184,0.0133207694371437,0.014505607521969),(0.,1.),.UNSPECIFIED.)
BOUNDED_SURFACE()
GEOMETRIC_REPRESENTATION_ITEM()
RATIONAL_B_SPLINE_SURFACE(((1.,0.644648988694451,1.),(1.,0.644648988820305,
1.),(1.,0.647119893061831,1.),(1.,0.658390072391518,1.),(1.,0.677666328824899,
1.),(1.,0.696322331152028,1.),(1.,0.707106781186408,1.)))
REPRESENTATION_ITEM('')
SURFACE()
);
#13=(
B_SPLINE_SURFACE(3,2,((#1751,#1752,#1753),(#1754,#1755,#1756),(#1757,#1758,
#1759),(#1760,#1761,#1762),(#1763,#1764,#1765),(#1766,#1767,#1768),(#1769,
#1770,#1771)),.UNSPECIFIED.,.F.,.F.,.F.)
B_SPLINE_SURFACE_WITH_KNOTS((4,1,1,1,4),(3,3),(0.0097662551826679,0.010951093267494,0.01213593135232,0.0133207694371461,0.0145056075219721),(0.,1.),.UNSPECIFIED.)
BOUNDED_SURFACE()
GEOMETRIC_REPRESENTATION_ITEM()
RATIONAL_B_SPLINE_SURFACE(((1.,0.644648988694461,1.),(1.,0.644648988814195,
1.),(1.,0.64711989306566,1.),(1.,0.658390072387309,1.),(1.,0.677666328838022,
1.),(1.,0.696322331124401,1.),(1.,0.70710678118654,1.)))
REPRESENTATION_ITEM('')
SURFACE()
);
#14=(
B_SPLINE_SURFACE(3,2,((#1796,#1797,#1798),(#1799,#1800,#1801),(#1802,#1803,
#1804),(#1805,#1806,#1807),(#1808,#1809,#1810),(#1811,#1812,#1813),(#1814,
#1815,#1816),(#1817,#1818,#1819),(#1820,#1821,#1822),(#1823,#1824,#1825),(#1826,#1827,#1828),(#1829,#1830,#1831),(#1832,#1833,#1834),(#1835,#1836,
#1837),(#1838,#1839,#1840),(#1841,#1842,#1843),(#1844,#1845,#1846),(#1847,
#1848,#1849),(#1850,#1851,#1852),(#1853,#1854,#1855),(#1856,#1857,#1858),(#1859,#1860,#1861),(#1862,#1863,#1864)),.UNSPECIFIED.,.F.,.F.,.F.)
B_SPLINE_SURFACE_WITH_KNOTS((4,1,1,1,1,1,1,1,1,1,1,1,1,1,1,1,1,1,1,1,4),(3,3),(0.0128688613546289,0.0150604942801311,0.0172521272056333,0.0194437601311355,0.0216353930566377,0.02382702598214,0.0249228424448911,0.0254707506762666,0.0260186589076422,0.0265665671390177,0.0268405212547055,0.0269774983125494,0.0270459868414713,0.0271144753703933,0.0272514524282372,0.0273884294860811,0.0276623836017688,0.0282102918331444,0.02875820006452,0.0293061082958955,0.0304019247586466),(0.,1.),.UNSPECIFIED.)
BOUNDED_SURFACE()
GEOMETRIC_REPRESENTATION_ITEM()
RATIONAL_B_SPLINE_SURFACE(((1.,0.707106781186548,1.),(1.,0.707106781186548,
1.),(1.,0.707106781186547,1.),(1.,0.707106781186548,1.),(1.,0.707106781186548,
1.),(1.,0.707106781186547,1.),(1.,0.707106781186548,1.),(1.,0.707106781186547,
1.),(1.,0.707106781186548,1.),(1.,0.707106781186548,1.),(1.,0.707106781186547,
1.),(1.,0.707106781186548,1.),(1.,0.707106781186548,1.),(1.,0.707106781186548,
1.),(1.,0.707106781186548,1.),(1.,0.707106781186548,1.),(1.,0.707106781186548,
1.),(1.,0.707106781186548,1.),(1.,0.707106781186547,1.),(1.,0.707106781186548,
1.),(1.,0.707106781186547,1.),(1.,0.707106781186548,1.),(1.,0.707106781186548,
1.)))
REPRESENTATION_ITEM('')
SURFACE()
);
#15=(
B_SPLINE_SURFACE(3,2,((#1884,#1885,#1886),(#1887,#1888,#1889),(#1890,#1891,
#1892),(#1893,#1894,#1895),(#1896,#1897,#1898),(#1899,#1900,#1901),(#1902,
#1903,#1904),(#1905,#1906,#1907),(#1908,#1909,#1910),(#1911,#1912,#1913),(#1914,#1915,#1916),(#1917,#1918,#1919),(#1920,#1921,#1922),(#1923,#1924,
#1925),(#1926,#1927,#1928),(#1929,#1930,#1931),(#1932,#1933,#1934),(#1935,
#1936,#1937),(#1938,#1939,#1940),(#1941,#1942,#1943),(#1944,#1945,#1946),(#1947,#1948,#1949),(#1950,#1951,#1952),(#1953,#1954,#1955)),.UNSPECIFIED.,.F.,.F.,.F.)
B_SPLINE_SURFACE_WITH_KNOTS((4,1,1,1,1,1,1,1,1,1,1,1,1,1,1,1,1,1,1,1,1,4),(3,3),(0.0253579134664596,0.0264535921584848,0.0270014315044973,0.0275492708505099,0.0280971101965225,0.0283710298695288,0.0285079897060319,0.0286449495425351,0.0287819093790382,0.0289188692155413,0.0291927888885476,0.0294667085615539,0.0297406282345602,0.0302884675805728,0.0308363069265854,0.0319319856186105,0.0341233430026608,0.0363147003867111,0.0385060577707614,0.0396017364627866,0.0406974151548117,0.042888772538862),(0.,1.),.UNSPECIFIED.)
BOUNDED_SURFACE()
GEOMETRIC_REPRESENTATION_ITEM()
RATIONAL_B_SPLINE_SURFACE(((1.,0.707106781186548,1.),(1.,0.707106781186548,
1.),(1.,0.707106781186548,1.),(1.,0.707106781186547,1.),(1.,0.707106781186548,
1.),(1.,0.707106781186547,1.),(1.,0.707106781186548,1.),(1.,0.707106781186547,
1.),(1.,0.707106781186548,1.),(1.,0.707106781186547,1.),(1.,0.707106781186548,
1.),(1.,0.707106781186548,1.),(1.,0.707106781186548,1.),(1.,0.707106781186548,
1.),(1.,0.707106781186547,1.),(1.,0.707106781186548,1.),(1.,0.707106781186547,
1.),(1.,0.707106781186548,1.),(1.,0.707106781186547,1.),(1.,0.707106781186547,
1.),(1.,0.707106781186548,1.),(1.,0.707106781186547,1.),(1.,0.707106781186548,
1.),(1.,0.707106781186548,1.)))
REPRESENTATION_ITEM('')
SURFACE()
);
#16=(
B_SPLINE_SURFACE(3,2,((#2077,#2078,#2079),(#2080,#2081,#2082),(#2083,#2084,
#2085),(#2086,#2087,#2088)),.UNSPECIFIED.,.F.,.F.,.F.)
B_SPLINE_SURFACE_WITH_KNOTS((4,4),(3,3),(-2.92734586571086E-18,0.000460657336633611),(0.,1.),.PIECEWISE_BEZIER_KNOTS.)
BOUNDED_SURFACE()
GEOMETRIC_REPRESENTATION_ITEM()
RATIONAL_B_SPLINE_SURFACE(((1.,0.707106781186547,1.),(1.,0.723702827105388,
1.),(1.,0.740764820829196,1.),(1.,0.758267156767566,1.)))
REPRESENTATION_ITEM('')
SURFACE()
);
#17=(
B_SPLINE_SURFACE(3,2,((#2090,#2091,#2092),(#2093,#2094,#2095),(#2096,#2097,
#2098),(#2099,#2100,#2101),(#2102,#2103,#2104)),.UNSPECIFIED.,.F.,.F.,.F.)
B_SPLINE_SURFACE_WITH_KNOTS((4,1,4),(3,3),(-1.35525271560688E-18,0.000962214449129958,0.00192442889825992),(0.,1.),.UNSPECIFIED.)
BOUNDED_SURFACE()
GEOMETRIC_REPRESENTATION_ITEM()
RATIONAL_B_SPLINE_SURFACE(((1.,0.758267156767565,1.),(1.,0.828883676291025,
1.),(1.,0.967249525361554,1.),(1.,1.00000001473588,1.),(1.,1.,1.)))
REPRESENTATION_ITEM('')
SURFACE()
);
#18=(
B_SPLINE_SURFACE(3,2,((#2108,#2109,#2110),(#2111,#2112,#2113),(#2114,#2115,
#2116),(#2117,#2118,#2119)),.UNSPECIFIED.,.F.,.F.,.F.)
B_SPLINE_SURFACE_WITH_KNOTS((4,4),(3,3),(-3.36102673470506E-18,0.00046065733663361),(0.,1.),.PIECEWISE_BEZIER_KNOTS.)
BOUNDED_SURFACE()
GEOMETRIC_REPRESENTATION_ITEM()
RATIONAL_B_SPLINE_SURFACE(((1.,0.758267156767565,1.),(1.,0.740764820829349,
1.),(1.,0.72370282710537,1.),(1.,0.707106781186547,1.)))
REPRESENTATION_ITEM('')
SURFACE()
);
#19=(
B_SPLINE_SURFACE(3,2,((#2121,#2122,#2123),(#2124,#2125,#2126),(#2127,#2128,
#2129),(#2130,#2131,#2132),(#2133,#2134,#2135)),.UNSPECIFIED.,.F.,.F.,.F.)
B_SPLINE_SURFACE_WITH_KNOTS((4,1,4),(3,3),(-8.13151629364128E-19,0.000962214449129958,0.00192442889825992),(0.,1.),.UNSPECIFIED.)
BOUNDED_SURFACE()
GEOMETRIC_REPRESENTATION_ITEM()
RATIONAL_B_SPLINE_SURFACE(((1.,0.758267156767565,1.),(1.,0.828883676291314,
1.),(1.,0.967249525361418,1.),(1.,1.00000001473586,1.),(1.,1.,1.)))
REPRESENTATION_ITEM('')
SURFACE()
);
#20=(
B_SPLINE_SURFACE(3,2,((#2147,#2148,#2149),(#2150,#2151,#2152),(#2153,#2154,
#2155),(#2156,#2157,#2158)),.UNSPECIFIED.,.F.,.F.,.F.)
B_SPLINE_SURFACE_WITH_KNOTS((4,4),(3,3),(3.8627244905741,4.53526155055221),(0.,1.),.PIECEWISE_BEZIER_KNOTS.)
BOUNDED_SURFACE()
GEOMETRIC_REPRESENTATION_ITEM()
RATIONAL_B_SPLINE_SURFACE(((1.,0.497384705181669,1.),(1.,0.547427905546962,
1.),(1.,0.607981428976832,1.),(1.,0.663879978557462,1.)))
REPRESENTATION_ITEM('')
SURFACE()
);
#21=(
B_SPLINE_SURFACE(3,2,((#2196,#2197,#2198),(#2199,#2200,#2201),(#2202,#2203,
#2204),(#2205,#2206,#2207)),.UNSPECIFIED.,.F.,.F.,.F.)
B_SPLINE_SURFACE_WITH_KNOTS((4,4),(3,3),(1.74792375662738,2.42046081660548),(0.,1.),.PIECEWISE_BEZIER_KNOTS.)
BOUNDED_SURFACE()
GEOMETRIC_REPRESENTATION_ITEM()
RATIONAL_B_SPLINE_SURFACE(((1.,0.663879978557462,1.),(1.,0.607981428976832,
1.),(1.,0.547427905545647,1.),(1.,0.49738470518167,1.)))
REPRESENTATION_ITEM('')
SURFACE()
);
#22=(
B_SPLINE_SURFACE(3,2,((#2227,#2228,#2229),(#2230,#2231,#2232),(#2233,#2234,
#2235),(#2236,#2237,#2238),(#2239,#2240,#2241)),.UNSPECIFIED.,.F.,.F.,.F.)
B_SPLINE_SURFACE_WITH_KNOTS((4,1,4),(3,3),(0.,0.785398163397448,1.5707963267949),(0.,1.),.UNSPECIFIED.)
BOUNDED_SURFACE()
GEOMETRIC_REPRESENTATION_ITEM()
RATIONAL_B_SPLINE_SURFACE(((1.,0.843391445812886,1.),(1.,0.843391445811425,
1.),(1.,0.816921752314616,1.),(1.,0.7462243574832,1.),(1.,0.707106781186547,
1.)))
REPRESENTATION_ITEM('')
SURFACE()
);
#23=(
B_SPLINE_SURFACE(3,2,((#2246,#2247,#2248),(#2249,#2250,#2251),(#2252,#2253,
#2254),(#2255,#2256,#2257),(#2258,#2259,#2260),(#2261,#2262,#2263),(#2264,
#2265,#2266)),.UNSPECIFIED.,.F.,.F.,.F.)
B_SPLINE_SURFACE_WITH_KNOTS((4,1,1,1,4),(3,3),(4.33680868994202E-19,0.0018495592039416,0.00369911840788321,0.00554867761182481,0.00739823681576642),(0.,1.),.UNSPECIFIED.)
BOUNDED_SURFACE()
GEOMETRIC_REPRESENTATION_ITEM()
RATIONAL_B_SPLINE_SURFACE(((1.,0.906767043399836,1.),(1.,0.906767043116988,
1.),(1.,0.901542423439245,1.),(1.,0.850535029908224,1.),(1.,0.785778699464259,
1.),(1.,0.734464514085589,1.),(1.,0.707106781185979,1.)))
REPRESENTATION_ITEM('')
SURFACE()
);
#24=(
B_SPLINE_SURFACE(3,2,((#2271,#2272,#2273),(#2274,#2275,#2276),(#2277,#2278,
#2279),(#2280,#2281,#2282),(#2283,#2284,#2285)),.UNSPECIFIED.,.F.,.F.,.F.)
B_SPLINE_SURFACE_WITH_KNOTS((4,1,4),(3,3),(1.5707963267949,2.35619449019234,3.14159265358979),(0.,1.),.UNSPECIFIED.)
BOUNDED_SURFACE()
GEOMETRIC_REPRESENTATION_ITEM()
RATIONAL_B_SPLINE_SURFACE(((1.,0.707106781186547,1.),(1.,0.746224357483129,
1.),(1.,0.816921752314576,1.),(1.,0.843391445811578,1.),(1.,0.843391445812886,
1.)))
REPRESENTATION_ITEM('')
SURFACE()
);
#25=(
B_SPLINE_SURFACE(3,2,((#2300,#2301,#2302),(#2303,#2304,#2305),(#2306,#2307,
#2308),(#2309,#2310,#2311),(#2312,#2313,#2314),(#2315,#2316,#2317),(#2318,
#2319,#2320)),.UNSPECIFIED.,.F.,.F.,.F.)
B_SPLINE_SURFACE_WITH_KNOTS((4,1,1,1,4),(3,3),(-2.6628005356244E-16,0.00184709044212576,0.00369418088425178,0.00554127132637781,0.00738836176850383),(0.,1.),.UNSPECIFIED.)
BOUNDED_SURFACE()
GEOMETRIC_REPRESENTATION_ITEM()
RATIONAL_B_SPLINE_SURFACE(((1.,0.707106781187116,1.),(1.,0.734465266366292,
1.),(1.,0.785498968796832,1.),(1.,0.850477034469157,1.),(1.,0.901537568258939,
1.),(1.,0.906767043149272,1.),(1.,0.906767043399836,1.)))
REPRESENTATION_ITEM('')
SURFACE()
);
#26=ELLIPSE('',#1108,0.00592055531235133,0.0039);
#27=ELLIPSE('',#1122,0.00165506687844374,0.0015);
#28=ELLIPSE('',#1124,0.00662215789653279,0.0049);
#29=ELLIPSE('',#1137,0.00165506687844374,0.0015);
#30=ELLIPSE('',#1138,0.00662215789653279,0.0049);
#31=ELLIPSE('',#1154,0.000859794377814544,0.0005);
#32=ELLIPSE('',#1158,0.000859794377814545,0.0005);
#33=ELLIPSE('',#1163,0.00592055531235133,0.0039);
#34=CYLINDRICAL_SURFACE('',#1107,0.0039);
#35=CYLINDRICAL_SURFACE('',#1110,0.001);
#36=CYLINDRICAL_SURFACE('',#1115,0.001);
#37=CYLINDRICAL_SURFACE('',#1118,0.001);
#38=CYLINDRICAL_SURFACE('',#1127,0.002);
#39=CYLINDRICAL_SURFACE('',#1130,0.002);
#40=CYLINDRICAL_SURFACE('',#1132,0.002);
#41=CYLINDRICAL_SURFACE('',#1153,0.0005);
#42=CYLINDRICAL_SURFACE('',#1157,0.0005);
#43=CYLINDRICAL_SURFACE('',#1161,0.0039);
#44=CYLINDRICAL_SURFACE('',#1167,0.001);
#45=CYLINDRICAL_SURFACE('',#1170,0.001);
#46=CYLINDRICAL_SURFACE('',#1181,0.001);
#47=CYLINDRICAL_SURFACE('',#1189,0.001);
#48=CYLINDRICAL_SURFACE('',#1191,0.001);
#49=CYLINDRICAL_SURFACE('',#1197,0.001);
#50=CYLINDRICAL_SURFACE('',#1199,0.001);
#51=CYLINDRICAL_SURFACE('',#1202,0.001);
#52=CYLINDRICAL_SURFACE('',#1204,0.001);
#53=CYLINDRICAL_SURFACE('',#1206,0.001);
#54=CYLINDRICAL_SURFACE('',#1212,0.001);
#55=TOROIDAL_SURFACE('',#1105,0.00330718913883074,0.001);
#56=TOROIDAL_SURFACE('',#1113,0.0049,0.001);
#57=TOROIDAL_SURFACE('',#1149,0.00414246303544159,0.001);
#58=TOROIDAL_SURFACE('',#1151,0.00414246303544159,0.001);
#59=TOROIDAL_SURFACE('',#1165,0.00386619677295185,0.001);
#60=TOROIDAL_SURFACE('',#1173,0.001,0.001);
#61=TOROIDAL_SURFACE('',#1175,0.00386619677295185,0.001);
#62=TOROIDAL_SURFACE('',#1184,0.0049,0.001);
#63=TOROIDAL_SURFACE('',#1193,0.001,0.001);
#64=SPHERICAL_SURFACE('',#1094,0.004);
#65=SPHERICAL_SURFACE('',#1174,0.001);
#66=SPHERICAL_SURFACE('',#1177,0.001);
#67=SPHERICAL_SURFACE('',#1179,0.001);
#68=SPHERICAL_SURFACE('',#1187,0.001);
#69=SPHERICAL_SURFACE('',#1195,0.001);
#70=SPHERICAL_SURFACE('',#1209,0.001);
#71=CIRCLE('',#1090,0.0049);
#72=CIRCLE('',#1091,0.001);
#73=CIRCLE('',#1093,0.00330718913883074);
#74=CIRCLE('',#1095,0.0039);
#75=CIRCLE('',#1096,0.00399874980462644);
#76=CIRCLE('',#1097,0.00370809924354783);
#77=CIRCLE('',#1098,0.00399874980462644);
#78=CIRCLE('',#1099,0.0039);
#79=CIRCLE('',#1100,0.00309295741836148);
#80=CIRCLE('',#1101,0.00331397042835328);
#81=CIRCLE('',#1102,0.0026457513110646);
#82=CIRCLE('',#1103,0.00331397042835328);
#83=CIRCLE('',#1104,0.00309295741836148);
#84=CIRCLE('',#1106,0.00330718913883074);
#85=CIRCLE('',#1109,0.0039);
#86=CIRCLE('',#1111,0.001);
#87=CIRCLE('',#1112,0.001);
#88=CIRCLE('',#1114,0.001);
#89=CIRCLE('',#1116,0.001);
#90=CIRCLE('',#1117,0.001);
#91=CIRCLE('',#1119,0.001);
#92=CIRCLE('',#1120,0.001);
#93=CIRCLE('',#1123,0.00386619677295185);
#94=CIRCLE('',#1125,0.002);
#95=CIRCLE('',#1126,0.002);
#96=CIRCLE('',#1128,0.002);
#97=CIRCLE('',#1129,0.002);
#98=CIRCLE('',#1131,0.002);
#99=CIRCLE('',#1133,0.002);
#100=CIRCLE('',#1136,0.00386619677295185);
#101=CIRCLE('',#1140,0.001);
#102=CIRCLE('',#1141,0.0049);
#103=CIRCLE('',#1146,0.00414246303544159);
#104=CIRCLE('',#1148,0.00414246303544159);
#105=CIRCLE('',#1150,0.001);
#106=CIRCLE('',#1152,0.001);
#107=CIRCLE('',#1155,0.0005);
#108=CIRCLE('',#1156,0.0005);
#109=CIRCLE('',#1159,0.0005);
#110=CIRCLE('',#1160,0.0005);
#111=CIRCLE('',#1162,0.0039);
#112=CIRCLE('',#1164,0.001);
#113=CIRCLE('',#1166,0.001);
#114=CIRCLE('',#1168,0.001);
#115=CIRCLE('',#1169,0.001);
#116=CIRCLE('',#1171,0.001);
#117=CIRCLE('',#1172,0.001);
#118=CIRCLE('',#1176,0.001);
#119=CIRCLE('',#1178,0.001);
#120=CIRCLE('',#1180,0.001);
#121=CIRCLE('',#1182,0.001);
#122=CIRCLE('',#1183,0.001);
#123=CIRCLE('',#1185,0.001);
#124=CIRCLE('',#1186,0.001);
#125=CIRCLE('',#1188,0.001);
#126=CIRCLE('',#1190,0.001);
#127=CIRCLE('',#1192,0.001);
#128=CIRCLE('',#1194,0.001);
#129=CIRCLE('',#1196,0.001);
#130=CIRCLE('',#1198,0.001);
#131=CIRCLE('',#1200,0.001);
#132=CIRCLE('',#1201,0.001);
#133=CIRCLE('',#1203,0.001);
#134=CIRCLE('',#1205,0.001);
#135=CIRCLE('',#1207,0.001);
#136=CIRCLE('',#1208,0.001);
#137=CIRCLE('',#1210,0.001);
#138=CIRCLE('',#1211,0.001);
#139=PLANE('',#1089);
#140=PLANE('',#1092);
#141=PLANE('',#1121);
#142=PLANE('',#1134);
#143=PLANE('',#1135);
#144=PLANE('',#1139);
#145=PLANE('',#1142);
#146=PLANE('',#1143);
#147=PLANE('',#1144);
#148=PLANE('',#1145);
#149=PLANE('',#1147);
#150=PLANE('',#1213);
#151=PLANE('',#1214);
#152=PLANE('',#1215);
#153=PLANE('',#1216);
#154=PLANE('',#1217);
#155=PLANE('',#1218);
#156=LINE('',#1546,#206);
#157=LINE('',#1553,#207);
#158=LINE('',#1565,#208);
#159=LINE('',#1575,#209);
#160=LINE('',#1577,#210);
#161=LINE('',#1580,#211);
#162=LINE('',#1584,#212);
#163=LINE('',#1586,#213);
#164=LINE('',#1590,#214);
#165=LINE('',#1593,#215);
#166=LINE('',#1595,#216);
#167=LINE('',#1653,#217);
#168=LINE('',#1664,#218);
#169=LINE('',#1679,#219);
#170=LINE('',#1702,#220);
#171=LINE('',#1708,#221);
#172=LINE('',#1710,#222);
#173=LINE('',#1748,#223);
#174=LINE('',#1786,#224);
#175=LINE('',#1789,#225);
#176=LINE('',#1791,#226);
#177=LINE('',#1795,#227);
#178=LINE('',#1976,#228);
#179=LINE('',#1979,#229);
#180=LINE('',#1981,#230);
#181=LINE('',#1982,#231);
#182=LINE('',#1987,#232);
#183=LINE('',#1999,#233);
#184=LINE('',#2001,#234);
#185=LINE('',#2005,#235);
#186=LINE('',#2008,#236);
#187=LINE('',#2012,#237);
#188=LINE('',#2014,#238);
#189=LINE('',#2018,#239);
#190=LINE('',#2020,#240);
#191=LINE('',#2022,#241);
#192=LINE('',#2024,#242);
#193=LINE('',#2026,#243);
#194=LINE('',#2029,#244);
#195=LINE('',#2035,#245);
#196=LINE('',#2040,#246);
#197=LINE('',#2042,#247);
#198=LINE('',#2044,#248);
#199=LINE('',#2047,#249);
#200=LINE('',#2137,#250);
#201=LINE('',#2226,#251);
#202=LINE('',#2324,#252);
#203=LINE('',#2326,#253);
#204=LINE('',#2329,#254);
#205=LINE('',#2330,#255);
#206=VECTOR('',#1221,1.);
#207=VECTOR('',#1222,1.);
#208=VECTOR('',#1223,1.);
#209=VECTOR('',#1224,1.);
#210=VECTOR('',#1227,1.);
#211=VECTOR('',#1228,1.);
#212=VECTOR('',#1231,1.);
#213=VECTOR('',#1232,1.);
#214=VECTOR('',#1237,1.);
#215=VECTOR('',#1238,1.);
#216=VECTOR('',#1239,1.);
#217=VECTOR('',#1270,1.);
#218=VECTOR('',#1277,1.);
#219=VECTOR('',#1290,1.);
#220=VECTOR('',#1303,1.);
#221=VECTOR('',#1308,1.);
#222=VECTOR('',#1309,1.);
#223=VECTOR('',#1316,1.);
#224=VECTOR('',#1323,1.);
#225=VECTOR('',#1326,1.);
#226=VECTOR('',#1329,1.);
#227=VECTOR('',#1332,1.);
#228=VECTOR('',#1335,1.);
#229=VECTOR('',#1336,1.);
#230=VECTOR('',#1337,1.);
#231=VECTOR('',#1338,1.);
#232=VECTOR('',#1343,1.);
#233=VECTOR('',#1346,1.);
#234=VECTOR('',#1347,1.);
#235=VECTOR('',#1352,1.);
#236=VECTOR('',#1353,1.);
#237=VECTOR('',#1356,1.);
#238=VECTOR('',#1357,1.);
#239=VECTOR('',#1362,1.);
#240=VECTOR('',#1363,1.);
#241=VECTOR('',#1366,1.);
#242=VECTOR('',#1367,1.);
#243=VECTOR('',#1370,1.);
#244=VECTOR('',#1371,1.);
#245=VECTOR('',#1372,1.);
#246=VECTOR('',#1377,1.);
#247=VECTOR('',#1378,1.);
#248=VECTOR('',#1381,1.);
#249=VECTOR('',#1382,1.);
#250=VECTOR('',#1411,1.);
#251=VECTOR('',#1492,1.);
#252=VECTOR('',#1517,1.);
#253=VECTOR('',#1520,1.);
#254=VECTOR('',#1525,1.);
#255=VECTOR('',#1526,1.);
#256=ORIENTED_EDGE('',*,*,#578,.F.);
#257=ORIENTED_EDGE('',*,*,#579,.T.);
#258=ORIENTED_EDGE('',*,*,#580,.T.);
#259=ORIENTED_EDGE('',*,*,#581,.T.);
#260=ORIENTED_EDGE('',*,*,#582,.T.);
#261=ORIENTED_EDGE('',*,*,#583,.T.);
#262=ORIENTED_EDGE('',*,*,#584,.T.);
#263=ORIENTED_EDGE('',*,*,#585,.T.);
#264=ORIENTED_EDGE('',*,*,#586,.T.);
#265=ORIENTED_EDGE('',*,*,#587,.T.);
#266=ORIENTED_EDGE('',*,*,#588,.T.);
#267=ORIENTED_EDGE('',*,*,#589,.T.);
#268=ORIENTED_EDGE('',*,*,#590,.T.);
#269=ORIENTED_EDGE('',*,*,#591,.T.);
#270=ORIENTED_EDGE('',*,*,#592,.F.);
#271=ORIENTED_EDGE('',*,*,#593,.T.);
#272=ORIENTED_EDGE('',*,*,#594,.F.);
#273=ORIENTED_EDGE('',*,*,#595,.F.);
#274=ORIENTED_EDGE('',*,*,#596,.F.);
#275=ORIENTED_EDGE('',*,*,#597,.F.);
#276=ORIENTED_EDGE('',*,*,#598,.T.);
#277=ORIENTED_EDGE('',*,*,#599,.F.);
#278=ORIENTED_EDGE('',*,*,#600,.F.);
#279=ORIENTED_EDGE('',*,*,#601,.F.);
#280=ORIENTED_EDGE('',*,*,#602,.T.);
#281=ORIENTED_EDGE('',*,*,#603,.F.);
#282=ORIENTED_EDGE('',*,*,#604,.F.);
#283=ORIENTED_EDGE('',*,*,#605,.F.);
#284=ORIENTED_EDGE('',*,*,#606,.T.);
#285=ORIENTED_EDGE('',*,*,#607,.F.);
#286=ORIENTED_EDGE('',*,*,#608,.T.);
#287=ORIENTED_EDGE('',*,*,#596,.T.);
#288=ORIENTED_EDGE('',*,*,#609,.F.);
#289=ORIENTED_EDGE('',*,*,#604,.T.);
#290=ORIENTED_EDGE('',*,*,#610,.F.);
#291=ORIENTED_EDGE('',*,*,#611,.T.);
#292=ORIENTED_EDGE('',*,*,#612,.F.);
#293=ORIENTED_EDGE('',*,*,#613,.F.);
#294=ORIENTED_EDGE('',*,*,#597,.T.);
#295=ORIENTED_EDGE('',*,*,#614,.T.);
#296=ORIENTED_EDGE('',*,*,#615,.T.);
#297=ORIENTED_EDGE('',*,*,#616,.T.);
#298=ORIENTED_EDGE('',*,*,#617,.F.);
#299=ORIENTED_EDGE('',*,*,#618,.T.);
#300=ORIENTED_EDGE('',*,*,#586,.F.);
#301=ORIENTED_EDGE('',*,*,#619,.T.);
#302=ORIENTED_EDGE('',*,*,#588,.F.);
#303=ORIENTED_EDGE('',*,*,#620,.T.);
#304=ORIENTED_EDGE('',*,*,#616,.F.);
#305=ORIENTED_EDGE('',*,*,#621,.T.);
#306=ORIENTED_EDGE('',*,*,#593,.F.);
#307=ORIENTED_EDGE('',*,*,#622,.T.);
#308=ORIENTED_EDGE('',*,*,#623,.F.);
#309=ORIENTED_EDGE('',*,*,#624,.F.);
#310=ORIENTED_EDGE('',*,*,#623,.T.);
#311=ORIENTED_EDGE('',*,*,#625,.T.);
#312=ORIENTED_EDGE('',*,*,#585,.F.);
#313=ORIENTED_EDGE('',*,*,#626,.T.);
#314=ORIENTED_EDGE('',*,*,#627,.T.);
#315=ORIENTED_EDGE('',*,*,#628,.T.);
#316=ORIENTED_EDGE('',*,*,#629,.T.);
#317=ORIENTED_EDGE('',*,*,#630,.T.);
#318=ORIENTED_EDGE('',*,*,#631,.T.);
#319=ORIENTED_EDGE('',*,*,#632,.T.);
#320=ORIENTED_EDGE('',*,*,#633,.T.);
#321=ORIENTED_EDGE('',*,*,#634,.T.);
#322=ORIENTED_EDGE('',*,*,#635,.F.);
#323=ORIENTED_EDGE('',*,*,#636,.F.);
#324=ORIENTED_EDGE('',*,*,#637,.T.);
#325=ORIENTED_EDGE('',*,*,#638,.F.);
#326=ORIENTED_EDGE('',*,*,#637,.F.);
#327=ORIENTED_EDGE('',*,*,#639,.F.);
#328=ORIENTED_EDGE('',*,*,#640,.T.);
#329=ORIENTED_EDGE('',*,*,#583,.F.);
#330=ORIENTED_EDGE('',*,*,#640,.F.);
#331=ORIENTED_EDGE('',*,*,#641,.F.);
#332=ORIENTED_EDGE('',*,*,#642,.T.);
#333=ORIENTED_EDGE('',*,*,#643,.F.);
#334=ORIENTED_EDGE('',*,*,#644,.F.);
#335=ORIENTED_EDGE('',*,*,#645,.T.);
#336=ORIENTED_EDGE('',*,*,#646,.F.);
#337=ORIENTED_EDGE('',*,*,#642,.F.);
#338=ORIENTED_EDGE('',*,*,#647,.F.);
#339=ORIENTED_EDGE('',*,*,#648,.T.);
#340=ORIENTED_EDGE('',*,*,#649,.F.);
#341=ORIENTED_EDGE('',*,*,#635,.T.);
#342=ORIENTED_EDGE('',*,*,#582,.F.);
#343=ORIENTED_EDGE('',*,*,#650,.T.);
#344=ORIENTED_EDGE('',*,*,#651,.F.);
#345=ORIENTED_EDGE('',*,*,#638,.T.);
#346=ORIENTED_EDGE('',*,*,#652,.F.);
#347=ORIENTED_EDGE('',*,*,#653,.T.);
#348=ORIENTED_EDGE('',*,*,#584,.F.);
#349=ORIENTED_EDGE('',*,*,#643,.T.);
#350=ORIENTED_EDGE('',*,*,#654,.F.);
#351=ORIENTED_EDGE('',*,*,#655,.F.);
#352=ORIENTED_EDGE('',*,*,#656,.T.);
#353=ORIENTED_EDGE('',*,*,#617,.T.);
#354=ORIENTED_EDGE('',*,*,#644,.T.);
#355=ORIENTED_EDGE('',*,*,#641,.T.);
#356=ORIENTED_EDGE('',*,*,#639,.T.);
#357=ORIENTED_EDGE('',*,*,#636,.T.);
#358=ORIENTED_EDGE('',*,*,#649,.T.);
#359=ORIENTED_EDGE('',*,*,#657,.T.);
#360=ORIENTED_EDGE('',*,*,#658,.T.);
#361=ORIENTED_EDGE('',*,*,#659,.T.);
#362=ORIENTED_EDGE('',*,*,#660,.T.);
#363=ORIENTED_EDGE('',*,*,#661,.T.);
#364=ORIENTED_EDGE('',*,*,#662,.T.);
#365=ORIENTED_EDGE('',*,*,#663,.T.);
#366=ORIENTED_EDGE('',*,*,#664,.T.);
#367=ORIENTED_EDGE('',*,*,#665,.F.);
#368=ORIENTED_EDGE('',*,*,#666,.T.);
#369=ORIENTED_EDGE('',*,*,#667,.T.);
#370=ORIENTED_EDGE('',*,*,#668,.T.);
#371=ORIENTED_EDGE('',*,*,#669,.T.);
#372=ORIENTED_EDGE('',*,*,#670,.T.);
#373=ORIENTED_EDGE('',*,*,#651,.T.);
#374=ORIENTED_EDGE('',*,*,#671,.T.);
#375=ORIENTED_EDGE('',*,*,#672,.T.);
#376=ORIENTED_EDGE('',*,*,#647,.T.);
#377=ORIENTED_EDGE('',*,*,#673,.T.);
#378=ORIENTED_EDGE('',*,*,#674,.T.);
#379=ORIENTED_EDGE('',*,*,#652,.T.);
#380=ORIENTED_EDGE('',*,*,#646,.T.);
#381=ORIENTED_EDGE('',*,*,#675,.T.);
#382=ORIENTED_EDGE('',*,*,#676,.T.);
#383=ORIENTED_EDGE('',*,*,#611,.F.);
#384=ORIENTED_EDGE('',*,*,#677,.F.);
#385=ORIENTED_EDGE('',*,*,#678,.F.);
#386=ORIENTED_EDGE('',*,*,#679,.F.);
#387=ORIENTED_EDGE('',*,*,#680,.T.);
#388=ORIENTED_EDGE('',*,*,#681,.F.);
#389=ORIENTED_EDGE('',*,*,#682,.F.);
#390=ORIENTED_EDGE('',*,*,#683,.T.);
#391=ORIENTED_EDGE('',*,*,#684,.F.);
#392=ORIENTED_EDGE('',*,*,#603,.T.);
#393=ORIENTED_EDGE('',*,*,#685,.T.);
#394=ORIENTED_EDGE('',*,*,#679,.T.);
#395=ORIENTED_EDGE('',*,*,#686,.F.);
#396=ORIENTED_EDGE('',*,*,#687,.F.);
#397=ORIENTED_EDGE('',*,*,#684,.T.);
#398=ORIENTED_EDGE('',*,*,#688,.T.);
#399=ORIENTED_EDGE('',*,*,#605,.T.);
#400=ORIENTED_EDGE('',*,*,#689,.F.);
#401=ORIENTED_EDGE('',*,*,#690,.F.);
#402=ORIENTED_EDGE('',*,*,#594,.T.);
#403=ORIENTED_EDGE('',*,*,#691,.T.);
#404=ORIENTED_EDGE('',*,*,#682,.T.);
#405=ORIENTED_EDGE('',*,*,#692,.T.);
#406=ORIENTED_EDGE('',*,*,#692,.F.);
#407=ORIENTED_EDGE('',*,*,#690,.T.);
#408=ORIENTED_EDGE('',*,*,#693,.T.);
#409=ORIENTED_EDGE('',*,*,#595,.T.);
#410=ORIENTED_EDGE('',*,*,#609,.T.);
#411=ORIENTED_EDGE('',*,*,#693,.F.);
#412=ORIENTED_EDGE('',*,*,#689,.T.);
#413=ORIENTED_EDGE('',*,*,#681,.T.);
#414=ORIENTED_EDGE('',*,*,#694,.T.);
#415=ORIENTED_EDGE('',*,*,#678,.T.);
#416=ORIENTED_EDGE('',*,*,#695,.T.);
#417=ORIENTED_EDGE('',*,*,#695,.F.);
#418=ORIENTED_EDGE('',*,*,#677,.T.);
#419=ORIENTED_EDGE('',*,*,#696,.T.);
#420=ORIENTED_EDGE('',*,*,#686,.T.);
#421=ORIENTED_EDGE('',*,*,#696,.F.);
#422=ORIENTED_EDGE('',*,*,#610,.T.);
#423=ORIENTED_EDGE('',*,*,#687,.T.);
#424=ORIENTED_EDGE('',*,*,#601,.T.);
#425=ORIENTED_EDGE('',*,*,#697,.T.);
#426=ORIENTED_EDGE('',*,*,#698,.T.);
#427=ORIENTED_EDGE('',*,*,#699,.T.);
#428=ORIENTED_EDGE('',*,*,#700,.T.);
#429=ORIENTED_EDGE('',*,*,#701,.F.);
#430=ORIENTED_EDGE('',*,*,#615,.F.);
#431=ORIENTED_EDGE('',*,*,#702,.F.);
#432=ORIENTED_EDGE('',*,*,#664,.F.);
#433=ORIENTED_EDGE('',*,*,#614,.F.);
#434=ORIENTED_EDGE('',*,*,#606,.F.);
#435=ORIENTED_EDGE('',*,*,#703,.F.);
#436=ORIENTED_EDGE('',*,*,#658,.F.);
#437=ORIENTED_EDGE('',*,*,#702,.T.);
#438=ORIENTED_EDGE('',*,*,#704,.F.);
#439=ORIENTED_EDGE('',*,*,#589,.F.);
#440=ORIENTED_EDGE('',*,*,#705,.F.);
#441=ORIENTED_EDGE('',*,*,#663,.F.);
#442=ORIENTED_EDGE('',*,*,#706,.F.);
#443=ORIENTED_EDGE('',*,*,#673,.F.);
#444=ORIENTED_EDGE('',*,*,#707,.F.);
#445=ORIENTED_EDGE('',*,*,#590,.F.);
#446=ORIENTED_EDGE('',*,*,#707,.T.);
#447=ORIENTED_EDGE('',*,*,#645,.F.);
#448=ORIENTED_EDGE('',*,*,#619,.F.);
#449=ORIENTED_EDGE('',*,*,#591,.F.);
#450=ORIENTED_EDGE('',*,*,#701,.T.);
#451=ORIENTED_EDGE('',*,*,#705,.T.);
#452=ORIENTED_EDGE('',*,*,#621,.F.);
#453=ORIENTED_EDGE('',*,*,#602,.F.);
#454=ORIENTED_EDGE('',*,*,#700,.F.);
#455=ORIENTED_EDGE('',*,*,#708,.F.);
#456=ORIENTED_EDGE('',*,*,#631,.F.);
#457=ORIENTED_EDGE('',*,*,#709,.F.);
#458=ORIENTED_EDGE('',*,*,#703,.T.);
#459=ORIENTED_EDGE('',*,*,#688,.F.);
#460=ORIENTED_EDGE('',*,*,#710,.F.);
#461=ORIENTED_EDGE('',*,*,#706,.T.);
#462=ORIENTED_EDGE('',*,*,#704,.T.);
#463=ORIENTED_EDGE('',*,*,#711,.F.);
#464=ORIENTED_EDGE('',*,*,#712,.F.);
#465=ORIENTED_EDGE('',*,*,#657,.F.);
#466=ORIENTED_EDGE('',*,*,#713,.F.);
#467=ORIENTED_EDGE('',*,*,#666,.F.);
#468=ORIENTED_EDGE('',*,*,#714,.F.);
#469=ORIENTED_EDGE('',*,*,#670,.F.);
#470=ORIENTED_EDGE('',*,*,#715,.F.);
#471=ORIENTED_EDGE('',*,*,#698,.F.);
#472=ORIENTED_EDGE('',*,*,#708,.T.);
#473=ORIENTED_EDGE('',*,*,#699,.F.);
#474=ORIENTED_EDGE('',*,*,#716,.F.);
#475=ORIENTED_EDGE('',*,*,#632,.F.);
#476=ORIENTED_EDGE('',*,*,#685,.F.);
#477=ORIENTED_EDGE('',*,*,#709,.T.);
#478=ORIENTED_EDGE('',*,*,#717,.F.);
#479=ORIENTED_EDGE('',*,*,#710,.T.);
#480=ORIENTED_EDGE('',*,*,#683,.F.);
#481=ORIENTED_EDGE('',*,*,#718,.F.);
#482=ORIENTED_EDGE('',*,*,#659,.F.);
#483=ORIENTED_EDGE('',*,*,#711,.T.);
#484=ORIENTED_EDGE('',*,*,#662,.F.);
#485=ORIENTED_EDGE('',*,*,#719,.F.);
#486=ORIENTED_EDGE('',*,*,#674,.F.);
#487=ORIENTED_EDGE('',*,*,#713,.T.);
#488=ORIENTED_EDGE('',*,*,#648,.F.);
#489=ORIENTED_EDGE('',*,*,#720,.F.);
#490=ORIENTED_EDGE('',*,*,#667,.F.);
#491=ORIENTED_EDGE('',*,*,#716,.T.);
#492=ORIENTED_EDGE('',*,*,#715,.T.);
#493=ORIENTED_EDGE('',*,*,#721,.F.);
#494=ORIENTED_EDGE('',*,*,#717,.T.);
#495=ORIENTED_EDGE('',*,*,#630,.F.);
#496=ORIENTED_EDGE('',*,*,#722,.F.);
#497=ORIENTED_EDGE('',*,*,#680,.F.);
#498=ORIENTED_EDGE('',*,*,#723,.F.);
#499=ORIENTED_EDGE('',*,*,#675,.F.);
#500=ORIENTED_EDGE('',*,*,#724,.F.);
#501=ORIENTED_EDGE('',*,*,#725,.F.);
#502=ORIENTED_EDGE('',*,*,#726,.F.);
#503=ORIENTED_EDGE('',*,*,#660,.F.);
#504=ORIENTED_EDGE('',*,*,#718,.T.);
#505=ORIENTED_EDGE('',*,*,#691,.F.);
#506=ORIENTED_EDGE('',*,*,#624,.T.);
#507=ORIENTED_EDGE('',*,*,#627,.F.);
#508=ORIENTED_EDGE('',*,*,#661,.F.);
#509=ORIENTED_EDGE('',*,*,#726,.T.);
#510=ORIENTED_EDGE('',*,*,#626,.F.);
#511=ORIENTED_EDGE('',*,*,#653,.F.);
#512=ORIENTED_EDGE('',*,*,#719,.T.);
#513=ORIENTED_EDGE('',*,*,#720,.T.);
#514=ORIENTED_EDGE('',*,*,#672,.F.);
#515=ORIENTED_EDGE('',*,*,#727,.F.);
#516=ORIENTED_EDGE('',*,*,#668,.F.);
#517=ORIENTED_EDGE('',*,*,#721,.T.);
#518=ORIENTED_EDGE('',*,*,#669,.F.);
#519=ORIENTED_EDGE('',*,*,#728,.F.);
#520=ORIENTED_EDGE('',*,*,#633,.F.);
#521=ORIENTED_EDGE('',*,*,#729,.F.);
#522=ORIENTED_EDGE('',*,*,#724,.T.);
#523=ORIENTED_EDGE('',*,*,#694,.F.);
#524=ORIENTED_EDGE('',*,*,#722,.T.);
#525=ORIENTED_EDGE('',*,*,#629,.F.);
#526=ORIENTED_EDGE('',*,*,#730,.F.);
#527=ORIENTED_EDGE('',*,*,#731,.F.);
#528=ORIENTED_EDGE('',*,*,#725,.T.);
#529=ORIENTED_EDGE('',*,*,#729,.T.);
#530=ORIENTED_EDGE('',*,*,#732,.F.);
#531=ORIENTED_EDGE('',*,*,#581,.F.);
#532=ORIENTED_EDGE('',*,*,#728,.T.);
#533=ORIENTED_EDGE('',*,*,#727,.T.);
#534=ORIENTED_EDGE('',*,*,#733,.F.);
#535=ORIENTED_EDGE('',*,*,#730,.T.);
#536=ORIENTED_EDGE('',*,*,#628,.F.);
#537=ORIENTED_EDGE('',*,*,#734,.F.);
#538=ORIENTED_EDGE('',*,*,#650,.F.);
#539=ORIENTED_EDGE('',*,*,#732,.T.);
#540=ORIENTED_EDGE('',*,*,#733,.T.);
#541=ORIENTED_EDGE('',*,*,#671,.F.);
#542=ORIENTED_EDGE('',*,*,#734,.T.);
#543=ORIENTED_EDGE('',*,*,#634,.F.);
#544=ORIENTED_EDGE('',*,*,#612,.T.);
#545=ORIENTED_EDGE('',*,*,#676,.F.);
#546=ORIENTED_EDGE('',*,*,#723,.T.);
#547=ORIENTED_EDGE('',*,*,#731,.T.);
#548=ORIENTED_EDGE('',*,*,#580,.F.);
#549=ORIENTED_EDGE('',*,*,#735,.F.);
#550=ORIENTED_EDGE('',*,*,#736,.T.);
#551=ORIENTED_EDGE('',*,*,#578,.T.);
#552=ORIENTED_EDGE('',*,*,#625,.F.);
#553=ORIENTED_EDGE('',*,*,#622,.F.);
#554=ORIENTED_EDGE('',*,*,#592,.T.);
#555=ORIENTED_EDGE('',*,*,#608,.F.);
#556=ORIENTED_EDGE('',*,*,#736,.F.);
#557=ORIENTED_EDGE('',*,*,#607,.T.);
#558=ORIENTED_EDGE('',*,*,#735,.T.);
#559=ORIENTED_EDGE('',*,*,#579,.F.);
#560=ORIENTED_EDGE('',*,*,#599,.T.);
#561=ORIENTED_EDGE('',*,*,#737,.F.);
#562=ORIENTED_EDGE('',*,*,#655,.T.);
#563=ORIENTED_EDGE('',*,*,#738,.T.);
#564=ORIENTED_EDGE('',*,*,#656,.F.);
#565=ORIENTED_EDGE('',*,*,#737,.T.);
#566=ORIENTED_EDGE('',*,*,#598,.F.);
#567=ORIENTED_EDGE('',*,*,#613,.T.);
#568=ORIENTED_EDGE('',*,*,#620,.F.);
#569=ORIENTED_EDGE('',*,*,#587,.F.);
#570=ORIENTED_EDGE('',*,*,#618,.F.);
#571=ORIENTED_EDGE('',*,*,#712,.T.);
#572=ORIENTED_EDGE('',*,*,#665,.T.);
#573=ORIENTED_EDGE('',*,*,#714,.T.);
#574=ORIENTED_EDGE('',*,*,#697,.F.);
#575=ORIENTED_EDGE('',*,*,#600,.T.);
#576=ORIENTED_EDGE('',*,*,#738,.F.);
#577=ORIENTED_EDGE('',*,*,#654,.T.);
#578=EDGE_CURVE('',#739,#740,#833,.T.);
#579=EDGE_CURVE('',#739,#741,#156,.F.);
#580=EDGE_CURVE('',#741,#742,#834,.T.);
#581=EDGE_CURVE('',#742,#743,#157,.F.);
#582=EDGE_CURVE('',#743,#744,#835,.T.);
#583=EDGE_CURVE('',#744,#745,#158,.T.);
#584=EDGE_CURVE('',#745,#746,#836,.T.);
#585=EDGE_CURVE('',#746,#740,#159,.F.);
#586=EDGE_CURVE('',#747,#748,#160,.F.);
#587=EDGE_CURVE('',#748,#749,#161,.T.);
#588=EDGE_CURVE('',#749,#750,#71,.F.);
#589=EDGE_CURVE('',#750,#751,#162,.T.);
#590=EDGE_CURVE('',#751,#752,#163,.F.);
#591=EDGE_CURVE('',#752,#747,#72,.T.);
#592=EDGE_CURVE('',#753,#754,#164,.T.);
#593=EDGE_CURVE('',#753,#755,#165,.T.);
#594=EDGE_CURVE('',#756,#755,#166,.F.);
#595=EDGE_CURVE('',#757,#756,#837,.T.);
#596=EDGE_CURVE('',#754,#757,#73,.F.);
#597=EDGE_CURVE('',#758,#759,#74,.T.);
#598=EDGE_CURVE('',#758,#760,#75,.T.);
#599=EDGE_CURVE('',#761,#760,#76,.T.);
#600=EDGE_CURVE('',#762,#761,#77,.T.);
#601=EDGE_CURVE('',#763,#762,#78,.T.);
#602=EDGE_CURVE('',#763,#764,#79,.F.);
#603=EDGE_CURVE('',#765,#764,#80,.F.);
#604=EDGE_CURVE('',#766,#765,#81,.F.);
#605=EDGE_CURVE('',#767,#766,#82,.F.);
#606=EDGE_CURVE('',#767,#759,#83,.F.);
#607=EDGE_CURVE('',#768,#769,#838,.T.);
#608=EDGE_CURVE('',#768,#754,#839,.T.);
#609=EDGE_CURVE('',#766,#757,#840,.F.);
#610=EDGE_CURVE('',#770,#765,#841,.T.);
#611=EDGE_CURVE('',#770,#771,#84,.F.);
#612=EDGE_CURVE('',#769,#771,#842,.T.);
#613=EDGE_CURVE('',#758,#772,#167,.T.);
#614=EDGE_CURVE('',#759,#773,#843,.T.);
#615=EDGE_CURVE('',#773,#774,#26,.F.);
#616=EDGE_CURVE('',#774,#772,#85,.T.);
#617=EDGE_CURVE('',#775,#776,#168,.T.);
#618=EDGE_CURVE('',#775,#748,#86,.F.);
#619=EDGE_CURVE('',#747,#776,#87,.T.);
#620=EDGE_CURVE('',#749,#772,#844,.T.);
#621=EDGE_CURVE('',#774,#750,#88,.F.);
#622=EDGE_CURVE('',#753,#777,#89,.F.);
#623=EDGE_CURVE('',#778,#777,#169,.T.);
#624=EDGE_CURVE('',#755,#778,#90,.T.);
#625=EDGE_CURVE('',#777,#740,#91,.F.);
#626=EDGE_CURVE('',#746,#779,#92,.T.);
#627=EDGE_CURVE('',#779,#778,#845,.T.);
#628=EDGE_CURVE('',#780,#781,#846,.T.);
#629=EDGE_CURVE('',#781,#782,#27,.F.);
#630=EDGE_CURVE('',#782,#783,#170,.F.);
#631=EDGE_CURVE('',#783,#784,#93,.F.);
#632=EDGE_CURVE('',#784,#785,#28,.F.);
#633=EDGE_CURVE('',#785,#786,#171,.F.);
#634=EDGE_CURVE('',#786,#780,#172,.T.);
#635=EDGE_CURVE('',#787,#788,#94,.T.);
#636=EDGE_CURVE('',#789,#787,#847,.T.);
#637=EDGE_CURVE('',#789,#744,#95,.T.);
#638=EDGE_CURVE('',#788,#744,#848,.T.);
#639=EDGE_CURVE('',#790,#789,#173,.T.);
#640=EDGE_CURVE('',#790,#745,#96,.T.);
#641=EDGE_CURVE('',#791,#790,#849,.T.);
#642=EDGE_CURVE('',#791,#792,#97,.T.);
#643=EDGE_CURVE('',#745,#792,#850,.T.);
#644=EDGE_CURVE('',#776,#791,#174,.T.);
#645=EDGE_CURVE('',#776,#793,#98,.F.);
#646=EDGE_CURVE('',#792,#793,#175,.F.);
#647=EDGE_CURVE('',#794,#788,#176,.F.);
#648=EDGE_CURVE('',#794,#795,#99,.F.);
#649=EDGE_CURVE('',#787,#795,#177,.T.);
#650=EDGE_CURVE('',#743,#796,#851,.T.);
#651=EDGE_CURVE('',#788,#796,#852,.T.);
#652=EDGE_CURVE('',#797,#792,#853,.T.);
#653=EDGE_CURVE('',#797,#746,#854,.T.);
#654=EDGE_CURVE('',#798,#799,#178,.T.);
#655=EDGE_CURVE('',#800,#798,#179,.T.);
#656=EDGE_CURVE('',#800,#775,#180,.T.);
#657=EDGE_CURVE('',#795,#799,#181,.T.);
#658=EDGE_CURVE('',#801,#802,#100,.F.);
#659=EDGE_CURVE('',#802,#803,#182,.T.);
#660=EDGE_CURVE('',#803,#804,#29,.F.);
#661=EDGE_CURVE('',#804,#805,#855,.T.);
#662=EDGE_CURVE('',#805,#806,#183,.F.);
#663=EDGE_CURVE('',#806,#807,#184,.F.);
#664=EDGE_CURVE('',#807,#801,#30,.F.);
#665=EDGE_CURVE('',#808,#809,#185,.T.);
#666=EDGE_CURVE('',#808,#810,#186,.F.);
#667=EDGE_CURVE('',#810,#811,#101,.T.);
#668=EDGE_CURVE('',#811,#812,#187,.T.);
#669=EDGE_CURVE('',#812,#813,#188,.T.);
#670=EDGE_CURVE('',#813,#809,#102,.F.);
#671=EDGE_CURVE('',#796,#814,#189,.F.);
#672=EDGE_CURVE('',#814,#794,#190,.F.);
#673=EDGE_CURVE('',#793,#815,#191,.T.);
#674=EDGE_CURVE('',#815,#797,#192,.T.);
#675=EDGE_CURVE('',#816,#817,#193,.T.);
#676=EDGE_CURVE('',#817,#771,#194,.T.);
#677=EDGE_CURVE('',#818,#770,#856,.T.);
#678=EDGE_CURVE('',#816,#818,#195,.T.);
#679=EDGE_CURVE('',#819,#820,#103,.F.);
#680=EDGE_CURVE('',#819,#821,#196,.T.);
#681=EDGE_CURVE('',#820,#821,#197,.F.);
#682=EDGE_CURVE('',#822,#823,#198,.T.);
#683=EDGE_CURVE('',#822,#824,#199,.F.);
#684=EDGE_CURVE('',#823,#824,#104,.T.);
#685=EDGE_CURVE('',#764,#819,#105,.F.);
#686=EDGE_CURVE('',#825,#820,#857,.T.);
#687=EDGE_CURVE('',#765,#825,#858,.F.);
#688=EDGE_CURVE('',#824,#767,#106,.F.);
#689=EDGE_CURVE('',#826,#766,#859,.T.);
#690=EDGE_CURVE('',#823,#826,#860,.T.);
#691=EDGE_CURVE('',#755,#822,#31,.F.);
#692=EDGE_CURVE('',#823,#756,#107,.T.);
#693=EDGE_CURVE('',#826,#757,#108,.T.);
#694=EDGE_CURVE('',#821,#816,#32,.F.);
#695=EDGE_CURVE('',#818,#820,#109,.T.);
#696=EDGE_CURVE('',#770,#825,#110,.T.);
#697=EDGE_CURVE('',#762,#827,#200,.T.);
#698=EDGE_CURVE('',#827,#828,#111,.T.);
#699=EDGE_CURVE('',#828,#829,#33,.F.);
#700=EDGE_CURVE('',#829,#763,#861,.T.);
#701=EDGE_CURVE('',#774,#807,#112,.T.);
#702=EDGE_CURVE('',#801,#773,#862,.F.);
#703=EDGE_CURVE('',#802,#767,#113,.T.);
#704=EDGE_CURVE('',#751,#806,#114,.T.);
#705=EDGE_CURVE('',#807,#750,#115,.T.);
#706=EDGE_CURVE('',#815,#751,#116,.T.);
#707=EDGE_CURVE('',#752,#793,#117,.T.);
#708=EDGE_CURVE('',#784,#829,#863,.F.);
#709=EDGE_CURVE('',#764,#783,#118,.T.);
#710=EDGE_CURVE('',#802,#824,#119,.T.);
#711=EDGE_CURVE('',#815,#806,#120,.F.);
#712=EDGE_CURVE('',#799,#808,#121,.F.);
#713=EDGE_CURVE('',#810,#795,#122,.T.);
#714=EDGE_CURVE('',#809,#827,#864,.T.);
#715=EDGE_CURVE('',#828,#813,#123,.T.);
#716=EDGE_CURVE('',#785,#828,#124,.T.);
#717=EDGE_CURVE('',#819,#783,#125,.T.);
#718=EDGE_CURVE('',#803,#822,#126,.T.);
#719=EDGE_CURVE('',#797,#805,#127,.T.);
#720=EDGE_CURVE('',#811,#794,#128,.T.);
#721=EDGE_CURVE('',#785,#813,#129,.F.);
#722=EDGE_CURVE('',#821,#782,#130,.T.);
#723=EDGE_CURVE('',#817,#830,#131,.F.);
#724=EDGE_CURVE('',#831,#816,#132,.T.);
#725=EDGE_CURVE('',#830,#831,#201,.T.);
#726=EDGE_CURVE('',#804,#779,#865,.T.);
#727=EDGE_CURVE('',#812,#814,#133,.T.);
#728=EDGE_CURVE('',#786,#812,#134,.T.);
#729=EDGE_CURVE('',#831,#832,#866,.T.);
#730=EDGE_CURVE('',#832,#781,#867,.F.);
#731=EDGE_CURVE('',#830,#742,#135,.F.);
#732=EDGE_CURVE('',#743,#832,#136,.T.);
#733=EDGE_CURVE('',#786,#814,#137,.F.);
#734=EDGE_CURVE('',#796,#780,#138,.T.);
#735=EDGE_CURVE('',#769,#741,#202,.T.);
#736=EDGE_CURVE('',#768,#739,#203,.T.);
#737=EDGE_CURVE('',#800,#760,#204,.T.);
#738=EDGE_CURVE('',#798,#761,#205,.T.);
#739=VERTEX_POINT('',#1544);
#740=VERTEX_POINT('',#1545);
#741=VERTEX_POINT('',#1547);
#742=VERTEX_POINT('',#1552);
#743=VERTEX_POINT('',#1554);
#744=VERTEX_POINT('',#1564);
#745=VERTEX_POINT('',#1566);
#746=VERTEX_POINT('',#1574);
#747=VERTEX_POINT('',#1578);
#748=VERTEX_POINT('',#1579);
#749=VERTEX_POINT('',#1581);
#750=VERTEX_POINT('',#1583);
#751=VERTEX_POINT('',#1585);
#752=VERTEX_POINT('',#1587);
#753=VERTEX_POINT('',#1591);
#754=VERTEX_POINT('',#1592);
#755=VERTEX_POINT('',#1594);
#756=VERTEX_POINT('',#1596);
#757=VERTEX_POINT('',#1601);
#758=VERTEX_POINT('',#1605);
#759=VERTEX_POINT('',#1606);
#760=VERTEX_POINT('',#1608);
#761=VERTEX_POINT('',#1610);
#762=VERTEX_POINT('',#1612);
#763=VERTEX_POINT('',#1614);
#764=VERTEX_POINT('',#1616);
#765=VERTEX_POINT('',#1618);
#766=VERTEX_POINT('',#1620);
#767=VERTEX_POINT('',#1622);
#768=VERTEX_POINT('',#1629);
#769=VERTEX_POINT('',#1630);
#770=VERTEX_POINT('',#1645);
#771=VERTEX_POINT('',#1647);
#772=VERTEX_POINT('',#1654);
#773=VERTEX_POINT('',#1659);
#774=VERTEX_POINT('',#1661);
#775=VERTEX_POINT('',#1665);
#776=VERTEX_POINT('',#1666);
#777=VERTEX_POINT('',#1678);
#778=VERTEX_POINT('',#1680);
#779=VERTEX_POINT('',#1685);
#780=VERTEX_POINT('',#1698);
#781=VERTEX_POINT('',#1699);
#782=VERTEX_POINT('',#1701);
#783=VERTEX_POINT('',#1703);
#784=VERTEX_POINT('',#1705);
#785=VERTEX_POINT('',#1707);
#786=VERTEX_POINT('',#1709);
#787=VERTEX_POINT('',#1733);
#788=VERTEX_POINT('',#1734);
#789=VERTEX_POINT('',#1740);
#790=VERTEX_POINT('',#1749);
#791=VERTEX_POINT('',#1777);
#792=VERTEX_POINT('',#1779);
#793=VERTEX_POINT('',#1788);
#794=VERTEX_POINT('',#1792);
#795=VERTEX_POINT('',#1794);
#796=VERTEX_POINT('',#1872);
#797=VERTEX_POINT('',#1967);
#798=VERTEX_POINT('',#1977);
#799=VERTEX_POINT('',#1978);
#800=VERTEX_POINT('',#1980);
#801=VERTEX_POINT('',#1985);
#802=VERTEX_POINT('',#1986);
#803=VERTEX_POINT('',#1988);
#804=VERTEX_POINT('',#1990);
#805=VERTEX_POINT('',#1998);
#806=VERTEX_POINT('',#2000);
#807=VERTEX_POINT('',#2002);
#808=VERTEX_POINT('',#2006);
#809=VERTEX_POINT('',#2007);
#810=VERTEX_POINT('',#2009);
#811=VERTEX_POINT('',#2011);
#812=VERTEX_POINT('',#2013);
#813=VERTEX_POINT('',#2015);
#814=VERTEX_POINT('',#2019);
#815=VERTEX_POINT('',#2023);
#816=VERTEX_POINT('',#2027);
#817=VERTEX_POINT('',#2028);
#818=VERTEX_POINT('',#2034);
#819=VERTEX_POINT('',#2038);
#820=VERTEX_POINT('',#2039);
#821=VERTEX_POINT('',#2041);
#822=VERTEX_POINT('',#2045);
#823=VERTEX_POINT('',#2046);
#824=VERTEX_POINT('',#2048);
#825=VERTEX_POINT('',#2056);
#826=VERTEX_POINT('',#2069);
#827=VERTEX_POINT('',#2138);
#828=VERTEX_POINT('',#2140);
#829=VERTEX_POINT('',#2142);
#830=VERTEX_POINT('',#2223);
#831=VERTEX_POINT('',#2225);
#832=VERTEX_POINT('',#2290);
#833=B_SPLINE_CURVE_WITH_KNOTS('',3,(#1540,#1541,#1542,#1543),.UNSPECIFIED.,.F.,.F.,(4,4),(0.,1.),.PIECEWISE_BEZIER_KNOTS.);
#834=B_SPLINE_CURVE_WITH_KNOTS('',3,(#1548,#1549,#1550,#1551),.UNSPECIFIED.,.F.,.F.,(4,4),(0.,1.),.PIECEWISE_BEZIER_KNOTS.);
#835=B_SPLINE_CURVE_WITH_KNOTS('',3,(#1555,#1556,#1557,#1558,#1559,#1560,#1561,#1562,#1563),.UNSPECIFIED.,.F.,.F.,(4,1,1,1,1,1,4),(0.000468996527685719,0.00558945721421812,0.0107099179007505,0.0132701482440167,0.0158303785872829,0.0183906089305491,0.0209508392738153),.UNSPECIFIED.);
#836=B_SPLINE_CURVE_WITH_KNOTS('',3,(#1567,#1568,#1569,#1570,#1571,#1572,#1573),.UNSPECIFIED.,.F.,.F.,(4,1,1,1,4),(0.00234426714794259,0.00748263424432672,0.0126210013407108,0.017759368437095,0.0228977355334791),.UNSPECIFIED.);
#837=B_SPLINE_CURVE_WITH_KNOTS('',3,(#1597,#1598,#1599,#1600),.UNSPECIFIED.,.F.,.F.,(4,4),(0.,0.000460657336633609),.UNSPECIFIED.);
#838=B_SPLINE_CURVE_WITH_KNOTS('',3,(#1625,#1626,#1627,#1628),.UNSPECIFIED.,.F.,.F.,(4,4),(0.00168133325801019,0.00188016887875745),.UNSPECIFIED.);
#839=B_SPLINE_CURVE_WITH_KNOTS('',3,(#1631,#1632,#1633,#1634),.UNSPECIFIED.,.F.,.F.,(4,4),(0.00217676641629399,0.00259914213516502),.UNSPECIFIED.);
#840=B_SPLINE_CURVE_WITH_KNOTS('',3,(#1635,#1636,#1637,#1638,#1639),.UNSPECIFIED.,.F.,.F.,(4,1,4),(0.,0.000929605992219772,0.00185921198443954),.UNSPECIFIED.);
#841=B_SPLINE_CURVE_WITH_KNOTS('',3,(#1640,#1641,#1642,#1643,#1644),.UNSPECIFIED.,.F.,.F.,(4,1,4),(0.,0.000929605992219772,0.00185921198443954),.UNSPECIFIED.);
#842=B_SPLINE_CURVE_WITH_KNOTS('',3,(#1648,#1649,#1650,#1651),.UNSPECIFIED.,.F.,.F.,(4,4),(0.00217676641629654,0.00259914213516757),.UNSPECIFIED.);
#843=B_SPLINE_CURVE_WITH_KNOTS('',3,(#1655,#1656,#1657,#1658),.UNSPECIFIED.,.F.,.F.,(4,4),(0.,0.000196210377794893),.UNSPECIFIED.);
#844=B_SPLINE_CURVE_WITH_KNOTS('',3,(#1670,#1671,#1672,#1673,#1674),.UNSPECIFIED.,.F.,.F.,(4,1,4),(0.00512199060104152,0.00590317057310451,0.00668435054516751),.UNSPECIFIED.);
#845=B_SPLINE_CURVE_WITH_KNOTS('',3,(#1686,#1687,#1688,#1689),.UNSPECIFIED.,.F.,.F.,(4,4),(2.24537157930665E-07,0.0012530737317726),.UNSPECIFIED.);
#846=B_SPLINE_CURVE_WITH_KNOTS('',3,(#1691,#1692,#1693,#1694,#1695,#1696,#1697),.UNSPECIFIED.,.F.,.F.,(4,1,1,1,4),(0.,0.00183489921142971,0.00366979842285942,0.00550469763428913,0.00733959684571884),.UNSPECIFIED.);
#847=B_SPLINE_CURVE_WITH_KNOTS('',3,(#1735,#1736,#1737,#1738,#1739),.UNSPECIFIED.,.F.,.F.,(4,1,4),(0.,0.00236871289921666,0.00473742579843332),.UNSPECIFIED.);
#848=B_SPLINE_CURVE_WITH_KNOTS('',3,(#1742,#1743,#1744,#1745,#1746),.UNSPECIFIED.,.F.,.F.,(4,1,4),(0.,0.00394833347207464,0.00789666694414928),.UNSPECIFIED.);
#849=B_SPLINE_CURVE_WITH_KNOTS('',3,(#1772,#1773,#1774,#1775,#1776),.UNSPECIFIED.,.F.,.F.,(4,1,4),(0.,0.00238517453002791,0.00477034906005582),.UNSPECIFIED.);
#850=B_SPLINE_CURVE_WITH_KNOTS('',3,(#1780,#1781,#1782,#1783,#1784),.UNSPECIFIED.,.F.,.F.,(4,1,4),(0.,0.0039237826737599,0.00784756534751981),.UNSPECIFIED.);
#851=B_SPLINE_CURVE_WITH_KNOTS('',3,(#1865,#1866,#1867,#1868,#1869,#1870,#1871),.UNSPECIFIED.,.F.,.F.,(4,1,1,1,4),(0.,0.00220589481539134,0.00441178963078268,0.00661768444617402,0.00882357926156536),.UNSPECIFIED.);
#852=B_SPLINE_CURVE_WITH_KNOTS('',3,(#1873,#1874,#1875,#1876,#1877,#1878,#1879,#1880,#1881,#1882,#1883),.UNSPECIFIED.,.F.,.F.,(4,1,1,1,1,1,1,1,4),(0.00201192717349677,0.00409179868659805,0.00617167019969934,0.00825154171280062,0.0103314132259019,0.0124112847390032,0.0144911562521045,0.0165710277652058,0.018650899278307),.UNSPECIFIED.);
#853=B_SPLINE_CURVE_WITH_KNOTS('',3,(#1956,#1957,#1958,#1959,#1960,#1961,#1962,#1963,#1964,#1965,#1966),.UNSPECIFIED.,.F.,.F.,(4,1,1,1,1,1,1,1,4),(0.00134499711887412,0.00339136389201678,0.00543773066515944,0.0074840974383021,0.00953046421144477,0.0115768309845874,0.0136231977577301,0.0156695645308728,0.0177159313040154),.UNSPECIFIED.);
#854=B_SPLINE_CURVE_WITH_KNOTS('',3,(#1968,#1969,#1970,#1971,#1972,#1973,#1974),.UNSPECIFIED.,.F.,.F.,(4,1,1,1,4),(1.27301732025121E-14,0.00219595866690817,0.00439191733380362,0.00658787600069906,0.00878383466759451),.UNSPECIFIED.);
#855=B_SPLINE_CURVE_WITH_KNOTS('',3,(#1991,#1992,#1993,#1994,#1995,#1996,#1997),.UNSPECIFIED.,.F.,.F.,(4,1,1,1,4),(4.88217124750417E-05,0.00188617548829789,0.00372352926412073,0.00556088303994357,0.00739823681576642),.UNSPECIFIED.);
#856=B_SPLINE_CURVE_WITH_KNOTS('',3,(#2030,#2031,#2032,#2033),.UNSPECIFIED.,.F.,.F.,(4,4),(0.,0.000460657336633609),.UNSPECIFIED.);
#857=B_SPLINE_CURVE_WITH_KNOTS('',3,(#2052,#2053,#2054,#2055),.UNSPECIFIED.,.F.,.F.,(4,4),(0.,0.000366698894537945),.UNSPECIFIED.);
#858=B_SPLINE_CURVE_WITH_KNOTS('',3,(#2057,#2058,#2059,#2060,#2061),.UNSPECIFIED.,.F.,.F.,(4,1,4),(0.,0.000942316864331321,0.00188463372866264),.UNSPECIFIED.);
#859=B_SPLINE_CURVE_WITH_KNOTS('',3,(#2064,#2065,#2066,#2067,#2068),.UNSPECIFIED.,.F.,.F.,(4,1,4),(0.,0.000942316864331323,0.00188463372866265),.UNSPECIFIED.);
#860=B_SPLINE_CURVE_WITH_KNOTS('',3,(#2070,#2071,#2072,#2073),.UNSPECIFIED.,.F.,.F.,(4,4),(9.26342742239755E-19,0.000366698894537939),.UNSPECIFIED.);
#861=B_SPLINE_CURVE_WITH_KNOTS('',3,(#2143,#2144,#2145,#2146),.UNSPECIFIED.,.F.,.F.,(4,4),(0.,0.000195585555495893),.UNSPECIFIED.);
#862=B_SPLINE_CURVE_WITH_KNOTS('',3,(#2160,#2161,#2162,#2163,#2164),.UNSPECIFIED.,.F.,.F.,(4,1,4),(8.94056015336375E-19,0.00104452498971605,0.00208904997943211),.UNSPECIFIED.);
#863=B_SPLINE_CURVE_WITH_KNOTS('',3,(#2176,#2177,#2178,#2179,#2180),.UNSPECIFIED.,.F.,.F.,(4,1,4),(0.,0.00104452498971605,0.0020890499794321),.UNSPECIFIED.);
#864=B_SPLINE_CURVE_WITH_KNOTS('',3,(#2190,#2191,#2192,#2193,#2194),.UNSPECIFIED.,.F.,.F.,(4,1,4),(0.00512199060104151,0.00590317057310451,0.00668435054516751),.UNSPECIFIED.);
#865=B_SPLINE_CURVE_WITH_KNOTS('',3,(#2242,#2243,#2244,#2245),.UNSPECIFIED.,.F.,.F.,(4,4),(-6.86679713305976E-06,4.93138072368362E-05),.UNSPECIFIED.);
#866=B_SPLINE_CURVE_WITH_KNOTS('',3,(#2286,#2287,#2288,#2289),.UNSPECIFIED.,.F.,.F.,(4,4),(1.97106926528767E-07,0.00125615999520634),.UNSPECIFIED.);
#867=B_SPLINE_CURVE_WITH_KNOTS('',3,(#2291,#2292,#2293,#2294),.UNSPECIFIED.,.F.,.F.,(4,4),(-6.8667971329931E-06,4.93054431527622E-05),.UNSPECIFIED.);
#868=EDGE_LOOP('',(#256,#257,#258,#259,#260,#261,#262,#263));
#869=EDGE_LOOP('',(#264,#265,#266,#267,#268,#269));
#870=EDGE_LOOP('',(#270,#271,#272,#273,#274));
#871=EDGE_LOOP('',(#275,#276,#277,#278,#279,#280,#281,#282,#283,#284));
#872=EDGE_LOOP('',(#285,#286,#287,#288,#289,#290,#291,#292));
#873=EDGE_LOOP('',(#293,#294,#295,#296,#297));
#874=EDGE_LOOP('',(#298,#299,#300,#301));
#875=EDGE_LOOP('',(#302,#303,#304,#305));
#876=EDGE_LOOP('',(#306,#307,#308,#309));
#877=EDGE_LOOP('',(#310,#311,#312,#313,#314));
#878=EDGE_LOOP('',(#315,#316,#317,#318,#319,#320,#321));
#879=EDGE_LOOP('',(#322,#323,#324,#325));
#880=EDGE_LOOP('',(#326,#327,#328,#329));
#881=EDGE_LOOP('',(#330,#331,#332,#333));
#882=EDGE_LOOP('',(#334,#335,#336,#337));
#883=EDGE_LOOP('',(#338,#339,#340,#341));
#884=EDGE_LOOP('',(#342,#343,#344,#345));
#885=EDGE_LOOP('',(#346,#347,#348,#349));
#886=EDGE_LOOP('',(#350,#351,#352,#353,#354,#355,#356,#357,#358,#359));
#887=EDGE_LOOP('',(#360,#361,#362,#363,#364,#365,#366));
#888=EDGE_LOOP('',(#367,#368,#369,#370,#371,#372));
#889=EDGE_LOOP('',(#373,#374,#375,#376));
#890=EDGE_LOOP('',(#377,#378,#379,#380));
#891=EDGE_LOOP('',(#381,#382,#383,#384,#385));
#892=EDGE_LOOP('',(#386,#387,#388));
#893=EDGE_LOOP('',(#389,#390,#391));
#894=EDGE_LOOP('',(#392,#393,#394,#395,#396));
#895=EDGE_LOOP('',(#397,#398,#399,#400,#401));
#896=EDGE_LOOP('',(#402,#403,#404,#405));
#897=EDGE_LOOP('',(#406,#407,#408,#409));
#898=EDGE_LOOP('',(#410,#411,#412));
#899=EDGE_LOOP('',(#413,#414,#415,#416));
#900=EDGE_LOOP('',(#417,#418,#419,#420));
#901=EDGE_LOOP('',(#421,#422,#423));
#902=EDGE_LOOP('',(#424,#425,#426,#427,#428));
#903=EDGE_LOOP('',(#429,#430,#431,#432));
#904=EDGE_LOOP('',(#433,#434,#435,#436,#437));
#905=EDGE_LOOP('',(#438,#439,#440,#441));
#906=EDGE_LOOP('',(#442,#443,#444,#445));
#907=EDGE_LOOP('',(#446,#447,#448,#449));
#908=EDGE_LOOP('',(#450,#451,#452));
#909=EDGE_LOOP('',(#453,#454,#455,#456,#457));
#910=EDGE_LOOP('',(#458,#459,#460));
#911=EDGE_LOOP('',(#461,#462,#463));
#912=EDGE_LOOP('',(#464,#465,#466,#467));
#913=EDGE_LOOP('',(#468,#469,#470,#471));
#914=EDGE_LOOP('',(#472,#473,#474,#475));
#915=EDGE_LOOP('',(#476,#477,#478));
#916=EDGE_LOOP('',(#479,#480,#481,#482));
#917=EDGE_LOOP('',(#483,#484,#485,#486));
#918=EDGE_LOOP('',(#487,#488,#489,#490));
#919=EDGE_LOOP('',(#491,#492,#493));
#920=EDGE_LOOP('',(#494,#495,#496,#497));
#921=EDGE_LOOP('',(#498,#499,#500,#501));
#922=EDGE_LOOP('',(#502,#503,#504,#505,#506,#507));
#923=EDGE_LOOP('',(#508,#509,#510,#511,#512));
#924=EDGE_LOOP('',(#513,#514,#515,#516));
#925=EDGE_LOOP('',(#517,#518,#519,#520));
#926=EDGE_LOOP('',(#521,#522,#523,#524,#525,#526));
#927=EDGE_LOOP('',(#527,#528,#529,#530,#531));
#928=EDGE_LOOP('',(#532,#533,#534));
#929=EDGE_LOOP('',(#535,#536,#537,#538,#539));
#930=EDGE_LOOP('',(#540,#541,#542,#543));
#931=EDGE_LOOP('',(#544,#545,#546,#547,#548,#549));
#932=EDGE_LOOP('',(#550,#551,#552,#553,#554,#555));
#933=EDGE_LOOP('',(#556,#557,#558,#559));
#934=EDGE_LOOP('',(#560,#561,#562,#563));
#935=EDGE_LOOP('',(#564,#565,#566,#567,#568,#569,#570));
#936=EDGE_LOOP('',(#571,#572,#573,#574,#575,#576,#577));
#937=FACE_BOUND('',#868,.T.);
#938=FACE_BOUND('',#869,.T.);
#939=FACE_BOUND('',#870,.T.);
#940=FACE_BOUND('',#871,.T.);
#941=FACE_BOUND('',#872,.T.);
#942=FACE_BOUND('',#873,.T.);
#943=FACE_BOUND('',#874,.T.);
#944=FACE_BOUND('',#875,.T.);
#945=FACE_BOUND('',#876,.T.);
#946=FACE_BOUND('',#877,.T.);
#947=FACE_BOUND('',#878,.T.);
#948=FACE_BOUND('',#879,.T.);
#949=FACE_BOUND('',#880,.T.);
#950=FACE_BOUND('',#881,.T.);
#951=FACE_BOUND('',#882,.T.);
#952=FACE_BOUND('',#883,.T.);
#953=FACE_BOUND('',#884,.T.);
#954=FACE_BOUND('',#885,.T.);
#955=FACE_BOUND('',#886,.T.);
#956=FACE_BOUND('',#887,.T.);
#957=FACE_BOUND('',#888,.T.);
#958=FACE_BOUND('',#889,.T.);
#959=FACE_BOUND('',#890,.T.);
#960=FACE_BOUND('',#891,.T.);
#961=FACE_BOUND('',#892,.T.);
#962=FACE_BOUND('',#893,.T.);
#963=FACE_BOUND('',#894,.T.);
#964=FACE_BOUND('',#895,.T.);
#965=FACE_BOUND('',#896,.T.);
#966=FACE_BOUND('',#897,.T.);
#967=FACE_BOUND('',#898,.T.);
#968=FACE_BOUND('',#899,.T.);
#969=FACE_BOUND('',#900,.T.);
#970=FACE_BOUND('',#901,.T.);
#971=FACE_BOUND('',#902,.T.);
#972=FACE_BOUND('',#903,.T.);
#973=FACE_BOUND('',#904,.T.);
#974=FACE_BOUND('',#905,.T.);
#975=FACE_BOUND('',#906,.T.);
#976=FACE_BOUND('',#907,.T.);
#977=FACE_BOUND('',#908,.T.);
#978=FACE_BOUND('',#909,.T.);
#979=FACE_BOUND('',#910,.T.);
#980=FACE_BOUND('',#911,.T.);
#981=FACE_BOUND('',#912,.T.);
#982=FACE_BOUND('',#913,.T.);
#983=FACE_BOUND('',#914,.T.);
#984=FACE_BOUND('',#915,.T.);
#985=FACE_BOUND('',#916,.T.);
#986=FACE_BOUND('',#917,.T.);
#987=FACE_BOUND('',#918,.T.);
#988=FACE_BOUND('',#919,.T.);
#989=FACE_BOUND('',#920,.T.);
#990=FACE_BOUND('',#921,.T.);
#991=FACE_BOUND('',#922,.T.);
#992=FACE_BOUND('',#923,.T.);
#993=FACE_BOUND('',#924,.T.);
#994=FACE_BOUND('',#925,.T.);
#995=FACE_BOUND('',#926,.T.);
#996=FACE_BOUND('',#927,.T.);
#997=FACE_BOUND('',#928,.T.);
#998=FACE_BOUND('',#929,.T.);
#999=FACE_BOUND('',#930,.T.);
#1000=FACE_BOUND('',#931,.T.);
#1001=FACE_BOUND('',#932,.T.);
#1002=FACE_BOUND('',#933,.T.);
#1003=FACE_BOUND('',#934,.T.);
#1004=FACE_BOUND('',#935,.T.);
#1005=FACE_BOUND('',#936,.T.);
#1006=B_SPLINE_SURFACE_WITH_KNOTS('',3,1,((#1532,#1533),(#1534,#1535),(#1536,
#1537),(#1538,#1539)),.SURF_OF_LINEAR_EXTRUSION.,.F.,.F.,.F.,(4,4),(2,2),(0.0761568914588715,0.96644570947791),(0.,1.),.PIECEWISE_BEZIER_KNOTS.);
#1007=ADVANCED_FACE('',(#937),#1006,.F.);
#1008=ADVANCED_FACE('',(#938),#139,.T.);
#1009=ADVANCED_FACE('',(#939),#140,.F.);
#1010=ADVANCED_FACE('',(#940),#64,.F.);
#1011=ADVANCED_FACE('',(#941),#55,.T.);
#1012=ADVANCED_FACE('',(#942),#34,.F.);
#1013=ADVANCED_FACE('',(#943),#35,.T.);
#1014=ADVANCED_FACE('',(#944),#56,.T.);
#1015=ADVANCED_FACE('',(#945),#36,.T.);
#1016=ADVANCED_FACE('',(#946),#37,.T.);
#1017=ADVANCED_FACE('',(#947),#141,.T.);
#1018=ADVANCED_FACE('',(#948),#12,.T.);
#1019=ADVANCED_FACE('',(#949),#38,.T.);
#1020=ADVANCED_FACE('',(#950),#13,.T.);
#1021=ADVANCED_FACE('',(#951),#39,.T.);
#1022=ADVANCED_FACE('',(#952),#40,.T.);
#1023=ADVANCED_FACE('',(#953),#14,.T.);
#1024=ADVANCED_FACE('',(#954),#15,.T.);
#1025=ADVANCED_FACE('',(#955),#142,.T.);
#1026=ADVANCED_FACE('',(#956),#143,.T.);
#1027=ADVANCED_FACE('',(#957),#144,.T.);
#1028=ADVANCED_FACE('',(#958),#145,.T.);
#1029=ADVANCED_FACE('',(#959),#146,.F.);
#1030=ADVANCED_FACE('',(#960),#147,.F.);
#1031=ADVANCED_FACE('',(#961),#148,.F.);
#1032=ADVANCED_FACE('',(#962),#149,.T.);
#1033=ADVANCED_FACE('',(#963),#57,.T.);
#1034=ADVANCED_FACE('',(#964),#58,.T.);
#1035=ADVANCED_FACE('',(#965),#41,.F.);
#1036=ADVANCED_FACE('',(#966),#16,.F.);
#1037=ADVANCED_FACE('',(#967),#17,.F.);
#1038=ADVANCED_FACE('',(#968),#42,.F.);
#1039=ADVANCED_FACE('',(#969),#18,.F.);
#1040=ADVANCED_FACE('',(#970),#19,.F.);
#1041=ADVANCED_FACE('',(#971),#43,.F.);
#1042=ADVANCED_FACE('',(#972),#20,.T.);
#1043=ADVANCED_FACE('',(#973),#59,.T.);
#1044=ADVANCED_FACE('',(#974),#44,.T.);
#1045=ADVANCED_FACE('',(#975),#45,.T.);
#1046=ADVANCED_FACE('',(#976),#60,.T.);
#1047=ADVANCED_FACE('',(#977),#65,.T.);
#1048=ADVANCED_FACE('',(#978),#61,.T.);
#1049=ADVANCED_FACE('',(#979),#66,.T.);
#1050=ADVANCED_FACE('',(#980),#67,.T.);
#1051=ADVANCED_FACE('',(#981),#46,.T.);
#1052=ADVANCED_FACE('',(#982),#62,.T.);
#1053=ADVANCED_FACE('',(#983),#21,.T.);
#1054=ADVANCED_FACE('',(#984),#68,.T.);
#1055=ADVANCED_FACE('',(#985),#47,.T.);
#1056=ADVANCED_FACE('',(#986),#48,.T.);
#1057=ADVANCED_FACE('',(#987),#63,.T.);
#1058=ADVANCED_FACE('',(#988),#69,.T.);
#1059=ADVANCED_FACE('',(#989),#49,.T.);
#1060=ADVANCED_FACE('',(#990),#50,.T.);
#1061=ADVANCED_FACE('',(#991),#22,.T.);
#1062=ADVANCED_FACE('',(#992),#23,.T.);
#1063=ADVANCED_FACE('',(#993),#51,.T.);
#1064=ADVANCED_FACE('',(#994),#52,.T.);
#1065=ADVANCED_FACE('',(#995),#24,.T.);
#1066=ADVANCED_FACE('',(#996),#53,.T.);
#1067=ADVANCED_FACE('',(#997),#70,.T.);
#1068=ADVANCED_FACE('',(#998),#25,.T.);
#1069=ADVANCED_FACE('',(#999),#54,.T.);
#1070=ADVANCED_FACE('',(#1000),#150,.F.);
#1071=ADVANCED_FACE('',(#1001),#151,.T.);
#1072=ADVANCED_FACE('',(#1002),#152,.F.);
#1073=ADVANCED_FACE('',(#1003),#153,.F.);
#1074=ADVANCED_FACE('',(#1004),#154,.T.);
#1075=ADVANCED_FACE('',(#1005),#155,.F.);
#1076=CLOSED_SHELL('',(#1007,#1008,#1009,#1010,#1011,#1012,#1013,#1014,#1015,#1016,#1017,#1018,#1019,#1020,#1021,#1022,#1023,#1024,#1025,#1026,#1027,#1028,#1029,#1030,#1031,#1032,#1033,#1034,#1035,#1036,#1037,#1038,#1039,#1040,#1041,#1042,#1043,#1044,#1045,#1046,#1047,#1048,#1049,#1050,#1051,#1052,#1053,#1054,#1055,#1056,#1057,#1058,#1059,#1060,#1061,#1062,#1063,#1064,#1065,#1066,#1067,#1068,#1069,#1070,#1071,#1072,#1073,#1074,#1075));
#1077=STYLED_ITEM('',(#1078),#1085);
#1078=PRESENTATION_STYLE_ASSIGNMENT((#1079));
#1079=SURFACE_STYLE_USAGE(.BOTH.,#1080);
#1080=SURFACE_SIDE_STYLE('',(#1081));
#1081=SURFACE_STYLE_FILL_AREA(#1082);
#1082=FILL_AREA_STYLE('',(#1083));
#1083=FILL_AREA_STYLE_COLOUR('',#1084);
#1084=COLOUR_RGB('',0.992156862745098,0.847058823529412,0.207843137254902);
#1085=MANIFOLD_SOLID_BREP('test_phalanx',#1076);
#1086=SHAPE_DEFINITION_REPRESENTATION(#2339,#1087);
#1087=SHAPE_REPRESENTATION('test_phalanx',(#1088),#2334);
#1088=AXIS2_PLACEMENT_3D('',#1531,#1219,#1220);
#1089=AXIS2_PLACEMENT_3D('',#1576,#1225,#1226);
#1090=AXIS2_PLACEMENT_3D('',#1582,#1229,#1230);
#1091=AXIS2_PLACEMENT_3D('',#1588,#1233,#1234);
#1092=AXIS2_PLACEMENT_3D('',#1589,#1235,#1236);
#1093=AXIS2_PLACEMENT_3D('',#1602,#1240,#1241);
#1094=AXIS2_PLACEMENT_3D('',#1603,#1242,#1243);
#1095=AXIS2_PLACEMENT_3D('',#1604,#1244,#1245);
#1096=AXIS2_PLACEMENT_3D('',#1607,#1246,#1247);
#1097=AXIS2_PLACEMENT_3D('',#1609,#1248,#1249);
#1098=AXIS2_PLACEMENT_3D('',#1611,#1250,#1251);
#1099=AXIS2_PLACEMENT_3D('',#1613,#1252,#1253);
#1100=AXIS2_PLACEMENT_3D('',#1615,#1254,#1255);
#1101=AXIS2_PLACEMENT_3D('',#1617,#1256,#1257);
#1102=AXIS2_PLACEMENT_3D('',#1619,#1258,#1259);
#1103=AXIS2_PLACEMENT_3D('',#1621,#1260,#1261);
#1104=AXIS2_PLACEMENT_3D('',#1623,#1262,#1263);
#1105=AXIS2_PLACEMENT_3D('',#1624,#1264,#1265);
#1106=AXIS2_PLACEMENT_3D('',#1646,#1266,#1267);
#1107=AXIS2_PLACEMENT_3D('',#1652,#1268,#1269);
#1108=AXIS2_PLACEMENT_3D('',#1660,#1271,#1272);
#1109=AXIS2_PLACEMENT_3D('',#1662,#1273,#1274);
#1110=AXIS2_PLACEMENT_3D('',#1663,#1275,#1276);
#1111=AXIS2_PLACEMENT_3D('',#1667,#1278,#1279);
#1112=AXIS2_PLACEMENT_3D('',#1668,#1280,#1281);
#1113=AXIS2_PLACEMENT_3D('',#1669,#1282,#1283);
#1114=AXIS2_PLACEMENT_3D('',#1675,#1284,#1285);
#1115=AXIS2_PLACEMENT_3D('',#1676,#1286,#1287);
#1116=AXIS2_PLACEMENT_3D('',#1677,#1288,#1289);
#1117=AXIS2_PLACEMENT_3D('',#1681,#1291,#1292);
#1118=AXIS2_PLACEMENT_3D('',#1682,#1293,#1294);
#1119=AXIS2_PLACEMENT_3D('',#1683,#1295,#1296);
#1120=AXIS2_PLACEMENT_3D('',#1684,#1297,#1298);
#1121=AXIS2_PLACEMENT_3D('',#1690,#1299,#1300);
#1122=AXIS2_PLACEMENT_3D('',#1700,#1301,#1302);
#1123=AXIS2_PLACEMENT_3D('',#1704,#1304,#1305);
#1124=AXIS2_PLACEMENT_3D('',#1706,#1306,#1307);
#1125=AXIS2_PLACEMENT_3D('',#1732,#1310,#1311);
#1126=AXIS2_PLACEMENT_3D('',#1741,#1312,#1313);
#1127=AXIS2_PLACEMENT_3D('',#1747,#1314,#1315);
#1128=AXIS2_PLACEMENT_3D('',#1750,#1317,#1318);
#1129=AXIS2_PLACEMENT_3D('',#1778,#1319,#1320);
#1130=AXIS2_PLACEMENT_3D('',#1785,#1321,#1322);
#1131=AXIS2_PLACEMENT_3D('',#1787,#1324,#1325);
#1132=AXIS2_PLACEMENT_3D('',#1790,#1327,#1328);
#1133=AXIS2_PLACEMENT_3D('',#1793,#1330,#1331);
#1134=AXIS2_PLACEMENT_3D('',#1975,#1333,#1334);
#1135=AXIS2_PLACEMENT_3D('',#1983,#1339,#1340);
#1136=AXIS2_PLACEMENT_3D('',#1984,#1341,#1342);
#1137=AXIS2_PLACEMENT_3D('',#1989,#1344,#1345);
#1138=AXIS2_PLACEMENT_3D('',#2003,#1348,#1349);
#1139=AXIS2_PLACEMENT_3D('',#2004,#1350,#1351);
#1140=AXIS2_PLACEMENT_3D('',#2010,#1354,#1355);
#1141=AXIS2_PLACEMENT_3D('',#2016,#1358,#1359);
#1142=AXIS2_PLACEMENT_3D('',#2017,#1360,#1361);
#1143=AXIS2_PLACEMENT_3D('',#2021,#1364,#1365);
#1144=AXIS2_PLACEMENT_3D('',#2025,#1368,#1369);
#1145=AXIS2_PLACEMENT_3D('',#2036,#1373,#1374);
#1146=AXIS2_PLACEMENT_3D('',#2037,#1375,#1376);
#1147=AXIS2_PLACEMENT_3D('',#2043,#1379,#1380);
#1148=AXIS2_PLACEMENT_3D('',#2049,#1383,#1384);
#1149=AXIS2_PLACEMENT_3D('',#2050,#1385,#1386);
#1150=AXIS2_PLACEMENT_3D('',#2051,#1387,#1388);
#1151=AXIS2_PLACEMENT_3D('',#2062,#1389,#1390);
#1152=AXIS2_PLACEMENT_3D('',#2063,#1391,#1392);
#1153=AXIS2_PLACEMENT_3D('',#2074,#1393,#1394);
#1154=AXIS2_PLACEMENT_3D('',#2075,#1395,#1396);
#1155=AXIS2_PLACEMENT_3D('',#2076,#1397,#1398);
#1156=AXIS2_PLACEMENT_3D('',#2089,#1399,#1400);
#1157=AXIS2_PLACEMENT_3D('',#2105,#1401,#1402);
#1158=AXIS2_PLACEMENT_3D('',#2106,#1403,#1404);
#1159=AXIS2_PLACEMENT_3D('',#2107,#1405,#1406);
#1160=AXIS2_PLACEMENT_3D('',#2120,#1407,#1408);
#1161=AXIS2_PLACEMENT_3D('',#2136,#1409,#1410);
#1162=AXIS2_PLACEMENT_3D('',#2139,#1412,#1413);
#1163=AXIS2_PLACEMENT_3D('',#2141,#1414,#1415);
#1164=AXIS2_PLACEMENT_3D('',#2159,#1416,#1417);
#1165=AXIS2_PLACEMENT_3D('',#2165,#1418,#1419);
#1166=AXIS2_PLACEMENT_3D('',#2166,#1420,#1421);
#1167=AXIS2_PLACEMENT_3D('',#2167,#1422,#1423);
#1168=AXIS2_PLACEMENT_3D('',#2168,#1424,#1425);
#1169=AXIS2_PLACEMENT_3D('',#2169,#1426,#1427);
#1170=AXIS2_PLACEMENT_3D('',#2170,#1428,#1429);
#1171=AXIS2_PLACEMENT_3D('',#2171,#1430,#1431);
#1172=AXIS2_PLACEMENT_3D('',#2172,#1432,#1433);
#1173=AXIS2_PLACEMENT_3D('',#2173,#1434,#1435);
#1174=AXIS2_PLACEMENT_3D('',#2174,#1436,#1437);
#1175=AXIS2_PLACEMENT_3D('',#2175,#1438,#1439);
#1176=AXIS2_PLACEMENT_3D('',#2181,#1440,#1441);
#1177=AXIS2_PLACEMENT_3D('',#2182,#1442,#1443);
#1178=AXIS2_PLACEMENT_3D('',#2183,#1444,#1445);
#1179=AXIS2_PLACEMENT_3D('',#2184,#1446,#1447);
#1180=AXIS2_PLACEMENT_3D('',#2185,#1448,#1449);
#1181=AXIS2_PLACEMENT_3D('',#2186,#1450,#1451);
#1182=AXIS2_PLACEMENT_3D('',#2187,#1452,#1453);
#1183=AXIS2_PLACEMENT_3D('',#2188,#1454,#1455);
#1184=AXIS2_PLACEMENT_3D('',#2189,#1456,#1457);
#1185=AXIS2_PLACEMENT_3D('',#2195,#1458,#1459);
#1186=AXIS2_PLACEMENT_3D('',#2208,#1460,#1461);
#1187=AXIS2_PLACEMENT_3D('',#2209,#1462,#1463);
#1188=AXIS2_PLACEMENT_3D('',#2210,#1464,#1465);
#1189=AXIS2_PLACEMENT_3D('',#2211,#1466,#1467);
#1190=AXIS2_PLACEMENT_3D('',#2212,#1468,#1469);
#1191=AXIS2_PLACEMENT_3D('',#2213,#1470,#1471);
#1192=AXIS2_PLACEMENT_3D('',#2214,#1472,#1473);
#1193=AXIS2_PLACEMENT_3D('',#2215,#1474,#1475);
#1194=AXIS2_PLACEMENT_3D('',#2216,#1476,#1477);
#1195=AXIS2_PLACEMENT_3D('',#2217,#1478,#1479);
#1196=AXIS2_PLACEMENT_3D('',#2218,#1480,#1481);
#1197=AXIS2_PLACEMENT_3D('',#2219,#1482,#1483);
#1198=AXIS2_PLACEMENT_3D('',#2220,#1484,#1485);
#1199=AXIS2_PLACEMENT_3D('',#2221,#1486,#1487);
#1200=AXIS2_PLACEMENT_3D('',#2222,#1488,#1489);
#1201=AXIS2_PLACEMENT_3D('',#2224,#1490,#1491);
#1202=AXIS2_PLACEMENT_3D('',#2267,#1493,#1494);
#1203=AXIS2_PLACEMENT_3D('',#2268,#1495,#1496);
#1204=AXIS2_PLACEMENT_3D('',#2269,#1497,#1498);
#1205=AXIS2_PLACEMENT_3D('',#2270,#1499,#1500);
#1206=AXIS2_PLACEMENT_3D('',#2295,#1501,#1502);
#1207=AXIS2_PLACEMENT_3D('',#2296,#1503,#1504);
#1208=AXIS2_PLACEMENT_3D('',#2297,#1505,#1506);
#1209=AXIS2_PLACEMENT_3D('',#2298,#1507,#1508);
#1210=AXIS2_PLACEMENT_3D('',#2299,#1509,#1510);
#1211=AXIS2_PLACEMENT_3D('',#2321,#1511,#1512);
#1212=AXIS2_PLACEMENT_3D('',#2322,#1513,#1514);
#1213=AXIS2_PLACEMENT_3D('',#2323,#1515,#1516);
#1214=AXIS2_PLACEMENT_3D('',#2325,#1518,#1519);
#1215=AXIS2_PLACEMENT_3D('',#2327,#1521,#1522);
#1216=AXIS2_PLACEMENT_3D('',#2328,#1523,#1524);
#1217=AXIS2_PLACEMENT_3D('',#2331,#1527,#1528);
#1218=AXIS2_PLACEMENT_3D('',#2332,#1529,#1530);
#1219=DIRECTION('',(0.,0.,1.));
#1220=DIRECTION('',(1.,0.,0.));
#1221=DIRECTION('',(-1.,0.,0.));
#1222=DIRECTION('',(-1.,0.,0.));
#1223=DIRECTION('',(-1.,0.,0.));
#1224=DIRECTION('',(-1.,0.,0.));
#1225=DIRECTION('',(0.,-1.,0.));
#1226=DIRECTION('',(-1.,0.,0.));
#1227=DIRECTION('',(-1.,0.,0.));
#1228=DIRECTION('',(0.,-1.28498035257541E-16,1.));
#1229=DIRECTION('',(0.,-1.,0.));
#1230=DIRECTION('',(-1.,0.,0.));
#1231=DIRECTION('',(-1.,0.,0.));
#1232=DIRECTION('',(0.,0.,1.));
#1233=DIRECTION('',(0.,-1.,0.));
#1234=DIRECTION('',(-1.,0.,0.));
#1235=DIRECTION('',(0.,0.922360778937438,0.386329643540233));
#1236=DIRECTION('',(0.,-0.386329643540233,0.922360778937438));
#1237=DIRECTION('',(0.,0.386329643540233,-0.922360778937438));
#1238=DIRECTION('',(-1.,0.,0.));
#1239=DIRECTION('',(0.,0.386329643540233,-0.922360778937438));
#1240=DIRECTION('',(0.,0.922360778937438,0.386329643540233));
#1241=DIRECTION('',(0.,-0.386329643540233,0.922360778937438));
#1242=DIRECTION('',(0.,-1.,0.));
#1243=DIRECTION('',(0.,0.,1.));
#1244=DIRECTION('',(0.,1.,0.));
#1245=DIRECTION('',(1.,0.,0.));
#1246=DIRECTION('',(1.,0.,0.));
#1247=DIRECTION('',(0.,-1.,0.));
#1248=DIRECTION('',(0.,1.,-6.42490176287707E-17));
#1249=DIRECTION('',(0.,6.42490176287707E-17,1.));
#1250=DIRECTION('',(1.,0.,0.));
#1251=DIRECTION('',(0.,-1.,0.));
#1252=DIRECTION('',(0.,1.,0.));
#1253=DIRECTION('',(1.,0.,0.));
#1254=DIRECTION('',(0.,0.739940073395944,-0.672672793996312));
#1255=DIRECTION('',(0.,0.672672793996313,0.739940073395944));
#1256=DIRECTION('',(-1.,0.,0.));
#1257=DIRECTION('',(0.,1.,0.));
#1258=DIRECTION('',(0.,-0.922360778937438,-0.386329643540233));
#1259=DIRECTION('',(0.,0.386329643540233,-0.922360778937438));
#1260=DIRECTION('',(1.,0.,0.));
#1261=DIRECTION('',(0.,-1.,0.));
#1262=DIRECTION('',(0.,0.739940073395944,-0.672672793996312));
#1263=DIRECTION('',(0.,0.672672793996313,0.739940073395944));
#1264=DIRECTION('',(0.,0.922360778937438,0.386329643540233));
#1265=DIRECTION('',(0.,-0.386329643540233,0.922360778937438));
#1266=DIRECTION('',(0.,0.922360778937438,0.386329643540233));
#1267=DIRECTION('',(0.,-0.386329643540233,0.922360778937438));
#1268=DIRECTION('',(0.,-1.,0.));
#1269=DIRECTION('',(-1.,0.,0.));
#1270=DIRECTION('',(0.,-1.,0.));
#1271=DIRECTION('',(0.,0.658721993841339,-0.752386426532065));
#1272=DIRECTION('',(0.,-0.752386426532065,-0.658721993841339));
#1273=DIRECTION('',(0.,-1.,0.));
#1274=DIRECTION('',(-1.,0.,0.));
#1275=DIRECTION('',(-1.,0.,0.));
#1276=DIRECTION('',(0.,1.,0.));
#1277=DIRECTION('',(-1.,0.,0.));
#1278=DIRECTION('',(1.,0.,0.));
#1279=DIRECTION('',(0.,-1.,0.));
#1280=DIRECTION('',(1.,0.,0.));
#1281=DIRECTION('',(0.,-1.,0.));
#1282=DIRECTION('',(0.,-1.,0.));
#1283=DIRECTION('',(-1.,0.,0.));
#1284=DIRECTION('',(0.176202678626154,0.,0.984353907923857));
#1285=DIRECTION('',(0.984353907923857,0.,-0.176202678626154));
#1286=DIRECTION('',(1.,0.,0.));
#1287=DIRECTION('',(0.,-1.,0.));
#1288=DIRECTION('',(1.,0.,0.));
#1289=DIRECTION('',(0.,-1.,0.));
#1290=DIRECTION('',(1.,0.,0.));
#1291=DIRECTION('',(-1.,0.,0.));
#1292=DIRECTION('',(0.,1.,0.));
#1293=DIRECTION('',(-1.,0.,0.));
#1294=DIRECTION('',(0.,1.,0.));
#1295=DIRECTION('',(1.,0.,0.));
#1296=DIRECTION('',(0.,-1.,0.));
#1297=DIRECTION('',(1.,5.6676815255156E-16,-2.12679934797473E-17));
#1298=DIRECTION('',(5.6676815255156E-16,-1.,0.));
#1299=DIRECTION('',(0.,-0.739940073395944,0.672672793996312));
#1300=DIRECTION('',(0.,-0.672672793996313,-0.739940073395944));
#1301=DIRECTION('',(0.,-0.739940073395944,0.672672793996312));
#1302=DIRECTION('',(0.,-0.672672793996313,-0.739940073395944));
#1303=DIRECTION('',(0.,0.672672793996313,0.739940073395944));
#1304=DIRECTION('',(0.,-0.739940073395944,0.672672793996312));
#1305=DIRECTION('',(0.,-0.672672793996313,-0.739940073395944));
#1306=DIRECTION('',(0.,-0.739940073395944,0.672672793996312));
#1307=DIRECTION('',(0.,-0.672672793996313,-0.739940073395944));
#1308=DIRECTION('',(-1.,0.,0.));
#1309=DIRECTION('',(0.,0.672672793996313,0.739940073395944));
#1310=DIRECTION('',(-8.67361737988403E-16,-1.,0.));
#1311=DIRECTION('',(-1.,8.67361737988403E-16,0.));
#1312=DIRECTION('',(1.,0.,0.));
#1313=DIRECTION('',(0.,-1.,0.));
#1314=DIRECTION('',(-1.,0.,0.));
#1315=DIRECTION('',(0.,1.,0.));
#1316=DIRECTION('',(1.,0.,0.));
#1317=DIRECTION('',(1.,0.,0.));
#1318=DIRECTION('',(0.,-1.,0.));
#1319=DIRECTION('',(0.,1.,0.));
#1320=DIRECTION('',(1.,0.,0.));
#1321=DIRECTION('',(0.,-1.,0.));
#1322=DIRECTION('',(-1.,0.,0.));
#1323=DIRECTION('',(0.,1.,0.));
#1324=DIRECTION('',(0.,-1.,0.));
#1325=DIRECTION('',(-1.,0.,0.));
#1326=DIRECTION('',(0.,1.,0.));
#1327=DIRECTION('',(0.,-1.,0.));
#1328=DIRECTION('',(-1.,0.,0.));
#1329=DIRECTION('',(0.,-1.,0.));
#1330=DIRECTION('',(0.,-1.,0.));
#1331=DIRECTION('',(-1.,0.,0.));
#1332=DIRECTION('',(0.,-1.,0.));
#1333=DIRECTION('',(0.,0.,-1.));
#1334=DIRECTION('',(0.,1.,0.));
#1335=DIRECTION('',(0.,-1.,0.));
#1336=DIRECTION('',(1.,0.,0.));
#1337=DIRECTION('',(0.,-1.,0.));
#1338=DIRECTION('',(-1.,0.,0.));
#1339=DIRECTION('',(0.,-0.739940073395944,0.672672793996312));
#1340=DIRECTION('',(0.,-0.672672793996313,-0.739940073395944));
#1341=DIRECTION('',(0.,-0.739940073395944,0.672672793996312));
#1342=DIRECTION('',(0.,-0.672672793996313,-0.739940073395944));
#1343=DIRECTION('',(0.,0.672672793996313,0.739940073395944));
#1344=DIRECTION('',(0.,-0.739940073395944,0.672672793996312));
#1345=DIRECTION('',(0.,0.672672793996313,0.739940073395944));
#1346=DIRECTION('',(0.,0.672672793996313,0.739940073395944));
#1347=DIRECTION('',(-1.,0.,0.));
#1348=DIRECTION('',(0.,-0.739940073395944,0.672672793996312));
#1349=DIRECTION('',(0.,-0.672672793996313,-0.739940073395944));
#1350=DIRECTION('',(0.,-1.,0.));
#1351=DIRECTION('',(-1.,0.,0.));
#1352=DIRECTION('',(0.,-1.28498035257541E-16,1.));
#1353=DIRECTION('',(-1.,0.,0.));
#1354=DIRECTION('',(0.,-1.,0.));
#1355=DIRECTION('',(-1.,0.,0.));
#1356=DIRECTION('',(0.,0.,1.));
#1357=DIRECTION('',(-1.,0.,0.));
#1358=DIRECTION('',(0.,-1.,0.));
#1359=DIRECTION('',(-1.,0.,0.));
#1360=DIRECTION('',(1.,0.,0.));
#1361=DIRECTION('',(0.,0.,-1.));
#1362=DIRECTION('',(0.,0.672672793996313,0.739940073395944));
#1363=DIRECTION('',(0.,0.,1.));
#1364=DIRECTION('',(1.,0.,0.));
#1365=DIRECTION('',(0.,0.,-1.));
#1366=DIRECTION('',(0.,0.,1.));
#1367=DIRECTION('',(0.,0.672672793996313,0.739940073395944));
#1368=DIRECTION('',(0.,0.922360778937438,0.386329643540233));
#1369=DIRECTION('',(0.,-0.386329643540233,0.922360778937438));
#1370=DIRECTION('',(-1.,0.,0.));
#1371=DIRECTION('',(0.,0.386329643540233,-0.922360778937438));
#1372=DIRECTION('',(0.,0.386329643540233,-0.922360778937438));
#1373=DIRECTION('',(1.,0.,0.));
#1374=DIRECTION('',(0.,0.,-1.));
#1375=DIRECTION('',(1.,0.,0.));
#1376=DIRECTION('',(0.,-1.,0.));
#1377=DIRECTION('',(0.,0.672672793996313,0.739940073395944));
#1378=DIRECTION('',(0.,0.386329643540233,-0.922360778937438));
#1379=DIRECTION('',(1.,0.,0.));
#1380=DIRECTION('',(0.,0.,-1.));
#1381=DIRECTION('',(0.,0.386329643540233,-0.922360778937438));
#1382=DIRECTION('',(0.,0.672672793996313,0.739940073395944));
#1383=DIRECTION('',(1.,0.,0.));
#1384=DIRECTION('',(0.,-1.,0.));
#1385=DIRECTION('',(1.,0.,0.));
#1386=DIRECTION('',(0.,-1.,0.));
#1387=DIRECTION('',(0.,-0.991059274465661,-0.133422316332755));
#1388=DIRECTION('',(0.,0.133422316332755,-0.991059274465661));
#1389=DIRECTION('',(1.,0.,0.));
#1390=DIRECTION('',(0.,-1.,0.));
#1391=DIRECTION('',(0.,-0.991059274465661,-0.133422316332755));
#1392=DIRECTION('',(0.,0.133422316332755,-0.991059274465661));
#1393=DIRECTION('',(0.,-0.386329643540233,0.922360778937438));
#1394=DIRECTION('',(0.,-0.922360778937438,-0.386329643540233));
#1395=DIRECTION('',(0.,0.975024593788919,-0.222096919174384));
#1396=DIRECTION('',(0.,0.222096919174384,0.975024593788919));
#1397=DIRECTION('',(0.,0.386329643540233,-0.922360778937438));
#1398=DIRECTION('',(0.,0.922360778937438,0.386329643540233));
#1399=DIRECTION('',(-0.20355119573873,0.378241563438318,-0.903050513759374));
#1400=DIRECTION('',(0.,0.922360778937438,0.386329643540231));
#1401=DIRECTION('',(0.,0.386329643540233,-0.922360778937438));
#1402=DIRECTION('',(0.,0.922360778937438,0.386329643540233));
#1403=DIRECTION('',(0.,0.975024593788919,-0.222096919174384));
#1404=DIRECTION('',(0.,-0.222096919174384,-0.975024593788919));
#1405=DIRECTION('',(8.37718877643741E-17,0.386329643540233,-0.922360778937438));
#1406=DIRECTION('',(0.,0.922360778937438,0.386329643540233));
#1407=DIRECTION('',(0.20355119573873,0.378241563438319,-0.903050513759374));
#1408=DIRECTION('',(0.,0.922360778937438,0.386329643540233));
#1409=DIRECTION('',(0.,-1.,0.));
#1410=DIRECTION('',(-1.,0.,0.));
#1411=DIRECTION('',(0.,-1.,0.));
#1412=DIRECTION('',(0.,-1.,0.));
#1413=DIRECTION('',(-1.,0.,0.));
#1414=DIRECTION('',(0.,0.658721993841339,-0.752386426532065));
#1415=DIRECTION('',(0.,-0.752386426532065,-0.658721993841339));
#1416=DIRECTION('',(-0.131305010382508,-0.666848804238436,-0.733533684662277));
#1417=DIRECTION('',(0.,0.739940073395943,-0.672672793996314));
#1418=DIRECTION('',(0.,-0.739940073395944,0.672672793996312));
#1419=DIRECTION('',(0.,-0.672672793996313,-0.739940073395944));
#1420=DIRECTION('',(0.689562749050019,0.487167087916126,0.535883796707739));
#1421=DIRECTION('',(0.61362465126515,0.,-0.789597864333309));
#1422=DIRECTION('',(-1.,0.,0.));
#1423=DIRECTION('',(0.,1.,0.));
#1424=DIRECTION('',(-1.,0.,0.));
#1425=DIRECTION('',(0.,1.,0.));
#1426=DIRECTION('',(1.,0.,0.));
#1427=DIRECTION('',(0.,-1.,0.));
#1428=DIRECTION('',(0.,0.,-1.));
#1429=DIRECTION('',(0.,1.,0.));
#1430=DIRECTION('',(0.,5.42101086242752E-16,1.));
#1431=DIRECTION('',(0.,-1.,5.42101086242752E-16));
#1432=DIRECTION('',(0.,0.,-1.));
#1433=DIRECTION('',(0.,1.,0.));
#1434=DIRECTION('',(0.,-1.,0.));
#1435=DIRECTION('',(-1.,0.,0.));
#1436=DIRECTION('',(0.984353907923857,-4.33680868994202E-16,-0.176202678626154));
#1437=DIRECTION('',(-0.176202678626154,0.,-0.984353907923857));
#1438=DIRECTION('',(0.,-0.739940073395944,0.672672793996312));
#1439=DIRECTION('',(0.,-0.672672793996313,-0.739940073395944));
#1440=DIRECTION('',(-0.68956274905002,0.487167087916126,0.535883796707739));
#1441=DIRECTION('',(0.61362465126515,0.,0.78959786433331));
#1442=DIRECTION('',(0.,-0.739940073395944,0.672672793996312));
#1443=DIRECTION('',(0.,-0.672672793996313,-0.739940073395944));
#1444=DIRECTION('',(1.07938369084159E-15,0.672672793996312,0.739940073395944));
#1445=DIRECTION('',(0.,-0.739940073395944,0.672672793996312));
#1446=DIRECTION('',(-1.,0.,-1.0842021724855E-16));
#1447=DIRECTION('',(-1.0842021724855E-16,0.,1.));
#1448=DIRECTION('',(2.11500858340582E-16,-0.672672793996312,-0.739940073395944));
#1449=DIRECTION('',(0.,0.739940073395944,-0.672672793996312));
#1450=DIRECTION('',(-1.,0.,0.));
#1451=DIRECTION('',(0.,1.,0.));
#1452=DIRECTION('',(1.,0.,0.));
#1453=DIRECTION('',(0.,-1.,0.));
#1454=DIRECTION('',(1.,0.,0.));
#1455=DIRECTION('',(0.,-1.,0.));
#1456=DIRECTION('',(0.,-1.,0.));
#1457=DIRECTION('',(-1.,0.,0.));
#1458=DIRECTION('',(-0.176202678626152,1.64696556522329E-15,0.984353907923857));
#1459=DIRECTION('',(0.984353907923857,0.,0.176202678626152));
#1460=DIRECTION('',(0.13130501038251,-0.666848804238435,-0.733533684662278));
#1461=DIRECTION('',(0.,0.739940073395944,-0.672672793996312));
#1462=DIRECTION('',(0.,-0.739940073395944,0.672672793996312));
#1463=DIRECTION('',(0.,-0.672672793996313,-0.739940073395944));
#1464=DIRECTION('',(-5.68864377605703E-16,0.672672793996313,0.739940073395944));
#1465=DIRECTION('',(0.,-0.739940073395944,0.672672793996313));
#1466=DIRECTION('',(0.,0.672672793996313,0.739940073395944));
#1467=DIRECTION('',(0.,-0.739940073395944,0.672672793996313));
#1468=DIRECTION('',(-3.64656652311348E-17,0.672672793996312,0.739940073395944));
#1469=DIRECTION('',(0.,-0.739940073395944,0.672672793996312));
#1470=DIRECTION('',(0.,-0.672672793996313,-0.739940073395944));
#1471=DIRECTION('',(0.,0.739940073395944,-0.672672793996313));
#1472=DIRECTION('',(0.,0.672672793996312,0.739940073395944));
#1473=DIRECTION('',(0.,-0.739940073395944,0.672672793996312));
#1474=DIRECTION('',(0.,-1.,0.));
#1475=DIRECTION('',(-1.,0.,0.));
#1476=DIRECTION('',(0.,0.,1.));
#1477=DIRECTION('',(0.,-1.,0.));
#1478=DIRECTION('',(-0.984353907923857,-4.33680868994202E-16,-0.176202678626154));
#1479=DIRECTION('',(-0.176202678626154,0.,0.984353907923857));
#1480=DIRECTION('',(-1.,0.,0.));
#1481=DIRECTION('',(0.,1.,0.));
#1482=DIRECTION('',(0.,-0.672672793996313,-0.739940073395944));
#1483=DIRECTION('',(0.,0.739940073395944,-0.672672793996313));
#1484=DIRECTION('',(0.,0.672672793996312,0.739940073395944));
#1485=DIRECTION('',(0.,-0.739940073395944,0.672672793996313));
#1486=DIRECTION('',(1.,0.,0.));
#1487=DIRECTION('',(0.,-1.,0.));
#1488=DIRECTION('',(1.,0.,0.));
#1489=DIRECTION('',(0.,-1.,0.));
#1490=DIRECTION('',(1.,0.,0.));
#1491=DIRECTION('',(0.,-1.,0.));
#1492=DIRECTION('',(1.,0.,0.));
#1493=DIRECTION('',(0.,0.,1.));
#1494=DIRECTION('',(0.,-1.,0.));
#1495=DIRECTION('',(2.16840434497101E-16,0.,1.));
#1496=DIRECTION('',(1.,0.,-2.16840434497101E-16));
#1497=DIRECTION('',(-1.,0.,0.));
#1498=DIRECTION('',(0.,1.,0.));
#1499=DIRECTION('',(1.,0.,0.));
#1500=DIRECTION('',(0.,-1.,0.));
#1501=DIRECTION('',(-1.,0.,0.));
#1502=DIRECTION('',(0.,1.,0.));
#1503=DIRECTION('',(1.,0.,0.));
#1504=DIRECTION('',(0.,-1.,0.));
#1505=DIRECTION('',(1.,0.,0.));
#1506=DIRECTION('',(0.,-1.,0.));
#1507=DIRECTION('',(1.,0.,1.0842021724855E-16));
#1508=DIRECTION('',(1.0842021724855E-16,0.,-1.));
#1509=DIRECTION('',(0.,-0.672672793996312,-0.739940073395944));
#1510=DIRECTION('',(0.,0.739940073395944,-0.672672793996312));
#1511=DIRECTION('',(-6.76511021377362E-14,-0.672672793996512,-0.739940073395762));
#1512=DIRECTION('',(0.,0.739940073395762,-0.672672793996512));
#1513=DIRECTION('',(0.,0.672672793996313,0.739940073395944));
#1514=DIRECTION('',(0.,-0.739940073395944,0.672672793996313));
#1515=DIRECTION('',(1.,0.,0.));
#1516=DIRECTION('',(0.,0.,-1.));
#1517=DIRECTION('',(0.,6.42490176287707E-17,1.));
#1518=DIRECTION('',(1.,0.,0.));
#1519=DIRECTION('',(0.,0.,-1.));
#1520=DIRECTION('',(0.,6.42490176287707E-17,1.));
#1521=DIRECTION('',(0.,1.,-6.42490176287707E-17));
#1522=DIRECTION('',(0.,6.42490176287707E-17,1.));
#1523=DIRECTION('',(0.,1.,-6.42490176287707E-17));
#1524=DIRECTION('',(0.,6.42490176287707E-17,1.));
#1525=DIRECTION('',(0.,6.42490176287707E-17,1.));
#1526=DIRECTION('',(0.,6.42490176287707E-17,1.));
#1527=DIRECTION('',(1.,0.,0.));
#1528=DIRECTION('',(0.,0.,-1.));
#1529=DIRECTION('',(1.,0.,0.));
#1530=DIRECTION('',(0.,0.,-1.));
#1531=CARTESIAN_POINT('',(0.,0.,0.));
#1532=CARTESIAN_POINT('',(0.0025,0.0163074326332934,-0.00441228927390249));
#1533=CARTESIAN_POINT('',(-0.0025,0.0163074326332934,-0.00441228927390249));
#1534=CARTESIAN_POINT('',(0.0025,0.0148387146644737,0.00416089661286164));
#1535=CARTESIAN_POINT('',(-0.0025,0.0148387146644737,0.00416089661286164));
#1536=CARTESIAN_POINT('',(0.0025,0.00534717912130298,0.00657665071910598));
#1537=CARTESIAN_POINT('',(-0.0025,0.00534717912130298,0.00657665071910598));
#1538=CARTESIAN_POINT('',(0.0025,0.000972165408818804,0.00674082325126699));
#1539=CARTESIAN_POINT('',(-0.0025,0.000972165408818804,0.00674082325126699));
#1540=CARTESIAN_POINT('',(-0.0001,0.0165,-0.00675));
#1541=CARTESIAN_POINT('',(-0.0001,0.0165,0.00409502210095525));
#1542=CARTESIAN_POINT('',(-0.0001,0.00495998430227457,0.00675));
#1543=CARTESIAN_POINT('',(-0.0001,0.000500000000000119,0.00675));
#1544=CARTESIAN_POINT('',(-0.0001,0.0015,0.00671158872528063));
#1545=CARTESIAN_POINT('',(-0.0001,0.00097216541083322,0.0067408232511914));
#1546=CARTESIAN_POINT('',(1.7347234759768E-18,0.0015,0.00671158872501498));
#1547=CARTESIAN_POINT('',(0.0001,0.0015,0.00671158872528063));
#1548=CARTESIAN_POINT('',(0.0001,0.0165,-0.00675));
#1549=CARTESIAN_POINT('',(0.0001,0.0165,0.00409502210095525));
#1550=CARTESIAN_POINT('',(0.0001,0.00495998430227457,0.00675));
#1551=CARTESIAN_POINT('',(0.0001,0.000500000000000119,0.00675));
#1552=CARTESIAN_POINT('',(0.0001,0.00097216541083322,0.0067408232511914));
#1553=CARTESIAN_POINT('',(-0.0025,0.000972165410833221,0.0067408232511914));
#1554=CARTESIAN_POINT('',(0.0025,0.000972165410833219,0.0067408232511914));
#1555=CARTESIAN_POINT('',(0.0025,0.000972165410833218,0.0067408232511914));
#1556=CARTESIAN_POINT('',(0.0025,0.00268607248865669,0.00667650883198499));
#1557=CARTESIAN_POINT('',(0.0025,0.00607008391068931,0.00603493082752094));
#1558=CARTESIAN_POINT('',(0.00250000000000001,0.0100149849051799,0.00434166133282813));
#1559=CARTESIAN_POINT('',(0.0025,0.0127492962032399,0.00227925187445538));
#1560=CARTESIAN_POINT('',(0.0025,0.0144724925118291,0.000334825588317342));
#1561=CARTESIAN_POINT('',(0.00250000000000001,0.0156941531386643,-0.00189616289646442));
#1562=CARTESIAN_POINT('',(0.00249999999999999,0.0161633958624295,-0.00357151927059926));
#1563=CARTESIAN_POINT('',(0.00249999999999999,0.0163074326333945,-0.00441228927449233));
#1564=CARTESIAN_POINT('',(0.0025,0.0163074326333946,-0.00441228927449231));
#1565=CARTESIAN_POINT('',(0.0025,0.0163074326333977,-0.00441228927451055));
#1566=CARTESIAN_POINT('',(-0.0025,0.0163074326333991,-0.00441228927451858));
#1567=CARTESIAN_POINT('',(-0.0025,0.016307432633399,-0.00441228927451861));
#1568=CARTESIAN_POINT('',(-0.0025,0.0160177943149987,-0.00272161536909454));
#1569=CARTESIAN_POINT('',(-0.0025,0.0147109956017404,0.000520857780493655));
#1570=CARTESIAN_POINT('',(-0.0025,0.0107899780097754,0.00402195375002485));
#1571=CARTESIAN_POINT('',(-0.0025,0.00603517394104181,0.00604108638842334));
#1572=CARTESIAN_POINT('',(-0.0025,0.0026875010233656,0.00667645522617327));
#1573=CARTESIAN_POINT('',(-0.0025,0.000972165410833218,0.0067408232511914));
#1574=CARTESIAN_POINT('',(-0.0025,0.000972165410833221,0.0067408232511914));
#1575=CARTESIAN_POINT('',(-0.0025,0.000972165410833221,0.0067408232511914));
#1576=CARTESIAN_POINT('',(0.0075,-0.0045,-0.00275));
#1577=CARTESIAN_POINT('',(0.0075,-0.0045,-0.00575));
#1578=CARTESIAN_POINT('',(-0.0055,-0.0045,-0.00575));
#1579=CARTESIAN_POINT('',(-0.0001,-0.0045,-0.00575));
#1580=CARTESIAN_POINT('',(-0.0001,-0.0045,0.));
#1581=CARTESIAN_POINT('',(-0.0001,-0.0045,-0.00489897948556635));
#1582=CARTESIAN_POINT('',(0.,-0.0045,-4.59242549680257E-21));
#1583=CARTESIAN_POINT('',(-0.0048233341488269,-0.0045,0.00086339312526815));
#1584=CARTESIAN_POINT('',(0.0075,-0.0045,0.00086339312526815));
#1585=CARTESIAN_POINT('',(-0.0065,-0.0045,0.00086339312526815));
#1586=CARTESIAN_POINT('',(-0.0065,-0.0045,-0.00475));
#1587=CARTESIAN_POINT('',(-0.0065,-0.0045,-0.00475));
#1588=CARTESIAN_POINT('',(-0.0055,-0.0045,-0.00475));
#1589=CARTESIAN_POINT('',(0.0018,0.000546729410877561,0.00581295862811805));
#1590=CARTESIAN_POINT('',(-0.0001,0.000546729410877561,0.00581295862811805));
#1591=CARTESIAN_POINT('',(-0.0001,0.000509423552058632,0.00590202624582358));
#1592=CARTESIAN_POINT('',(-0.0001,0.0012594111500379,0.00411143327261434));
#1593=CARTESIAN_POINT('',(-0.0013,0.000509423552058631,0.00590202624582359));
#1594=CARTESIAN_POINT('',(-0.0013,0.000509423552058633,0.00590202624582358));
#1595=CARTESIAN_POINT('',(-0.0013,-0.00144303332032283,0.0105635107365005));
#1596=CARTESIAN_POINT('',(-0.0013,0.00119278121535332,0.00427051202694715));
#1597=CARTESIAN_POINT('',(-0.00134800547447078,0.00136977781846062,0.00384793320743098));
#1598=CARTESIAN_POINT('',(-0.00131659091382791,0.0013114028603123,0.00398730323188658));
#1599=CARTESIAN_POINT('',(-0.0013,0.00125242783900951,0.00412810590518966));
#1600=CARTESIAN_POINT('',(-0.0013,0.00119278121535332,0.00427051202694715));
#1601=CARTESIAN_POINT('',(-0.00134800547447078,0.00136977781846062,0.00384793320743098));
#1602=CARTESIAN_POINT('',(0.,0.00253649214207795,0.00106240651973564));
#1603=CARTESIAN_POINT('',(0.,0.,-2.4492935982947E-19));
#1604=CARTESIAN_POINT('',(0.,-0.000888819441731558,-4.59242549680257E-21));
#1605=CARTESIAN_POINT('',(-0.0001,-0.000888819441731558,-0.00389871773792358));
#1606=CARTESIAN_POINT('',(-0.00272196211275864,-0.000888819441731558,0.0027930131143098));
#1607=CARTESIAN_POINT('',(-0.0001,0.,-2.4492935982947E-19));
#1608=CARTESIAN_POINT('',(-0.0001,0.0015,-0.00370675059857012));
#1609=CARTESIAN_POINT('',(0.,0.0015,-3.41302886272627E-19));
#1610=CARTESIAN_POINT('',(0.0001,0.0015,-0.00370675059857012));
#1611=CARTESIAN_POINT('',(0.0001,0.,-2.4492935982947E-19));
#1612=CARTESIAN_POINT('',(0.0001,-0.000888819441731558,-0.00389871773792358));
#1613=CARTESIAN_POINT('',(0.,-0.000888819441731558,-4.59242549680257E-21));
#1614=CARTESIAN_POINT('',(0.00272196211275864,-0.000888819441731558,0.0027930131143098));
#1615=CARTESIAN_POINT('',(0.,-0.00187682622182623,0.00170620565620566));
#1616=CARTESIAN_POINT('',(0.00224,-0.000442157610809145,0.00328434112832445));
#1617=CARTESIAN_POINT('',(0.00224,0.,-2.4492935982947E-19));
#1618=CARTESIAN_POINT('',(0.00224,0.00222313897899717,0.00245765194445092));
#1619=CARTESIAN_POINT('',(0.,0.00276708233681231,0.0011589889306207));
#1620=CARTESIAN_POINT('',(-0.00224,0.00222313897899717,0.00245765194445092));
#1621=CARTESIAN_POINT('',(-0.00224,0.,-2.4492935982947E-19));
#1622=CARTESIAN_POINT('',(-0.00224,-0.000442157610809145,0.00328434112832445));
#1623=CARTESIAN_POINT('',(0.,-0.00187682622182623,0.00170620565620566));
#1624=CARTESIAN_POINT('',(0.,0.00345885292101539,0.00144873616327587));
#1625=CARTESIAN_POINT('',(-0.000100000000000001,0.0015,0.00376607730490156));
#1626=CARTESIAN_POINT('',(-3.34733626977429E-05,0.0015,0.00376736932452034));
#1627=CARTESIAN_POINT('',(3.3192713240658E-05,0.0015,0.0037673747750379));
#1628=CARTESIAN_POINT('',(9.99999999999998E-05,0.0015,0.00376607730490156));
#1629=CARTESIAN_POINT('',(-0.0001,0.0015,0.00376607730490156));
#1630=CARTESIAN_POINT('',(0.0001,0.0015,0.00376607730490156));
#1631=CARTESIAN_POINT('',(-0.0001,0.0015,0.00376607730490156));
#1632=CARTESIAN_POINT('',(-0.0001,0.00139703198359086,0.00386210183120067));
#1633=CARTESIAN_POINT('',(-0.0001,0.00131398052652838,0.00398114906210262));
#1634=CARTESIAN_POINT('',(-0.0001,0.00125941115003788,0.00411143327261433));
#1635=CARTESIAN_POINT('',(-0.00134800547447078,0.00136977781846062,0.00384793320743098));
#1636=CARTESIAN_POINT('',(-0.00147159742294033,0.00148120355573163,0.00358190461878538));
#1637=CARTESIAN_POINT('',(-0.00182020085882971,0.0017732493165539,0.00315700911763115));
#1638=CARTESIAN_POINT('',(-0.00211940435335017,0.00207495425965435,0.00270161223163169));
#1639=CARTESIAN_POINT('',(-0.00224,0.0022231389789977,0.00245765194445045));
#1640=CARTESIAN_POINT('',(0.00134800547447078,0.00136977781846062,0.00384793320743098));
#1641=CARTESIAN_POINT('',(0.00147159742294033,0.00148120355573163,0.00358190461878538));
#1642=CARTESIAN_POINT('',(0.00182020085882678,0.00177324931655663,0.00315700911763135));
#1643=CARTESIAN_POINT('',(0.00211940435335605,0.00207495425964888,0.00270161223163128));
#1644=CARTESIAN_POINT('',(0.00224,0.0022231389789977,0.00245765194445045));
#1645=CARTESIAN_POINT('',(0.00134800547447078,0.00136977781846062,0.00384793320743098));
#1646=CARTESIAN_POINT('',(0.,0.00253649214207795,0.00106240651973564));
#1647=CARTESIAN_POINT('',(0.0001,0.0012594111500379,0.00411143327261434));
#1648=CARTESIAN_POINT('',(0.0001,0.0015,0.00376607730490156));
#1649=CARTESIAN_POINT('',(0.0001,0.00139703198359087,0.00386210183120067));
#1650=CARTESIAN_POINT('',(0.0001,0.00131398052652839,0.0039811490621026));
#1651=CARTESIAN_POINT('',(0.0001,0.00125941115003788,0.00411143327261433));
#1652=CARTESIAN_POINT('',(0.,0.000500000000000007,-4.59242549680257E-21));
#1653=CARTESIAN_POINT('',(-0.0001,0.000500000000000007,-0.00389871773792358));
#1654=CARTESIAN_POINT('',(-0.0001,-0.0035000000000002,-0.00389871773792145));
#1655=CARTESIAN_POINT('',(-0.00272196211275864,-0.000888819441731558,0.0027930131143098));
#1656=CARTESIAN_POINT('',(-0.00267493893071149,-0.000888819441731558,0.00283884008135765));
#1657=CARTESIAN_POINT('',(-0.00262127850685315,-0.000903192583460862,0.00288794783847007));
#1658=CARTESIAN_POINT('',(-0.00259390493510213,-0.000958467045746879,0.00291232848210034));
#1659=CARTESIAN_POINT('',(-0.00259390493510212,-0.000958467045746874,0.00291232848210034));
#1660=CARTESIAN_POINT('',(0.,-0.00428490284115285,-4.59242549680257E-21));
#1661=CARTESIAN_POINT('',(-0.00383898024090304,-0.0035,0.000687190446641996));
#1662=CARTESIAN_POINT('',(0.,-0.0035,-4.59242549680257E-21));
#1663=CARTESIAN_POINT('',(0.0075,-0.0035,-0.00575));
#1664=CARTESIAN_POINT('',(0.0075,-0.0035,-0.00675));
#1665=CARTESIAN_POINT('',(-0.0001,-0.0035,-0.00675));
#1666=CARTESIAN_POINT('',(-0.0055,-0.0035,-0.00675));
#1667=CARTESIAN_POINT('',(-0.0001,-0.0035,-0.00575));
#1668=CARTESIAN_POINT('',(-0.0055,-0.0035,-0.00575));
#1669=CARTESIAN_POINT('',(0.,-0.0035,-4.59242549680257E-21));
#1670=CARTESIAN_POINT('',(-0.0001,-0.00450000000000002,-0.00489897948556635));
#1671=CARTESIAN_POINT('',(-0.0001,-0.00450000000000002,-0.00463769402965812));
#1672=CARTESIAN_POINT('',(-0.0001,-0.00428521034629911,-0.0041167302892951));
#1673=CARTESIAN_POINT('',(-0.0001,-0.00376107235745598,-0.00389871773792366));
#1674=CARTESIAN_POINT('',(-0.0001,-0.00350000000000035,-0.00389871773792357));
#1675=CARTESIAN_POINT('',(-0.0048233341488269,-0.0035,0.00086339312526815));
#1676=CARTESIAN_POINT('',(0.0018,0.00143178433099607,0.00628835588936382));
#1677=CARTESIAN_POINT('',(-0.0001,0.00143178433099607,0.00628835588936382));
#1678=CARTESIAN_POINT('',(-0.0001,0.000495653200405956,0.00664000700387943));
#1679=CARTESIAN_POINT('',(0.,0.000495653200405955,0.00664000700387943));
#1680=CARTESIAN_POINT('',(-0.0013,0.000495653200405956,0.00664000700387944));
#1681=CARTESIAN_POINT('',(-0.0013,0.00143178433099607,0.00628835588936382));
#1682=CARTESIAN_POINT('',(-0.0025,0.00093466677025133,0.0057415265725446));
#1683=CARTESIAN_POINT('',(-0.0001,0.00093466677025133,0.0057415265725446));
#1684=CARTESIAN_POINT('',(-0.0025,0.000934666770251329,0.0057415265725446));
#1685=CARTESIAN_POINT('',(-0.0025,0.000213418692449144,0.00643420341658276));
#1686=CARTESIAN_POINT('',(-0.0024999999999979,0.000213418692445018,0.00643420341657845));
#1687=CARTESIAN_POINT('',(-0.00212801651655921,0.00035405998893245,0.00658064582421117));
#1688=CARTESIAN_POINT('',(-0.0017260991752468,0.000495653200406264,0.00664000700387958));
#1689=CARTESIAN_POINT('',(-0.00130000000000002,0.000495653200406251,0.00664000700387957));
#1690=CARTESIAN_POINT('',(0.0075,-0.002,0.004));
#1691=CARTESIAN_POINT('',(0.0065,-0.00343393382363102,0.00242267279400587));
#1692=CARTESIAN_POINT('',(0.00649999999999891,-0.00301838262517531,0.00287977911230715));
#1693=CARTESIAN_POINT('',(0.00634612206538247,-0.00219643217301632,0.00378392460968204));
#1694=CARTESIAN_POINT('',(0.00563727175967051,-0.00104236408991595,0.00505339950109245));
#1695=CARTESIAN_POINT('',(0.00437593530007076,-9.07501825427532E-05,0.00610017479920296));
#1696=CARTESIAN_POINT('',(0.00317001202783673,0.000187696747582337,0.00640646642234056));
#1697=CARTESIAN_POINT('',(0.00254953396482136,0.000194456872537426,0.00641390255979116));
#1698=CARTESIAN_POINT('',(0.0065,-0.00343393382363102,0.00242267279400587));
#1699=CARTESIAN_POINT('',(0.00254953396482136,0.000194456872537425,0.00641390255979116));
#1700=CARTESIAN_POINT('',(0.0013,-0.00042147420377338,0.00573637837584927));
#1701=CARTESIAN_POINT('',(0.0028,-0.00042147420377338,0.00573637837584927));
#1702=CARTESIAN_POINT('',(0.0028,-0.00249111929236251,0.00345976877840124));
#1703=CARTESIAN_POINT('',(0.0028,-0.00129263708690737,0.00477809920440188));
#1704=CARTESIAN_POINT('',(0.,-0.00308597285067873,0.00280542986425339));
#1705=CARTESIAN_POINT('',(0.00330356058328051,-0.00173492751050247,0.00429157973844727));
#1706=CARTESIAN_POINT('',(0.,-0.0050248429145488,0.000672672793996312));
#1707=CARTESIAN_POINT('',(0.0048233341488269,-0.00423994007339593,0.00153606591926446));
#1708=CARTESIAN_POINT('',(0.0075,-0.00423994007339593,0.00153606591926446));
#1709=CARTESIAN_POINT('',(0.0065,-0.00423994007339593,0.00153606591926446));
#1710=CARTESIAN_POINT('',(0.0065,-0.002,0.004));
#1711=CARTESIAN_POINT('',(0.0025,0.0163074326333957,-0.00441228927449911));
#1712=CARTESIAN_POINT('',(0.0025,0.0167079182629867,-0.00675));
#1713=CARTESIAN_POINT('',(0.0025,0.0143361509523867,-0.00675));
#1714=CARTESIAN_POINT('',(0.0031680755227707,0.0163074326331338,-0.00441228927296989));
#1715=CARTESIAN_POINT('',(0.00322236601713513,0.0167079182480511,-0.00674999999999871));
#1716=CARTESIAN_POINT('',(0.0029008453136615,0.0143361509445097,-0.00675));
#1717=CARTESIAN_POINT('',(0.00448392412796617,0.0160384930037106,-0.00442499517849165));
#1718=CARTESIAN_POINT('',(0.00463695257907814,0.016400527846898,-0.00675000000000057));
#1719=CARTESIAN_POINT('',(0.00369035447684017,0.014173496020086,-0.00675));
#1720=CARTESIAN_POINT('',(0.00615424943089932,0.0149005617753507,-0.00448361845316058));
#1721=CARTESIAN_POINT('',(0.00637674030731733,0.0151191615877517,-0.00674999999999992));
#1722=CARTESIAN_POINT('',(0.00469254965832939,0.013484507491426,-0.00675));
#1723=CARTESIAN_POINT('',(0.00724913350698436,0.0132217613709068,-0.00458620241201971));
#1724=CARTESIAN_POINT('',(0.00741541929902577,0.0132924049141879,-0.00674999999999975));
#1725=CARTESIAN_POINT('',(0.00534948010497096,0.0124653201508536,-0.00675));
#1726=CARTESIAN_POINT('',(0.00749999999999934,0.011919537663754,-0.00468899393858266));
#1727=CARTESIAN_POINT('',(0.00756195090326625,0.0119295320134365,-0.00675000000000061));
#1728=CARTESIAN_POINT('',(0.00549999999831892,0.0116703767654354,-0.00675));
#1729=CARTESIAN_POINT('',(0.0075,0.011274229778143,-0.00474999999999921));
#1730=CARTESIAN_POINT('',(0.00750000000000079,0.011274229778143,-0.00675));
#1731=CARTESIAN_POINT('',(0.0055,0.011274229778141,-0.00675));
#1732=CARTESIAN_POINT('',(0.0055,0.0112742297781429,-0.00475000000002049));
#1733=CARTESIAN_POINT('',(0.0055,0.0112742297781429,-0.00675));
#1734=CARTESIAN_POINT('',(0.0075,0.0112742297781429,-0.00475000000002049));
#1735=CARTESIAN_POINT('',(0.0025,0.0143361509523858,-0.00675));
#1736=CARTESIAN_POINT('',(0.00330099165921987,0.0143361509523858,-0.00675));
#1737=CARTESIAN_POINT('',(0.00486663249114822,0.0136564683954898,-0.00675));
#1738=CARTESIAN_POINT('',(0.00549999999999871,0.0120747481044124,-0.00675));
#1739=CARTESIAN_POINT('',(0.0055,0.0112742297781429,-0.00675));
#1740=CARTESIAN_POINT('',(0.0025,0.0143361509523858,-0.00675));
#1741=CARTESIAN_POINT('',(0.0025,0.0143361509523884,-0.0047500000000096));
#1742=CARTESIAN_POINT('',(0.0075,0.0112742297781429,-0.00475000000002049));
#1743=CARTESIAN_POINT('',(0.00749999999999997,0.0125938397625599,-0.00462524681842069));
#1744=CARTESIAN_POINT('',(0.00642653459151578,0.0151978835231537,-0.00446153932914335));
#1745=CARTESIAN_POINT('',(0.00382579103296645,0.0163074326333961,-0.00441228927450112));
#1746=CARTESIAN_POINT('',(0.00250000000000005,0.0163074326333961,-0.00441228927450112));
#1747=CARTESIAN_POINT('',(-0.0025,0.0143361509523867,-0.00475));
#1748=CARTESIAN_POINT('',(-0.0025,0.0143361509523867,-0.00675));
#1749=CARTESIAN_POINT('',(-0.0025,0.0143361509523895,-0.00675));
#1750=CARTESIAN_POINT('',(-0.0025,0.0143361509523895,-0.00475000000001639));
#1751=CARTESIAN_POINT('',(-0.0025,0.0143361509523867,-0.00675));
#1752=CARTESIAN_POINT('',(-0.0025,0.0167079182629867,-0.00675));
#1753=CARTESIAN_POINT('',(-0.0025,0.0163074326333957,-0.00441228927449916));
#1754=CARTESIAN_POINT('',(-0.00290084531366142,0.014336150944507,-0.00675));
#1755=CARTESIAN_POINT('',(-0.00322236601714118,0.0167079182480867,-0.00674999999999887));
#1756=CARTESIAN_POINT('',(-0.00316807552276993,0.0163074326331284,-0.00441228927293855));
#1757=CARTESIAN_POINT('',(-0.00369035447684109,0.014173496020087,-0.00675));
#1758=CARTESIAN_POINT('',(-0.00463695257906902,0.016400527846876,-0.00675000000000046));
#1759=CARTESIAN_POINT('',(-0.00448392412796801,0.0160384930037139,-0.00442499517851178));
#1760=CARTESIAN_POINT('',(-0.00469254965833058,0.0134845074914248,-0.00675));
#1761=CARTESIAN_POINT('',(-0.00637674030733879,0.015119161587768,-0.00675000000000008));
#1762=CARTESIAN_POINT('',(-0.0061542494309012,0.0149005617753442,-0.0044836184531373));
#1763=CARTESIAN_POINT('',(-0.0053494801049719,0.0124653201508506,-0.00675));
#1764=CARTESIAN_POINT('',(-0.00741541929895162,0.0132924049141615,-0.00674999999999923));
#1765=CARTESIAN_POINT('',(-0.00724913350698604,0.0132217613709181,-0.00458620241209336));
#1766=CARTESIAN_POINT('',(-0.00549999999831944,0.0116703767654345,-0.00675));
#1767=CARTESIAN_POINT('',(-0.0075619509034275,0.0119295320134245,-0.00675000000000169));
#1768=CARTESIAN_POINT('',(-0.00749999999999999,0.0119195376637174,-0.00468899393842737));
#1769=CARTESIAN_POINT('',(-0.0055,0.0112742297781378,-0.00675));
#1770=CARTESIAN_POINT('',(-0.00750000000000004,0.0112742297781379,-0.00675));
#1771=CARTESIAN_POINT('',(-0.0075,0.0112742297781379,-0.00474999999999996));
#1772=CARTESIAN_POINT('',(-0.0055,0.0112742297781378,-0.00675));
#1773=CARTESIAN_POINT('',(-0.00549999999999998,0.0120747481044082,-0.00675));
#1774=CARTESIAN_POINT('',(-0.00486663249115066,0.013656468395488,-0.00675));
#1775=CARTESIAN_POINT('',(-0.00330099165922009,0.014336150952387,-0.00675));
#1776=CARTESIAN_POINT('',(-0.00249999999999901,0.0143361509523867,-0.00675));
#1777=CARTESIAN_POINT('',(-0.0055,0.0112742297781378,-0.00675));
#1778=CARTESIAN_POINT('',(-0.0055,0.0112742297781378,-0.00474999999999987));
#1779=CARTESIAN_POINT('',(-0.0075,0.0112742297781378,-0.00474999999999987));
#1780=CARTESIAN_POINT('',(-0.0025,0.0163074326333991,-0.00441228927451858));
#1781=CARTESIAN_POINT('',(-0.00382657635942444,0.0163074326333991,-0.00441228927451858));
#1782=CARTESIAN_POINT('',(-0.00642289771008485,0.0152007767238643,-0.00446138856581241));
#1783=CARTESIAN_POINT('',(-0.00749999999999998,0.0125946158734776,-0.00462517344648728));
#1784=CARTESIAN_POINT('',(-0.0075,0.0112742297781378,-0.00475));
#1785=CARTESIAN_POINT('',(-0.0055,0.006,-0.00475));
#1786=CARTESIAN_POINT('',(-0.0055,0.006,-0.00675));
#1787=CARTESIAN_POINT('',(-0.0055,-0.0035,-0.00475));
#1788=CARTESIAN_POINT('',(-0.0075,-0.0035,-0.00475));
#1789=CARTESIAN_POINT('',(-0.0075,0.006,-0.00475));
#1790=CARTESIAN_POINT('',(0.0055,0.006,-0.00475));
#1791=CARTESIAN_POINT('',(0.0075,0.,-0.00475));
#1792=CARTESIAN_POINT('',(0.0075,-0.0035,-0.00475));
#1793=CARTESIAN_POINT('',(0.0055,-0.0035,-0.00475));
#1794=CARTESIAN_POINT('',(0.0055,-0.0035,-0.00675));
#1795=CARTESIAN_POINT('',(0.0055,0.006,-0.00675));
#1796=CARTESIAN_POINT('',(0.0025,0.0163349148359713,-0.00457937700327236));
#1797=CARTESIAN_POINT('',(0.0075,0.0163349148359713,-0.00457937700327236));
#1798=CARTESIAN_POINT('',(0.0075,0.0113959374273754,-0.00535815948726813));
#1799=CARTESIAN_POINT('',(0.00250000000000063,0.0161502661849428,-0.00340834974636919));
#1800=CARTESIAN_POINT('',(0.00749999999999911,0.0161502662016019,-0.00340834974373838));
#1801=CARTESIAN_POINT('',(0.0075,0.0112832515854263,-0.00464351468149754));
#1802=CARTESIAN_POINT('',(0.00249999999999971,0.0153769732154916,-0.000858546226740691));
#1803=CARTESIAN_POINT('',(0.00750000000000041,0.01537697320776,-0.000858546227961661));
#1804=CARTESIAN_POINT('',(0.0075,0.010847485592447,-0.00323277575076747));
#1805=CARTESIAN_POINT('',(0.00250000000000008,0.0129301144105304,0.00222574581710051));
#1806=CARTESIAN_POINT('',(0.00749999999999989,0.0129301144126023,0.00222574581742771));
#1807=CARTESIAN_POINT('',(0.0075,0.0094908323446776,-0.00149737176972099));
#1808=CARTESIAN_POINT('',(0.00249999999999998,0.0102319429327694,0.00413897380406163));
#1809=CARTESIAN_POINT('',(0.00750000000000003,0.0102319429322132,0.00413897380397381));
#1810=CARTESIAN_POINT('',(0.0075,0.00771708333591318,-0.000211417195442811));
#1811=CARTESIAN_POINT('',(0.00250000000000001,0.00755237135569151,0.00539839590732248));
#1812=CARTESIAN_POINT('',(0.00749999999999999,0.00755237135584403,0.00539839590734657));
#1813=CARTESIAN_POINT('',(0.0075,0.00575763164570665,0.000713969095421144));
#1814=CARTESIAN_POINT('',(0.0025,0.00531441128616331,0.00609002075263611));
#1815=CARTESIAN_POINT('',(0.0075,0.00531441128614375,0.00609002075263302));
#1816=CARTESIAN_POINT('',(0.0075,0.00402916448938705,0.00125047289608882));
#1817=CARTESIAN_POINT('',(0.0025,0.00371400944707998,0.00642743068053479));
#1818=CARTESIAN_POINT('',(0.0075,0.00371400944708165,0.00642743068053506));
#1819=CARTESIAN_POINT('',(0.0075,0.00278732116812168,0.0015119626844781));
#1820=CARTESIAN_POINT('',(0.0025,0.00278303930812921,0.00657659930077124));
#1821=CARTESIAN_POINT('',(0.0075,0.0027830393081289,0.00657659930077119));
#1822=CARTESIAN_POINT('',(0.0075,0.00207587453027045,0.00162581656799504));
#1823=CARTESIAN_POINT('',(0.0025,0.00206471491069397,0.00666609511654701));
#1824=CARTESIAN_POINT('',(0.0075,0.00206471491069405,0.00666609511654702));
#1825=CARTESIAN_POINT('',(0.0075,0.00154003572139041,0.00169254389256372));
#1826=CARTESIAN_POINT('',(0.0025,0.00144145154355107,0.00671973884867247));
#1827=CARTESIAN_POINT('',(0.0075,0.00144145154355106,0.00671973884867247));
#1828=CARTESIAN_POINT('',(0.0075,0.00109169242050811,0.00173059479885404));
#1829=CARTESIAN_POINT('',(0.0025,0.000960604602398965,0.00674246392777301));
#1830=CARTESIAN_POINT('',(0.0075,0.000960604602398966,0.006742463927773));
#1831=CARTESIAN_POINT('',(0.0075,0.000776587219477733,0.00174547007460141));
#1832=CARTESIAN_POINT('',(0.0025,0.000711130927834038,0.00674857596477691));
#1833=CARTESIAN_POINT('',(0.0075,0.000711130927834038,0.00674857596477691));
#1834=CARTESIAN_POINT('',(0.0075,0.000618638800115872,0.00174918526227175));
#1835=CARTESIAN_POINT('',(0.0025,0.000543766274554451,0.00675009794026324));
#1836=CARTESIAN_POINT('',(0.0075,0.000543766274554451,0.00675009794026324));
#1837=CARTESIAN_POINT('',(0.0075,0.000528249135327268,0.00175005751169506));
#1838=CARTESIAN_POINT('',(0.0025,0.000428806782252025,0.00674994350950117));
#1839=CARTESIAN_POINT('',(0.0075,0.000428806782252025,0.00674994350950117));
#1840=CARTESIAN_POINT('',(0.0075,0.000437756839219089,0.00174996682810281));
#1841=CARTESIAN_POINT('',(0.0025,0.000327623070821764,0.00675001871317327));
#1842=CARTESIAN_POINT('',(0.0075,0.000327623070821764,0.00675001871317328));
#1843=CARTESIAN_POINT('',(0.0075,0.000324658254254102,0.00175001098859937));
#1844=CARTESIAN_POINT('',(0.0025,0.000142001232222472,0.00674998933366245));
#1845=CARTESIAN_POINT('',(0.0075,0.000142001232222472,0.00674998933366244));
#1846=CARTESIAN_POINT('',(0.0075,0.000143691150540545,0.00174999373659889));
#1847=CARTESIAN_POINT('',(0.0025,-0.000171781694170361,0.00675000767017532));
#1848=CARTESIAN_POINT('',(0.0075,-0.000171781694170361,0.00675000767017532));
#1849=CARTESIAN_POINT('',(0.0075,-0.000172996916331672,0.00175000450401877));
#1850=CARTESIAN_POINT('',(0.0025,-0.000625823029901491,0.00674999739761909));
#1851=CARTESIAN_POINT('',(0.0075,-0.000625823029901492,0.00674999739761909));
#1852=CARTESIAN_POINT('',(0.0075,-0.000625410722382475,0.00174999847185077));
#1853=CARTESIAN_POINT('',(0.0025,-0.00116819781060561,0.00675000068483708));
#1854=CARTESIAN_POINT('',(0.0075,-0.0011681978106056,0.00675000068483708));
#1855=CARTESIAN_POINT('',(0.0075,-0.0011683063125843,0.00175000040214453));
#1856=CARTESIAN_POINT('',(0.0025,-0.00189223254353403,0.00674999958909775));
#1857=CARTESIAN_POINT('',(0.0075,-0.00189223254353406,0.00674999958909775));
#1858=CARTESIAN_POINT('',(0.0075,-0.00189216744234681,0.00174999975871328));
#1859=CARTESIAN_POINT('',(0.0025,-0.0024350632125374,0.00675));
#1860=CARTESIAN_POINT('',(0.0075,-0.00243506321253727,0.00675));
#1861=CARTESIAN_POINT('',(0.0075,-0.0024350632125374,0.00175));
#1862=CARTESIAN_POINT('',(0.0025,-0.00279699374313279,0.00675));
#1863=CARTESIAN_POINT('',(0.0075,-0.00279699374313279,0.00675));
#1864=CARTESIAN_POINT('',(0.0075,-0.00279699374313279,0.00175));
#1865=CARTESIAN_POINT('',(0.0025,0.00097216541083322,0.0067408232511914));
#1866=CARTESIAN_POINT('',(0.00324360516682209,0.00097216541083322,0.0067408232511914));
#1867=CARTESIAN_POINT('',(0.0046970602181078,0.000696574288989874,0.00641205745854723));
#1868=CARTESIAN_POINT('',(0.00633474524373093,-0.000221005067483494,0.00515035232986471));
#1869=CARTESIAN_POINT('',(0.00728964283527347,-0.00140265639022773,0.00352559090114373));
#1870=CARTESIAN_POINT('',(0.00749999999999886,-0.00225968206337022,0.00234717856945434));
#1871=CARTESIAN_POINT('',(0.0075,-0.00269399375023774,0.00175000000001149));
#1872=CARTESIAN_POINT('',(0.0075,-0.00269399375023508,0.00175));
#1873=CARTESIAN_POINT('',(0.0075,0.0112742297781428,-0.00475000000002051));
#1874=CARTESIAN_POINT('',(0.0075,0.0111085235785665,-0.00407322293318052));
#1875=CARTESIAN_POINT('',(0.0075,0.0105681280825123,-0.00277834900689677));
#1876=CARTESIAN_POINT('',(0.0075,0.00915264889442356,-0.00121032657322607));
#1877=CARTESIAN_POINT('',(0.0075,0.0074068380147708,-4.45669228172152E-05));
#1878=CARTESIAN_POINT('',(0.0075,0.00551721025548647,0.000800969266397713));
#1879=CARTESIAN_POINT('',(0.0075,0.00351473835140658,0.0013894865192935));
#1880=CARTESIAN_POINT('',(0.0075,0.0014687998275558,0.00176119479348756));
#1881=CARTESIAN_POINT('',(0.0075,-0.000612816967834723,0.00174680148757498));
#1882=CARTESIAN_POINT('',(0.0075,-0.00200024148864768,0.00175));
#1883=CARTESIAN_POINT('',(0.0075,-0.00269399375023508,0.00175));
#1884=CARTESIAN_POINT('',(-0.0025,-0.00279793164990174,0.00675));
#1885=CARTESIAN_POINT('',(-0.0075,-0.00279793164990174,0.00675));
#1886=CARTESIAN_POINT('',(-0.0075,-0.00279793164990174,0.00175));
#1887=CARTESIAN_POINT('',(-0.0025,-0.00243270541922653,0.00675));
#1888=CARTESIAN_POINT('',(-0.00750000000000067,-0.00243270541922652,0.00675000000000067));
#1889=CARTESIAN_POINT('',(-0.0075,-0.00243270541922653,0.00175));
#1890=CARTESIAN_POINT('',(-0.0025,-0.00188501925472476,0.00675000192459475));
#1891=CARTESIAN_POINT('',(-0.00749999999999985,-0.00188501925472476,0.00675000192459459));
#1892=CARTESIAN_POINT('',(-0.00750000000000001,-0.00188486586811988,0.00175000107207768));
#1893=CARTESIAN_POINT('',(-0.0025,-0.00115415830934634,0.0067499967923421));
#1894=CARTESIAN_POINT('',(-0.00750000000000003,-0.00115415830934634,0.00674999679234212));
#1895=CARTESIAN_POINT('',(-0.0075,-0.00115441395368781,0.00174999821320387));
#1896=CARTESIAN_POINT('',(-0.0025,-0.00060754441541857,0.00675001218910003));
#1897=CARTESIAN_POINT('',(-0.00749999999999999,-0.00060754441541857,0.00675001218910002));
#1898=CARTESIAN_POINT('',(-0.0075,-0.000606572966920995,0.00175000678982529));
#1899=CARTESIAN_POINT('',(-0.0025,-0.000147182089309793,0.00674996407423149));
#1900=CARTESIAN_POINT('',(-0.0075,-0.000147182089309793,0.00674996407423149));
#1901=CARTESIAN_POINT('',(-0.0075,-0.000150045305934225,0.00174997998788335));
#1902=CARTESIAN_POINT('',(-0.0025,0.000165555137620427,0.00675004995927184));
#1903=CARTESIAN_POINT('',(-0.0075,0.000165555137620427,0.00675004995927183));
#1904=CARTESIAN_POINT('',(-0.0075,0.000169536798238777,0.00175002782934972));
#1905=CARTESIAN_POINT('',(-0.0025,0.000359120730965689,0.00674991235074781));
#1906=CARTESIAN_POINT('',(-0.0075,0.000359120730965689,0.00674991235074781));
#1907=CARTESIAN_POINT('',(-0.0075,0.000352135249335101,0.00174995117579576));
#1908=CARTESIAN_POINT('',(-0.0025,0.00046243807820386,0.00675033503986794));
#1909=CARTESIAN_POINT('',(-0.0075,0.00046243807820386,0.00675033503986794));
#1910=CARTESIAN_POINT('',(-0.0075,0.000489140129670098,0.00175018663085573));
#1911=CARTESIAN_POINT('',(-0.0025,0.000725753513261121,0.00674874748978044));
#1912=CARTESIAN_POINT('',(-0.0075,0.000725753513261121,0.00674874748978044));
#1913=CARTESIAN_POINT('',(-0.0075,0.000625930789026758,0.00174930230078133));
#1914=CARTESIAN_POINT('',(-0.0025,0.00100810490477271,0.00674049198328178));
#1915=CARTESIAN_POINT('',(-0.0075,0.00100810490477271,0.00674049198328178));
#1916=CARTESIAN_POINT('',(-0.0075,0.00080757131017036,0.00174421856548543));
#1917=CARTESIAN_POINT('',(-0.0025,0.00135139310865537,0.00672337527514129));
#1918=CARTESIAN_POINT('',(-0.0075,0.00135139310865536,0.00672337527514129));
#1919=CARTESIAN_POINT('',(-0.0075,0.00103367172341129,0.0017328958681792));
#1920=CARTESIAN_POINT('',(-0.0025,0.00173482548421496,0.00669429239602544));
#1921=CARTESIAN_POINT('',(-0.0075,0.00173482548421497,0.00669429239602543));
#1922=CARTESIAN_POINT('',(-0.0075,0.00130369848728109,0.00171255089823513));
#1923=CARTESIAN_POINT('',(-0.0025,0.00222996196753009,0.00664617366861482));
#1924=CARTESIAN_POINT('',(-0.0075,0.00222996196753008,0.00664617366861481));
#1925=CARTESIAN_POINT('',(-0.0075,0.0016622655059838,0.00167772432484542));
#1926=CARTESIAN_POINT('',(-0.0025,0.00282502975493837,0.00657047952201481));
#1927=CARTESIAN_POINT('',(-0.0075,0.00282502975493846,0.00657047952201482));
#1928=CARTESIAN_POINT('',(-0.0075,0.00210795563700562,0.00162118710111959));
#1929=CARTESIAN_POINT('',(-0.0025,0.00375200599028872,0.00642010367898278));
#1930=CARTESIAN_POINT('',(-0.0075,0.00375200599028826,0.0064201036789827));
#1931=CARTESIAN_POINT('',(-0.0075,0.00281657673679787,0.00150630832107857));
#1932=CARTESIAN_POINT('',(-0.0025,0.0053327044752967,0.00608481059739656));
#1933=CARTESIAN_POINT('',(-0.0075,0.00533270447530206,0.00608481059739741));
#1934=CARTESIAN_POINT('',(-0.0075,0.00404357581244279,0.00124630431376172));
#1935=CARTESIAN_POINT('',(-0.0025,0.00758092247563307,0.00538647392647589));
#1936=CARTESIAN_POINT('',(-0.0075,0.00758092247559125,0.00538647392646928));
#1937=CARTESIAN_POINT('',(-0.0075,0.00577884760426639,0.000705691501690345));
#1938=CARTESIAN_POINT('',(-0.00250000000000002,0.0102461075834758,0.00413416241965202));
#1939=CARTESIAN_POINT('',(-0.0075,0.0102461075836283,0.0041341624196761));
#1940=CARTESIAN_POINT('',(-0.0075,0.00772782392255175,-0.000217312054051839));
#1941=CARTESIAN_POINT('',(-0.00249999999999995,0.012501509276731,0.0025165359620332));
#1942=CARTESIAN_POINT('',(-0.00749999999999999,0.012501509276283,0.00251653596196245));
#1943=CARTESIAN_POINT('',(-0.0075,0.00920582416006047,-0.00129445620756074));
#1944=CARTESIAN_POINT('',(-0.00250000000000008,0.0141566200010027,0.000692825131196249));
#1945=CARTESIAN_POINT('',(-0.00750000000000002,0.0141566200017786,0.000692825131318783));
#1946=CARTESIAN_POINT('',(-0.0075,0.0101746468479398,-0.00236913412285834));
#1947=CARTESIAN_POINT('',(-0.00249999999999958,0.015582715305856,-0.00152813388252444));
#1948=CARTESIAN_POINT('',(-0.0074999999999999,0.0155827153016487,-0.0015281338831889));
#1949=CARTESIAN_POINT('',(-0.0075,0.0109610093866102,-0.0035976621583933));
#1950=CARTESIAN_POINT('',(-0.00250000000000187,0.0161510347338876,-0.00341366820767893));
#1951=CARTESIAN_POINT('',(-0.00750000000000044,0.0161510347525961,-0.00341366820472424));
#1952=CARTESIAN_POINT('',(-0.0075,0.0112837243110019,-0.00464678384787059));
#1953=CARTESIAN_POINT('',(-0.0025,0.0163347975786252,-0.00457863350814192));
#1954=CARTESIAN_POINT('',(-0.0075,0.0163347975786252,-0.00457863350814192));
#1955=CARTESIAN_POINT('',(-0.0075,0.0113958658697148,-0.00535770576070895));
#1956=CARTESIAN_POINT('',(-0.0075,-0.00269399375024377,0.00175));
#1957=CARTESIAN_POINT('',(-0.0075,-0.00200859340558495,0.00175));
#1958=CARTESIAN_POINT('',(-0.0075,-0.000638426156131019,0.00174593376994767));
#1959=CARTESIAN_POINT('',(-0.0075,0.00142062535723203,0.00176423180518314));
#1960=CARTESIAN_POINT('',(-0.0075,0.0034378759812966,0.00140679755303122));
#1961=CARTESIAN_POINT('',(-0.0075,0.00545147626420054,0.00082597294860752));
#1962=CARTESIAN_POINT('',(-0.0075,0.00736883207251479,-2.30831986945404E-05));
#1963=CARTESIAN_POINT('',(-0.0075,0.00912916938023688,-0.0011884985748574));
#1964=CARTESIAN_POINT('',(-0.0075,0.0105638934333251,-0.00277000367945901));
#1965=CARTESIAN_POINT('',(-0.0075,0.0111060998239446,-0.00406332383739265));
#1966=CARTESIAN_POINT('',(-0.0075,0.0112742297781377,-0.00474999999999988));
#1967=CARTESIAN_POINT('',(-0.0075,-0.00269399375024377,0.00175));
#1968=CARTESIAN_POINT('',(-0.0075,-0.00269399375024995,0.00174999999998862));
#1969=CARTESIAN_POINT('',(-0.00750000000000114,-0.00225966911249616,0.00234719637690007));
#1970=CARTESIAN_POINT('',(-0.00728739168325154,-0.00139712622659236,0.00353318594635395));
#1971=CARTESIAN_POINT('',(-0.00633174304798603,-0.000219257659931344,0.00515278626951744));
#1972=CARTESIAN_POINT('',(-0.00469526001301492,0.000697056914996109,0.00641260498202018));
#1973=CARTESIAN_POINT('',(-0.00324351196471886,0.000972165410833221,0.0067408232511914));
#1974=CARTESIAN_POINT('',(-0.0025,0.000972165410833221,0.0067408232511914));
#1975=CARTESIAN_POINT('',(0.0075,0.006,-0.00675));
#1976=CARTESIAN_POINT('',(0.0001,-0.002,-0.00675));
#1977=CARTESIAN_POINT('',(0.0001,0.0015,-0.00675));
#1978=CARTESIAN_POINT('',(0.0001,-0.0035,-0.00675));
#1979=CARTESIAN_POINT('',(-0.0001,0.0015,-0.00675));
#1980=CARTESIAN_POINT('',(-0.0001,0.0015,-0.00675));
#1981=CARTESIAN_POINT('',(-0.0001,-0.002,-0.00675));
#1982=CARTESIAN_POINT('',(0.0075,-0.0035,-0.00675));
#1983=CARTESIAN_POINT('',(0.0075,-0.002,0.004));
#1984=CARTESIAN_POINT('',(0.,-0.00308597285067873,0.00280542986425339));
#1985=CARTESIAN_POINT('',(-0.00330356058328051,-0.00173492751050247,0.00429157973844727));
#1986=CARTESIAN_POINT('',(-0.0028,-0.00129263708690737,0.00477809920440188));
#1987=CARTESIAN_POINT('',(-0.0028,-0.002,0.004));
#1988=CARTESIAN_POINT('',(-0.0028,-0.00042147420377338,0.00573637837584927));
#1989=CARTESIAN_POINT('',(-0.0013,-0.00042147420377338,0.00573637837584927));
#1990=CARTESIAN_POINT('',(-0.00254953396483858,0.000194456872537237,0.00641390255979095));
#1991=CARTESIAN_POINT('',(-0.00254953396483858,0.00019445687253724,0.00641390255979096));
#1992=CARTESIAN_POINT('',(-0.00317001707081676,0.000187696692636587,0.00640646636190024));
#1993=CARTESIAN_POINT('',(-0.00437483317797204,-9.0349176431361E-05,0.00610061590592549));
#1994=CARTESIAN_POINT('',(-0.00563580186326508,-0.00104137033468713,0.00505449263184415));
#1995=CARTESIAN_POINT('',(-0.00634457000612918,-0.00219170452478295,0.00378912502273874));
#1996=CARTESIAN_POINT('',(-0.00650000000000109,-0.0030183935776675,0.00287976706456574));
#1997=CARTESIAN_POINT('',(-0.0065,-0.0034339338236484,0.00242267279398676));
#1998=CARTESIAN_POINT('',(-0.0065,-0.0034339338236484,0.00242267279398676));
#1999=CARTESIAN_POINT('',(-0.0065,-0.0045,0.00125));
#2000=CARTESIAN_POINT('',(-0.0065,-0.00423994007339593,0.00153606591926446));
#2001=CARTESIAN_POINT('',(0.0075,-0.00423994007339593,0.00153606591926446));
#2002=CARTESIAN_POINT('',(-0.0048233341488269,-0.00423994007339593,0.00153606591926446));
#2003=CARTESIAN_POINT('',(0.,-0.0050248429145488,0.000672672793996312));
#2004=CARTESIAN_POINT('',(0.0075,-0.0045,-0.00275));
#2005=CARTESIAN_POINT('',(0.0001,-0.0045,0.));
#2006=CARTESIAN_POINT('',(0.0001,-0.0045,-0.00575));
#2007=CARTESIAN_POINT('',(0.0001,-0.0045,-0.00489897948556636));
#2008=CARTESIAN_POINT('',(0.0075,-0.0045,-0.00575));
#2009=CARTESIAN_POINT('',(0.0055,-0.0045,-0.00575));
#2010=CARTESIAN_POINT('',(0.0055,-0.0045,-0.00475));
#2011=CARTESIAN_POINT('',(0.0065,-0.0045,-0.00475));
#2012=CARTESIAN_POINT('',(0.0065,-0.0045,-0.00275));
#2013=CARTESIAN_POINT('',(0.0065,-0.0045,0.00086339312526815));
#2014=CARTESIAN_POINT('',(0.0075,-0.0045,0.00086339312526815));
#2015=CARTESIAN_POINT('',(0.0048233341488269,-0.0045,0.00086339312526815));
#2016=CARTESIAN_POINT('',(0.,-0.0045,-4.59242549680257E-21));
#2017=CARTESIAN_POINT('',(0.0075,0.,0.0104782227426767));
#2018=CARTESIAN_POINT('',(0.0075,0.00286937220775993,0.00786970255380407));
#2019=CARTESIAN_POINT('',(0.0075,-0.0035,0.000863393125268149));
#2020=CARTESIAN_POINT('',(0.0075,-0.0035,0.0104782227426767));
#2021=CARTESIAN_POINT('',(-0.0075,0.,0.0104782227426767));
#2022=CARTESIAN_POINT('',(-0.0075,-0.0035,0.00125));
#2023=CARTESIAN_POINT('',(-0.0075,-0.0035,0.000863393125268149));
#2024=CARTESIAN_POINT('',(-0.0075,-0.0033055144720586,0.00107732720600368));
#2025=CARTESIAN_POINT('',(0.0018,0.000546729410877561,0.00581295862811805));
#2026=CARTESIAN_POINT('',(-0.0013,0.000509423552058631,0.00590202624582359));
#2027=CARTESIAN_POINT('',(0.0013,0.000509423552058631,0.00590202624582359));
#2028=CARTESIAN_POINT('',(0.0001,0.000509423552058632,0.00590202624582358));
#2029=CARTESIAN_POINT('',(0.0001,0.000546729410877561,0.00581295862811805));
#2030=CARTESIAN_POINT('',(0.0013,0.00119278121535332,0.00427051202694715));
#2031=CARTESIAN_POINT('',(0.0013,0.00125242783900951,0.00412810590518966));
#2032=CARTESIAN_POINT('',(0.00131659091382791,0.0013114028603123,0.00398730323188658));
#2033=CARTESIAN_POINT('',(0.00134800547447078,0.00136977781846062,0.00384793320743098));
#2034=CARTESIAN_POINT('',(0.0013,0.00119278121535332,0.00427051202694715));
#2035=CARTESIAN_POINT('',(0.0013,0.000546729410877561,0.00581295862811805));
#2036=CARTESIAN_POINT('',(0.0018,-0.00247787994370216,0.00869092393483735));
#2037=CARTESIAN_POINT('',(0.0018,0.,-2.4492935982947E-19));
#2038=CARTESIAN_POINT('',(0.0018,-0.000552697013511431,0.00410542641040557));
#2039=CARTESIAN_POINT('',(0.0018,0.000731600825884598,0.00407734720517704));
#2040=CARTESIAN_POINT('',(0.0018,0.000632138344895564,0.00540874530465326));
#2041=CARTESIAN_POINT('',(0.0018,0.000318465869622564,0.00506370558185296));
#2042=CARTESIAN_POINT('',(0.0018,-0.0013913963822523,0.00914599619787394));
#2043=CARTESIAN_POINT('',(-0.0018,-0.00247787994370216,0.00869092393483735));
#2044=CARTESIAN_POINT('',(-0.0018,0.000878469001490954,0.00372669990922525));
#2045=CARTESIAN_POINT('',(-0.0018,0.000318465869622564,0.00506370558185296));
#2046=CARTESIAN_POINT('',(-0.0018,0.000731600825884597,0.00407734720517704));
#2047=CARTESIAN_POINT('',(-0.0018,0.000858553822092296,0.00565780232956967));
#2048=CARTESIAN_POINT('',(-0.0018,-0.000552697013511432,0.00410542641040557));
#2049=CARTESIAN_POINT('',(-0.0018,0.,-2.4492935982947E-19));
#2050=CARTESIAN_POINT('',(0.0028,0.,-2.4492935982947E-19));
#2051=CARTESIAN_POINT('',(0.0028,-0.000552697013511432,0.00410542641040557));
#2052=CARTESIAN_POINT('',(0.00183200364964719,0.000938871524227413,0.00377654377555381));
#2053=CARTESIAN_POINT('',(0.00181148297271282,0.000869265609169666,0.00387540797382584));
#2054=CARTESIAN_POINT('',(0.0018,0.000800156704872285,0.00397557619741233));
#2055=CARTESIAN_POINT('',(0.0018,0.000731600825884599,0.00407734720517704));
#2056=CARTESIAN_POINT('',(0.00183200364964719,0.000938871524227413,0.00377654377555381));
#2057=CARTESIAN_POINT('',(0.00183200364964719,0.000938871524227413,0.00377654377555381));
#2058=CARTESIAN_POINT('',(0.00188520091741816,0.00111931608332329,0.00352025080601576));
#2059=CARTESIAN_POINT('',(0.00205157391667531,0.00157807284732221,0.00312079326254898));
#2060=CARTESIAN_POINT('',(0.00218602066212396,0.00201973966758615,0.0026908414551282));
#2061=CARTESIAN_POINT('',(0.00224,0.00222313897899769,0.00245765194445045));
#2062=CARTESIAN_POINT('',(-0.0028,0.,-2.4492935982947E-19));
#2063=CARTESIAN_POINT('',(-0.0028,-0.000552697013511432,0.00410542641040557));
#2064=CARTESIAN_POINT('',(-0.00183200364964719,0.000938871524227412,0.00377654377555382));
#2065=CARTESIAN_POINT('',(-0.00188520091741816,0.00111931608332329,0.00352025080601576));
#2066=CARTESIAN_POINT('',(-0.00205157391667519,0.00157807284732228,0.00312079326254902));
#2067=CARTESIAN_POINT('',(-0.00218602066212419,0.002019739667586,0.00269084145512813));
#2068=CARTESIAN_POINT('',(-0.00224,0.0022231389789977,0.00245765194445045));
#2069=CARTESIAN_POINT('',(-0.00183200364964719,0.000938871524227412,0.00377654377555382));
#2070=CARTESIAN_POINT('',(-0.0018,0.000731600825884598,0.00407734720517704));
#2071=CARTESIAN_POINT('',(-0.0018,0.000800156704872283,0.00397557619741234));
#2072=CARTESIAN_POINT('',(-0.00181148297271283,0.000869265609169666,0.00387540797382585));
#2073=CARTESIAN_POINT('',(-0.00183200364964719,0.000938871524227412,0.00377654377555382));
#2074=CARTESIAN_POINT('',(-0.0013,-0.0013913963822523,0.00914599619787394));
#2075=CARTESIAN_POINT('',(-0.0013,0.000318465869622564,0.00506370558185296));
#2076=CARTESIAN_POINT('',(-0.0013,0.000731600825884597,0.00407734720517704));
#2077=CARTESIAN_POINT('',(-0.0013,0.00119278121535332,0.00427051202694715));
#2078=CARTESIAN_POINT('',(-0.0018,0.00119278121535332,0.00427051202694715));
#2079=CARTESIAN_POINT('',(-0.0018,0.000731600825884598,0.00407734720517703));
#2080=CARTESIAN_POINT('',(-0.00130000000971162,0.00125242783861643,0.00412810590612815));
#2081=CARTESIAN_POINT('',(-0.00177706786400007,0.00123736483613062,0.00416406877601964));
#2082=CARTESIAN_POINT('',(-0.0018,0.000798878972469422,0.00397747298754902));
#2083=CARTESIAN_POINT('',(-0.00131659091183162,0.00131140286039312,0.00398730323169361));
#2084=CARTESIAN_POINT('',(-0.0017659496954788,0.00128514080266739,0.00405000380988051));
#2085=CARTESIAN_POINT('',(-0.00181106060962615,0.00086783295790918,0.00387744282819278));
#2086=CARTESIAN_POINT('',(-0.00134800547447078,0.00136977781846062,0.00384793320743098));
#2087=CARTESIAN_POINT('',(-0.00176889608506447,0.00133597213566466,0.0039286441661616));
#2088=CARTESIAN_POINT('',(-0.00183200364964719,0.000938871524227412,0.00377654377555381));
#2089=CARTESIAN_POINT('',(-0.00134800547447078,0.000908597428991903,0.00365476838566086));
#2090=CARTESIAN_POINT('',(-0.00134800547447078,0.00136977781846062,0.00384793320743098));
#2091=CARTESIAN_POINT('',(-0.00176889608506447,0.00133597213566466,0.00392864416616161));
#2092=CARTESIAN_POINT('',(-0.00183200364964719,0.000938871524227412,0.00377654377555382));
#2093=CARTESIAN_POINT('',(-0.00145033846551118,0.00146203724303621,0.00362766412857889));
#2094=CARTESIAN_POINT('',(-0.001768903142353,0.00137255259409467,0.00373629513643016));
#2095=CARTESIAN_POINT('',(-0.00187626404945452,0.00108900240309472,0.0035633066897455));
#2096=CARTESIAN_POINT('',(-0.00176328741355012,0.00172391365029122,0.00322159766283519));
#2097=CARTESIAN_POINT('',(-0.00189389475521934,0.00160413417940442,0.00325356574156133));
#2098=CARTESIAN_POINT('',(-0.00202686507715031,0.00150772047907541,0.00317643329860389));
#2099=CARTESIAN_POINT('',(-0.00210302611471066,0.00205464287431443,0.00273491323961368));
#2100=CARTESIAN_POINT('',(-0.00214122231838037,0.00202490017030947,0.00272700430911328));
#2101=CARTESIAN_POINT('',(-0.00217941855635588,0.00199515751617145,0.00271909535661126));
#2102=CARTESIAN_POINT('',(-0.00224,0.0022231389789977,0.00245765194445045));
#2103=CARTESIAN_POINT('',(-0.00224,0.0022231389789977,0.00245765194445045));
#2104=CARTESIAN_POINT('',(-0.00224,0.0022231389789977,0.00245765194445045));
#2105=CARTESIAN_POINT('',(0.0013,8.55490214088422E-05,0.00561979380634793));
#2106=CARTESIAN_POINT('',(0.0013,0.000318465869622564,0.00506370558185296));
#2107=CARTESIAN_POINT('',(0.0013,0.000731600825884598,0.00407734720517704));
#2108=CARTESIAN_POINT('',(0.00134800547447078,0.00136977781846062,0.00384793320743098));
#2109=CARTESIAN_POINT('',(0.00176889608506447,0.00133597213566466,0.00392864416616161));
#2110=CARTESIAN_POINT('',(0.00183200364964719,0.000938871524227412,0.00377654377555382));
#2111=CARTESIAN_POINT('',(0.00131659091183164,0.0013114028603935,0.00398730323169273));
#2112=CARTESIAN_POINT('',(0.00176594969547859,0.00128514080266719,0.00405000380987972));
#2113=CARTESIAN_POINT('',(0.00181106060962634,0.000867832957909185,0.00387744282819204));
#2114=CARTESIAN_POINT('',(0.00130000000971162,0.0012524278386164,0.00412810590612822));
#2115=CARTESIAN_POINT('',(0.00177706786400011,0.0012373648361306,0.00416406877601969));
#2116=CARTESIAN_POINT('',(0.0018,0.000798878972469379,0.00397747298754909));
#2117=CARTESIAN_POINT('',(0.0013,0.00119278121535332,0.00427051202694715));
#2118=CARTESIAN_POINT('',(0.0018,0.00119278121535332,0.00427051202694715));
#2119=CARTESIAN_POINT('',(0.0018,0.000731600825884598,0.00407734720517703));
#2120=CARTESIAN_POINT('',(0.00134800547447078,0.000908597428991903,0.00365476838566086));
#2121=CARTESIAN_POINT('',(0.00183200364964719,0.000938871524227413,0.00377654377555382));
#2122=CARTESIAN_POINT('',(0.00176889608506447,0.00133597213566466,0.00392864416616161));
#2123=CARTESIAN_POINT('',(0.00134800547447078,0.00136977781846062,0.00384793320743098));
#2124=CARTESIAN_POINT('',(0.00187626404945464,0.00108900240309438,0.00356330668974512));
#2125=CARTESIAN_POINT('',(0.00176890314235281,0.00137255259409389,0.00373629513642988));
#2126=CARTESIAN_POINT('',(0.00145033846551129,0.00146203724303619,0.00362766412857894));
#2127=CARTESIAN_POINT('',(0.00202686507714762,0.0015077204790725,0.00317643329860927));
#2128=CARTESIAN_POINT('',(0.00189389475870472,0.00160413418286145,0.00325356574539217));
#2129=CARTESIAN_POINT('',(0.00176328741354931,0.00172391365028664,0.00322159766284));
#2130=CARTESIAN_POINT('',(0.00217941855636115,0.00199515751617762,0.00271909535660088));
#2131=CARTESIAN_POINT('',(0.00214122231163812,0.00202490016362258,0.0027270043017026));
#2132=CARTESIAN_POINT('',(0.00210302611471218,0.0020546428743236,0.002734913239604));
#2133=CARTESIAN_POINT('',(0.00224,0.0022231389789977,0.00245765194445045));
#2134=CARTESIAN_POINT('',(0.00224,0.0022231389789977,0.00245765194445045));
#2135=CARTESIAN_POINT('',(0.00224,0.0022231389789977,0.00245765194445045));
#2136=CARTESIAN_POINT('',(0.,0.000500000000000007,-4.59242549680257E-21));
#2137=CARTESIAN_POINT('',(0.0001,0.000500000000000007,-0.00389871773792358));
#2138=CARTESIAN_POINT('',(0.0001,-0.0035000000000002,-0.00389871773792145));
#2139=CARTESIAN_POINT('',(0.,-0.0035,-4.59242549680257E-21));
#2140=CARTESIAN_POINT('',(0.00383898024090304,-0.0035,0.000687190446641996));
#2141=CARTESIAN_POINT('',(0.,-0.00428490284115285,-4.59242549680257E-21));
#2142=CARTESIAN_POINT('',(0.00259390493510212,-0.000958467045746874,0.00291232848210034));
#2143=CARTESIAN_POINT('',(0.00259390493510212,-0.000958467045746874,0.00291232848210034));
#2144=CARTESIAN_POINT('',(0.00262122730039361,-0.000903295982810504,0.00288799344619905));
#2145=CARTESIAN_POINT('',(0.00267493782108217,-0.000888819441731253,0.0028388411627593));
#2146=CARTESIAN_POINT('',(0.00272196211275863,-0.000888819441731297,0.00279301311430981));
#2147=CARTESIAN_POINT('',(-0.00323515233772896,-0.00167921676385038,0.00435286155976457));
#2148=CARTESIAN_POINT('',(-0.00190075917748147,-0.0024347604458704,0.00352176350954255));
#2149=CARTESIAN_POINT('',(-0.00257491716676387,-0.000939276690454439,0.00292912983397882));
#2150=CARTESIAN_POINT('',(-0.00406017345704532,-0.00233853793476266,0.00362760827176106));
#2151=CARTESIAN_POINT('',(-0.00258514249857113,-0.00276038993836827,0.00316357106779252));
#2152=CARTESIAN_POINT('',(-0.00323156662907801,-0.00159859786136647,0.00235188742108031));
#2153=CARTESIAN_POINT('',(-0.00462977952264078,-0.00325694886347098,0.00261735625018192));
#2154=CARTESIAN_POINT('',(-0.00333885778735727,-0.00342042449987633,0.00243753305013575));
#2155=CARTESIAN_POINT('',(-0.00368492655883877,-0.00251700879007535,0.00154780928145418));
#2156=CARTESIAN_POINT('',(-0.0048233341488269,-0.00423994007339594,0.00153606591926446));
#2157=CARTESIAN_POINT('',(-0.00370661970984877,-0.00433943565143412,0.00142662078342246));
#2158=CARTESIAN_POINT('',(-0.00383898024090305,-0.0035,0.000687190446641993));
#2159=CARTESIAN_POINT('',(-0.0048233341488269,-0.0035,0.000863393125268148));
#2160=CARTESIAN_POINT('',(-0.00259390493510212,-0.000958467045746873,0.00291232848210034));
#2161=CARTESIAN_POINT('',(-0.00244814176576312,-0.00125280133575475,0.00304215442949206));
#2162=CARTESIAN_POINT('',(-0.00245170286104404,-0.00183957238057047,0.00357857228964598));
#2163=CARTESIAN_POINT('',(-0.00301890548049067,-0.00186980844360774,0.00414321071203149));
#2164=CARTESIAN_POINT('',(-0.00330356058328062,-0.00173492751050256,0.00429157973844718));
#2165=CARTESIAN_POINT('',(0.,-0.00234603277728279,0.00213275707025708));
#2166=CARTESIAN_POINT('',(-0.0028,-0.000552697013511431,0.00410542641040557));
#2167=CARTESIAN_POINT('',(0.0075,-0.0035,0.00086339312526815));
#2168=CARTESIAN_POINT('',(-0.0065,-0.0035,0.00086339312526815));
#2169=CARTESIAN_POINT('',(-0.0048233341488269,-0.0035,0.000863393125268149));
#2170=CARTESIAN_POINT('',(-0.0065,-0.0035,0.0104782227426767));
#2171=CARTESIAN_POINT('',(-0.0065,-0.0035,0.000863393125268149));
#2172=CARTESIAN_POINT('',(-0.0065,-0.0035,-0.00475));
#2173=CARTESIAN_POINT('',(-0.0055,-0.0035,-0.00475));
#2174=CARTESIAN_POINT('',(-0.0048233341488269,-0.0035,0.000863393125268149));
#2175=CARTESIAN_POINT('',(0.,-0.00234603277728279,0.00213275707025708));
#2176=CARTESIAN_POINT('',(0.00259390493510212,-0.000958467045746874,0.00291232848210034));
#2177=CARTESIAN_POINT('',(0.00244814176576312,-0.00125280133575475,0.00304215442949206));
#2178=CARTESIAN_POINT('',(0.00245170286104483,-0.00183957238057122,0.00357857228964514));
#2179=CARTESIAN_POINT('',(0.00301890548048908,-0.00186980844360623,0.00414321071203314));
#2180=CARTESIAN_POINT('',(0.00330356058328061,-0.00173492751050256,0.00429157973844718));
#2181=CARTESIAN_POINT('',(0.0028,-0.00055269701351143,0.00410542641040557));
#2182=CARTESIAN_POINT('',(-0.0028,-0.000552697013511432,0.00410542641040557));
#2183=CARTESIAN_POINT('',(-0.0028,-0.000552697013511431,0.00410542641040557));
#2184=CARTESIAN_POINT('',(-0.0065,-0.0035,0.000863393125268149));
#2185=CARTESIAN_POINT('',(-0.0065,-0.0035,0.000863393125268149));
#2186=CARTESIAN_POINT('',(0.0075,-0.0035,-0.00575));
#2187=CARTESIAN_POINT('',(0.0001,-0.0035,-0.00575));
#2188=CARTESIAN_POINT('',(0.0055,-0.0035,-0.00575));
#2189=CARTESIAN_POINT('',(0.,-0.0035,-4.59242549680257E-21));
#2190=CARTESIAN_POINT('',(0.0001,-0.00450000000000002,-0.00489897948556636));
#2191=CARTESIAN_POINT('',(0.0001,-0.00450000000000002,-0.00463769402965813));
#2192=CARTESIAN_POINT('',(0.0001,-0.00428521034629912,-0.0041167302892951));
#2193=CARTESIAN_POINT('',(0.0001,-0.00376107235745599,-0.00389871773792366));
#2194=CARTESIAN_POINT('',(0.0001,-0.00350000000000035,-0.00389871773792357));
#2195=CARTESIAN_POINT('',(0.0048233341488269,-0.0035,0.000863393125268148));
#2196=CARTESIAN_POINT('',(0.0048233341488269,-0.00423994007339594,0.00153606591926446));
#2197=CARTESIAN_POINT('',(0.00370661970984877,-0.00433943565143412,0.00142662078342246));
#2198=CARTESIAN_POINT('',(0.00383898024090305,-0.0035,0.000687190446641993));
#2199=CARTESIAN_POINT('',(0.00462977952264078,-0.00325694886347082,0.00261735625018209));
#2200=CARTESIAN_POINT('',(0.00333885778735727,-0.00342042449987633,0.00243753305013601));
#2201=CARTESIAN_POINT('',(0.00368492655883876,-0.00251700879007535,0.00154780928145426));
#2202=CARTESIAN_POINT('',(0.004060173457047,-0.00233853793476106,0.00362760827176282));
#2203=CARTESIAN_POINT('',(0.00258514249857075,-0.00276038993837491,0.00316357106779124));
#2204=CARTESIAN_POINT('',(0.00323156662907881,-0.00159859786136537,0.0023518874210796));
#2205=CARTESIAN_POINT('',(0.00323515233772897,-0.00167921676385039,0.00435286155976456));
#2206=CARTESIAN_POINT('',(0.00190075917748148,-0.0024347604458704,0.00352176350954255));
#2207=CARTESIAN_POINT('',(0.00257491716676387,-0.000939276690454447,0.00292912983397881));
#2208=CARTESIAN_POINT('',(0.0048233341488269,-0.0035,0.000863393125268149));
#2209=CARTESIAN_POINT('',(0.0028,-0.000552697013511432,0.00410542641040557));
#2210=CARTESIAN_POINT('',(0.0028,-0.000552697013511432,0.00410542641040557));
#2211=CARTESIAN_POINT('',(-0.0028,-0.00126005992660405,0.00332732720600368));
#2212=CARTESIAN_POINT('',(-0.0028,0.000318465869622564,0.00506370558185296));
#2213=CARTESIAN_POINT('',(-0.0065,0.00286937220775993,0.00786970255380407));
#2214=CARTESIAN_POINT('',(-0.0065,-0.00269399375025246,0.00174999999999044));
#2215=CARTESIAN_POINT('',(0.0055,-0.0035,-0.00475));
#2216=CARTESIAN_POINT('',(0.0065,-0.0035,-0.00475));
#2217=CARTESIAN_POINT('',(0.0048233341488269,-0.0035,0.000863393125268149));
#2218=CARTESIAN_POINT('',(0.0048233341488269,-0.0035,0.00086339312526815));
#2219=CARTESIAN_POINT('',(0.0028,0.000858553822092296,0.00565780232956967));
#2220=CARTESIAN_POINT('',(0.0028,0.000318465869622564,0.00506370558185296));
#2221=CARTESIAN_POINT('',(0.0018,0.00143178433099607,0.00628835588936382));
#2222=CARTESIAN_POINT('',(0.0001,0.00143178433099607,0.00628835588936382));
#2223=CARTESIAN_POINT('',(0.0001,0.000495653200405955,0.00664000700387943));
#2224=CARTESIAN_POINT('',(0.0013,0.00143178433099607,0.00628835588936382));
#2225=CARTESIAN_POINT('',(0.0013,0.000495653200405955,0.00664000700387943));
#2226=CARTESIAN_POINT('',(0.,0.000495653200405955,0.00664000700387943));
#2227=CARTESIAN_POINT('',(-0.0013,0.000691844257600127,0.00696102868336013));
#2228=CARTESIAN_POINT('',(-0.0013,0.000263304425290791,0.00648963486781986));
#2229=CARTESIAN_POINT('',(-0.0013,0.000509423552058634,0.00590202624582358));
#2230=CARTESIAN_POINT('',(-0.00169269913987636,0.000691844257578688,0.00696102868333655));
#2231=CARTESIAN_POINT('',(-0.00150867270111806,0.000263304425250097,0.00648963486777516));
#2232=CARTESIAN_POINT('',(-0.00143089971329206,0.000509423552063779,0.0059020262458113));
#2233=CARTESIAN_POINT('',(-0.00247497077363246,0.000450603569324858,0.00669566392625733));
#2234=CARTESIAN_POINT('',(-0.00193454856931983,6.63147755513124E-05,0.00627294625310622));
#2235=CARTESIAN_POINT('',(-0.00169165692454052,0.000468045667522053,0.0057203737708217));
#2236=CARTESIAN_POINT('',(-0.00279999999997802,-0.000130008076692404,0.00605699111563835));
#2237=CARTESIAN_POINT('',(-0.0019048413723572,-0.000296525926062779,0.00587382148133133));
#2238=CARTESIAN_POINT('',(-0.0018,0.00036845848006322,0.00528317744516689));
#2239=CARTESIAN_POINT('',(-0.0028,-0.00042147420377338,0.00573637837584927));
#2240=CARTESIAN_POINT('',(-0.0018,-0.000421474203773379,0.00573637837584927));
#2241=CARTESIAN_POINT('',(-0.0018,0.000318465869622566,0.00506370558185296));
#2242=CARTESIAN_POINT('',(-0.00254953396481027,0.000194456872532934,0.00641390255978622));
#2243=CARTESIAN_POINT('',(-0.00253329358575968,0.000200729195784138,0.00642080211536265));
#2244=CARTESIAN_POINT('',(-0.00251661210155478,0.000207137909560785,0.00642766356669177));
#2245=CARTESIAN_POINT('',(-0.00250000000000223,0.000213418692451766,0.0064342034165888));
#2246=CARTESIAN_POINT('',(-0.0025,0.00097216541083322,0.00674082325119139));
#2247=CARTESIAN_POINT('',(-0.0025,0.000507508646794731,0.00675825951147419));
#2248=CARTESIAN_POINT('',(-0.0025,0.000194726696855385,0.00641419936654091));
#2249=CARTESIAN_POINT('',(-0.00328303214478264,0.000972165402482439,0.00674082325150476));
#2250=CARTESIAN_POINT('',(-0.00322165886766826,0.000507508638011953,0.00675825950181665));
#2251=CARTESIAN_POINT('',(-0.0031264257158262,0.000194726688758999,0.00641419935763489));
#2252=CARTESIAN_POINT('',(-0.00480534619416202,0.000660600170737928,0.00636904577876578));
#2253=CARTESIAN_POINT('',(-0.00464318656180794,0.000199797625047893,0.00641977738755109));
#2254=CARTESIAN_POINT('',(-0.00434427695538014,-7.42101672855314E-05,0.00611836881598591));
#2255=CARTESIAN_POINT('',(-0.00640519861256347,-0.000285137968030226,0.00506043231739288));
#2256=CARTESIAN_POINT('',(-0.00618407216729166,-0.000821951544258039,0.00529585330131642));
#2257=CARTESIAN_POINT('',(-0.00562415888987384,-0.00102645912402658,0.00507089496357075));
#2258=CARTESIAN_POINT('',(-0.00730309582017553,-0.00144391033174265,0.00346936309562604));
#2259=CARTESIAN_POINT('',(-0.00712929831722757,-0.00207767937963229,0.00391455268240512));
#2260=CARTESIAN_POINT('',(-0.00634247665679766,-0.00218345581010942,0.00379819860887962));
#2261=CARTESIAN_POINT('',(-0.00750000000000137,-0.00227569309609174,0.00232516339945651));
#2262=CARTESIAN_POINT('',(-0.00742550291714586,-0.00297609087839509,0.00292630003376358));
#2263=CARTESIAN_POINT('',(-0.00649999999858551,-0.0030156331694888,0.00288280351356231));
#2264=CARTESIAN_POINT('',(-0.0075,-0.00269399375025246,0.00174999999998805));
#2265=CARTESIAN_POINT('',(-0.00750000000000161,-0.00343393382364959,0.00242267279398544));
#2266=CARTESIAN_POINT('',(-0.0065,-0.0034339338236484,0.00242267279398675));
#2267=CARTESIAN_POINT('',(0.0065,-0.0035,-0.00275));
#2268=CARTESIAN_POINT('',(0.0065,-0.0035,0.00086339312526815));
#2269=CARTESIAN_POINT('',(0.0075,-0.0035,0.00086339312526815));
#2270=CARTESIAN_POINT('',(0.0065,-0.0035,0.000863393125268149));
#2271=CARTESIAN_POINT('',(0.0028,-0.00042147420377338,0.00573637837584927));
#2272=CARTESIAN_POINT('',(0.0018,-0.00042147420377338,0.00573637837584927));
#2273=CARTESIAN_POINT('',(0.0018,0.000318465869622565,0.00506370558185296));
#2274=CARTESIAN_POINT('',(0.00279999999997802,-0.000130008076692327,0.00605699111563843));
#2275=CARTESIAN_POINT('',(0.00190484137235745,-0.000296525926062682,0.00587382148133241));
#2276=CARTESIAN_POINT('',(0.0018,0.000368458480063348,0.00528317744516708));
#2277=CARTESIAN_POINT('',(0.0024749707736325,0.000450603569324821,0.00669566392625729));
#2278=CARTESIAN_POINT('',(0.00193454856931971,6.63147755510219E-05,0.00627294625310546));
#2279=CARTESIAN_POINT('',(0.00169165692454051,0.000468045667522108,0.00572037377082132));
#2280=CARTESIAN_POINT('',(0.00169269913987627,0.000691844257578688,0.00696102868333655));
#2281=CARTESIAN_POINT('',(0.00150867270111816,0.000263304425250511,0.00648963486777561));
#2282=CARTESIAN_POINT('',(0.00143089971329208,0.000509423552063539,0.00590202624581187));
#2283=CARTESIAN_POINT('',(0.0013,0.000691844257600127,0.00696102868336013));
#2284=CARTESIAN_POINT('',(0.0013,0.000263304425290791,0.00648963486781986));
#2285=CARTESIAN_POINT('',(0.0013,0.000509423552058633,0.00590202624582358));
#2286=CARTESIAN_POINT('',(0.0013,0.000495653200405955,0.00664000700387943));
#2287=CARTESIAN_POINT('',(0.00172479520935104,0.000495653200405955,0.00664000700387943));
#2288=CARTESIAN_POINT('',(0.00212847585799007,0.000353886318922414,0.00658046499073702));
#2289=CARTESIAN_POINT('',(0.00250000000000018,0.000213418692444057,0.0064342034165783));
#2290=CARTESIAN_POINT('',(0.0025,0.00021341869244414,0.00643420341657754));
#2291=CARTESIAN_POINT('',(0.00254953396482137,0.000194456872537432,0.00641390255979117));
#2292=CARTESIAN_POINT('',(0.0025332960035986,0.000200728261956485,0.00642080108815213));
#2293=CARTESIAN_POINT('',(0.0025166122369513,0.000207137858370081,0.00642766351338973));
#2294=CARTESIAN_POINT('',(0.00250000000000477,0.000213418692451289,0.00643420341658846));
#2295=CARTESIAN_POINT('',(-0.0025,0.00093466677025133,0.0057415265725446));
#2296=CARTESIAN_POINT('',(0.0001,0.00093466677025133,0.0057415265725446));
#2297=CARTESIAN_POINT('',(0.0025,0.000934666770251298,0.00574152657254461));
#2298=CARTESIAN_POINT('',(0.0065,-0.0035,0.000863393125268149));
#2299=CARTESIAN_POINT('',(0.0065,-0.0035,0.000863393125268149));
#2300=CARTESIAN_POINT('',(0.0075,-0.00269399375023507,0.00175000000001195));
#2301=CARTESIAN_POINT('',(0.00749999999999839,-0.00343393382362983,0.00242267279400718));
#2302=CARTESIAN_POINT('',(0.0065,-0.00343393382363102,0.00242267279400587));
#2303=CARTESIAN_POINT('',(0.00749999999999862,-0.00227568159363016,0.00232517921533926));
#2304=CARTESIAN_POINT('',(0.00742550094466495,-0.00297607875743767,0.00292631336681422));
#2305=CARTESIAN_POINT('',(0.00649999999834922,-0.00301562166702742,0.00288281616626983));
#2306=CARTESIAN_POINT('',(0.00730501562500824,-0.00144861718203126,0.00346289753316511));
#2307=CARTESIAN_POINT('',(0.00713166527174698,-0.00208269659978588,0.0039090337402372));
#2308=CARTESIAN_POINT('',(0.00634401250077251,-0.00218815799161965,0.00379302620921838));
#2309=CARTESIAN_POINT('',(0.00640718526162969,-0.000286235292203777,0.00505890124825644));
#2310=CARTESIAN_POINT('',(0.00618607070958818,-0.00082332258493776,0.00529434515656866));
#2311=CARTESIAN_POINT('',(0.00562574820909757,-0.0010275727889242,0.00506966993218337));
#2312=CARTESIAN_POINT('',(0.00480669561451783,0.000660221974331324,0.00636860839561194));
#2313=CARTESIAN_POINT('',(0.00464445218649169,0.000199463234806983,0.00641940955828544));
#2314=CARTESIAN_POINT('',(0.00434535649167313,-7.45276695742571E-05,0.00611801956346831));
#2315=CARTESIAN_POINT('',(0.00328276827822627,0.000972165403435002,0.00674082325146901));
#2316=CARTESIAN_POINT('',(0.00322141568268398,0.000507508639013552,0.00675825950291995));
#2317=CARTESIAN_POINT('',(0.00312621462258112,0.000194726689683339,0.00641419935865166));
#2318=CARTESIAN_POINT('',(0.0025,0.00097216541083322,0.00674082325119139));
#2319=CARTESIAN_POINT('',(0.0025,0.000507508646794731,0.00675825951147419));
#2320=CARTESIAN_POINT('',(0.0025,0.000194726696855385,0.00641419936654091));
#2321=CARTESIAN_POINT('',(0.0065,-0.00269399375023498,0.00175000000000911));
#2322=CARTESIAN_POINT('',(0.0065,-0.00126005992660405,0.00332732720600368));
#2323=CARTESIAN_POINT('',(0.0001,-0.0015,0.00109738547764675));
#2324=CARTESIAN_POINT('',(0.0001,0.0015,0.));
#2325=CARTESIAN_POINT('',(-0.0001,-0.0015,0.00109738547764675));
#2326=CARTESIAN_POINT('',(-0.0001,0.0015,0.));
#2327=CARTESIAN_POINT('',(-0.0001,0.0015,0.));
#2328=CARTESIAN_POINT('',(-0.0001,0.0015,0.));
#2329=CARTESIAN_POINT('',(-0.0001,0.0015,0.));
#2330=CARTESIAN_POINT('',(0.0001,0.0015,0.));
#2331=CARTESIAN_POINT('',(-0.0001,-0.0015,0.00109738547764675));
#2332=CARTESIAN_POINT('',(0.0001,-0.0015,0.00109738547764675));
#2333=MECHANICAL_DESIGN_GEOMETRIC_PRESENTATION_REPRESENTATION('',(#1077),#2334);
#2334=(
GEOMETRIC_REPRESENTATION_CONTEXT(3)
GLOBAL_UNCERTAINTY_ASSIGNED_CONTEXT((#2335))
GLOBAL_UNIT_ASSIGNED_CONTEXT((#2338,#2337,#2336))
REPRESENTATION_CONTEXT('test_phalanx','TOP_LEVEL_ASSEMBLY_PART')
);
#2335=UNCERTAINTY_MEASURE_WITH_UNIT(LENGTH_MEASURE(2.E-05),#2338,'DISTANCE_ACCURACY_VALUE','Maximum Tolerance applied to model');
#2336=(
NAMED_UNIT(*)
SI_UNIT($,.STERADIAN.)
SOLID_ANGLE_UNIT()
);
#2337=(
NAMED_UNIT(*)
PLANE_ANGLE_UNIT()
SI_UNIT($,.RADIAN.)
);
#2338=(
LENGTH_UNIT()
NAMED_UNIT(*)
SI_UNIT($,.METRE.)
);
#2339=PRODUCT_DEFINITION_SHAPE('','',#2340);
#2340=PRODUCT_DEFINITION('','',#2342,#2341);
#2341=PRODUCT_DEFINITION_CONTEXT('',#2348,'design');
#2342=PRODUCT_DEFINITION_FORMATION_WITH_SPECIFIED_SOURCE('','',#2344,.NOT_KNOWN.);
#2343=PRODUCT_RELATED_PRODUCT_CATEGORY('','',(#2344));
#2344=PRODUCT('test_phalanx','test_phalanx','test_phalanx',(#2346));
#2345=PRODUCT_CATEGORY('','');
#2346=PRODUCT_CONTEXT('',#2348,'mechanical');
#2347=APPLICATION_PROTOCOL_DEFINITION('international standard','ap242_managed_model_based_3d_engineering',2020,#2348);
#2348=APPLICATION_CONTEXT('managed model based 3d engineering');
ENDSEC;
END-ISO-10303-21;
