ISO-10303-21;
HEADER;
/*Generated by software containing ST-Developer
 * from STEP Tools, Inc. (www.steptools.com) 
 */
/*OPTION: using custom renumber hook */
/*description */
/*implementation_level */
FILE_DESCRIPTION(('STEP AP242 Edition 2','STEP AP242 Edition 2''CAx-IF Rec.Pracs.---Representation and Presentation of Product Manufa
cturing Information (PMI)---4.0---2014-10-13','STEP AP242 Edition 2''CAx-IF Rec.Pracs.---Representation and Presentation of Product Manufa
cturing Information (PMI)---4.0---2014-10-13''CAx-IF Rec.Pracs.---3D Tessellated Geometry---0.4---2014-09-14','STEP AP242 Edition 2''CAx-IF Rec.Pracs.---Representation and Presentation of Product Manufa
cturing Information (PMI)---4.0---2014-10-13''CAx-IF Rec.Pracs.---3D Tessellated Geometry---0.4---2014-09-14''2;1','STEP AP242 Edition 2''CAx-IF Rec.Pracs.---Representation and Presentation of Product Manufa
cturing Information (PMI)---4.0---2014-10-13''CAx-IF Rec.Pracs.---3D Tessellated Geometry---0.4---2014-09-14''2;1''CAx-IF Rec.Pracs.---User Defined Attributes---1.5---2016-08-15'),'2;1');
/*name */
/*time_stamp */
/*author */
/*organization */
/*preprocessor_version */
/*originating_system */
/*authorisation */
FILE_NAME('/vol/tmp/translate-7974945150936177614/Pimp_my_Reachy-Body_cut_surfaces - arcade.step','2026-03-31T09:39:42',(''),(''),'ST-DEVELOPER v20','ONSHAPE BY PTC INC, 1.212','  ');
FILE_SCHEMA(('AP242_MANAGED_MODEL_BASED_3D_ENGINEERING_MIM_LF { 1 0 10303 442 3 1 4 }'));
ENDSEC;
DATA;
#10=SHAPE_REPRESENTATION_RELATIONSHIP('','',#2082,#11);
#11=ADVANCED_BREP_SHAPE_REPRESENTATION('',(#2080),#4500);
#12=VERTEX_LOOP('',#1395);
#13=VERTEX_LOOP('',#1397);
#14=VERTEX_LOOP('',#1399);
#15=VERTEX_LOOP('',#1401);
#16=CONICAL_SURFACE('',#2259,0.000875,1.02974425867665);
#17=CONICAL_SURFACE('',#2262,0.000875,1.02974425867665);
#18=CONICAL_SURFACE('',#2265,0.000875,1.02974425867665);
#19=CONICAL_SURFACE('',#2268,0.000875,1.02974425867665);
#20=ELLIPSE('',#2233,0.00202763584857807,0.002);
#21=ELLIPSE('',#2234,0.00202763584857807,0.002);
#22=SPHERICAL_SURFACE('',#2217,0.0045);
#23=SPHERICAL_SURFACE('',#2218,0.0045);
#24=TOROIDAL_SURFACE('',#2201,0.002,0.0005);
#25=TOROIDAL_SURFACE('',#2202,0.002,0.0005);
#26=TOROIDAL_SURFACE('',#2203,0.002,0.0005);
#27=TOROIDAL_SURFACE('',#2204,0.002,0.0005);
#28=TOROIDAL_SURFACE('',#2205,0.002,0.0005);
#29=TOROIDAL_SURFACE('',#2206,0.002,0.0005);
#30=TOROIDAL_SURFACE('',#2207,0.002,0.0005);
#31=TOROIDAL_SURFACE('',#2208,0.002,0.0005);
#32=TOROIDAL_SURFACE('',#2209,0.002,0.0005);
#33=TOROIDAL_SURFACE('',#2210,0.002,0.0005);
#34=TOROIDAL_SURFACE('',#2211,0.002,0.0005);
#35=TOROIDAL_SURFACE('',#2212,0.002,0.0005);
#36=CYLINDRICAL_SURFACE('',#2153,0.0025);
#37=CYLINDRICAL_SURFACE('',#2157,0.0025);
#38=CYLINDRICAL_SURFACE('',#2161,0.0025);
#39=CYLINDRICAL_SURFACE('',#2165,0.0025);
#40=CYLINDRICAL_SURFACE('',#2169,0.0025);
#41=CYLINDRICAL_SURFACE('',#2173,0.0025);
#42=CYLINDRICAL_SURFACE('',#2177,0.0025);
#43=CYLINDRICAL_SURFACE('',#2181,0.0025);
#44=CYLINDRICAL_SURFACE('',#2185,0.0025);
#45=CYLINDRICAL_SURFACE('',#2189,0.0025);
#46=CYLINDRICAL_SURFACE('',#2193,0.0025);
#47=CYLINDRICAL_SURFACE('',#2197,0.0025);
#48=CYLINDRICAL_SURFACE('',#2213,0.0015);
#49=CYLINDRICAL_SURFACE('',#2215,0.0015);
#50=CYLINDRICAL_SURFACE('',#2219,0.0272588213305081);
#51=CYLINDRICAL_SURFACE('',#2220,0.0272588213305081);
#52=CYLINDRICAL_SURFACE('',#2221,0.0048308820055922);
#53=CYLINDRICAL_SURFACE('',#2222,0.0048308820055922);
#54=CYLINDRICAL_SURFACE('',#2223,0.003);
#55=CYLINDRICAL_SURFACE('',#2224,0.003);
#56=CYLINDRICAL_SURFACE('',#2225,0.003);
#57=CYLINDRICAL_SURFACE('',#2226,0.003);
#58=CYLINDRICAL_SURFACE('',#2227,0.003);
#59=CYLINDRICAL_SURFACE('',#2228,0.003);
#60=CYLINDRICAL_SURFACE('',#2229,0.003);
#61=CYLINDRICAL_SURFACE('',#2230,0.003);
#62=CYLINDRICAL_SURFACE('',#2243,0.0025);
#63=CYLINDRICAL_SURFACE('',#2247,0.0025);
#64=CYLINDRICAL_SURFACE('',#2251,0.0025);
#65=CYLINDRICAL_SURFACE('',#2255,0.0025);
#66=CYLINDRICAL_SURFACE('',#2261,0.000875);
#67=CYLINDRICAL_SURFACE('',#2264,0.000875);
#68=CYLINDRICAL_SURFACE('',#2267,0.000875);
#69=CYLINDRICAL_SURFACE('',#2270,0.000875);
#70=CYLINDRICAL_SURFACE('',#2274,0.002);
#71=CYLINDRICAL_SURFACE('',#2275,0.002);
#72=CYLINDRICAL_SURFACE('',#2278,0.012);
#73=CYLINDRICAL_SURFACE('',#2279,0.012);
#74=B_SPLINE_SURFACE_WITH_KNOTS('',3,1,((#2842,#2843),(#2844,#2845),(#2846,
#2847),(#2848,#2849)),.SURF_OF_LINEAR_EXTRUSION.,.F.,.F.,.F.,(4,4),(2,2),(0.00278776322380679,0.0448002624791813),(0.,1.),.PIECEWISE_BEZIER_KNOTS.);
#75=B_SPLINE_SURFACE_WITH_KNOTS('',3,1,((#3151,#3152),(#3153,#3154),(#3155,
#3156),(#3157,#3158)),.SURF_OF_LINEAR_EXTRUSION.,.F.,.F.,.F.,(4,4),(2,2),(0.00278776322380679,0.0448005338239966),(0.,1.),.PIECEWISE_BEZIER_KNOTS.);
#76=B_SPLINE_SURFACE_WITH_KNOTS('',3,3,((#3554,#3555,#3556,#3557,#3558),(#3559,#3560,#3561,#3562,#3563),(#3564,#3565,#3566,#3567,#3568),(#3569,
#3570,#3571,#3572,#3573),(#3574,#3575,#3576,#3577,#3578),(#3579,#3580,#3581,
#3582,#3583),(#3584,#3585,#3586,#3587,#3588),(#3589,#3590,#3591,#3592,#3593),(#3594,#3595,#3596,#3597,#3598),(#3599,#3600,#3601,#3602,#3603),(#3604,
#3605,#3606,#3607,#3608)),.UNSPECIFIED.,.F.,.F.,.F.,(4,1,1,1,1,1,1,1,4),(4,1,4),(-1.57212965560229E-09,0.0788181206451284,0.118227181753757,0.157636242862386,0.197045303971015,0.229886188228206,0.256158895633959,0.275863426188273,0.315272487296902),(0.0543470202286497,0.19809027881016,0.34183353739167),.UNSPECIFIED.);
#77=B_SPLINE_SURFACE_WITH_KNOTS('',3,3,((#3693,#3694,#3695,#3696,#3697),(#3698,#3699,#3700,#3701,#3702),(#3703,#3704,#3705,#3706,#3707),(#3708,
#3709,#3710,#3711,#3712),(#3713,#3714,#3715,#3716,#3717),(#3718,#3719,#3720,
#3721,#3722),(#3723,#3724,#3725,#3726,#3727),(#3728,#3729,#3730,#3731,#3732),(#3733,#3734,#3735,#3736,#3737),(#3738,#3739,#3740,#3741,#3742),(#3743,
#3744,#3745,#3746,#3747),(#3748,#3749,#3750,#3751,#3752),(#3753,#3754,#3755,
#3756,#3757),(#3758,#3759,#3760,#3761,#3762),(#3763,#3764,#3765,#3766,#3767),(#3768,#3769,#3770,#3771,#3772),(#3773,#3774,#3775,#3776,#3777),(#3778,
#3779,#3780,#3781,#3782)),.UNSPECIFIED.,.F.,.F.,.F.,(4,1,1,1,1,1,1,1,1,1,1,1,1,1,1,4),(4,1,4),(-5.34284790914888E-09,0.0403975018296455,0.0605962554158921,0.0807950090021388,0.100993762588386,0.127925434036714,0.154857105485043,0.181788776933372,0.201987530519619,0.218819825174824,0.232285660898989,0.242385037692112,0.252484414485236,0.2659502502094,0.282782544864606,0.323180052037099),(0.33836472171704,0.606659996940025,0.874955272163011),.UNSPECIFIED.);
#78=B_SPLINE_SURFACE_WITH_KNOTS('',3,3,((#3811,#3812,#3813,#3814,#3815,
#3816,#3817,#3818,#3819),(#3820,#3821,#3822,#3823,#3824,#3825,#3826,#3827,
#3828),(#3829,#3830,#3831,#3832,#3833,#3834,#3835,#3836,#3837),(#3838,#3839,
#3840,#3841,#3842,#3843,#3844,#3845,#3846),(#3847,#3848,#3849,#3850,#3851,
#3852,#3853,#3854,#3855)),.UNSPECIFIED.,.F.,.F.,.F.,(4,1,4),(4,1,1,1,1,1,4),(0.0271528581814676,0.20026200556659,0.373371152951712),(0.629638357627501,0.661591383029849,0.677567895731022,0.693544408432196,0.70952092113337,0.725497433834543,0.757450459236891),.UNSPECIFIED.);
#79=B_SPLINE_SURFACE_WITH_KNOTS('',3,3,((#3865,#3866,#3867,#3868,#3869),(#3870,#3871,#3872,#3873,#3874),(#3875,#3876,#3877,#3878,#3879),(#3880,
#3881,#3882,#3883,#3884),(#3885,#3886,#3887,#3888,#3889),(#3890,#3891,#3892,
#3893,#3894),(#3895,#3896,#3897,#3898,#3899),(#3900,#3901,#3902,#3903,#3904),(#3905,#3906,#3907,#3908,#3909),(#3910,#3911,#3912,#3913,#3914),(#3915,
#3916,#3917,#3918,#3919),(#3920,#3921,#3922,#3923,#3924),(#3925,#3926,#3927,
#3928,#3929),(#3930,#3931,#3932,#3933,#3934),(#3935,#3936,#3937,#3938,#3939),(#3940,#3941,#3942,#3943,#3944),(#3945,#3946,#3947,#3948,#3949),(#3950,
#3951,#3952,#3953,#3954)),.UNSPECIFIED.,.F.,.F.,.F.,(4,1,1,1,1,1,1,1,1,1,1,1,1,1,1,4),(4,1,4),(-0.00192717267944806,0.038711213981643,0.0590304073121886,0.0793496006427341,0.0996687939732797,0.12676105174734,0.153853309521401,0.180945567295462,0.201264760626007,0.218197421734795,0.231743550621826,0.241903147287099,0.252062743952371,0.265608872839402,0.28254153394819,0.323179920609281),(0.338362082250304,0.606658696727693,0.874955311205083),.UNSPECIFIED.);
#80=B_SPLINE_SURFACE_WITH_KNOTS('',1,3,((#3966,#3967,#3968,#3969,#3970,
#3971,#3972,#3973,#3974,#3975,#3976,#3977,#3978,#3979,#3980,#3981),(#3982,
#3983,#3984,#3985,#3986,#3987,#3988,#3989,#3990,#3991,#3992,#3993,#3994,
#3995,#3996,#3997)),.RULED_SURF.,.F.,.F.,.F.,(2,2),(4,2,2,2,2,2,2,4),(0.,1.),(1.42536522042849E-07,0.0133246641704984,0.0199869249874866,0.0266491858044747,0.0333114466214629,0.0399737074384511,0.0466359682554392,0.0532982290724274),.UNSPECIFIED.);
#81=B_SPLINE_SURFACE_WITH_KNOTS('',3,3,((#4009,#4010,#4011,#4012,#4013),(#4014,#4015,#4016,#4017,#4018),(#4019,#4020,#4021,#4022,#4023),(#4024,
#4025,#4026,#4027,#4028),(#4029,#4030,#4031,#4032,#4033),(#4034,#4035,#4036,
#4037,#4038),(#4039,#4040,#4041,#4042,#4043)),.UNSPECIFIED.,.F.,.F.,.F.,(4,1,1,1,4),(4,1,4),(8.80342490209228E-10,0.0685422286105632,0.117500962703578,0.166459696796593,0.235001924526814),(0.0547487253371992,0.165453523999802,0.276158322662405),.UNSPECIFIED.);
#82=B_SPLINE_SURFACE_WITH_KNOTS('',1,3,((#4089,#4090,#4091,#4092,#4093,
#4094,#4095,#4096),(#4097,#4098,#4099,#4100,#4101,#4102,#4103,#4104),(#4105,
#4106,#4107,#4108,#4109,#4110,#4111,#4112)),.RULED_SURF.,.F.,.F.,.F.,(2,1,2),(4,2,2,4),(0.,1.,1.00647693782899),(4.09777931251495E-05,0.00286304061320435,0.00427407202324395,0.00568510343328355),.UNSPECIFIED.);
#83=B_SPLINE_SURFACE_WITH_KNOTS('',1,3,((#4123,#4124,#4125,#4126,#4127,
#4128,#4129,#4130,#4131,#4132,#4133,#4134,#4135,#4136,#4137,#4138),(#4139,
#4140,#4141,#4142,#4143,#4144,#4145,#4146,#4147,#4148,#4149,#4150,#4151,
#4152,#4153,#4154)),.RULED_SURF.,.F.,.F.,.F.,(2,2),(4,2,2,2,2,2,2,4),(0.,1.),(0.00129544249979213,0.00536825229214426,0.00944106208449639,0.0175866816692006,0.0196230865653768,0.0216594914615528,0.0257323012539049,0.0338779208386092),.UNSPECIFIED.);
#84=B_SPLINE_SURFACE_WITH_KNOTS('',1,3,((#4167,#4168,#4169,#4170),(#4171,
#4172,#4173,#4174)),.RULED_SURF.,.F.,.F.,.F.,(2,2),(4,4),(0.,1.),(0.0596408425017014,0.0645356311063166),.PIECEWISE_BEZIER_KNOTS.);
#85=B_SPLINE_SURFACE_WITH_KNOTS('',1,3,((#4184,#4185,#4186,#4187,#4188,
#4189),(#4190,#4191,#4192,#4193,#4194,#4195)),.RULED_SURF.,.F.,.F.,.F.,(2,2),(4,2,4),(0.,1.),(6.03957602910614E-05,0.0084349232600868,0.0168094507598825),.UNSPECIFIED.);
#86=B_SPLINE_SURFACE_WITH_KNOTS('',1,3,((#4204,#4205,#4206,#4207,#4208,
#4209,#4210,#4211,#4212,#4213),(#4214,#4215,#4216,#4217,#4218,#4219,#4220,
#4221,#4222,#4223),(#4224,#4225,#4226,#4227,#4228,#4229,#4230,#4231,#4232,
#4233)),.RULED_SURF.,.F.,.F.,.F.,(2,1,2),(4,2,2,2,4),(0.,1.,1.0061158308301),(0.00510513692876604,0.0185737132439015,0.032042289559037,0.0455108658741724,0.0589794421893079),.UNSPECIFIED.);
#87=B_SPLINE_SURFACE_WITH_KNOTS('',1,3,((#4239,#4240,#4241,#4242,#4243,
#4244,#4245,#4246),(#4247,#4248,#4249,#4250,#4251,#4252,#4253,#4254)),.RULED_SURF.,.F.,.F.,.F.,(2,2),(4,2,2,4),(0.,1.),(0.000658492211650124,0.0278732122804875,0.0414805723149062,0.0550879323493248),.UNSPECIFIED.);
#88=B_SPLINE_SURFACE_WITH_KNOTS('',1,3,((#4259,#4260,#4261,#4262,#4263,
#4264),(#4265,#4266,#4267,#4268,#4269,#4270),(#4271,#4272,#4273,#4274,#4275,
#4276)),.RULED_SURF.,.F.,.F.,.F.,(2,1,2),(4,2,4),(0.,1.,1.00619239925218),(0.00165818868475621,0.00973942066143803,0.0178206526381198),.UNSPECIFIED.);
#89=B_SPLINE_SURFACE_WITH_KNOTS('',1,3,((#4281,#4282,#4283,#4284,#4285,
#4286,#4287,#4288,#4289,#4290,#4291,#4292,#4293,#4294,#4295,#4296,#4297,
#4298,#4299,#4300,#4301,#4302),(#4303,#4304,#4305,#4306,#4307,#4308,#4309,
#4310,#4311,#4312,#4313,#4314,#4315,#4316,#4317,#4318,#4319,#4320,#4321,
#4322,#4323,#4324)),.RULED_SURF.,.F.,.F.,.F.,(2,2),(4,2,2,2,2,2,2,2,2,2,4),(0.,1.),(1.42301480988527E-07,0.00745468131215638,0.0149092203228318,0.0223637593335071,0.0298182983441826,0.0335455678495203,0.037272837354858,0.0447273763655334,0.0521819153762087,0.0559091848815464,0.0596364543868841),.UNSPECIFIED.);
#90=B_SPLINE_SURFACE_WITH_KNOTS('',3,3,((#4325,#4326,#4327,#4328,#4329),(#4330,#4331,#4332,#4333,#4334),(#4335,#4336,#4337,#4338,#4339),(#4340,
#4341,#4342,#4343,#4344)),.UNSPECIFIED.,.F.,.F.,.F.,(4,4),(4,1,4),(0.0285437952201878,0.353055661873616),(0.866464455042586,0.93323222920323,1.00000000336387),.UNSPECIFIED.);
#91=B_SPLINE_SURFACE_WITH_KNOTS('',3,3,((#4353,#4354,#4355,#4356),(#4357,
#4358,#4359,#4360),(#4361,#4362,#4363,#4364),(#4365,#4366,#4367,#4368)),.UNSPECIFIED.,.F.,.F.,.F.,(4,4),(4,4),(-0.000897909114043777,0.00080749162449032),(-0.00360838701328298,-0.00346864247925405),.UNSPECIFIED.);
#92=B_SPLINE_SURFACE_WITH_KNOTS('',3,3,((#4369,#4370,#4371,#4372),(#4373,
#4374,#4375,#4376),(#4377,#4378,#4379,#4380),(#4381,#4382,#4383,#4384)),.UNSPECIFIED.,.F.,.F.,.F.,(4,4),(4,4),(-0.000799631948462814,0.000889714608822681),(0.00347011796917952,0.0036070105706348),.UNSPECIFIED.);
#93=B_SPLINE_SURFACE_WITH_KNOTS('',3,3,((#4394,#4395,#4396,#4397,#4398),(#4399,#4400,#4401,#4402,#4403),(#4404,#4405,#4406,#4407,#4408),(#4409,
#4410,#4411,#4412,#4413)),.UNSPECIFIED.,.F.,.F.,.F.,(4,4),(4,1,4),(0.0285442436392076,0.353038525850145),(1.52340747449094E-09,0.0667553895287491,0.133510777534091),.UNSPECIFIED.);
#94=B_SPLINE_SURFACE_WITH_KNOTS('',3,3,((#4418,#4419,#4420,#4421,#4422),(#4423,#4424,#4425,#4426,#4427),(#4428,#4429,#4430,#4431,#4432),(#4433,
#4434,#4435,#4436,#4437),(#4438,#4439,#4440,#4441,#4442)),.UNSPECIFIED.,.F.,.F.,.F.,(4,1,4),(4,1,4),(0.0301347101657268,0.201739779144121,0.373344848122515),(0.242818870533907,0.277017917225647,0.311216963917386),.UNSPECIFIED.);
#95=B_SPLINE_SURFACE_WITH_KNOTS('',3,3,((#4443,#4444,#4445,#4446,#4447),(#4448,#4449,#4450,#4451,#4452),(#4453,#4454,#4455,#4456,#4457),(#4458,
#4459,#4460,#4461,#4462),(#4463,#4464,#4465,#4466,#4467)),.UNSPECIFIED.,.F.,.F.,.F.,(4,1,4),(4,1,4),(0.027595895547777,0.200476019777193,0.373356144006609),(0.327229715709283,0.348532188465623,0.369834661221962),.UNSPECIFIED.);
#96=B_SPLINE_SURFACE_WITH_KNOTS('',3,3,((#4472,#4473,#4474,#4475,#4476),(#4477,#4478,#4479,#4480,#4481),(#4482,#4483,#4484,#4485,#4486),(#4487,
#4488,#4489,#4490,#4491),(#4492,#4493,#4494,#4495,#4496)),.UNSPECIFIED.,.F.,.F.,.F.,(4,1,4),(4,1,4),(0.235572457231501,0.274715889609358,0.313859321987215),(0.0605342021715254,0.201183869473293,0.341833536775061),.UNSPECIFIED.);
#97=CIRCLE('',#2085,0.003);
#98=CIRCLE('',#2086,0.003);
#99=CIRCLE('',#2087,0.0272588213305081);
#100=CIRCLE('',#2088,0.0048308820055922);
#101=CIRCLE('',#2089,0.003);
#102=CIRCLE('',#2090,0.003);
#103=CIRCLE('',#2093,0.003);
#104=CIRCLE('',#2094,0.003);
#105=CIRCLE('',#2095,0.0272588213305081);
#106=CIRCLE('',#2096,0.0048308820055922);
#107=CIRCLE('',#2097,0.003);
#108=CIRCLE('',#2098,0.003);
#109=CIRCLE('',#2110,0.0015);
#110=CIRCLE('',#2111,0.0015);
#111=CIRCLE('',#2112,0.0025);
#112=CIRCLE('',#2113,0.0025);
#113=CIRCLE('',#2114,0.0025);
#114=CIRCLE('',#2115,0.0025);
#115=CIRCLE('',#2116,0.0025);
#116=CIRCLE('',#2117,0.0025);
#117=CIRCLE('',#2118,0.0025);
#118=CIRCLE('',#2119,0.0025);
#119=CIRCLE('',#2120,0.0025);
#120=CIRCLE('',#2121,0.0025);
#121=CIRCLE('',#2122,0.0025);
#122=CIRCLE('',#2123,0.0025);
#123=CIRCLE('',#2132,0.003);
#124=CIRCLE('',#2133,0.003);
#125=CIRCLE('',#2134,0.0048308820055922);
#126=CIRCLE('',#2135,0.0272588213305081);
#127=CIRCLE('',#2136,0.003);
#128=CIRCLE('',#2137,0.003);
#129=CIRCLE('',#2140,0.003);
#130=CIRCLE('',#2141,0.003);
#131=CIRCLE('',#2142,0.0048308820055922);
#132=CIRCLE('',#2143,0.0272588213305081);
#133=CIRCLE('',#2144,0.003);
#134=CIRCLE('',#2145,0.003);
#135=CIRCLE('',#2147,0.002);
#136=CIRCLE('',#2148,0.002);
#137=CIRCLE('',#2154,0.0025);
#138=CIRCLE('',#2156,0.002);
#139=CIRCLE('',#2158,0.0025);
#140=CIRCLE('',#2160,0.002);
#141=CIRCLE('',#2162,0.0025);
#142=CIRCLE('',#2164,0.002);
#143=CIRCLE('',#2166,0.0025);
#144=CIRCLE('',#2168,0.002);
#145=CIRCLE('',#2170,0.0025);
#146=CIRCLE('',#2172,0.002);
#147=CIRCLE('',#2174,0.0025);
#148=CIRCLE('',#2176,0.002);
#149=CIRCLE('',#2178,0.0025);
#150=CIRCLE('',#2180,0.002);
#151=CIRCLE('',#2182,0.0025);
#152=CIRCLE('',#2184,0.002);
#153=CIRCLE('',#2186,0.0025);
#154=CIRCLE('',#2188,0.002);
#155=CIRCLE('',#2190,0.0025);
#156=CIRCLE('',#2192,0.002);
#157=CIRCLE('',#2194,0.0025);
#158=CIRCLE('',#2196,0.002);
#159=CIRCLE('',#2198,0.0025);
#160=CIRCLE('',#2200,0.002);
#161=CIRCLE('',#2214,0.0015);
#162=CIRCLE('',#2216,0.0015);
#163=CIRCLE('',#2237,0.0025);
#164=CIRCLE('',#2238,0.0025);
#165=CIRCLE('',#2239,0.0025);
#166=CIRCLE('',#2240,0.0025);
#167=CIRCLE('',#2241,0.012);
#168=CIRCLE('',#2242,0.012);
#169=CIRCLE('',#2244,0.0025);
#170=CIRCLE('',#2246,0.000875);
#171=CIRCLE('',#2248,0.0025);
#172=CIRCLE('',#2250,0.000875);
#173=CIRCLE('',#2252,0.0025);
#174=CIRCLE('',#2254,0.000875);
#175=CIRCLE('',#2256,0.0025);
#176=CIRCLE('',#2258,0.000875);
#177=CIRCLE('',#2260,0.000875);
#178=CIRCLE('',#2263,0.000875);
#179=CIRCLE('',#2266,0.000875);
#180=CIRCLE('',#2269,0.000875);
#181=LINE('',#2801,#290);
#182=LINE('',#2805,#291);
#183=LINE('',#2811,#292);
#184=LINE('',#2815,#293);
#185=LINE('',#2819,#294);
#186=LINE('',#2823,#295);
#187=LINE('',#2825,#296);
#188=LINE('',#2861,#297);
#189=LINE('',#2868,#298);
#190=LINE('',#2870,#299);
#191=LINE('',#2872,#300);
#192=LINE('',#2881,#301);
#193=LINE('',#2887,#302);
#194=LINE('',#2891,#303);
#195=LINE('',#2895,#304);
#196=LINE('',#2899,#305);
#197=LINE('',#2901,#306);
#198=LINE('',#2903,#307);
#199=LINE('',#2905,#308);
#200=LINE('',#2907,#309);
#201=LINE('',#2909,#310);
#202=LINE('',#2911,#311);
#203=LINE('',#2913,#312);
#204=LINE('',#2915,#313);
#205=LINE('',#2928,#314);
#206=LINE('',#2930,#315);
#207=LINE('',#2968,#316);
#208=LINE('',#2970,#317);
#209=LINE('',#2972,#318);
#210=LINE('',#2996,#319);
#211=LINE('',#2999,#320);
#212=LINE('',#3000,#321);
#213=LINE('',#3001,#322);
#214=LINE('',#3004,#323);
#215=LINE('',#3006,#324);
#216=LINE('',#3008,#325);
#217=LINE('',#3010,#326);
#218=LINE('',#3013,#327);
#219=LINE('',#3014,#328);
#220=LINE('',#3016,#329);
#221=LINE('',#3019,#330);
#222=LINE('',#3020,#331);
#223=LINE('',#3022,#332);
#224=LINE('',#3025,#333);
#225=LINE('',#3026,#334);
#226=LINE('',#3028,#335);
#227=LINE('',#3031,#336);
#228=LINE('',#3032,#337);
#229=LINE('',#3034,#338);
#230=LINE('',#3036,#339);
#231=LINE('',#3038,#340);
#232=LINE('',#3040,#341);
#233=LINE('',#3042,#342);
#234=LINE('',#3044,#343);
#235=LINE('',#3046,#344);
#236=LINE('',#3048,#345);
#237=LINE('',#3078,#346);
#238=LINE('',#3080,#347);
#239=LINE('',#3082,#348);
#240=LINE('',#3084,#349);
#241=LINE('',#3086,#350);
#242=LINE('',#3088,#351);
#243=LINE('',#3090,#352);
#244=LINE('',#3092,#353);
#245=LINE('',#3095,#354);
#246=LINE('',#3096,#355);
#247=LINE('',#3098,#356);
#248=LINE('',#3101,#357);
#249=LINE('',#3102,#358);
#250=LINE('',#3104,#359);
#251=LINE('',#3107,#360);
#252=LINE('',#3108,#361);
#253=LINE('',#3110,#362);
#254=LINE('',#3113,#363);
#255=LINE('',#3114,#364);
#256=LINE('',#3143,#365);
#257=LINE('',#3164,#366);
#258=LINE('',#3171,#367);
#259=LINE('',#3173,#368);
#260=LINE('',#3179,#369);
#261=LINE('',#3227,#370);
#262=LINE('',#3231,#371);
#263=LINE('',#3235,#372);
#264=LINE('',#3247,#373);
#265=LINE('',#3250,#374);
#266=LINE('',#3251,#375);
#267=LINE('',#3253,#376);
#268=LINE('',#3255,#377);
#269=LINE('',#3257,#378);
#270=LINE('',#3259,#379);
#271=LINE('',#3261,#380);
#272=LINE('',#3355,#381);
#273=LINE('',#3357,#382);
#274=LINE('',#3369,#383);
#275=LINE('',#3372,#384);
#276=LINE('',#3379,#385);
#277=LINE('',#3392,#386);
#278=LINE('',#3394,#387);
#279=LINE('',#3399,#388);
#280=LINE('',#3403,#389);
#281=LINE('',#3423,#390);
#282=LINE('',#3425,#391);
#283=LINE('',#3437,#392);
#284=LINE('',#3439,#393);
#285=LINE('',#3450,#394);
#286=LINE('',#3507,#395);
#287=LINE('',#3508,#396);
#288=LINE('',#3522,#397);
#289=LINE('',#3528,#398);
#290=VECTOR('',#2284,1.);
#291=VECTOR('',#2287,1.);
#292=VECTOR('',#2292,1.);
#293=VECTOR('',#2295,1.);
#294=VECTOR('',#2298,1.);
#295=VECTOR('',#2301,1.);
#296=VECTOR('',#2302,1.);
#297=VECTOR('',#2303,1.);
#298=VECTOR('',#2306,1.);
#299=VECTOR('',#2307,1.);
#300=VECTOR('',#2308,1.);
#301=VECTOR('',#2313,1.);
#302=VECTOR('',#2318,1.);
#303=VECTOR('',#2321,1.);
#304=VECTOR('',#2324,1.);
#305=VECTOR('',#2327,1.);
#306=VECTOR('',#2328,1.);
#307=VECTOR('',#2329,1.);
#308=VECTOR('',#2330,1.);
#309=VECTOR('',#2331,1.);
#310=VECTOR('',#2332,1.);
#311=VECTOR('',#2333,1.);
#312=VECTOR('',#2334,1.);
#313=VECTOR('',#2335,1.);
#314=VECTOR('',#2338,1.);
#315=VECTOR('',#2339,1.);
#316=VECTOR('',#2342,1.);
#317=VECTOR('',#2343,1.);
#318=VECTOR('',#2344,1.);
#319=VECTOR('',#2347,1.);
#320=VECTOR('',#2348,1.);
#321=VECTOR('',#2349,1.);
#322=VECTOR('',#2350,1.);
#323=VECTOR('',#2351,1.);
#324=VECTOR('',#2352,1.);
#325=VECTOR('',#2353,1.);
#326=VECTOR('',#2356,1.);
#327=VECTOR('',#2357,1.);
#328=VECTOR('',#2358,1.);
#329=VECTOR('',#2361,1.);
#330=VECTOR('',#2362,1.);
#331=VECTOR('',#2363,1.);
#332=VECTOR('',#2366,1.);
#333=VECTOR('',#2367,1.);
#334=VECTOR('',#2368,1.);
#335=VECTOR('',#2371,1.);
#336=VECTOR('',#2372,1.);
#337=VECTOR('',#2373,1.);
#338=VECTOR('',#2376,1.);
#339=VECTOR('',#2377,1.);
#340=VECTOR('',#2378,1.);
#341=VECTOR('',#2381,1.);
#342=VECTOR('',#2382,1.);
#343=VECTOR('',#2383,1.);
#344=VECTOR('',#2386,1.);
#345=VECTOR('',#2387,1.);
#346=VECTOR('',#2418,1.);
#347=VECTOR('',#2421,1.);
#348=VECTOR('',#2422,1.);
#349=VECTOR('',#2425,1.);
#350=VECTOR('',#2428,1.);
#351=VECTOR('',#2429,1.);
#352=VECTOR('',#2430,1.);
#353=VECTOR('',#2433,1.);
#354=VECTOR('',#2434,1.);
#355=VECTOR('',#2435,1.);
#356=VECTOR('',#2438,1.);
#357=VECTOR('',#2439,1.);
#358=VECTOR('',#2440,1.);
#359=VECTOR('',#2443,1.);
#360=VECTOR('',#2444,1.);
#361=VECTOR('',#2445,1.);
#362=VECTOR('',#2448,1.);
#363=VECTOR('',#2449,1.);
#364=VECTOR('',#2450,1.);
#365=VECTOR('',#2453,1.);
#366=VECTOR('',#2466,1.);
#367=VECTOR('',#2469,1.);
#368=VECTOR('',#2470,1.);
#369=VECTOR('',#2473,1.);
#370=VECTOR('',#2488,1.);
#371=VECTOR('',#2491,1.);
#372=VECTOR('',#2494,1.);
#373=VECTOR('',#2497,1.);
#374=VECTOR('',#2498,1.);
#375=VECTOR('',#2499,1.);
#376=VECTOR('',#2502,1.);
#377=VECTOR('',#2503,1.);
#378=VECTOR('',#2506,1.);
#379=VECTOR('',#2507,1.);
#380=VECTOR('',#2510,1.);
#381=VECTOR('',#2645,1.);
#382=VECTOR('',#2648,1.);
#383=VECTOR('',#2671,1.);
#384=VECTOR('',#2672,1.);
#385=VECTOR('',#2673,1.);
#386=VECTOR('',#2674,1.);
#387=VECTOR('',#2677,1.);
#388=VECTOR('',#2680,1.);
#389=VECTOR('',#2683,1.);
#390=VECTOR('',#2684,1.);
#391=VECTOR('',#2685,1.);
#392=VECTOR('',#2688,1.);
#393=VECTOR('',#2689,1.);
#394=VECTOR('',#2690,1.);
#395=VECTOR('',#2763,1.);
#396=VECTOR('',#2764,1.);
#397=VECTOR('',#2767,1.);
#398=VECTOR('',#2770,1.);
#399=ORIENTED_EDGE('',*,*,#945,.F.);
#400=ORIENTED_EDGE('',*,*,#946,.F.);
#401=ORIENTED_EDGE('',*,*,#947,.T.);
#402=ORIENTED_EDGE('',*,*,#948,.T.);
#403=ORIENTED_EDGE('',*,*,#949,.T.);
#404=ORIENTED_EDGE('',*,*,#950,.T.);
#405=ORIENTED_EDGE('',*,*,#951,.T.);
#406=ORIENTED_EDGE('',*,*,#952,.F.);
#407=ORIENTED_EDGE('',*,*,#953,.T.);
#408=ORIENTED_EDGE('',*,*,#954,.F.);
#409=ORIENTED_EDGE('',*,*,#955,.T.);
#410=ORIENTED_EDGE('',*,*,#956,.F.);
#411=ORIENTED_EDGE('',*,*,#957,.T.);
#412=ORIENTED_EDGE('',*,*,#958,.F.);
#413=ORIENTED_EDGE('',*,*,#959,.F.);
#414=ORIENTED_EDGE('',*,*,#960,.F.);
#415=ORIENTED_EDGE('',*,*,#961,.F.);
#416=ORIENTED_EDGE('',*,*,#962,.F.);
#417=ORIENTED_EDGE('',*,*,#963,.F.);
#418=ORIENTED_EDGE('',*,*,#964,.F.);
#419=ORIENTED_EDGE('',*,*,#965,.F.);
#420=ORIENTED_EDGE('',*,*,#964,.T.);
#421=ORIENTED_EDGE('',*,*,#966,.T.);
#422=ORIENTED_EDGE('',*,*,#967,.T.);
#423=ORIENTED_EDGE('',*,*,#968,.F.);
#424=ORIENTED_EDGE('',*,*,#969,.T.);
#425=ORIENTED_EDGE('',*,*,#968,.T.);
#426=ORIENTED_EDGE('',*,*,#970,.T.);
#427=ORIENTED_EDGE('',*,*,#971,.T.);
#428=ORIENTED_EDGE('',*,*,#972,.T.);
#429=ORIENTED_EDGE('',*,*,#973,.T.);
#430=ORIENTED_EDGE('',*,*,#974,.F.);
#431=ORIENTED_EDGE('',*,*,#975,.T.);
#432=ORIENTED_EDGE('',*,*,#976,.F.);
#433=ORIENTED_EDGE('',*,*,#977,.T.);
#434=ORIENTED_EDGE('',*,*,#978,.F.);
#435=ORIENTED_EDGE('',*,*,#979,.T.);
#436=ORIENTED_EDGE('',*,*,#980,.F.);
#437=ORIENTED_EDGE('',*,*,#981,.F.);
#438=ORIENTED_EDGE('',*,*,#982,.T.);
#439=ORIENTED_EDGE('',*,*,#983,.T.);
#440=ORIENTED_EDGE('',*,*,#984,.F.);
#441=ORIENTED_EDGE('',*,*,#985,.F.);
#442=ORIENTED_EDGE('',*,*,#986,.F.);
#443=ORIENTED_EDGE('',*,*,#987,.F.);
#444=ORIENTED_EDGE('',*,*,#988,.F.);
#445=ORIENTED_EDGE('',*,*,#989,.F.);
#446=ORIENTED_EDGE('',*,*,#988,.T.);
#447=ORIENTED_EDGE('',*,*,#990,.T.);
#448=ORIENTED_EDGE('',*,*,#991,.F.);
#449=ORIENTED_EDGE('',*,*,#992,.T.);
#450=ORIENTED_EDGE('',*,*,#993,.T.);
#451=ORIENTED_EDGE('',*,*,#994,.T.);
#452=ORIENTED_EDGE('',*,*,#995,.F.);
#453=ORIENTED_EDGE('',*,*,#996,.T.);
#454=ORIENTED_EDGE('',*,*,#997,.F.);
#455=ORIENTED_EDGE('',*,*,#998,.F.);
#456=ORIENTED_EDGE('',*,*,#999,.F.);
#457=ORIENTED_EDGE('',*,*,#985,.T.);
#458=ORIENTED_EDGE('',*,*,#1000,.T.);
#459=ORIENTED_EDGE('',*,*,#1001,.T.);
#460=ORIENTED_EDGE('',*,*,#1002,.T.);
#461=ORIENTED_EDGE('',*,*,#1003,.F.);
#462=ORIENTED_EDGE('',*,*,#1004,.F.);
#463=ORIENTED_EDGE('',*,*,#1005,.T.);
#464=ORIENTED_EDGE('',*,*,#1006,.T.);
#465=ORIENTED_EDGE('',*,*,#971,.F.);
#466=ORIENTED_EDGE('',*,*,#1007,.T.);
#467=ORIENTED_EDGE('',*,*,#1008,.F.);
#468=ORIENTED_EDGE('',*,*,#1009,.T.);
#469=ORIENTED_EDGE('',*,*,#974,.T.);
#470=ORIENTED_EDGE('',*,*,#1010,.T.);
#471=ORIENTED_EDGE('',*,*,#1011,.F.);
#472=ORIENTED_EDGE('',*,*,#1012,.T.);
#473=ORIENTED_EDGE('',*,*,#976,.T.);
#474=ORIENTED_EDGE('',*,*,#1013,.T.);
#475=ORIENTED_EDGE('',*,*,#1014,.F.);
#476=ORIENTED_EDGE('',*,*,#1015,.T.);
#477=ORIENTED_EDGE('',*,*,#978,.T.);
#478=ORIENTED_EDGE('',*,*,#1016,.T.);
#479=ORIENTED_EDGE('',*,*,#980,.T.);
#480=ORIENTED_EDGE('',*,*,#1017,.T.);
#481=ORIENTED_EDGE('',*,*,#1018,.F.);
#482=ORIENTED_EDGE('',*,*,#1019,.F.);
#483=ORIENTED_EDGE('',*,*,#1020,.T.);
#484=ORIENTED_EDGE('',*,*,#1021,.T.);
#485=ORIENTED_EDGE('',*,*,#1022,.F.);
#486=ORIENTED_EDGE('',*,*,#982,.F.);
#487=ORIENTED_EDGE('',*,*,#1022,.T.);
#488=ORIENTED_EDGE('',*,*,#1023,.T.);
#489=ORIENTED_EDGE('',*,*,#1024,.F.);
#490=ORIENTED_EDGE('',*,*,#983,.F.);
#491=ORIENTED_EDGE('',*,*,#1025,.F.);
#492=ORIENTED_EDGE('',*,*,#1026,.F.);
#493=ORIENTED_EDGE('',*,*,#1027,.F.);
#494=ORIENTED_EDGE('',*,*,#1028,.F.);
#495=ORIENTED_EDGE('',*,*,#1029,.F.);
#496=ORIENTED_EDGE('',*,*,#1030,.F.);
#497=ORIENTED_EDGE('',*,*,#1031,.F.);
#498=ORIENTED_EDGE('',*,*,#1032,.F.);
#499=ORIENTED_EDGE('',*,*,#1033,.F.);
#500=ORIENTED_EDGE('',*,*,#1034,.F.);
#501=ORIENTED_EDGE('',*,*,#1035,.F.);
#502=ORIENTED_EDGE('',*,*,#1036,.F.);
#503=ORIENTED_EDGE('',*,*,#1037,.F.);
#504=ORIENTED_EDGE('',*,*,#1038,.F.);
#505=ORIENTED_EDGE('',*,*,#1039,.F.);
#506=ORIENTED_EDGE('',*,*,#1000,.F.);
#507=ORIENTED_EDGE('',*,*,#984,.T.);
#508=ORIENTED_EDGE('',*,*,#1024,.T.);
#509=ORIENTED_EDGE('',*,*,#1040,.F.);
#510=ORIENTED_EDGE('',*,*,#1041,.F.);
#511=ORIENTED_EDGE('',*,*,#986,.T.);
#512=ORIENTED_EDGE('',*,*,#999,.T.);
#513=ORIENTED_EDGE('',*,*,#1042,.F.);
#514=ORIENTED_EDGE('',*,*,#990,.F.);
#515=ORIENTED_EDGE('',*,*,#987,.T.);
#516=ORIENTED_EDGE('',*,*,#1041,.T.);
#517=ORIENTED_EDGE('',*,*,#958,.T.);
#518=ORIENTED_EDGE('',*,*,#1043,.T.);
#519=ORIENTED_EDGE('',*,*,#1044,.F.);
#520=ORIENTED_EDGE('',*,*,#1045,.T.);
#521=ORIENTED_EDGE('',*,*,#1046,.F.);
#522=ORIENTED_EDGE('',*,*,#1047,.T.);
#523=ORIENTED_EDGE('',*,*,#956,.T.);
#524=ORIENTED_EDGE('',*,*,#1048,.T.);
#525=ORIENTED_EDGE('',*,*,#1049,.F.);
#526=ORIENTED_EDGE('',*,*,#1050,.T.);
#527=ORIENTED_EDGE('',*,*,#954,.T.);
#528=ORIENTED_EDGE('',*,*,#1051,.T.);
#529=ORIENTED_EDGE('',*,*,#1052,.F.);
#530=ORIENTED_EDGE('',*,*,#1053,.T.);
#531=ORIENTED_EDGE('',*,*,#952,.T.);
#532=ORIENTED_EDGE('',*,*,#1054,.T.);
#533=ORIENTED_EDGE('',*,*,#1055,.T.);
#534=ORIENTED_EDGE('',*,*,#1056,.T.);
#535=ORIENTED_EDGE('',*,*,#949,.F.);
#536=ORIENTED_EDGE('',*,*,#1057,.T.);
#537=ORIENTED_EDGE('',*,*,#963,.T.);
#538=ORIENTED_EDGE('',*,*,#1058,.F.);
#539=ORIENTED_EDGE('',*,*,#1059,.F.);
#540=ORIENTED_EDGE('',*,*,#1060,.T.);
#541=ORIENTED_EDGE('',*,*,#1061,.T.);
#542=ORIENTED_EDGE('',*,*,#1018,.T.);
#543=ORIENTED_EDGE('',*,*,#1062,.T.);
#544=ORIENTED_EDGE('',*,*,#1014,.T.);
#545=ORIENTED_EDGE('',*,*,#1063,.T.);
#546=ORIENTED_EDGE('',*,*,#1011,.T.);
#547=ORIENTED_EDGE('',*,*,#1064,.T.);
#548=ORIENTED_EDGE('',*,*,#1008,.T.);
#549=ORIENTED_EDGE('',*,*,#1065,.T.);
#550=ORIENTED_EDGE('',*,*,#1066,.T.);
#551=ORIENTED_EDGE('',*,*,#1005,.F.);
#552=ORIENTED_EDGE('',*,*,#1067,.T.);
#553=ORIENTED_EDGE('',*,*,#966,.F.);
#554=ORIENTED_EDGE('',*,*,#946,.T.);
#555=ORIENTED_EDGE('',*,*,#1068,.T.);
#556=ORIENTED_EDGE('',*,*,#1069,.T.);
#557=ORIENTED_EDGE('',*,*,#1070,.F.);
#558=ORIENTED_EDGE('',*,*,#1071,.T.);
#559=ORIENTED_EDGE('',*,*,#1072,.T.);
#560=ORIENTED_EDGE('',*,*,#947,.F.);
#561=ORIENTED_EDGE('',*,*,#1069,.F.);
#562=ORIENTED_EDGE('',*,*,#1071,.F.);
#563=ORIENTED_EDGE('',*,*,#1073,.T.);
#564=ORIENTED_EDGE('',*,*,#991,.T.);
#565=ORIENTED_EDGE('',*,*,#1042,.T.);
#566=ORIENTED_EDGE('',*,*,#1040,.T.);
#567=ORIENTED_EDGE('',*,*,#998,.T.);
#568=ORIENTED_EDGE('',*,*,#1039,.T.);
#569=ORIENTED_EDGE('',*,*,#1023,.F.);
#570=ORIENTED_EDGE('',*,*,#1021,.F.);
#571=ORIENTED_EDGE('',*,*,#1074,.T.);
#572=ORIENTED_EDGE('',*,*,#1044,.T.);
#573=ORIENTED_EDGE('',*,*,#1075,.T.);
#574=ORIENTED_EDGE('',*,*,#1046,.T.);
#575=ORIENTED_EDGE('',*,*,#1076,.T.);
#576=ORIENTED_EDGE('',*,*,#1049,.T.);
#577=ORIENTED_EDGE('',*,*,#1077,.T.);
#578=ORIENTED_EDGE('',*,*,#1052,.T.);
#579=ORIENTED_EDGE('',*,*,#1078,.T.);
#580=ORIENTED_EDGE('',*,*,#1079,.T.);
#581=ORIENTED_EDGE('',*,*,#1055,.F.);
#582=ORIENTED_EDGE('',*,*,#1080,.T.);
#583=ORIENTED_EDGE('',*,*,#1081,.F.);
#584=ORIENTED_EDGE('',*,*,#1082,.T.);
#585=ORIENTED_EDGE('',*,*,#1083,.F.);
#586=ORIENTED_EDGE('',*,*,#1084,.F.);
#587=ORIENTED_EDGE('',*,*,#1085,.F.);
#588=ORIENTED_EDGE('',*,*,#1086,.F.);
#589=ORIENTED_EDGE('',*,*,#1087,.F.);
#590=ORIENTED_EDGE('',*,*,#1088,.T.);
#591=ORIENTED_EDGE('',*,*,#1089,.F.);
#592=ORIENTED_EDGE('',*,*,#1090,.T.);
#593=ORIENTED_EDGE('',*,*,#1091,.F.);
#594=ORIENTED_EDGE('',*,*,#1092,.F.);
#595=ORIENTED_EDGE('',*,*,#1093,.F.);
#596=ORIENTED_EDGE('',*,*,#959,.T.);
#597=ORIENTED_EDGE('',*,*,#1045,.F.);
#598=ORIENTED_EDGE('',*,*,#1074,.F.);
#599=ORIENTED_EDGE('',*,*,#1020,.F.);
#600=ORIENTED_EDGE('',*,*,#981,.T.);
#601=ORIENTED_EDGE('',*,*,#1019,.T.);
#602=ORIENTED_EDGE('',*,*,#1061,.F.);
#603=ORIENTED_EDGE('',*,*,#1094,.F.);
#604=ORIENTED_EDGE('',*,*,#1095,.T.);
#605=ORIENTED_EDGE('',*,*,#1001,.F.);
#606=ORIENTED_EDGE('',*,*,#1096,.F.);
#607=ORIENTED_EDGE('',*,*,#1097,.F.);
#608=ORIENTED_EDGE('',*,*,#1098,.T.);
#609=ORIENTED_EDGE('',*,*,#1096,.T.);
#610=ORIENTED_EDGE('',*,*,#1004,.T.);
#611=ORIENTED_EDGE('',*,*,#1099,.F.);
#612=ORIENTED_EDGE('',*,*,#1100,.T.);
#613=ORIENTED_EDGE('',*,*,#1097,.T.);
#614=ORIENTED_EDGE('',*,*,#1003,.T.);
#615=ORIENTED_EDGE('',*,*,#1101,.F.);
#616=ORIENTED_EDGE('',*,*,#1099,.T.);
#617=ORIENTED_EDGE('',*,*,#1002,.F.);
#618=ORIENTED_EDGE('',*,*,#1095,.F.);
#619=ORIENTED_EDGE('',*,*,#1102,.T.);
#620=ORIENTED_EDGE('',*,*,#1038,.T.);
#621=ORIENTED_EDGE('',*,*,#1103,.T.);
#622=ORIENTED_EDGE('',*,*,#1104,.T.);
#623=ORIENTED_EDGE('',*,*,#1037,.T.);
#624=ORIENTED_EDGE('',*,*,#1105,.T.);
#625=ORIENTED_EDGE('',*,*,#1106,.T.);
#626=ORIENTED_EDGE('',*,*,#1036,.T.);
#627=ORIENTED_EDGE('',*,*,#1107,.T.);
#628=ORIENTED_EDGE('',*,*,#1108,.T.);
#629=ORIENTED_EDGE('',*,*,#1035,.T.);
#630=ORIENTED_EDGE('',*,*,#1109,.T.);
#631=ORIENTED_EDGE('',*,*,#1110,.T.);
#632=ORIENTED_EDGE('',*,*,#1034,.T.);
#633=ORIENTED_EDGE('',*,*,#1111,.T.);
#634=ORIENTED_EDGE('',*,*,#1112,.T.);
#635=ORIENTED_EDGE('',*,*,#1033,.T.);
#636=ORIENTED_EDGE('',*,*,#1113,.T.);
#637=ORIENTED_EDGE('',*,*,#1114,.T.);
#638=ORIENTED_EDGE('',*,*,#1032,.T.);
#639=ORIENTED_EDGE('',*,*,#1115,.T.);
#640=ORIENTED_EDGE('',*,*,#1116,.T.);
#641=ORIENTED_EDGE('',*,*,#1031,.T.);
#642=ORIENTED_EDGE('',*,*,#1117,.T.);
#643=ORIENTED_EDGE('',*,*,#1118,.T.);
#644=ORIENTED_EDGE('',*,*,#1030,.T.);
#645=ORIENTED_EDGE('',*,*,#1119,.T.);
#646=ORIENTED_EDGE('',*,*,#1120,.T.);
#647=ORIENTED_EDGE('',*,*,#1029,.T.);
#648=ORIENTED_EDGE('',*,*,#1121,.T.);
#649=ORIENTED_EDGE('',*,*,#1122,.T.);
#650=ORIENTED_EDGE('',*,*,#1028,.T.);
#651=ORIENTED_EDGE('',*,*,#1123,.T.);
#652=ORIENTED_EDGE('',*,*,#1124,.T.);
#653=ORIENTED_EDGE('',*,*,#1027,.T.);
#654=ORIENTED_EDGE('',*,*,#1125,.T.);
#655=ORIENTED_EDGE('',*,*,#1106,.F.);
#656=ORIENTED_EDGE('',*,*,#1107,.F.);
#657=ORIENTED_EDGE('',*,*,#1108,.F.);
#658=ORIENTED_EDGE('',*,*,#1109,.F.);
#659=ORIENTED_EDGE('',*,*,#1104,.F.);
#660=ORIENTED_EDGE('',*,*,#1105,.F.);
#661=ORIENTED_EDGE('',*,*,#1124,.F.);
#662=ORIENTED_EDGE('',*,*,#1125,.F.);
#663=ORIENTED_EDGE('',*,*,#1122,.F.);
#664=ORIENTED_EDGE('',*,*,#1123,.F.);
#665=ORIENTED_EDGE('',*,*,#1120,.F.);
#666=ORIENTED_EDGE('',*,*,#1121,.F.);
#667=ORIENTED_EDGE('',*,*,#1110,.F.);
#668=ORIENTED_EDGE('',*,*,#1111,.F.);
#669=ORIENTED_EDGE('',*,*,#1118,.F.);
#670=ORIENTED_EDGE('',*,*,#1119,.F.);
#671=ORIENTED_EDGE('',*,*,#1112,.F.);
#672=ORIENTED_EDGE('',*,*,#1113,.F.);
#673=ORIENTED_EDGE('',*,*,#1114,.F.);
#674=ORIENTED_EDGE('',*,*,#1115,.F.);
#675=ORIENTED_EDGE('',*,*,#1116,.F.);
#676=ORIENTED_EDGE('',*,*,#1117,.F.);
#677=ORIENTED_EDGE('',*,*,#1102,.F.);
#678=ORIENTED_EDGE('',*,*,#1103,.F.);
#679=ORIENTED_EDGE('',*,*,#1126,.T.);
#680=ORIENTED_EDGE('',*,*,#1026,.T.);
#681=ORIENTED_EDGE('',*,*,#1127,.T.);
#682=ORIENTED_EDGE('',*,*,#1025,.T.);
#683=ORIENTED_EDGE('',*,*,#1127,.F.);
#684=ORIENTED_EDGE('',*,*,#1126,.F.);
#685=ORIENTED_EDGE('',*,*,#951,.F.);
#686=ORIENTED_EDGE('',*,*,#1128,.T.);
#687=ORIENTED_EDGE('',*,*,#1078,.F.);
#688=ORIENTED_EDGE('',*,*,#1054,.F.);
#689=ORIENTED_EDGE('',*,*,#973,.F.);
#690=ORIENTED_EDGE('',*,*,#1129,.T.);
#691=ORIENTED_EDGE('',*,*,#1065,.F.);
#692=ORIENTED_EDGE('',*,*,#1010,.F.);
#693=ORIENTED_EDGE('',*,*,#1077,.F.);
#694=ORIENTED_EDGE('',*,*,#1051,.F.);
#695=ORIENTED_EDGE('',*,*,#953,.F.);
#696=ORIENTED_EDGE('',*,*,#1053,.F.);
#697=ORIENTED_EDGE('',*,*,#975,.F.);
#698=ORIENTED_EDGE('',*,*,#1009,.F.);
#699=ORIENTED_EDGE('',*,*,#1064,.F.);
#700=ORIENTED_EDGE('',*,*,#1013,.F.);
#701=ORIENTED_EDGE('',*,*,#1079,.F.);
#702=ORIENTED_EDGE('',*,*,#1128,.F.);
#703=ORIENTED_EDGE('',*,*,#950,.F.);
#704=ORIENTED_EDGE('',*,*,#1056,.F.);
#705=ORIENTED_EDGE('',*,*,#1066,.F.);
#706=ORIENTED_EDGE('',*,*,#1129,.F.);
#707=ORIENTED_EDGE('',*,*,#972,.F.);
#708=ORIENTED_EDGE('',*,*,#1006,.F.);
#709=ORIENTED_EDGE('',*,*,#979,.F.);
#710=ORIENTED_EDGE('',*,*,#1015,.F.);
#711=ORIENTED_EDGE('',*,*,#1062,.F.);
#712=ORIENTED_EDGE('',*,*,#1017,.F.);
#713=ORIENTED_EDGE('',*,*,#977,.F.);
#714=ORIENTED_EDGE('',*,*,#1012,.F.);
#715=ORIENTED_EDGE('',*,*,#1063,.F.);
#716=ORIENTED_EDGE('',*,*,#1016,.F.);
#717=ORIENTED_EDGE('',*,*,#1075,.F.);
#718=ORIENTED_EDGE('',*,*,#1043,.F.);
#719=ORIENTED_EDGE('',*,*,#957,.F.);
#720=ORIENTED_EDGE('',*,*,#1047,.F.);
#721=ORIENTED_EDGE('',*,*,#1076,.F.);
#722=ORIENTED_EDGE('',*,*,#1048,.F.);
#723=ORIENTED_EDGE('',*,*,#955,.F.);
#724=ORIENTED_EDGE('',*,*,#1050,.F.);
#725=ORIENTED_EDGE('',*,*,#1080,.F.);
#726=ORIENTED_EDGE('',*,*,#1057,.F.);
#727=ORIENTED_EDGE('',*,*,#948,.F.);
#728=ORIENTED_EDGE('',*,*,#1072,.F.);
#729=ORIENTED_EDGE('',*,*,#970,.F.);
#730=ORIENTED_EDGE('',*,*,#967,.F.);
#731=ORIENTED_EDGE('',*,*,#1067,.F.);
#732=ORIENTED_EDGE('',*,*,#1007,.F.);
#733=ORIENTED_EDGE('',*,*,#1130,.F.);
#734=ORIENTED_EDGE('',*,*,#1131,.T.);
#735=ORIENTED_EDGE('',*,*,#1132,.T.);
#736=ORIENTED_EDGE('',*,*,#1133,.F.);
#737=ORIENTED_EDGE('',*,*,#1134,.T.);
#738=ORIENTED_EDGE('',*,*,#1135,.T.);
#739=ORIENTED_EDGE('',*,*,#1136,.T.);
#740=ORIENTED_EDGE('',*,*,#1137,.T.);
#741=ORIENTED_EDGE('',*,*,#1138,.T.);
#742=ORIENTED_EDGE('',*,*,#1139,.T.);
#743=ORIENTED_EDGE('',*,*,#1140,.T.);
#744=ORIENTED_EDGE('',*,*,#1141,.T.);
#745=ORIENTED_EDGE('',*,*,#1142,.F.);
#746=ORIENTED_EDGE('',*,*,#1143,.T.);
#747=ORIENTED_EDGE('',*,*,#1144,.T.);
#748=ORIENTED_EDGE('',*,*,#1145,.T.);
#749=ORIENTED_EDGE('',*,*,#1136,.F.);
#750=ORIENTED_EDGE('',*,*,#1146,.F.);
#751=ORIENTED_EDGE('',*,*,#1147,.T.);
#752=ORIENTED_EDGE('',*,*,#1148,.T.);
#753=ORIENTED_EDGE('',*,*,#1149,.T.);
#754=ORIENTED_EDGE('',*,*,#1144,.F.);
#755=ORIENTED_EDGE('',*,*,#1150,.T.);
#756=ORIENTED_EDGE('',*,*,#1151,.T.);
#757=ORIENTED_EDGE('',*,*,#1152,.T.);
#758=ORIENTED_EDGE('',*,*,#1153,.T.);
#759=ORIENTED_EDGE('',*,*,#1154,.T.);
#760=ORIENTED_EDGE('',*,*,#1155,.T.);
#761=ORIENTED_EDGE('',*,*,#1156,.T.);
#762=ORIENTED_EDGE('',*,*,#1094,.T.);
#763=ORIENTED_EDGE('',*,*,#1098,.F.);
#764=ORIENTED_EDGE('',*,*,#1100,.F.);
#765=ORIENTED_EDGE('',*,*,#1101,.T.);
#766=ORIENTED_EDGE('',*,*,#995,.T.);
#767=ORIENTED_EDGE('',*,*,#1157,.T.);
#768=ORIENTED_EDGE('',*,*,#1130,.T.);
#769=ORIENTED_EDGE('',*,*,#1145,.F.);
#770=ORIENTED_EDGE('',*,*,#1149,.F.);
#771=ORIENTED_EDGE('',*,*,#1158,.T.);
#772=ORIENTED_EDGE('',*,*,#1159,.T.);
#773=ORIENTED_EDGE('',*,*,#1156,.F.);
#774=ORIENTED_EDGE('',*,*,#1160,.T.);
#775=ORIENTED_EDGE('',*,*,#1159,.F.);
#776=ORIENTED_EDGE('',*,*,#1161,.T.);
#777=ORIENTED_EDGE('',*,*,#1155,.F.);
#778=ORIENTED_EDGE('',*,*,#1162,.T.);
#779=ORIENTED_EDGE('',*,*,#1161,.F.);
#780=ORIENTED_EDGE('',*,*,#1163,.T.);
#781=ORIENTED_EDGE('',*,*,#1154,.F.);
#782=ORIENTED_EDGE('',*,*,#1164,.T.);
#783=ORIENTED_EDGE('',*,*,#1163,.F.);
#784=ORIENTED_EDGE('',*,*,#1165,.T.);
#785=ORIENTED_EDGE('',*,*,#1153,.F.);
#786=ORIENTED_EDGE('',*,*,#1166,.T.);
#787=ORIENTED_EDGE('',*,*,#1165,.F.);
#788=ORIENTED_EDGE('',*,*,#1167,.F.);
#789=ORIENTED_EDGE('',*,*,#1167,.T.);
#790=ORIENTED_EDGE('',*,*,#1166,.F.);
#791=ORIENTED_EDGE('',*,*,#1168,.F.);
#792=ORIENTED_EDGE('',*,*,#1168,.T.);
#793=ORIENTED_EDGE('',*,*,#1164,.F.);
#794=ORIENTED_EDGE('',*,*,#1169,.F.);
#795=ORIENTED_EDGE('',*,*,#1169,.T.);
#796=ORIENTED_EDGE('',*,*,#1162,.F.);
#797=ORIENTED_EDGE('',*,*,#1170,.F.);
#798=ORIENTED_EDGE('',*,*,#1170,.T.);
#799=ORIENTED_EDGE('',*,*,#1160,.F.);
#800=ORIENTED_EDGE('',*,*,#1139,.F.);
#801=ORIENTED_EDGE('',*,*,#1171,.T.);
#802=ORIENTED_EDGE('',*,*,#1089,.T.);
#803=ORIENTED_EDGE('',*,*,#1172,.T.);
#804=ORIENTED_EDGE('',*,*,#1173,.T.);
#805=ORIENTED_EDGE('',*,*,#1174,.T.);
#806=ORIENTED_EDGE('',*,*,#1141,.F.);
#807=ORIENTED_EDGE('',*,*,#1175,.T.);
#808=ORIENTED_EDGE('',*,*,#1087,.T.);
#809=ORIENTED_EDGE('',*,*,#1176,.T.);
#810=ORIENTED_EDGE('',*,*,#1091,.T.);
#811=ORIENTED_EDGE('',*,*,#1177,.T.);
#812=ORIENTED_EDGE('',*,*,#1137,.F.);
#813=ORIENTED_EDGE('',*,*,#1178,.F.);
#814=ORIENTED_EDGE('',*,*,#1179,.F.);
#815=ORIENTED_EDGE('',*,*,#1090,.F.);
#816=ORIENTED_EDGE('',*,*,#1171,.F.);
#817=ORIENTED_EDGE('',*,*,#1138,.F.);
#818=ORIENTED_EDGE('',*,*,#1177,.F.);
#819=ORIENTED_EDGE('',*,*,#1140,.F.);
#820=ORIENTED_EDGE('',*,*,#1172,.F.);
#821=ORIENTED_EDGE('',*,*,#1088,.F.);
#822=ORIENTED_EDGE('',*,*,#1175,.F.);
#823=ORIENTED_EDGE('',*,*,#1180,.F.);
#824=ORIENTED_EDGE('',*,*,#1181,.F.);
#825=ORIENTED_EDGE('',*,*,#1152,.F.);
#826=ORIENTED_EDGE('',*,*,#1059,.T.);
#827=ORIENTED_EDGE('',*,*,#1182,.T.);
#828=ORIENTED_EDGE('',*,*,#1183,.F.);
#829=ORIENTED_EDGE('',*,*,#1184,.F.);
#830=ORIENTED_EDGE('',*,*,#1185,.F.);
#831=ORIENTED_EDGE('',*,*,#1186,.T.);
#832=ORIENTED_EDGE('',*,*,#1187,.T.);
#833=ORIENTED_EDGE('',*,*,#1073,.F.);
#834=ORIENTED_EDGE('',*,*,#1070,.T.);
#835=ORIENTED_EDGE('',*,*,#1068,.F.);
#836=ORIENTED_EDGE('',*,*,#945,.T.);
#837=ORIENTED_EDGE('',*,*,#1188,.F.);
#838=ORIENTED_EDGE('',*,*,#1189,.F.);
#839=ORIENTED_EDGE('',*,*,#1190,.F.);
#840=ORIENTED_EDGE('',*,*,#1132,.F.);
#841=ORIENTED_EDGE('',*,*,#1191,.T.);
#842=ORIENTED_EDGE('',*,*,#993,.F.);
#843=ORIENTED_EDGE('',*,*,#1192,.F.);
#844=ORIENTED_EDGE('',*,*,#992,.F.);
#845=ORIENTED_EDGE('',*,*,#1187,.F.);
#846=ORIENTED_EDGE('',*,*,#1193,.T.);
#847=ORIENTED_EDGE('',*,*,#1194,.T.);
#848=ORIENTED_EDGE('',*,*,#1081,.T.);
#849=ORIENTED_EDGE('',*,*,#1060,.F.);
#850=ORIENTED_EDGE('',*,*,#965,.T.);
#851=ORIENTED_EDGE('',*,*,#969,.F.);
#852=ORIENTED_EDGE('',*,*,#989,.T.);
#853=ORIENTED_EDGE('',*,*,#1192,.T.);
#854=ORIENTED_EDGE('',*,*,#997,.T.);
#855=ORIENTED_EDGE('',*,*,#1195,.T.);
#856=ORIENTED_EDGE('',*,*,#1147,.F.);
#857=ORIENTED_EDGE('',*,*,#1181,.T.);
#858=ORIENTED_EDGE('',*,*,#1196,.F.);
#859=ORIENTED_EDGE('',*,*,#1182,.F.);
#860=ORIENTED_EDGE('',*,*,#1058,.T.);
#861=ORIENTED_EDGE('',*,*,#962,.T.);
#862=ORIENTED_EDGE('',*,*,#1197,.F.);
#863=ORIENTED_EDGE('',*,*,#1198,.T.);
#864=ORIENTED_EDGE('',*,*,#1142,.T.);
#865=ORIENTED_EDGE('',*,*,#1174,.F.);
#866=ORIENTED_EDGE('',*,*,#1199,.T.);
#867=ORIENTED_EDGE('',*,*,#1200,.T.);
#868=ORIENTED_EDGE('',*,*,#1185,.T.);
#869=ORIENTED_EDGE('',*,*,#1197,.T.);
#870=ORIENTED_EDGE('',*,*,#1173,.F.);
#871=ORIENTED_EDGE('',*,*,#1092,.T.);
#872=ORIENTED_EDGE('',*,*,#1179,.T.);
#873=ORIENTED_EDGE('',*,*,#1201,.F.);
#874=ORIENTED_EDGE('',*,*,#1202,.F.);
#875=ORIENTED_EDGE('',*,*,#1201,.T.);
#876=ORIENTED_EDGE('',*,*,#1178,.T.);
#877=ORIENTED_EDGE('',*,*,#1203,.F.);
#878=ORIENTED_EDGE('',*,*,#1204,.F.);
#879=ORIENTED_EDGE('',*,*,#1203,.T.);
#880=ORIENTED_EDGE('',*,*,#1146,.T.);
#881=ORIENTED_EDGE('',*,*,#1205,.F.);
#882=ORIENTED_EDGE('',*,*,#1206,.F.);
#883=ORIENTED_EDGE('',*,*,#1205,.T.);
#884=ORIENTED_EDGE('',*,*,#1135,.F.);
#885=ORIENTED_EDGE('',*,*,#1207,.F.);
#886=ORIENTED_EDGE('',*,*,#1208,.T.);
#887=ORIENTED_EDGE('',*,*,#1207,.T.);
#888=ORIENTED_EDGE('',*,*,#1134,.F.);
#889=ORIENTED_EDGE('',*,*,#1209,.F.);
#890=ORIENTED_EDGE('',*,*,#1189,.T.);
#891=ORIENTED_EDGE('',*,*,#1133,.T.);
#892=ORIENTED_EDGE('',*,*,#1190,.T.);
#893=ORIENTED_EDGE('',*,*,#1209,.T.);
#894=ORIENTED_EDGE('',*,*,#1180,.T.);
#895=ORIENTED_EDGE('',*,*,#1151,.F.);
#896=ORIENTED_EDGE('',*,*,#1210,.F.);
#897=ORIENTED_EDGE('',*,*,#1196,.T.);
#898=ORIENTED_EDGE('',*,*,#1210,.T.);
#899=ORIENTED_EDGE('',*,*,#1150,.F.);
#900=ORIENTED_EDGE('',*,*,#1211,.F.);
#901=ORIENTED_EDGE('',*,*,#1183,.T.);
#902=ORIENTED_EDGE('',*,*,#1211,.T.);
#903=ORIENTED_EDGE('',*,*,#1143,.F.);
#904=ORIENTED_EDGE('',*,*,#1198,.F.);
#905=ORIENTED_EDGE('',*,*,#1184,.T.);
#906=ORIENTED_EDGE('',*,*,#1083,.T.);
#907=ORIENTED_EDGE('',*,*,#1212,.F.);
#908=ORIENTED_EDGE('',*,*,#1193,.F.);
#909=ORIENTED_EDGE('',*,*,#1186,.F.);
#910=ORIENTED_EDGE('',*,*,#1213,.T.);
#911=ORIENTED_EDGE('',*,*,#1194,.F.);
#912=ORIENTED_EDGE('',*,*,#1212,.T.);
#913=ORIENTED_EDGE('',*,*,#1082,.F.);
#914=ORIENTED_EDGE('',*,*,#1085,.T.);
#915=ORIENTED_EDGE('',*,*,#1214,.F.);
#916=ORIENTED_EDGE('',*,*,#1215,.T.);
#917=ORIENTED_EDGE('',*,*,#1084,.T.);
#918=ORIENTED_EDGE('',*,*,#1213,.F.);
#919=ORIENTED_EDGE('',*,*,#1200,.F.);
#920=ORIENTED_EDGE('',*,*,#1216,.F.);
#921=ORIENTED_EDGE('',*,*,#1214,.T.);
#922=ORIENTED_EDGE('',*,*,#1086,.T.);
#923=ORIENTED_EDGE('',*,*,#1215,.F.);
#924=ORIENTED_EDGE('',*,*,#1216,.T.);
#925=ORIENTED_EDGE('',*,*,#1199,.F.);
#926=ORIENTED_EDGE('',*,*,#1176,.F.);
#927=ORIENTED_EDGE('',*,*,#960,.T.);
#928=ORIENTED_EDGE('',*,*,#1093,.T.);
#929=ORIENTED_EDGE('',*,*,#1202,.T.);
#930=ORIENTED_EDGE('',*,*,#1217,.F.);
#931=ORIENTED_EDGE('',*,*,#961,.T.);
#932=ORIENTED_EDGE('',*,*,#1217,.T.);
#933=ORIENTED_EDGE('',*,*,#1204,.T.);
#934=ORIENTED_EDGE('',*,*,#1206,.T.);
#935=ORIENTED_EDGE('',*,*,#1208,.F.);
#936=ORIENTED_EDGE('',*,*,#1188,.T.);
#937=ORIENTED_EDGE('',*,*,#1191,.F.);
#938=ORIENTED_EDGE('',*,*,#1131,.F.);
#939=ORIENTED_EDGE('',*,*,#1157,.F.);
#940=ORIENTED_EDGE('',*,*,#994,.F.);
#941=ORIENTED_EDGE('',*,*,#1195,.F.);
#942=ORIENTED_EDGE('',*,*,#996,.F.);
#943=ORIENTED_EDGE('',*,*,#1158,.F.);
#944=ORIENTED_EDGE('',*,*,#1148,.F.);
#945=EDGE_CURVE('',#1218,#1219,#1420,.T.);
#946=EDGE_CURVE('',#1220,#1218,#1421,.T.);
#947=EDGE_CURVE('',#1220,#1221,#181,.T.);
#948=EDGE_CURVE('',#1221,#1222,#97,.T.);
#949=EDGE_CURVE('',#1222,#1223,#182,.T.);
#950=EDGE_CURVE('',#1223,#1224,#98,.T.);
#951=EDGE_CURVE('',#1224,#1225,#99,.F.);
#952=EDGE_CURVE('',#1226,#1225,#183,.T.);
#953=EDGE_CURVE('',#1226,#1227,#100,.F.);
#954=EDGE_CURVE('',#1228,#1227,#184,.T.);
#955=EDGE_CURVE('',#1228,#1229,#101,.T.);
#956=EDGE_CURVE('',#1230,#1229,#185,.T.);
#957=EDGE_CURVE('',#1230,#1231,#102,.T.);
#958=EDGE_CURVE('',#1232,#1231,#186,.T.);
#959=EDGE_CURVE('',#1233,#1232,#187,.T.);
#960=EDGE_CURVE('',#1234,#1233,#1422,.T.);
#961=EDGE_CURVE('',#1219,#1234,#1423,.T.);
#962=EDGE_CURVE('',#1235,#1236,#1424,.T.);
#963=EDGE_CURVE('',#1237,#1235,#1425,.T.);
#964=EDGE_CURVE('',#1236,#1237,#188,.F.);
#965=EDGE_CURVE('',#1236,#1238,#1426,.T.);
#966=EDGE_CURVE('',#1237,#1239,#189,.T.);
#967=EDGE_CURVE('',#1239,#1240,#190,.F.);
#968=EDGE_CURVE('',#1238,#1240,#191,.T.);
#969=EDGE_CURVE('',#1241,#1238,#1427,.T.);
#970=EDGE_CURVE('',#1240,#1242,#103,.T.);
#971=EDGE_CURVE('',#1242,#1243,#192,.T.);
#972=EDGE_CURVE('',#1243,#1244,#104,.T.);
#973=EDGE_CURVE('',#1244,#1245,#105,.F.);
#974=EDGE_CURVE('',#1246,#1245,#193,.T.);
#975=EDGE_CURVE('',#1246,#1247,#106,.F.);
#976=EDGE_CURVE('',#1248,#1247,#194,.T.);
#977=EDGE_CURVE('',#1248,#1249,#107,.T.);
#978=EDGE_CURVE('',#1250,#1249,#195,.T.);
#979=EDGE_CURVE('',#1250,#1251,#108,.T.);
#980=EDGE_CURVE('',#1252,#1251,#196,.T.);
#981=EDGE_CURVE('',#1253,#1252,#197,.T.);
#982=EDGE_CURVE('',#1253,#1254,#198,.T.);
#983=EDGE_CURVE('',#1254,#1255,#199,.T.);
#984=EDGE_CURVE('',#1256,#1255,#200,.T.);
#985=EDGE_CURVE('',#1257,#1256,#201,.T.);
#986=EDGE_CURVE('',#1258,#1257,#202,.T.);
#987=EDGE_CURVE('',#1259,#1258,#203,.T.);
#988=EDGE_CURVE('',#1241,#1259,#204,.T.);
#989=EDGE_CURVE('',#1241,#1260,#1428,.T.);
#990=EDGE_CURVE('',#1259,#1261,#205,.T.);
#991=EDGE_CURVE('',#1262,#1261,#206,.T.);
#992=EDGE_CURVE('',#1262,#1260,#1429,.T.);
#993=EDGE_CURVE('',#1263,#1264,#1430,.T.);
#994=EDGE_CURVE('',#1264,#1265,#207,.T.);
#995=EDGE_CURVE('',#1266,#1265,#208,.T.);
#996=EDGE_CURVE('',#1266,#1267,#209,.F.);
#997=EDGE_CURVE('',#1263,#1267,#1431,.T.);
#998=EDGE_CURVE('',#1268,#1269,#210,.T.);
#999=EDGE_CURVE('',#1257,#1268,#211,.T.);
#1000=EDGE_CURVE('',#1256,#1269,#212,.T.);
#1001=EDGE_CURVE('',#1270,#1271,#213,.T.);
#1002=EDGE_CURVE('',#1271,#1272,#214,.T.);
#1003=EDGE_CURVE('',#1273,#1272,#215,.T.);
#1004=EDGE_CURVE('',#1270,#1273,#216,.T.);
#1005=EDGE_CURVE('',#1274,#1275,#217,.T.);
#1006=EDGE_CURVE('',#1275,#1243,#218,.T.);
#1007=EDGE_CURVE('',#1242,#1274,#219,.T.);
#1008=EDGE_CURVE('',#1276,#1277,#220,.T.);
#1009=EDGE_CURVE('',#1276,#1246,#221,.F.);
#1010=EDGE_CURVE('',#1245,#1277,#222,.T.);
#1011=EDGE_CURVE('',#1278,#1279,#223,.T.);
#1012=EDGE_CURVE('',#1278,#1248,#224,.F.);
#1013=EDGE_CURVE('',#1247,#1279,#225,.T.);
#1014=EDGE_CURVE('',#1280,#1281,#226,.T.);
#1015=EDGE_CURVE('',#1280,#1250,#227,.F.);
#1016=EDGE_CURVE('',#1249,#1281,#228,.T.);
#1017=EDGE_CURVE('',#1251,#1282,#229,.T.);
#1018=EDGE_CURVE('',#1283,#1282,#230,.T.);
#1019=EDGE_CURVE('',#1252,#1283,#231,.T.);
#1020=EDGE_CURVE('',#1253,#1284,#232,.T.);
#1021=EDGE_CURVE('',#1284,#1285,#233,.T.);
#1022=EDGE_CURVE('',#1254,#1285,#234,.T.);
#1023=EDGE_CURVE('',#1285,#1286,#235,.T.);
#1024=EDGE_CURVE('',#1255,#1286,#236,.T.);
#1025=EDGE_CURVE('',#1287,#1287,#109,.F.);
#1026=EDGE_CURVE('',#1288,#1288,#110,.F.);
#1027=EDGE_CURVE('',#1289,#1289,#111,.F.);
#1028=EDGE_CURVE('',#1290,#1290,#112,.F.);
#1029=EDGE_CURVE('',#1291,#1291,#113,.F.);
#1030=EDGE_CURVE('',#1292,#1292,#114,.F.);
#1031=EDGE_CURVE('',#1293,#1293,#115,.F.);
#1032=EDGE_CURVE('',#1294,#1294,#116,.F.);
#1033=EDGE_CURVE('',#1295,#1295,#117,.F.);
#1034=EDGE_CURVE('',#1296,#1296,#118,.F.);
#1035=EDGE_CURVE('',#1297,#1297,#119,.F.);
#1036=EDGE_CURVE('',#1298,#1298,#120,.F.);
#1037=EDGE_CURVE('',#1299,#1299,#121,.F.);
#1038=EDGE_CURVE('',#1300,#1300,#122,.F.);
#1039=EDGE_CURVE('',#1269,#1286,#237,.T.);
#1040=EDGE_CURVE('',#1301,#1268,#238,.T.);
#1041=EDGE_CURVE('',#1258,#1301,#239,.T.);
#1042=EDGE_CURVE('',#1261,#1301,#240,.T.);
#1043=EDGE_CURVE('',#1231,#1302,#241,.F.);
#1044=EDGE_CURVE('',#1303,#1302,#242,.T.);
#1045=EDGE_CURVE('',#1303,#1232,#243,.T.);
#1046=EDGE_CURVE('',#1304,#1305,#244,.T.);
#1047=EDGE_CURVE('',#1304,#1230,#245,.T.);
#1048=EDGE_CURVE('',#1229,#1305,#246,.F.);
#1049=EDGE_CURVE('',#1306,#1307,#247,.T.);
#1050=EDGE_CURVE('',#1306,#1228,#248,.T.);
#1051=EDGE_CURVE('',#1227,#1307,#249,.F.);
#1052=EDGE_CURVE('',#1308,#1309,#250,.T.);
#1053=EDGE_CURVE('',#1308,#1226,#251,.T.);
#1054=EDGE_CURVE('',#1225,#1309,#252,.F.);
#1055=EDGE_CURVE('',#1310,#1311,#253,.T.);
#1056=EDGE_CURVE('',#1311,#1223,#254,.T.);
#1057=EDGE_CURVE('',#1222,#1310,#255,.F.);
#1058=EDGE_CURVE('',#1312,#1235,#1432,.T.);
#1059=EDGE_CURVE('',#1313,#1312,#1433,.T.);
#1060=EDGE_CURVE('',#1313,#1314,#1434,.T.);
#1061=EDGE_CURVE('',#1314,#1283,#256,.T.);
#1062=EDGE_CURVE('',#1282,#1280,#123,.F.);
#1063=EDGE_CURVE('',#1281,#1278,#124,.F.);
#1064=EDGE_CURVE('',#1279,#1276,#125,.T.);
#1065=EDGE_CURVE('',#1277,#1315,#126,.T.);
#1066=EDGE_CURVE('',#1315,#1275,#127,.F.);
#1067=EDGE_CURVE('',#1274,#1239,#128,.F.);
#1068=EDGE_CURVE('',#1218,#1316,#1435,.T.);
#1069=EDGE_CURVE('',#1316,#1220,#257,.T.);
#1070=EDGE_CURVE('',#1317,#1316,#1436,.T.);
#1071=EDGE_CURVE('',#1317,#1318,#258,.T.);
#1072=EDGE_CURVE('',#1318,#1221,#259,.T.);
#1073=EDGE_CURVE('',#1317,#1262,#1437,.T.);
#1074=EDGE_CURVE('',#1284,#1303,#260,.T.);
#1075=EDGE_CURVE('',#1302,#1304,#129,.F.);
#1076=EDGE_CURVE('',#1305,#1306,#130,.F.);
#1077=EDGE_CURVE('',#1307,#1308,#131,.T.);
#1078=EDGE_CURVE('',#1309,#1319,#132,.T.);
#1079=EDGE_CURVE('',#1319,#1311,#133,.F.);
#1080=EDGE_CURVE('',#1310,#1318,#134,.F.);
#1081=EDGE_CURVE('',#1320,#1314,#1438,.T.);
#1082=EDGE_CURVE('',#1320,#1321,#1439,.T.);
#1083=EDGE_CURVE('',#1322,#1321,#1440,.T.);
#1084=EDGE_CURVE('',#1323,#1322,#1441,.T.);
#1085=EDGE_CURVE('',#1324,#1323,#1442,.T.);
#1086=EDGE_CURVE('',#1325,#1324,#1443,.T.);
#1087=EDGE_CURVE('',#1326,#1325,#261,.T.);
#1088=EDGE_CURVE('',#1326,#1327,#135,.F.);
#1089=EDGE_CURVE('',#1328,#1327,#262,.T.);
#1090=EDGE_CURVE('',#1328,#1329,#136,.F.);
#1091=EDGE_CURVE('',#1330,#1329,#263,.T.);
#1092=EDGE_CURVE('',#1331,#1330,#1444,.T.);
#1093=EDGE_CURVE('',#1233,#1331,#1445,.T.);
#1094=EDGE_CURVE('',#1332,#1333,#264,.T.);
#1095=EDGE_CURVE('',#1332,#1271,#265,.T.);
#1096=EDGE_CURVE('',#1333,#1270,#266,.T.);
#1097=EDGE_CURVE('',#1334,#1273,#267,.T.);
#1098=EDGE_CURVE('',#1334,#1333,#268,.T.);
#1099=EDGE_CURVE('',#1335,#1272,#269,.T.);
#1100=EDGE_CURVE('',#1335,#1334,#270,.T.);
#1101=EDGE_CURVE('',#1335,#1332,#271,.T.);
#1102=EDGE_CURVE('',#1336,#1336,#137,.F.);
#1103=EDGE_CURVE('',#1337,#1337,#138,.T.);
#1104=EDGE_CURVE('',#1338,#1338,#139,.F.);
#1105=EDGE_CURVE('',#1339,#1339,#140,.T.);
#1106=EDGE_CURVE('',#1340,#1340,#141,.F.);
#1107=EDGE_CURVE('',#1341,#1341,#142,.T.);
#1108=EDGE_CURVE('',#1342,#1342,#143,.F.);
#1109=EDGE_CURVE('',#1343,#1343,#144,.T.);
#1110=EDGE_CURVE('',#1344,#1344,#145,.F.);
#1111=EDGE_CURVE('',#1345,#1345,#146,.T.);
#1112=EDGE_CURVE('',#1346,#1346,#147,.F.);
#1113=EDGE_CURVE('',#1347,#1347,#148,.T.);
#1114=EDGE_CURVE('',#1348,#1348,#149,.F.);
#1115=EDGE_CURVE('',#1349,#1349,#150,.T.);
#1116=EDGE_CURVE('',#1350,#1350,#151,.F.);
#1117=EDGE_CURVE('',#1351,#1351,#152,.T.);
#1118=EDGE_CURVE('',#1352,#1352,#153,.F.);
#1119=EDGE_CURVE('',#1353,#1353,#154,.T.);
#1120=EDGE_CURVE('',#1354,#1354,#155,.F.);
#1121=EDGE_CURVE('',#1355,#1355,#156,.T.);
#1122=EDGE_CURVE('',#1356,#1356,#157,.F.);
#1123=EDGE_CURVE('',#1357,#1357,#158,.T.);
#1124=EDGE_CURVE('',#1358,#1358,#159,.F.);
#1125=EDGE_CURVE('',#1359,#1359,#160,.T.);
#1126=EDGE_CURVE('',#1360,#1360,#161,.F.);
#1127=EDGE_CURVE('',#1361,#1361,#162,.F.);
#1128=EDGE_CURVE('',#1224,#1319,#272,.T.);
#1129=EDGE_CURVE('',#1244,#1315,#273,.F.);
#1130=EDGE_CURVE('',#1362,#1363,#274,.T.);
#1131=EDGE_CURVE('',#1362,#1364,#275,.F.);
#1132=EDGE_CURVE('',#1364,#1365,#1446,.T.);
#1133=EDGE_CURVE('',#1366,#1365,#276,.T.);
#1134=EDGE_CURVE('',#1366,#1367,#1447,.T.);
#1135=EDGE_CURVE('',#1367,#1368,#1448,.T.);
#1136=EDGE_CURVE('',#1368,#1363,#277,.T.);
#1137=EDGE_CURVE('',#1369,#1370,#278,.T.);
#1138=EDGE_CURVE('',#1370,#1371,#20,.T.);
#1139=EDGE_CURVE('',#1371,#1372,#279,.T.);
#1140=EDGE_CURVE('',#1372,#1373,#21,.T.);
#1141=EDGE_CURVE('',#1373,#1374,#280,.T.);
#1142=EDGE_CURVE('',#1375,#1374,#1449,.T.);
#1143=EDGE_CURVE('',#1375,#1376,#1450,.T.);
#1144=EDGE_CURVE('',#1376,#1377,#281,.T.);
#1145=EDGE_CURVE('',#1377,#1363,#282,.T.);
#1146=EDGE_CURVE('',#1369,#1368,#1451,.T.);
#1147=EDGE_CURVE('',#1378,#1379,#1452,.T.);
#1148=EDGE_CURVE('',#1379,#1380,#283,.T.);
#1149=EDGE_CURVE('',#1380,#1377,#284,.T.);
#1150=EDGE_CURVE('',#1376,#1381,#1453,.T.);
#1151=EDGE_CURVE('',#1381,#1382,#1454,.T.);
#1152=EDGE_CURVE('',#1382,#1378,#285,.T.);
#1153=EDGE_CURVE('',#1383,#1383,#163,.T.);
#1154=EDGE_CURVE('',#1384,#1384,#164,.T.);
#1155=EDGE_CURVE('',#1385,#1385,#165,.T.);
#1156=EDGE_CURVE('',#1386,#1386,#166,.T.);
#1157=EDGE_CURVE('',#1265,#1362,#167,.F.);
#1158=EDGE_CURVE('',#1380,#1266,#168,.F.);
#1159=EDGE_CURVE('',#1387,#1387,#169,.T.);
#1160=EDGE_CURVE('',#1388,#1388,#170,.T.);
#1161=EDGE_CURVE('',#1389,#1389,#171,.T.);
#1162=EDGE_CURVE('',#1390,#1390,#172,.T.);
#1163=EDGE_CURVE('',#1391,#1391,#173,.T.);
#1164=EDGE_CURVE('',#1392,#1392,#174,.T.);
#1165=EDGE_CURVE('',#1393,#1393,#175,.T.);
#1166=EDGE_CURVE('',#1394,#1394,#176,.T.);
#1167=EDGE_CURVE('',#1396,#1396,#177,.T.);
#1168=EDGE_CURVE('',#1398,#1398,#178,.T.);
#1169=EDGE_CURVE('',#1400,#1400,#179,.T.);
#1170=EDGE_CURVE('',#1402,#1402,#180,.T.);
#1171=EDGE_CURVE('',#1371,#1328,#286,.F.);
#1172=EDGE_CURVE('',#1327,#1372,#287,.F.);
#1173=EDGE_CURVE('',#1403,#1404,#1455,.T.);
#1174=EDGE_CURVE('',#1404,#1374,#1456,.T.);
#1175=EDGE_CURVE('',#1373,#1326,#288,.T.);
#1176=EDGE_CURVE('',#1325,#1403,#1457,.T.);
#1177=EDGE_CURVE('',#1329,#1370,#289,.T.);
#1178=EDGE_CURVE('',#1405,#1369,#1458,.T.);
#1179=EDGE_CURVE('',#1330,#1405,#1459,.T.);
#1180=EDGE_CURVE('',#1406,#1382,#1460,.F.);
#1181=EDGE_CURVE('',#1378,#1406,#1461,.F.);
#1182=EDGE_CURVE('',#1312,#1407,#1462,.F.);
#1183=EDGE_CURVE('',#1408,#1407,#1463,.F.);
#1184=EDGE_CURVE('',#1409,#1408,#1464,.F.);
#1185=EDGE_CURVE('',#1410,#1409,#1465,.T.);
#1186=EDGE_CURVE('',#1410,#1411,#1466,.F.);
#1187=EDGE_CURVE('',#1411,#1313,#1467,.F.);
#1188=EDGE_CURVE('',#1412,#1219,#1468,.T.);
#1189=EDGE_CURVE('',#1413,#1412,#1469,.F.);
#1190=EDGE_CURVE('',#1365,#1413,#1470,.T.);
#1191=EDGE_CURVE('',#1364,#1264,#1471,.T.);
#1192=EDGE_CURVE('',#1260,#1263,#1472,.T.);
#1193=EDGE_CURVE('',#1411,#1414,#1473,.F.);
#1194=EDGE_CURVE('',#1414,#1320,#1474,.F.);
#1195=EDGE_CURVE('',#1267,#1379,#1475,.T.);
#1196=EDGE_CURVE('',#1407,#1406,#1476,.F.);
#1197=EDGE_CURVE('',#1409,#1404,#1477,.T.);
#1198=EDGE_CURVE('',#1409,#1375,#1478,.F.);
#1199=EDGE_CURVE('',#1403,#1415,#1479,.F.);
#1200=EDGE_CURVE('',#1415,#1410,#1480,.F.);
#1201=EDGE_CURVE('',#1416,#1405,#1481,.F.);
#1202=EDGE_CURVE('',#1331,#1416,#1482,.T.);
#1203=EDGE_CURVE('',#1417,#1369,#1483,.T.);
#1204=EDGE_CURVE('',#1416,#1417,#1484,.T.);
#1205=EDGE_CURVE('',#1418,#1368,#1485,.T.);
#1206=EDGE_CURVE('',#1417,#1418,#1486,.T.);
#1207=EDGE_CURVE('',#1412,#1367,#1487,.F.);
#1208=EDGE_CURVE('',#1412,#1418,#1488,.F.);
#1209=EDGE_CURVE('',#1413,#1366,#1489,.T.);
#1210=EDGE_CURVE('',#1407,#1381,#1490,.F.);
#1211=EDGE_CURVE('',#1408,#1376,#1491,.T.);
#1212=EDGE_CURVE('',#1414,#1321,#1492,.F.);
#1213=EDGE_CURVE('',#1410,#1322,#1493,.F.);
#1214=EDGE_CURVE('',#1419,#1323,#1494,.T.);
#1215=EDGE_CURVE('',#1419,#1324,#1495,.F.);
#1216=EDGE_CURVE('',#1419,#1415,#1496,.T.);
#1217=EDGE_CURVE('',#1234,#1416,#1497,.T.);
#1218=VERTEX_POINT('',#2794);
#1219=VERTEX_POINT('',#2795);
#1220=VERTEX_POINT('',#2800);
#1221=VERTEX_POINT('',#2802);
#1222=VERTEX_POINT('',#2804);
#1223=VERTEX_POINT('',#2806);
#1224=VERTEX_POINT('',#2808);
#1225=VERTEX_POINT('',#2810);
#1226=VERTEX_POINT('',#2812);
#1227=VERTEX_POINT('',#2814);
#1228=VERTEX_POINT('',#2816);
#1229=VERTEX_POINT('',#2818);
#1230=VERTEX_POINT('',#2820);
#1231=VERTEX_POINT('',#2822);
#1232=VERTEX_POINT('',#2824);
#1233=VERTEX_POINT('',#2826);
#1234=VERTEX_POINT('',#2832);
#1235=VERTEX_POINT('',#2854);
#1236=VERTEX_POINT('',#2855);
#1237=VERTEX_POINT('',#2860);
#1238=VERTEX_POINT('',#2867);
#1239=VERTEX_POINT('',#2869);
#1240=VERTEX_POINT('',#2871);
#1241=VERTEX_POINT('',#2878);
#1242=VERTEX_POINT('',#2880);
#1243=VERTEX_POINT('',#2882);
#1244=VERTEX_POINT('',#2884);
#1245=VERTEX_POINT('',#2886);
#1246=VERTEX_POINT('',#2888);
#1247=VERTEX_POINT('',#2890);
#1248=VERTEX_POINT('',#2892);
#1249=VERTEX_POINT('',#2894);
#1250=VERTEX_POINT('',#2896);
#1251=VERTEX_POINT('',#2898);
#1252=VERTEX_POINT('',#2900);
#1253=VERTEX_POINT('',#2902);
#1254=VERTEX_POINT('',#2904);
#1255=VERTEX_POINT('',#2906);
#1256=VERTEX_POINT('',#2908);
#1257=VERTEX_POINT('',#2910);
#1258=VERTEX_POINT('',#2912);
#1259=VERTEX_POINT('',#2914);
#1260=VERTEX_POINT('',#2927);
#1261=VERTEX_POINT('',#2929);
#1262=VERTEX_POINT('',#2931);
#1263=VERTEX_POINT('',#2966);
#1264=VERTEX_POINT('',#2967);
#1265=VERTEX_POINT('',#2969);
#1266=VERTEX_POINT('',#2971);
#1267=VERTEX_POINT('',#2973);
#1268=VERTEX_POINT('',#2997);
#1269=VERTEX_POINT('',#2998);
#1270=VERTEX_POINT('',#3002);
#1271=VERTEX_POINT('',#3003);
#1272=VERTEX_POINT('',#3005);
#1273=VERTEX_POINT('',#3007);
#1274=VERTEX_POINT('',#3011);
#1275=VERTEX_POINT('',#3012);
#1276=VERTEX_POINT('',#3017);
#1277=VERTEX_POINT('',#3018);
#1278=VERTEX_POINT('',#3023);
#1279=VERTEX_POINT('',#3024);
#1280=VERTEX_POINT('',#3029);
#1281=VERTEX_POINT('',#3030);
#1282=VERTEX_POINT('',#3035);
#1283=VERTEX_POINT('',#3037);
#1284=VERTEX_POINT('',#3041);
#1285=VERTEX_POINT('',#3043);
#1286=VERTEX_POINT('',#3047);
#1287=VERTEX_POINT('',#3051);
#1288=VERTEX_POINT('',#3053);
#1289=VERTEX_POINT('',#3055);
#1290=VERTEX_POINT('',#3057);
#1291=VERTEX_POINT('',#3059);
#1292=VERTEX_POINT('',#3061);
#1293=VERTEX_POINT('',#3063);
#1294=VERTEX_POINT('',#3065);
#1295=VERTEX_POINT('',#3067);
#1296=VERTEX_POINT('',#3069);
#1297=VERTEX_POINT('',#3071);
#1298=VERTEX_POINT('',#3073);
#1299=VERTEX_POINT('',#3075);
#1300=VERTEX_POINT('',#3077);
#1301=VERTEX_POINT('',#3081);
#1302=VERTEX_POINT('',#3087);
#1303=VERTEX_POINT('',#3089);
#1304=VERTEX_POINT('',#3093);
#1305=VERTEX_POINT('',#3094);
#1306=VERTEX_POINT('',#3099);
#1307=VERTEX_POINT('',#3100);
#1308=VERTEX_POINT('',#3105);
#1309=VERTEX_POINT('',#3106);
#1310=VERTEX_POINT('',#3111);
#1311=VERTEX_POINT('',#3112);
#1312=VERTEX_POINT('',#3125);
#1313=VERTEX_POINT('',#3136);
#1314=VERTEX_POINT('',#3142);
#1315=VERTEX_POINT('',#3148);
#1316=VERTEX_POINT('',#3163);
#1317=VERTEX_POINT('',#3170);
#1318=VERTEX_POINT('',#3172);
#1319=VERTEX_POINT('',#3184);
#1320=VERTEX_POINT('',#3197);
#1321=VERTEX_POINT('',#3202);
#1322=VERTEX_POINT('',#3208);
#1323=VERTEX_POINT('',#3214);
#1324=VERTEX_POINT('',#3219);
#1325=VERTEX_POINT('',#3226);
#1326=VERTEX_POINT('',#3228);
#1327=VERTEX_POINT('',#3230);
#1328=VERTEX_POINT('',#3232);
#1329=VERTEX_POINT('',#3234);
#1330=VERTEX_POINT('',#3236);
#1331=VERTEX_POINT('',#3241);
#1332=VERTEX_POINT('',#3248);
#1333=VERTEX_POINT('',#3249);
#1334=VERTEX_POINT('',#3254);
#1335=VERTEX_POINT('',#3258);
#1336=VERTEX_POINT('',#3264);
#1337=VERTEX_POINT('',#3267);
#1338=VERTEX_POINT('',#3270);
#1339=VERTEX_POINT('',#3273);
#1340=VERTEX_POINT('',#3276);
#1341=VERTEX_POINT('',#3279);
#1342=VERTEX_POINT('',#3282);
#1343=VERTEX_POINT('',#3285);
#1344=VERTEX_POINT('',#3288);
#1345=VERTEX_POINT('',#3291);
#1346=VERTEX_POINT('',#3294);
#1347=VERTEX_POINT('',#3297);
#1348=VERTEX_POINT('',#3300);
#1349=VERTEX_POINT('',#3303);
#1350=VERTEX_POINT('',#3306);
#1351=VERTEX_POINT('',#3309);
#1352=VERTEX_POINT('',#3312);
#1353=VERTEX_POINT('',#3315);
#1354=VERTEX_POINT('',#3318);
#1355=VERTEX_POINT('',#3321);
#1356=VERTEX_POINT('',#3324);
#1357=VERTEX_POINT('',#3327);
#1358=VERTEX_POINT('',#3330);
#1359=VERTEX_POINT('',#3333);
#1360=VERTEX_POINT('',#3348);
#1361=VERTEX_POINT('',#3351);
#1362=VERTEX_POINT('',#3370);
#1363=VERTEX_POINT('',#3371);
#1364=VERTEX_POINT('',#3373);
#1365=VERTEX_POINT('',#3378);
#1366=VERTEX_POINT('',#3380);
#1367=VERTEX_POINT('',#3386);
#1368=VERTEX_POINT('',#3391);
#1369=VERTEX_POINT('',#3395);
#1370=VERTEX_POINT('',#3396);
#1371=VERTEX_POINT('',#3398);
#1372=VERTEX_POINT('',#3400);
#1373=VERTEX_POINT('',#3402);
#1374=VERTEX_POINT('',#3404);
#1375=VERTEX_POINT('',#3412);
#1376=VERTEX_POINT('',#3422);
#1377=VERTEX_POINT('',#3424);
#1378=VERTEX_POINT('',#3435);
#1379=VERTEX_POINT('',#3436);
#1380=VERTEX_POINT('',#3438);
#1381=VERTEX_POINT('',#3444);
#1382=VERTEX_POINT('',#3449);
#1383=VERTEX_POINT('',#3453);
#1384=VERTEX_POINT('',#3455);
#1385=VERTEX_POINT('',#3457);
#1386=VERTEX_POINT('',#3459);
#1387=VERTEX_POINT('',#3464);
#1388=VERTEX_POINT('',#3467);
#1389=VERTEX_POINT('',#3470);
#1390=VERTEX_POINT('',#3473);
#1391=VERTEX_POINT('',#3476);
#1392=VERTEX_POINT('',#3479);
#1393=VERTEX_POINT('',#3482);
#1394=VERTEX_POINT('',#3485);
#1395=VERTEX_POINT('',#3487);
#1396=VERTEX_POINT('',#3489);
#1397=VERTEX_POINT('',#3492);
#1398=VERTEX_POINT('',#3494);
#1399=VERTEX_POINT('',#3497);
#1400=VERTEX_POINT('',#3499);
#1401=VERTEX_POINT('',#3502);
#1402=VERTEX_POINT('',#3504);
#1403=VERTEX_POINT('',#3516);
#1404=VERTEX_POINT('',#3517);
#1405=VERTEX_POINT('',#3536);
#1406=VERTEX_POINT('',#3549);
#1407=VERTEX_POINT('',#3613);
#1408=VERTEX_POINT('',#3618);
#1409=VERTEX_POINT('',#3628);
#1410=VERTEX_POINT('',#3633);
#1411=VERTEX_POINT('',#3645);
#1412=VERTEX_POINT('',#3787);
#1413=VERTEX_POINT('',#3793);
#1414=VERTEX_POINT('',#3860);
#1415=VERTEX_POINT('',#4065);
#1416=VERTEX_POINT('',#4117);
#1417=VERTEX_POINT('',#4159);
#1418=VERTEX_POINT('',#4179);
#1419=VERTEX_POINT('',#4389);
#1420=B_SPLINE_CURVE_WITH_KNOTS('',3,(#2785,#2786,#2787,#2788,#2789,#2790,#2791,#2792,#2793),.UNSPECIFIED.,.F.,.F.,(4,1,1,1,1,1,4),(0.00180199600957073,0.013555005301925,0.0253080145942793,0.0370610238866337,0.048814033178988,0.0723200517636966,0.0958260703484052),.UNSPECIFIED.);
#1421=B_SPLINE_CURVE_WITH_KNOTS('',3,(#2796,#2797,#2798,#2799),.UNSPECIFIED.,.F.,.F.,(4,4),(0.000117490592847105,0.0018790090644848),.UNSPECIFIED.);
#1422=B_SPLINE_CURVE_WITH_KNOTS('',3,(#2827,#2828,#2829,#2830,#2831),.UNSPECIFIED.,.F.,.F.,(4,1,4),(0.000109840334630562,0.00326433854958479,0.00641883676453902),.UNSPECIFIED.);
#1423=B_SPLINE_CURVE_WITH_KNOTS('',3,(#2833,#2834,#2835,#2836,#2837,#2838,#2839,#2840,#2841),.UNSPECIFIED.,.F.,.F.,(4,1,1,1,1,1,4),(5.98286884415006E-05,0.0126478336122829,0.0252358385361243,0.031529840998045,0.0378238434599657,0.0441178459218864,0.0504118483838071),.UNSPECIFIED.);
#1424=B_SPLINE_CURVE_WITH_KNOTS('',3,(#2850,#2851,#2852,#2853),.UNSPECIFIED.,.F.,.F.,(4,4),(5.09902483316444E-17,0.00195632689275313),.UNSPECIFIED.);
#1425=B_SPLINE_CURVE_WITH_KNOTS('',3,(#2856,#2857,#2858,#2859),.UNSPECIFIED.,.F.,.F.,(4,4),(0.000117490592838334,0.00187899768011018),.UNSPECIFIED.);
#1426=B_SPLINE_CURVE_WITH_KNOTS('',3,(#2863,#2864,#2865,#2866),.UNSPECIFIED.,.F.,.F.,(4,4),(0.,0.00755264538552672),.UNSPECIFIED.);
#1427=B_SPLINE_CURVE_WITH_KNOTS('',3,(#2874,#2875,#2876,#2877),.UNSPECIFIED.,.F.,.F.,(4,4),(0.0924237310233022,0.0964873789371836),.UNSPECIFIED.);
#1428=B_SPLINE_CURVE_WITH_KNOTS('',3,(#2917,#2918,#2919,#2920,#2921,#2922,#2923,#2924,#2925,#2926),.UNSPECIFIED.,.F.,.F.,(4,1,1,1,1,1,1,4),(0.,0.00751679640643496,0.0150335928128699,0.0225503892193049,0.0300671856257399,0.0375839820321748,0.0451007784386098,0.0601343712514797),.UNSPECIFIED.);
#1429=B_SPLINE_CURVE_WITH_KNOTS('',3,(#2932,#2933,#2934,#2935,#2936,#2937,#2938,#2939,#2940,#2941),.UNSPECIFIED.,.F.,.F.,(4,1,1,1,1,1,1,4),(0.,0.00751587680100121,0.0150317536020024,0.0225476304030036,0.0300635072040048,0.0375793840050061,0.0450952608060073,0.0601270144080097),.UNSPECIFIED.);
#1430=B_SPLINE_CURVE_WITH_KNOTS('',3,(#2943,#2944,#2945,#2946,#2947,#2948,#2949,#2950,#2951,#2952,#2953,#2954,#2955,#2956,#2957,#2958,#2959,#2960,#2961,#2962,#2963,#2964,#2965),.UNSPECIFIED.,.F.,.F.,(4,1,1,1,1,1,1,1,1,1,1,1,1,1,1,1,1,1,1,1,4),(0.,0.0948842315578141,0.189768463115628,0.284652694673442,0.332094810452349,0.379536926231257,0.426979042010164,0.450700099899617,0.474421157789071,0.486281686733797,0.498142215678524,0.510002744623251,0.521863273567978,0.545584331457431,0.569305389346885,0.616747505125792,0.664189620904699,0.711631736683606,0.73535279457306,0.747213323517786,0.759073852462513),.UNSPECIFIED.);
#1431=B_SPLINE_CURVE_WITH_KNOTS('',3,(#2974,#2975,#2976,#2977,#2978,#2979,#2980,#2981,#2982,#2983,#2984,#2985,#2986,#2987,#2988,#2989,#2990,#2991,#2992,#2993,#2994),.UNSPECIFIED.,.F.,.F.,(4,1,1,1,1,1,1,1,1,1,1,1,1,1,1,1,1,1,4),(0.,0.188659477863798,0.282989216795697,0.330154086261646,0.377318955727595,0.424483825193545,0.471648694659494,0.483439912025982,0.495231129392469,0.501126738075713,0.507022346758956,0.518813564125444,0.542395998858418,0.565978433591393,0.613143303057343,0.660308172523292,0.707473041989242,0.731055476722216,0.754637911455191),.UNSPECIFIED.);
#1432=B_SPLINE_CURVE_WITH_KNOTS('',3,(#3116,#3117,#3118,#3119,#3120,#3121,#3122,#3123,#3124),.UNSPECIFIED.,.F.,.F.,(4,1,1,1,1,1,4),(0.000653914765213635,0.0241856980617344,0.0477174813582553,0.0594833730065157,0.0712492646547761,0.0830151563030365,0.0947810479512969),.UNSPECIFIED.);
#1433=B_SPLINE_CURVE_WITH_KNOTS('',3,(#3126,#3127,#3128,#3129,#3130,#3131,#3132,#3133,#3134,#3135),.UNSPECIFIED.,.F.,.F.,(4,1,1,1,1,1,1,4),(0.00140929042019725,0.00767097262355674,0.0139326548269162,0.0201943370302757,0.0264560192336352,0.0327177014369947,0.0389793836403542,0.0515027480470732),.UNSPECIFIED.);
#1434=B_SPLINE_CURVE_WITH_KNOTS('',3,(#3137,#3138,#3139,#3140,#3141),.UNSPECIFIED.,.F.,.F.,(4,1,4),(0.000111044329378202,0.00326629118754023,0.00642153804570226),.UNSPECIFIED.);
#1435=B_SPLINE_CURVE_WITH_KNOTS('',3,(#3159,#3160,#3161,#3162),.UNSPECIFIED.,.F.,.F.,(4,4),(7.40871131945605E-17,0.00195633212716868),.UNSPECIFIED.);
#1436=B_SPLINE_CURVE_WITH_KNOTS('',3,(#3166,#3167,#3168,#3169),.UNSPECIFIED.,.F.,.F.,(4,4),(3.46944695195361E-17,0.0075525866934375),.UNSPECIFIED.);
#1437=B_SPLINE_CURVE_WITH_KNOTS('',3,(#3175,#3176,#3177,#3178),.UNSPECIFIED.,.F.,.F.,(4,4),(0.00118296214756657,0.00523232309604571),.UNSPECIFIED.);
#1438=B_SPLINE_CURVE_WITH_KNOTS('',3,(#3188,#3189,#3190,#3191,#3192,#3193,#3194,#3195,#3196),.UNSPECIFIED.,.F.,.F.,(4,1,1,1,1,1,4),(0.000977595774759495,0.0104337182965417,0.0151617795574328,0.0198898408183239,0.0246179020792151,0.0293459633401062,0.0388020858618884),.UNSPECIFIED.);
#1439=B_SPLINE_CURVE_WITH_KNOTS('',3,(#3198,#3199,#3200,#3201),.UNSPECIFIED.,.F.,.F.,(4,4),(0.00106798714504733,0.00271559325486794),.UNSPECIFIED.);
#1440=B_SPLINE_CURVE_WITH_KNOTS('',3,(#3203,#3204,#3205,#3206,#3207),.UNSPECIFIED.,.F.,.F.,(4,1,4),(0.000195362597220541,0.0164737954682866,0.0327522283393527),.UNSPECIFIED.);
#1441=B_SPLINE_CURVE_WITH_KNOTS('',3,(#3209,#3210,#3211,#3212,#3213),.UNSPECIFIED.,.F.,.F.,(4,1,4),(0.00108325364877386,0.0173416466884524,0.0336000397281309),.UNSPECIFIED.);
#1442=B_SPLINE_CURVE_WITH_KNOTS('',3,(#3215,#3216,#3217,#3218),.UNSPECIFIED.,.F.,.F.,(4,4),(0.00107941626069636,0.00271121382852159),.UNSPECIFIED.);
#1443=B_SPLINE_CURVE_WITH_KNOTS('',3,(#3220,#3221,#3222,#3223,#3224,#3225),.UNSPECIFIED.,.F.,.F.,(4,1,1,4),(0.000861889822729657,0.0107277277641532,0.015660646734865,0.0205935657055767),.UNSPECIFIED.);
#1444=B_SPLINE_CURVE_WITH_KNOTS('',3,(#3237,#3238,#3239,#3240),.UNSPECIFIED.,.F.,.F.,(4,4),(0.,0.00100575563213665),.UNSPECIFIED.);
#1445=B_SPLINE_CURVE_WITH_KNOTS('',3,(#3242,#3243,#3244,#3245),.UNSPECIFIED.,.F.,.F.,(4,4),(0.,0.0099313019445481),.UNSPECIFIED.);
#1446=B_SPLINE_CURVE_WITH_KNOTS('',3,(#3374,#3375,#3376,#3377),.UNSPECIFIED.,.F.,.F.,(4,4),(1.38777878078145E-17,0.0120019803374366),.UNSPECIFIED.);
#1447=B_SPLINE_CURVE_WITH_KNOTS('',3,(#3381,#3382,#3383,#3384,#3385),.UNSPECIFIED.,.F.,.F.,(4,1,4),(0.0051051369287897,0.0320422378177977,0.0589793387068058),.UNSPECIFIED.);
#1448=B_SPLINE_CURVE_WITH_KNOTS('',3,(#3387,#3388,#3389,#3390),.UNSPECIFIED.,.F.,.F.,(4,4),(6.02920937793973E-05,0.0168094507598961),.UNSPECIFIED.);
#1449=B_SPLINE_CURVE_WITH_KNOTS('',3,(#3405,#3406,#3407,#3408,#3409,#3410,#3411),.UNSPECIFIED.,.F.,.F.,(4,1,1,1,4),(1.06931769850414E-07,0.0133246374669342,0.0266491680020986,0.039973698537263,0.0532982290724274),.UNSPECIFIED.);
#1450=B_SPLINE_CURVE_WITH_KNOTS('',3,(#3413,#3414,#3415,#3416,#3417,#3418,#3419,#3420,#3421),.UNSPECIFIED.,.F.,.F.,(4,1,1,1,1,1,4),(1.77906234368377E-07,0.0149092470263968,0.0298183161465592,0.0372728507066405,0.0447273852667217,0.0521819198268029,0.0596364543868841),.UNSPECIFIED.);
#1451=B_SPLINE_CURVE_WITH_KNOTS('',3,(#3426,#3427,#3428,#3429),.UNSPECIFIED.,.F.,.F.,(4,4),(0.0596408425017014,0.0645356311063166),.UNSPECIFIED.);
#1452=B_SPLINE_CURVE_WITH_KNOTS('',3,(#3431,#3432,#3433,#3434),.UNSPECIFIED.,.F.,.F.,(4,4),(1.54068447660683E-16,0.0120023046268263),.UNSPECIFIED.);
#1453=B_SPLINE_CURVE_WITH_KNOTS('',3,(#3440,#3441,#3442,#3443),.UNSPECIFIED.,.F.,.F.,(4,4),(0.00165818868476975,0.0178207561380966),.UNSPECIFIED.);
#1454=B_SPLINE_CURVE_WITH_KNOTS('',3,(#3445,#3446,#3447,#3448),.UNSPECIFIED.,.F.,.F.,(4,4),(0.00065859563543006,0.0550879323493248),.UNSPECIFIED.);
#1455=B_SPLINE_CURVE_WITH_KNOTS('',3,(#3510,#3511,#3512,#3513,#3514,#3515),.UNSPECIFIED.,.F.,.F.,(4,1,1,4),(0.00118555926948497,0.0177222557176412,0.0259906039417193,0.0342589521657973),.UNSPECIFIED.);
#1456=B_SPLINE_CURVE_WITH_KNOTS('',3,(#3518,#3519,#3520,#3521),.UNSPECIFIED.,.F.,.F.,(4,4),(0.,0.000608327955319065),.UNSPECIFIED.);
#1457=B_SPLINE_CURVE_WITH_KNOTS('',3,(#3523,#3524,#3525,#3526),.UNSPECIFIED.,.F.,.F.,(4,4),(0.,0.00445839949805594),.UNSPECIFIED.);
#1458=B_SPLINE_CURVE_WITH_KNOTS('',3,(#3529,#3530,#3531,#3532,#3533,#3534,#3535),.UNSPECIFIED.,.F.,.F.,(4,1,1,1,4),(0.00129544249979209,0.00944106208449636,0.0175866816692006,0.0257323012539049,0.0338779208386092),.UNSPECIFIED.);
#1459=B_SPLINE_CURVE_WITH_KNOTS('',3,(#3537,#3538,#3539,#3540,#3541),.UNSPECIFIED.,.F.,.F.,(4,1,4),(4.09777931252136E-05,0.00286304061320439,0.00568510343328356),.UNSPECIFIED.);
#1460=B_SPLINE_CURVE_WITH_KNOTS('',3,(#3545,#3546,#3547,#3548),.UNSPECIFIED.,.F.,.F.,(4,4),(0.,1.),.UNSPECIFIED.);
#1461=B_SPLINE_CURVE_WITH_KNOTS('',3,(#3550,#3551,#3552,#3553),.UNSPECIFIED.,.F.,.F.,(4,4),(0.,1.),.UNSPECIFIED.);
#1462=B_SPLINE_CURVE_WITH_KNOTS('',3,(#3609,#3610,#3611,#3612),.UNSPECIFIED.,.F.,.F.,(4,4),(0.495248042671401,0.557381970160532),.UNSPECIFIED.);
#1463=B_SPLINE_CURVE_WITH_KNOTS('',3,(#3614,#3615,#3616,#3617),.UNSPECIFIED.,.F.,.F.,(4,4),(0.,1.),.UNSPECIFIED.);
#1464=B_SPLINE_CURVE_WITH_KNOTS('',3,(#3619,#3620,#3621,#3622,#3623,#3624,#3625,#3626,#3627),.UNSPECIFIED.,.F.,.F.,(4,1,1,1,1,1,4),(0.,0.125,0.25,0.375,0.5,0.75,1.),.UNSPECIFIED.);
#1465=B_SPLINE_CURVE_WITH_KNOTS('',3,(#3629,#3630,#3631,#3632),.UNSPECIFIED.,.F.,.F.,(4,4),(9.68996974529606E-06,0.770384023816279),.UNSPECIFIED.);
#1466=B_SPLINE_CURVE_WITH_KNOTS('',3,(#3634,#3635,#3636,#3637,#3638,#3639,#3640,#3641,#3642,#3643,#3644),.UNSPECIFIED.,.F.,.F.,(4,1,1,1,1,1,1,1,4),(2.19222534475398E-05,0.250008619482087,0.375001968096407,0.437498642403566,0.499995316710726,0.562491991017886,0.624988665325046,0.749982013939366,0.999968711168005),.UNSPECIFIED.);
#1467=B_SPLINE_CURVE_WITH_KNOTS('',3,(#3646,#3647,#3648,#3649,#3650,#3651,#3652,#3653,#3654,#3655,#3656,#3657,#3658,#3659,#3660,#3661,#3662,#3663,#3664,#3665,#3666,#3667,#3668,#3669,#3670,#3671,#3672,#3673,#3674,#3675,#3676,#3677,#3678,#3679,#3680,#3681,#3682,#3683,#3684,#3685,#3686,#3687,#3688,#3689,#3690,#3691,#3692),.UNSPECIFIED.,.F.,.F.,(4,1,1,1,1,1,1,1,1,1,1,1,1,1,1,1,1,1,1,1,1,1,1,1,1,1,1,1,1,1,1,1,1,1,1,1,1,1,1,1,1,1,1,1,4),(0.682299279480079,0.702155523438056,0.712083645417045,0.722011767396034,0.731939889375022,0.741868011354011,0.746832072343505,0.749314102838253,0.750555118085626,0.751796133333,0.754278163827747,0.756760194322494,0.761724255311988,0.771652377290977,0.781580499269966,0.801436743227943,0.82129298718592,0.831221109164909,0.841149231143898,0.846113292133392,0.848595322628139,0.849836337875512,0.851077353122886,0.853559383617633,0.85604141411238,0.861005475101875,0.870933597080863,0.880861719059852,0.890789841038841,0.900717963017829,0.910646084996818,0.915610145986312,0.920574206975807,0.923056237470554,0.924297252717927,0.924917760341614,0.925538267965301,0.928020298460048,0.930502328954795,0.93546638994429,0.940430450933784,0.950358572912773,0.960286694891761,0.980142938849739,0.999999182807716),.UNSPECIFIED.);
#1468=B_SPLINE_CURVE_WITH_KNOTS('',3,(#3783,#3784,#3785,#3786),.UNSPECIFIED.,.F.,.F.,(4,4),(0.541497563211248,0.557381762113237),.UNSPECIFIED.);
#1469=B_SPLINE_CURVE_WITH_KNOTS('',3,(#3788,#3789,#3790,#3791,#3792),.UNSPECIFIED.,.F.,.F.,(4,1,4),(0.,0.5,1.),.UNSPECIFIED.);
#1470=B_SPLINE_CURVE_WITH_KNOTS('',3,(#3794,#3795,#3796,#3797),.UNSPECIFIED.,.F.,.F.,(4,4),(6.74228403874638E-07,1.),.UNSPECIFIED.);
#1471=B_SPLINE_CURVE_WITH_KNOTS('',3,(#3798,#3799,#3800,#3801,#3802,#3803,#3804,#3805,#3806),.UNSPECIFIED.,.F.,.F.,(4,1,1,1,1,1,4),(0.,0.00266179756427516,0.00532359512855031,0.00798539269282547,0.0106471902571006,0.0159707853856509,0.0212943805142012),.UNSPECIFIED.);
#1472=B_SPLINE_CURVE_WITH_KNOTS('',3,(#3807,#3808,#3809,#3810),.UNSPECIFIED.,.F.,.F.,(4,4),(0.228734492633386,0.542238821668309),.UNSPECIFIED.);
#1473=B_SPLINE_CURVE_WITH_KNOTS('',3,(#3856,#3857,#3858,#3859),.UNSPECIFIED.,.F.,.F.,(4,4),(-0.0182961216319166,1.),.UNSPECIFIED.);
#1474=B_SPLINE_CURVE_WITH_KNOTS('',3,(#3861,#3862,#3863,#3864),.UNSPECIFIED.,.F.,.F.,(4,4),(0.00741984241730475,0.00817919194317781),.UNSPECIFIED.);
#1475=B_SPLINE_CURVE_WITH_KNOTS('',3,(#3955,#3956,#3957,#3958,#3959,#3960,#3961),.UNSPECIFIED.,.F.,.F.,(4,1,1,1,4),(0.,0.00515812061026695,0.0103162412205339,0.0154743618308008,0.0206324824410678),.UNSPECIFIED.);
#1476=B_SPLINE_CURVE_WITH_KNOTS('',3,(#3962,#3963,#3964,#3965),.UNSPECIFIED.,.F.,.F.,(4,4),(0.,1.),.UNSPECIFIED.);
#1477=B_SPLINE_CURVE_WITH_KNOTS('',3,(#3998,#3999,#4000,#4001,#4002,#4003,#4004),.UNSPECIFIED.,.F.,.F.,(4,1,1,1,4),(0.,0.248408812304614,0.496817624609229,0.745226436913843,0.993635249218457),.UNSPECIFIED.);
#1478=B_SPLINE_CURVE_WITH_KNOTS('',3,(#4005,#4006,#4007,#4008),.UNSPECIFIED.,.F.,.F.,(4,4),(0.,1.),.UNSPECIFIED.);
#1479=B_SPLINE_CURVE_WITH_KNOTS('',3,(#4044,#4045,#4046,#4047,#4048,#4049,#4050,#4051,#4052,#4053,#4054,#4055,#4056,#4057,#4058,#4059,#4060,#4061,#4062,#4063,#4064),.UNSPECIFIED.,.F.,.F.,(4,1,1,1,1,1,1,1,1,1,1,1,1,1,1,1,1,1,4),(7.611693816646E-07,0.037165924577688,0.0557485062818412,0.0743310879859944,0.0929136696901476,0.102204960542224,0.111496251394301,0.116141896820339,0.120787542246377,0.123110364959397,0.124271776315906,0.124852481994161,0.125433187672416,0.126594599028925,0.127756010385435,0.130078833098454,0.134724478524492,0.139370123950531,0.148661414802607),.UNSPECIFIED.);
#1480=B_SPLINE_CURVE_WITH_KNOTS('',3,(#4066,#4067,#4068,#4069,#4070,#4071,#4072,#4073,#4074,#4075,#4076,#4077,#4078,#4079,#4080,#4081,#4082,#4083,#4084,#4085,#4086,#4087,#4088),.UNSPECIFIED.,.F.,.F.,(4,1,1,1,1,1,1,1,1,1,1,1,1,1,1,1,1,1,1,1,4),(2.25832740219473E-05,0.125018936193164,0.250015289112305,0.312513465571876,0.375011642031447,0.406260730261232,0.437509818491018,0.468758906720803,0.484383450835696,0.492195722893142,0.500007994950588,0.507820267008035,0.515632539065481,0.531257083180374,0.562506171410159,0.593755259639945,0.62500434786973,0.687502524329301,0.750000700788872,0.874997053708013,0.999993406627155),.UNSPECIFIED.);
#1481=B_SPLINE_CURVE_WITH_KNOTS('',3,(#4113,#4114,#4115,#4116),.UNSPECIFIED.,.F.,.F.,(4,4),(0.,1.),.UNSPECIFIED.);
#1482=B_SPLINE_CURVE_WITH_KNOTS('',3,(#4118,#4119,#4120,#4121,#4122),.UNSPECIFIED.,.F.,.F.,(4,1,4),(0.15105948339215,0.575529741696075,1.),.UNSPECIFIED.);
#1483=B_SPLINE_CURVE_WITH_KNOTS('',3,(#4155,#4156,#4157,#4158),.UNSPECIFIED.,.F.,.F.,(4,4),(0.,1.),.UNSPECIFIED.);
#1484=B_SPLINE_CURVE_WITH_KNOTS('',3,(#4160,#4161,#4162,#4163,#4164,#4165,#4166),.UNSPECIFIED.,.F.,.F.,(4,1,1,1,4),(1.75949560020301E-08,0.250000013196217,0.500000008797478,0.750000004398739,1.),.UNSPECIFIED.);
#1485=B_SPLINE_CURVE_WITH_KNOTS('',3,(#4175,#4176,#4177,#4178),.UNSPECIFIED.,.F.,.F.,(4,4),(0.,1.),.UNSPECIFIED.);
#1486=B_SPLINE_CURVE_WITH_KNOTS('',3,(#4180,#4181,#4182,#4183),.UNSPECIFIED.,.F.,.F.,(4,4),(0.,1.),.UNSPECIFIED.);
#1487=B_SPLINE_CURVE_WITH_KNOTS('',3,(#4196,#4197,#4198,#4199),.UNSPECIFIED.,.F.,.F.,(4,4),(0.,1.),.UNSPECIFIED.);
#1488=B_SPLINE_CURVE_WITH_KNOTS('',3,(#4200,#4201,#4202,#4203),.UNSPECIFIED.,.F.,.F.,(4,4),(0.,1.),.UNSPECIFIED.);
#1489=B_SPLINE_CURVE_WITH_KNOTS('',3,(#4234,#4235,#4236,#4237),.UNSPECIFIED.,.F.,.F.,(4,4),(0.,1.),.UNSPECIFIED.);
#1490=B_SPLINE_CURVE_WITH_KNOTS('',3,(#4255,#4256,#4257,#4258),.UNSPECIFIED.,.F.,.F.,(4,4),(0.,1.),.UNSPECIFIED.);
#1491=B_SPLINE_CURVE_WITH_KNOTS('',3,(#4277,#4278,#4279,#4280),.UNSPECIFIED.,.F.,.F.,(4,4),(0.,1.),.UNSPECIFIED.);
#1492=B_SPLINE_CURVE_WITH_KNOTS('',3,(#4345,#4346,#4347,#4348),.UNSPECIFIED.,.F.,.F.,(4,4),(0.0046168951363093,0.00552555527595266),.UNSPECIFIED.);
#1493=B_SPLINE_CURVE_WITH_KNOTS('',3,(#4349,#4350,#4351,#4352),.UNSPECIFIED.,.F.,.F.,(4,4),(0.713268911217408,0.999918738027864),.UNSPECIFIED.);
#1494=B_SPLINE_CURVE_WITH_KNOTS('',3,(#4385,#4386,#4387,#4388),.UNSPECIFIED.,.F.,.F.,(4,4),(0.00520747577167072,0.00608888549610401),.UNSPECIFIED.);
#1495=B_SPLINE_CURVE_WITH_KNOTS('',3,(#4390,#4391,#4392,#4393),.UNSPECIFIED.,.F.,.F.,(4,4),(0.00689057460564481,0.00764774916977602),.UNSPECIFIED.);
#1496=B_SPLINE_CURVE_WITH_KNOTS('',3,(#4414,#4415,#4416,#4417),.UNSPECIFIED.,.F.,.F.,(4,4),(-0.0192310521749376,0.997591931197395),.UNSPECIFIED.);
#1497=B_SPLINE_CURVE_WITH_KNOTS('',3,(#4468,#4469,#4470,#4471),.UNSPECIFIED.,.F.,.F.,(4,4),(0.678202417845784,0.7463977973),.UNSPECIFIED.);
#1498=EDGE_LOOP('',(#399,#400,#401,#402,#403,#404,#405,#406,#407,#408,#409,#410,#411,#412,#413,#414,#415));
#1499=EDGE_LOOP('',(#416,#417,#418));
#1500=EDGE_LOOP('',(#419,#420,#421,#422,#423));
#1501=EDGE_LOOP('',(#424,#425,#426,#427,#428,#429,#430,#431,#432,#433,#434,#435,#436,#437,#438,#439,#440,#441,#442,#443,#444));
#1502=EDGE_LOOP('',(#445,#446,#447,#448,#449));
#1503=EDGE_LOOP('',(#450,#451,#452,#453,#454));
#1504=EDGE_LOOP('',(#455,#456,#457,#458));
#1505=EDGE_LOOP('',(#459,#460,#461,#462));
#1506=EDGE_LOOP('',(#463,#464,#465,#466));
#1507=EDGE_LOOP('',(#467,#468,#469,#470));
#1508=EDGE_LOOP('',(#471,#472,#473,#474));
#1509=EDGE_LOOP('',(#475,#476,#477,#478));
#1510=EDGE_LOOP('',(#479,#480,#481,#482));
#1511=EDGE_LOOP('',(#483,#484,#485,#486));
#1512=EDGE_LOOP('',(#487,#488,#489,#490));
#1513=EDGE_LOOP('',(#491));
#1514=EDGE_LOOP('',(#492));
#1515=EDGE_LOOP('',(#493));
#1516=EDGE_LOOP('',(#494));
#1517=EDGE_LOOP('',(#495));
#1518=EDGE_LOOP('',(#496));
#1519=EDGE_LOOP('',(#497));
#1520=EDGE_LOOP('',(#498));
#1521=EDGE_LOOP('',(#499));
#1522=EDGE_LOOP('',(#500));
#1523=EDGE_LOOP('',(#501));
#1524=EDGE_LOOP('',(#502));
#1525=EDGE_LOOP('',(#503));
#1526=EDGE_LOOP('',(#504));
#1527=EDGE_LOOP('',(#505,#506,#507,#508));
#1528=EDGE_LOOP('',(#509,#510,#511,#512));
#1529=EDGE_LOOP('',(#513,#514,#515,#516));
#1530=EDGE_LOOP('',(#517,#518,#519,#520));
#1531=EDGE_LOOP('',(#521,#522,#523,#524));
#1532=EDGE_LOOP('',(#525,#526,#527,#528));
#1533=EDGE_LOOP('',(#529,#530,#531,#532));
#1534=EDGE_LOOP('',(#533,#534,#535,#536));
#1535=EDGE_LOOP('',(#537,#538,#539,#540,#541,#542,#543,#544,#545,#546,#547,#548,#549,#550,#551,#552,#553));
#1536=EDGE_LOOP('',(#554,#555,#556));
#1537=EDGE_LOOP('',(#557,#558,#559,#560,#561));
#1538=EDGE_LOOP('',(#562,#563,#564,#565,#566,#567,#568,#569,#570,#571,#572,#573,#574,#575,#576,#577,#578,#579,#580,#581,#582));
#1539=EDGE_LOOP('',(#583,#584,#585,#586,#587,#588,#589,#590,#591,#592,#593,#594,#595,#596,#597,#598,#599,#600,#601,#602));
#1540=EDGE_LOOP('',(#603,#604,#605,#606));
#1541=EDGE_LOOP('',(#607,#608,#609,#610));
#1542=EDGE_LOOP('',(#611,#612,#613,#614));
#1543=EDGE_LOOP('',(#615,#616,#617,#618));
#1544=EDGE_LOOP('',(#619));
#1545=EDGE_LOOP('',(#620));
#1546=EDGE_LOOP('',(#621));
#1547=EDGE_LOOP('',(#622));
#1548=EDGE_LOOP('',(#623));
#1549=EDGE_LOOP('',(#624));
#1550=EDGE_LOOP('',(#625));
#1551=EDGE_LOOP('',(#626));
#1552=EDGE_LOOP('',(#627));
#1553=EDGE_LOOP('',(#628));
#1554=EDGE_LOOP('',(#629));
#1555=EDGE_LOOP('',(#630));
#1556=EDGE_LOOP('',(#631));
#1557=EDGE_LOOP('',(#632));
#1558=EDGE_LOOP('',(#633));
#1559=EDGE_LOOP('',(#634));
#1560=EDGE_LOOP('',(#635));
#1561=EDGE_LOOP('',(#636));
#1562=EDGE_LOOP('',(#637));
#1563=EDGE_LOOP('',(#638));
#1564=EDGE_LOOP('',(#639));
#1565=EDGE_LOOP('',(#640));
#1566=EDGE_LOOP('',(#641));
#1567=EDGE_LOOP('',(#642));
#1568=EDGE_LOOP('',(#643));
#1569=EDGE_LOOP('',(#644));
#1570=EDGE_LOOP('',(#645));
#1571=EDGE_LOOP('',(#646));
#1572=EDGE_LOOP('',(#647));
#1573=EDGE_LOOP('',(#648));
#1574=EDGE_LOOP('',(#649));
#1575=EDGE_LOOP('',(#650));
#1576=EDGE_LOOP('',(#651));
#1577=EDGE_LOOP('',(#652));
#1578=EDGE_LOOP('',(#653));
#1579=EDGE_LOOP('',(#654));
#1580=EDGE_LOOP('',(#655));
#1581=EDGE_LOOP('',(#656));
#1582=EDGE_LOOP('',(#657));
#1583=EDGE_LOOP('',(#658));
#1584=EDGE_LOOP('',(#659));
#1585=EDGE_LOOP('',(#660));
#1586=EDGE_LOOP('',(#661));
#1587=EDGE_LOOP('',(#662));
#1588=EDGE_LOOP('',(#663));
#1589=EDGE_LOOP('',(#664));
#1590=EDGE_LOOP('',(#665));
#1591=EDGE_LOOP('',(#666));
#1592=EDGE_LOOP('',(#667));
#1593=EDGE_LOOP('',(#668));
#1594=EDGE_LOOP('',(#669));
#1595=EDGE_LOOP('',(#670));
#1596=EDGE_LOOP('',(#671));
#1597=EDGE_LOOP('',(#672));
#1598=EDGE_LOOP('',(#673));
#1599=EDGE_LOOP('',(#674));
#1600=EDGE_LOOP('',(#675));
#1601=EDGE_LOOP('',(#676));
#1602=EDGE_LOOP('',(#677));
#1603=EDGE_LOOP('',(#678));
#1604=EDGE_LOOP('',(#679));
#1605=EDGE_LOOP('',(#680));
#1606=EDGE_LOOP('',(#681));
#1607=EDGE_LOOP('',(#682));
#1608=EDGE_LOOP('',(#683));
#1609=EDGE_LOOP('',(#684));
#1610=EDGE_LOOP('',(#685,#686,#687,#688));
#1611=EDGE_LOOP('',(#689,#690,#691,#692));
#1612=EDGE_LOOP('',(#693,#694,#695,#696));
#1613=EDGE_LOOP('',(#697,#698,#699,#700));
#1614=EDGE_LOOP('',(#701,#702,#703,#704));
#1615=EDGE_LOOP('',(#705,#706,#707,#708));
#1616=EDGE_LOOP('',(#709,#710,#711,#712));
#1617=EDGE_LOOP('',(#713,#714,#715,#716));
#1618=EDGE_LOOP('',(#717,#718,#719,#720));
#1619=EDGE_LOOP('',(#721,#722,#723,#724));
#1620=EDGE_LOOP('',(#725,#726,#727,#728));
#1621=EDGE_LOOP('',(#729,#730,#731,#732));
#1622=EDGE_LOOP('',(#733,#734,#735,#736,#737,#738,#739));
#1623=EDGE_LOOP('',(#740,#741,#742,#743,#744,#745,#746,#747,#748,#749,#750));
#1624=EDGE_LOOP('',(#751,#752,#753,#754,#755,#756,#757));
#1625=EDGE_LOOP('',(#758));
#1626=EDGE_LOOP('',(#759));
#1627=EDGE_LOOP('',(#760));
#1628=EDGE_LOOP('',(#761));
#1629=EDGE_LOOP('',(#762,#763,#764,#765));
#1630=EDGE_LOOP('',(#766,#767,#768,#769,#770,#771));
#1631=EDGE_LOOP('',(#772));
#1632=EDGE_LOOP('',(#773));
#1633=EDGE_LOOP('',(#774));
#1634=EDGE_LOOP('',(#775));
#1635=EDGE_LOOP('',(#776));
#1636=EDGE_LOOP('',(#777));
#1637=EDGE_LOOP('',(#778));
#1638=EDGE_LOOP('',(#779));
#1639=EDGE_LOOP('',(#780));
#1640=EDGE_LOOP('',(#781));
#1641=EDGE_LOOP('',(#782));
#1642=EDGE_LOOP('',(#783));
#1643=EDGE_LOOP('',(#784));
#1644=EDGE_LOOP('',(#785));
#1645=EDGE_LOOP('',(#786));
#1646=EDGE_LOOP('',(#787));
#1647=EDGE_LOOP('',(#788));
#1648=EDGE_LOOP('',(#789));
#1649=EDGE_LOOP('',(#790));
#1650=EDGE_LOOP('',(#791));
#1651=EDGE_LOOP('',(#792));
#1652=EDGE_LOOP('',(#793));
#1653=EDGE_LOOP('',(#794));
#1654=EDGE_LOOP('',(#795));
#1655=EDGE_LOOP('',(#796));
#1656=EDGE_LOOP('',(#797));
#1657=EDGE_LOOP('',(#798));
#1658=EDGE_LOOP('',(#799));
#1659=EDGE_LOOP('',(#800,#801,#802,#803));
#1660=EDGE_LOOP('',(#804,#805,#806,#807,#808,#809));
#1661=EDGE_LOOP('',(#810,#811,#812,#813,#814));
#1662=EDGE_LOOP('',(#815,#816,#817,#818));
#1663=EDGE_LOOP('',(#819,#820,#821,#822));
#1664=EDGE_LOOP('',(#823,#824,#825));
#1665=EDGE_LOOP('',(#826,#827,#828,#829,#830,#831,#832));
#1666=EDGE_LOOP('',(#833,#834,#835,#836,#837,#838,#839,#840,#841,#842,#843,#844));
#1667=EDGE_LOOP('',(#845,#846,#847,#848,#849));
#1668=EDGE_LOOP('',(#850,#851,#852,#853,#854,#855,#856,#857,#858,#859,#860,#861));
#1669=EDGE_LOOP('',(#862,#863,#864,#865));
#1670=EDGE_LOOP('',(#866,#867,#868,#869,#870));
#1671=EDGE_LOOP('',(#871,#872,#873,#874));
#1672=EDGE_LOOP('',(#875,#876,#877,#878));
#1673=EDGE_LOOP('',(#879,#880,#881,#882));
#1674=EDGE_LOOP('',(#883,#884,#885,#886));
#1675=EDGE_LOOP('',(#887,#888,#889,#890));
#1676=EDGE_LOOP('',(#891,#892,#893));
#1677=EDGE_LOOP('',(#894,#895,#896,#897));
#1678=EDGE_LOOP('',(#898,#899,#900,#901));
#1679=EDGE_LOOP('',(#902,#903,#904,#905));
#1680=EDGE_LOOP('',(#906,#907,#908,#909,#910));
#1681=EDGE_LOOP('',(#911,#912,#913));
#1682=EDGE_LOOP('',(#914,#915,#916));
#1683=EDGE_LOOP('',(#917,#918,#919,#920,#921));
#1684=EDGE_LOOP('',(#922,#923,#924,#925,#926));
#1685=EDGE_LOOP('',(#927,#928,#929,#930));
#1686=EDGE_LOOP('',(#931,#932,#933,#934,#935,#936));
#1687=EDGE_LOOP('',(#937,#938,#939,#940));
#1688=EDGE_LOOP('',(#941,#942,#943,#944));
#1689=FACE_BOUND('',#1498,.T.);
#1690=FACE_BOUND('',#1499,.T.);
#1691=FACE_BOUND('',#1500,.T.);
#1692=FACE_BOUND('',#1501,.T.);
#1693=FACE_BOUND('',#1502,.T.);
#1694=FACE_BOUND('',#1503,.T.);
#1695=FACE_BOUND('',#1504,.T.);
#1696=FACE_BOUND('',#1505,.T.);
#1697=FACE_BOUND('',#1506,.T.);
#1698=FACE_BOUND('',#1507,.T.);
#1699=FACE_BOUND('',#1508,.T.);
#1700=FACE_BOUND('',#1509,.T.);
#1701=FACE_BOUND('',#1510,.T.);
#1702=FACE_BOUND('',#1511,.T.);
#1703=FACE_BOUND('',#1512,.T.);
#1704=FACE_BOUND('',#1513,.T.);
#1705=FACE_BOUND('',#1514,.T.);
#1706=FACE_BOUND('',#1515,.T.);
#1707=FACE_BOUND('',#1516,.T.);
#1708=FACE_BOUND('',#1517,.T.);
#1709=FACE_BOUND('',#1518,.T.);
#1710=FACE_BOUND('',#1519,.T.);
#1711=FACE_BOUND('',#1520,.T.);
#1712=FACE_BOUND('',#1521,.T.);
#1713=FACE_BOUND('',#1522,.T.);
#1714=FACE_BOUND('',#1523,.T.);
#1715=FACE_BOUND('',#1524,.T.);
#1716=FACE_BOUND('',#1525,.T.);
#1717=FACE_BOUND('',#1526,.T.);
#1718=FACE_BOUND('',#1527,.T.);
#1719=FACE_BOUND('',#1528,.T.);
#1720=FACE_BOUND('',#1529,.T.);
#1721=FACE_BOUND('',#1530,.T.);
#1722=FACE_BOUND('',#1531,.T.);
#1723=FACE_BOUND('',#1532,.T.);
#1724=FACE_BOUND('',#1533,.T.);
#1725=FACE_BOUND('',#1534,.T.);
#1726=FACE_BOUND('',#1535,.T.);
#1727=FACE_BOUND('',#1536,.T.);
#1728=FACE_BOUND('',#1537,.T.);
#1729=FACE_BOUND('',#1538,.T.);
#1730=FACE_BOUND('',#1539,.T.);
#1731=FACE_BOUND('',#1540,.T.);
#1732=FACE_BOUND('',#1541,.T.);
#1733=FACE_BOUND('',#1542,.T.);
#1734=FACE_BOUND('',#1543,.T.);
#1735=FACE_BOUND('',#1544,.T.);
#1736=FACE_BOUND('',#1545,.T.);
#1737=FACE_BOUND('',#1546,.T.);
#1738=FACE_BOUND('',#1547,.T.);
#1739=FACE_BOUND('',#1548,.T.);
#1740=FACE_BOUND('',#1549,.T.);
#1741=FACE_BOUND('',#1550,.T.);
#1742=FACE_BOUND('',#1551,.T.);
#1743=FACE_BOUND('',#1552,.T.);
#1744=FACE_BOUND('',#1553,.T.);
#1745=FACE_BOUND('',#1554,.T.);
#1746=FACE_BOUND('',#1555,.T.);
#1747=FACE_BOUND('',#1556,.T.);
#1748=FACE_BOUND('',#1557,.T.);
#1749=FACE_BOUND('',#1558,.T.);
#1750=FACE_BOUND('',#1559,.T.);
#1751=FACE_BOUND('',#1560,.T.);
#1752=FACE_BOUND('',#1561,.T.);
#1753=FACE_BOUND('',#1562,.T.);
#1754=FACE_BOUND('',#1563,.T.);
#1755=FACE_BOUND('',#1564,.T.);
#1756=FACE_BOUND('',#1565,.T.);
#1757=FACE_BOUND('',#1566,.T.);
#1758=FACE_BOUND('',#1567,.T.);
#1759=FACE_BOUND('',#1568,.T.);
#1760=FACE_BOUND('',#1569,.T.);
#1761=FACE_BOUND('',#1570,.T.);
#1762=FACE_BOUND('',#1571,.T.);
#1763=FACE_BOUND('',#1572,.T.);
#1764=FACE_BOUND('',#1573,.T.);
#1765=FACE_BOUND('',#1574,.T.);
#1766=FACE_BOUND('',#1575,.T.);
#1767=FACE_BOUND('',#1576,.T.);
#1768=FACE_BOUND('',#1577,.T.);
#1769=FACE_BOUND('',#1578,.T.);
#1770=FACE_BOUND('',#1579,.T.);
#1771=FACE_BOUND('',#1580,.T.);
#1772=FACE_BOUND('',#1581,.T.);
#1773=FACE_BOUND('',#1582,.T.);
#1774=FACE_BOUND('',#1583,.T.);
#1775=FACE_BOUND('',#1584,.T.);
#1776=FACE_BOUND('',#1585,.T.);
#1777=FACE_BOUND('',#1586,.T.);
#1778=FACE_BOUND('',#1587,.T.);
#1779=FACE_BOUND('',#1588,.T.);
#1780=FACE_BOUND('',#1589,.T.);
#1781=FACE_BOUND('',#1590,.T.);
#1782=FACE_BOUND('',#1591,.T.);
#1783=FACE_BOUND('',#1592,.T.);
#1784=FACE_BOUND('',#1593,.T.);
#1785=FACE_BOUND('',#1594,.T.);
#1786=FACE_BOUND('',#1595,.T.);
#1787=FACE_BOUND('',#1596,.T.);
#1788=FACE_BOUND('',#1597,.T.);
#1789=FACE_BOUND('',#1598,.T.);
#1790=FACE_BOUND('',#1599,.T.);
#1791=FACE_BOUND('',#1600,.T.);
#1792=FACE_BOUND('',#1601,.T.);
#1793=FACE_BOUND('',#1602,.T.);
#1794=FACE_BOUND('',#1603,.T.);
#1795=FACE_BOUND('',#1604,.T.);
#1796=FACE_BOUND('',#1605,.T.);
#1797=FACE_BOUND('',#1606,.T.);
#1798=FACE_BOUND('',#1607,.T.);
#1799=FACE_BOUND('',#1608,.T.);
#1800=FACE_BOUND('',#1609,.T.);
#1801=FACE_BOUND('',#1610,.T.);
#1802=FACE_BOUND('',#1611,.T.);
#1803=FACE_BOUND('',#1612,.T.);
#1804=FACE_BOUND('',#1613,.T.);
#1805=FACE_BOUND('',#1614,.T.);
#1806=FACE_BOUND('',#1615,.T.);
#1807=FACE_BOUND('',#1616,.T.);
#1808=FACE_BOUND('',#1617,.T.);
#1809=FACE_BOUND('',#1618,.T.);
#1810=FACE_BOUND('',#1619,.T.);
#1811=FACE_BOUND('',#1620,.T.);
#1812=FACE_BOUND('',#1621,.T.);
#1813=FACE_BOUND('',#1622,.T.);
#1814=FACE_BOUND('',#1623,.T.);
#1815=FACE_BOUND('',#1624,.T.);
#1816=FACE_BOUND('',#1625,.T.);
#1817=FACE_BOUND('',#1626,.T.);
#1818=FACE_BOUND('',#1627,.T.);
#1819=FACE_BOUND('',#1628,.T.);
#1820=FACE_BOUND('',#1629,.T.);
#1821=FACE_BOUND('',#1630,.T.);
#1822=FACE_BOUND('',#1631,.T.);
#1823=FACE_BOUND('',#1632,.T.);
#1824=FACE_BOUND('',#1633,.T.);
#1825=FACE_BOUND('',#1634,.T.);
#1826=FACE_BOUND('',#1635,.T.);
#1827=FACE_BOUND('',#1636,.T.);
#1828=FACE_BOUND('',#1637,.T.);
#1829=FACE_BOUND('',#1638,.T.);
#1830=FACE_BOUND('',#1639,.T.);
#1831=FACE_BOUND('',#1640,.T.);
#1832=FACE_BOUND('',#1641,.T.);
#1833=FACE_BOUND('',#1642,.T.);
#1834=FACE_BOUND('',#1643,.T.);
#1835=FACE_BOUND('',#1644,.T.);
#1836=FACE_BOUND('',#1645,.T.);
#1837=FACE_BOUND('',#1646,.T.);
#1838=FACE_BOUND('',#12,.T.);
#1839=FACE_BOUND('',#1647,.T.);
#1840=FACE_BOUND('',#1648,.T.);
#1841=FACE_BOUND('',#1649,.T.);
#1842=FACE_BOUND('',#13,.T.);
#1843=FACE_BOUND('',#1650,.T.);
#1844=FACE_BOUND('',#1651,.T.);
#1845=FACE_BOUND('',#1652,.T.);
#1846=FACE_BOUND('',#14,.T.);
#1847=FACE_BOUND('',#1653,.T.);
#1848=FACE_BOUND('',#1654,.T.);
#1849=FACE_BOUND('',#1655,.T.);
#1850=FACE_BOUND('',#15,.T.);
#1851=FACE_BOUND('',#1656,.T.);
#1852=FACE_BOUND('',#1657,.T.);
#1853=FACE_BOUND('',#1658,.T.);
#1854=FACE_BOUND('',#1659,.T.);
#1855=FACE_BOUND('',#1660,.T.);
#1856=FACE_BOUND('',#1661,.T.);
#1857=FACE_BOUND('',#1662,.T.);
#1858=FACE_BOUND('',#1663,.T.);
#1859=FACE_BOUND('',#1664,.T.);
#1860=FACE_BOUND('',#1665,.T.);
#1861=FACE_BOUND('',#1666,.T.);
#1862=FACE_BOUND('',#1667,.T.);
#1863=FACE_BOUND('',#1668,.T.);
#1864=FACE_BOUND('',#1669,.T.);
#1865=FACE_BOUND('',#1670,.T.);
#1866=FACE_BOUND('',#1671,.T.);
#1867=FACE_BOUND('',#1672,.T.);
#1868=FACE_BOUND('',#1673,.T.);
#1869=FACE_BOUND('',#1674,.T.);
#1870=FACE_BOUND('',#1675,.T.);
#1871=FACE_BOUND('',#1676,.T.);
#1872=FACE_BOUND('',#1677,.T.);
#1873=FACE_BOUND('',#1678,.T.);
#1874=FACE_BOUND('',#1679,.T.);
#1875=FACE_BOUND('',#1680,.T.);
#1876=FACE_BOUND('',#1681,.T.);
#1877=FACE_BOUND('',#1682,.T.);
#1878=FACE_BOUND('',#1683,.T.);
#1879=FACE_BOUND('',#1684,.T.);
#1880=FACE_BOUND('',#1685,.T.);
#1881=FACE_BOUND('',#1686,.T.);
#1882=FACE_BOUND('',#1687,.T.);
#1883=FACE_BOUND('',#1688,.T.);
#1884=PLANE('',#2084);
#1885=PLANE('',#2091);
#1886=PLANE('',#2092);
#1887=PLANE('',#2099);
#1888=PLANE('',#2100);
#1889=PLANE('',#2101);
#1890=PLANE('',#2102);
#1891=PLANE('',#2103);
#1892=PLANE('',#2104);
#1893=PLANE('',#2105);
#1894=PLANE('',#2106);
#1895=PLANE('',#2107);
#1896=PLANE('',#2108);
#1897=PLANE('',#2109);
#1898=PLANE('',#2124);
#1899=PLANE('',#2125);
#1900=PLANE('',#2126);
#1901=PLANE('',#2127);
#1902=PLANE('',#2128);
#1903=PLANE('',#2129);
#1904=PLANE('',#2130);
#1905=PLANE('',#2131);
#1906=PLANE('',#2138);
#1907=PLANE('',#2139);
#1908=PLANE('',#2146);
#1909=PLANE('',#2149);
#1910=PLANE('',#2150);
#1911=PLANE('',#2151);
#1912=PLANE('',#2152);
#1913=PLANE('',#2155);
#1914=PLANE('',#2159);
#1915=PLANE('',#2163);
#1916=PLANE('',#2167);
#1917=PLANE('',#2171);
#1918=PLANE('',#2175);
#1919=PLANE('',#2179);
#1920=PLANE('',#2183);
#1921=PLANE('',#2187);
#1922=PLANE('',#2191);
#1923=PLANE('',#2195);
#1924=PLANE('',#2199);
#1925=PLANE('',#2231);
#1926=PLANE('',#2232);
#1927=PLANE('',#2235);
#1928=PLANE('',#2236);
#1929=PLANE('',#2245);
#1930=PLANE('',#2249);
#1931=PLANE('',#2253);
#1932=PLANE('',#2257);
#1933=PLANE('',#2271);
#1934=PLANE('',#2272);
#1935=PLANE('',#2273);
#1936=PLANE('',#2276);
#1937=PLANE('',#2277);
#1938=ADVANCED_FACE('',(#1689),#1884,.T.);
#1939=ADVANCED_FACE('',(#1690),#74,.F.);
#1940=ADVANCED_FACE('',(#1691),#1885,.F.);
#1941=ADVANCED_FACE('',(#1692),#1886,.T.);
#1942=ADVANCED_FACE('',(#1693),#1887,.F.);
#1943=ADVANCED_FACE('',(#1694),#1888,.T.);
#1944=ADVANCED_FACE('',(#1695,#1696),#1889,.F.);
#1945=ADVANCED_FACE('',(#1697),#1890,.F.);
#1946=ADVANCED_FACE('',(#1698),#1891,.T.);
#1947=ADVANCED_FACE('',(#1699),#1892,.T.);
#1948=ADVANCED_FACE('',(#1700),#1893,.T.);
#1949=ADVANCED_FACE('',(#1701),#1894,.T.);
#1950=ADVANCED_FACE('',(#1702),#1895,.T.);
#1951=ADVANCED_FACE('',(#1703),#1896,.T.);
#1952=ADVANCED_FACE('',(#1704,#1705,#1706,#1707,#1708,#1709,#1710,#1711,#1712,#1713,#1714,#1715,#1716,#1717,#1718),#1897,.F.);
#1953=ADVANCED_FACE('',(#1719),#1898,.F.);
#1954=ADVANCED_FACE('',(#1720),#1899,.F.);
#1955=ADVANCED_FACE('',(#1721),#1900,.F.);
#1956=ADVANCED_FACE('',(#1722),#1901,.F.);
#1957=ADVANCED_FACE('',(#1723),#1902,.F.);
#1958=ADVANCED_FACE('',(#1724),#1903,.F.);
#1959=ADVANCED_FACE('',(#1725),#1904,.T.);
#1960=ADVANCED_FACE('',(#1726),#1905,.F.);
#1961=ADVANCED_FACE('',(#1727),#75,.F.);
#1962=ADVANCED_FACE('',(#1728),#1906,.T.);
#1963=ADVANCED_FACE('',(#1729),#1907,.F.);
#1964=ADVANCED_FACE('',(#1730),#1908,.T.);
#1965=ADVANCED_FACE('',(#1731),#1909,.T.);
#1966=ADVANCED_FACE('',(#1732),#1910,.F.);
#1967=ADVANCED_FACE('',(#1733),#1911,.F.);
#1968=ADVANCED_FACE('',(#1734),#1912,.T.);
#1969=ADVANCED_FACE('',(#1735,#1736),#36,.T.);
#1970=ADVANCED_FACE('',(#1737),#1913,.T.);
#1971=ADVANCED_FACE('',(#1738,#1739),#37,.T.);
#1972=ADVANCED_FACE('',(#1740),#1914,.T.);
#1973=ADVANCED_FACE('',(#1741,#1742),#38,.T.);
#1974=ADVANCED_FACE('',(#1743),#1915,.T.);
#1975=ADVANCED_FACE('',(#1744,#1745),#39,.T.);
#1976=ADVANCED_FACE('',(#1746),#1916,.T.);
#1977=ADVANCED_FACE('',(#1747,#1748),#40,.T.);
#1978=ADVANCED_FACE('',(#1749),#1917,.T.);
#1979=ADVANCED_FACE('',(#1750,#1751),#41,.T.);
#1980=ADVANCED_FACE('',(#1752),#1918,.T.);
#1981=ADVANCED_FACE('',(#1753,#1754),#42,.T.);
#1982=ADVANCED_FACE('',(#1755),#1919,.T.);
#1983=ADVANCED_FACE('',(#1756,#1757),#43,.T.);
#1984=ADVANCED_FACE('',(#1758),#1920,.T.);
#1985=ADVANCED_FACE('',(#1759,#1760),#44,.T.);
#1986=ADVANCED_FACE('',(#1761),#1921,.T.);
#1987=ADVANCED_FACE('',(#1762,#1763),#45,.T.);
#1988=ADVANCED_FACE('',(#1764),#1922,.T.);
#1989=ADVANCED_FACE('',(#1765,#1766),#46,.T.);
#1990=ADVANCED_FACE('',(#1767),#1923,.T.);
#1991=ADVANCED_FACE('',(#1768,#1769),#47,.T.);
#1992=ADVANCED_FACE('',(#1770),#1924,.T.);
#1993=ADVANCED_FACE('',(#1771,#1772),#24,.T.);
#1994=ADVANCED_FACE('',(#1773,#1774),#25,.T.);
#1995=ADVANCED_FACE('',(#1775,#1776),#26,.T.);
#1996=ADVANCED_FACE('',(#1777,#1778),#27,.T.);
#1997=ADVANCED_FACE('',(#1779,#1780),#28,.T.);
#1998=ADVANCED_FACE('',(#1781,#1782),#29,.T.);
#1999=ADVANCED_FACE('',(#1783,#1784),#30,.T.);
#2000=ADVANCED_FACE('',(#1785,#1786),#31,.T.);
#2001=ADVANCED_FACE('',(#1787,#1788),#32,.T.);
#2002=ADVANCED_FACE('',(#1789,#1790),#33,.T.);
#2003=ADVANCED_FACE('',(#1791,#1792),#34,.T.);
#2004=ADVANCED_FACE('',(#1793,#1794),#35,.T.);
#2005=ADVANCED_FACE('',(#1795,#1796),#48,.T.);
#2006=ADVANCED_FACE('',(#1797,#1798),#49,.T.);
#2007=ADVANCED_FACE('',(#1799),#22,.T.);
#2008=ADVANCED_FACE('',(#1800),#23,.T.);
#2009=ADVANCED_FACE('',(#1801),#50,.F.);
#2010=ADVANCED_FACE('',(#1802),#51,.F.);
#2011=ADVANCED_FACE('',(#1803),#52,.F.);
#2012=ADVANCED_FACE('',(#1804),#53,.F.);
#2013=ADVANCED_FACE('',(#1805),#54,.T.);
#2014=ADVANCED_FACE('',(#1806),#55,.T.);
#2015=ADVANCED_FACE('',(#1807),#56,.T.);
#2016=ADVANCED_FACE('',(#1808),#57,.T.);
#2017=ADVANCED_FACE('',(#1809),#58,.T.);
#2018=ADVANCED_FACE('',(#1810),#59,.T.);
#2019=ADVANCED_FACE('',(#1811),#60,.T.);
#2020=ADVANCED_FACE('',(#1812),#61,.T.);
#2021=ADVANCED_FACE('',(#1813),#1925,.T.);
#2022=ADVANCED_FACE('',(#1814),#1926,.F.);
#2023=ADVANCED_FACE('',(#1815),#1927,.F.);
#2024=ADVANCED_FACE('',(#1816,#1817,#1818,#1819,#1820,#1821),#1928,.F.);
#2025=ADVANCED_FACE('',(#1822,#1823),#62,.T.);
#2026=ADVANCED_FACE('',(#1824,#1825),#1929,.F.);
#2027=ADVANCED_FACE('',(#1826,#1827),#63,.T.);
#2028=ADVANCED_FACE('',(#1828,#1829),#1930,.F.);
#2029=ADVANCED_FACE('',(#1830,#1831),#64,.T.);
#2030=ADVANCED_FACE('',(#1832,#1833),#1931,.F.);
#2031=ADVANCED_FACE('',(#1834,#1835),#65,.T.);
#2032=ADVANCED_FACE('',(#1836,#1837),#1932,.F.);
#2033=ADVANCED_FACE('',(#1838,#1839),#16,.F.);
#2034=ADVANCED_FACE('',(#1840,#1841),#66,.F.);
#2035=ADVANCED_FACE('',(#1842,#1843),#17,.F.);
#2036=ADVANCED_FACE('',(#1844,#1845),#67,.F.);
#2037=ADVANCED_FACE('',(#1846,#1847),#18,.F.);
#2038=ADVANCED_FACE('',(#1848,#1849),#68,.F.);
#2039=ADVANCED_FACE('',(#1850,#1851),#19,.F.);
#2040=ADVANCED_FACE('',(#1852,#1853),#69,.F.);
#2041=ADVANCED_FACE('',(#1854),#1933,.F.);
#2042=ADVANCED_FACE('',(#1855),#1934,.F.);
#2043=ADVANCED_FACE('',(#1856),#1935,.F.);
#2044=ADVANCED_FACE('',(#1857),#70,.F.);
#2045=ADVANCED_FACE('',(#1858),#71,.F.);
#2046=ADVANCED_FACE('',(#1859),#1936,.F.);
#2047=ADVANCED_FACE('',(#1860),#76,.T.);
#2048=ADVANCED_FACE('',(#1861),#77,.F.);
#2049=ADVANCED_FACE('',(#1862),#78,.F.);
#2050=ADVANCED_FACE('',(#1863),#79,.T.);
#2051=ADVANCED_FACE('',(#1864),#80,.T.);
#2052=ADVANCED_FACE('',(#1865),#81,.F.);
#2053=ADVANCED_FACE('',(#1866),#82,.T.);
#2054=ADVANCED_FACE('',(#1867),#83,.T.);
#2055=ADVANCED_FACE('',(#1868),#84,.T.);
#2056=ADVANCED_FACE('',(#1869),#85,.F.);
#2057=ADVANCED_FACE('',(#1870),#86,.F.);
#2058=ADVANCED_FACE('',(#1871),#1937,.F.);
#2059=ADVANCED_FACE('',(#1872),#87,.T.);
#2060=ADVANCED_FACE('',(#1873),#88,.T.);
#2061=ADVANCED_FACE('',(#1874),#89,.T.);
#2062=ADVANCED_FACE('',(#1875),#90,.F.);
#2063=ADVANCED_FACE('',(#1876),#91,.T.);
#2064=ADVANCED_FACE('',(#1877),#92,.F.);
#2065=ADVANCED_FACE('',(#1878),#93,.F.);
#2066=ADVANCED_FACE('',(#1879),#94,.F.);
#2067=ADVANCED_FACE('',(#1880),#95,.F.);
#2068=ADVANCED_FACE('',(#1881),#96,.F.);
#2069=ADVANCED_FACE('',(#1882),#72,.F.);
#2070=ADVANCED_FACE('',(#1883),#73,.F.);
#2071=CLOSED_SHELL('',(#1938,#1939,#1940,#1941,#1942,#1943,#1944,#1945,#1946,#1947,#1948,#1949,#1950,#1951,#1952,#1953,#1954,#1955,#1956,#1957,#1958,#1959,#1960,#1961,#1962,#1963,#1964,#1965,#1966,#1967,#1968,#1969,#1970,#1971,#1972,#1973,#1974,#1975,#1976,#1977,#1978,#1979,#1980,#1981,#1982,#1983,#1984,#1985,#1986,#1987,#1988,#1989,#1990,#1991,#1992,#1993,#1994,#1995,#1996,#1997,#1998,#1999,#2000,#2001,#2002,#2003,#2004,#2005,#2006,#2007,#2008,#2009,#2010,#2011,#2012,#2013,#2014,#2015,#2016,#2017,#2018,#2019,#2020,#2021,#2022,#2023,#2024,#2025,#2026,#2027,#2028,#2029,#2030,#2031,#2032,#2033,#2034,#2035,#2036,#2037,#2038,#2039,#2040,#2041,#2042,#2043,#2044,#2045,#2046,#2047,#2048,#2049,#2050,#2051,#2052,#2053,#2054,#2055,#2056,#2057,#2058,#2059,#2060,#2061,#2062,#2063,#2064,#2065,#2066,#2067,#2068,#2069,#2070));
#2072=STYLED_ITEM('',(#2073),#2080);
#2073=PRESENTATION_STYLE_ASSIGNMENT((#2074));
#2074=SURFACE_STYLE_USAGE(.BOTH.,#2075);
#2075=SURFACE_SIDE_STYLE('',(#2076));
#2076=SURFACE_STYLE_FILL_AREA(#2077);
#2077=FILL_AREA_STYLE('',(#2078));
#2078=FILL_AREA_STYLE_COLOUR('',#2079);
#2079=COLOUR_RGB('',0.250980392156863,0.250980392156863,0.250980392156863);
#2080=MANIFOLD_SOLID_BREP('arcade',#2071);
#2081=SHAPE_DEFINITION_REPRESENTATION(#4505,#2082);
#2082=SHAPE_REPRESENTATION('arcade',(#2083),#4500);
#2083=AXIS2_PLACEMENT_3D('',#2783,#2280,#2281);
#2084=AXIS2_PLACEMENT_3D('',#2784,#2282,#2283);
#2085=AXIS2_PLACEMENT_3D('',#2803,#2285,#2286);
#2086=AXIS2_PLACEMENT_3D('',#2807,#2288,#2289);
#2087=AXIS2_PLACEMENT_3D('',#2809,#2290,#2291);
#2088=AXIS2_PLACEMENT_3D('',#2813,#2293,#2294);
#2089=AXIS2_PLACEMENT_3D('',#2817,#2296,#2297);
#2090=AXIS2_PLACEMENT_3D('',#2821,#2299,#2300);
#2091=AXIS2_PLACEMENT_3D('',#2862,#2304,#2305);
#2092=AXIS2_PLACEMENT_3D('',#2873,#2309,#2310);
#2093=AXIS2_PLACEMENT_3D('',#2879,#2311,#2312);
#2094=AXIS2_PLACEMENT_3D('',#2883,#2314,#2315);
#2095=AXIS2_PLACEMENT_3D('',#2885,#2316,#2317);
#2096=AXIS2_PLACEMENT_3D('',#2889,#2319,#2320);
#2097=AXIS2_PLACEMENT_3D('',#2893,#2322,#2323);
#2098=AXIS2_PLACEMENT_3D('',#2897,#2325,#2326);
#2099=AXIS2_PLACEMENT_3D('',#2916,#2336,#2337);
#2100=AXIS2_PLACEMENT_3D('',#2942,#2340,#2341);
#2101=AXIS2_PLACEMENT_3D('',#2995,#2345,#2346);
#2102=AXIS2_PLACEMENT_3D('',#3009,#2354,#2355);
#2103=AXIS2_PLACEMENT_3D('',#3015,#2359,#2360);
#2104=AXIS2_PLACEMENT_3D('',#3021,#2364,#2365);
#2105=AXIS2_PLACEMENT_3D('',#3027,#2369,#2370);
#2106=AXIS2_PLACEMENT_3D('',#3033,#2374,#2375);
#2107=AXIS2_PLACEMENT_3D('',#3039,#2379,#2380);
#2108=AXIS2_PLACEMENT_3D('',#3045,#2384,#2385);
#2109=AXIS2_PLACEMENT_3D('',#3049,#2388,#2389);
#2110=AXIS2_PLACEMENT_3D('',#3050,#2390,#2391);
#2111=AXIS2_PLACEMENT_3D('',#3052,#2392,#2393);
#2112=AXIS2_PLACEMENT_3D('',#3054,#2394,#2395);
#2113=AXIS2_PLACEMENT_3D('',#3056,#2396,#2397);
#2114=AXIS2_PLACEMENT_3D('',#3058,#2398,#2399);
#2115=AXIS2_PLACEMENT_3D('',#3060,#2400,#2401);
#2116=AXIS2_PLACEMENT_3D('',#3062,#2402,#2403);
#2117=AXIS2_PLACEMENT_3D('',#3064,#2404,#2405);
#2118=AXIS2_PLACEMENT_3D('',#3066,#2406,#2407);
#2119=AXIS2_PLACEMENT_3D('',#3068,#2408,#2409);
#2120=AXIS2_PLACEMENT_3D('',#3070,#2410,#2411);
#2121=AXIS2_PLACEMENT_3D('',#3072,#2412,#2413);
#2122=AXIS2_PLACEMENT_3D('',#3074,#2414,#2415);
#2123=AXIS2_PLACEMENT_3D('',#3076,#2416,#2417);
#2124=AXIS2_PLACEMENT_3D('',#3079,#2419,#2420);
#2125=AXIS2_PLACEMENT_3D('',#3083,#2423,#2424);
#2126=AXIS2_PLACEMENT_3D('',#3085,#2426,#2427);
#2127=AXIS2_PLACEMENT_3D('',#3091,#2431,#2432);
#2128=AXIS2_PLACEMENT_3D('',#3097,#2436,#2437);
#2129=AXIS2_PLACEMENT_3D('',#3103,#2441,#2442);
#2130=AXIS2_PLACEMENT_3D('',#3109,#2446,#2447);
#2131=AXIS2_PLACEMENT_3D('',#3115,#2451,#2452);
#2132=AXIS2_PLACEMENT_3D('',#3144,#2454,#2455);
#2133=AXIS2_PLACEMENT_3D('',#3145,#2456,#2457);
#2134=AXIS2_PLACEMENT_3D('',#3146,#2458,#2459);
#2135=AXIS2_PLACEMENT_3D('',#3147,#2460,#2461);
#2136=AXIS2_PLACEMENT_3D('',#3149,#2462,#2463);
#2137=AXIS2_PLACEMENT_3D('',#3150,#2464,#2465);
#2138=AXIS2_PLACEMENT_3D('',#3165,#2467,#2468);
#2139=AXIS2_PLACEMENT_3D('',#3174,#2471,#2472);
#2140=AXIS2_PLACEMENT_3D('',#3180,#2474,#2475);
#2141=AXIS2_PLACEMENT_3D('',#3181,#2476,#2477);
#2142=AXIS2_PLACEMENT_3D('',#3182,#2478,#2479);
#2143=AXIS2_PLACEMENT_3D('',#3183,#2480,#2481);
#2144=AXIS2_PLACEMENT_3D('',#3185,#2482,#2483);
#2145=AXIS2_PLACEMENT_3D('',#3186,#2484,#2485);
#2146=AXIS2_PLACEMENT_3D('',#3187,#2486,#2487);
#2147=AXIS2_PLACEMENT_3D('',#3229,#2489,#2490);
#2148=AXIS2_PLACEMENT_3D('',#3233,#2492,#2493);
#2149=AXIS2_PLACEMENT_3D('',#3246,#2495,#2496);
#2150=AXIS2_PLACEMENT_3D('',#3252,#2500,#2501);
#2151=AXIS2_PLACEMENT_3D('',#3256,#2504,#2505);
#2152=AXIS2_PLACEMENT_3D('',#3260,#2508,#2509);
#2153=AXIS2_PLACEMENT_3D('',#3262,#2511,#2512);
#2154=AXIS2_PLACEMENT_3D('',#3263,#2513,#2514);
#2155=AXIS2_PLACEMENT_3D('',#3265,#2515,#2516);
#2156=AXIS2_PLACEMENT_3D('',#3266,#2517,#2518);
#2157=AXIS2_PLACEMENT_3D('',#3268,#2519,#2520);
#2158=AXIS2_PLACEMENT_3D('',#3269,#2521,#2522);
#2159=AXIS2_PLACEMENT_3D('',#3271,#2523,#2524);
#2160=AXIS2_PLACEMENT_3D('',#3272,#2525,#2526);
#2161=AXIS2_PLACEMENT_3D('',#3274,#2527,#2528);
#2162=AXIS2_PLACEMENT_3D('',#3275,#2529,#2530);
#2163=AXIS2_PLACEMENT_3D('',#3277,#2531,#2532);
#2164=AXIS2_PLACEMENT_3D('',#3278,#2533,#2534);
#2165=AXIS2_PLACEMENT_3D('',#3280,#2535,#2536);
#2166=AXIS2_PLACEMENT_3D('',#3281,#2537,#2538);
#2167=AXIS2_PLACEMENT_3D('',#3283,#2539,#2540);
#2168=AXIS2_PLACEMENT_3D('',#3284,#2541,#2542);
#2169=AXIS2_PLACEMENT_3D('',#3286,#2543,#2544);
#2170=AXIS2_PLACEMENT_3D('',#3287,#2545,#2546);
#2171=AXIS2_PLACEMENT_3D('',#3289,#2547,#2548);
#2172=AXIS2_PLACEMENT_3D('',#3290,#2549,#2550);
#2173=AXIS2_PLACEMENT_3D('',#3292,#2551,#2552);
#2174=AXIS2_PLACEMENT_3D('',#3293,#2553,#2554);
#2175=AXIS2_PLACEMENT_3D('',#3295,#2555,#2556);
#2176=AXIS2_PLACEMENT_3D('',#3296,#2557,#2558);
#2177=AXIS2_PLACEMENT_3D('',#3298,#2559,#2560);
#2178=AXIS2_PLACEMENT_3D('',#3299,#2561,#2562);
#2179=AXIS2_PLACEMENT_3D('',#3301,#2563,#2564);
#2180=AXIS2_PLACEMENT_3D('',#3302,#2565,#2566);
#2181=AXIS2_PLACEMENT_3D('',#3304,#2567,#2568);
#2182=AXIS2_PLACEMENT_3D('',#3305,#2569,#2570);
#2183=AXIS2_PLACEMENT_3D('',#3307,#2571,#2572);
#2184=AXIS2_PLACEMENT_3D('',#3308,#2573,#2574);
#2185=AXIS2_PLACEMENT_3D('',#3310,#2575,#2576);
#2186=AXIS2_PLACEMENT_3D('',#3311,#2577,#2578);
#2187=AXIS2_PLACEMENT_3D('',#3313,#2579,#2580);
#2188=AXIS2_PLACEMENT_3D('',#3314,#2581,#2582);
#2189=AXIS2_PLACEMENT_3D('',#3316,#2583,#2584);
#2190=AXIS2_PLACEMENT_3D('',#3317,#2585,#2586);
#2191=AXIS2_PLACEMENT_3D('',#3319,#2587,#2588);
#2192=AXIS2_PLACEMENT_3D('',#3320,#2589,#2590);
#2193=AXIS2_PLACEMENT_3D('',#3322,#2591,#2592);
#2194=AXIS2_PLACEMENT_3D('',#3323,#2593,#2594);
#2195=AXIS2_PLACEMENT_3D('',#3325,#2595,#2596);
#2196=AXIS2_PLACEMENT_3D('',#3326,#2597,#2598);
#2197=AXIS2_PLACEMENT_3D('',#3328,#2599,#2600);
#2198=AXIS2_PLACEMENT_3D('',#3329,#2601,#2602);
#2199=AXIS2_PLACEMENT_3D('',#3331,#2603,#2604);
#2200=AXIS2_PLACEMENT_3D('',#3332,#2605,#2606);
#2201=AXIS2_PLACEMENT_3D('',#3334,#2607,#2608);
#2202=AXIS2_PLACEMENT_3D('',#3335,#2609,#2610);
#2203=AXIS2_PLACEMENT_3D('',#3336,#2611,#2612);
#2204=AXIS2_PLACEMENT_3D('',#3337,#2613,#2614);
#2205=AXIS2_PLACEMENT_3D('',#3338,#2615,#2616);
#2206=AXIS2_PLACEMENT_3D('',#3339,#2617,#2618);
#2207=AXIS2_PLACEMENT_3D('',#3340,#2619,#2620);
#2208=AXIS2_PLACEMENT_3D('',#3341,#2621,#2622);
#2209=AXIS2_PLACEMENT_3D('',#3342,#2623,#2624);
#2210=AXIS2_PLACEMENT_3D('',#3343,#2625,#2626);
#2211=AXIS2_PLACEMENT_3D('',#3344,#2627,#2628);
#2212=AXIS2_PLACEMENT_3D('',#3345,#2629,#2630);
#2213=AXIS2_PLACEMENT_3D('',#3346,#2631,#2632);
#2214=AXIS2_PLACEMENT_3D('',#3347,#2633,#2634);
#2215=AXIS2_PLACEMENT_3D('',#3349,#2635,#2636);
#2216=AXIS2_PLACEMENT_3D('',#3350,#2637,#2638);
#2217=AXIS2_PLACEMENT_3D('',#3352,#2639,#2640);
#2218=AXIS2_PLACEMENT_3D('',#3353,#2641,#2642);
#2219=AXIS2_PLACEMENT_3D('',#3354,#2643,#2644);
#2220=AXIS2_PLACEMENT_3D('',#3356,#2646,#2647);
#2221=AXIS2_PLACEMENT_3D('',#3358,#2649,#2650);
#2222=AXIS2_PLACEMENT_3D('',#3359,#2651,#2652);
#2223=AXIS2_PLACEMENT_3D('',#3360,#2653,#2654);
#2224=AXIS2_PLACEMENT_3D('',#3361,#2655,#2656);
#2225=AXIS2_PLACEMENT_3D('',#3362,#2657,#2658);
#2226=AXIS2_PLACEMENT_3D('',#3363,#2659,#2660);
#2227=AXIS2_PLACEMENT_3D('',#3364,#2661,#2662);
#2228=AXIS2_PLACEMENT_3D('',#3365,#2663,#2664);
#2229=AXIS2_PLACEMENT_3D('',#3366,#2665,#2666);
#2230=AXIS2_PLACEMENT_3D('',#3367,#2667,#2668);
#2231=AXIS2_PLACEMENT_3D('',#3368,#2669,#2670);
#2232=AXIS2_PLACEMENT_3D('',#3393,#2675,#2676);
#2233=AXIS2_PLACEMENT_3D('',#3397,#2678,#2679);
#2234=AXIS2_PLACEMENT_3D('',#3401,#2681,#2682);
#2235=AXIS2_PLACEMENT_3D('',#3430,#2686,#2687);
#2236=AXIS2_PLACEMENT_3D('',#3451,#2691,#2692);
#2237=AXIS2_PLACEMENT_3D('',#3452,#2693,#2694);
#2238=AXIS2_PLACEMENT_3D('',#3454,#2695,#2696);
#2239=AXIS2_PLACEMENT_3D('',#3456,#2697,#2698);
#2240=AXIS2_PLACEMENT_3D('',#3458,#2699,#2700);
#2241=AXIS2_PLACEMENT_3D('',#3460,#2701,#2702);
#2242=AXIS2_PLACEMENT_3D('',#3461,#2703,#2704);
#2243=AXIS2_PLACEMENT_3D('',#3462,#2705,#2706);
#2244=AXIS2_PLACEMENT_3D('',#3463,#2707,#2708);
#2245=AXIS2_PLACEMENT_3D('',#3465,#2709,#2710);
#2246=AXIS2_PLACEMENT_3D('',#3466,#2711,#2712);
#2247=AXIS2_PLACEMENT_3D('',#3468,#2713,#2714);
#2248=AXIS2_PLACEMENT_3D('',#3469,#2715,#2716);
#2249=AXIS2_PLACEMENT_3D('',#3471,#2717,#2718);
#2250=AXIS2_PLACEMENT_3D('',#3472,#2719,#2720);
#2251=AXIS2_PLACEMENT_3D('',#3474,#2721,#2722);
#2252=AXIS2_PLACEMENT_3D('',#3475,#2723,#2724);
#2253=AXIS2_PLACEMENT_3D('',#3477,#2725,#2726);
#2254=AXIS2_PLACEMENT_3D('',#3478,#2727,#2728);
#2255=AXIS2_PLACEMENT_3D('',#3480,#2729,#2730);
#2256=AXIS2_PLACEMENT_3D('',#3481,#2731,#2732);
#2257=AXIS2_PLACEMENT_3D('',#3483,#2733,#2734);
#2258=AXIS2_PLACEMENT_3D('',#3484,#2735,#2736);
#2259=AXIS2_PLACEMENT_3D('',#3486,#2737,#2738);
#2260=AXIS2_PLACEMENT_3D('',#3488,#2739,#2740);
#2261=AXIS2_PLACEMENT_3D('',#3490,#2741,#2742);
#2262=AXIS2_PLACEMENT_3D('',#3491,#2743,#2744);
#2263=AXIS2_PLACEMENT_3D('',#3493,#2745,#2746);
#2264=AXIS2_PLACEMENT_3D('',#3495,#2747,#2748);
#2265=AXIS2_PLACEMENT_3D('',#3496,#2749,#2750);
#2266=AXIS2_PLACEMENT_3D('',#3498,#2751,#2752);
#2267=AXIS2_PLACEMENT_3D('',#3500,#2753,#2754);
#2268=AXIS2_PLACEMENT_3D('',#3501,#2755,#2756);
#2269=AXIS2_PLACEMENT_3D('',#3503,#2757,#2758);
#2270=AXIS2_PLACEMENT_3D('',#3505,#2759,#2760);
#2271=AXIS2_PLACEMENT_3D('',#3506,#2761,#2762);
#2272=AXIS2_PLACEMENT_3D('',#3509,#2765,#2766);
#2273=AXIS2_PLACEMENT_3D('',#3527,#2768,#2769);
#2274=AXIS2_PLACEMENT_3D('',#3542,#2771,#2772);
#2275=AXIS2_PLACEMENT_3D('',#3543,#2773,#2774);
#2276=AXIS2_PLACEMENT_3D('',#3544,#2775,#2776);
#2277=AXIS2_PLACEMENT_3D('',#4238,#2777,#2778);
#2278=AXIS2_PLACEMENT_3D('',#4497,#2779,#2780);
#2279=AXIS2_PLACEMENT_3D('',#4498,#2781,#2782);
#2280=DIRECTION('',(0.,0.,1.));
#2281=DIRECTION('',(1.,0.,0.));
#2282=DIRECTION('',(1.,0.,0.));
#2283=DIRECTION('',(0.,1.,0.));
#2284=DIRECTION('',(0.,0.158265244936477,0.987396633701572));
#2285=DIRECTION('',(1.,0.,0.));
#2286=DIRECTION('',(0.,0.,-1.));
#2287=DIRECTION('',(0.,-0.987396633701572,0.158265244936477));
#2288=DIRECTION('',(1.,0.,0.));
#2289=DIRECTION('',(0.,0.,-1.));
#2290=DIRECTION('',(1.,0.,0.));
#2291=DIRECTION('',(0.,0.,-1.));
#2292=DIRECTION('',(0.,0.986370408376114,-0.164540017867807));
#2293=DIRECTION('',(1.,0.,0.));
#2294=DIRECTION('',(0.,0.,-1.));
#2295=DIRECTION('',(0.,0.,-1.));
#2296=DIRECTION('',(1.,0.,0.));
#2297=DIRECTION('',(0.,0.,-1.));
#2298=DIRECTION('',(0.,1.,1.07955255127095E-15));
#2299=DIRECTION('',(1.,0.,0.));
#2300=DIRECTION('',(0.,0.,-1.));
#2301=DIRECTION('',(0.,0.690886360288575,0.722963371940242));
#2302=DIRECTION('',(0.,-2.98326877888471E-16,1.));
#2303=DIRECTION('',(1.,0.,0.));
#2304=DIRECTION('',(0.,-0.987396633701572,0.158265244936477));
#2305=DIRECTION('',(0.,-0.158265244936477,-0.987396633701572));
#2306=DIRECTION('',(0.,0.158265244936477,0.987396633701572));
#2307=DIRECTION('',(-1.,0.,0.));
#2308=DIRECTION('',(0.,0.158265244936477,0.987396633701572));
#2309=DIRECTION('',(1.,0.,0.));
#2310=DIRECTION('',(0.,1.,0.));
#2311=DIRECTION('',(1.,0.,0.));
#2312=DIRECTION('',(0.,0.,-1.));
#2313=DIRECTION('',(0.,-0.987396633701572,0.158265244936477));
#2314=DIRECTION('',(1.,0.,0.));
#2315=DIRECTION('',(0.,0.,-1.));
#2316=DIRECTION('',(1.,0.,0.));
#2317=DIRECTION('',(0.,0.,-1.));
#2318=DIRECTION('',(0.,0.986370408376114,-0.164540017867807));
#2319=DIRECTION('',(1.,0.,0.));
#2320=DIRECTION('',(0.,0.,-1.));
#2321=DIRECTION('',(0.,0.,-1.));
#2322=DIRECTION('',(1.,0.,0.));
#2323=DIRECTION('',(0.,0.,-1.));
#2324=DIRECTION('',(0.,1.,1.07955255127095E-15));
#2325=DIRECTION('',(1.,0.,0.));
#2326=DIRECTION('',(0.,0.,-1.));
#2327=DIRECTION('',(0.,0.690886360288575,0.722963371940242));
#2328=DIRECTION('',(0.,-2.98326877888471E-16,1.));
#2329=DIRECTION('',(0.,0.690886360288575,0.722963371940242));
#2330=DIRECTION('',(0.,1.,6.93889390390723E-16));
#2331=DIRECTION('',(0.,0.,1.));
#2332=DIRECTION('',(0.,-0.986370408376114,0.164540017867807));
#2333=DIRECTION('',(0.,-0.771036287944019,-0.636791208068632));
#2334=DIRECTION('',(0.,-0.987396633701572,0.158265244936478));
#2335=DIRECTION('',(0.,0.158265244936478,0.987396633701572));
#2336=DIRECTION('',(0.,-0.987396633701572,0.158265244936478));
#2337=DIRECTION('',(0.,-0.158265244936478,-0.987396633701572));
#2338=DIRECTION('',(1.,0.,0.));
#2339=DIRECTION('',(0.,0.158265244936478,0.987396633701572));
#2340=DIRECTION('',(0.,-0.986370408376114,0.164540017867807));
#2341=DIRECTION('',(0.,-0.164540017867807,-0.986370408376114));
#2342=DIRECTION('',(0.,0.164540017867807,0.986370408376114));
#2343=DIRECTION('',(1.,0.,0.));
#2344=DIRECTION('',(0.,0.164540017867807,0.986370408376114));
#2345=DIRECTION('',(0.,-0.164540017867807,-0.986370408376114));
#2346=DIRECTION('',(0.,0.986370408376114,-0.164540017867807));
#2347=DIRECTION('',(0.,-0.986370408376114,0.164540017867807));
#2348=DIRECTION('',(1.,0.,0.));
#2349=DIRECTION('',(1.,0.,0.));
#2350=DIRECTION('',(1.,0.,0.));
#2351=DIRECTION('',(0.,-0.986370408376114,0.164540017867807));
#2352=DIRECTION('',(1.,0.,0.));
#2353=DIRECTION('',(0.,-0.986370408376114,0.164540017867807));
#2354=DIRECTION('',(0.,-0.158265244936477,-0.987396633701572));
#2355=DIRECTION('',(0.,0.987396633701572,-0.158265244936477));
#2356=DIRECTION('',(0.,-0.987396633701572,0.158265244936477));
#2357=DIRECTION('',(1.,0.,0.));
#2358=DIRECTION('',(-1.,0.,0.));
#2359=DIRECTION('',(0.,0.164540017867807,0.986370408376114));
#2360=DIRECTION('',(0.,-0.986370408376114,0.164540017867807));
#2361=DIRECTION('',(0.,0.986370408376114,-0.164540017867807));
#2362=DIRECTION('',(-1.,0.,0.));
#2363=DIRECTION('',(-1.,0.,0.));
#2364=DIRECTION('',(0.,1.,0.));
#2365=DIRECTION('',(0.,0.,1.));
#2366=DIRECTION('',(0.,0.,-1.));
#2367=DIRECTION('',(-1.,0.,0.));
#2368=DIRECTION('',(-1.,0.,0.));
#2369=DIRECTION('',(0.,-1.07955255127095E-15,1.));
#2370=DIRECTION('',(0.,-1.,-1.07955255127095E-15));
#2371=DIRECTION('',(0.,1.,1.07955255127095E-15));
#2372=DIRECTION('',(-1.,0.,0.));
#2373=DIRECTION('',(-1.,0.,0.));
#2374=DIRECTION('',(0.,-0.722963371940242,0.690886360288575));
#2375=DIRECTION('',(0.,-0.690886360288575,-0.722963371940242));
#2376=DIRECTION('',(-1.,0.,0.));
#2377=DIRECTION('',(0.,0.690886360288575,0.722963371940242));
#2378=DIRECTION('',(-1.,0.,0.));
#2379=DIRECTION('',(0.,-0.722963371940242,0.690886360288575));
#2380=DIRECTION('',(0.,-0.690886360288575,-0.722963371940242));
#2381=DIRECTION('',(1.,0.,0.));
#2382=DIRECTION('',(0.,0.690886360288575,0.722963371940242));
#2383=DIRECTION('',(1.,0.,0.));
#2384=DIRECTION('',(0.,-6.93889390390723E-16,1.));
#2385=DIRECTION('',(0.,-1.,-6.93889390390723E-16));
#2386=DIRECTION('',(0.,1.,6.93889390390723E-16));
#2387=DIRECTION('',(1.,0.,0.));
#2388=DIRECTION('',(0.,-1.,0.));
#2389=DIRECTION('',(0.,0.,-1.));
#2390=DIRECTION('',(0.,-1.,0.));
#2391=DIRECTION('',(0.,0.,-1.));
#2392=DIRECTION('',(0.,-1.,0.));
#2393=DIRECTION('',(0.,0.,-1.));
#2394=DIRECTION('',(0.,-1.,0.));
#2395=DIRECTION('',(0.,0.,-1.));
#2396=DIRECTION('',(0.,-1.,0.));
#2397=DIRECTION('',(0.,0.,-1.));
#2398=DIRECTION('',(0.,-1.,0.));
#2399=DIRECTION('',(0.,0.,-1.));
#2400=DIRECTION('',(0.,-1.,0.));
#2401=DIRECTION('',(0.,0.,-1.));
#2402=DIRECTION('',(0.,-1.,0.));
#2403=DIRECTION('',(0.,0.,-1.));
#2404=DIRECTION('',(0.,-1.,0.));
#2405=DIRECTION('',(0.,0.,-1.));
#2406=DIRECTION('',(0.,-1.,0.));
#2407=DIRECTION('',(0.,0.,-1.));
#2408=DIRECTION('',(0.,-1.,0.));
#2409=DIRECTION('',(0.,0.,-1.));
#2410=DIRECTION('',(0.,-1.,0.));
#2411=DIRECTION('',(0.,0.,-1.));
#2412=DIRECTION('',(0.,-1.,0.));
#2413=DIRECTION('',(0.,0.,-1.));
#2414=DIRECTION('',(0.,-1.,0.));
#2415=DIRECTION('',(0.,0.,-1.));
#2416=DIRECTION('',(0.,-1.,0.));
#2417=DIRECTION('',(0.,0.,-1.));
#2418=DIRECTION('',(0.,0.,1.));
#2419=DIRECTION('',(0.,0.636791208068632,-0.771036287944019));
#2420=DIRECTION('',(0.,0.771036287944019,0.636791208068632));
#2421=DIRECTION('',(0.,-0.771036287944019,-0.636791208068632));
#2422=DIRECTION('',(1.,0.,0.));
#2423=DIRECTION('',(0.,-0.158265244936478,-0.987396633701572));
#2424=DIRECTION('',(0.,0.987396633701572,-0.158265244936478));
#2425=DIRECTION('',(0.,-0.987396633701572,0.158265244936478));
#2426=DIRECTION('',(0.,0.722963371940242,-0.690886360288575));
#2427=DIRECTION('',(0.,0.690886360288575,0.722963371940242));
#2428=DIRECTION('',(1.,0.,0.));
#2429=DIRECTION('',(0.,0.690886360288575,0.722963371940242));
#2430=DIRECTION('',(1.,0.,0.));
#2431=DIRECTION('',(0.,1.07955255127095E-15,-1.));
#2432=DIRECTION('',(0.,1.,1.07955255127095E-15));
#2433=DIRECTION('',(0.,1.,1.07955255127095E-15));
#2434=DIRECTION('',(1.,0.,0.));
#2435=DIRECTION('',(1.,0.,0.));
#2436=DIRECTION('',(0.,-1.,0.));
#2437=DIRECTION('',(0.,0.,-1.));
#2438=DIRECTION('',(0.,0.,-1.));
#2439=DIRECTION('',(1.,0.,0.));
#2440=DIRECTION('',(1.,0.,0.));
#2441=DIRECTION('',(0.,-0.164540017867807,-0.986370408376114));
#2442=DIRECTION('',(0.,0.986370408376114,-0.164540017867807));
#2443=DIRECTION('',(0.,0.986370408376114,-0.164540017867807));
#2444=DIRECTION('',(1.,0.,0.));
#2445=DIRECTION('',(1.,0.,0.));
#2446=DIRECTION('',(0.,0.158265244936477,0.987396633701572));
#2447=DIRECTION('',(0.,-0.987396633701572,0.158265244936477));
#2448=DIRECTION('',(0.,-0.987396633701572,0.158265244936477));
#2449=DIRECTION('',(1.,0.,0.));
#2450=DIRECTION('',(1.,0.,0.));
#2451=DIRECTION('',(1.,0.,0.));
#2452=DIRECTION('',(0.,1.,0.));
#2453=DIRECTION('',(0.,-2.98326877888471E-16,1.));
#2454=DIRECTION('',(1.,0.,0.));
#2455=DIRECTION('',(0.,0.,-1.));
#2456=DIRECTION('',(1.,0.,0.));
#2457=DIRECTION('',(0.,0.,-1.));
#2458=DIRECTION('',(1.,0.,0.));
#2459=DIRECTION('',(0.,0.,-1.));
#2460=DIRECTION('',(1.,0.,0.));
#2461=DIRECTION('',(0.,0.,-1.));
#2462=DIRECTION('',(1.,0.,0.));
#2463=DIRECTION('',(0.,0.,-1.));
#2464=DIRECTION('',(1.,0.,0.));
#2465=DIRECTION('',(0.,0.,-1.));
#2466=DIRECTION('',(1.,0.,0.));
#2467=DIRECTION('',(0.,0.987396633701572,-0.158265244936477));
#2468=DIRECTION('',(0.,0.158265244936477,0.987396633701572));
#2469=DIRECTION('',(0.,0.158265244936477,0.987396633701572));
#2470=DIRECTION('',(1.,0.,0.));
#2471=DIRECTION('',(1.,0.,0.));
#2472=DIRECTION('',(0.,1.,0.));
#2473=DIRECTION('',(0.,-2.98326877888471E-16,1.));
#2474=DIRECTION('',(1.,0.,0.));
#2475=DIRECTION('',(0.,0.,-1.));
#2476=DIRECTION('',(1.,0.,0.));
#2477=DIRECTION('',(0.,0.,-1.));
#2478=DIRECTION('',(1.,0.,0.));
#2479=DIRECTION('',(0.,0.,-1.));
#2480=DIRECTION('',(1.,0.,0.));
#2481=DIRECTION('',(0.,0.,-1.));
#2482=DIRECTION('',(1.,0.,0.));
#2483=DIRECTION('',(0.,0.,-1.));
#2484=DIRECTION('',(1.,0.,0.));
#2485=DIRECTION('',(0.,0.,-1.));
#2486=DIRECTION('',(0.,-1.,0.));
#2487=DIRECTION('',(0.,0.,-1.));
#2488=DIRECTION('',(0.,0.,-1.));
#2489=DIRECTION('',(0.,-1.,0.));
#2490=DIRECTION('',(0.,0.,-1.));
#2491=DIRECTION('',(-1.,0.,0.));
#2492=DIRECTION('',(0.,-1.,0.));
#2493=DIRECTION('',(0.,0.,-1.));
#2494=DIRECTION('',(0.,0.,1.));
#2495=DIRECTION('',(0.,-0.986370408376114,0.164540017867807));
#2496=DIRECTION('',(0.,-0.164540017867807,-0.986370408376114));
#2497=DIRECTION('',(-1.,0.,0.));
#2498=DIRECTION('',(0.,0.164540017867807,0.986370408376114));
#2499=DIRECTION('',(0.,0.164540017867807,0.986370408376114));
#2500=DIRECTION('',(-1.,0.,0.));
#2501=DIRECTION('',(0.,0.,1.));
#2502=DIRECTION('',(0.,0.164540017867807,0.986370408376114));
#2503=DIRECTION('',(0.,0.986370408376114,-0.164540017867807));
#2504=DIRECTION('',(0.,-0.986370408376114,0.164540017867807));
#2505=DIRECTION('',(0.,-0.164540017867807,-0.986370408376114));
#2506=DIRECTION('',(0.,0.164540017867807,0.986370408376114));
#2507=DIRECTION('',(-1.,0.,0.));
#2508=DIRECTION('',(-1.,0.,0.));
#2509=DIRECTION('',(0.,0.,1.));
#2510=DIRECTION('',(0.,0.986370408376114,-0.164540017867807));
#2511=DIRECTION('',(0.,-1.,0.));
#2512=DIRECTION('',(0.,0.,-1.));
#2513=DIRECTION('',(0.,1.,0.));
#2514=DIRECTION('',(0.,0.,1.));
#2515=DIRECTION('',(0.,1.,0.));
#2516=DIRECTION('',(-1.,0.,0.));
#2517=DIRECTION('',(0.,1.,0.));
#2518=DIRECTION('',(0.,0.,1.));
#2519=DIRECTION('',(0.,-1.,0.));
#2520=DIRECTION('',(0.,0.,-1.));
#2521=DIRECTION('',(0.,1.,0.));
#2522=DIRECTION('',(0.,0.,1.));
#2523=DIRECTION('',(0.,1.,0.));
#2524=DIRECTION('',(-1.,0.,0.));
#2525=DIRECTION('',(0.,1.,0.));
#2526=DIRECTION('',(0.,0.,1.));
#2527=DIRECTION('',(0.,-1.,0.));
#2528=DIRECTION('',(0.,0.,-1.));
#2529=DIRECTION('',(0.,1.,0.));
#2530=DIRECTION('',(0.,0.,1.));
#2531=DIRECTION('',(0.,1.,0.));
#2532=DIRECTION('',(-1.,0.,0.));
#2533=DIRECTION('',(0.,1.,0.));
#2534=DIRECTION('',(0.,0.,1.));
#2535=DIRECTION('',(0.,-1.,0.));
#2536=DIRECTION('',(0.,0.,-1.));
#2537=DIRECTION('',(0.,1.,0.));
#2538=DIRECTION('',(0.,0.,1.));
#2539=DIRECTION('',(0.,1.,0.));
#2540=DIRECTION('',(-1.,0.,0.));
#2541=DIRECTION('',(0.,1.,0.));
#2542=DIRECTION('',(0.,0.,1.));
#2543=DIRECTION('',(0.,-1.,0.));
#2544=DIRECTION('',(0.,0.,-1.));
#2545=DIRECTION('',(0.,1.,0.));
#2546=DIRECTION('',(0.,0.,1.));
#2547=DIRECTION('',(0.,1.,0.));
#2548=DIRECTION('',(-1.,0.,0.));
#2549=DIRECTION('',(0.,1.,0.));
#2550=DIRECTION('',(0.,0.,1.));
#2551=DIRECTION('',(0.,-1.,0.));
#2552=DIRECTION('',(0.,0.,-1.));
#2553=DIRECTION('',(0.,1.,0.));
#2554=DIRECTION('',(0.,0.,1.));
#2555=DIRECTION('',(0.,1.,0.));
#2556=DIRECTION('',(-1.,0.,0.));
#2557=DIRECTION('',(0.,1.,0.));
#2558=DIRECTION('',(0.,0.,1.));
#2559=DIRECTION('',(0.,-1.,0.));
#2560=DIRECTION('',(0.,0.,-1.));
#2561=DIRECTION('',(0.,1.,0.));
#2562=DIRECTION('',(0.,0.,1.));
#2563=DIRECTION('',(0.,1.,0.));
#2564=DIRECTION('',(-1.,0.,0.));
#2565=DIRECTION('',(0.,1.,0.));
#2566=DIRECTION('',(0.,0.,1.));
#2567=DIRECTION('',(0.,-1.,0.));
#2568=DIRECTION('',(0.,0.,-1.));
#2569=DIRECTION('',(0.,1.,0.));
#2570=DIRECTION('',(0.,0.,1.));
#2571=DIRECTION('',(0.,1.,0.));
#2572=DIRECTION('',(-1.,0.,0.));
#2573=DIRECTION('',(0.,1.,0.));
#2574=DIRECTION('',(0.,0.,1.));
#2575=DIRECTION('',(0.,-1.,0.));
#2576=DIRECTION('',(0.,0.,-1.));
#2577=DIRECTION('',(0.,1.,0.));
#2578=DIRECTION('',(0.,0.,1.));
#2579=DIRECTION('',(0.,1.,0.));
#2580=DIRECTION('',(-1.,0.,0.));
#2581=DIRECTION('',(0.,1.,0.));
#2582=DIRECTION('',(0.,0.,1.));
#2583=DIRECTION('',(0.,-1.,0.));
#2584=DIRECTION('',(0.,0.,-1.));
#2585=DIRECTION('',(0.,1.,0.));
#2586=DIRECTION('',(0.,0.,1.));
#2587=DIRECTION('',(0.,1.,0.));
#2588=DIRECTION('',(-1.,0.,0.));
#2589=DIRECTION('',(0.,1.,0.));
#2590=DIRECTION('',(0.,0.,1.));
#2591=DIRECTION('',(0.,-1.,0.));
#2592=DIRECTION('',(0.,0.,-1.));
#2593=DIRECTION('',(0.,1.,0.));
#2594=DIRECTION('',(0.,0.,1.));
#2595=DIRECTION('',(0.,1.,0.));
#2596=DIRECTION('',(-1.,0.,0.));
#2597=DIRECTION('',(0.,1.,0.));
#2598=DIRECTION('',(0.,0.,1.));
#2599=DIRECTION('',(0.,-1.,0.));
#2600=DIRECTION('',(0.,0.,-1.));
#2601=DIRECTION('',(0.,1.,0.));
#2602=DIRECTION('',(0.,0.,1.));
#2603=DIRECTION('',(0.,1.,0.));
#2604=DIRECTION('',(-1.,0.,0.));
#2605=DIRECTION('',(0.,1.,0.));
#2606=DIRECTION('',(0.,0.,1.));
#2607=DIRECTION('',(0.,1.,0.));
#2608=DIRECTION('',(0.,0.,1.));
#2609=DIRECTION('',(0.,1.,0.));
#2610=DIRECTION('',(0.,0.,1.));
#2611=DIRECTION('',(0.,1.,0.));
#2612=DIRECTION('',(0.,0.,1.));
#2613=DIRECTION('',(0.,1.,0.));
#2614=DIRECTION('',(0.,0.,1.));
#2615=DIRECTION('',(0.,1.,0.));
#2616=DIRECTION('',(0.,0.,1.));
#2617=DIRECTION('',(0.,1.,0.));
#2618=DIRECTION('',(0.,0.,1.));
#2619=DIRECTION('',(0.,1.,0.));
#2620=DIRECTION('',(0.,0.,1.));
#2621=DIRECTION('',(0.,1.,0.));
#2622=DIRECTION('',(0.,0.,1.));
#2623=DIRECTION('',(0.,1.,0.));
#2624=DIRECTION('',(0.,0.,1.));
#2625=DIRECTION('',(0.,1.,0.));
#2626=DIRECTION('',(0.,0.,1.));
#2627=DIRECTION('',(0.,1.,0.));
#2628=DIRECTION('',(0.,0.,1.));
#2629=DIRECTION('',(0.,1.,0.));
#2630=DIRECTION('',(0.,0.,1.));
#2631=DIRECTION('',(0.,-1.,0.));
#2632=DIRECTION('',(0.,0.,-1.));
#2633=DIRECTION('',(0.,1.,0.));
#2634=DIRECTION('',(0.,0.,1.));
#2635=DIRECTION('',(0.,-1.,0.));
#2636=DIRECTION('',(0.,0.,-1.));
#2637=DIRECTION('',(0.,1.,0.));
#2638=DIRECTION('',(0.,0.,1.));
#2639=DIRECTION('',(0.,1.,0.));
#2640=DIRECTION('',(1.,0.,0.));
#2641=DIRECTION('',(0.,1.,0.));
#2642=DIRECTION('',(1.,0.,0.));
#2643=DIRECTION('',(-1.,0.,0.));
#2644=DIRECTION('',(0.,0.,1.));
#2645=DIRECTION('',(-1.,0.,0.));
#2646=DIRECTION('',(1.,0.,0.));
#2647=DIRECTION('',(0.,0.,-1.));
#2648=DIRECTION('',(1.,0.,0.));
#2649=DIRECTION('',(-1.,0.,0.));
#2650=DIRECTION('',(0.,0.,1.));
#2651=DIRECTION('',(1.,0.,0.));
#2652=DIRECTION('',(0.,0.,-1.));
#2653=DIRECTION('',(-1.,0.,0.));
#2654=DIRECTION('',(0.,0.,1.));
#2655=DIRECTION('',(1.,0.,0.));
#2656=DIRECTION('',(0.,0.,-1.));
#2657=DIRECTION('',(-1.,0.,0.));
#2658=DIRECTION('',(0.,0.,1.));
#2659=DIRECTION('',(-1.,0.,0.));
#2660=DIRECTION('',(0.,0.,1.));
#2661=DIRECTION('',(1.,0.,0.));
#2662=DIRECTION('',(0.,0.,-1.));
#2663=DIRECTION('',(1.,0.,0.));
#2664=DIRECTION('',(0.,0.,-1.));
#2665=DIRECTION('',(1.,0.,0.));
#2666=DIRECTION('',(0.,0.,-1.));
#2667=DIRECTION('',(-1.,0.,0.));
#2668=DIRECTION('',(0.,0.,1.));
#2669=DIRECTION('',(-1.,0.,0.));
#2670=DIRECTION('',(0.,0.,1.));
#2671=DIRECTION('',(0.,-0.986370408376114,0.164540017867807));
#2672=DIRECTION('',(0.,0.164540017867807,0.986370408376114));
#2673=DIRECTION('',(0.,0.166825304191949,0.985986469420987));
#2674=DIRECTION('',(0.,0.164540017867807,0.986370408376114));
#2675=DIRECTION('',(0.,-0.986370408376114,0.164540017867807));
#2676=DIRECTION('',(0.,-0.164540017867807,-0.986370408376114));
#2677=DIRECTION('',(0.,0.164540017867807,0.986370408376114));
#2678=DIRECTION('',(0.,-0.986370408376114,0.164540017867807));
#2679=DIRECTION('',(0.,-0.164540017867807,-0.986370408376114));
#2680=DIRECTION('',(-1.,0.,0.));
#2681=DIRECTION('',(0.,-0.986370408376114,0.164540017867807));
#2682=DIRECTION('',(0.,0.164540017867807,0.986370408376114));
#2683=DIRECTION('',(0.,-0.164540017867807,-0.986370408376114));
#2684=DIRECTION('',(0.,0.164540017867807,0.986370408376114));
#2685=DIRECTION('',(1.,0.,0.));
#2686=DIRECTION('',(-1.,0.,0.));
#2687=DIRECTION('',(0.,0.,1.));
#2688=DIRECTION('',(0.,0.164540017867807,0.986370408376114));
#2689=DIRECTION('',(0.,-0.986370408376114,0.164540017867807));
#2690=DIRECTION('',(0.,0.161874361112985,0.986811375701691));
#2691=DIRECTION('',(0.,0.164540017867807,0.986370408376114));
#2692=DIRECTION('',(1.,0.,0.));
#2693=DIRECTION('',(0.,0.164540017867807,0.986370408376114));
#2694=DIRECTION('',(0.,-0.986370408376114,0.164540017867807));
#2695=DIRECTION('',(0.,0.164540017867807,0.986370408376114));
#2696=DIRECTION('',(0.,-0.986370408376114,0.164540017867807));
#2697=DIRECTION('',(0.,0.164540017867807,0.986370408376114));
#2698=DIRECTION('',(0.,-0.986370408376114,0.164540017867807));
#2699=DIRECTION('',(0.,0.164540017867807,0.986370408376114));
#2700=DIRECTION('',(0.,-0.986370408376114,0.164540017867807));
#2701=DIRECTION('',(0.,0.164540017867807,0.986370408376114));
#2702=DIRECTION('',(0.,-0.986370408376114,0.164540017867807));
#2703=DIRECTION('',(0.,0.164540017867807,0.986370408376114));
#2704=DIRECTION('',(0.,-0.986370408376114,0.164540017867807));
#2705=DIRECTION('',(0.,0.164540017867807,0.986370408376114));
#2706=DIRECTION('',(0.,-0.986370408376114,0.164540017867807));
#2707=DIRECTION('',(0.,0.164540017867807,0.986370408376114));
#2708=DIRECTION('',(0.,-0.986370408376114,0.164540017867807));
#2709=DIRECTION('',(0.,0.164540017867807,0.986370408376114));
#2710=DIRECTION('',(1.,0.,0.));
#2711=DIRECTION('',(0.,0.164540017867807,0.986370408376114));
#2712=DIRECTION('',(0.,-0.986370408376114,0.164540017867807));
#2713=DIRECTION('',(0.,0.164540017867807,0.986370408376114));
#2714=DIRECTION('',(0.,-0.986370408376114,0.164540017867807));
#2715=DIRECTION('',(0.,0.164540017867807,0.986370408376114));
#2716=DIRECTION('',(0.,-0.986370408376114,0.164540017867807));
#2717=DIRECTION('',(0.,0.164540017867807,0.986370408376114));
#2718=DIRECTION('',(1.,0.,0.));
#2719=DIRECTION('',(0.,0.164540017867807,0.986370408376114));
#2720=DIRECTION('',(0.,-0.986370408376114,0.164540017867807));
#2721=DIRECTION('',(0.,0.164540017867807,0.986370408376114));
#2722=DIRECTION('',(0.,-0.986370408376114,0.164540017867807));
#2723=DIRECTION('',(0.,0.164540017867807,0.986370408376114));
#2724=DIRECTION('',(0.,-0.986370408376114,0.164540017867807));
#2725=DIRECTION('',(0.,0.164540017867807,0.986370408376114));
#2726=DIRECTION('',(1.,0.,0.));
#2727=DIRECTION('',(0.,0.164540017867807,0.986370408376114));
#2728=DIRECTION('',(0.,-0.986370408376114,0.164540017867807));
#2729=DIRECTION('',(0.,0.164540017867807,0.986370408376114));
#2730=DIRECTION('',(0.,-0.986370408376114,0.164540017867807));
#2731=DIRECTION('',(0.,0.164540017867807,0.986370408376114));
#2732=DIRECTION('',(0.,-0.986370408376114,0.164540017867807));
#2733=DIRECTION('',(0.,0.164540017867807,0.986370408376114));
#2734=DIRECTION('',(1.,0.,0.));
#2735=DIRECTION('',(0.,0.164540017867807,0.986370408376114));
#2736=DIRECTION('',(0.,-0.986370408376114,0.164540017867807));
#2737=DIRECTION('',(0.,-0.164540017867807,-0.986370408376114));
#2738=DIRECTION('',(0.,0.986370408376114,-0.164540017867807));
#2739=DIRECTION('',(0.,0.164540017867807,0.986370408376114));
#2740=DIRECTION('',(0.,-0.986370408376114,0.164540017867807));
#2741=DIRECTION('',(0.,0.164540017867807,0.986370408376114));
#2742=DIRECTION('',(0.,-0.986370408376114,0.164540017867807));
#2743=DIRECTION('',(0.,-0.164540017867807,-0.986370408376114));
#2744=DIRECTION('',(0.,0.986370408376114,-0.164540017867807));
#2745=DIRECTION('',(0.,0.164540017867807,0.986370408376114));
#2746=DIRECTION('',(0.,-0.986370408376114,0.164540017867807));
#2747=DIRECTION('',(0.,0.164540017867807,0.986370408376114));
#2748=DIRECTION('',(0.,-0.986370408376114,0.164540017867807));
#2749=DIRECTION('',(0.,-0.164540017867807,-0.986370408376114));
#2750=DIRECTION('',(0.,0.986370408376114,-0.164540017867807));
#2751=DIRECTION('',(0.,0.164540017867807,0.986370408376114));
#2752=DIRECTION('',(0.,-0.986370408376114,0.164540017867807));
#2753=DIRECTION('',(0.,0.164540017867807,0.986370408376114));
#2754=DIRECTION('',(0.,-0.986370408376114,0.164540017867807));
#2755=DIRECTION('',(0.,-0.164540017867807,-0.986370408376114));
#2756=DIRECTION('',(0.,0.986370408376114,-0.164540017867807));
#2757=DIRECTION('',(0.,0.164540017867807,0.986370408376114));
#2758=DIRECTION('',(0.,-0.986370408376114,0.164540017867807));
#2759=DIRECTION('',(0.,0.164540017867807,0.986370408376114));
#2760=DIRECTION('',(0.,-0.986370408376114,0.164540017867807));
#2761=DIRECTION('',(0.,-6.93889390390723E-16,1.));
#2762=DIRECTION('',(1.,0.,0.));
#2763=DIRECTION('',(0.,1.,6.93889390390723E-16));
#2764=DIRECTION('',(0.,-1.,-6.93889390390723E-16));
#2765=DIRECTION('',(-1.,0.,0.));
#2766=DIRECTION('',(0.,0.,1.));
#2767=DIRECTION('',(0.,-1.,-6.93889390390723E-16));
#2768=DIRECTION('',(1.,0.,0.));
#2769=DIRECTION('',(0.,0.,-1.));
#2770=DIRECTION('',(0.,1.,6.93889390390723E-16));
#2771=DIRECTION('',(0.,-1.,-6.93889390390723E-16));
#2772=DIRECTION('',(0.,6.93889390390723E-16,-1.));
#2773=DIRECTION('',(0.,1.,6.93889390390723E-16));
#2774=DIRECTION('',(0.,-6.93889390390723E-16,1.));
#2775=DIRECTION('',(0.00203548822861747,-0.986809331415044,0.161874025772714));
#2776=DIRECTION('',(0.,-0.161874361112985,-0.986811375701691));
#2777=DIRECTION('',(0.0031965195106837,-0.985981432132914,0.166824451901232));
#2778=DIRECTION('',(0.,-0.166825304191949,-0.985986469420987));
#2779=DIRECTION('',(0.,-0.164540017867807,-0.986370408376114));
#2780=DIRECTION('',(0.,0.986370408376114,-0.164540017867807));
#2781=DIRECTION('',(0.,0.164540017867807,0.986370408376114));
#2782=DIRECTION('',(0.,-0.986370408376114,0.164540017867807));
#2783=CARTESIAN_POINT('',(0.,0.,0.));
#2784=CARTESIAN_POINT('',(0.061,-0.136331452085485,0.0217181573931277));
#2785=CARTESIAN_POINT('',(0.061,-0.0710091684123167,0.0407243423344393));
#2786=CARTESIAN_POINT('',(0.061,-0.0743865357942883,0.042772714383749));
#2787=CARTESIAN_POINT('',(0.061,-0.0814960022012943,0.0460537882163826));
#2788=CARTESIAN_POINT('',(0.0610000000000001,-0.0927760557945924,0.0496772648865405));
#2789=CARTESIAN_POINT('',(0.0609999999999999,-0.104239969336803,0.0523713463722662));
#2790=CARTESIAN_POINT('',(0.0610000000000001,-0.119699636708879,0.0550714656519161));
#2791=CARTESIAN_POINT('',(0.061,-0.139291757507927,0.0570993549448993));
#2792=CARTESIAN_POINT('',(0.061,-0.154993465367603,0.0575858992835905));
#2793=CARTESIAN_POINT('',(0.061,-0.162861395224805,0.0575813105047425));
#2794=CARTESIAN_POINT('',(0.061,-0.0710091684123167,0.0407243423344394));
#2795=CARTESIAN_POINT('',(0.0610000000028923,-0.162861079777639,0.0575812688167497));
#2796=CARTESIAN_POINT('',(0.061,-0.0695493489108383,0.0417103494343048));
#2797=CARTESIAN_POINT('',(0.061,-0.0700357426646548,0.041381372377563));
#2798=CARTESIAN_POINT('',(0.061,-0.0705224407910605,0.0410528360040677));
#2799=CARTESIAN_POINT('',(0.061,-0.0710091684123168,0.0407243423344394));
#2800=CARTESIAN_POINT('',(0.061,-0.069549348910833,0.0417103494342971));
#2801=CARTESIAN_POINT('',(0.061,-0.0752329211770999,0.00625126853903175));
#2802=CARTESIAN_POINT('',(0.061,-0.0616897090072256,0.0907456381740541));
#2803=CARTESIAN_POINT('',(0.061,-0.0646518989083303,0.0912204339088635));
#2804=CARTESIAN_POINT('',(0.061,-0.0641771031735209,0.0941826238099682));
#2805=CARTESIAN_POINT('',(0.061,-0.0789389994311526,0.0965487399655223));
#2806=CARTESIAN_POINT('',(0.061,-0.0961082541938058,0.099300720494564));
#2807=CARTESIAN_POINT('',(0.061,-0.0965830499286153,0.0963385305934593));
#2808=CARTESIAN_POINT('',(0.061,-0.0979987356331593,0.0989834944846967));
#2809=CARTESIAN_POINT('',(0.061,-0.110862043526599,0.123016360530325));
#2810=CARTESIAN_POINT('',(0.061,-0.115347210475376,0.0961290658027005));
#2811=CARTESIAN_POINT('',(0.061,-0.136143913475597,0.0995982391012804));
#2812=CARTESIAN_POINT('',(0.061,-0.165164507022515,0.104439269347317));
#2813=CARTESIAN_POINT('',(0.061,-0.164369633610998,0.10920430840399));
#2814=CARTESIAN_POINT('',(0.061,-0.16920051561659,0.10920430840399));
#2815=CARTESIAN_POINT('',(0.061,-0.16920051561659,0.114877068166041));
#2816=CARTESIAN_POINT('',(0.061,-0.16920051561659,0.121641605783351));
#2817=CARTESIAN_POINT('',(0.061,-0.17220051561659,0.121641605783351));
#2818=CARTESIAN_POINT('',(0.061,-0.17220051561659,0.124641605783351));
#2819=CARTESIAN_POINT('',(0.061,-0.182055645078769,0.124641605783351));
#2820=CARTESIAN_POINT('',(0.061,-0.19362808034768,0.124641605783351));
#2821=CARTESIAN_POINT('',(0.061,-0.19362808034768,0.121641605783351));
#2822=CARTESIAN_POINT('',(0.061,-0.195796970463501,0.123714264864216));
#2823=CARTESIAN_POINT('',(0.061,-0.204055645078769,0.115072150052284));
#2824=CARTESIAN_POINT('',(0.061,-0.21320051561659,0.105502694321217));
#2825=CARTESIAN_POINT('',(0.061,-0.21320051561659,0.0124652321519336));
#2826=CARTESIAN_POINT('',(0.061,-0.21320051561659,0.0382668441522761));
#2827=CARTESIAN_POINT('',(0.061,-0.210046747637404,0.0437010104078528));
#2828=CARTESIAN_POINT('',(0.061,-0.21080838510048,0.0429586123052215));
#2829=CARTESIAN_POINT('',(0.061,-0.21202530290491,0.0412245113440103));
#2830=CARTESIAN_POINT('',(0.061,-0.21285466328887,0.0392686872022803));
#2831=CARTESIAN_POINT('',(0.061,-0.21320051561659,0.038266844152276));
#2832=CARTESIAN_POINT('',(0.0610000000022181,-0.210047292302001,0.0437008755514669));
#2833=CARTESIAN_POINT('',(0.061,-0.162860133436651,0.0575811437661826));
#2834=CARTESIAN_POINT('',(0.061,-0.167068020094567,0.057584003356656));
#2835=CARTESIAN_POINT('',(0.061,-0.175447372755492,0.0572391305355435));
#2836=CARTESIAN_POINT('',(0.0610000000000002,-0.185882926434864,0.0556035451114229));
#2837=CARTESIAN_POINT('',(0.0609999999999999,-0.193900719343911,0.0532935691544059));
#2838=CARTESIAN_POINT('',(0.061,-0.199747944811828,0.050931949541067));
#2839=CARTESIAN_POINT('',(0.0609999999999999,-0.205267178877237,0.0478038762452399));
#2840=CARTESIAN_POINT('',(0.061,-0.208530779389149,0.0451821258433767));
#2841=CARTESIAN_POINT('',(0.061,-0.210047473856324,0.0437008306031178));
#2842=CARTESIAN_POINT('',(-0.061,-0.069549348910831,0.0417103494343097));
#2843=CARTESIAN_POINT('',(-0.0601440293387817,-0.069549348910831,0.0417103494343097));
#2844=CARTESIAN_POINT('',(-0.061,-0.0700383473769837,0.0413796106555242));
#2845=CARTESIAN_POINT('',(-0.0601440293387817,-0.0700383473769837,0.0413796106555242));
#2846=CARTESIAN_POINT('',(-0.061,-0.0705279588848691,0.041049111098739));
#2847=CARTESIAN_POINT('',(-0.0601440293387817,-0.0705279588848691,0.041049111098739));
#2848=CARTESIAN_POINT('',(-0.061,-0.0710179257400329,0.0407184319990564));
#2849=CARTESIAN_POINT('',(-0.0601440293387817,-0.0710179257400329,0.0407184319990564));
#2850=CARTESIAN_POINT('',(-0.061,-0.0710091589754196,0.0407243487034246));
#2851=CARTESIAN_POINT('',(-0.0607227988960945,-0.070519865754646,0.0410545739032978));
#2852=CARTESIAN_POINT('',(-0.0604394202304328,-0.0700330766158084,0.0413831755851407));
#2853=CARTESIAN_POINT('',(-0.0601491345315921,-0.069549348910831,0.0417103494343097));
#2854=CARTESIAN_POINT('',(-0.061,-0.0710091589754197,0.0407243487034246));
#2855=CARTESIAN_POINT('',(-0.0601491345315922,-0.069549348910831,0.0417103494343097));
#2856=CARTESIAN_POINT('',(-0.061,-0.069549348910831,0.0417103494343097));
#2857=CARTESIAN_POINT('',(-0.061,-0.0700357395211753,0.0413813745036854));
#2858=CARTESIAN_POINT('',(-0.061,-0.0705224345001755,0.0410528402506129));
#2859=CARTESIAN_POINT('',(-0.061,-0.0710091589754196,0.0407243487034246));
#2860=CARTESIAN_POINT('',(-0.061,-0.069549348910831,0.0417103494343097));
#2861=CARTESIAN_POINT('',(0.,-0.069549348910831,0.0417103494343097));
#2862=CARTESIAN_POINT('',(-0.056,-0.0752329211770999,0.00625126853903175));
#2863=CARTESIAN_POINT('',(-0.0601491345315922,-0.069549348910831,0.0417103494343098));
#2864=CARTESIAN_POINT('',(-0.058987155060911,-0.0691934157609693,0.0439309708609365));
#2865=CARTESIAN_POINT('',(-0.057617610602902,-0.0688590803176175,0.046016846957266));
#2866=CARTESIAN_POINT('',(-0.056,-0.0685505568373593,0.0479416855151384));
#2867=CARTESIAN_POINT('',(-0.056,-0.0685505568373584,0.0479416855151439));
#2868=CARTESIAN_POINT('',(-0.061,-0.0752329211770999,0.00625126853903175));
#2869=CARTESIAN_POINT('',(-0.061,-0.0616897090072256,0.0907456381740541));
#2870=CARTESIAN_POINT('',(-0.056,-0.0616897090072256,0.0907456381740541));
#2871=CARTESIAN_POINT('',(-0.056,-0.0616897090072256,0.0907456381740541));
#2872=CARTESIAN_POINT('',(-0.056,-0.0752329211770999,0.00625126853903175));
#2873=CARTESIAN_POINT('',(-0.056,-0.136331452085485,0.0217181573931277));
#2874=CARTESIAN_POINT('',(-0.056,-0.0723711060466234,0.0493797938753979));
#2875=CARTESIAN_POINT('',(-0.056,-0.0710918599205626,0.0489229967328889));
#2876=CARTESIAN_POINT('',(-0.056,-0.0698179808072566,0.0484450561806628));
#2877=CARTESIAN_POINT('',(-0.056,-0.0685505568373833,0.0479416855151479));
#2878=CARTESIAN_POINT('',(-0.056,-0.0723711060466231,0.0493797938753977));
#2879=CARTESIAN_POINT('',(-0.056,-0.0646518989083303,0.0912204339088635));
#2880=CARTESIAN_POINT('',(-0.056,-0.0641771031735209,0.0941826238099682));
#2881=CARTESIAN_POINT('',(-0.056,-0.0789389994311526,0.0965487399655223));
#2882=CARTESIAN_POINT('',(-0.056,-0.0961082541938058,0.099300720494564));
#2883=CARTESIAN_POINT('',(-0.056,-0.0965830499286153,0.0963385305934593));
#2884=CARTESIAN_POINT('',(-0.056,-0.0979987356331593,0.0989834944846967));
#2885=CARTESIAN_POINT('',(-0.056,-0.110862043526599,0.123016360530325));
#2886=CARTESIAN_POINT('',(-0.056,-0.115347210475376,0.0961290658027005));
#2887=CARTESIAN_POINT('',(-0.056,-0.136143913475597,0.0995982391012804));
#2888=CARTESIAN_POINT('',(-0.056,-0.165164507022515,0.104439269347317));
#2889=CARTESIAN_POINT('',(-0.056,-0.164369633610998,0.10920430840399));
#2890=CARTESIAN_POINT('',(-0.056,-0.16920051561659,0.10920430840399));
#2891=CARTESIAN_POINT('',(-0.056,-0.16920051561659,0.114877068166041));
#2892=CARTESIAN_POINT('',(-0.056,-0.16920051561659,0.121641605783351));
#2893=CARTESIAN_POINT('',(-0.056,-0.17220051561659,0.121641605783351));
#2894=CARTESIAN_POINT('',(-0.056,-0.17220051561659,0.124641605783351));
#2895=CARTESIAN_POINT('',(-0.056,-0.182055645078769,0.124641605783351));
#2896=CARTESIAN_POINT('',(-0.056,-0.19362808034768,0.124641605783351));
#2897=CARTESIAN_POINT('',(-0.056,-0.19362808034768,0.121641605783351));
#2898=CARTESIAN_POINT('',(-0.056,-0.195796970463501,0.123714264864216));
#2899=CARTESIAN_POINT('',(-0.056,-0.204055645078769,0.115072150052284));
#2900=CARTESIAN_POINT('',(-0.056,-0.21320051561659,0.105502694321217));
#2901=CARTESIAN_POINT('',(-0.056,-0.21320051561659,0.0124652321519336));
#2902=CARTESIAN_POINT('',(-0.056,-0.21320051561659,0.0997130301594734));
#2903=CARTESIAN_POINT('',(-0.056,-0.20320051561659,0.110177317971412));
#2904=CARTESIAN_POINT('',(-0.056,-0.19320051561659,0.120641605783351));
#2905=CARTESIAN_POINT('',(-0.056,-0.18320051561659,0.120641605783351));
#2906=CARTESIAN_POINT('',(-0.056,-0.17320051561659,0.120641605783351));
#2907=CARTESIAN_POINT('',(-0.056,-0.17320051561659,0.108141605783351));
#2908=CARTESIAN_POINT('',(-0.056,-0.17320051561659,0.0956416057833508));
#2909=CARTESIAN_POINT('',(-0.056,-0.138677551323426,0.0898827051579775));
#2910=CARTESIAN_POINT('',(-0.056,-0.104154587030262,0.0841238045326043));
#2911=CARTESIAN_POINT('',(-0.056,-0.097859779845513,0.0893226232320771));
#2912=CARTESIAN_POINT('',(-0.056,-0.0915649726607639,0.0945214419315499));
#2913=CARTESIAN_POINT('',(-0.056,-0.0786812667238661,0.0924563722258242));
#2914=CARTESIAN_POINT('',(-0.056,-0.0657975607869683,0.0903913025200984));
#2915=CARTESIAN_POINT('',(-0.056,-0.0794990382017792,0.00490953625137452));
#2916=CARTESIAN_POINT('',(-0.06,-0.0794990382017792,0.00490953625137452));
#2917=CARTESIAN_POINT('',(-0.056,-0.0723711060466231,0.0493797938753978));
#2918=CARTESIAN_POINT('',(-0.0543087844891761,-0.0720697255417613,0.0512600683227869));
#2919=CARTESIAN_POINT('',(-0.0505769793728727,-0.0715405190560831,0.054561719943781));
#2920=CARTESIAN_POINT('',(-0.0440503920677638,-0.0709167662149677,0.0584532341914392));
#2921=CARTESIAN_POINT('',(-0.0371126248204067,-0.070453299461713,0.061344744024693));
#2922=CARTESIAN_POINT('',(-0.0299256871487686,-0.0701099718713098,0.0634867209771001));
#2923=CARTESIAN_POINT('',(-0.0225054904094118,-0.069862966779395,0.065027754173376));
#2924=CARTESIAN_POINT('',(-0.0125612564419554,-0.0696470988841196,0.0663745263797725));
#2925=CARTESIAN_POINT('',(-0.00503721634927777,-0.069590919335599,0.0667250234021253));
#2926=CARTESIAN_POINT('',(4.08606211068243E-08,-0.0695909065699166,0.0667251030455864));
#2927=CARTESIAN_POINT('',(1.00480001696456E-07,-0.0695909053247773,0.0667251134175012));
#2928=CARTESIAN_POINT('',(-0.06,-0.0657975607869683,0.0903913025200984));
#2929=CARTESIAN_POINT('',(0.056,-0.0657975607869683,0.0903913025200984));
#2930=CARTESIAN_POINT('',(0.056,-0.0794990382017792,0.00490953625137452));
#2931=CARTESIAN_POINT('',(0.056,-0.0723711250778705,0.0493796751419523));
#2932=CARTESIAN_POINT('',(0.056,-0.0723711250778592,0.0493796751419483));
#2933=CARTESIAN_POINT('',(0.0543089309910254,-0.0720697626166097,0.0512598370175469));
#2934=CARTESIAN_POINT('',(0.0505776479306347,-0.0715405884332073,0.0545612871087721));
#2935=CARTESIAN_POINT('',(0.0440520795210155,-0.0709169145617167,0.0584523086750331));
#2936=CARTESIAN_POINT('',(0.0371146100782259,-0.0704533922969349,0.0613441648376097));
#2937=CARTESIAN_POINT('',(0.029928640098483,-0.0701101002998627,0.0634859197277739));
#2938=CARTESIAN_POINT('',(0.022509381355201,-0.0698630842184486,0.0650270214861318));
#2939=CARTESIAN_POINT('',(0.012564384593663,-0.069647102113237,0.0663745062337224));
#2940=CARTESIAN_POINT('',(0.0050387946872372,-0.0695909690775527,0.0667247130684348));
#2941=CARTESIAN_POINT('',(1.19933611877792E-07,-0.069590904377727,0.0667251167223773));
#2942=CARTESIAN_POINT('',(-6.93889390390723E-18,-0.111147537789644,0.0422030621766194));
#2943=CARTESIAN_POINT('',(4.7826027671661E-08,-0.10571803139144,0.0747514021651293));
#2944=CARTESIAN_POINT('',(0.00227044181547925,-0.105718043727235,0.0747513282155665));
#2945=CARTESIAN_POINT('',(0.00671516553760624,-0.105734312086818,0.0746538040467135));
#2946=CARTESIAN_POINT('',(0.0130940207335381,-0.105807443842442,0.0742154000608889));
#2947=CARTESIAN_POINT('',(0.0181696354497579,-0.105908999271673,0.0736066042706562));
#2948=CARTESIAN_POINT('',(0.0220858615613836,-0.106014600832247,0.0729735530787433));
#2949=CARTESIAN_POINT('',(0.0249514249514506,-0.106106006479546,0.0724256023320347));
#2950=CARTESIAN_POINT('',(0.0272779358109449,-0.106192260482329,0.0719085342226985));
#2951=CARTESIAN_POINT('',(0.0291062943307354,-0.106267510970094,0.0714574290428791));
#2952=CARTESIAN_POINT('',(0.0302267769024941,-0.106316725393617,0.0711624026313279));
#2953=CARTESIAN_POINT('',(0.0311307166138226,-0.106358433185258,0.0709123763337367));
#2954=CARTESIAN_POINT('',(0.0317588264657991,-0.106388248268579,0.0707336434255186));
#2955=CARTESIAN_POINT('',(0.0325555199691471,-0.106427326746632,0.0704993791118583));
#2956=CARTESIAN_POINT('',(0.0335886066495864,-0.106479950145464,0.0701839168670574));
#2957=CARTESIAN_POINT('',(0.0348696961843538,-0.106548649238372,0.069772085428086));
#2958=CARTESIAN_POINT('',(0.0368791880880873,-0.106663999087697,0.0690805960295878));
#2959=CARTESIAN_POINT('',(0.0393232273177223,-0.106818661835555,0.0681534370336042));
#2960=CARTESIAN_POINT('',(0.0421490712784385,-0.107021295570657,0.0669387056713866));
#2961=CARTESIAN_POINT('',(0.044403337758742,-0.107203247734344,0.0658479544223822));
#2962=CARTESIAN_POINT('',(0.0459518552436589,-0.107339692123227,0.0650300092846117));
#2963=CARTESIAN_POINT('',(0.0467941859819246,-0.107417037930496,0.0645663432628732));
#2964=CARTESIAN_POINT('',(0.0472649586903935,-0.107461515501988,0.0642997129262264));
#2965=CARTESIAN_POINT('',(0.04750000011651,-0.107484085758364,0.0641644106861558));
#2966=CARTESIAN_POINT('',(-8.88592776507856E-09,-0.105719329674712,0.0747516220177629));
#2967=CARTESIAN_POINT('',(0.0474999829716104,-0.107486184565554,0.064164730741041));
#2968=CARTESIAN_POINT('',(0.0475,-0.104565937074932,0.081657878511664));
#2969=CARTESIAN_POINT('',(0.0475,-0.104565937074932,0.081657878511664));
#2970=CARTESIAN_POINT('',(-6.93889390390723E-18,-0.104565937074932,0.081657878511664));
#2971=CARTESIAN_POINT('',(-0.044,-0.104565937074932,0.081657878511664));
#2972=CARTESIAN_POINT('',(-0.044,-0.111147537789644,0.0422030621766194));
#2973=CARTESIAN_POINT('',(-0.0439999990754529,-0.107174407370404,0.0660335990150036));
#2974=CARTESIAN_POINT('',(-1.74315660019575E-08,-0.105718032607042,0.0747513948779472));
#2975=CARTESIAN_POINT('',(-0.00414300086750545,-0.105718036618082,0.0747513708329034));
#2976=CARTESIAN_POINT('',(-0.0101179895501146,-0.105758638159168,0.0745079761914026));
#2977=CARTESIAN_POINT('',(-0.0166697240204197,-0.105877049591542,0.0737981334770276));
#2978=CARTESIAN_POINT('',(-0.020293815626056,-0.105965010343855,0.0732708338917642));
#2979=CARTESIAN_POINT('',(-0.0229520552327463,-0.106041131960258,0.0728145065445914));
#2980=CARTESIAN_POINT('',(-0.0255502643300091,-0.106127394344973,0.0722973881879688));
#2981=CARTESIAN_POINT('',(-0.0274544655810436,-0.106199725675935,0.0718637825193636));
#2982=CARTESIAN_POINT('',(-0.0287045273510556,-0.106251082559305,0.0715559126729952));
#2983=CARTESIAN_POINT('',(-0.0292233039576956,-0.106273062737517,0.0714241477829681));
#2984=CARTESIAN_POINT('',(-0.0296340379416785,-0.106290840658495,0.0713175742247413));
#2985=CARTESIAN_POINT('',(-0.0301340454733341,-0.106312846596215,0.0711856549138244));
#2986=CARTESIAN_POINT('',(-0.0309619179056579,-0.106350274397501,0.0709612859358841));
#2987=CARTESIAN_POINT('',(-0.0321532412296773,-0.10640685177337,0.0706221207281474));
#2988=CARTESIAN_POINT('',(-0.0340183117924306,-0.106501437659899,0.0700551053556519));
#2989=CARTESIAN_POINT('',(-0.0362994972182885,-0.106628420349529,0.0692938804022912));
#2990=CARTESIAN_POINT('',(-0.0389511314803942,-0.106794687646251,0.0682971554505617));
#2991=CARTESIAN_POINT('',(-0.0410824448821819,-0.106944152818704,0.0674011544345089));
#2992=CARTESIAN_POINT('',(-0.0427597782781004,-0.107071920960257,0.0666352209212292));
#2993=CARTESIAN_POINT('',(-0.0435558684487891,-0.107135710316421,0.0662528219516322));
#2994=CARTESIAN_POINT('',(-0.0439999998740954,-0.107172337029381,0.0660332552693887));
#2995=CARTESIAN_POINT('',(-0.06,-0.138677551323426,0.0898827051579775));
#2996=CARTESIAN_POINT('',(0.056,-0.138677551323426,0.0898827051579775));
#2997=CARTESIAN_POINT('',(0.056,-0.104154587030262,0.0841238045326043));
#2998=CARTESIAN_POINT('',(0.056,-0.17320051561659,0.0956416057833508));
#2999=CARTESIAN_POINT('',(-0.06,-0.104154587030262,0.0841238045326043));
#3000=CARTESIAN_POINT('',(-0.06,-0.17320051561659,0.0956416057833508));
#3001=CARTESIAN_POINT('',(0.,-0.112538735501459,0.0855223946844807));
#3002=CARTESIAN_POINT('',(-0.035,-0.112538735501459,0.0855223946844807));
#3003=CARTESIAN_POINT('',(0.035,-0.112538735501459,0.0855223946844807));
#3004=CARTESIAN_POINT('',(0.035,-0.137444588312956,0.0896770301356428));
#3005=CARTESIAN_POINT('',(0.035,-0.162350441124453,0.0938316655868049));
#3006=CARTESIAN_POINT('',(0.,-0.162350441124453,0.0938316655868049));
#3007=CARTESIAN_POINT('',(-0.035,-0.162350441124453,0.0938316655868049));
#3008=CARTESIAN_POINT('',(-0.035,-0.137444588312956,0.0896770301356428));
#3009=CARTESIAN_POINT('',(-0.056,-0.0789389994311526,0.0965487399655223));
#3010=CARTESIAN_POINT('',(-0.061,-0.0789389994311526,0.0965487399655223));
#3011=CARTESIAN_POINT('',(-0.061,-0.0641771031735209,0.0941826238099682));
#3012=CARTESIAN_POINT('',(-0.061,-0.0961082541938058,0.099300720494564));
#3013=CARTESIAN_POINT('',(-0.056,-0.0961082541938058,0.099300720494564));
#3014=CARTESIAN_POINT('',(-0.056,-0.0641771031735209,0.0941826238099682));
#3015=CARTESIAN_POINT('',(-0.056,-0.136143913475597,0.0995982391012804));
#3016=CARTESIAN_POINT('',(-0.061,-0.136143913475597,0.0995982391012804));
#3017=CARTESIAN_POINT('',(-0.061,-0.165164507022515,0.104439269347317));
#3018=CARTESIAN_POINT('',(-0.061,-0.115347210475376,0.0961290658027005));
#3019=CARTESIAN_POINT('',(-0.056,-0.165164507022515,0.104439269347317));
#3020=CARTESIAN_POINT('',(-0.061,-0.115347210475376,0.0961290658027005));
#3021=CARTESIAN_POINT('',(-0.056,-0.16920051561659,0.114877068166041));
#3022=CARTESIAN_POINT('',(-0.061,-0.16920051561659,0.114877068166041));
#3023=CARTESIAN_POINT('',(-0.061,-0.16920051561659,0.121641605783351));
#3024=CARTESIAN_POINT('',(-0.061,-0.16920051561659,0.10920430840399));
#3025=CARTESIAN_POINT('',(-0.056,-0.16920051561659,0.121641605783351));
#3026=CARTESIAN_POINT('',(-0.061,-0.16920051561659,0.10920430840399));
#3027=CARTESIAN_POINT('',(-0.056,-0.182055645078769,0.124641605783351));
#3028=CARTESIAN_POINT('',(-0.061,-0.182055645078769,0.124641605783351));
#3029=CARTESIAN_POINT('',(-0.061,-0.19362808034768,0.124641605783351));
#3030=CARTESIAN_POINT('',(-0.061,-0.17220051561659,0.124641605783351));
#3031=CARTESIAN_POINT('',(-0.056,-0.19362808034768,0.124641605783351));
#3032=CARTESIAN_POINT('',(-0.056,-0.17220051561659,0.124641605783351));
#3033=CARTESIAN_POINT('',(-0.056,-0.204055645078769,0.115072150052284));
#3034=CARTESIAN_POINT('',(-0.056,-0.195796970463501,0.123714264864216));
#3035=CARTESIAN_POINT('',(-0.061,-0.195796970463501,0.123714264864216));
#3036=CARTESIAN_POINT('',(-0.061,-0.204055645078769,0.115072150052284));
#3037=CARTESIAN_POINT('',(-0.061,-0.21320051561659,0.105502694321217));
#3038=CARTESIAN_POINT('',(-0.056,-0.21320051561659,0.105502694321217));
#3039=CARTESIAN_POINT('',(-0.06,-0.20320051561659,0.110177317971412));
#3040=CARTESIAN_POINT('',(-0.06,-0.21320051561659,0.0997130301594734));
#3041=CARTESIAN_POINT('',(0.056,-0.21320051561659,0.0997130301594734));
#3042=CARTESIAN_POINT('',(0.056,-0.20320051561659,0.110177317971412));
#3043=CARTESIAN_POINT('',(0.056,-0.19320051561659,0.120641605783351));
#3044=CARTESIAN_POINT('',(-0.06,-0.19320051561659,0.120641605783351));
#3045=CARTESIAN_POINT('',(-0.06,-0.18320051561659,0.120641605783351));
#3046=CARTESIAN_POINT('',(0.056,-0.18320051561659,0.120641605783351));
#3047=CARTESIAN_POINT('',(0.056,-0.17320051561659,0.120641605783351));
#3048=CARTESIAN_POINT('',(-0.06,-0.17320051561659,0.120641605783351));
#3049=CARTESIAN_POINT('',(-0.06,-0.17320051561659,0.108141605783351));
#3050=CARTESIAN_POINT('',(-0.0377152748807015,-0.17320051561659,0.108141605783351));
#3051=CARTESIAN_POINT('',(-0.0377152748807015,-0.17320051561659,0.106641605783351));
#3052=CARTESIAN_POINT('',(0.0122847251192985,-0.17320051561659,0.108141605783351));
#3053=CARTESIAN_POINT('',(0.0122847251192985,-0.17320051561659,0.106641605783351));
#3054=CARTESIAN_POINT('',(0.0282847251192985,-0.17320051561659,0.104141605783351));
#3055=CARTESIAN_POINT('',(0.0282847251192985,-0.17320051561659,0.101641605783351));
#3056=CARTESIAN_POINT('',(0.0202847251192985,-0.17320051561659,0.104141605783351));
#3057=CARTESIAN_POINT('',(0.0202847251192985,-0.17320051561659,0.101641605783351));
#3058=CARTESIAN_POINT('',(0.0202847251192985,-0.17320051561659,0.112141605783351));
#3059=CARTESIAN_POINT('',(0.0202847251192985,-0.17320051561659,0.109641605783351));
#3060=CARTESIAN_POINT('',(-0.0137152748807015,-0.17320051561659,0.112141605783351));
#3061=CARTESIAN_POINT('',(-0.0137152748807015,-0.17320051561659,0.109641605783351));
#3062=CARTESIAN_POINT('',(-0.0297152748807015,-0.17320051561659,0.112141605783351));
#3063=CARTESIAN_POINT('',(-0.0297152748807015,-0.17320051561659,0.109641605783351));
#3064=CARTESIAN_POINT('',(-0.0217152748807015,-0.17320051561659,0.104141605783351));
#3065=CARTESIAN_POINT('',(-0.0217152748807015,-0.17320051561659,0.101641605783351));
#3066=CARTESIAN_POINT('',(-0.0217152748807015,-0.17320051561659,0.112141605783351));
#3067=CARTESIAN_POINT('',(-0.0217152748807015,-0.17320051561659,0.109641605783351));
#3068=CARTESIAN_POINT('',(-0.0137152748807015,-0.17320051561659,0.104141605783351));
#3069=CARTESIAN_POINT('',(-0.0137152748807015,-0.17320051561659,0.101641605783351));
#3070=CARTESIAN_POINT('',(0.0362847251192985,-0.17320051561659,0.104141605783351));
#3071=CARTESIAN_POINT('',(0.0362847251192985,-0.17320051561659,0.101641605783351));
#3072=CARTESIAN_POINT('',(0.0362847251192985,-0.17320051561659,0.112141605783351));
#3073=CARTESIAN_POINT('',(0.0362847251192985,-0.17320051561659,0.109641605783351));
#3074=CARTESIAN_POINT('',(0.0282847251192985,-0.17320051561659,0.112141605783351));
#3075=CARTESIAN_POINT('',(0.0282847251192985,-0.17320051561659,0.109641605783351));
#3076=CARTESIAN_POINT('',(-0.0297152748807015,-0.17320051561659,0.104141605783351));
#3077=CARTESIAN_POINT('',(-0.0297152748807015,-0.17320051561659,0.101641605783351));
#3078=CARTESIAN_POINT('',(0.056,-0.17320051561659,0.108141605783351));
#3079=CARTESIAN_POINT('',(-0.06,-0.097859779845513,0.0893226232320771));
#3080=CARTESIAN_POINT('',(0.056,-0.097859779845513,0.0893226232320771));
#3081=CARTESIAN_POINT('',(0.056,-0.0915649726607639,0.0945214419315499));
#3082=CARTESIAN_POINT('',(-0.06,-0.0915649726607639,0.0945214419315499));
#3083=CARTESIAN_POINT('',(-0.06,-0.0786812667238661,0.0924563722258242));
#3084=CARTESIAN_POINT('',(0.056,-0.0786812667238661,0.0924563722258242));
#3085=CARTESIAN_POINT('',(0.056,-0.204055645078769,0.115072150052284));
#3086=CARTESIAN_POINT('',(0.056,-0.195796970463501,0.123714264864216));
#3087=CARTESIAN_POINT('',(0.056,-0.195796970463501,0.123714264864216));
#3088=CARTESIAN_POINT('',(0.056,-0.204055645078769,0.115072150052284));
#3089=CARTESIAN_POINT('',(0.056,-0.21320051561659,0.105502694321217));
#3090=CARTESIAN_POINT('',(0.056,-0.21320051561659,0.105502694321217));
#3091=CARTESIAN_POINT('',(0.056,-0.182055645078769,0.124641605783351));
#3092=CARTESIAN_POINT('',(0.056,-0.182055645078769,0.124641605783351));
#3093=CARTESIAN_POINT('',(0.056,-0.19362808034768,0.124641605783351));
#3094=CARTESIAN_POINT('',(0.056,-0.17220051561659,0.124641605783351));
#3095=CARTESIAN_POINT('',(0.056,-0.19362808034768,0.124641605783351));
#3096=CARTESIAN_POINT('',(0.056,-0.17220051561659,0.124641605783351));
#3097=CARTESIAN_POINT('',(0.056,-0.16920051561659,0.114877068166041));
#3098=CARTESIAN_POINT('',(0.056,-0.16920051561659,0.114877068166041));
#3099=CARTESIAN_POINT('',(0.056,-0.16920051561659,0.121641605783351));
#3100=CARTESIAN_POINT('',(0.056,-0.16920051561659,0.10920430840399));
#3101=CARTESIAN_POINT('',(0.056,-0.16920051561659,0.121641605783351));
#3102=CARTESIAN_POINT('',(0.056,-0.16920051561659,0.10920430840399));
#3103=CARTESIAN_POINT('',(0.056,-0.136143913475597,0.0995982391012804));
#3104=CARTESIAN_POINT('',(0.056,-0.136143913475597,0.0995982391012804));
#3105=CARTESIAN_POINT('',(0.056,-0.165164507022515,0.104439269347317));
#3106=CARTESIAN_POINT('',(0.056,-0.115347210475376,0.0961290658027005));
#3107=CARTESIAN_POINT('',(0.061,-0.165164507022515,0.104439269347317));
#3108=CARTESIAN_POINT('',(0.056,-0.115347210475376,0.0961290658027005));
#3109=CARTESIAN_POINT('',(0.056,-0.0789389994311526,0.0965487399655223));
#3110=CARTESIAN_POINT('',(0.056,-0.0789389994311526,0.0965487399655223));
#3111=CARTESIAN_POINT('',(0.056,-0.0641771031735209,0.0941826238099682));
#3112=CARTESIAN_POINT('',(0.056,-0.0961082541938058,0.099300720494564));
#3113=CARTESIAN_POINT('',(0.061,-0.0961082541938058,0.099300720494564));
#3114=CARTESIAN_POINT('',(0.056,-0.0641771031735209,0.0941826238099682));
#3115=CARTESIAN_POINT('',(-0.061,-0.136331452085485,0.0217181573931277));
#3116=CARTESIAN_POINT('',(-0.061,-0.162861394163819,0.0575813102684824));
#3117=CARTESIAN_POINT('',(-0.061,-0.154994002106902,0.0575858936482623));
#3118=CARTESIAN_POINT('',(-0.0609999999999999,-0.13929701129483,0.0570974159566924));
#3119=CARTESIAN_POINT('',(-0.061,-0.119785761549605,0.0550835338523395));
#3120=CARTESIAN_POINT('',(-0.0610000000000001,-0.104256393340193,0.0523761356344444));
#3121=CARTESIAN_POINT('',(-0.061,-0.0928089225623511,0.0496822717566457));
#3122=CARTESIAN_POINT('',(-0.061,-0.0816263886967922,0.0461059554864771));
#3123=CARTESIAN_POINT('',(-0.061,-0.0743962088660281,0.0427785620525931));
#3124=CARTESIAN_POINT('',(-0.061,-0.0710091589754197,0.0407243487034246));
#3125=CARTESIAN_POINT('',(-0.0610000000030399,-0.162861078981886,0.0575812686393844));
#3126=CARTESIAN_POINT('',(-0.061,-0.210046679493518,0.0437016063995005));
#3127=CARTESIAN_POINT('',(-0.061,-0.2085355069769,0.0451774087856374));
#3128=CARTESIAN_POINT('',(-0.061,-0.205281132636215,0.0477929605525003));
#3129=CARTESIAN_POINT('',(-0.0610000000000001,-0.199782919100563,0.0509155170576637));
#3130=CARTESIAN_POINT('',(-0.061,-0.193911478932445,0.0532906994543911));
#3131=CARTESIAN_POINT('',(-0.0610000000000001,-0.187900682768038,0.055022426308291));
#3132=CARTESIAN_POINT('',(-0.061,-0.181733356305262,0.0562535833516544));
#3133=CARTESIAN_POINT('',(-0.061,-0.17336582938885,0.0573250222862583));
#3134=CARTESIAN_POINT('',(-0.061,-0.167071553101047,0.0575840057576037));
#3135=CARTESIAN_POINT('',(-0.061,-0.162860133436629,0.0575811437661852));
#3136=CARTESIAN_POINT('',(-0.0610000000102486,-0.210046426102272,0.0437017163298422));
#3137=CARTESIAN_POINT('',(-0.061,-0.210045665914487,0.0437020461942949));
#3138=CARTESIAN_POINT('',(-0.061,-0.210807603755689,0.0429596132795777));
#3139=CARTESIAN_POINT('',(-0.0610000000000001,-0.212025006247669,0.0412251666584815));
#3140=CARTESIAN_POINT('',(-0.061,-0.212854577618924,0.0392689087854081));
#3141=CARTESIAN_POINT('',(-0.061,-0.21320051561659,0.0382668245004896));
#3142=CARTESIAN_POINT('',(-0.061,-0.21320051561659,0.0382668245004899));
#3143=CARTESIAN_POINT('',(-0.061,-0.21320051561659,0.0124652321519336));
#3144=CARTESIAN_POINT('',(-0.061,-0.19362808034768,0.121641605783351));
#3145=CARTESIAN_POINT('',(-0.061,-0.17220051561659,0.121641605783351));
#3146=CARTESIAN_POINT('',(-0.061,-0.164369633610998,0.10920430840399));
#3147=CARTESIAN_POINT('',(-0.061,-0.110862043526599,0.123016360530325));
#3148=CARTESIAN_POINT('',(-0.061,-0.0979987356331593,0.0989834944846967));
#3149=CARTESIAN_POINT('',(-0.061,-0.0965830499286153,0.0963385305934593));
#3150=CARTESIAN_POINT('',(-0.061,-0.0646518989083303,0.0912204339088635));
#3151=CARTESIAN_POINT('',(0.0601440409442178,-0.069549348910831,0.0417103494343097));
#3152=CARTESIAN_POINT('',(0.061,-0.069549348910831,0.0417103494343097));
#3153=CARTESIAN_POINT('',(0.0601440409442178,-0.0700383505352628,0.041379608519392));
#3154=CARTESIAN_POINT('',(0.061,-0.0700383505352628,0.041379608519392));
#3155=CARTESIAN_POINT('',(0.0601440409442178,-0.0705279652093476,0.0410491068295664));
#3156=CARTESIAN_POINT('',(0.061,-0.0705279652093476,0.0410491068295664));
#3157=CARTESIAN_POINT('',(0.0601440409442178,-0.0710179352336337,0.0407184255918161));
#3158=CARTESIAN_POINT('',(0.061,-0.0710179352336337,0.0407184255918161));
#3159=CARTESIAN_POINT('',(0.061,-0.0710091684123168,0.0407243423344394));
#3160=CARTESIAN_POINT('',(0.0607228011086631,-0.0705198727507073,0.0410545691808231));
#3161=CARTESIAN_POINT('',(0.0604394274951052,-0.0700330799831814,0.0413831733075858));
#3162=CARTESIAN_POINT('',(0.0601491460678109,-0.069549348910831,0.0417103494343097));
#3163=CARTESIAN_POINT('',(0.0601491460678175,-0.0695493489108331,0.0417103494342971));
#3164=CARTESIAN_POINT('',(0.,-0.069549348910831,0.0417103494343097));
#3165=CARTESIAN_POINT('',(0.056,-0.0752329211770999,0.00625126853903175));
#3166=CARTESIAN_POINT('',(0.056,-0.0685505691544408,0.0479416086704407));
#3167=CARTESIAN_POINT('',(0.0576177529992723,-0.0688590737433249,0.0460168879734371));
#3168=CARTESIAN_POINT('',(0.0589872005953185,-0.0691934155812496,0.0439309719821845));
#3169=CARTESIAN_POINT('',(0.0601491460678175,-0.069549348910833,0.0417103494342971));
#3170=CARTESIAN_POINT('',(0.056,-0.0685505691544408,0.0479416086704407));
#3171=CARTESIAN_POINT('',(0.056,-0.0752329211770999,0.00625126853903175));
#3172=CARTESIAN_POINT('',(0.056,-0.0616897090072256,0.0907456381740541));
#3173=CARTESIAN_POINT('',(0.056,-0.0616897090072256,0.0907456381740541));
#3174=CARTESIAN_POINT('',(0.056,-0.136331452085485,0.0217181573931277));
#3175=CARTESIAN_POINT('',(0.056,-0.0685505691544409,0.0479416086704407));
#3176=CARTESIAN_POINT('',(0.056,-0.069818364188546,0.0484450832974564));
#3177=CARTESIAN_POINT('',(0.056,-0.0710922259853648,0.0489229927385316));
#3178=CARTESIAN_POINT('',(0.056,-0.0723711250778593,0.0493796751419482));
#3179=CARTESIAN_POINT('',(0.056,-0.21320051561659,0.0124652321519336));
#3180=CARTESIAN_POINT('',(0.056,-0.19362808034768,0.121641605783351));
#3181=CARTESIAN_POINT('',(0.056,-0.17220051561659,0.121641605783351));
#3182=CARTESIAN_POINT('',(0.056,-0.164369633610998,0.10920430840399));
#3183=CARTESIAN_POINT('',(0.056,-0.110862043526599,0.123016360530325));
#3184=CARTESIAN_POINT('',(0.056,-0.0979987356331593,0.0989834944846967));
#3185=CARTESIAN_POINT('',(0.056,-0.0965830499286153,0.0963385305934593));
#3186=CARTESIAN_POINT('',(0.056,-0.0646518989083303,0.0912204339088635));
#3187=CARTESIAN_POINT('',(-0.06,-0.21320051561659,0.00957040007106202));
#3188=CARTESIAN_POINT('',(-0.0338232359589103,-0.21320051561659,0.0626995556805655));
#3189=CARTESIAN_POINT('',(-0.0368420245286749,-0.21320051561659,0.0617383525978724));
#3190=CARTESIAN_POINT('',(-0.04122084798243,-0.21320051561659,0.0599658620457314));
#3191=CARTESIAN_POINT('',(-0.0466824303007221,-0.21320051561659,0.0566778420482126));
#3192=CARTESIAN_POINT('',(-0.0503970468619969,-0.21320051561659,0.0537893489218817));
#3193=CARTESIAN_POINT('',(-0.0537320802467821,-0.21320051561659,0.050435440113072));
#3194=CARTESIAN_POINT('',(-0.0576054601491249,-0.213200515616591,0.0453769864794206));
#3195=CARTESIAN_POINT('',(-0.0597846126622492,-0.21320051561659,0.0412011366398849));
#3196=CARTESIAN_POINT('',(-0.061,-0.21320051561659,0.0382668245004895));
#3197=CARTESIAN_POINT('',(-0.0338232359589107,-0.213200515616589,0.0626995556805666));
#3198=CARTESIAN_POINT('',(-0.0338232359589106,-0.213200515616589,0.0626995556805663));
#3199=CARTESIAN_POINT('',(-0.0332940559618745,-0.213200515616589,0.0628470133519031));
#3200=CARTESIAN_POINT('',(-0.032768314054314,-0.21320051561659,0.063005816883844));
#3201=CARTESIAN_POINT('',(-0.0322461117308549,-0.21320051561659,0.0631763012135354));
#3202=CARTESIAN_POINT('',(-0.0322461117308549,-0.21320051561659,0.063176301213536));
#3203=CARTESIAN_POINT('',(-7.15815614594976E-08,-0.21320051561659,0.0666991684859934));
#3204=CARTESIAN_POINT('',(-0.005427539122691,-0.21320051561659,0.0666987804406556));
#3205=CARTESIAN_POINT('',(-0.0162898900859652,-0.21320051561659,0.0664179267955409));
#3206=CARTESIAN_POINT('',(-0.0270318935387853,-0.21320051561659,0.0646834188477447));
#3207=CARTESIAN_POINT('',(-0.0322461117308547,-0.21320051561659,0.0631763012135355));
#3208=CARTESIAN_POINT('',(-1.91201891258271E-10,-0.213200515497063,0.0666991688610445));
#3209=CARTESIAN_POINT('',(0.0322537178389824,-0.21320051561659,0.0631740918682987));
#3210=CARTESIAN_POINT('',(0.0270386273622285,-0.21320051561659,0.0646820676189735));
#3211=CARTESIAN_POINT('',(0.0162915104369654,-0.21320051561659,0.0664180944836957));
#3212=CARTESIAN_POINT('',(0.00542836552391527,-0.21320051561659,0.0666987884350446));
#3213=CARTESIAN_POINT('',(7.11991638663908E-08,-0.21320051561659,0.0666991689711216));
#3214=CARTESIAN_POINT('',(0.0322537178389821,-0.213200515616591,0.0631740918682976));
#3215=CARTESIAN_POINT('',(0.0338157233598403,-0.21320051561659,0.0627019653634126));
#3216=CARTESIAN_POINT('',(0.0332916220460386,-0.21320051561659,0.0628480130722558));
#3217=CARTESIAN_POINT('',(0.0327709156675831,-0.21320051561659,0.0630052636031098));
#3218=CARTESIAN_POINT('',(0.0322537178389822,-0.21320051561659,0.063174091868299));
#3219=CARTESIAN_POINT('',(0.0338157233598395,-0.213200515616592,0.0627019653634108));
#3220=CARTESIAN_POINT('',(0.0510000000000001,-0.21320051561659,0.0531070557287753));
#3221=CARTESIAN_POINT('',(0.0485677810790435,-0.21320051561659,0.0553692134767536));
#3222=CARTESIAN_POINT('',(0.044528456230096,-0.21320051561659,0.0582007465884184));
#3223=CARTESIAN_POINT('',(0.0385107736509772,-0.21320051561659,0.0610685391395995));
#3224=CARTESIAN_POINT('',(0.0353979037417997,-0.21320051561659,0.0621984052312841));
#3225=CARTESIAN_POINT('',(0.0338157233598401,-0.21320051561659,0.0627019653634123));
#3226=CARTESIAN_POINT('',(0.051,-0.21320051561659,0.0531070557287752));
#3227=CARTESIAN_POINT('',(0.051,-0.21320051561659,0.00957040007106202));
#3228=CARTESIAN_POINT('',(0.051,-0.21320051561659,0.0706416057833507));
#3229=CARTESIAN_POINT('',(0.053,-0.21320051561659,0.0706416057833507));
#3230=CARTESIAN_POINT('',(0.053,-0.21320051561659,0.0726416057833507));
#3231=CARTESIAN_POINT('',(-0.06,-0.21320051561659,0.0726416057833507));
#3232=CARTESIAN_POINT('',(0.054,-0.21320051561659,0.0726416057833507));
#3233=CARTESIAN_POINT('',(0.054,-0.21320051561659,0.0706416057833507));
#3234=CARTESIAN_POINT('',(0.056,-0.21320051561659,0.0706416057833507));
#3235=CARTESIAN_POINT('',(0.056,-0.21320051561659,0.00957040007106202));
#3236=CARTESIAN_POINT('',(0.056,-0.21320051561659,0.0460420149414712));
#3237=CARTESIAN_POINT('',(0.0562749209859832,-0.213200515617097,0.0470092135883501));
#3238=CARTESIAN_POINT('',(0.0561712095846763,-0.213200515617097,0.0466903906867609));
#3239=CARTESIAN_POINT('',(0.0560797300601803,-0.21320051561659,0.0463676626450313));
#3240=CARTESIAN_POINT('',(0.056,-0.21320051561659,0.0460420149414711));
#3241=CARTESIAN_POINT('',(0.0562748729385818,-0.213200515609831,0.047009013126773));
#3242=CARTESIAN_POINT('',(0.061,-0.21320051561659,0.0382668441522761));
#3243=CARTESIAN_POINT('',(0.0597211270798309,-0.21320051561659,0.0413544477923579));
#3244=CARTESIAN_POINT('',(0.0581726261740374,-0.21320051561659,0.0442840044143847));
#3245=CARTESIAN_POINT('',(0.0562748249145848,-0.21320051561659,0.0470088127081788));
#3246=CARTESIAN_POINT('',(0.,-0.112703275519327,0.0845360242761046));
#3247=CARTESIAN_POINT('',(0.,-0.112950085546129,0.0830564686635404));
#3248=CARTESIAN_POINT('',(0.035,-0.112950085546129,0.0830564686635404));
#3249=CARTESIAN_POINT('',(-0.035,-0.112950085546129,0.0830564686635404));
#3250=CARTESIAN_POINT('',(0.035,-0.112703275519327,0.0845360242761046));
#3251=CARTESIAN_POINT('',(-0.035,-0.112703275519327,0.0845360242761046));
#3252=CARTESIAN_POINT('',(-0.035,-0.137609128330824,0.0886906597272667));
#3253=CARTESIAN_POINT('',(-0.035,-0.162514981142321,0.0928452951784288));
#3254=CARTESIAN_POINT('',(-0.035,-0.162761791169123,0.0913657395658646));
#3255=CARTESIAN_POINT('',(-0.035,-0.137855938357625,0.0872111041147025));
#3256=CARTESIAN_POINT('',(0.,-0.162514981142321,0.0928452951784288));
#3257=CARTESIAN_POINT('',(0.035,-0.162514981142321,0.0928452951784288));
#3258=CARTESIAN_POINT('',(0.035,-0.162761791169123,0.0913657395658646));
#3259=CARTESIAN_POINT('',(0.,-0.162761791169123,0.0913657395658646));
#3260=CARTESIAN_POINT('',(0.035,-0.137609128330824,0.0886906597272667));
#3261=CARTESIAN_POINT('',(0.035,-0.137855938357625,0.0872111041147025));
#3262=CARTESIAN_POINT('',(-0.0297152748807015,-0.17220051561659,0.104141605783351));
#3263=CARTESIAN_POINT('',(-0.0297152748807015,-0.17270051561659,0.104141605783351));
#3264=CARTESIAN_POINT('',(-0.0297152748807015,-0.17270051561659,0.106641605783351));
#3265=CARTESIAN_POINT('',(-6.93889390390723E-18,-0.17220051561659,0.108141605783351));
#3266=CARTESIAN_POINT('',(-0.0297152748807015,-0.17220051561659,0.104141605783351));
#3267=CARTESIAN_POINT('',(-0.0297152748807015,-0.17220051561659,0.106141605783351));
#3268=CARTESIAN_POINT('',(0.0282847251192985,-0.17220051561659,0.112141605783351));
#3269=CARTESIAN_POINT('',(0.0282847251192985,-0.17270051561659,0.112141605783351));
#3270=CARTESIAN_POINT('',(0.0282847251192985,-0.17270051561659,0.114641605783351));
#3271=CARTESIAN_POINT('',(-6.93889390390723E-18,-0.17220051561659,0.108141605783351));
#3272=CARTESIAN_POINT('',(0.0282847251192985,-0.17220051561659,0.112141605783351));
#3273=CARTESIAN_POINT('',(0.0282847251192985,-0.17220051561659,0.114141605783351));
#3274=CARTESIAN_POINT('',(0.0362847251192985,-0.17220051561659,0.112141605783351));
#3275=CARTESIAN_POINT('',(0.0362847251192985,-0.17270051561659,0.112141605783351));
#3276=CARTESIAN_POINT('',(0.0362847251192985,-0.17270051561659,0.114641605783351));
#3277=CARTESIAN_POINT('',(-6.93889390390723E-18,-0.17220051561659,0.108141605783351));
#3278=CARTESIAN_POINT('',(0.0362847251192985,-0.17220051561659,0.112141605783351));
#3279=CARTESIAN_POINT('',(0.0362847251192985,-0.17220051561659,0.114141605783351));
#3280=CARTESIAN_POINT('',(0.0362847251192985,-0.17220051561659,0.104141605783351));
#3281=CARTESIAN_POINT('',(0.0362847251192985,-0.17270051561659,0.104141605783351));
#3282=CARTESIAN_POINT('',(0.0362847251192985,-0.17270051561659,0.106641605783351));
#3283=CARTESIAN_POINT('',(-6.93889390390723E-18,-0.17220051561659,0.108141605783351));
#3284=CARTESIAN_POINT('',(0.0362847251192985,-0.17220051561659,0.104141605783351));
#3285=CARTESIAN_POINT('',(0.0362847251192985,-0.17220051561659,0.106141605783351));
#3286=CARTESIAN_POINT('',(-0.0137152748807015,-0.17220051561659,0.104141605783351));
#3287=CARTESIAN_POINT('',(-0.0137152748807015,-0.17270051561659,0.104141605783351));
#3288=CARTESIAN_POINT('',(-0.0137152748807015,-0.17270051561659,0.106641605783351));
#3289=CARTESIAN_POINT('',(-6.93889390390723E-18,-0.17220051561659,0.108141605783351));
#3290=CARTESIAN_POINT('',(-0.0137152748807015,-0.17220051561659,0.104141605783351));
#3291=CARTESIAN_POINT('',(-0.0137152748807015,-0.17220051561659,0.106141605783351));
#3292=CARTESIAN_POINT('',(-0.0217152748807015,-0.17220051561659,0.112141605783351));
#3293=CARTESIAN_POINT('',(-0.0217152748807015,-0.17270051561659,0.112141605783351));
#3294=CARTESIAN_POINT('',(-0.0217152748807015,-0.17270051561659,0.114641605783351));
#3295=CARTESIAN_POINT('',(-6.93889390390723E-18,-0.17220051561659,0.108141605783351));
#3296=CARTESIAN_POINT('',(-0.0217152748807015,-0.17220051561659,0.112141605783351));
#3297=CARTESIAN_POINT('',(-0.0217152748807015,-0.17220051561659,0.114141605783351));
#3298=CARTESIAN_POINT('',(-0.0217152748807015,-0.17220051561659,0.104141605783351));
#3299=CARTESIAN_POINT('',(-0.0217152748807015,-0.17270051561659,0.104141605783351));
#3300=CARTESIAN_POINT('',(-0.0217152748807015,-0.17270051561659,0.106641605783351));
#3301=CARTESIAN_POINT('',(-6.93889390390723E-18,-0.17220051561659,0.108141605783351));
#3302=CARTESIAN_POINT('',(-0.0217152748807015,-0.17220051561659,0.104141605783351));
#3303=CARTESIAN_POINT('',(-0.0217152748807015,-0.17220051561659,0.106141605783351));
#3304=CARTESIAN_POINT('',(-0.0297152748807015,-0.17220051561659,0.112141605783351));
#3305=CARTESIAN_POINT('',(-0.0297152748807015,-0.17270051561659,0.112141605783351));
#3306=CARTESIAN_POINT('',(-0.0297152748807015,-0.17270051561659,0.114641605783351));
#3307=CARTESIAN_POINT('',(-6.93889390390723E-18,-0.17220051561659,0.108141605783351));
#3308=CARTESIAN_POINT('',(-0.0297152748807015,-0.17220051561659,0.112141605783351));
#3309=CARTESIAN_POINT('',(-0.0297152748807015,-0.17220051561659,0.114141605783351));
#3310=CARTESIAN_POINT('',(-0.0137152748807015,-0.17220051561659,0.112141605783351));
#3311=CARTESIAN_POINT('',(-0.0137152748807015,-0.17270051561659,0.112141605783351));
#3312=CARTESIAN_POINT('',(-0.0137152748807015,-0.17270051561659,0.114641605783351));
#3313=CARTESIAN_POINT('',(-6.93889390390723E-18,-0.17220051561659,0.108141605783351));
#3314=CARTESIAN_POINT('',(-0.0137152748807015,-0.17220051561659,0.112141605783351));
#3315=CARTESIAN_POINT('',(-0.0137152748807015,-0.17220051561659,0.114141605783351));
#3316=CARTESIAN_POINT('',(0.0202847251192985,-0.17220051561659,0.112141605783351));
#3317=CARTESIAN_POINT('',(0.0202847251192985,-0.17270051561659,0.112141605783351));
#3318=CARTESIAN_POINT('',(0.0202847251192985,-0.17270051561659,0.114641605783351));
#3319=CARTESIAN_POINT('',(-6.93889390390723E-18,-0.17220051561659,0.108141605783351));
#3320=CARTESIAN_POINT('',(0.0202847251192985,-0.17220051561659,0.112141605783351));
#3321=CARTESIAN_POINT('',(0.0202847251192985,-0.17220051561659,0.114141605783351));
#3322=CARTESIAN_POINT('',(0.0202847251192985,-0.17220051561659,0.104141605783351));
#3323=CARTESIAN_POINT('',(0.0202847251192985,-0.17270051561659,0.104141605783351));
#3324=CARTESIAN_POINT('',(0.0202847251192985,-0.17270051561659,0.106641605783351));
#3325=CARTESIAN_POINT('',(-6.93889390390723E-18,-0.17220051561659,0.108141605783351));
#3326=CARTESIAN_POINT('',(0.0202847251192985,-0.17220051561659,0.104141605783351));
#3327=CARTESIAN_POINT('',(0.0202847251192985,-0.17220051561659,0.106141605783351));
#3328=CARTESIAN_POINT('',(0.0282847251192985,-0.17220051561659,0.104141605783351));
#3329=CARTESIAN_POINT('',(0.0282847251192985,-0.17270051561659,0.104141605783351));
#3330=CARTESIAN_POINT('',(0.0282847251192985,-0.17270051561659,0.106641605783351));
#3331=CARTESIAN_POINT('',(-6.93889390390723E-18,-0.17220051561659,0.108141605783351));
#3332=CARTESIAN_POINT('',(0.0282847251192985,-0.17220051561659,0.104141605783351));
#3333=CARTESIAN_POINT('',(0.0282847251192985,-0.17220051561659,0.106141605783351));
#3334=CARTESIAN_POINT('',(0.0362847251192985,-0.17270051561659,0.112141605783351));
#3335=CARTESIAN_POINT('',(0.0362847251192985,-0.17270051561659,0.104141605783351));
#3336=CARTESIAN_POINT('',(0.0282847251192985,-0.17270051561659,0.112141605783351));
#3337=CARTESIAN_POINT('',(0.0282847251192985,-0.17270051561659,0.104141605783351));
#3338=CARTESIAN_POINT('',(0.0202847251192985,-0.17270051561659,0.104141605783351));
#3339=CARTESIAN_POINT('',(0.0202847251192985,-0.17270051561659,0.112141605783351));
#3340=CARTESIAN_POINT('',(-0.0137152748807015,-0.17270051561659,0.104141605783351));
#3341=CARTESIAN_POINT('',(-0.0137152748807015,-0.17270051561659,0.112141605783351));
#3342=CARTESIAN_POINT('',(-0.0217152748807015,-0.17270051561659,0.112141605783351));
#3343=CARTESIAN_POINT('',(-0.0217152748807015,-0.17270051561659,0.104141605783351));
#3344=CARTESIAN_POINT('',(-0.0297152748807015,-0.17270051561659,0.112141605783351));
#3345=CARTESIAN_POINT('',(-0.0297152748807015,-0.17270051561659,0.104141605783351));
#3346=CARTESIAN_POINT('',(0.0122847251192985,-0.16620051561659,0.108141605783351));
#3347=CARTESIAN_POINT('',(0.0122847251192985,-0.16644315630371,0.108141605783351));
#3348=CARTESIAN_POINT('',(0.0122847251192985,-0.16644315630371,0.109641605783351));
#3349=CARTESIAN_POINT('',(-0.0377152748807015,-0.16620051561659,0.108141605783351));
#3350=CARTESIAN_POINT('',(-0.0377152748807015,-0.16644315630371,0.108141605783351));
#3351=CARTESIAN_POINT('',(-0.0377152748807015,-0.16644315630371,0.109641605783351));
#3352=CARTESIAN_POINT('',(-0.0377152748807015,-0.16220051561659,0.108141605783351));
#3353=CARTESIAN_POINT('',(0.0122847251192985,-0.16220051561659,0.108141605783351));
#3354=CARTESIAN_POINT('',(0.056,-0.110862043526599,0.123016360530325));
#3355=CARTESIAN_POINT('',(0.056,-0.0979987356331593,0.0989834944846967));
#3356=CARTESIAN_POINT('',(-0.056,-0.110862043526599,0.123016360530325));
#3357=CARTESIAN_POINT('',(-0.056,-0.0979987356331593,0.0989834944846967));
#3358=CARTESIAN_POINT('',(0.056,-0.164369633610998,0.10920430840399));
#3359=CARTESIAN_POINT('',(-0.056,-0.164369633610998,0.10920430840399));
#3360=CARTESIAN_POINT('',(0.056,-0.0965830499286153,0.0963385305934593));
#3361=CARTESIAN_POINT('',(-0.056,-0.0965830499286153,0.0963385305934593));
#3362=CARTESIAN_POINT('',(-0.056,-0.19362808034768,0.121641605783351));
#3363=CARTESIAN_POINT('',(-0.056,-0.17220051561659,0.121641605783351));
#3364=CARTESIAN_POINT('',(0.056,-0.19362808034768,0.121641605783351));
#3365=CARTESIAN_POINT('',(0.056,-0.17220051561659,0.121641605783351));
#3366=CARTESIAN_POINT('',(0.056,-0.0646518989083303,0.0912204339088635));
#3367=CARTESIAN_POINT('',(-0.056,-0.0646518989083303,0.0912204339088635));
#3368=CARTESIAN_POINT('',(0.0595,-0.145670502082808,0.0479619628019927));
#3369=CARTESIAN_POINT('',(0.0595,-0.139088901368096,0.0874167791370373));
#3370=CARTESIAN_POINT('',(0.0595,-0.116402381975445,0.0836323587260777));
#3371=CARTESIAN_POINT('',(0.0595,-0.173611865661259,0.0931756797624105));
#3372=CARTESIAN_POINT('',(0.0595,-0.120870913591598,0.0568447880658661));
#3373=CARTESIAN_POINT('',(0.0595,-0.120906785471549,0.0566297463919018));
#3374=CARTESIAN_POINT('',(0.0595,-0.120906785471549,0.0566297463919018));
#3375=CARTESIAN_POINT('',(0.0595,-0.116936496012996,0.0561299785403804));
#3376=CARTESIAN_POINT('',(0.0595,-0.112978348763743,0.055548278374778));
#3377=CARTESIAN_POINT('',(0.0595,-0.10903446782039,0.0548703130710184));
#3378=CARTESIAN_POINT('',(0.0594999851442418,-0.109033583169716,0.0548701485797074));
#3379=CARTESIAN_POINT('',(0.0595,-0.111188611143607,0.0421277529791906));
#3380=CARTESIAN_POINT('',(0.0595,-0.109154982932372,0.054147859398278));
#3381=CARTESIAN_POINT('',(0.0595,-0.109154982932372,0.054147859398278));
#3382=CARTESIAN_POINT('',(0.0595,-0.11803315730637,0.0556887700913501));
#3383=CARTESIAN_POINT('',(0.0594999999999998,-0.135875836587714,0.0577889544309576));
#3384=CARTESIAN_POINT('',(0.0595,-0.153846320712925,0.0584359105255773));
#3385=CARTESIAN_POINT('',(0.0595,-0.162859657939163,0.0584399273998719));
#3386=CARTESIAN_POINT('',(0.0594999999984537,-0.162859657985174,0.0584398241596476));
#3387=CARTESIAN_POINT('',(0.0595,-0.162859658087724,0.0584397624914592));
#3388=CARTESIAN_POINT('',(0.0595,-0.168455435937098,0.0584490679622633));
#3389=CARTESIAN_POINT('',(0.0595,-0.174031552161142,0.0581600395483308));
#3390=CARTESIAN_POINT('',(0.0595,-0.179577507181761,0.0574133628558248));
#3391=CARTESIAN_POINT('',(0.0595,-0.179577507181761,0.057413362855829));
#3392=CARTESIAN_POINT('',(0.0595,-0.180193466375972,0.053720863427366));
#3393=CARTESIAN_POINT('',(-0.0025,-0.180193466375972,0.053720863427366));
#3394=CARTESIAN_POINT('',(0.056,-0.180193466375972,0.053720863427366));
#3395=CARTESIAN_POINT('',(0.056,-0.178998287499337,0.0608856194053066));
#3396=CARTESIAN_POINT('',(0.056,-0.17737085610102,0.0706416057833507));
#3397=CARTESIAN_POINT('',(0.054,-0.17737085610102,0.0706416057833507));
#3398=CARTESIAN_POINT('',(0.054,-0.177037228862266,0.0726416057833508));
#3399=CARTESIAN_POINT('',(-0.0025,-0.177037228862266,0.0726416057833508));
#3400=CARTESIAN_POINT('',(0.053,-0.177037228862266,0.0726416057833508));
#3401=CARTESIAN_POINT('',(0.053,-0.17737085610102,0.0706416057833508));
#3402=CARTESIAN_POINT('',(0.051,-0.17737085610102,0.0706416057833508));
#3403=CARTESIAN_POINT('',(0.051,-0.180193466375972,0.053720863427366));
#3404=CARTESIAN_POINT('',(0.051,-0.178333493224938,0.0648708711903844));
#3405=CARTESIAN_POINT('',(-3.57035599075173E-08,-0.176117359739732,0.0781559584241514));
#3406=CARTESIAN_POINT('',(0.00448477142559594,-0.176117250869042,0.0781566110728414));
#3407=CARTESIAN_POINT('',(0.013401741630364,-0.176183565292556,0.0777590750457401));
#3408=CARTESIAN_POINT('',(0.0265480381941604,-0.176525229233681,0.0757108973106044));
#3409=CARTESIAN_POINT('',(0.0394947476214761,-0.177197957235028,0.0716780850986408));
#3410=CARTESIAN_POINT('',(0.0473234370418812,-0.177901051316243,0.0674632369115422));
#3411=CARTESIAN_POINT('',(0.051,-0.178333493224939,0.0648708711903844));
#3412=CARTESIAN_POINT('',(-3.57035576138831E-08,-0.176117359740556,0.078155958408654));
#3413=CARTESIAN_POINT('',(-3.57035537413614E-08,-0.17611735973796,0.0781559584347739));
#3414=CARTESIAN_POINT('',(-0.00501817084929098,-0.17611723831707,0.0781566863183295));
#3415=CARTESIAN_POINT('',(-0.0149864873875938,-0.176199904201043,0.07766112795636));
#3416=CARTESIAN_POINT('',(-0.0272130222404853,-0.176563742494817,0.0754800213109153));
#3417=CARTESIAN_POINT('',(-0.0368333185766058,-0.177075073050487,0.0724147406846765));
#3418=CARTESIAN_POINT('',(-0.0436766617529007,-0.177573114560347,0.0694291240922166));
#3419=CARTESIAN_POINT('',(-0.0501379487820958,-0.178200571267547,0.0656677003575029));
#3420=CARTESIAN_POINT('',(-0.05413152577156,-0.178717541651111,0.0625686105739782));
#3421=CARTESIAN_POINT('',(-0.056,-0.17899828749933,0.0608856194053457));
#3422=CARTESIAN_POINT('',(-0.056,-0.178998287499331,0.0608856194053417));
#3423=CARTESIAN_POINT('',(-0.056,-0.180193466375972,0.053720863427366));
#3424=CARTESIAN_POINT('',(-0.056,-0.173611865661259,0.0931756797624105));
#3425=CARTESIAN_POINT('',(-0.0025,-0.173611865661259,0.0931756797624105));
#3426=CARTESIAN_POINT('',(0.056,-0.178998287499337,0.0608856194053066));
#3427=CARTESIAN_POINT('',(0.0572197721766304,-0.179181563227284,0.0597869337666232));
#3428=CARTESIAN_POINT('',(0.0583868750221185,-0.179374555983602,0.0586299973183931));
#3429=CARTESIAN_POINT('',(0.0595,-0.179577507181763,0.0574133628558247));
#3430=CARTESIAN_POINT('',(-0.056,-0.145670502082808,0.0479619628019927));
#3431=CARTESIAN_POINT('',(-0.056,-0.108484202659643,0.0581772049252035));
#3432=CARTESIAN_POINT('',(-0.056,-0.112434317143457,0.0588168082731475));
#3433=CARTESIAN_POINT('',(-0.056,-0.116395951302126,0.0593750262715316));
#3434=CARTESIAN_POINT('',(-0.056,-0.120368051576476,0.0598593022104484));
#3435=CARTESIAN_POINT('',(-0.055999999926113,-0.108484206561145,0.058177180829991));
#3436=CARTESIAN_POINT('',(-0.056,-0.120368051576476,0.0598593022104484));
#3437=CARTESIAN_POINT('',(-0.056,-0.122983982690157,0.0441775423910332));
#3438=CARTESIAN_POINT('',(-0.056,-0.116402381975445,0.0836323587260777));
#3439=CARTESIAN_POINT('',(-0.056,-0.139088901368096,0.0874167791370373));
#3440=CARTESIAN_POINT('',(-0.056,-0.178998287499331,0.0608856194053456));
#3441=CARTESIAN_POINT('',(-0.056,-0.173638390649337,0.0615113151862861));
#3442=CARTESIAN_POINT('',(-0.056,-0.168255878030565,0.0617553415240604));
#3443=CARTESIAN_POINT('',(-0.056,-0.162857904732659,0.0617384495241154));
#3444=CARTESIAN_POINT('',(-0.0560000099390393,-0.162857904611468,0.0617384882518234));
#3445=CARTESIAN_POINT('',(-0.056,-0.162857904433616,0.0617385762948927));
#3446=CARTESIAN_POINT('',(-0.056,-0.144667553003064,0.061701830765265));
#3447=CARTESIAN_POINT('',(-0.056,-0.12655902657568,0.0604401456542424));
#3448=CARTESIAN_POINT('',(-0.056,-0.10859235824924,0.0575206336671432));
#3449=CARTESIAN_POINT('',(-0.056,-0.10859235824924,0.0575206336671432));
#3450=CARTESIAN_POINT('',(-0.056,-0.111090768783866,0.0422895796363209));
#3451=CARTESIAN_POINT('',(0.00175,-0.16008373032923,0.0909190025442497));
#3452=CARTESIAN_POINT('',(-0.039,-0.158569716933524,0.0906664444899265));
#3453=CARTESIAN_POINT('',(-0.039,-0.161035642954464,0.091077794534596));
#3454=CARTESIAN_POINT('',(0.039,-0.158569716933524,0.0906664444899265));
#3455=CARTESIAN_POINT('',(0.039,-0.161035642954464,0.091077794534596));
#3456=CARTESIAN_POINT('',(0.039,-0.117142159781727,0.0837557637394786));
#3457=CARTESIAN_POINT('',(0.039,-0.119608085802667,0.0841671137841481));
#3458=CARTESIAN_POINT('',(-0.039,-0.117142159781727,0.0837557637394786));
#3459=CARTESIAN_POINT('',(-0.039,-0.119608085802667,0.0841671137841481));
#3460=CARTESIAN_POINT('',(0.0475,-0.116402381975445,0.0836323587260777));
#3461=CARTESIAN_POINT('',(-0.044,-0.116402381975445,0.0836323587260777));
#3462=CARTESIAN_POINT('',(-0.039,-0.117471239817463,0.0817830229227264));
#3463=CARTESIAN_POINT('',(-0.039,-0.117471239817463,0.0817830229227264));
#3464=CARTESIAN_POINT('',(-0.039,-0.119937165838403,0.0821943729673959));
#3465=CARTESIAN_POINT('',(-6.93889390390723E-18,-0.139417981403831,0.0854440383202851));
#3466=CARTESIAN_POINT('',(-0.039,-0.117471239817463,0.0817830229227263));
#3467=CARTESIAN_POINT('',(-0.039,-0.118334313924792,0.0819269954383606));
#3468=CARTESIAN_POINT('',(0.039,-0.117471239817463,0.0817830229227264));
#3469=CARTESIAN_POINT('',(0.039,-0.117471239817463,0.0817830229227264));
#3470=CARTESIAN_POINT('',(0.039,-0.119937165838403,0.0821943729673959));
#3471=CARTESIAN_POINT('',(-6.93889390390723E-18,-0.139417981403831,0.0854440383202851));
#3472=CARTESIAN_POINT('',(0.039,-0.117471239817463,0.0817830229227263));
#3473=CARTESIAN_POINT('',(0.039,-0.118334313924792,0.0819269954383606));
#3474=CARTESIAN_POINT('',(0.039,-0.158898796969259,0.0886937036731743));
#3475=CARTESIAN_POINT('',(0.039,-0.158898796969259,0.0886937036731743));
#3476=CARTESIAN_POINT('',(0.039,-0.1613647229902,0.0891050537178438));
#3477=CARTESIAN_POINT('',(-6.93889390390723E-18,-0.139417981403831,0.0854440383202851));
#3478=CARTESIAN_POINT('',(0.039,-0.158898796969259,0.0886937036731742));
#3479=CARTESIAN_POINT('',(0.039,-0.159761871076589,0.0888376761888085));
#3480=CARTESIAN_POINT('',(-0.039,-0.158898796969259,0.0886937036731743));
#3481=CARTESIAN_POINT('',(-0.039,-0.158898796969259,0.0886937036731743));
#3482=CARTESIAN_POINT('',(-0.039,-0.1613647229902,0.0891050537178438));
#3483=CARTESIAN_POINT('',(-6.93889390390723E-18,-0.139417981403831,0.0854440383202851));
#3484=CARTESIAN_POINT('',(-0.039,-0.158898796969259,0.0886937036731742));
#3485=CARTESIAN_POINT('',(-0.039,-0.159761871076589,0.0888376761888085));
#3486=CARTESIAN_POINT('',(-0.039,-0.158322906906722,0.0921460001024907));
#3487=CARTESIAN_POINT('',(-0.039,-0.158236399491855,0.0926645873448871));
#3488=CARTESIAN_POINT('',(-0.039,-0.158322906906722,0.0921460001024907));
#3489=CARTESIAN_POINT('',(-0.039,-0.159185981014051,0.092289972618125));
#3490=CARTESIAN_POINT('',(-0.039,-0.158898796969259,0.0886937036731743));
#3491=CARTESIAN_POINT('',(0.039,-0.158322906906722,0.0921460001024907));
#3492=CARTESIAN_POINT('',(0.039,-0.158236399491855,0.0926645873448871));
#3493=CARTESIAN_POINT('',(0.039,-0.158322906906722,0.0921460001024907));
#3494=CARTESIAN_POINT('',(0.039,-0.159185981014051,0.092289972618125));
#3495=CARTESIAN_POINT('',(0.039,-0.158898796969259,0.0886937036731743));
#3496=CARTESIAN_POINT('',(0.039,-0.116895349754925,0.0852353193520428));
#3497=CARTESIAN_POINT('',(0.039,-0.116808842340058,0.0857539065944392));
#3498=CARTESIAN_POINT('',(0.039,-0.116895349754925,0.0852353193520428));
#3499=CARTESIAN_POINT('',(0.039,-0.117758423862254,0.0853792918676771));
#3500=CARTESIAN_POINT('',(0.039,-0.117471239817463,0.0817830229227264));
#3501=CARTESIAN_POINT('',(-0.039,-0.116895349754925,0.0852353193520428));
#3502=CARTESIAN_POINT('',(-0.039,-0.116808842340058,0.0857539065944392));
#3503=CARTESIAN_POINT('',(-0.039,-0.116895349754925,0.0852353193520428));
#3504=CARTESIAN_POINT('',(-0.039,-0.117758423862254,0.0853792918676771));
#3505=CARTESIAN_POINT('',(-0.039,-0.117471239817463,0.0817830229227264));
#3506=CARTESIAN_POINT('',(-6.93889390390723E-18,-0.19421645204879,0.0726416057833507));
#3507=CARTESIAN_POINT('',(0.054,-0.21320051561659,0.0726416057833507));
#3508=CARTESIAN_POINT('',(0.053,-0.177037228862266,0.0726416057833508));
#3509=CARTESIAN_POINT('',(0.051,-0.19421645204879,0.0426416057833508));
#3510=CARTESIAN_POINT('',(0.051,-0.210017495660469,0.0562113245042279));
#3511=CARTESIAN_POINT('',(0.051,-0.205221299155807,0.0590530786945096));
#3512=CARTESIAN_POINT('',(0.051,-0.197497134438977,0.062030328045947));
#3513=CARTESIAN_POINT('',(0.051,-0.186605392215706,0.064445247650051));
#3514=CARTESIAN_POINT('',(0.051,-0.181108998903226,0.0651945734391633));
#3515=CARTESIAN_POINT('',(0.051,-0.178342927196966,0.065479122401661));
#3516=CARTESIAN_POINT('',(0.0510000001229434,-0.210017041882232,0.0562115780215495));
#3517=CARTESIAN_POINT('',(0.051,-0.178342927196966,0.065479122401661));
#3518=CARTESIAN_POINT('',(0.051,-0.178342925023512,0.0654791259615697));
#3519=CARTESIAN_POINT('',(0.051,-0.178339617087322,0.0652763769570949));
#3520=CARTESIAN_POINT('',(0.051,-0.17833647166834,0.0650736253029089));
#3521=CARTESIAN_POINT('',(0.051,-0.178333493224939,0.0648708711903844));
#3522=CARTESIAN_POINT('',(0.051,-0.21320051561659,0.0706416057833507));
#3523=CARTESIAN_POINT('',(0.051,-0.21320051561659,0.0531070557287752));
#3524=CARTESIAN_POINT('',(0.051,-0.212372216828816,0.0543608570759129));
#3525=CARTESIAN_POINT('',(0.051,-0.211312425329511,0.0554458230801013));
#3526=CARTESIAN_POINT('',(0.051,-0.210016588097311,0.0562118318727961));
#3527=CARTESIAN_POINT('',(0.056,-0.18320051561659,0.0426416057833508));
#3528=CARTESIAN_POINT('',(0.056,-0.177037228862266,0.0706416057833507));
#3529=CARTESIAN_POINT('',(0.056,-0.209785685507209,0.0505099619382152));
#3530=CARTESIAN_POINT('',(0.056,-0.207541066915667,0.0521183526720219));
#3531=CARTESIAN_POINT('',(0.056,-0.20280991618208,0.0548177594498099));
#3532=CARTESIAN_POINT('',(0.0559999999999999,-0.195174507518203,0.0577285294083397));
#3533=CARTESIAN_POINT('',(0.056,-0.187132093000639,0.0597366123165951));
#3534=CARTESIAN_POINT('',(0.056,-0.181722623936635,0.0605675898121251));
#3535=CARTESIAN_POINT('',(0.056,-0.178998287499337,0.0608856194053067));
#3536=CARTESIAN_POINT('',(0.0560000000092499,-0.209785880767778,0.0505102344376105));
#3537=CARTESIAN_POINT('',(0.056,-0.21320051561659,0.0460420149414713));
#3538=CARTESIAN_POINT('',(0.056,-0.212813684322425,0.0469127302546086));
#3539=CARTESIAN_POINT('',(0.0559999999999999,-0.211899262368106,0.048555513117221));
#3540=CARTESIAN_POINT('',(0.056,-0.210566090007651,0.0499530871838228));
#3541=CARTESIAN_POINT('',(0.056,-0.209786075998906,0.0505105076299854));
#3542=CARTESIAN_POINT('',(0.054,-0.18320051561659,0.0706416057833507));
#3543=CARTESIAN_POINT('',(0.053,-0.19421645204879,0.0706416057833507));
#3544=CARTESIAN_POINT('',(-0.0560000379021717,-0.10853835399048,0.0578494991532518));
#3545=CARTESIAN_POINT('',(-0.056000000116437,-0.108592301800336,0.0575206244073894));
#3546=CARTESIAN_POINT('',(-0.0561104919931512,-0.108572325561023,0.0576437920630989));
#3547=CARTESIAN_POINT('',(-0.0562209838698655,-0.10855234932171,0.0577669597188085));
#3548=CARTESIAN_POINT('',(-0.0563314757465798,-0.108532373082398,0.057890127374518));
#3549=CARTESIAN_POINT('',(-0.0563314758592681,-0.108532318450841,0.057890118412878));
#3550=CARTESIAN_POINT('',(-0.0563314757465797,-0.108532373082398,0.0578901273745181));
#3551=CARTESIAN_POINT('',(-0.0562212797836674,-0.108516355930862,0.0579863847693574));
#3552=CARTESIAN_POINT('',(-0.0561107916140181,-0.108500427958344,0.0580820948406219));
#3553=CARTESIAN_POINT('',(-0.0560000112376319,-0.108484589164844,0.0581772575883115));
#3554=CARTESIAN_POINT('',(8.01520706109995E-07,-0.211234576074564,0.0683714068045262));
#3555=CARTESIAN_POINT('',(6.77158561582001E-07,-0.205210969691702,0.0720530604926339));
#3556=CARTESIAN_POINT('',(3.9605610697694E-07,-0.190982544260525,0.0775140577856185));
#3557=CARTESIAN_POINT('',(1.67825789038927E-07,-0.172768072583727,0.0792222619168702));
#3558=CARTESIAN_POINT('',(6.12578420440609E-08,-0.162797037364273,0.0791995995631245));
#3559=CARTESIAN_POINT('',(-0.00624511741206728,-0.211234056550849,0.0683776820838557));
#3560=CARTESIAN_POINT('',(-0.00668182732986677,-0.205210590557732,0.0720581636639513));
#3561=CARTESIAN_POINT('',(-0.00750471151151748,-0.190982482355893,0.0775169805461062));
#3562=CARTESIAN_POINT('',(-0.00803079778683405,-0.172768126509259,0.0792234317572294));
#3563=CARTESIAN_POINT('',(-0.00817362532059232,-0.162797185553756,0.0791999385242733));
#3564=CARTESIAN_POINT('',(-0.0160138068463368,-0.211213190352857,0.0680947654532659));
#3565=CARTESIAN_POINT('',(-0.016925666328112,-0.205203196436171,0.0715496802099145));
#3566=CARTESIAN_POINT('',(-0.0185226189708934,-0.191003707430621,0.0766778599174054));
#3567=CARTESIAN_POINT('',(-0.0193665675340143,-0.172785050849219,0.0782742988285594));
#3568=CARTESIAN_POINT('',(-0.019534266082824,-0.162799237797203,0.0782397924784352));
#3569=CARTESIAN_POINT('',(-0.0283456359829479,-0.211174411048226,0.0661497665082891));
#3570=CARTESIAN_POINT('',(-0.0296911667312732,-0.20518397100921,0.0691517306432351));
#3571=CARTESIAN_POINT('',(-0.0318541926916135,-0.191026066620791,0.0736255180292057));
#3572=CARTESIAN_POINT('',(-0.0327376771245673,-0.172804573856731,0.0750339048987507));
#3573=CARTESIAN_POINT('',(-0.0328188403998354,-0.1627989889105,0.0750037425299659));
#3574=CARTESIAN_POINT('',(-0.0369541896973613,-0.21114552305503,0.0637342270854609));
#3575=CARTESIAN_POINT('',(-0.0385563689548092,-0.205164411093757,0.0663804853643284));
#3576=CARTESIAN_POINT('',(-0.041008662590533,-0.191028762448346,0.0703403710703545));
#3577=CARTESIAN_POINT('',(-0.0418375266838847,-0.17280990143155,0.0716111997003724));
#3578=CARTESIAN_POINT('',(-0.0418359730625778,-0.162796858142535,0.0715953470678018));
#3579=CARTESIAN_POINT('',(-0.0442415856713092,-0.211120865571237,0.0604428228701411));
#3580=CARTESIAN_POINT('',(-0.0460367476957949,-0.205137593839448,0.0627881473626369));
#3581=CARTESIAN_POINT('',(-0.0487009638289131,-0.191005966396443,0.0663039242127694));
#3582=CARTESIAN_POINT('',(-0.0494957819889006,-0.172799598177964,0.0674521582411192));
#3583=CARTESIAN_POINT('',(-0.0494440738024803,-0.162794515119849,0.0674516840001454));
#3584=CARTESIAN_POINT('',(-0.0498472134070794,-0.211101177349043,0.0566852992684923));
#3585=CARTESIAN_POINT('',(-0.0517898275809288,-0.205106678905992,0.0588171733420818));
#3586=CARTESIAN_POINT('',(-0.0546406225497721,-0.190962008952989,0.0620051819929353));
#3587=CARTESIAN_POINT('',(-0.0554676375872885,-0.172775997132062,0.06305086452691));
#3588=CARTESIAN_POINT('',(-0.0554096419475057,-0.162794291729633,0.0630590590914769));
#3589=CARTESIAN_POINT('',(-0.0537126877297584,-0.211078292891992,0.0531514149891077));
#3590=CARTESIAN_POINT('',(-0.0557477565934518,-0.205068184015612,0.0551654349264084));
#3591=CARTESIAN_POINT('',(-0.0587594095010658,-0.190903282621754,0.0581458416085686));
#3592=CARTESIAN_POINT('',(-0.059702963634285,-0.172746178565765,0.0590815514272873));
#3593=CARTESIAN_POINT('',(-0.0596894372055797,-0.162797777685717,0.0590711005081109));
#3594=CARTESIAN_POINT('',(-0.0574033531890541,-0.211054385152404,0.0488651836975101));
#3595=CARTESIAN_POINT('',(-0.0595558874648574,-0.205028357697585,0.0507644566350546));
#3596=CARTESIAN_POINT('',(-0.0627761609614629,-0.190832881550687,0.0535556024065953));
#3597=CARTESIAN_POINT('',(-0.063860984720121,-0.172704655705663,0.0543983194716792));
#3598=CARTESIAN_POINT('',(-0.0638998224101122,-0.162804903981537,0.0543719232654361));
#3599=CARTESIAN_POINT('',(-0.0595521985115241,-0.211048349361205,0.0454809858489358));
#3600=CARTESIAN_POINT('',(-0.061831240302326,-0.205014388730295,0.0472882910314372));
#3601=CARTESIAN_POINT('',(-0.065242395841236,-0.190789373162928,0.04996667463657));
#3602=CARTESIAN_POINT('',(-0.0663892712312844,-0.172669833651602,0.0508033006803249));
#3603=CARTESIAN_POINT('',(-0.0664363034884629,-0.162809972660186,0.0507912231939957));
#3604=CARTESIAN_POINT('',(-0.0607979131017322,-0.211048406851202,0.0430736810629841));
#3605=CARTESIAN_POINT('',(-0.0631703777250119,-0.205009103721491,0.0448195820898068));
#3606=CARTESIAN_POINT('',(-0.0667240986909762,-0.190762202537663,0.047424255736122));
#3607=CARTESIAN_POINT('',(-0.0679160956278501,-0.172645793605904,0.0482597380491582));
#3608=CARTESIAN_POINT('',(-0.0679670060094918,-0.162812696776929,0.0482582637420344));
#3609=CARTESIAN_POINT('',(-0.0563270491862049,-0.162856409367416,0.0621166514422998));
#3610=CARTESIAN_POINT('',(-0.0579765739370277,-0.162856905988968,0.0606901512541333));
#3611=CARTESIAN_POINT('',(-0.0595350301827553,-0.162858220403175,0.0591765965104422));
#3612=CARTESIAN_POINT('',(-0.0609999589083809,-0.162860133382969,0.0575811885178287));
#3613=CARTESIAN_POINT('',(-0.0563271128859818,-0.162857244347231,0.0621167253918362));
#3614=CARTESIAN_POINT('',(-0.0563270601874628,-0.162857244599384,0.0621166445416311));
#3615=CARTESIAN_POINT('',(-0.0563272470743535,-0.168267540162229,0.0621333962434281));
#3616=CARTESIAN_POINT('',(-0.0563280163832971,-0.173664347236272,0.0618882207823449));
#3617=CARTESIAN_POINT('',(-0.0563297274261511,-0.179041869553213,0.0612589562894371));
#3618=CARTESIAN_POINT('',(-0.056329727426153,-0.1790418695532,0.061258956289437));
#3619=CARTESIAN_POINT('',(-0.0563297274261511,-0.179041869553199,0.0612589562894389));
#3620=CARTESIAN_POINT('',(-0.0544434575724177,-0.178760310853263,0.0629577592669859));
#3621=CARTESIAN_POINT('',(-0.0504131791802787,-0.178242596007813,0.0660847242122073));
#3622=CARTESIAN_POINT('',(-0.0438984607156832,-0.177615341844568,0.069876467080534));
#3623=CARTESIAN_POINT('',(-0.037005604227631,-0.177117937656231,0.0728830655118477));
#3624=CARTESIAN_POINT('',(-0.0273254156476352,-0.176607413448703,0.0759668137246254));
#3625=CARTESIAN_POINT('',(-0.0150389779382936,-0.176244009710432,0.0781576654482096));
#3626=CARTESIAN_POINT('',(-0.00503438367635297,-0.17616122624678,0.0786547511273013));
#3627=CARTESIAN_POINT('',(7.1544254688468E-08,-0.176161369190762,0.0786540178266729));
#3628=CARTESIAN_POINT('',(7.15442545515296E-08,-0.176161369194313,0.0786540178263591));
#3629=CARTESIAN_POINT('',(7.97108206099188E-07,-0.211017217057409,0.0685034869636463));
#3630=CARTESIAN_POINT('',(6.10101818118231E-07,-0.201808956755134,0.07406966187403));
#3631=CARTESIAN_POINT('',(3.90399800080213E-07,-0.190068940941965,0.077425118933816));
#3632=CARTESIAN_POINT('',(2.15700645315592E-07,-0.176161369190092,0.0786540178060287));
#3633=CARTESIAN_POINT('',(-1.92910880942776E-07,-0.211017217224452,0.0685034872362513));
#3634=CARTESIAN_POINT('',(-0.0337467819010211,-0.210324860037237,0.0650104363627707));
#3635=CARTESIAN_POINT('',(-0.0311496335251831,-0.210391760552272,0.0657681056540615));
#3636=CARTESIAN_POINT('',(-0.0270866337970522,-0.210497650485641,0.0666849337857177));
#3637=CARTESIAN_POINT('',(-0.0221588488134334,-0.210629842594003,0.0674104812353524));
#3638=CARTESIAN_POINT('',(-0.0192878315613576,-0.210707653414911,0.06773629842284));
#3639=CARTESIAN_POINT('',(-0.0171561461647332,-0.210767017820226,0.0679348967524249));
#3640=CARTESIAN_POINT('',(-0.0148651523215504,-0.21082750909994,0.0681060928879853));
#3641=CARTESIAN_POINT('',(-0.0119032868785715,-0.210894856820308,0.0682798578525054));
#3642=CARTESIAN_POINT('',(-0.00678962024583807,-0.210987024263377,0.068474233617816));
#3643=CARTESIAN_POINT('',(-0.00263826719634097,-0.211018250182426,0.0685044916306435));
#3644=CARTESIAN_POINT('',(-1.92917173134564E-07,-0.211017564786287,0.0685032773808914));
#3645=CARTESIAN_POINT('',(-0.0337479176069706,-0.210317055156523,0.0650150185036091));
#3646=CARTESIAN_POINT('',(-0.0609999064822804,-0.210046676862514,0.0437017846202091));
#3647=CARTESIAN_POINT('',(-0.0606660252907248,-0.210037283616561,0.0443380730039323));
#3648=CARTESIAN_POINT('',(-0.0601442897004045,-0.210025048460355,0.0452790652970896));
#3649=CARTESIAN_POINT('',(-0.059405825258291,-0.21001237552997,0.0465045977999222));
#3650=CARTESIAN_POINT('',(-0.0588296749187703,-0.210004668569074,0.0474094552153428));
#3651=CARTESIAN_POINT('',(-0.0582331686180296,-0.209998746043635,0.0482965600530087));
#3652=CARTESIAN_POINT('',(-0.057711750974375,-0.209995252749945,0.0490299028105853));
#3653=CARTESIAN_POINT('',(-0.0573479426758972,-0.209993610088639,0.0495214959740232));
#3654=CARTESIAN_POINT('',(-0.0571485704865175,-0.209992937994916,0.0497851261630855));
#3655=CARTESIAN_POINT('',(-0.0570581082587186,-0.209992681289568,0.0499035238824257));
#3656=CARTESIAN_POINT('',(-0.0570046829342354,-0.209992539736763,0.049973169382877));
#3657=CARTESIAN_POINT('',(-0.0569245827154352,-0.209992346153845,0.0500770748365965));
#3658=CARTESIAN_POINT('',(-0.0568023936231261,-0.20999209781021,0.0502342692088742));
#3659=CARTESIAN_POINT('',(-0.0565821745353346,-0.209991762870215,0.0505144003999312));
#3660=CARTESIAN_POINT('',(-0.0562604514442292,-0.209991604936327,0.0509141442039529));
#3661=CARTESIAN_POINT('',(-0.055725281545422,-0.209992030780622,0.0515582919595424));
#3662=CARTESIAN_POINT('',(-0.055019772151234,-0.209993903633674,0.052367477486289));
#3663=CARTESIAN_POINT('',(-0.0542598134287965,-0.209997376811381,0.053181697566102));
#3664=CARTESIAN_POINT('',(-0.0536189834756521,-0.210000879777217,0.0538325244532565));
#3665=CARTESIAN_POINT('',(-0.0531989153375016,-0.210003360229268,0.0542436986713587));
#3666=CARTESIAN_POINT('',(-0.0529054547944517,-0.210005154338598,0.0545233444873506));
#3667=CARTESIAN_POINT('',(-0.0527444813206018,-0.210006152900217,0.0546744130491522));
#3668=CARTESIAN_POINT('',(-0.0526714169207641,-0.210006607556248,0.0547426242404239));
#3669=CARTESIAN_POINT('',(-0.052524446258612,-0.210007528466961,0.0548789883039524));
#3670=CARTESIAN_POINT('',(-0.0523514144861152,-0.210008635856068,0.0550375411014363));
#3671=CARTESIAN_POINT('',(-0.0520679996204352,-0.210010494345824,0.0552935592397866));
#3672=CARTESIAN_POINT('',(-0.0515737599200667,-0.21001386436985,0.0557300391124392));
#3673=CARTESIAN_POINT('',(-0.0508637577466339,-0.210019097608258,0.0563300497758785));
#3674=CARTESIAN_POINT('',(-0.0500106330296781,-0.210026098576748,0.0570109169057019));
#3675=CARTESIAN_POINT('',(-0.0491575666528919,-0.210033885981489,0.0576547964432237));
#3676=CARTESIAN_POINT('',(-0.0483070197342137,-0.210042505398612,0.0582626493752344));
#3677=CARTESIAN_POINT('',(-0.047601046838492,-0.210050430476919,0.0587408426272338));
#3678=CARTESIAN_POINT('',(-0.0470410283265216,-0.210057195927103,0.059105787214111));
#3679=CARTESIAN_POINT('',(-0.0466886847260672,-0.210061664522409,0.0593294360489764));
#3680=CARTESIAN_POINT('',(-0.0464505348040033,-0.210064788858328,0.0594778489809114));
#3681=CARTESIAN_POINT('',(-0.0463212544486156,-0.210066517734478,0.0595575776582396));
#3682=CARTESIAN_POINT('',(-0.0462642454989852,-0.210067284762907,0.0595926165422544));
#3683=CARTESIAN_POINT('',(-0.0460839715030652,-0.210069729945426,0.0597029385008795));
#3684=CARTESIAN_POINT('',(-0.0458281057684981,-0.210073294247124,0.0598573160624864));
#3685=CARTESIAN_POINT('',(-0.0453549603808009,-0.210080128503003,0.0601370022615799));
#3686=CARTESIAN_POINT('',(-0.0447566615069738,-0.210089241191254,0.0604793512504193));
#3687=CARTESIAN_POINT('',(-0.0437731522204372,-0.210105193912395,0.0610182348737318));
#3688=CARTESIAN_POINT('',(-0.042499373790237,-0.210127639285366,0.0616711246724891));
#3689=CARTESIAN_POINT('',(-0.0403640157614013,-0.210169006316153,0.0626690776533004));
#3690=CARTESIAN_POINT('',(-0.0375122873655327,-0.210230997414343,0.0638231205898367));
#3691=CARTESIAN_POINT('',(-0.0350345409737092,-0.21029170261204,0.0646347304396732));
#3692=CARTESIAN_POINT('',(-0.0337476240946167,-0.21032483798503,0.0650101908488208));
#3693=CARTESIAN_POINT('',(-5.4308521338199E-09,-0.163515693383382,0.0791998425729477));
#3694=CARTESIAN_POINT('',(7.00362109858439E-09,-0.145044977217688,0.079213661564363));
#3695=CARTESIAN_POINT('',(3.31169141287029E-08,-0.109924743341578,0.0767177350006477));
#3696=CARTESIAN_POINT('',(9.19707524319081E-08,-0.0777150120140917,0.0693888935388981));
#3697=CARTESIAN_POINT('',(1.42367803209052E-07,-0.0621924965785859,0.0644998191544549));
#3698=CARTESIAN_POINT('',(0.0041836327304753,-0.163515714418201,0.0791998484767495));
#3699=CARTESIAN_POINT('',(0.0043306402708119,-0.145045070421053,0.0792135733489346));
#3700=CARTESIAN_POINT('',(0.00421756180704689,-0.109925149546403,0.0767173655596404));
#3701=CARTESIAN_POINT('',(0.00361502039282202,-0.0777158946673352,0.069388087658242));
#3702=CARTESIAN_POINT('',(0.00327125901098079,-0.0621936191079444,0.0644987624287708));
#3703=CARTESIAN_POINT('',(0.0102270762178552,-0.163516660592066,0.0789482773854034));
#3704=CARTESIAN_POINT('',(0.0104868032657701,-0.145037125871987,0.0789544159222537));
#3705=CARTESIAN_POINT('',(0.0101226641724134,-0.109906256427863,0.0764639486864279));
#3706=CARTESIAN_POINT('',(0.00865778510854828,-0.0777141905236909,0.0692001765140919));
#3707=CARTESIAN_POINT('',(0.0078122797849724,-0.062211742363147,0.0643644281903287));
#3708=CARTESIAN_POINT('',(0.0178080322916414,-0.163518264244031,0.0781030844953215));
#3709=CARTESIAN_POINT('',(0.0181023780897117,-0.145017861992426,0.0780995473118195));
#3710=CARTESIAN_POINT('',(0.0174358658757745,-0.109868627932822,0.0756510513529537));
#3711=CARTESIAN_POINT('',(0.0151221262322867,-0.0777390714104633,0.0685952983856062));
#3712=CARTESIAN_POINT('',(0.0137607887179536,-0.0622979827091311,0.0639191845103833));
#3713=CARTESIAN_POINT('',(0.0232525650647715,-0.163519321331863,0.0772132071802255));
#3714=CARTESIAN_POINT('',(0.023530237574399,-0.145001230322727,0.0772046712005117));
#3715=CARTESIAN_POINT('',(0.0226630824623556,-0.109842016600299,0.0748076486855409));
#3716=CARTESIAN_POINT('',(0.0198549993726154,-0.0777821228344727,0.0679634687005458));
#3717=CARTESIAN_POINT('',(0.0181798406072336,-0.0624043214141012,0.0634454524976777));
#3718=CARTESIAN_POINT('',(0.02903132177682,-0.163520065975688,0.0759388530431372));
#3719=CARTESIAN_POINT('',(0.0292557784527496,-0.14498241819358,0.0759294468214138));
#3720=CARTESIAN_POINT('',(0.0281910396175981,-0.109821232212221,0.0736155867135492));
#3721=CARTESIAN_POINT('',(0.0249596726015325,-0.0778651903850518,0.0670646243139887));
#3722=CARTESIAN_POINT('',(0.0230010380871784,-0.062575611616454,0.0627597209721078));
#3723=CARTESIAN_POINT('',(0.0350369007490117,-0.163520063666899,0.0741696079595945));
#3724=CARTESIAN_POINT('',(0.0351754937694544,-0.144964184054138,0.0741663434225209));
#3725=CARTESIAN_POINT('',(0.0339285867358193,-0.10981960537269,0.0719791493707994));
#3726=CARTESIAN_POINT('',(0.030366657169694,-0.0780149454930806,0.065818154293524));
#3727=CARTESIAN_POINT('',(0.028168476945085,-0.062844606622893,0.0617876751663161));
#3728=CARTESIAN_POINT('',(0.0411449738883296,-0.163518946922587,0.0717809980935823));
#3729=CARTESIAN_POINT('',(0.0411851153754837,-0.144952578625781,0.071792240048332));
#3730=CARTESIAN_POINT('',(0.0398021064787979,-0.109862010083518,0.0697842766800659));
#3731=CARTESIAN_POINT('',(0.0360317914568811,-0.0782758257858728,0.0641155060958013));
#3732=CARTESIAN_POINT('',(0.0336572888673294,-0.0632628931625528,0.0604185911623836));
#3733=CARTESIAN_POINT('',(0.0463321358112406,-0.163517219000355,0.0691722564706965));
#3734=CARTESIAN_POINT('',(0.046300303981543,-0.144954279402275,0.0692000720549662));
#3735=CARTESIAN_POINT('',(0.0448567206355057,-0.109956520474716,0.0673861415382118));
#3736=CARTESIAN_POINT('',(0.0410054067938904,-0.0786253379112852,0.0622115766878201));
#3737=CARTESIAN_POINT('',(0.0385344185940736,-0.0637811376683851,0.0588367666284967));
#3738=CARTESIAN_POINT('',(0.0504965312421248,-0.163515689284317,0.0666051641695428));
#3739=CARTESIAN_POINT('',(0.0504305879074318,-0.144968606906378,0.0666438422979423));
#3740=CARTESIAN_POINT('',(0.048982714629347,-0.110091593932503,0.0650051709762493));
#3741=CARTESIAN_POINT('',(0.0451200526226301,-0.079027494263943,0.0602643492803016));
#3742=CARTESIAN_POINT('',(0.0426057364373985,-0.0643474487560897,0.0571624294471019));
#3743=CARTESIAN_POINT('',(0.0535867281381992,-0.163514812576867,0.0643857792616895));
#3744=CARTESIAN_POINT('',(0.0535167767773228,-0.144989626917075,0.0644272605081471));
#3745=CARTESIAN_POINT('',(0.0520948801383104,-0.110237124921223,0.0629209709897857));
#3746=CARTESIAN_POINT('',(0.0482478842080103,-0.0794165782091195,0.0585099935773638));
#3747=CARTESIAN_POINT('',(0.0457182666137532,-0.0648785675120638,0.0556098713194539));
#3748=CARTESIAN_POINT('',(0.0559289205981306,-0.163514547506011,0.0624854504407451));
#3749=CARTESIAN_POINT('',(0.0558732012991758,-0.145012769127216,0.0625225476991772));
#3750=CARTESIAN_POINT('',(0.054480673074799,-0.110376844291754,0.0611179879030323));
#3751=CARTESIAN_POINT('',(0.0506365788371594,-0.0797677123339853,0.0569658298481335));
#3752=CARTESIAN_POINT('',(0.0480946144294494,-0.065348323851764,0.0542184137958971));
#3753=CARTESIAN_POINT('',(0.0577960979048097,-0.163514732687733,0.0608219575314492));
#3754=CARTESIAN_POINT('',(0.0577636480144723,-0.145036401795481,0.0608504713913082));
#3755=CARTESIAN_POINT('',(0.0563987596328789,-0.110508926225992,0.0595247946500888));
#3756=CARTESIAN_POINT('',(0.0525479113276726,-0.0800864991295424,0.0555777963207176));
#3757=CARTESIAN_POINT('',(0.0499948887478589,-0.0657688875591445,0.0529474824847277));
#3758=CARTESIAN_POINT('',(0.0595905237014856,-0.163515393460233,0.0590906150697021));
#3759=CARTESIAN_POINT('',(0.0595941065127393,-0.145064810763974,0.0591038492396641));
#3760=CARTESIAN_POINT('',(0.0582664929823558,-0.110659072604128,0.0578450109817836));
#3761=CARTESIAN_POINT('',(0.054411347364243,-0.0804377831610255,0.0540816197344911));
#3762=CARTESIAN_POINT('',(0.0518524648080689,-0.0662273057875261,0.0515521720494578));
#3763=CARTESIAN_POINT('',(0.0616405587256353,-0.163516887483674,0.0569204371069731));
#3764=CARTESIAN_POINT('',(0.061697049584247,-0.145105772112892,0.056911410021392));
#3765=CARTESIAN_POINT('',(0.0604304825984288,-0.110865784295919,0.0557033847240819));
#3766=CARTESIAN_POINT('',(0.0565835231048352,-0.0809055381140427,0.052109187417573));
#3767=CARTESIAN_POINT('',(0.0540224716627397,-0.0668310027373351,0.0496753168521209));
#3768=CARTESIAN_POINT('',(0.0649950216447355,-0.163519803497211,0.0529198359613774));
#3769=CARTESIAN_POINT('',(0.0651065718039251,-0.145185779843343,0.0529085726416823));
#3770=CARTESIAN_POINT('',(0.0638933848701469,-0.11125835401273,0.0517687643694578));
#3771=CARTESIAN_POINT('',(0.0600194823194964,-0.0817625910014562,0.0483733136892794));
#3772=CARTESIAN_POINT('',(0.0574242800228974,-0.0679239514184593,0.0460687224916842));
#3773=CARTESIAN_POINT('',(0.067361778975208,-0.163521818141913,0.0493717139429143));
#3774=CARTESIAN_POINT('',(0.0674942433053266,-0.145260041748469,0.049381419732706));
#3775=CARTESIAN_POINT('',(0.0662659517488154,-0.111610407322983,0.048251103649004));
#3776=CARTESIAN_POINT('',(0.0622892484275146,-0.0824960063896839,0.0448921800311193));
#3777=CARTESIAN_POINT('',(0.0596154636294763,-0.0688428302990032,0.0426383430745975));
#3778=CARTESIAN_POINT('',(0.0688639725838699,-0.163522243568533,0.0467150638384636));
#3779=CARTESIAN_POINT('',(0.0689946748038132,-0.145310510253129,0.0467537894967772));
#3780=CARTESIAN_POINT('',(0.0677135763083017,-0.111847083758035,0.0456382914622128));
#3781=CARTESIAN_POINT('',(0.0636081870015251,-0.0829734271994987,0.0423041786787845));
#3782=CARTESIAN_POINT('',(0.0608470424713077,-0.0694324878937769,0.0400916141434759));
#3783=CARTESIAN_POINT('',(0.0598582538893423,-0.162860022313971,0.0587887171527898));
#3784=CARTESIAN_POINT('',(0.0602449865596435,-0.162860445785113,0.0583915879521052));
#3785=CARTESIAN_POINT('',(0.060625596744468,-0.16286091111814,0.0579890696232973));
#3786=CARTESIAN_POINT('',(0.0610000411620278,-0.162861395278028,0.0575812656756074));
#3787=CARTESIAN_POINT('',(0.059858171659303,-0.162859182060412,0.0587886361794799));
#3788=CARTESIAN_POINT('',(0.059858210711033,-0.162859182016767,0.0587887611175672));
#3789=CARTESIAN_POINT('',(0.059856983539192,-0.153837666155148,0.0587859932010995));
#3790=CARTESIAN_POINT('',(0.0598558522290938,-0.135849547912777,0.058139540147029));
#3791=CARTESIAN_POINT('',(0.0598609003001305,-0.117986417910135,0.0560320122743102));
#3792=CARTESIAN_POINT('',(0.0598672974232026,-0.109096968930389,0.0544821152560915));
#3793=CARTESIAN_POINT('',(0.0598672974232026,-0.109096968930412,0.0544821152560956));
#3794=CARTESIAN_POINT('',(0.0594999964395546,-0.109032668306374,0.0548700074473252));
#3795=CARTESIAN_POINT('',(0.0596231290169026,-0.109054021079306,0.0547414469570806));
#3796=CARTESIAN_POINT('',(0.0597455628236626,-0.109075499514379,0.0546121571558585));
#3797=CARTESIAN_POINT('',(0.0598672978598345,-0.109097103611593,0.0544821380436588));
#3798=CARTESIAN_POINT('',(0.0595,-0.120906785471549,0.0566297463919018));
#3799=CARTESIAN_POINT('',(0.0595,-0.120010249425721,0.0565168931860809));
#3800=CARTESIAN_POINT('',(0.0592988375013498,-0.118239886421304,0.0564943374517331));
#3801=CARTESIAN_POINT('',(0.0584678699986046,-0.11570063071677,0.0569837910896015));
#3802=CARTESIAN_POINT('',(0.0572321478207458,-0.113457356354679,0.05784566493194));
#3803=CARTESIAN_POINT('',(0.0552041819915993,-0.11092015976924,0.05929061432863));
#3804=CARTESIAN_POINT('',(0.0520281047887626,-0.108535656360834,0.0614622015871988));
#3805=CARTESIAN_POINT('',(0.0490520531643482,-0.107633197284701,0.0632705168556447));
#3806=CARTESIAN_POINT('',(0.0474999836883977,-0.107484090343895,0.0641643831972737));
#3807=CARTESIAN_POINT('',(1.2119216719248E-07,-0.0695909043777314,0.0667251167222731));
#3808=CARTESIAN_POINT('',(8.85115218201914E-08,-0.0812792307510795,0.0700748070170626));
#3809=CARTESIAN_POINT('',(6.6418228624399E-08,-0.0933028055860778,0.0727475404130239));
#3810=CARTESIAN_POINT('',(4.93060432589086E-08,-0.105720629023107,0.0747518354853751));
#3811=CARTESIAN_POINT('',(-0.063265026404972,-0.20996512758199,0.0389471617812827));
#3812=CARTESIAN_POINT('',(-0.0620015527977229,-0.209965110091946,0.0420366573002761));
#3813=CARTESIAN_POINT('',(-0.0596489596391585,-0.209965098506727,0.0466027979317111));
#3814=CARTESIAN_POINT('',(-0.0553797495931456,-0.20996514999728,0.0521515622580662));
#3815=CARTESIAN_POINT('',(-0.051590010804193,-0.209965082406735,0.0558986804928535));
#3816=CARTESIAN_POINT('',(-0.0473801732477806,-0.2099651418204,0.0590581762490697));
#3817=CARTESIAN_POINT('',(-0.041415488099151,-0.209965098107926,0.0624970085555114));
#3818=CARTESIAN_POINT('',(-0.0367129453753952,-0.209965145951628,0.0642942539263047));
#3819=CARTESIAN_POINT('',(-0.0335741050872907,-0.209965107747762,0.0652404845875765));
#3820=CARTESIAN_POINT('',(-0.0630198321133957,-0.210557636851731,0.0388468738433373));
#3821=CARTESIAN_POINT('',(-0.061762320045887,-0.210557617734902,0.041921831108735));
#3822=CARTESIAN_POINT('',(-0.0594221845122184,-0.210557605072471,0.0464630081899658));
#3823=CARTESIAN_POINT('',(-0.0551801706958432,-0.210557661350689,0.0519761064028591));
#3824=CARTESIAN_POINT('',(-0.0514167935252628,-0.210557587479093,0.05569718271028));
#3825=CARTESIAN_POINT('',(-0.0472343535631924,-0.210557652412732,0.0588362327173111));
#3826=CARTESIAN_POINT('',(-0.0413042776933331,-0.210557604637177,0.0622552959040252));
#3827=CARTESIAN_POINT('',(-0.0366239775891123,-0.210557656928514,0.0640444022993265));
#3828=CARTESIAN_POINT('',(-0.0334976788910509,-0.210557615172769,0.064986848868726));
#3829=CARTESIAN_POINT('',(-0.0624070002366808,-0.211713502511851,0.0385962196248875));
#3830=CARTESIAN_POINT('',(-0.0611643874921462,-0.21171348184619,0.0416348379259241));
#3831=CARTESIAN_POINT('',(-0.0588553932777762,-0.211713468155783,0.0461136168579324));
#3832=CARTESIAN_POINT('',(-0.0546813445802414,-0.211713528994428,0.0515375837797593));
#3833=CARTESIAN_POINT('',(-0.0509838669976845,-0.211713449148229,0.0551935567534965));
#3834=CARTESIAN_POINT('',(-0.046869892206504,-0.211713519330266,0.0582815178631756));
#3835=CARTESIAN_POINT('',(-0.041026325820678,-0.211713467686135,0.0616511629345334));
#3836=CARTESIAN_POINT('',(-0.036401610210815,-0.211713524213035,0.0634199338847524));
#3837=CARTESIAN_POINT('',(-0.033306663678758,-0.211713479076776,0.0643529182915353));
#3838=CARTESIAN_POINT('',(-0.0615502040766344,-0.212752114123906,0.0382457855662385));
#3839=CARTESIAN_POINT('',(-0.0603284156399103,-0.212752095395286,0.0412336008817109));
#3840=CARTESIAN_POINT('',(-0.0580629700785393,-0.212752082985596,0.0456251248684351));
#3841=CARTESIAN_POINT('',(-0.0539839376562708,-0.212752138122617,0.050924497372172));
#3842=CARTESIAN_POINT('',(-0.0503786013412265,-0.212752065774003,0.0544894272440398));
#3843=CARTESIAN_POINT('',(-0.0463603364491363,-0.212752129361247,0.0575059829290901));
#3844=CARTESIAN_POINT('',(-0.0406377303597454,-0.212752082561992,0.0608065202615082));
#3845=CARTESIAN_POINT('',(-0.0360907110909764,-0.212752133787829,0.0625468780010739));
#3846=CARTESIAN_POINT('',(-0.0330396105002395,-0.212752092884578,0.0634666210027907));
#3847=CARTESIAN_POINT('',(-0.0610695445509632,-0.213217203077044,0.0380491958843844));
#3848=CARTESIAN_POINT('',(-0.0598594361273688,-0.213217185998205,0.0410085108745953));
#3849=CARTESIAN_POINT('',(-0.0576184272321784,-0.213217174680177,0.0453510772052456));
#3850=CARTESIAN_POINT('',(-0.0535926922732452,-0.213217224961362,0.0505805641385636));
#3851=CARTESIAN_POINT('',(-0.0500390557678581,-0.213217158990964,0.0540944054630351));
#3852=CARTESIAN_POINT('',(-0.0460744740233216,-0.213217216970293,0.0570709154533219));
#3853=CARTESIAN_POINT('',(-0.0404197345004568,-0.213217174294778,0.0603326749186046));
#3854=CARTESIAN_POINT('',(-0.035916292887317,-0.213217221007635,0.0620571015195341));
#3855=CARTESIAN_POINT('',(-0.0328897971090394,-0.213217183708143,0.0629694104851887));
#3856=CARTESIAN_POINT('',(-0.0331433814256358,-0.213097681728293,0.0630290916328714));
#3857=CARTESIAN_POINT('',(-0.0333977999865967,-0.212286283370762,0.0638627525621837));
#3858=CARTESIAN_POINT('',(-0.0336021449977853,-0.211327897515474,0.0645323215188385));
#3859=CARTESIAN_POINT('',(-0.0337479846340587,-0.210324904271387,0.0650101841482341));
#3860=CARTESIAN_POINT('',(-0.0331419402412419,-0.213099904517504,0.0630262235965155));
#3861=CARTESIAN_POINT('',(-0.0338232359589095,-0.21320051561659,0.0626995556805661));
#3862=CARTESIAN_POINT('',(-0.033614977412143,-0.213142660948196,0.0628331678187059));
#3863=CARTESIAN_POINT('',(-0.0333832827492045,-0.213105848639123,0.0629466680126504));
#3864=CARTESIAN_POINT('',(-0.0331433814256349,-0.213097681728293,0.0630290916328712));
#3865=CARTESIAN_POINT('',(0.000599797734821355,-0.163516243636879,0.0791986974451214));
#3866=CARTESIAN_POINT('',(0.000621456455800623,-0.145045376359282,0.0792125041029915));
#3867=CARTESIAN_POINT('',(0.000606201312435825,-0.109924895197769,0.0767166182278576));
#3868=CARTESIAN_POINT('',(0.000520647095156238,-0.0777150768260608,0.069388039940462));
#3869=CARTESIAN_POINT('',(0.000471844422974555,-0.0621925746758805,0.0644991793656608));
#3870=CARTESIAN_POINT('',(-0.00362360748345471,-0.163516196548465,0.0792147949038986));
#3871=CARTESIAN_POINT('',(-0.00375708782177198,-0.145045960271961,0.0792290288647626));
#3872=CARTESIAN_POINT('',(-0.00366513768259669,-0.109926433085648,0.0767325878468418));
#3873=CARTESIAN_POINT('',(-0.00314394903962423,-0.0777158841606102,0.0693994958302013));
#3874=CARTESIAN_POINT('',(-0.00284716916540055,-0.0621922929931844,0.0645070113753216));
#3875=CARTESIAN_POINT('',(-0.00972426722774524,-0.163517109224935,0.0789845140819008));
#3876=CARTESIAN_POINT('',(-0.00997825627258617,-0.145038556061247,0.0789913995496175));
#3877=CARTESIAN_POINT('',(-0.00963538987868711,-0.109908708948828,0.0764995680856185));
#3878=CARTESIAN_POINT('',(-0.00823603512336302,-0.0777139774983449,0.0692265195181411));
#3879=CARTESIAN_POINT('',(-0.00742930051451244,-0.0622087566299218,0.0643834358420131));
#3880=CARTESIAN_POINT('',(-0.017376329383039,-0.1635187169711,0.0781618822106698));
#3881=CARTESIAN_POINT('',(-0.0176704138898594,-0.145019522210394,0.0781588560658274));
#3882=CARTESIAN_POINT('',(-0.0170203660454148,-0.109871069749406,0.0757072130762844));
#3883=CARTESIAN_POINT('',(-0.0147500596436439,-0.0777368618426915,0.0686372019216497));
#3884=CARTESIAN_POINT('',(-0.013415666001363,-0.0622914599947608,0.0639502755617051));
#3885=CARTESIAN_POINT('',(-0.022871506320018,-0.163519803412883,0.0772859254927602));
#3886=CARTESIAN_POINT('',(-0.023151608714073,-0.1450028891262,0.0772776422881632));
#3887=CARTESIAN_POINT('',(-0.022297977198146,-0.10984395741561,0.0748761670246792));
#3888=CARTESIAN_POINT('',(-0.0195209484158651,-0.0777780936336926,0.0680149337893274));
#3889=CARTESIAN_POINT('',(-0.0178660247964402,-0.0623951089143923,0.0634843333485482));
#3890=CARTESIAN_POINT('',(-0.0287034733306433,-0.163520593053054,0.076023698452313));
#3891=CARTESIAN_POINT('',(-0.0289320308123022,-0.144983915218312,0.0760141910970875));
#3892=CARTESIAN_POINT('',(-0.0278779054829951,-0.10982218303459,0.0736945345033584));
#3893=CARTESIAN_POINT('',(-0.0246671607169028,-0.0778588849564314,0.0671244389901823));
#3894=CARTESIAN_POINT('',(-0.0227229159569388,-0.0625634362711228,0.0628058466297669));
#3895=CARTESIAN_POINT('',(-0.0347636631678632,-0.163520637609285,0.074263459741583));
#3896=CARTESIAN_POINT('',(-0.0349066396389648,-0.144965332641849,0.0742597230720397));
#3897=CARTESIAN_POINT('',(-0.0336671454211115,-0.109819055858974,0.0720655855868294));
#3898=CARTESIAN_POINT('',(-0.0301174211245374,-0.0780059483663839,0.0658845111897267));
#3899=CARTESIAN_POINT('',(-0.0279286639112996,-0.0628292966628361,0.0618401707487698));
#3900=CARTESIAN_POINT('',(-0.0409262356598544,-0.163519553327192,0.0718791606422259));
#3901=CARTESIAN_POINT('',(-0.0409698124181909,-0.144953207606418,0.0718897351848477));
#3902=CARTESIAN_POINT('',(-0.0395904805854641,-0.10985955093159,0.0698743250929936));
#3903=CARTESIAN_POINT('',(-0.0358252317278271,-0.0782639098488375,0.0641860567506808));
#3904=CARTESIAN_POINT('',(-0.0334557485843881,-0.0632444989001239,0.0604761903931081));
#3905=CARTESIAN_POINT('',(-0.0461586347030047,-0.16351783208563,0.0692692699191708));
#3906=CARTESIAN_POINT('',(-0.0461287734635412,-0.144954408789089,0.0692965952558783));
#3907=CARTESIAN_POINT('',(-0.0446862758883597,-0.109952433709625,0.0674757041095568));
#3908=CARTESIAN_POINT('',(-0.0408364296384983,-0.078611304168688,0.0622836369797873));
#3909=CARTESIAN_POINT('',(-0.0383679044556561,-0.0637607968444877,0.0588976266937095));
#3910=CARTESIAN_POINT('',(-0.0503584621357431,-0.163516284214095,0.0666973148930955));
#3911=CARTESIAN_POINT('',(-0.0502932941233565,-0.144968347857306,0.0667356729041685));
#3912=CARTESIAN_POINT('',(-0.0488450016219248,-0.110086387776466,0.0650910256059831));
#3913=CARTESIAN_POINT('',(-0.0449821089563827,-0.0790123080349356,0.0603355151342867));
#3914=CARTESIAN_POINT('',(-0.0424688161137195,-0.0643263180523735,0.0572244596998908));
#3915=CARTESIAN_POINT('',(-0.0534743150391671,-0.16351538292454,0.064471711081257));
#3916=CARTESIAN_POINT('',(-0.0534039344616875,-0.144989092253401,0.0645133955047336));
#3917=CARTESIAN_POINT('',(-0.0519804169134058,-0.110231201409471,0.0630024832640061));
#3918=CARTESIAN_POINT('',(-0.0481324345060324,-0.0794007652853091,0.0585795275969626));
#3919=CARTESIAN_POINT('',(-0.0456030368090674,-0.0648571282678247,0.0556722252248349));
#3920=CARTESIAN_POINT('',(-0.0558355308272365,-0.163515097004033,0.0625648255198441));
#3921=CARTESIAN_POINT('',(-0.0557792544154219,-0.145012188195626,0.0626020028910552));
#3922=CARTESIAN_POINT('',(-0.0543858771048535,-0.1103711674049,0.0611932167357084));
#3923=CARTESIAN_POINT('',(-0.0505423027131226,-0.0797532365742247,0.0570305045922292));
#3924=CARTESIAN_POINT('',(-0.0480011666625482,-0.065328991533744,0.0542768535081485));
#3925=CARTESIAN_POINT('',(-0.0577175057158114,-0.163515258216563,0.0608949394063686));
#3926=CARTESIAN_POINT('',(-0.0576834076828688,-0.145035678761544,0.0609242865535694));
#3927=CARTESIAN_POINT('',(-0.0563167985005605,-0.110502947956969,0.0595955734085356));
#3928=CARTESIAN_POINT('',(-0.0524659952048004,-0.0800718188333245,0.0556401394100589));
#3929=CARTESIAN_POINT('',(-0.0499130409443539,-0.0657495446449865,0.0530052959416181));
#3930=CARTESIAN_POINT('',(-0.0595259545045042,-0.163515901673649,0.0591562538702475));
#3931=CARTESIAN_POINT('',(-0.0595280511668701,-0.145064079345602,0.0591701320661607));
#3932=CARTESIAN_POINT('',(-0.0581987573043684,-0.11065333265692,0.0579093571180704));
#3933=CARTESIAN_POINT('',(-0.0543435386127959,-0.0804241635142631,0.0541399925791819));
#3934=CARTESIAN_POINT('',(-0.051784843617722,-0.0662095540048795,0.0516071696690333));
#3935=CARTESIAN_POINT('',(-0.0615915914539064,-0.163517386943834,0.05697610812849));
#3936=CARTESIAN_POINT('',(-0.0616469759602522,-0.145105078535527,0.0569674232283176));
#3937=CARTESIAN_POINT('',(-0.0603791716492925,-0.110860480319201,0.0557584082040197));
#3938=CARTESIAN_POINT('',(-0.0565321405304285,-0.0808933750890533,0.0521609163096046));
#3939=CARTESIAN_POINT('',(-0.0539712250151759,-0.066815335071938,0.0497250827146727));
#3940=CARTESIAN_POINT('',(-0.0649705040234567,-0.163520323357212,0.0529555605861541));
#3941=CARTESIAN_POINT('',(-0.0650819791074187,-0.145185462474024,0.0529439837454908));
#3942=CARTESIAN_POINT('',(-0.0638690568471954,-0.111255051910685,0.051803939448333));
#3943=CARTESIAN_POINT('',(-0.0599961842072983,-0.081755305243263,0.0484079454143023));
#3944=CARTESIAN_POINT('',(-0.0574018103396878,-0.0679147273486395,0.0461026983264422));
#3945=CARTESIAN_POINT('',(-0.0673528034514818,-0.163522355611399,0.049387579724142));
#3946=CARTESIAN_POINT('',(-0.0674852605373325,-0.145260150703823,0.0493971582590912));
#3947=CARTESIAN_POINT('',(-0.06625724315596,-0.111609165797992,0.0482668206728495));
#3948=CARTESIAN_POINT('',(-0.0622812346385255,-0.0824931179598758,0.0449078065026465));
#3949=CARTESIAN_POINT('',(-0.059607908651147,-0.0688391761921673,0.042653760882666));
#3950=CARTESIAN_POINT('',(-0.0688639531300045,-0.163522781483175,0.0467150892745692));
#3951=CARTESIAN_POINT('',(-0.0689946742566103,-0.145310927129289,0.0467538236534344));
#3952=CARTESIAN_POINT('',(-0.0677135951311122,-0.111847297521851,0.0456383316979858));
#3953=CARTESIAN_POINT('',(-0.0636081979346423,-0.08297348878837,0.0423042048654689));
#3954=CARTESIAN_POINT('',(-0.0608470433818473,-0.0694324823021488,0.0400916266766055));
#3955=CARTESIAN_POINT('',(-0.0440000141922757,-0.107172332380785,0.066033283136446));
#3956=CARTESIAN_POINT('',(-0.0455601700985519,-0.107301002501324,0.0652619537309501));
#3957=CARTESIAN_POINT('',(-0.0485531409122338,-0.108162645912062,0.0637163108368623));
#3958=CARTESIAN_POINT('',(-0.0524081166513936,-0.111008397052023,0.0615303162900044));
#3959=CARTESIAN_POINT('',(-0.0552024365570491,-0.115133185657669,0.0598923976460353));
#3960=CARTESIAN_POINT('',(-0.056,-0.118627001356008,0.0596470344749979));
#3961=CARTESIAN_POINT('',(-0.056,-0.120368051576476,0.0598593022104484));
#3962=CARTESIAN_POINT('',(-0.0563314758592681,-0.108532318450841,0.057890118412878));
#3963=CARTESIAN_POINT('',(-0.0563246913486389,-0.126527767986141,0.060820393819886));
#3964=CARTESIAN_POINT('',(-0.0563263688285124,-0.144649486199655,0.0620805929300759));
#3965=CARTESIAN_POINT('',(-0.0563270611058354,-0.162857244253372,0.0621167701710651));
#3966=CARTESIAN_POINT('',(-7.1046125294445E-08,-0.176161369190797,0.0786540178264968));
#3967=CARTESIAN_POINT('',(0.00449922867901615,-0.176161241443949,0.0786546731638911));
#3968=CARTESIAN_POINT('',(0.00897208648499549,-0.17619423302059,0.0784566180974174));
#3969=CARTESIAN_POINT('',(0.0156325448891385,-0.176304790212224,0.0777908233432768));
#3970=CARTESIAN_POINT('',(0.0178445538009323,-0.176351893835251,0.0775070177488676));
#3971=CARTESIAN_POINT('',(0.0222499195717797,-0.17646951885134,0.076797876516587));
#3972=CARTESIAN_POINT('',(0.0244432970135552,-0.176540010919628,0.0763726998063886));
#3973=CARTESIAN_POINT('',(0.0288085171582215,-0.176708043659272,0.0753586248533865));
#3974=CARTESIAN_POINT('',(0.0309803469537853,-0.176805555398478,0.0747698928586897));
#3975=CARTESIAN_POINT('',(0.035298570936749,-0.177032474518506,0.0733992165919177));
#3976=CARTESIAN_POINT('',(0.0374152980888609,-0.177160380574285,0.0726263564307674));
#3977=CARTESIAN_POINT('',(0.0415539203669113,-0.177448113690334,0.070887315876071));
#3978=CARTESIAN_POINT('',(0.0435759403868685,-0.177607963901891,0.0699210100689203));
#3979=CARTESIAN_POINT('',(0.0475135861193189,-0.177963600503315,0.0677713146875427));
#3980=CARTESIAN_POINT('',(0.0494292458123183,-0.178159404535299,0.0665878206790934));
#3981=CARTESIAN_POINT('',(0.0512837601140475,-0.178375824107123,0.065280368802208));
#3982=CARTESIAN_POINT('',(2.48275696641858E-10,-0.17611735973886,0.078155958429379));
#3983=CARTESIAN_POINT('',(0.00448468988296791,-0.176117251049429,0.0781566099914724));
#3984=CARTESIAN_POINT('',(0.00894152728980674,-0.176150188093897,0.0779591618179319));
#3985=CARTESIAN_POINT('',(0.0155745989946576,-0.176260802633393,0.0772960592492726));
#3986=CARTESIAN_POINT('',(0.0177768957465222,-0.176307944290858,0.0770134584781772));
#3987=CARTESIAN_POINT('',(0.0221615496471326,-0.176425692609497,0.0763075909412259));
#3988=CARTESIAN_POINT('',(0.0243439289395922,-0.176496273211863,0.0758844803904924));
#3989=CARTESIAN_POINT('',(0.0286856532080909,-0.176664541291138,0.0748757613188482));
#3990=CARTESIAN_POINT('',(0.0308450201651005,-0.176762202900757,0.0742903078649704));
#3991=CARTESIAN_POINT('',(0.0351366123163653,-0.176989466653609,0.072927926581589));
#3992=CARTESIAN_POINT('',(0.0372393866719861,-0.17711756396118,0.0721600198120509));
#3993=CARTESIAN_POINT('',(0.0413488999437472,-0.177405656037093,0.0704329901067518));
#3994=CARTESIAN_POINT('',(0.0433557599869353,-0.177565671140946,0.0694737452654098));
#3995=CARTESIAN_POINT('',(0.0472621850519834,-0.177921474274651,0.0673408071094405));
#3996=CARTESIAN_POINT('',(0.0491617356650445,-0.178117274287102,0.066167041962557));
#3997=CARTESIAN_POINT('',(0.051,-0.178333493224938,0.0648708711903844));
#3998=CARTESIAN_POINT('',(7.15442513347131E-08,-0.176161369186759,0.078654017847199));
#3999=CARTESIAN_POINT('',(0.00447072198594524,-0.176161242948607,0.07865466484023));
#4000=CARTESIAN_POINT('',(0.0133635409812884,-0.17622682755937,0.0782608548858656));
#4001=CARTESIAN_POINT('',(0.0264877811381833,-0.176563462116817,0.0762321494653888));
#4002=CARTESIAN_POINT('',(0.0394408618942626,-0.177225159745512,0.0722358270910217));
#4003=CARTESIAN_POINT('',(0.047302256843907,-0.17791700065171,0.068052371335682));
#4004=CARTESIAN_POINT('',(0.0510000018214388,-0.178342925233314,0.0654791246940369));
#4005=CARTESIAN_POINT('',(2.48275696641858E-10,-0.17611735973886,0.078155958429379));
#4006=CARTESIAN_POINT('',(-2.35165246337204E-08,-0.176132029556172,0.0783219782284183));
#4007=CARTESIAN_POINT('',(-4.72813249640827E-08,-0.176146699373484,0.0784879980274575));
#4008=CARTESIAN_POINT('',(-7.1046125294445E-08,-0.176161369190797,0.0786540178264968));
#4009=CARTESIAN_POINT('',(-7.99913865379675E-07,-0.211184045883674,0.0684022357851242));
#4010=CARTESIAN_POINT('',(-7.04842724020909E-07,-0.206539959655197,0.0712327481492919));
#4011=CARTESIAN_POINT('',(-4.90939741986135E-07,-0.195959884789361,0.0757704334799131));
#4012=CARTESIAN_POINT('',(-2.99828902480426E-07,-0.182961980431013,0.0780671713709219));
#4013=CARTESIAN_POINT('',(-2.11821682124114E-07,-0.175910788968475,0.0786759123410413));
#4014=CARTESIAN_POINT('',(0.00543165280987751,-0.211183709143139,0.0684056842682383));
#4015=CARTESIAN_POINT('',(0.00572385276676553,-0.206539674350832,0.0712357044888795));
#4016=CARTESIAN_POINT('',(0.00628252152781163,-0.195959698348013,0.0757724712767908));
#4017=CARTESIAN_POINT('',(0.00671100510463372,-0.182961863717143,0.0780684285449396));
#4018=CARTESIAN_POINT('',(0.00687448775632877,-0.175910725655866,0.0786767870326518));
#4019=CARTESIAN_POINT('',(0.0150992268593168,-0.211165398139247,0.0681664590929691));
#4020=CARTESIAN_POINT('',(0.015772733411316,-0.206530367628256,0.0708457207913665));
#4021=CARTESIAN_POINT('',(0.0169986036801127,-0.195969777648015,0.0751419349621384));
#4022=CARTESIAN_POINT('',(0.0178403941092375,-0.18297779243625,0.077314309320547));
#4023=CARTESIAN_POINT('',(0.0181338177719616,-0.1759238291937,0.0778863135254212));
#4024=CARTESIAN_POINT('',(0.0282498492004464,-0.21112471290047,0.0662969932160408));
#4025=CARTESIAN_POINT('',(0.0292853896569955,-0.206506170231657,0.0686112667633707));
#4026=CARTESIAN_POINT('',(0.0310470821879199,-0.195980542478011,0.0723325757646646));
#4027=CARTESIAN_POINT('',(0.0320792531263508,-0.183000515536195,0.0742261638668884));
#4028=CARTESIAN_POINT('',(0.0323915625693315,-0.175942405364738,0.0747250331150676));
#4029=CARTESIAN_POINT('',(0.0402821819314466,-0.211084041882214,0.0627547940330435));
#4030=CARTESIAN_POINT('',(0.0415870249207114,-0.206475056602683,0.0646822882649955));
#4031=CARTESIAN_POINT('',(0.0437015358502924,-0.19597216481028,0.067794340138085));
#4032=CARTESIAN_POINT('',(0.0447831300885303,-0.183003738013313,0.0693999981123749));
#4033=CARTESIAN_POINT('',(0.0450632906053322,-0.17594557977907,0.0698297761543753));
#4034=CARTESIAN_POINT('',(0.0473797987314542,-0.21106059202021,0.0586362013980581));
#4035=CARTESIAN_POINT('',(0.0488219033200476,-0.20644395692059,0.0603433684402338));
#4036=CARTESIAN_POINT('',(0.0511177019186187,-0.195932616371734,0.0630995656001961));
#4037=CARTESIAN_POINT('',(0.0522417291202297,-0.182971705907894,0.0645305243573902));
#4038=CARTESIAN_POINT('',(0.052520692816128,-0.175922223470641,0.0649190348360827));
#4039=CARTESIAN_POINT('',(0.0508896869797192,-0.211043873022846,0.0556790684303396));
#4040=CARTESIAN_POINT('',(0.0524014331431959,-0.206418268068673,0.0572964602610935));
#4041=CARTESIAN_POINT('',(0.0548122129766223,-0.195893690324076,0.0598966956772546));
#4042=CARTESIAN_POINT('',(0.056010502186205,-0.182938295765635,0.0612329938880529));
#4043=CARTESIAN_POINT('',(0.0563175464754359,-0.175898634378834,0.0615930045626026));
#4044=CARTESIAN_POINT('',(0.0337370784059115,-0.210325103453763,0.0650132697571017));
#4045=CARTESIAN_POINT('',(0.0355752393016091,-0.210277768391528,0.0644773251696446));
#4046=CARTESIAN_POINT('',(0.0382358155247867,-0.210214879276592,0.0635650743379289));
#4047=CARTESIAN_POINT('',(0.0415633339080882,-0.210147128270669,0.0621311279079912));
#4048=CARTESIAN_POINT('',(0.0439446487235169,-0.210104277232259,0.0609473277653961));
#4049=CARTESIAN_POINT('',(0.0458288670118297,-0.210075050414652,0.0598721529268851));
#4050=CARTESIAN_POINT('',(0.0472749230501965,-0.210055496112275,0.0589599461524522));
#4051=CARTESIAN_POINT('',(0.0481521248144316,-0.210044857598588,0.0583688895310559));
#4052=CARTESIAN_POINT('',(0.0488394037264044,-0.210037270441696,0.0578823689432509));
#4053=CARTESIAN_POINT('',(0.0492592952644662,-0.210032940182559,0.0575753837230703));
#4054=CARTESIAN_POINT('',(0.0495557237330319,-0.210030051712386,0.0573531830783175));
#4055=CARTESIAN_POINT('',(0.049694832221992,-0.210028732692893,0.0572477120344219));
#4056=CARTESIAN_POINT('',(0.0497873176574171,-0.210027870529029,0.0571771038650167));
#4057=CARTESIAN_POINT('',(0.0498297861549712,-0.210027478412979,0.0571445550275501));
#4058=CARTESIAN_POINT('',(0.0498774219160801,-0.210027039979289,0.0571079769820826));
#4059=CARTESIAN_POINT('',(0.0499566978580551,-0.21002631663724,0.0570468523083279));
#4060=CARTESIAN_POINT('',(0.0500940448247583,-0.210025078066489,0.0569403407270389));
#4061=CARTESIAN_POINT('',(0.050291074884872,-0.210023343114884,0.0567857670882187));
#4062=CARTESIAN_POINT('',(0.0506060161199593,-0.210020656977874,0.0565348019405108));
#4063=CARTESIAN_POINT('',(0.0508423689269424,-0.210018736434789,0.0563419944169466));
#4064=CARTESIAN_POINT('',(0.0509998776338889,-0.210017496623652,0.0562114259413022));
#4065=CARTESIAN_POINT('',(0.0337371571202487,-0.210321659801779,0.0650150391521631));
#4066=CARTESIAN_POINT('',(-1.929088331696E-07,-0.211017564684952,0.0685032772028706));
#4067=CARTESIAN_POINT('',(0.00111033828216398,-0.211017852745191,0.068503790115669));
#4068=CARTESIAN_POINT('',(0.00350827052157196,-0.211007697020543,0.0684990180038314));
#4069=CARTESIAN_POINT('',(0.00694958379506879,-0.210967683252994,0.0684505029931514));
#4070=CARTESIAN_POINT('',(0.00996076895697038,-0.210919110411353,0.0683604456168644));
#4071=CARTESIAN_POINT('',(0.0119468569586168,-0.210881838604924,0.0682756223713859));
#4072=CARTESIAN_POINT('',(0.0135947630796596,-0.210847892626246,0.0681857791966372));
#4073=CARTESIAN_POINT('',(0.0148605992384302,-0.210820341762489,0.0681058746275577));
#4074=CARTESIAN_POINT('',(0.0159350108150448,-0.210795756432998,0.0680280070501828));
#4075=CARTESIAN_POINT('',(0.016705670698465,-0.210777471064481,0.067966134236522));
#4076=CARTESIAN_POINT('',(0.0171384075558835,-0.210767035789047,0.0679297322268469));
#4077=CARTESIAN_POINT('',(0.0174952452331432,-0.210758318559316,0.0678986439617471));
#4078=CARTESIAN_POINT('',(0.0177359835696646,-0.210752396985499,0.0678770455469572));
#4079=CARTESIAN_POINT('',(0.0180971128566531,-0.210743508185581,0.0678439399063964));
#4080=CARTESIAN_POINT('',(0.0187094925099216,-0.210728371604694,0.0677855480681297));
#4081=CARTESIAN_POINT('',(0.01959185341719,-0.210706405637667,0.067695197943852));
#4082=CARTESIAN_POINT('',(0.0206423260437169,-0.210679991786741,0.0675771269928647));
#4083=CARTESIAN_POINT('',(0.0220383121699705,-0.210644540414354,0.0674058330334144));
#4084=CARTESIAN_POINT('',(0.0237702219721546,-0.210599898417791,0.0671652089393193));
#4085=CARTESIAN_POINT('',(0.0265097056690331,-0.21052776889735,0.0667210093574825));
#4086=CARTESIAN_POINT('',(0.0298669402745555,-0.210436450591315,0.0660505364748932));
#4087=CARTESIAN_POINT('',(0.0324640679864565,-0.210362381080217,0.0653820872418871));
#4088=CARTESIAN_POINT('',(0.0337367621850114,-0.210325112095941,0.0650133616954518));
#4089=CARTESIAN_POINT('',(0.056258203243528,-0.213591809508777,0.0462158544506997));
#4090=CARTESIAN_POINT('',(0.0562768806299986,-0.213184260628243,0.0471054613452388));
#4091=CARTESIAN_POINT('',(0.0562948958027152,-0.212699829408817,0.0479495994338865));
#4092=CARTESIAN_POINT('',(0.0563192176623991,-0.211814117591983,0.0491154845734177));
#4093=CARTESIAN_POINT('',(0.0563268503921755,-0.211491780431899,0.0494881748318949));
#4094=CARTESIAN_POINT('',(0.0563412396750766,-0.210783147059476,0.0501889110298134));
#4095=CARTESIAN_POINT('',(0.0563478790822629,-0.210403341704235,0.0505109390307405));
#4096=CARTESIAN_POINT('',(0.0563540239412759,-0.2099913661153,0.0507977758271716));
#4097=CARTESIAN_POINT('',(0.056,-0.21320051561659,0.0460420149414711));
#4098=CARTESIAN_POINT('',(0.056,-0.212813726601657,0.0469126350886402));
#4099=CARTESIAN_POINT('',(0.056,-0.212354654685313,0.0477363962096892));
#4100=CARTESIAN_POINT('',(0.056,-0.211514534807202,0.0488731182724827));
#4101=CARTESIAN_POINT('',(0.056,-0.211208618751426,0.0492362721600144));
#4102=CARTESIAN_POINT('',(0.056,-0.210536305753574,0.0499185565844869));
#4103=CARTESIAN_POINT('',(0.056,-0.210176065046867,0.0502318102390726));
#4104=CARTESIAN_POINT('',(0.056,-0.209786075998906,0.0505105076299853));
#4105=CARTESIAN_POINT('',(0.0559983276336444,-0.213197981230377,0.0460408889937776));
#4106=CARTESIAN_POINT('',(0.0559982066613734,-0.212811326675803,0.0469113861649645));
#4107=CARTESIAN_POINT('',(0.0559980899782198,-0.212352419010088,0.0477350153056612));
#4108=CARTESIAN_POINT('',(0.0559979324470467,-0.21151259442813,0.0488715484810197));
#4109=CARTESIAN_POINT('',(0.0559978830103305,-0.211206784730826,0.0492346406020697));
#4110=CARTESIAN_POINT('',(0.0559977898118397,-0.210534706977782,0.0499168055155527));
#4111=CARTESIAN_POINT('',(0.0559977468088122,-0.210174592990087,0.0502300023392427));
#4112=CARTESIAN_POINT('',(0.0559977070089424,-0.209784746347585,0.0505086470117319));
#4113=CARTESIAN_POINT('',(0.0559998321596322,-0.209785978672244,0.0505103714380665));
#4114=CARTESIAN_POINT('',(0.0561177841737557,-0.20985449213765,0.0506059992772406));
#4115=CARTESIAN_POINT('',(0.0562357343628219,-0.209923012130545,0.0507016246959225));
#4116=CARTESIAN_POINT('',(0.056353682726703,-0.209991538650292,0.050797247693937));
#4117=CARTESIAN_POINT('',(0.0563536646645483,-0.209991550662328,0.050797261259191));
#4118=CARTESIAN_POINT('',(0.0562749176669139,-0.213200599020269,0.0470090564911599));
#4119=CARTESIAN_POINT('',(0.0562903446419687,-0.212812949151091,0.0477392443065199));
#4120=CARTESIAN_POINT('',(0.0563196859323845,-0.211916697844577,0.0491238389022164));
#4121=CARTESIAN_POINT('',(0.0563435854727372,-0.210691135946785,0.0503105047111216));
#4122=CARTESIAN_POINT('',(0.0563540184347944,-0.209991735267032,0.0507975187908202));
#4123=CARTESIAN_POINT('',(0.0563538340603863,-0.209991452078718,0.0507971231747354));
#4124=CARTESIAN_POINT('',(0.0563526255472635,-0.20885996997244,0.0516093804614942));
#4125=CARTESIAN_POINT('',(0.0563513523559752,-0.207698057107469,0.052355358128068));
#4126=CARTESIAN_POINT('',(0.05634871906361,-0.205322988577797,0.0537352664685288));
#4127=CARTESIAN_POINT('',(0.0563473588214355,-0.204109762493649,0.054369092381487));
#4128=CARTESIAN_POINT('',(0.0563433507469703,-0.200403534484007,0.0561248856642553));
#4129=CARTESIAN_POINT('',(0.0563408029780423,-0.197844416894787,0.0571020907183853));
#4130=CARTESIAN_POINT('',(0.0563380717632819,-0.194559972797349,0.0581358210177281));
#4131=CARTESIAN_POINT('',(0.0563375465211018,-0.193898763841985,0.0583330928733911));
#4132=CARTESIAN_POINT('',(0.0563365412689471,-0.192568164972206,0.0587097020977456));
#4133=CARTESIAN_POINT('',(0.0563360626328947,-0.191898699483583,0.0588890265455065));
#4134=CARTESIAN_POINT('',(0.0563347022514261,-0.189888880290019,0.0593990441055772));
#4135=CARTESIAN_POINT('',(0.056333893023389,-0.188543619519388,0.0597028646647924));
#4136=CARTESIAN_POINT('',(0.056331715327331,-0.184493794726432,0.0605197986668606));
#4137=CARTESIAN_POINT('',(0.0563305971487394,-0.181775262587648,0.0609391013301101));
#4138=CARTESIAN_POINT('',(0.0563297274261532,-0.179041869553206,0.0612589562893979));
#4139=CARTESIAN_POINT('',(0.056,-0.209785685507209,0.0505099619382152));
#4140=CARTESIAN_POINT('',(0.056,-0.208663393852736,0.0513141446641736));
#4141=CARTESIAN_POINT('',(0.056,-0.207510388020428,0.0520529520657539));
#4142=CARTESIAN_POINT('',(0.056,-0.205152514217902,0.0534199077868696));
#4143=CARTESIAN_POINT('',(0.056,-0.203947575190002,0.0540479548754562));
#4144=CARTESIAN_POINT('',(0.056,-0.200265256884488,0.0557881984944411));
#4145=CARTESIAN_POINT('',(0.056,-0.197720808371736,0.0567574182779344));
#4146=CARTESIAN_POINT('',(0.056,-0.194453139418635,0.0577832473888005));
#4147=CARTESIAN_POINT('',(0.056,-0.193795210069858,0.0579790428550291));
#4148=CARTESIAN_POINT('',(0.056,-0.192471026771695,0.0583528875837067));
#4149=CARTESIAN_POINT('',(0.056,-0.191804697322091,0.0585309253618699));
#4150=CARTESIAN_POINT('',(0.056,-0.189804036938178,0.0590373538543957));
#4151=CARTESIAN_POINT('',(0.056,-0.188464565684562,0.0593391341434722));
#4152=CARTESIAN_POINT('',(0.056,-0.184431253093572,0.0601507603303609));
#4153=CARTESIAN_POINT('',(0.056,-0.181722608478145,0.0605675916166956));
#4154=CARTESIAN_POINT('',(0.056,-0.178998287499337,0.0608856194053067));
#4155=CARTESIAN_POINT('',(0.0563297274261532,-0.179041869553206,0.0612589562893979));
#4156=CARTESIAN_POINT('',(0.0562198182841021,-0.179027342201916,0.0611345106613675));
#4157=CARTESIAN_POINT('',(0.0561099091420511,-0.179012814850627,0.0610100650333371));
#4158=CARTESIAN_POINT('',(0.056,-0.178998287499337,0.0608856194053067));
#4159=CARTESIAN_POINT('',(0.0563297274261532,-0.179041869553206,0.0612589562893979));
#4160=CARTESIAN_POINT('',(0.056353834059876,-0.209991451600917,0.0507971235177346));
#4161=CARTESIAN_POINT('',(0.0563514170336365,-0.207728487411044,0.0524216380253509));
#4162=CARTESIAN_POINT('',(0.0563459351153705,-0.202962835618036,0.05514642219726));
#4163=CARTESIAN_POINT('',(0.0563382383228924,-0.195283460815326,0.0580812072381741));
#4164=CARTESIAN_POINT('',(0.0563328196290799,-0.187204489157338,0.0601031991210277));
#4165=CARTESIAN_POINT('',(0.0563305971487241,-0.181775262539554,0.0609391013357379));
#4166=CARTESIAN_POINT('',(0.0563297274261532,-0.179041869553206,0.0612589562893979));
#4167=CARTESIAN_POINT('',(0.0563297274261532,-0.179041869553206,0.0612589562893979));
#4168=CARTESIAN_POINT('',(0.0575611263167684,-0.179225677331325,0.0601499399427654));
#4169=CARTESIAN_POINT('',(0.0587396861796327,-0.179419400085835,0.0589817965015529));
#4170=CARTESIAN_POINT('',(0.0598635171464891,-0.179623313978635,0.0577535936915357));
#4171=CARTESIAN_POINT('',(0.056,-0.178998287499337,0.0608856194053066));
#4172=CARTESIAN_POINT('',(0.0572198031492312,-0.179181567881043,0.0597869058686662));
#4173=CARTESIAN_POINT('',(0.0583868346332992,-0.179374548619686,0.0586300414629683));
#4174=CARTESIAN_POINT('',(0.0595,-0.179577507181763,0.0574133628558247));
#4175=CARTESIAN_POINT('',(0.0598635171464891,-0.179623313978635,0.0577535936915357));
#4176=CARTESIAN_POINT('',(0.0597423447643261,-0.179608045046345,0.0576401834129654));
#4177=CARTESIAN_POINT('',(0.059621172382163,-0.179592776114054,0.057526773134395));
#4178=CARTESIAN_POINT('',(0.0595,-0.179577507181763,0.0574133628558247));
#4179=CARTESIAN_POINT('',(0.059863517146487,-0.179623313978634,0.0577535936915381));
#4180=CARTESIAN_POINT('',(0.0563297274261532,-0.179041869553206,0.0612589562893979));
#4181=CARTESIAN_POINT('',(0.0575611263167684,-0.179225677331326,0.0601499399427654));
#4182=CARTESIAN_POINT('',(0.0587396861796327,-0.179419400085835,0.0589817965015529));
#4183=CARTESIAN_POINT('',(0.0598635171464891,-0.179623313978635,0.0577535936915357));
#4184=CARTESIAN_POINT('',(0.0598582131449022,-0.162859182142159,0.0587885935782557));
#4185=CARTESIAN_POINT('',(0.0598585752924258,-0.165663458876072,0.0587928831328187));
#4186=CARTESIAN_POINT('',(0.0598591714114192,-0.168463237685886,0.0587200732667131));
#4187=CARTESIAN_POINT('',(0.0598609095387588,-0.174052001889126,0.0583883345693106));
#4188=CARTESIAN_POINT('',(0.0598620533657964,-0.176841047572839,0.0581297466090403));
#4189=CARTESIAN_POINT('',(0.0598635171464891,-0.17962331397862,0.0577535936915377));
#4190=CARTESIAN_POINT('',(0.0595,-0.162859761990511,0.0584397626642083));
#4191=CARTESIAN_POINT('',(0.0595,-0.165657619842343,0.0584444134368287));
#4192=CARTESIAN_POINT('',(0.0595,-0.168450450807198,0.0583723756224373));
#4193=CARTESIAN_POINT('',(0.0595,-0.174023896271309,0.0580433481377478));
#4194=CARTESIAN_POINT('',(0.0595,-0.176804571537309,0.0577866955654901));
#4195=CARTESIAN_POINT('',(0.0595,-0.179577507181748,0.0574133628558266));
#4196=CARTESIAN_POINT('',(0.0595000411176398,-0.16285976194972,0.0584398027049478));
#4197=CARTESIAN_POINT('',(0.0596194317933317,-0.162859568682376,0.058556066329324));
#4198=CARTESIAN_POINT('',(0.0597388224690223,-0.162859375409539,0.0586723299536925));
#4199=CARTESIAN_POINT('',(0.0598582131447123,-0.16285918214216,0.0587885935780708));
#4200=CARTESIAN_POINT('',(0.0598635171464891,-0.17962331397862,0.0577535936915377));
#4201=CARTESIAN_POINT('',(0.0598605895851037,-0.174058781167057,0.0585058995265429));
#4202=CARTESIAN_POINT('',(0.0598589374399494,-0.168467735609985,0.0587971726873817));
#4203=CARTESIAN_POINT('',(0.0598582131449022,-0.162859182142159,0.0587885935782557));
#4204=CARTESIAN_POINT('',(0.0598672974232026,-0.109096968930389,0.0544821152560915));
#4205=CARTESIAN_POINT('',(0.0598640988365862,-0.113541728272006,0.0552570698416872));
#4206=CARTESIAN_POINT('',(0.05986189027246,-0.117997348304564,0.0559046554553462));
#4207=CARTESIAN_POINT('',(0.0598587848367316,-0.126926284166296,0.0569907371255526));
#4208=CARTESIAN_POINT('',(0.0598578799964042,-0.131399672923317,0.0574288766761691));
#4209=CARTESIAN_POINT('',(0.0598569141069085,-0.140362338684341,0.0581196987094755));
#4210=CARTESIAN_POINT('',(0.0598568430077575,-0.14485163078266,0.0583721017215882));
#4211=CARTESIAN_POINT('',(0.0598571823884389,-0.153844862100143,0.0587059966015187));
#4212=CARTESIAN_POINT('',(0.0598575971655643,-0.158348812721467,0.0587873822971915));
#4213=CARTESIAN_POINT('',(0.0598582107687682,-0.162859606451058,0.058788761247553));
#4214=CARTESIAN_POINT('',(0.0595,-0.109154982932349,0.0541478593982739));
#4215=CARTESIAN_POINT('',(0.0595,-0.113594042105929,0.0549183098827549));
#4216=CARTESIAN_POINT('',(0.0595,-0.118044253687745,0.0555627935345657));
#4217=CARTESIAN_POINT('',(0.0595,-0.126962841873687,0.0566443684893944));
#4218=CARTESIAN_POINT('',(0.0595,-0.131431286924052,0.057081103339752));
#4219=CARTESIAN_POINT('',(0.0595,-0.140384391856763,0.0577701993414256));
#4220=CARTESIAN_POINT('',(0.0595,-0.144869076815864,0.058022275352912));
#4221=CARTESIAN_POINT('',(0.0595,-0.153853418673861,0.0583561862087107));
#4222=CARTESIAN_POINT('',(0.0595,-0.158353087763679,0.0584379202332279));
#4223=CARTESIAN_POINT('',(0.0595,-0.162859761817013,0.0584399274461518));
#4224=CARTESIAN_POINT('',(0.0594977536710954,-0.10915533773617,0.0541458151459935));
#4225=CARTESIAN_POINT('',(0.05949777323311,-0.113594362048487,0.0549162380841541));
#4226=CARTESIAN_POINT('',(0.0594977867403146,-0.118044540553134,0.055560702764891));
#4227=CARTESIAN_POINT('',(0.0594978057326341,-0.126963065454441,0.0566422501574108));
#4228=CARTESIAN_POINT('',(0.0594978112664845,-0.131431480269933,0.0570789764168593));
#4229=CARTESIAN_POINT('',(0.0594978171737013,-0.140384526730234,0.0577680618624154));
#4230=CARTESIAN_POINT('',(0.0594978176085317,-0.144869183512852,0.0580201358740213));
#4231=CARTESIAN_POINT('',(0.0594978155329368,-0.153853471004418,0.0583540468275257));
#4232=CARTESIAN_POINT('',(0.0594978129962301,-0.158353113909113,0.0584357829823631));
#4233=CARTESIAN_POINT('',(0.0594978092435367,-0.162859762767204,0.0584377940376346));
#4234=CARTESIAN_POINT('',(0.0598672978598347,-0.109097103611593,0.0544821380436587));
#4235=CARTESIAN_POINT('',(0.0597448651034954,-0.109116354647014,0.0543707047101869));
#4236=CARTESIAN_POINT('',(0.059622432347156,-0.109135605682435,0.0542592713767151));
#4237=CARTESIAN_POINT('',(0.0594999995908167,-0.109154856717856,0.0541478380432434));
#4238=CARTESIAN_POINT('',(0.0595003857498565,-0.109093649805788,0.0545095814433496));
#4239=CARTESIAN_POINT('',(-0.056,-0.162858008126681,0.061738576504345));
#4240=CARTESIAN_POINT('',(-0.056,-0.153762825044022,0.0617202061078633));
#4241=CARTESIAN_POINT('',(-0.056,-0.144690890298519,0.061388533163783));
#4242=CARTESIAN_POINT('',(-0.056,-0.13112248904368,0.0603593622672266));
#4243=CARTESIAN_POINT('',(-0.056,-0.126606262183106,0.0599277946423622));
#4244=CARTESIAN_POINT('',(-0.056,-0.117588007706878,0.0588734715174543));
#4245=CARTESIAN_POINT('',(-0.056,-0.11308561579663,0.0582507701082676));
#4246=CARTESIAN_POINT('',(-0.056,-0.10859235824924,0.0575206336671432));
#4247=CARTESIAN_POINT('',(-0.0563270611058354,-0.162857244253372,0.0621167701710651));
#4248=CARTESIAN_POINT('',(-0.0563267149671739,-0.153753365226514,0.0620986815505705));
#4249=CARTESIAN_POINT('',(-0.0563264278754065,-0.144672118716526,0.0617669386889446));
#4250=CARTESIAN_POINT('',(-0.0563269568917368,-0.131088941186542,0.0607361888853532));
#4251=CARTESIAN_POINT('',(-0.0563273066141754,-0.12656766348644,0.0603038395678855));
#4252=CARTESIAN_POINT('',(-0.0563287173208801,-0.117538966717877,0.0592470610909574));
#4253=CARTESIAN_POINT('',(-0.0563297797316108,-0.113031180834666,0.05862268726463));
#4254=CARTESIAN_POINT('',(-0.0563314758592681,-0.108532318450841,0.057890118412878));
#4255=CARTESIAN_POINT('',(-0.0559999685531466,-0.162858008200128,0.0617385401411071));
#4256=CARTESIAN_POINT('',(-0.0561089994040393,-0.162857753553932,0.061864616817759));
#4257=CARTESIAN_POINT('',(-0.0562180302549288,-0.162857498899567,0.0619906934943951));
#4258=CARTESIAN_POINT('',(-0.05632706110582,-0.162857244253372,0.0621167701710473));
#4259=CARTESIAN_POINT('',(-0.056,-0.178998287499345,0.060885619405344));
#4260=CARTESIAN_POINT('',(-0.056,-0.176318369771263,0.0611984637123631));
#4261=CARTESIAN_POINT('',(-0.056,-0.173632682028961,0.0614143918106328));
#4262=CARTESIAN_POINT('',(-0.056,-0.168251999037173,0.0616887121451243));
#4263=CARTESIAN_POINT('',(-0.056,-0.16555696920323,0.0617468940523922));
#4264=CARTESIAN_POINT('',(-0.056,-0.162858008433405,0.0617384498485955));
#4265=CARTESIAN_POINT('',(-0.0563297274261511,-0.179041869553213,0.0612589562894371));
#4266=CARTESIAN_POINT('',(-0.0563288718826172,-0.176353038915724,0.061573596666156));
#4267=CARTESIAN_POINT('',(-0.0563282578178932,-0.17365930341346,0.0617906810609129));
#4268=CARTESIAN_POINT('',(-0.0563273984619794,-0.1682638224956,0.062066503021035));
#4269=CARTESIAN_POINT('',(-0.0563271536031843,-0.165562043223917,0.0621250262252316));
#4270=CARTESIAN_POINT('',(-0.0563270601729762,-0.162856825184605,0.0621166432424763));
#4271=CARTESIAN_POINT('',(-0.0563317692300182,-0.179042139430691,0.061261268140479));
#4272=CARTESIAN_POINT('',(-0.0563309083886172,-0.176353253600908,0.0615759196391785));
#4273=CARTESIAN_POINT('',(-0.0563302905213593,-0.173659468263701,0.0617930111941849));
#4274=CARTESIAN_POINT('',(-0.0563294258439705,-0.168263895711175,0.0620688424529725));
#4275=CARTESIAN_POINT('',(-0.056329179468912,-0.165562074644279,0.0621273677706159));
#4276=CARTESIAN_POINT('',(-0.0563290854601467,-0.162856817857456,0.0621189851669657));
#4277=CARTESIAN_POINT('',(-0.0563297274261511,-0.179041869553213,0.0612589562894371));
#4278=CARTESIAN_POINT('',(-0.0562198182841007,-0.179027342201924,0.0611345106614061));
#4279=CARTESIAN_POINT('',(-0.0561099091420504,-0.179012814850634,0.061010065033375));
#4280=CARTESIAN_POINT('',(-0.056,-0.178998287499345,0.060885619405344));
#4281=CARTESIAN_POINT('',(2.48281852666064E-10,-0.17611735973883,0.0781559584295548));
#4282=CARTESIAN_POINT('',(-0.00250905918338559,-0.176117298928768,0.0781563229685067));
#4283=CARTESIAN_POINT('',(-0.00500928387515819,-0.176127657761636,0.0780942247243341));
#4284=CARTESIAN_POINT('',(-0.00998997340012955,-0.176171606021123,0.0778307674619646));
#4285=CARTESIAN_POINT('',(-0.0124704572231404,-0.176205184543479,0.0776294738117125));
#4286=CARTESIAN_POINT('',(-0.0174089201525357,-0.176298825227812,0.0770681246563963));
#4287=CARTESIAN_POINT('',(-0.0198668886185998,-0.17635889991136,0.07670799408809));
#4288=CARTESIAN_POINT('',(-0.0247566242819989,-0.176509883035223,0.0758028933869126));
#4289=CARTESIAN_POINT('',(-0.0271884105207081,-0.176600769067576,0.0752580575833883));
#4290=CARTESIAN_POINT('',(-0.0308127968166745,-0.176764509483796,0.0742764805584949));
#4291=CARTESIAN_POINT('',(-0.0320180403760873,-0.176823722489674,0.0739215155016886));
#4292=CARTESIAN_POINT('',(-0.0344157362695953,-0.176952015028646,0.0731524383756639));
#4293=CARTESIAN_POINT('',(-0.0356007971398475,-0.177020698036866,0.072740703359809));
#4294=CARTESIAN_POINT('',(-0.0391123841747247,-0.177241092505798,0.0714195014714077));
#4295=CARTESIAN_POINT('',(-0.0413954251773535,-0.177407113078287,0.0704242555609761));
#4296=CARTESIAN_POINT('',(-0.0458305303920319,-0.177782253097697,0.0681753982985379));
#4297=CARTESIAN_POINT('',(-0.0479826924823649,-0.17799134033705,0.0669219800216996));
#4298=CARTESIAN_POINT('',(-0.0510978409661871,-0.178342185821434,0.064818761557324));
#4299=CARTESIAN_POINT('',(-0.0521193176294539,-0.178465634061873,0.0640787246172968));
#4300=CARTESIAN_POINT('',(-0.0541022952711664,-0.178723406122063,0.0625334547457345));
#4301=CARTESIAN_POINT('',(-0.0550657631174804,-0.178857914610035,0.0617271147809624));
#4302=CARTESIAN_POINT('',(-0.056,-0.17899828749933,0.0608856194053457));
#4303=CARTESIAN_POINT('',(7.1544254688468E-08,-0.176161369190762,0.0786540178266729));
#4304=CARTESIAN_POINT('',(-0.00251715606604914,-0.176161297718771,0.0786543844769871));
#4305=CARTESIAN_POINT('',(-0.00502600243073636,-0.176171671951474,0.0785920883174717));
#4306=CARTESIAN_POINT('',(-0.0100250969377972,-0.176215631997662,0.0783276708397666));
#4307=CARTESIAN_POINT('',(-0.0125153622132117,-0.176249206255221,0.0781256166865985));
#4308=CARTESIAN_POINT('',(-0.0174748716161418,-0.176342782929126,0.0775619163599328));
#4309=CARTESIAN_POINT('',(-0.0199441216130142,-0.176402802248743,0.0772001924685819));
#4310=CARTESIAN_POINT('',(-0.0248580849374883,-0.1765536042445,0.0762906902582227));
#4311=CARTESIAN_POINT('',(-0.0273028507601856,-0.176644364340576,0.0757430431322979));
#4312=CARTESIAN_POINT('',(-0.0309481486104238,-0.176807859732703,0.0747559100867587));
#4313=CARTESIAN_POINT('',(-0.0321606129320589,-0.176866981478604,0.0743988656569934));
#4314=CARTESIAN_POINT('',(-0.0345732619077445,-0.176995079948115,0.0736250825659866));
#4315=CARTESIAN_POINT('',(-0.0357659990330908,-0.17706366110162,0.073210738210265));
#4316=CARTESIAN_POINT('',(-0.0393011721432392,-0.177283746281799,0.0718808264791479));
#4317=CARTESIAN_POINT('',(-0.0416007439544908,-0.177449553600935,0.0708785789962507));
#4318=CARTESIAN_POINT('',(-0.0460701314690568,-0.17782441341317,0.0686126403524796));
#4319=CARTESIAN_POINT('',(-0.0482401084387959,-0.178033432375774,0.0673491064570145));
#4320=CARTESIAN_POINT('',(-0.0513823893319233,-0.178384507350065,0.0652278569524273));
#4321=CARTESIAN_POINT('',(-0.0524129991710737,-0.178508087930942,0.0644813157919901));
#4322=CARTESIAN_POINT('',(-0.0544141187157979,-0.178766287075459,0.0629221168046519));
#4323=CARTESIAN_POINT('',(-0.0553865924992844,-0.178901090203231,0.0621083577782124));
#4324=CARTESIAN_POINT('',(-0.0563297274261511,-0.179041869553199,0.0612589562894389));
#4325=CARTESIAN_POINT('',(-0.0339526489026491,-0.21029043392947,0.0649663199200339));
#4326=CARTESIAN_POINT('',(-0.0282393820760544,-0.210290551319615,0.0667187043916118));
#4327=CARTESIAN_POINT('',(-0.0167301856823798,-0.210290351460204,0.0686211185300264));
#4328=CARTESIAN_POINT('',(-0.00551695285398486,-0.210290456121618,0.0689005973046871));
#4329=CARTESIAN_POINT('',(-1.33162291902784E-07,-0.210290425956695,0.0689017123899101));
#4330=CARTESIAN_POINT('',(-0.0337986448863383,-0.211376516471503,0.0644659607714039));
#4331=CARTESIAN_POINT('',(-0.0281309323011397,-0.211376652298034,0.0662045972153263));
#4332=CARTESIAN_POINT('',(-0.0166887586419412,-0.211376420911287,0.0680976859111224));
#4333=CARTESIAN_POINT('',(-0.00550766361941976,-0.211376542081266,0.0683771502926302));
#4334=CARTESIAN_POINT('',(-1.15454337720727E-07,-0.211376507158015,0.0683782017915542));
#4335=CARTESIAN_POINT('',(-0.0335745477495503,-0.212375013202404,0.0637382541591683));
#4336=CARTESIAN_POINT('',(-0.0279732668819938,-0.212375142110541,0.0654568599631148));
#4337=CARTESIAN_POINT('',(-0.0166284420706279,-0.21237492220881,0.067336389823913));
#4338=CARTESIAN_POINT('',(-0.00549417902910694,-0.212375037360217,0.0676158294945833));
#4339=CARTESIAN_POINT('',(-9.2997451492992E-08,-0.212375004170983,0.0676167892640424));
#4340=CARTESIAN_POINT('',(-0.0332995173809812,-0.213215604090491,0.0628452518254179));
#4341=CARTESIAN_POINT('',(-0.0277798276067442,-0.213215714436493,0.0645392827188759));
#4342=CARTESIAN_POINT('',(-0.0165543815377466,-0.213215525979645,0.0664021504967955));
#4343=CARTESIAN_POINT('',(-0.00547764611569831,-0.213215624664024,0.0666815706938135));
#4344=CARTESIAN_POINT('',(-7.11898998629211E-08,-0.213215596220198,0.0666824145732263));
#4345=CARTESIAN_POINT('',(-0.0322461117308506,-0.213200515616592,0.0631763012135349));
#4346=CARTESIAN_POINT('',(-0.0325447752246848,-0.213134273845794,0.0631664004760247));
#4347=CARTESIAN_POINT('',(-0.0328491681033914,-0.213100343818655,0.0631138335668162));
#4348=CARTESIAN_POINT('',(-0.033139419231505,-0.213107342022783,0.063017818164502));
#4349=CARTESIAN_POINT('',(-7.15815676436044E-08,-0.213200515377251,0.0666991687512818));
#4350=CARTESIAN_POINT('',(-8.8307156286249E-08,-0.212555862128932,0.0674137167338558));
#4351=CARTESIAN_POINT('',(-1.05348720089458E-07,-0.211817589357664,0.0680253772479578));
#4352=CARTESIAN_POINT('',(-1.20370337168246E-07,-0.211019396803023,0.0685070987101296));
#4353=CARTESIAN_POINT('',(-0.0338656362314252,-0.213105454843122,0.0628106839840985));
#4354=CARTESIAN_POINT('',(-0.0338555893330371,-0.213135089173421,0.0627754118255102));
#4355=CARTESIAN_POINT('',(-0.0338415696717231,-0.213175492006409,0.0627273119767618));
#4356=CARTESIAN_POINT('',(-0.0338294678848499,-0.213209988602415,0.0626854307765044));
#4357=CARTESIAN_POINT('',(-0.0333328713202653,-0.213095246940405,0.062971525408543));
#4358=CARTESIAN_POINT('',(-0.0333227258350144,-0.213124997575839,0.062936269493797));
#4359=CARTESIAN_POINT('',(-0.0333086449188889,-0.213165530683803,0.0628882130052569));
#4360=CARTESIAN_POINT('',(-0.0332964609621097,-0.213200150037411,0.0628463626148247));
#4361=CARTESIAN_POINT('',(-0.0328015098610097,-0.213094060142795,0.0631336500313835));
#4362=CARTESIAN_POINT('',(-0.0327912557469623,-0.213123823905156,0.0630984267109534));
#4363=CARTESIAN_POINT('',(-0.0327770982972172,-0.213164375454523,0.0630503953573857));
#4364=CARTESIAN_POINT('',(-0.0327648195119729,-0.213199010533273,0.0630085744443367));
#4365=CARTESIAN_POINT('',(-0.0322715518536583,-0.213101894450292,0.0632970578526202));
#4366=CARTESIAN_POINT('',(-0.0322611790688808,-0.213131568161372,0.0632618834769792));
#4367=CARTESIAN_POINT('',(-0.0322469298067079,-0.21317202631857,0.0632138590331482));
#4368=CARTESIAN_POINT('',(-0.0322345435344394,-0.213206570090002,0.0631720662650401));
#4369=CARTESIAN_POINT('',(0.0322422974936499,-0.213206402554216,0.0631700166298539));
#4370=CARTESIAN_POINT('',(0.0322544296306139,-0.213172580710857,0.0632110023782894));
#4371=CARTESIAN_POINT('',(0.0322682964222095,-0.213133265817111,0.0632577838239384));
#4372=CARTESIAN_POINT('',(0.0322785502998373,-0.213103936423169,0.0632926003646863));
#4373=CARTESIAN_POINT('',(0.0327675375275559,-0.213199039940536,0.0630079654393838));
#4374=CARTESIAN_POINT('',(0.03277956821167,-0.21316513628924,0.0630489719386805));
#4375=CARTESIAN_POINT('',(0.0327933479165945,-0.213125732503509,0.0630957611116064));
#4376=CARTESIAN_POINT('',(0.0328034887446623,-0.213096326299927,0.0631306118638518));
#4377=CARTESIAN_POINT('',(0.0332940780325415,-0.21320017690404,0.0628473129317998));
#4378=CARTESIAN_POINT('',(0.0333060189118176,-0.213166288800898,0.0628883465631052));
#4379=CARTESIAN_POINT('',(0.0333197243720601,-0.213126903765002,0.0629351584395213));
#4380=CARTESIAN_POINT('',(0.0333297625461164,-0.213097510236795,0.0629700399939491));
#4381=CARTESIAN_POINT('',(0.0338219190086065,-0.213209813444729,0.0626880591071019));
#4382=CARTESIAN_POINT('',(0.0338337817310567,-0.213176038245831,0.0627291262515634));
#4383=CARTESIAN_POINT('',(0.0338474257886064,-0.21313677960159,0.0627759758076833));
#4384=CARTESIAN_POINT('',(0.0338573717041996,-0.213107488233772,0.062810884754978));
#4385=CARTESIAN_POINT('',(0.0331285152349852,-0.213109705210325,0.0630184646426654));
#4386=CARTESIAN_POINT('',(0.0328450204060413,-0.21310373755968,0.06311121884913));
#4387=CARTESIAN_POINT('',(0.032546031848171,-0.213136802313782,0.0631630775573239));
#4388=CARTESIAN_POINT('',(0.0322537178389816,-0.213200515616591,0.0631740918682975));
#4389=CARTESIAN_POINT('',(0.0331310418693546,-0.213102142780332,0.0630270344827604));
#4390=CARTESIAN_POINT('',(0.0338157233598396,-0.21320051561659,0.0627019653634132));
#4391=CARTESIAN_POINT('',(0.0336057446552954,-0.213143304799171,0.0628353449815402));
#4392=CARTESIAN_POINT('',(0.0333745271521062,-0.213107382057226,0.0629476764641404));
#4393=CARTESIAN_POINT('',(0.0331324842074218,-0.213099884651098,0.0630299636089868));
#4394=CARTESIAN_POINT('',(1.32746814464321E-07,-0.210290685223182,0.0689015844655616));
#4395=CARTESIAN_POINT('',(0.00551534007680868,-0.210290715376976,0.0689004766308503));
#4396=CARTESIAN_POINT('',(0.016725046969293,-0.210290611676072,0.0686211844120534));
#4397=CARTESIAN_POINT('',(0.0282307434755184,-0.210290807116966,0.0667201397334367));
#4398=CARTESIAN_POINT('',(0.0339420297631637,-0.210290692700801,0.0649694454994502));
#4399=CARTESIAN_POINT('',(1.15031371641225E-07,-0.211376663400805,0.0683780816896229));
#4400=CARTESIAN_POINT('',(0.00550604637212232,-0.211376698309826,0.0683770377822795));
#4401=CARTESIAN_POINT('',(0.0166836435806698,-0.211376578256386,0.068097758175854));
#4402=CARTESIAN_POINT('',(0.0281223433030732,-0.211376804519575,0.0662060356856042));
#4403=CARTESIAN_POINT('',(0.033788117239776,-0.211376672140913,0.064469066895008));
#4404=CARTESIAN_POINT('',(9.2557648553835E-08,-0.212375066228765,0.0676167196874298));
#4405=CARTESIAN_POINT('',(0.0054925553471488,-0.212375099404365,0.0676157680440339));
#4406=CARTESIAN_POINT('',(0.0166233653937891,-0.212374985313862,0.0673365105259456));
#4407=CARTESIAN_POINT('',(0.0279647576021247,-0.212375200347064,0.0654583411342839));
#4408=CARTESIAN_POINT('',(0.0335641648216243,-0.212375074715492,0.0637413692871034));
#4409=CARTESIAN_POINT('',(7.080870208043E-08,-0.213215589904474,0.0666824220854212));
#4410=CARTESIAN_POINT('',(0.00547601456308089,-0.213215618337141,0.0666815870011705));
#4411=CARTESIAN_POINT('',(0.0165493536618722,-0.213215520559445,0.066402345860639));
#4412=CARTESIAN_POINT('',(0.0277714190746439,-0.213215704850968,0.0645408304666909));
#4413=CARTESIAN_POINT('',(0.0332893164054578,-0.213215597308724,0.0628483923443294));
#4414=CARTESIAN_POINT('',(0.0331306838275836,-0.213099096608807,0.063029746070409));
#4415=CARTESIAN_POINT('',(0.0333840167501013,-0.212290829125974,0.0638611088348284));
#4416=CARTESIAN_POINT('',(0.0335914428548616,-0.211343910372439,0.0645418924634974));
#4417=CARTESIAN_POINT('',(0.0337365810319256,-0.21031731005535,0.0650183247807876));
#4418=CARTESIAN_POINT('',(0.0336634748377281,-0.209995704894549,0.0651991413078911));
#4419=CARTESIAN_POINT('',(0.0370215459859027,-0.209995728798062,0.064180896955951));
#4420=CARTESIAN_POINT('',(0.0437259577764782,-0.209995665749118,0.061569616828176));
#4421=CARTESIAN_POINT('',(0.0499284733807023,-0.209995789610163,0.0573226855498118));
#4422=CARTESIAN_POINT('',(0.0526914284001382,-0.20999567116593,0.0547286374661858));
#4423=CARTESIAN_POINT('',(0.0335866667833941,-0.210582524563572,0.0649456008391899));
#4424=CARTESIAN_POINT('',(0.0369312613309056,-0.210582550618214,0.0639314571393645));
#4425=CARTESIAN_POINT('',(0.043603558655669,-0.210582481894118,0.0613320584120972));
#4426=CARTESIAN_POINT('',(0.049766463994907,-0.210582616903465,0.0571113730661733));
#4427=CARTESIAN_POINT('',(0.052510366551543,-0.210582487798554,0.0545352753757683));
#4428=CARTESIAN_POINT('',(0.0333952812567214,-0.211727503085883,0.06431383758874));
#4429=CARTESIAN_POINT('',(0.0367062909855991,-0.2117275311581,0.0633099140350061));
#4430=CARTESIAN_POINT('',(0.0432985693353625,-0.211727457107058,0.0607401179221952));
#4431=CARTESIAN_POINT('',(0.0493627780880639,-0.211727602582973,0.0565848341259973));
#4432=CARTESIAN_POINT('',(0.0520592031360808,-0.21172746346866,0.0540534614381009));
#4433=CARTESIAN_POINT('',(0.0331293518631491,-0.212755311090458,0.0634359908277483));
#4434=CARTESIAN_POINT('',(0.0363936825418265,-0.212755336570298,0.0624462767327089));
#4435=CARTESIAN_POINT('',(0.0428747856645337,-0.212755269351774,0.0599175983569037));
#4436=CARTESIAN_POINT('',(0.0488018574926275,-0.212755401405374,0.0558532108878782));
#4437=CARTESIAN_POINT('',(0.0514323020544838,-0.212755275126257,0.0533839671504828));
#4438=CARTESIAN_POINT('',(0.0329798446323492,-0.213216976364962,0.0629424525347419));
#4439=CARTESIAN_POINT('',(0.0362179257106238,-0.213216999595671,0.0619607307032115));
#4440=CARTESIAN_POINT('',(0.0426365306080917,-0.213216938308025,0.0594551632157889));
#4441=CARTESIAN_POINT('',(0.0484865030439142,-0.213217058710287,0.0554418859809024));
#4442=CARTESIAN_POINT('',(0.0510798490408006,-0.213216943573011,0.0530075658363948));
#4443=CARTESIAN_POINT('',(0.0563093192197654,-0.209969681025834,0.0508681790832924));
#4444=CARTESIAN_POINT('',(0.0577845852281789,-0.209969665077324,0.0490578776248689));
#4445=CARTESIAN_POINT('',(0.0603874768367119,-0.209969649760774,0.0452234777105556));
#4446=CARTESIAN_POINT('',(0.0623530782787834,-0.209969647855183,0.0411524399426942));
#4447=CARTESIAN_POINT('',(0.0632029037043717,-0.209969668071444,0.0390930105533717));
#4448=CARTESIAN_POINT('',(0.0561039328248856,-0.210561290100711,0.0507008310206246));
#4449=CARTESIAN_POINT('',(0.0575695958116531,-0.210561272677214,0.0489023279881969));
#4450=CARTESIAN_POINT('',(0.0601566980671146,-0.210561255943259,0.0450914772682696));
#4451=CARTESIAN_POINT('',(0.0621121952567295,-0.210561253861553,0.0410416955884653));
#4452=CARTESIAN_POINT('',(0.0629579817583479,-0.210561275948731,0.0389920237734668));
#4453=CARTESIAN_POINT('',(0.0555905607769475,-0.211715849330555,0.0502825374155848));
#4454=CARTESIAN_POINT('',(0.0570322209088541,-0.211715830511238,0.048513523664519));
#4455=CARTESIAN_POINT('',(0.0595798563573479,-0.211715812433033,0.0447615346496806));
#4456=CARTESIAN_POINT('',(0.0615100967515968,-0.211715810184863,0.0407648845898867));
#4457=CARTESIAN_POINT('',(0.0623457875812336,-0.211715834045359,0.0387396049595993));
#4458=CARTESIAN_POINT('',(0.0548748730435507,-0.212751985759444,0.0496993963017597));
#4459=CARTESIAN_POINT('',(0.0562830717714914,-0.212751968678481,0.0479714872574847));
#4460=CARTESIAN_POINT('',(0.0587756766606289,-0.212751952266111,0.0443015678204729));
#4461=CARTESIAN_POINT('',(0.0606707112184562,-0.21275195022619,0.0403789801516219));
#4462=CARTESIAN_POINT('',(0.0614923284557787,-0.212751971887334,0.0383877121959973));
#4463=CARTESIAN_POINT('',(0.0544720667174133,-0.213217098348459,0.0493711898157134));
#4464=CARTESIAN_POINT('',(0.055861433149421,-0.213217082786212,0.0476664128904466));
#4465=CARTESIAN_POINT('',(0.0583230614402306,-0.213217067831376,0.0440426886670604));
#4466=CARTESIAN_POINT('',(0.060198283011647,-0.213217065973138,0.0401617820478531));
#4467=CARTESIAN_POINT('',(0.0610119792482856,-0.21321708571034,0.0381896598187184));
#4468=CARTESIAN_POINT('',(0.0610000391746555,-0.210046748729891,0.0437009357643739));
#4469=CARTESIAN_POINT('',(0.0596904512662161,-0.210010227246369,0.0461962330118468));
#4470=CARTESIAN_POINT('',(0.0581452764332301,-0.209991534202022,0.0485901259018653));
#4471=CARTESIAN_POINT('',(0.0563543848058761,-0.209990720940956,0.0507977921170996));
#4472=CARTESIAN_POINT('',(0.051212035308781,-0.210312962003506,0.0558558467164555));
#4473=CARTESIAN_POINT('',(0.0530946548919399,-0.204352308981043,0.0578661246200052));
#4474=CARTESIAN_POINT('',(0.055867050668083,-0.190374522411087,0.0608610182925828));
#4475=CARTESIAN_POINT('',(0.0566967882781823,-0.172551536382659,0.06182841962241));
#4476=CARTESIAN_POINT('',(0.0566567220173762,-0.16279560941683,0.0618291336619311));
#4477=CARTESIAN_POINT('',(0.0532185213212155,-0.210302307246572,0.0541573970542004));
#4478=CARTESIAN_POINT('',(0.0551497241525,-0.204335091553598,0.0561036728863727));
#4479=CARTESIAN_POINT('',(0.0579983014367823,-0.190349186226699,0.0589919253305867));
#4480=CARTESIAN_POINT('',(0.0588705471916526,-0.172538606118249,0.0599119482819513));
#4481=CARTESIAN_POINT('',(0.0588442374785113,-0.162796615964582,0.0599080201354175));
#4482=CARTESIAN_POINT('',(0.0568120462659672,-0.210273520271114,0.0504191350420144));
#4483=CARTESIAN_POINT('',(0.0588269577137899,-0.204290752791119,0.0522691085274023));
#4484=CARTESIAN_POINT('',(0.0618401109587206,-0.190282745452761,0.0549799462632336));
#4485=CARTESIAN_POINT('',(0.0628557520109701,-0.172504567552725,0.0557893510259728));
#4486=CARTESIAN_POINT('',(0.062889666788411,-0.162802832957973,0.0557589020804243));
#4487=CARTESIAN_POINT('',(0.059702753989137,-0.210263438889306,0.0459435688275863));
#4488=CARTESIAN_POINT('',(0.0618765190188046,-0.204269876152439,0.0476784422927202));
#4489=CARTESIAN_POINT('',(0.0651292279512374,-0.190224439958342,0.0502473361809669));
#4490=CARTESIAN_POINT('',(0.0662244017372694,-0.172459781329403,0.051048286600798));
#4491=CARTESIAN_POINT('',(0.0662697802406656,-0.162809669541434,0.0510357541263817));
#4492=CARTESIAN_POINT('',(0.0609645873476842,-0.210262403140832,0.0435560419429327));
#4493=CARTESIAN_POINT('',(0.0632264328432279,-0.204263225746402,0.0452336190897956));
#4494=CARTESIAN_POINT('',(0.066613454702274,-0.190196833883738,0.0477333607018264));
#4495=CARTESIAN_POINT('',(0.0677521089772249,-0.172436525169815,0.048532825080529));
#4496=CARTESIAN_POINT('',(0.06780176684989,-0.162812404531881,0.0485301540431181));
#4497=CARTESIAN_POINT('',(0.0475,-0.122983982690157,0.0441775423910332));
#4498=CARTESIAN_POINT('',(-0.044,-0.122983982690157,0.0441775423910332));
#4499=MECHANICAL_DESIGN_GEOMETRIC_PRESENTATION_REPRESENTATION('',(#2072),#4500);
#4500=(
GEOMETRIC_REPRESENTATION_CONTEXT(3)
GLOBAL_UNCERTAINTY_ASSIGNED_CONTEXT((#4501))
GLOBAL_UNIT_ASSIGNED_CONTEXT((#4504,#4503,#4502))
REPRESENTATION_CONTEXT('arcade','TOP_LEVEL_ASSEMBLY_PART')
);
#4501=UNCERTAINTY_MEASURE_WITH_UNIT(LENGTH_MEASURE(3.91966322291233E-05),#4504,'DISTANCE_ACCURACY_VALUE','Maximum Tolerance applied to model');
#4502=(
NAMED_UNIT(*)
SI_UNIT($,.STERADIAN.)
SOLID_ANGLE_UNIT()
);
#4503=(
NAMED_UNIT(*)
PLANE_ANGLE_UNIT()
SI_UNIT($,.RADIAN.)
);
#4504=(
LENGTH_UNIT()
NAMED_UNIT(*)
SI_UNIT($,.METRE.)
);
#4505=PRODUCT_DEFINITION_SHAPE('','',#4506);
#4506=PRODUCT_DEFINITION('','',#4508,#4507);
#4507=PRODUCT_DEFINITION_CONTEXT('',#4514,'design');
#4508=PRODUCT_DEFINITION_FORMATION_WITH_SPECIFIED_SOURCE('','',#4510,.NOT_KNOWN.);
#4509=PRODUCT_RELATED_PRODUCT_CATEGORY('','',(#4510));
#4510=PRODUCT('arcade','arcade','arcade',(#4512));
#4511=PRODUCT_CATEGORY('','');
#4512=PRODUCT_CONTEXT('',#4514,'mechanical');
#4513=APPLICATION_PROTOCOL_DEFINITION('international standard','ap242_managed_model_based_3d_engineering',2020,#4514);
#4514=APPLICATION_CONTEXT('managed model based 3d engineering');
#4515=COMPOSITE_SHAPE_ASPECT('hole_callout.F3mdcDVAlz1OGcZ_88.JXH.0',$,#4505,$);
#4516=SHAPE_ASPECT('hole_callout.F3mdcDVAlz1OGcZ_88.JXH.0',$,#4505,.T.);
#4517=GEOMETRIC_ITEM_SPECIFIC_USAGE('','',#4516,#11,#2038);
#4518=SHAPE_ASPECT_RELATIONSHIP('','',#4515,#4516);
#4519=SHAPE_ASPECT('hole_callout.F3mdcDVAlz1OGcZ_88.JXH.0',$,#4505,.T.);
#4520=GEOMETRIC_ITEM_SPECIFIC_USAGE('','',#4519,#11,#2037);
#4521=SHAPE_ASPECT_RELATIONSHIP('','',#4515,#4519);
#4522=SHAPE_ASPECT('hole_callout.F3mdcDVAlz1OGcZ_88.JXH.0',$,#4505,.T.);
#4523=GEOMETRIC_ITEM_SPECIFIC_USAGE('','',#4522,#11,#2040);
#4524=SHAPE_ASPECT_RELATIONSHIP('','',#4515,#4522);
#4525=SHAPE_ASPECT('hole_callout.F3mdcDVAlz1OGcZ_88.JXH.0',$,#4505,.T.);
#4526=GEOMETRIC_ITEM_SPECIFIC_USAGE('','',#4525,#11,#2039);
#4527=SHAPE_ASPECT_RELATIONSHIP('','',#4515,#4525);
#4528=SHAPE_ASPECT('hole_callout.F3mdcDVAlz1OGcZ_88.JXH.0',$,#4505,.T.);
#4529=GEOMETRIC_ITEM_SPECIFIC_USAGE('','',#4528,#11,#2034);
#4530=SHAPE_ASPECT_RELATIONSHIP('','',#4515,#4528);
#4531=SHAPE_ASPECT('hole_callout.F3mdcDVAlz1OGcZ_88.JXH.0',$,#4505,.T.);
#4532=GEOMETRIC_ITEM_SPECIFIC_USAGE('','',#4531,#11,#2033);
#4533=SHAPE_ASPECT_RELATIONSHIP('','',#4515,#4531);
#4534=SHAPE_ASPECT('hole_callout.F3mdcDVAlz1OGcZ_88.JXH.0',$,#4505,.T.);
#4535=GEOMETRIC_ITEM_SPECIFIC_USAGE('','',#4534,#11,#2036);
#4536=SHAPE_ASPECT_RELATIONSHIP('','',#4515,#4534);
#4537=SHAPE_ASPECT('hole_callout.F3mdcDVAlz1OGcZ_88.JXH.0',$,#4505,.T.);
#4538=GEOMETRIC_ITEM_SPECIFIC_USAGE('','',#4537,#11,#2035);
#4539=SHAPE_ASPECT_RELATIONSHIP('','',#4515,#4537);
#4540=DIMENSIONAL_SIZE(#4515,'depth');
#4541=(
LENGTH_UNIT()
NAMED_UNIT(*)
SI_UNIT(.MILLI.,.METRE.)
);
#4543=PRECISION_QUALIFIER(3);
#4542=(
LENGTH_MEASURE_WITH_UNIT()
MEASURE_REPRESENTATION_ITEM()
MEASURE_WITH_UNIT(POSITIVE_LENGTH_MEASURE(3.50000000000001),#4541)
QUALIFIED_REPRESENTATION_ITEM((#4543))
REPRESENTATION_ITEM('nominal value')
);
#4544=COMPOUND_REPRESENTATION_ITEM('modifiers',SET_REPRESENTATION_ITEM((#4545)));
#4545=DESCRIPTIVE_REPRESENTATION_ITEM('dimensional note','depth');
#4546=SHAPE_DIMENSION_REPRESENTATION('',(#4542,#4544),#4500);
#4547=DIMENSIONAL_CHARACTERISTIC_REPRESENTATION(#4540,#4546);
#4548=DIMENSIONAL_SIZE(#4515,'diameter');
#4549=(
LENGTH_UNIT()
NAMED_UNIT(*)
SI_UNIT(.MILLI.,.METRE.)
);
#4551=PRECISION_QUALIFIER(3);
#4550=(
LENGTH_MEASURE_WITH_UNIT()
MEASURE_REPRESENTATION_ITEM()
MEASURE_WITH_UNIT(POSITIVE_LENGTH_MEASURE(1.75),#4549)
QUALIFIED_REPRESENTATION_ITEM((#4551))
REPRESENTATION_ITEM('nominal value')
);
#4552=COMPOUND_REPRESENTATION_ITEM('modifiers',SET_REPRESENTATION_ITEM((#4553)));
#4553=DESCRIPTIVE_REPRESENTATION_ITEM('dimensional note','diameter');
#4554=SHAPE_DIMENSION_REPRESENTATION('',(#4550,#4552),#4500);
#4555=DIMENSIONAL_CHARACTERISTIC_REPRESENTATION(#4548,#4554);
#4556=DIMENSIONAL_SIZE(#4515,'depth');
#4557=(
LENGTH_UNIT()
NAMED_UNIT(*)
SI_UNIT(.MILLI.,.METRE.)
);
#4559=PRECISION_QUALIFIER(3);
#4558=(
LENGTH_MEASURE_WITH_UNIT()
MEASURE_REPRESENTATION_ITEM()
MEASURE_WITH_UNIT(POSITIVE_LENGTH_MEASURE(3.11111111111112),#4557)
QUALIFIED_REPRESENTATION_ITEM((#4559))
REPRESENTATION_ITEM('nominal value')
);
#4560=COMPOUND_REPRESENTATION_ITEM('modifiers',SET_REPRESENTATION_ITEM((#4561)));
#4561=DESCRIPTIVE_REPRESENTATION_ITEM('dimensional note','depth');
#4562=SHAPE_DIMENSION_REPRESENTATION('',(#4558,#4560),#4500);
#4563=DIMENSIONAL_CHARACTERISTIC_REPRESENTATION(#4556,#4562);
#4564=PRESENTATION_STYLE_ASSIGNMENT((NULL_STYLE(.NULL.)));
#4565=CARTESIAN_POINT('',(0.039,-0.117471239817463,0.0817830229227263));
#4566=DIRECTION('',(0.,-0.164540017867807,-0.986370408376114));
#4567=DIRECTION('',(1.,0.,0.));
#4568=AXIS2_PLACEMENT_3D('',#4565,#4566,#4567);
#4569=PLANE('',#4568);
#4570=ANNOTATION_PLANE('',(#4564),#4569,(#4597));
#4571=CARTESIAN_POINT('',(0.,0.,0.));
#4572=DIRECTION('',(0.,0.,1.));
#4573=DIRECTION('',(1.,0.,0.));
#4574=AXIS2_PLACEMENT_3D('',#4571,#4572,#4573);
#4575=CARTESIAN_POINT('',(0.,0.,0.));
#4576=DIRECTION('',(0.,0.,1.));
#4577=DIRECTION('',(1.,0.,0.));
#4578=AXIS2_PLACEMENT_3D('',#4575,#4576,#4577);
#4579=SHAPE_REPRESENTATION('',(#4578,#2080),#4500);
#4580=REPRESENTATION_MAP(#4574,#4579);
#4581=MAPPED_ITEM('',#4580,#4574);
#4582=PRESENTATION_STYLE_ASSIGNMENT((NULL_STYLE(.NULL.)));
#4583=STYLED_ITEM('',(#4582),#4581);
#4584=DRAUGHTING_MODEL('',(#4570,#4574,#4581,#4583),#4500);
#4585=DRAUGHTING_PRE_DEFINED_CURVE_FONT('continuous');
#4586=COLOUR_RGB('',0.,0.,0.);
#4587=CURVE_STYLE('',#4585,POSITIVE_LENGTH_MEASURE(0.02),#4586);
#4588=PRESENTATION_STYLE_ASSIGNMENT((#4587));
#4589=COORDINATES_LIST('coordinates',4683,((0.0396187,-0.1180815,0.0818848),(0.0410329,-0.1208714,0.0823502),(0.0424471,-0.1194765,0.0821175),(0.0619482,-0.1234566,0.0827815),(0.0619535,-0.1235872,0.0828033),(0.0619535,-0.1252544,0.0830814),(0.0619482,-0.1234566,0.0827815),(0.0619535,-0.1252544,0.0830814),(0.0619482,-0.1253832,0.0831028),(0.0619482,-0.1234566,0.0827815),(0.0619482,-0.1253832,0.0831028),(0.0619323,-0.1255061,0.0831234),(0.0619482,-0.1234566,0.0827815),(0.0619323,-0.1255061,0.0831234),(0.0619057,-0.1256232,0.0831429),(0.0619482,-0.1234566,0.0827815),(0.0619057,-0.1256232,0.0831429),(0.0618686,-0.1257343,0.0831614),(0.0619482,-0.1234566,0.0827815),(0.0618686,-0.1257343,0.0831614),(0.0618208,-0.1258395,0.0831790),(0.0619482,-0.1234566,0.0827815),(0.0618208,-0.1258395,0.0831790),(0.0617624,-0.1259388,0.0831955),(0.0619482,-0.1234566,0.0827815),(0.0617624,-0.1259388,0.0831955),(0.0616934,-0.1260322,0.0832111),(0.0619482,-0.1234566,0.0827815),(0.0616934,-0.1260322,0.0832111),(0.0616138,-0.1261198,0.0832257),(0.0619482,-0.1234566,0.0827815),(0.0616138,-0.1261198,0.0832257),(0.0615371,-0.1261905,0.0832375),(0.0619482,-0.1234566,0.0827815),(0.0615371,-0.1261905,0.0832375),(0.0614573,-0.1262517,0.0832477),(0.0619482,-0.1234566,0.0827815),(0.0614573,-0.1262517,0.0832477),(0.0613745,-0.1263036,0.0832564),(0.0613745,-0.1263036,0.0832564),(0.0612886,-0.1263460,0.0832635),(0.0611996,-0.1263790,0.0832690),(0.0613745,-0.1263036,0.0832564),(0.0611996,-0.1263790,0.0832690),(0.0611076,-0.1264026,0.0832729),(0.0613745,-0.1263036,0.0832564),(0.0611076,-0.1264026,0.0832729),(0.0610124,-0.1264167,0.0832753),(0.0613745,-0.1263036,0.0832564),(0.0610124,-0.1264167,0.0832753),(0.0609142,-0.1264214,0.0832760),(0.0613745,-0.1263036,0.0832564),(0.0609142,-0.1264214,0.0832760),(0.0608171,-0.1264167,0.0832753),(0.0613745,-0.1263036,0.0832564),(0.0608171,-0.1264167,0.0832753),(0.0607227,-0.1264026,0.0832729),(0.0613745,-0.1263036,0.0832564),(0.0607227,-0.1264026,0.0832729),(0.0606310,-0.1263790,0.0832690),(0.0613745,-0.1263036,0.0832564),(0.0606310,-0.1263790,0.0832690),(0.0605419,-0.1263460,0.0832635),(0.0613745,-0.1263036,0.0832564),(0.0605419,-0.1263460,0.0832635),(0.0604556,-0.1263036,0.0832564),(0.0613745,-0.1263036,0.0832564),(0.0604556,-0.1263036,0.0832564),(0.0603719,-0.1262517,0.0832477),(0.0613745,-0.1263036,0.0832564),(0.0603719,-0.1262517,0.0832477),(0.0602909,-0.1261905,0.0832375),(0.0613745,-0.1263036,0.0832564),(0.0602909,-0.1261905,0.0832375),(0.0602125,-0.1261198,0.0832257),(0.0613745,-0.1263036,0.0832564),(0.0602125,-0.1261198,0.0832257),(0.0601329,-0.1260340,0.0832114),(0.0613745,-0.1263036,0.0832564),(0.0601329,-0.1260340,0.0832114),(0.0600639,-0.1259420,0.0831961),(0.0613745,-0.1263036,0.0832564),(0.0600639,-0.1259420,0.0831961),(0.0600055,-0.1258440,0.0831797),(0.0613745,-0.1263036,0.0832564),(0.0600055,-0.1258440,0.0831797),(0.0599577,-0.1257398,0.0831623),(0.0613745,-0.1263036,0.0832564),(0.0599577,-0.1257398,0.0831623),(0.0599206,-0.1256294,0.0831439),(0.0599206,-0.1256294,0.0831439),(0.0598940,-0.1255130,0.0831245),(0.0598781,-0.1253904,0.0831040),(0.0599206,-0.1256294,0.0831439),(0.0598781,-0.1253904,0.0831040),(0.0598728,-0.1252617,0.0830826),(0.0599206,-0.1256294,0.0831439),(0.0598728,-0.1252617,0.0830826),(0.0598728,-0.1252544,0.0830814),(0.0599206,-0.1256294,0.0831439),(0.0598728,-0.1252544,0.0830814),(0.0598728,-0.1235831,0.0828026),(0.0599206,-0.1256294,0.0831439),(0.0598728,-0.1235831,0.0828026),(0.0598781,-0.1234535,0.0827810),(0.0599206,-0.1256294,0.0831439),(0.0598781,-0.1234535,0.0827810),(0.0598940,-0.1233301,0.0827604),(0.0599206,-0.1256294,0.0831439),(0.0598940,-0.1233301,0.0827604),(0.0599206,-0.1232128,0.0827408),(0.0599206,-0.1256294,0.0831439),(0.0599206,-0.1232128,0.0827408),(0.0599577,-0.1231016,0.0827222),(0.0599206,-0.1256294,0.0831439),(0.0599577,-0.1231016,0.0827222),(0.0600055,-0.1229964,0.0827047),(0.0599206,-0.1256294,0.0831439),(0.0600055,-0.1229964,0.0827047),(0.0600639,-0.1228974,0.0826882),(0.0599206,-0.1256294,0.0831439),(0.0600639,-0.1228974,0.0826882),(0.0601329,-0.1228045,0.0826727),(0.0599206,-0.1256294,0.0831439),(0.0601329,-0.1228045,0.0826727),(0.0602125,-0.1227177,0.0826582),(0.0602125,-0.1227177,0.0826582),(0.0605163,-0.1230099,0.0827070),(0.0604223,-0.1231247,0.0827261),(0.0602125,-0.1227177,0.0826582),(0.0604223,-0.1231247,0.0827261),(0.0603551,-0.1232592,0.0827485),(0.0602125,-0.1227177,0.0826582),(0.0603551,-0.1232592,0.0827485),(0.0603149,-0.1234134,0.0827742),(0.0599206,-0.1256294,0.0831439),(0.0602125,-0.1227177,0.0826582),(0.0603149,-0.1234134,0.0827742),(0.0599206,-0.1256294,0.0831439),(0.0603149,-0.1234134,0.0827742),(0.0603048,-0.1234978,0.0827883),(0.0599206,-0.1256294,0.0831439),(0.0603048,-0.1234978,0.0827883),(0.0603014,-0.1235872,0.0828033),(0.0599206,-0.1256294,0.0831439),(0.0603014,-0.1235872,0.0828033),(0.0603014,-0.1252617,0.0830826),(0.0599206,-0.1256294,0.0831439),(0.0603014,-0.1252617,0.0830826),(0.0603048,-0.1253488,0.0830971),(0.0599206,-0.1256294,0.0831439),(0.0603048,-0.1253488,0.0830971),(0.0603147,-0.1254310,0.0831108),(0.0599206,-0.1256294,0.0831439),(0.0603147,-0.1254310,0.0831108),(0.0603313,-0.1255085,0.0831237),(0.0599206,-0.1256294,0.0831439),(0.0603313,-0.1255085,0.0831237),(0.0603546,-0.1255811,0.0831359),(0.0599206,-0.1256294,0.0831439),(0.0603546,-0.1255811,0.0831359),(0.0604211,-0.1257118,0.0831577),(0.0599206,-0.1256294,0.0831439),(0.0604211,-0.1257118,0.0831577),(0.0605142,-0.1258233,0.0831763),(0.0599206,-0.1256294,0.0831439),(0.0605142,-0.1258233,0.0831763),(0.0606094,-0.1259009,0.0831892),(0.0599206,-0.1256294,0.0831439),(0.0606094,-0.1259009,0.0831892),(0.0607078,-0.1259564,0.0831985),(0.0613745,-0.1263036,0.0832564),(0.0599206,-0.1256294,0.0831439),(0.0607078,-0.1259564,0.0831985),(0.0613745,-0.1263036,0.0832564),(0.0607078,-0.1259564,0.0831985),(0.0608094,-0.1259897,0.0832040),(0.0613745,-0.1263036,0.0832564),(0.0608094,-0.1259897,0.0832040),(0.0609142,-0.1260007,0.0832059),(0.0613745,-0.1263036,0.0832564),(0.0609142,-0.1260007,0.0832059),(0.0610233,-0.1259897,0.0832040),(0.0613745,-0.1263036,0.0832564),(0.0610233,-0.1259897,0.0832040),(0.0611261,-0.1259564,0.0831985),(0.0613745,-0.1263036,0.0832564),(0.0611261,-0.1259564,0.0831985),(0.0612228,-0.1259009,0.0831892),(0.0613745,-0.1263036,0.0832564),(0.0612228,-0.1259009,0.0831892),(0.0613132,-0.1258233,0.0831763),(0.0613745,-0.1263036,0.0832564),(0.0613132,-0.1258233,0.0831763),(0.0614063,-0.1257063,0.0831567),(0.0613745,-0.1263036,0.0832564),(0.0614063,-0.1257063,0.0831567),(0.0614727,-0.1255725,0.0831344),(0.0613745,-0.1263036,0.0832564),(0.0614727,-0.1255725,0.0831344),(0.0615126,-0.1254218,0.0831093),(0.0619482,-0.1234566,0.0827815),(0.0613745,-0.1263036,0.0832564),(0.0615126,-0.1254218,0.0831093),(0.0619482,-0.1234566,0.0827815),(0.0615126,-0.1254218,0.0831093),(0.0615226,-0.1253402,0.0830957),(0.0619482,-0.1234566,0.0827815),(0.0615226,-0.1253402,0.0830957),(0.0615259,-0.1252544,0.0830814),(0.0619482,-0.1234566,0.0827815),(0.0615259,-0.1252544,0.0830814),(0.0615259,-0.1235872,0.0828033),(0.0619482,-0.1234566,0.0827815),(0.0615259,-0.1235872,0.0828033),(0.0615226,-0.1234988,0.0827885),(0.0619482,-0.1234566,0.0827815),(0.0615226,-0.1234988,0.0827885),(0.0615126,-0.1234152,0.0827746),(0.0619482,-0.1234566,0.0827815),(0.0615126,-0.1234152,0.0827746),(0.0614960,-0.1233364,0.0827614),(0.0619482,-0.1234566,0.0827815),(0.0614960,-0.1233364,0.0827614),(0.0614727,-0.1232623,0.0827491),(0.0619482,-0.1234566,0.0827815),(0.0614727,-0.1232623,0.0827491),(0.0614063,-0.1231286,0.0827268),(0.0619482,-0.1234566,0.0827815),(0.0614063,-0.1231286,0.0827268),(0.0613132,-0.1230141,0.0827077),(0.0619482,-0.1234566,0.0827815),(0.0613132,-0.1230141,0.0827077),(0.0612220,-0.1229374,0.0826949),(0.0606078,-0.1229350,0.0826945),(0.0605163,-0.1230099,0.0827070),(0.0602125,-0.1227177,0.0826582),(0.0607047,-0.1228815,0.0826855),(0.0606078,-0.1229350,0.0826945),(0.0602125,-0.1227177,0.0826582),(0.0608068,-0.1228494,0.0826802),(0.0607047,-0.1228815,0.0826855),(0.0602125,-0.1227177,0.0826582),(0.0609142,-0.1228387,0.0826784),(0.0608068,-0.1228494,0.0826802),(0.0602125,-0.1227177,0.0826582),(0.0610225,-0.1228497,0.0826802),(0.0609142,-0.1228387,0.0826784),(0.0602125,-0.1227177,0.0826582),(0.0610225,-0.1228497,0.0826802),(0.0602125,-0.1227177,0.0826582),(0.0602894,-0.1226479,0.0826466),(0.0610225,-0.1228497,0.0826802),(0.0602894,-0.1226479,0.0826466),(0.0603692,-0.1225875,0.0826365),(0.0611251,-0.1228826,0.0826857),(0.0610225,-0.1228497,0.0826802),(0.0603692,-0.1225875,0.0826365),(0.0611251,-0.1228826,0.0826857),(0.0603692,-0.1225875,0.0826365),(0.0604520,-0.1225364,0.0826280),(0.0611251,-0.1228826,0.0826857),(0.0604520,-0.1225364,0.0826280),(0.0605377,-0.1224945,0.0826210),(0.0612220,-0.1229374,0.0826949),(0.0611251,-0.1228826,0.0826857),(0.0605377,-0.1224945,0.0826210),(0.0612220,-0.1229374,0.0826949),(0.0605377,-0.1224945,0.0826210),(0.0606264,-0.1224620,0.0826155),(0.0619482,-0.1234566,0.0827815),(0.0612220,-0.1229374,0.0826949),(0.0606264,-0.1224620,0.0826155),(0.0619482,-0.1234566,0.0827815),(0.0606264,-0.1224620,0.0826155),(0.0607180,-0.1224387,0.0826117),(0.0619482,-0.1234566,0.0827815),(0.0607180,-0.1224387,0.0826117),(0.0608125,-0.1224248,0.0826093),(0.0619482,-0.1234566,0.0827815),(0.0608125,-0.1224248,0.0826093),(0.0609100,-0.1224201,0.0826086),(0.0619482,-0.1234566,0.0827815),(0.0609100,-0.1224201,0.0826086),(0.0610091,-0.1224247,0.0826093),(0.0619482,-0.1234566,0.0827815),(0.0610091,-0.1224247,0.0826093),(0.0611050,-0.1224384,0.0826116),(0.0619482,-0.1234566,0.0827815),(0.0611050,-0.1224384,0.0826116),(0.0611977,-0.1224612,0.0826154),(0.0619482,-0.1234566,0.0827815),(0.0611977,-0.1224612,0.0826154),(0.0612870,-0.1224932,0.0826208),(0.0619482,-0.1234566,0.0827815),(0.0612870,-0.1224932,0.0826208),(0.0613731,-0.1225343,0.0826276),(0.0619482,-0.1234566,0.0827815),(0.0613731,-0.1225343,0.0826276),(0.0614559,-0.1225846,0.0826360),(0.0619482,-0.1234566,0.0827815),(0.0614559,-0.1225846,0.0826360),(0.0615354,-0.1226439,0.0826459),(0.0619482,-0.1234566,0.0827815),(0.0615354,-0.1226439,0.0826459),(0.0616117,-0.1227124,0.0826573),(0.0619482,-0.1234566,0.0827815),(0.0616117,-0.1227124,0.0826573),(0.0616918,-0.1228005,0.0826720),(0.0619482,-0.1234566,0.0827815),(0.0616918,-0.1228005,0.0826720),(0.0617612,-0.1228947,0.0826877),(0.0619482,-0.1234566,0.0827815),(0.0617612,-0.1228947,0.0826877),(0.0618200,-0.1229950,0.0827045),(0.0619482,-0.1234566,0.0827815),(0.0618200,-0.1229950,0.0827045),(0.0618680,-0.1231013,0.0827222),(0.0619482,-0.1234566,0.0827815),(0.0618680,-0.1231013,0.0827222),(0.0619054,-0.1232137,0.0827409),(0.0619482,-0.1234566,0.0827815),(0.0619054,-0.1232137,0.0827409),(0.0619321,-0.1233321,0.0827607),(0.0476512,-0.1262910,0.0832543),(0.0475771,-0.1263828,0.0832696),(0.0474469,-0.1264173,0.0832753),(0.0476512,-0.1262910,0.0832543),(0.0474469,-0.1264173,0.0832753),(0.0473699,-0.1264024,0.0832729),(0.0476512,-0.1262910,0.0832543),(0.0473699,-0.1264024,0.0832729),(0.0473040,-0.1263578,0.0832654),(0.0476512,-0.1262910,0.0832543),(0.0473040,-0.1263578,0.0832654),(0.0472588,-0.1262902,0.0832541),(0.0476512,-0.1262910,0.0832543),(0.0472588,-0.1262902,0.0832541),(0.0472437,-0.1262064,0.0832402),(0.0476512,-0.1262910,0.0832543),(0.0472437,-0.1262064,0.0832402),(0.0472437,-0.1226289,0.0826434),(0.0476512,-0.1262910,0.0832543),(0.0472437,-0.1226289,0.0826434),(0.0472601,-0.1225478,0.0826299),(0.0476512,-0.1262910,0.0832543),(0.0472601,-0.1225478,0.0826299),(0.0473093,-0.1224796,0.0826185),(0.0476512,-0.1262910,0.0832543),(0.0473093,-0.1224796,0.0826185),(0.0473768,-0.1224350,0.0826110),(0.0476512,-0.1262910,0.0832543),(0.0473768,-0.1224350,0.0826110),(0.0474586,-0.1224201,0.0826086),(0.0476512,-0.1262910,0.0832543),(0.0474586,-0.1224201,0.0826086),(0.0475403,-0.1224350,0.0826110),(0.0476512,-0.1262910,0.0832543),(0.0475403,-0.1224350,0.0826110),(0.0476078,-0.1224796,0.0826185),(0.0476512,-0.1262910,0.0832543),(0.0476078,-0.1224796,0.0826185),(0.0476546,-0.1225478,0.0826299),(0.0476512,-0.1262910,0.0832543),(0.0476546,-0.1225478,0.0826299),(0.0476702,-0.1226289,0.0826434),(0.0476512,-0.1262910,0.0832543),(0.0476702,-0.1226289,0.0826434),(0.0476702,-0.1250602,0.0830490),(0.0476512,-0.1262910,0.0832543),(0.0476702,-0.1250602,0.0830490),(0.0485730,-0.1225485,0.0826300),(0.0476512,-0.1262910,0.0832543),(0.0485730,-0.1225485,0.0826300),(0.0486452,-0.1224522,0.0826139),(0.0476512,-0.1262910,0.0832543),(0.0486452,-0.1224522,0.0826139),(0.0487688,-0.1224201,0.0826086),(0.0476512,-0.1262910,0.0832543),(0.0487688,-0.1224201,0.0826086),(0.0488923,-0.1224522,0.0826139),(0.0476512,-0.1262910,0.0832543),(0.0488923,-0.1224522,0.0826139),(0.0489646,-0.1225485,0.0826300),(0.0498673,-0.1250602,0.0830490),(0.0498673,-0.1226289,0.0826434),(0.0498829,-0.1225170,0.0826247),(0.0498673,-0.1250602,0.0830490),(0.0498829,-0.1225170,0.0826247),(0.0499298,-0.1224796,0.0826185),(0.0498673,-0.1250602,0.0830490),(0.0499298,-0.1224796,0.0826185),(0.0500779,-0.1224201,0.0826086),(0.0498673,-0.1250602,0.0830490),(0.0500779,-0.1224201,0.0826086),(0.0501107,-0.1224087,0.0826067),(0.0498673,-0.1250602,0.0830490),(0.0501107,-0.1224087,0.0826067),(0.0502303,-0.1224796,0.0826185),(0.0498673,-0.1250602,0.0830490),(0.0502303,-0.1224796,0.0826185),(0.0502756,-0.1225467,0.0826297),(0.0498673,-0.1250602,0.0830490),(0.0502756,-0.1225467,0.0826297),(0.0502907,-0.1226289,0.0826434),(0.0498673,-0.1250602,0.0830490),(0.0502907,-0.1226289,0.0826434),(0.0502907,-0.1262064,0.0832402),(0.0498673,-0.1250602,0.0830490),(0.0502907,-0.1262064,0.0832402),(0.0502756,-0.1262863,0.0832535),(0.0489646,-0.1225485,0.0826300),(0.0498673,-0.1250602,0.0830490),(0.0502756,-0.1262863,0.0832535),(0.0489646,-0.1225485,0.0826300),(0.0502756,-0.1262863,0.0832535),(0.0502303,-0.1263525,0.0832645),(0.0489646,-0.1225485,0.0826300),(0.0502303,-0.1263525,0.0832645),(0.0501639,-0.1264011,0.0832726),(0.0489646,-0.1225485,0.0826300),(0.0501639,-0.1264011,0.0832726),(0.0500896,-0.1264173,0.0832753),(0.0489646,-0.1225485,0.0826300),(0.0500896,-0.1264173,0.0832753),(0.0499626,-0.1263828,0.0832696),(0.0489646,-0.1225485,0.0826300),(0.0499626,-0.1263828,0.0832696),(0.0498832,-0.1262868,0.0832536),(0.0489646,-0.1225485,0.0826300),(0.0498832,-0.1262868,0.0832536),(0.0487677,-0.1232772,0.0827515),(0.0476512,-0.1262910,0.0832543),(0.0489646,-0.1225485,0.0826300),(0.0487677,-0.1232772,0.0827515),(0.0662112,-0.1233273,0.0827599),(0.0662133,-0.1232793,0.0827519),(0.0662372,-0.1231884,0.0827367),(0.0662112,-0.1233273,0.0827599),(0.0662372,-0.1231884,0.0827367),(0.0662651,-0.1231033,0.0827225),(0.0662112,-0.1233273,0.0827599),(0.0662651,-0.1231033,0.0827225),(0.0662969,-0.1230239,0.0827093),(0.0662112,-0.1233273,0.0827599),(0.0662969,-0.1230239,0.0827093),(0.0663326,-0.1229502,0.0826970),(0.0662112,-0.1233273,0.0827599),(0.0663326,-0.1229502,0.0826970),(0.0663723,-0.1228822,0.0826856),(0.0662112,-0.1233273,0.0827599),(0.0663723,-0.1228822,0.0826856),(0.0664159,-0.1228199,0.0826753),(0.0662112,-0.1233273,0.0827599),(0.0664159,-0.1228199,0.0826753),(0.0665149,-0.1227124,0.0826573),(0.0662112,-0.1233273,0.0827599),(0.0665149,-0.1227124,0.0826573),(0.0665959,-0.1226439,0.0826459),(0.0662112,-0.1233273,0.0827599),(0.0665959,-0.1226439,0.0826459),(0.0666790,-0.1225846,0.0826360),(0.0662112,-0.1233273,0.0827599),(0.0666790,-0.1225846,0.0826360),(0.0667643,-0.1225343,0.0826276),(0.0662112,-0.1233273,0.0827599),(0.0667643,-0.1225343,0.0826276),(0.0668517,-0.1224932,0.0826208),(0.0662112,-0.1233273,0.0827599),(0.0668517,-0.1224932,0.0826208),(0.0669413,-0.1224612,0.0826154),(0.0662112,-0.1233273,0.0827599),(0.0669413,-0.1224612,0.0826154),(0.0670330,-0.1224384,0.0826116),(0.0662112,-0.1233273,0.0827599),(0.0670330,-0.1224384,0.0826116),(0.0671269,-0.1224247,0.0826093),(0.0662112,-0.1233273,0.0827599),(0.0671269,-0.1224247,0.0826093),(0.0672229,-0.1224201,0.0826086),(0.0662112,-0.1233273,0.0827599),(0.0672229,-0.1224201,0.0826086),(0.0673182,-0.1224248,0.0826093),(0.0662112,-0.1233273,0.0827599),(0.0673182,-0.1224248,0.0826093),(0.0674108,-0.1224387,0.0826117),(0.0662112,-0.1233273,0.0827599),(0.0674108,-0.1224387,0.0826117),(0.0675007,-0.1224620,0.0826155),(0.0662112,-0.1233273,0.0827599),(0.0675007,-0.1224620,0.0826155),(0.0675881,-0.1224945,0.0826210),(0.0675881,-0.1224945,0.0826210),(0.0676727,-0.1225364,0.0826280),(0.0677547,-0.1225875,0.0826365),(0.0675881,-0.1224945,0.0826210),(0.0677547,-0.1225875,0.0826365),(0.0678341,-0.1226479,0.0826466),(0.0675881,-0.1224945,0.0826210),(0.0678341,-0.1226479,0.0826466),(0.0679109,-0.1227177,0.0826582),(0.0675881,-0.1224945,0.0826210),(0.0679109,-0.1227177,0.0826582),(0.0679910,-0.1228047,0.0826727),(0.0675881,-0.1224945,0.0826210),(0.0679910,-0.1228047,0.0826727),(0.0680604,-0.1228983,0.0826883),(0.0675881,-0.1224945,0.0826210),(0.0680604,-0.1228983,0.0826883),(0.0681192,-0.1229983,0.0827050),(0.0675881,-0.1224945,0.0826210),(0.0681192,-0.1229983,0.0827050),(0.0681672,-0.1231049,0.0827228),(0.0675881,-0.1224945,0.0826210),(0.0681672,-0.1231049,0.0827228),(0.0682046,-0.1232181,0.0827417),(0.0675881,-0.1224945,0.0826210),(0.0682046,-0.1232181,0.0827417),(0.0682313,-0.1233377,0.0827616),(0.0675881,-0.1224945,0.0826210),(0.0682313,-0.1233377,0.0827616),(0.0682474,-0.1234639,0.0827827),(0.0675881,-0.1224945,0.0826210),(0.0682474,-0.1234639,0.0827827),(0.0682527,-0.1235966,0.0828048),(0.0675881,-0.1224945,0.0826210),(0.0682527,-0.1235966,0.0828048),(0.0682514,-0.1236985,0.0828218),(0.0675881,-0.1224945,0.0826210),(0.0682514,-0.1236985,0.0828218),(0.0682475,-0.1237964,0.0828381),(0.0675881,-0.1224945,0.0826210),(0.0682475,-0.1237964,0.0828381),(0.0682411,-0.1238903,0.0828538),(0.0675881,-0.1224945,0.0826210),(0.0682411,-0.1238903,0.0828538),(0.0682321,-0.1239802,0.0828688),(0.0675881,-0.1224945,0.0826210),(0.0682321,-0.1239802,0.0828688),(0.0682204,-0.1240661,0.0828831),(0.0675881,-0.1224945,0.0826210),(0.0682204,-0.1240661,0.0828831),(0.0682063,-0.1241481,0.0828968),(0.0675881,-0.1224945,0.0826210),(0.0682063,-0.1241481,0.0828968),(0.0681895,-0.1242260,0.0829098),(0.0675881,-0.1224945,0.0826210),(0.0681895,-0.1242260,0.0829098),(0.0681701,-0.1243000,0.0829221),(0.0675881,-0.1224945,0.0826210),(0.0681701,-0.1243000,0.0829221),(0.0681237,-0.1244359,0.0829448),(0.0681237,-0.1244359,0.0829448),(0.0680670,-0.1245559,0.0829648),(0.0679999,-0.1246600,0.0829822),(0.0681237,-0.1244359,0.0829448),(0.0679999,-0.1246600,0.0829822),(0.0679225,-0.1247481,0.0829969),(0.0681237,-0.1244359,0.0829448),(0.0679225,-0.1247481,0.0829969),(0.0678430,-0.1248166,0.0830083),(0.0681237,-0.1244359,0.0829448),(0.0678430,-0.1248166,0.0830083),(0.0677612,-0.1248759,0.0830182),(0.0681237,-0.1244359,0.0829448),(0.0677612,-0.1248759,0.0830182),(0.0676770,-0.1249262,0.0830266),(0.0681237,-0.1244359,0.0829448),(0.0676770,-0.1249262,0.0830266),(0.0675904,-0.1249673,0.0830335),(0.0681237,-0.1244359,0.0829448),(0.0675904,-0.1249673,0.0830335),(0.0675016,-0.1249992,0.0830388),(0.0681237,-0.1244359,0.0829448),(0.0675016,-0.1249992,0.0830388),(0.0674103,-0.1250221,0.0830426),(0.0681237,-0.1244359,0.0829448),(0.0674103,-0.1250221,0.0830426),(0.0673167,-0.1250358,0.0830449),(0.0681237,-0.1244359,0.0829448),(0.0673167,-0.1250358,0.0830449),(0.0672208,-0.1250404,0.0830457),(0.0681237,-0.1244359,0.0829448),(0.0672208,-0.1250404,0.0830457),(0.0671355,-0.1250371,0.0830451),(0.0681237,-0.1244359,0.0829448),(0.0671355,-0.1250371,0.0830451),(0.0670531,-0.1250275,0.0830435),(0.0681237,-0.1244359,0.0829448),(0.0670531,-0.1250275,0.0830435),(0.0669737,-0.1250114,0.0830408),(0.0681237,-0.1244359,0.0829448),(0.0669737,-0.1250114,0.0830408),(0.0668972,-0.1249889,0.0830371),(0.0681237,-0.1244359,0.0829448),(0.0668972,-0.1249889,0.0830371),(0.0667531,-0.1249247,0.0830264),(0.0681237,-0.1244359,0.0829448),(0.0667531,-0.1249247,0.0830264),(0.0666207,-0.1248347,0.0830113),(0.0666631,-0.1259966,0.0832052),(0.0679384,-0.1259966,0.0832052),(0.0680199,-0.1260122,0.0832078),(0.0666631,-0.1259966,0.0832052),(0.0680199,-0.1260122,0.0832078),(0.0680887,-0.1260592,0.0832156),(0.0666631,-0.1259966,0.0832052),(0.0680887,-0.1260592,0.0832156),(0.0681355,-0.1261276,0.0832270),(0.0666631,-0.1259966,0.0832052),(0.0681355,-0.1261276,0.0832270),(0.0681511,-0.1262074,0.0832403),(0.0666631,-0.1259966,0.0832052),(0.0681511,-0.1262074,0.0832403),(0.0681355,-0.1262870,0.0832536),(0.0666631,-0.1259966,0.0832052),(0.0681355,-0.1262870,0.0832536),(0.0680887,-0.1263546,0.0832649),(0.0666631,-0.1259966,0.0832052),(0.0680887,-0.1263546,0.0832649),(0.0680199,-0.1264016,0.0832727),(0.0666631,-0.1259966,0.0832052),(0.0680199,-0.1264016,0.0832727),(0.0679384,-0.1264173,0.0832753),(0.0666631,-0.1259966,0.0832052),(0.0679384,-0.1264173,0.0832753),(0.0664662,-0.1264173,0.0832753),(0.0666207,-0.1248347,0.0830113),(0.0666631,-0.1259966,0.0832052),(0.0664662,-0.1264173,0.0832753),(0.0666207,-0.1248347,0.0830113),(0.0664662,-0.1264173,0.0832753),(0.0663858,-0.1264034,0.0832730),(0.0666207,-0.1248347,0.0830113),(0.0663858,-0.1264034,0.0832730),(0.0663159,-0.1263619,0.0832661),(0.0666207,-0.1248347,0.0830113),(0.0663159,-0.1263619,0.0832661),(0.0662683,-0.1262977,0.0832554),(0.0666207,-0.1248347,0.0830113),(0.0662683,-0.1262977,0.0832554),(0.0662524,-0.1262200,0.0832424),(0.0666207,-0.1248347,0.0830113),(0.0662524,-0.1262200,0.0832424),(0.0661720,-0.1241833,0.0829027),(0.0666207,-0.1248347,0.0830113),(0.0661720,-0.1241833,0.0829027),(0.0661852,-0.1241050,0.0828896),(0.0666207,-0.1248347,0.0830113),(0.0661852,-0.1241050,0.0828896),(0.0662249,-0.1240351,0.0828780),(0.0666207,-0.1248347,0.0830113),(0.0662249,-0.1240351,0.0828780),(0.0662900,-0.1239818,0.0828691),(0.0666207,-0.1248347,0.0830113),(0.0662900,-0.1239818,0.0828691),(0.0663731,-0.1239641,0.0828661),(0.0666207,-0.1248347,0.0830113),(0.0663731,-0.1239641,0.0828661),(0.0664543,-0.1239774,0.0828683),(0.0666207,-0.1248347,0.0830113),(0.0664543,-0.1239774,0.0828683),(0.0665266,-0.1240173,0.0828750),(0.0666207,-0.1248347,0.0830113),(0.0665266,-0.1240173,0.0828750),(0.0665890,-0.1241175,0.0828917),(0.0666207,-0.1248347,0.0830113),(0.0665890,-0.1241175,0.0828917),(0.0666230,-0.1242015,0.0829057),(0.0666207,-0.1248347,0.0830113),(0.0666230,-0.1242015,0.0829057),(0.0666721,-0.1242843,0.0829195),(0.0666207,-0.1248347,0.0830113),(0.0666721,-0.1242843,0.0829195),(0.0667362,-0.1243659,0.0829331),(0.0666207,-0.1248347,0.0830113),(0.0667362,-0.1243659,0.0829331),(0.0668155,-0.1244464,0.0829466),(0.0666207,-0.1248347,0.0830113),(0.0668155,-0.1244464,0.0829466),(0.0669111,-0.1245231,0.0829594),(0.0666207,-0.1248347,0.0830113),(0.0669111,-0.1245231,0.0829594),(0.0670105,-0.1245779,0.0829685),(0.0666207,-0.1248347,0.0830113),(0.0670105,-0.1245779,0.0829685),(0.0671137,-0.1246108,0.0829740),(0.0666207,-0.1248347,0.0830113),(0.0671137,-0.1246108,0.0829740),(0.0672208,-0.1246217,0.0829758),(0.0666207,-0.1248347,0.0830113),(0.0672208,-0.1246217,0.0829758),(0.0673273,-0.1246108,0.0829740),(0.0681237,-0.1244359,0.0829448),(0.0666207,-0.1248347,0.0830113),(0.0673273,-0.1246108,0.0829740),(0.0681237,-0.1244359,0.0829448),(0.0673273,-0.1246108,0.0829740),(0.0674298,-0.1245779,0.0829685),(0.0681237,-0.1244359,0.0829448),(0.0674298,-0.1245779,0.0829685),(0.0675284,-0.1245231,0.0829594),(0.0681237,-0.1244359,0.0829448),(0.0675284,-0.1245231,0.0829594),(0.0676230,-0.1244464,0.0829466),(0.0681237,-0.1244359,0.0829448),(0.0676230,-0.1244464,0.0829466),(0.0677133,-0.1243195,0.0829254),(0.0681237,-0.1244359,0.0829448),(0.0677133,-0.1243195,0.0829254),(0.0677487,-0.1242346,0.0829112),(0.0681237,-0.1244359,0.0829448),(0.0677487,-0.1242346,0.0829112),(0.0677778,-0.1241353,0.0828947),(0.0681237,-0.1244359,0.0829448),(0.0677778,-0.1241353,0.0828947),(0.0678003,-0.1240216,0.0828757),(0.0681237,-0.1244359,0.0829448),(0.0678003,-0.1240216,0.0828757),(0.0678165,-0.1238936,0.0828544),(0.0681237,-0.1244359,0.0829448),(0.0678165,-0.1238936,0.0828544),(0.0678261,-0.1237513,0.0828306),(0.0681237,-0.1244359,0.0829448),(0.0678261,-0.1237513,0.0828306),(0.0678294,-0.1235945,0.0828045),(0.0681237,-0.1244359,0.0829448),(0.0678294,-0.1235945,0.0828045),(0.0678259,-0.1235043,0.0827894),(0.0681237,-0.1244359,0.0829448),(0.0678259,-0.1235043,0.0827894),(0.0678156,-0.1234190,0.0827752),(0.0681237,-0.1244359,0.0829448),(0.0678156,-0.1234190,0.0827752),(0.0677984,-0.1233386,0.0827618),(0.0675881,-0.1224945,0.0826210),(0.0681237,-0.1244359,0.0829448),(0.0677984,-0.1233386,0.0827618),(0.0675881,-0.1224945,0.0826210),(0.0677984,-0.1233386,0.0827618),(0.0677743,-0.1232631,0.0827492),(0.0675881,-0.1224945,0.0826210),(0.0677743,-0.1232631,0.0827492),(0.0677055,-0.1231267,0.0827264),(0.0675881,-0.1224945,0.0826210),(0.0677055,-0.1231267,0.0827264),(0.0676092,-0.1230099,0.0827070),(0.0675881,-0.1224945,0.0826210),(0.0676092,-0.1230099,0.0827070),(0.0675179,-0.1229350,0.0826945),(0.0675881,-0.1224945,0.0826210),(0.0675179,-0.1229350,0.0826945),(0.0674219,-0.1228815,0.0826855),(0.0675881,-0.1224945,0.0826210),(0.0674219,-0.1228815,0.0826855),(0.0673211,-0.1228494,0.0826802),(0.0675881,-0.1224945,0.0826210),(0.0673211,-0.1228494,0.0826802),(0.0672155,-0.1228387,0.0826784),(0.0675881,-0.1224945,0.0826210),(0.0672155,-0.1228387,0.0826784),(0.0671129,-0.1228498,0.0826802),(0.0675881,-0.1224945,0.0826210),(0.0671129,-0.1228498,0.0826802),(0.0670105,-0.1228831,0.0826858),(0.0675881,-0.1224945,0.0826210),(0.0670105,-0.1228831,0.0826858),(0.0669081,-0.1229386,0.0826950),(0.0662112,-0.1233273,0.0827599),(0.0675881,-0.1224945,0.0826210),(0.0669081,-0.1229386,0.0826950),(0.0662112,-0.1233273,0.0827599),(0.0669081,-0.1229386,0.0826950),(0.0668060,-0.1230162,0.0827080),(0.0662112,-0.1233273,0.0827599),(0.0668060,-0.1230162,0.0827080),(0.0667038,-0.1231571,0.0827315),(0.0662112,-0.1233273,0.0827599),(0.0667038,-0.1231571,0.0827315),(0.0666643,-0.1232558,0.0827480),(0.0662112,-0.1233273,0.0827599),(0.0666643,-0.1232558,0.0827480),(0.0666324,-0.1233732,0.0827676),(0.0662112,-0.1233273,0.0827599),(0.0666324,-0.1233732,0.0827676),(0.0665883,-0.1234449,0.0827795),(0.0662112,-0.1233273,0.0827599),(0.0665883,-0.1234449,0.0827795),(0.0665398,-0.1234962,0.0827881),(0.0662112,-0.1233273,0.0827599),(0.0665398,-0.1234962,0.0827881),(0.0664292,-0.1235371,0.0827949),(0.0662112,-0.1233273,0.0827599),(0.0664292,-0.1235371,0.0827949),(0.0664218,-0.1235371,0.0827949),(0.0662112,-0.1233273,0.0827599),(0.0664218,-0.1235371,0.0827949),(0.0663479,-0.1235217,0.0827923),(0.0662112,-0.1233273,0.0827599),(0.0663479,-0.1235217,0.0827923),(0.0662882,-0.1234815,0.0827856),(0.0651274,-0.1240622,0.0828825),(0.0647221,-0.1240622,0.0828825),(0.0640321,-0.1240486,0.0828802),(0.0653698,-0.1240622,0.0828825),(0.0651274,-0.1240622,0.0828825),(0.0640321,-0.1240486,0.0828802),(0.0647221,-0.1253796,0.0831022),(0.0647221,-0.1240622,0.0828825),(0.0651274,-0.1240622,0.0828825),(0.0647221,-0.1253796,0.0831022),(0.0651274,-0.1240622,0.0828825),(0.0651274,-0.1262200,0.0832424),(0.0640321,-0.1240486,0.0828802),(0.0647221,-0.1253796,0.0831022),(0.0651274,-0.1262200,0.0832424),(0.0640321,-0.1240486,0.0828802),(0.0651274,-0.1262200,0.0832424),(0.0651176,-0.1262938,0.0832548),(0.0640321,-0.1240486,0.0828802),(0.0651176,-0.1262938,0.0832548),(0.0650883,-0.1263505,0.0832642),(0.0640321,-0.1240486,0.0828802),(0.0650883,-0.1263505,0.0832642),(0.0649793,-0.1264235,0.0832764),(0.0640321,-0.1240486,0.0828802),(0.0649793,-0.1264235,0.0832764),(0.0649189,-0.1264308,0.0832776),(0.0640321,-0.1240486,0.0828802),(0.0649189,-0.1264308,0.0832776),(0.0648427,-0.1264214,0.0832760),(0.0640321,-0.1240486,0.0828802),(0.0648427,-0.1264214,0.0832760),(0.0647359,-0.1263390,0.0832623),(0.0640321,-0.1240486,0.0828802),(0.0647359,-0.1263390,0.0832623),(0.0634584,-0.1239526,0.0828642),(0.0653698,-0.1240622,0.0828825),(0.0640321,-0.1240486,0.0828802),(0.0634584,-0.1239526,0.0828642),(0.0653698,-0.1240622,0.0828825),(0.0634584,-0.1239526,0.0828642),(0.0634235,-0.1238273,0.0828433),(0.0653698,-0.1240622,0.0828825),(0.0634235,-0.1238273,0.0828433),(0.0634489,-0.1237407,0.0828289),(0.0653698,-0.1240622,0.0828825),(0.0634489,-0.1237407,0.0828289),(0.0635259,-0.1236671,0.0828166),(0.0653698,-0.1240622,0.0828825),(0.0635259,-0.1236671,0.0828166),(0.0636362,-0.1236426,0.0828125),(0.0653698,-0.1240622,0.0828825),(0.0636362,-0.1236426,0.0828125),(0.0647009,-0.1236426,0.0828125),(0.0647009,-0.1236426,0.0828125),(0.0647009,-0.1226446,0.0826460),(0.0647165,-0.1225624,0.0826323),(0.0647009,-0.1236426,0.0828125),(0.0647165,-0.1225624,0.0826323),(0.0647634,-0.1224953,0.0826211),(0.0647009,-0.1236426,0.0828125),(0.0647634,-0.1224953,0.0826211),(0.0648322,-0.1224499,0.0826135),(0.0647009,-0.1236426,0.0828125),(0.0648322,-0.1224499,0.0826135),(0.0649137,-0.1224348,0.0826110),(0.0647009,-0.1236426,0.0828125),(0.0649137,-0.1224348,0.0826110),(0.0649959,-0.1224499,0.0826135),(0.0647009,-0.1236426,0.0828125),(0.0649959,-0.1224499,0.0826135),(0.0650650,-0.1224953,0.0826211),(0.0647009,-0.1236426,0.0828125),(0.0650650,-0.1224953,0.0826211),(0.0651118,-0.1225624,0.0826323),(0.0647009,-0.1236426,0.0828125),(0.0651118,-0.1225624,0.0826323),(0.0651274,-0.1226446,0.0826460),(0.0647009,-0.1236426,0.0828125),(0.0651274,-0.1226446,0.0826460),(0.0651274,-0.1236426,0.0828125),(0.0653698,-0.1240622,0.0828825),(0.0647009,-0.1236426,0.0828125),(0.0651274,-0.1236426,0.0828125),(0.0653698,-0.1240622,0.0828825),(0.0651274,-0.1236426,0.0828125),(0.0653698,-0.1236426,0.0828125),(0.0653698,-0.1240622,0.0828825),(0.0653698,-0.1236426,0.0828125),(0.0654534,-0.1236580,0.0828151),(0.0653698,-0.1240622,0.0828825),(0.0654534,-0.1236580,0.0828151),(0.0655222,-0.1237041,0.0828228),(0.0653698,-0.1240622,0.0828825),(0.0655222,-0.1237041,0.0828228),(0.0655682,-0.1237720,0.0828341),(0.0653698,-0.1240622,0.0828825),(0.0655682,-0.1237720,0.0828341),(0.0655836,-0.1238524,0.0828475),(0.0653698,-0.1240622,0.0828825),(0.0655836,-0.1238524,0.0828475),(0.0655682,-0.1239328,0.0828609),(0.0653698,-0.1240622,0.0828825),(0.0655682,-0.1239328,0.0828609),(0.0655222,-0.1240006,0.0828722),(0.0653698,-0.1240622,0.0828825),(0.0655222,-0.1240006,0.0828722),(0.0654534,-0.1240468,0.0828799),(0.0514982,-0.1228387,0.0826784),(0.0526698,-0.1244077,0.0829401),(0.0527343,-0.1245002,0.0829556),(0.0514982,-0.1228387,0.0826784),(0.0527343,-0.1245002,0.0829556),(0.0527902,-0.1245965,0.0829716),(0.0514982,-0.1228387,0.0826784),(0.0527902,-0.1245965,0.0829716),(0.0528375,-0.1246966,0.0829883),(0.0514982,-0.1228387,0.0826784),(0.0528375,-0.1246966,0.0829883),(0.0528762,-0.1248005,0.0830056),(0.0514982,-0.1228387,0.0826784),(0.0528762,-0.1248005,0.0830056),(0.0529063,-0.1249082,0.0830236),(0.0514982,-0.1228387,0.0826784),(0.0529063,-0.1249082,0.0830236),(0.0529278,-0.1250198,0.0830422),(0.0514982,-0.1228387,0.0826784),(0.0529278,-0.1250198,0.0830422),(0.0529407,-0.1251352,0.0830615),(0.0514982,-0.1228387,0.0826784),(0.0529407,-0.1251352,0.0830615),(0.0529450,-0.1252544,0.0830814),(0.0514982,-0.1228387,0.0826784),(0.0529450,-0.1252544,0.0830814),(0.0529398,-0.1253776,0.0831019),(0.0514982,-0.1228387,0.0826784),(0.0529398,-0.1253776,0.0831019),(0.0529245,-0.1254963,0.0831217),(0.0514982,-0.1228387,0.0826784),(0.0529245,-0.1254963,0.0831217),(0.0528988,-0.1256105,0.0831408),(0.0514982,-0.1228387,0.0826784),(0.0528988,-0.1256105,0.0831408),(0.0528629,-0.1257202,0.0831591),(0.0528629,-0.1257202,0.0831591),(0.0528168,-0.1258253,0.0831766),(0.0527604,-0.1259259,0.0831934),(0.0528629,-0.1257202,0.0831591),(0.0527604,-0.1259259,0.0831934),(0.0526938,-0.1260220,0.0832094),(0.0528629,-0.1257202,0.0831591),(0.0526938,-0.1260220,0.0832094),(0.0526169,-0.1261135,0.0832247),(0.0528629,-0.1257202,0.0831591),(0.0526169,-0.1261135,0.0832247),(0.0525440,-0.1261857,0.0832367),(0.0528629,-0.1257202,0.0831591),(0.0525440,-0.1261857,0.0832367),(0.0524666,-0.1262482,0.0832471),(0.0528629,-0.1257202,0.0831591),(0.0524666,-0.1262482,0.0832471),(0.0523847,-0.1263011,0.0832560),(0.0528629,-0.1257202,0.0831591),(0.0523847,-0.1263011,0.0832560),(0.0522983,-0.1263445,0.0832632),(0.0528629,-0.1257202,0.0831591),(0.0522983,-0.1263445,0.0832632),(0.0522074,-0.1263781,0.0832688),(0.0528629,-0.1257202,0.0831591),(0.0522074,-0.1263781,0.0832688),(0.0521121,-0.1264022,0.0832728),(0.0528629,-0.1257202,0.0831591),(0.0521121,-0.1264022,0.0832728),(0.0520122,-0.1264166,0.0832752),(0.0528629,-0.1257202,0.0831591),(0.0520122,-0.1264166,0.0832752),(0.0519078,-0.1264214,0.0832760),(0.0528629,-0.1257202,0.0831591),(0.0519078,-0.1264214,0.0832760),(0.0518093,-0.1264167,0.0832753),(0.0528629,-0.1257202,0.0831591),(0.0518093,-0.1264167,0.0832753),(0.0517138,-0.1264026,0.0832729),(0.0528629,-0.1257202,0.0831591),(0.0517138,-0.1264026,0.0832729),(0.0516213,-0.1263790,0.0832690),(0.0528629,-0.1257202,0.0831591),(0.0516213,-0.1263790,0.0832690),(0.0515318,-0.1263460,0.0832635),(0.0528629,-0.1257202,0.0831591),(0.0515318,-0.1263460,0.0832635),(0.0514454,-0.1263036,0.0832564),(0.0528629,-0.1257202,0.0831591),(0.0514454,-0.1263036,0.0832564),(0.0513619,-0.1262517,0.0832477),(0.0513619,-0.1262517,0.0832477),(0.0512814,-0.1261905,0.0832375),(0.0512040,-0.1261198,0.0832257),(0.0513619,-0.1262517,0.0832477),(0.0512040,-0.1261198,0.0832257),(0.0511249,-0.1260344,0.0832115),(0.0513619,-0.1262517,0.0832477),(0.0511249,-0.1260344,0.0832115),(0.0510563,-0.1259428,0.0831962),(0.0513619,-0.1262517,0.0832477),(0.0510563,-0.1259428,0.0831962),(0.0509983,-0.1258449,0.0831799),(0.0513619,-0.1262517,0.0832477),(0.0509983,-0.1258449,0.0831799),(0.0509508,-0.1257408,0.0831625),(0.0513619,-0.1262517,0.0832477),(0.0509508,-0.1257408,0.0831625),(0.0509139,-0.1256304,0.0831441),(0.0513619,-0.1262517,0.0832477),(0.0509139,-0.1256304,0.0831441),(0.0508875,-0.1255138,0.0831246),(0.0513619,-0.1262517,0.0832477),(0.0508875,-0.1255138,0.0831246),(0.0508717,-0.1253908,0.0831041),(0.0513619,-0.1262517,0.0832477),(0.0508717,-0.1253908,0.0831041),(0.0508664,-0.1252617,0.0830826),(0.0513619,-0.1262517,0.0832477),(0.0508664,-0.1252617,0.0830826),(0.0508664,-0.1252564,0.0830817),(0.0513619,-0.1262517,0.0832477),(0.0508664,-0.1252564,0.0830817),(0.0508820,-0.1251761,0.0830683),(0.0513619,-0.1262517,0.0832477),(0.0508820,-0.1251761,0.0830683),(0.0509288,-0.1251082,0.0830570),(0.0513619,-0.1262517,0.0832477),(0.0509288,-0.1251082,0.0830570),(0.0509976,-0.1250620,0.0830493),(0.0513619,-0.1262517,0.0832477),(0.0509976,-0.1250620,0.0830493),(0.0510791,-0.1250466,0.0830467),(0.0513619,-0.1262517,0.0832477),(0.0510791,-0.1250466,0.0830467),(0.0511606,-0.1250620,0.0830493),(0.0513619,-0.1262517,0.0832477),(0.0511606,-0.1250620,0.0830493),(0.0512294,-0.1251082,0.0830570),(0.0513619,-0.1262517,0.0832477),(0.0512294,-0.1251082,0.0830570),(0.0512770,-0.1251761,0.0830683),(0.0512770,-0.1251761,0.0830683),(0.0512929,-0.1252564,0.0830817),(0.0512929,-0.1252617,0.0830826),(0.0512770,-0.1251761,0.0830683),(0.0512929,-0.1252617,0.0830826),(0.0512962,-0.1253474,0.0830969),(0.0513619,-0.1262517,0.0832477),(0.0512770,-0.1251761,0.0830683),(0.0512962,-0.1253474,0.0830969),(0.0513619,-0.1262517,0.0832477),(0.0512962,-0.1253474,0.0830969),(0.0513062,-0.1254287,0.0831104),(0.0513619,-0.1262517,0.0832477),(0.0513062,-0.1254287,0.0831104),(0.0513228,-0.1255055,0.0831233),(0.0513619,-0.1262517,0.0832477),(0.0513228,-0.1255055,0.0831233),(0.0513461,-0.1255780,0.0831353),(0.0513619,-0.1262517,0.0832477),(0.0513461,-0.1255780,0.0831353),(0.0514126,-0.1257095,0.0831573),(0.0513619,-0.1262517,0.0832477),(0.0514126,-0.1257095,0.0831573),(0.0515056,-0.1258233,0.0831763),(0.0513619,-0.1262517,0.0832477),(0.0515056,-0.1258233,0.0831763),(0.0515965,-0.1259009,0.0831892),(0.0513619,-0.1262517,0.0832477),(0.0515965,-0.1259009,0.0831892),(0.0516935,-0.1259564,0.0831985),(0.0513619,-0.1262517,0.0832477),(0.0516935,-0.1259564,0.0831985),(0.0517965,-0.1259897,0.0832040),(0.0513619,-0.1262517,0.0832477),(0.0517965,-0.1259897,0.0832040),(0.0519057,-0.1260007,0.0832059),(0.0513619,-0.1262517,0.0832477),(0.0519057,-0.1260007,0.0832059),(0.0520189,-0.1259900,0.0832041),(0.0513619,-0.1262517,0.0832477),(0.0520189,-0.1259900,0.0832041),(0.0521226,-0.1259579,0.0831987),(0.0528629,-0.1257202,0.0831591),(0.0513619,-0.1262517,0.0832477),(0.0521226,-0.1259579,0.0831987),(0.0528629,-0.1257202,0.0831591),(0.0521226,-0.1259579,0.0831987),(0.0522168,-0.1259044,0.0831898),(0.0528629,-0.1257202,0.0831591),(0.0522168,-0.1259044,0.0831898),(0.0523015,-0.1258295,0.0831773),(0.0528629,-0.1257202,0.0831591),(0.0523015,-0.1258295,0.0831773),(0.0523531,-0.1257692,0.0831672),(0.0528629,-0.1257202,0.0831591),(0.0523531,-0.1257692,0.0831672),(0.0523978,-0.1257056,0.0831566),(0.0528629,-0.1257202,0.0831591),(0.0523978,-0.1257056,0.0831566),(0.0524666,-0.1255688,0.0831338),(0.0528629,-0.1257202,0.0831591),(0.0524666,-0.1255688,0.0831338),(0.0525079,-0.1254191,0.0831088),(0.0528629,-0.1257202,0.0831591),(0.0525079,-0.1254191,0.0831088),(0.0525182,-0.1253394,0.0830955),(0.0528629,-0.1257202,0.0831591),(0.0525182,-0.1253394,0.0830955),(0.0525216,-0.1252564,0.0830817),(0.0528629,-0.1257202,0.0831591),(0.0525216,-0.1252564,0.0830817),(0.0525187,-0.1251709,0.0830674),(0.0528629,-0.1257202,0.0831591),(0.0525187,-0.1251709,0.0830674),(0.0525099,-0.1250886,0.0830537),(0.0528629,-0.1257202,0.0831591),(0.0525099,-0.1250886,0.0830537),(0.0524953,-0.1250096,0.0830405),(0.0528629,-0.1257202,0.0831591),(0.0524953,-0.1250096,0.0830405),(0.0524748,-0.1249339,0.0830279),(0.0528629,-0.1257202,0.0831591),(0.0524748,-0.1249339,0.0830279),(0.0524163,-0.1247922,0.0830043),(0.0514982,-0.1228387,0.0826784),(0.0528629,-0.1257202,0.0831591),(0.0524163,-0.1247922,0.0830043),(0.0514982,-0.1228387,0.0826784),(0.0524163,-0.1247922,0.0830043),(0.0523343,-0.1246635,0.0829828),(0.0514982,-0.1228387,0.0826784),(0.0523343,-0.1246635,0.0829828),(0.0509108,-0.1227563,0.0826646),(0.0527344,-0.1228387,0.0826784),(0.0514982,-0.1228387,0.0826784),(0.0509108,-0.1227563,0.0826646),(0.0527344,-0.1228387,0.0826784),(0.0509108,-0.1227563,0.0826646),(0.0508643,-0.1226331,0.0826441),(0.0527344,-0.1228387,0.0826784),(0.0508643,-0.1226331,0.0826441),(0.0508664,-0.1225986,0.0826383),(0.0527344,-0.1228387,0.0826784),(0.0508664,-0.1225986,0.0826383),(0.0508929,-0.1225211,0.0826254),(0.0527344,-0.1228387,0.0826784),(0.0508929,-0.1225211,0.0826254),(0.0509447,-0.1224661,0.0826162),(0.0527344,-0.1228387,0.0826784),(0.0509447,-0.1224661,0.0826162),(0.0510132,-0.1224316,0.0826105),(0.0527344,-0.1228387,0.0826784),(0.0510132,-0.1224316,0.0826105),(0.0510791,-0.1224201,0.0826086),(0.0527344,-0.1228387,0.0826784),(0.0510791,-0.1224201,0.0826086),(0.0527344,-0.1224201,0.0826086),(0.0527344,-0.1228387,0.0826784),(0.0527344,-0.1224201,0.0826086),(0.0528177,-0.1224350,0.0826110),(0.0527344,-0.1228387,0.0826784),(0.0528177,-0.1224350,0.0826110),(0.0528857,-0.1224796,0.0826185),(0.0527344,-0.1228387,0.0826784),(0.0528857,-0.1224796,0.0826185),(0.0529301,-0.1225467,0.0826297),(0.0527344,-0.1228387,0.0826784),(0.0529301,-0.1225467,0.0826297),(0.0529450,-0.1226289,0.0826434),(0.0527344,-0.1228387,0.0826784),(0.0529450,-0.1226289,0.0826434),(0.0529301,-0.1227119,0.0826572),(0.0527344,-0.1228387,0.0826784),(0.0529301,-0.1227119,0.0826572),(0.0528857,-0.1227792,0.0826685),(0.0527344,-0.1228387,0.0826784),(0.0528857,-0.1227792,0.0826685),(0.0528198,-0.1228239,0.0826759),(0.0550881,-0.1228387,0.0826784),(0.0562597,-0.1244077,0.0829401),(0.0563242,-0.1245002,0.0829556),(0.0550881,-0.1228387,0.0826784),(0.0563242,-0.1245002,0.0829556),(0.0563800,-0.1245965,0.0829716),(0.0550881,-0.1228387,0.0826784),(0.0563800,-0.1245965,0.0829716),(0.0564273,-0.1246966,0.0829883),(0.0550881,-0.1228387,0.0826784),(0.0564273,-0.1246966,0.0829883),(0.0564660,-0.1248005,0.0830056),(0.0550881,-0.1228387,0.0826784),(0.0564660,-0.1248005,0.0830056),(0.0564961,-0.1249082,0.0830236),(0.0550881,-0.1228387,0.0826784),(0.0564961,-0.1249082,0.0830236),(0.0565176,-0.1250198,0.0830422),(0.0550881,-0.1228387,0.0826784),(0.0565176,-0.1250198,0.0830422),(0.0565305,-0.1251352,0.0830615),(0.0550881,-0.1228387,0.0826784),(0.0565305,-0.1251352,0.0830615),(0.0565348,-0.1252544,0.0830814),(0.0550881,-0.1228387,0.0826784),(0.0565348,-0.1252544,0.0830814),(0.0565297,-0.1253776,0.0831019),(0.0550881,-0.1228387,0.0826784),(0.0565297,-0.1253776,0.0831019),(0.0565143,-0.1254963,0.0831217),(0.0550881,-0.1228387,0.0826784),(0.0565143,-0.1254963,0.0831217),(0.0564887,-0.1256105,0.0831408),(0.0550881,-0.1228387,0.0826784),(0.0564887,-0.1256105,0.0831408),(0.0564528,-0.1257202,0.0831591),(0.0564528,-0.1257202,0.0831591),(0.0564067,-0.1258253,0.0831766),(0.0563503,-0.1259259,0.0831934),(0.0564528,-0.1257202,0.0831591),(0.0563503,-0.1259259,0.0831934),(0.0562836,-0.1260220,0.0832094),(0.0564528,-0.1257202,0.0831591),(0.0562836,-0.1260220,0.0832094),(0.0562067,-0.1261135,0.0832247),(0.0564528,-0.1257202,0.0831591),(0.0562067,-0.1261135,0.0832247),(0.0561339,-0.1261857,0.0832367),(0.0564528,-0.1257202,0.0831591),(0.0561339,-0.1261857,0.0832367),(0.0560565,-0.1262482,0.0832471),(0.0564528,-0.1257202,0.0831591),(0.0560565,-0.1262482,0.0832471),(0.0559746,-0.1263011,0.0832560),(0.0564528,-0.1257202,0.0831591),(0.0559746,-0.1263011,0.0832560),(0.0558882,-0.1263445,0.0832632),(0.0564528,-0.1257202,0.0831591),(0.0558882,-0.1263445,0.0832632),(0.0557973,-0.1263781,0.0832688),(0.0564528,-0.1257202,0.0831591),(0.0557973,-0.1263781,0.0832688),(0.0557019,-0.1264022,0.0832728),(0.0564528,-0.1257202,0.0831591),(0.0557019,-0.1264022,0.0832728),(0.0556020,-0.1264166,0.0832752),(0.0564528,-0.1257202,0.0831591),(0.0556020,-0.1264166,0.0832752),(0.0554977,-0.1264214,0.0832760),(0.0564528,-0.1257202,0.0831591),(0.0554977,-0.1264214,0.0832760),(0.0553992,-0.1264167,0.0832753),(0.0564528,-0.1257202,0.0831591),(0.0553992,-0.1264167,0.0832753),(0.0553037,-0.1264026,0.0832729),(0.0564528,-0.1257202,0.0831591),(0.0553037,-0.1264026,0.0832729),(0.0552112,-0.1263790,0.0832690),(0.0564528,-0.1257202,0.0831591),(0.0552112,-0.1263790,0.0832690),(0.0551217,-0.1263460,0.0832635),(0.0564528,-0.1257202,0.0831591),(0.0551217,-0.1263460,0.0832635),(0.0550352,-0.1263036,0.0832564),(0.0564528,-0.1257202,0.0831591),(0.0550352,-0.1263036,0.0832564),(0.0549518,-0.1262517,0.0832477),(0.0549518,-0.1262517,0.0832477),(0.0548713,-0.1261905,0.0832375),(0.0547939,-0.1261198,0.0832257),(0.0549518,-0.1262517,0.0832477),(0.0547939,-0.1261198,0.0832257),(0.0547147,-0.1260344,0.0832115),(0.0549518,-0.1262517,0.0832477),(0.0547147,-0.1260344,0.0832115),(0.0546462,-0.1259428,0.0831962),(0.0549518,-0.1262517,0.0832477),(0.0546462,-0.1259428,0.0831962),(0.0545881,-0.1258449,0.0831799),(0.0549518,-0.1262517,0.0832477),(0.0545881,-0.1258449,0.0831799),(0.0545407,-0.1257408,0.0831625),(0.0549518,-0.1262517,0.0832477),(0.0545407,-0.1257408,0.0831625),(0.0545037,-0.1256304,0.0831441),(0.0549518,-0.1262517,0.0832477),(0.0545037,-0.1256304,0.0831441),(0.0544774,-0.1255138,0.0831246),(0.0549518,-0.1262517,0.0832477),(0.0544774,-0.1255138,0.0831246),(0.0544615,-0.1253908,0.0831041),(0.0549518,-0.1262517,0.0832477),(0.0544615,-0.1253908,0.0831041),(0.0544563,-0.1252617,0.0830826),(0.0549518,-0.1262517,0.0832477),(0.0544563,-0.1252617,0.0830826),(0.0544563,-0.1252564,0.0830817),(0.0549518,-0.1262517,0.0832477),(0.0544563,-0.1252564,0.0830817),(0.0544719,-0.1251761,0.0830683),(0.0549518,-0.1262517,0.0832477),(0.0544719,-0.1251761,0.0830683),(0.0545187,-0.1251082,0.0830570),(0.0549518,-0.1262517,0.0832477),(0.0545187,-0.1251082,0.0830570),(0.0545875,-0.1250620,0.0830493),(0.0549518,-0.1262517,0.0832477),(0.0545875,-0.1250620,0.0830493),(0.0546690,-0.1250466,0.0830467),(0.0549518,-0.1262517,0.0832477),(0.0546690,-0.1250466,0.0830467),(0.0547505,-0.1250620,0.0830493),(0.0549518,-0.1262517,0.0832477),(0.0547505,-0.1250620,0.0830493),(0.0548193,-0.1251082,0.0830570),(0.0549518,-0.1262517,0.0832477),(0.0548193,-0.1251082,0.0830570),(0.0548669,-0.1251761,0.0830683),(0.0548669,-0.1251761,0.0830683),(0.0548828,-0.1252564,0.0830817),(0.0548828,-0.1252617,0.0830826),(0.0548669,-0.1251761,0.0830683),(0.0548828,-0.1252617,0.0830826),(0.0548861,-0.1253474,0.0830969),(0.0549518,-0.1262517,0.0832477),(0.0548669,-0.1251761,0.0830683),(0.0548861,-0.1253474,0.0830969),(0.0549518,-0.1262517,0.0832477),(0.0548861,-0.1253474,0.0830969),(0.0548961,-0.1254287,0.0831104),(0.0549518,-0.1262517,0.0832477),(0.0548961,-0.1254287,0.0831104),(0.0549127,-0.1255055,0.0831233),(0.0549518,-0.1262517,0.0832477),(0.0549127,-0.1255055,0.0831233),(0.0549359,-0.1255780,0.0831353),(0.0549518,-0.1262517,0.0832477),(0.0549359,-0.1255780,0.0831353),(0.0550024,-0.1257095,0.0831573),(0.0549518,-0.1262517,0.0832477),(0.0550024,-0.1257095,0.0831573),(0.0550955,-0.1258233,0.0831763),(0.0549518,-0.1262517,0.0832477),(0.0550955,-0.1258233,0.0831763),(0.0551864,-0.1259009,0.0831892),(0.0549518,-0.1262517,0.0832477),(0.0551864,-0.1259009,0.0831892),(0.0552833,-0.1259564,0.0831985),(0.0549518,-0.1262517,0.0832477),(0.0552833,-0.1259564,0.0831985),(0.0553864,-0.1259897,0.0832040),(0.0549518,-0.1262517,0.0832477),(0.0553864,-0.1259897,0.0832040),(0.0554955,-0.1260007,0.0832059),(0.0549518,-0.1262517,0.0832477),(0.0554955,-0.1260007,0.0832059),(0.0556088,-0.1259900,0.0832041),(0.0549518,-0.1262517,0.0832477),(0.0556088,-0.1259900,0.0832041),(0.0557125,-0.1259579,0.0831987),(0.0564528,-0.1257202,0.0831591),(0.0549518,-0.1262517,0.0832477),(0.0557125,-0.1259579,0.0831987),(0.0564528,-0.1257202,0.0831591),(0.0557125,-0.1259579,0.0831987),(0.0558067,-0.1259044,0.0831898),(0.0564528,-0.1257202,0.0831591),(0.0558067,-0.1259044,0.0831898),(0.0558914,-0.1258295,0.0831773),(0.0564528,-0.1257202,0.0831591),(0.0558914,-0.1258295,0.0831773),(0.0559430,-0.1257692,0.0831672),(0.0564528,-0.1257202,0.0831591),(0.0559430,-0.1257692,0.0831672),(0.0559877,-0.1257056,0.0831566),(0.0564528,-0.1257202,0.0831591),(0.0559877,-0.1257056,0.0831566),(0.0560565,-0.1255688,0.0831338),(0.0564528,-0.1257202,0.0831591),(0.0560565,-0.1255688,0.0831338),(0.0560977,-0.1254191,0.0831088),(0.0564528,-0.1257202,0.0831591),(0.0560977,-0.1254191,0.0831088),(0.0561081,-0.1253394,0.0830955),(0.0564528,-0.1257202,0.0831591),(0.0561081,-0.1253394,0.0830955),(0.0561115,-0.1252564,0.0830817),(0.0564528,-0.1257202,0.0831591),(0.0561115,-0.1252564,0.0830817),(0.0561086,-0.1251709,0.0830674),(0.0564528,-0.1257202,0.0831591),(0.0561086,-0.1251709,0.0830674),(0.0560998,-0.1250886,0.0830537),(0.0564528,-0.1257202,0.0831591),(0.0560998,-0.1250886,0.0830537),(0.0560852,-0.1250096,0.0830405),(0.0564528,-0.1257202,0.0831591),(0.0560852,-0.1250096,0.0830405),(0.0560647,-0.1249339,0.0830279),(0.0564528,-0.1257202,0.0831591),(0.0560647,-0.1249339,0.0830279),(0.0560061,-0.1247922,0.0830043),(0.0550881,-0.1228387,0.0826784),(0.0564528,-0.1257202,0.0831591),(0.0560061,-0.1247922,0.0830043),(0.0550881,-0.1228387,0.0826784),(0.0560061,-0.1247922,0.0830043),(0.0559242,-0.1246635,0.0829828),(0.0550881,-0.1228387,0.0826784),(0.0559242,-0.1246635,0.0829828),(0.0545007,-0.1227563,0.0826646),(0.0563242,-0.1228387,0.0826784),(0.0550881,-0.1228387,0.0826784),(0.0545007,-0.1227563,0.0826646),(0.0563242,-0.1228387,0.0826784),(0.0545007,-0.1227563,0.0826646),(0.0544541,-0.1226331,0.0826441),(0.0563242,-0.1228387,0.0826784),(0.0544541,-0.1226331,0.0826441),(0.0544563,-0.1225986,0.0826383),(0.0563242,-0.1228387,0.0826784),(0.0544563,-0.1225986,0.0826383),(0.0544827,-0.1225211,0.0826254),(0.0563242,-0.1228387,0.0826784),(0.0544827,-0.1225211,0.0826254),(0.0545346,-0.1224661,0.0826162),(0.0563242,-0.1228387,0.0826784),(0.0545346,-0.1224661,0.0826162),(0.0546031,-0.1224316,0.0826105),(0.0563242,-0.1228387,0.0826784),(0.0546031,-0.1224316,0.0826105),(0.0546690,-0.1224201,0.0826086),(0.0563242,-0.1228387,0.0826784),(0.0546690,-0.1224201,0.0826086),(0.0563242,-0.1224201,0.0826086),(0.0563242,-0.1228387,0.0826784),(0.0563242,-0.1224201,0.0826086),(0.0564076,-0.1224350,0.0826110),(0.0563242,-0.1228387,0.0826784),(0.0564076,-0.1224350,0.0826110),(0.0564756,-0.1224796,0.0826185),(0.0563242,-0.1228387,0.0826784),(0.0564756,-0.1224796,0.0826185),(0.0565200,-0.1225467,0.0826297),(0.0563242,-0.1228387,0.0826784),(0.0565200,-0.1225467,0.0826297),(0.0565348,-0.1226289,0.0826434),(0.0563242,-0.1228387,0.0826784),(0.0565348,-0.1226289,0.0826434),(0.0565200,-0.1227119,0.0826572),(0.0563242,-0.1228387,0.0826784),(0.0565200,-0.1227119,0.0826572),(0.0564756,-0.1227792,0.0826685),(0.0563242,-0.1228387,0.0826784),(0.0564756,-0.1227792,0.0826685),(0.0564097,-0.1228239,0.0826759),(0.0574236,-0.1223953,0.0826044),(0.0574852,-0.1224504,0.0826136),(0.0582049,-0.1234327,0.0827775),(0.0582049,-0.1234327,0.0827775),(0.0589224,-0.1224504,0.0826136),(0.0589846,-0.1223953,0.0826044),(0.0582049,-0.1234327,0.0827775),(0.0589846,-0.1223953,0.0826044),(0.0590632,-0.1223679,0.0825999),(0.0582049,-0.1234327,0.0827775),(0.0590632,-0.1223679,0.0825999),(0.0591457,-0.1223703,0.0826003),(0.0582049,-0.1234327,0.0827775),(0.0591457,-0.1223703,0.0826003),(0.0592198,-0.1224045,0.0826060),(0.0582049,-0.1234327,0.0827775),(0.0592198,-0.1224045,0.0826060),(0.0592764,-0.1224635,0.0826158),(0.0582049,-0.1234327,0.0827775),(0.0592764,-0.1224635,0.0826158),(0.0593045,-0.1225402,0.0826286),(0.0582049,-0.1234327,0.0827775),(0.0593045,-0.1225402,0.0826286),(0.0593029,-0.1226221,0.0826423),(0.0582049,-0.1234327,0.0827775),(0.0593029,-0.1226221,0.0826423),(0.0592706,-0.1226968,0.0826547),(0.0582049,-0.1234327,0.0827775),(0.0592706,-0.1226968,0.0826547),(0.0584663,-0.1237929,0.0828376),(0.0574236,-0.1223953,0.0826044),(0.0582049,-0.1234327,0.0827775),(0.0584663,-0.1237929,0.0828376),(0.0574236,-0.1223953,0.0826044),(0.0584663,-0.1237929,0.0828376),(0.0592706,-0.1248869,0.0830201),(0.0574236,-0.1223953,0.0826044),(0.0592706,-0.1248869,0.0830201),(0.0593029,-0.1249600,0.0830322),(0.0574236,-0.1223953,0.0826044),(0.0593029,-0.1249600,0.0830322),(0.0593045,-0.1250414,0.0830458),(0.0574236,-0.1223953,0.0826044),(0.0593045,-0.1250414,0.0830458),(0.0592764,-0.1251184,0.0830587),(0.0574236,-0.1223953,0.0826044),(0.0592764,-0.1251184,0.0830587),(0.0592198,-0.1251781,0.0830686),(0.0574236,-0.1223953,0.0826044),(0.0592198,-0.1251781,0.0830686),(0.0591457,-0.1252131,0.0830745),(0.0574236,-0.1223953,0.0826044),(0.0591457,-0.1252131,0.0830745),(0.0590632,-0.1252157,0.0830749),(0.0574236,-0.1223953,0.0826044),(0.0590632,-0.1252157,0.0830749),(0.0589846,-0.1251878,0.0830703),(0.0574236,-0.1223953,0.0826044),(0.0589846,-0.1251878,0.0830703),(0.0589224,-0.1251312,0.0830608),(0.0574236,-0.1223953,0.0826044),(0.0589224,-0.1251312,0.0830608),(0.0582049,-0.1241489,0.0828969),(0.0582049,-0.1241489,0.0828969),(0.0574852,-0.1251312,0.0830608),(0.0574241,-0.1251888,0.0830704),(0.0582049,-0.1241489,0.0828969),(0.0574241,-0.1251888,0.0830704),(0.0573466,-0.1252157,0.0830749),(0.0582049,-0.1241489,0.0828969),(0.0573466,-0.1252157,0.0830749),(0.0572600,-0.1252134,0.0830745),(0.0582049,-0.1241489,0.0828969),(0.0572600,-0.1252134,0.0830745),(0.0571868,-0.1251792,0.0830688),(0.0582049,-0.1241489,0.0828969),(0.0571868,-0.1251792,0.0830688),(0.0571309,-0.1251194,0.0830588),(0.0582049,-0.1241489,0.0828969),(0.0571309,-0.1251194,0.0830588),(0.0571032,-0.1250445,0.0830464),(0.0582049,-0.1241489,0.0828969),(0.0571032,-0.1250445,0.0830464),(0.0571061,-0.1249608,0.0830324),(0.0582049,-0.1241489,0.0828969),(0.0571061,-0.1249608,0.0830324),(0.0571423,-0.1248869,0.0830201),(0.0582049,-0.1241489,0.0828969),(0.0571423,-0.1248869,0.0830201),(0.0579414,-0.1237929,0.0828376),(0.0574236,-0.1223953,0.0826044),(0.0582049,-0.1241489,0.0828969),(0.0579414,-0.1237929,0.0828376),(0.0574236,-0.1223953,0.0826044),(0.0579414,-0.1237929,0.0828376),(0.0571381,-0.1226968,0.0826547),(0.0574236,-0.1223953,0.0826044),(0.0571381,-0.1226968,0.0826547),(0.0571050,-0.1226224,0.0826423),(0.0574236,-0.1223953,0.0826044),(0.0571050,-0.1226224,0.0826423),(0.0571032,-0.1225412,0.0826288),(0.0574236,-0.1223953,0.0826044),(0.0571032,-0.1225412,0.0826288),(0.0571312,-0.1224611,0.0826154),(0.0574236,-0.1223953,0.0826044),(0.0571312,-0.1224611,0.0826154),(0.0571878,-0.1224024,0.0826056),(0.0574236,-0.1223953,0.0826044),(0.0571878,-0.1224024,0.0826056),(0.0572624,-0.1223698,0.0826002),(0.0574236,-0.1223953,0.0826044),(0.0572624,-0.1223698,0.0826002),(0.0573445,-0.1223679,0.0825999),(0.0624118,-0.1224502,0.0826136),(0.0624848,-0.1223450,0.0825960),(0.0625914,-0.1222730,0.0825840),(0.0624118,-0.1224502,0.0826136),(0.0625914,-0.1222730,0.0825840),(0.0627166,-0.1222489,0.0825800),(0.0624118,-0.1224502,0.0826136),(0.0627166,-0.1222489,0.0825800),(0.0628414,-0.1222730,0.0825840),(0.0624118,-0.1224502,0.0826136),(0.0628414,-0.1222730,0.0825840),(0.0629473,-0.1223450,0.0825960),(0.0624118,-0.1224502,0.0826136),(0.0629473,-0.1223450,0.0825960),(0.0630203,-0.1224502,0.0826136),(0.0624118,-0.1224502,0.0826136),(0.0630203,-0.1224502,0.0826136),(0.0630446,-0.1225736,0.0826342),(0.0624118,-0.1224502,0.0826136),(0.0630446,-0.1225736,0.0826342),(0.0630203,-0.1226970,0.0826548),(0.0624118,-0.1224502,0.0826136),(0.0630203,-0.1226970,0.0826548),(0.0629473,-0.1228022,0.0826723),(0.0624118,-0.1224502,0.0826136),(0.0629473,-0.1228022,0.0826723),(0.0628414,-0.1228742,0.0826843),(0.0624118,-0.1224502,0.0826136),(0.0628414,-0.1228742,0.0826843),(0.0627166,-0.1228983,0.0826883),(0.0624118,-0.1224502,0.0826136),(0.0627166,-0.1228983,0.0826883),(0.0625914,-0.1228742,0.0826843),(0.0624118,-0.1224502,0.0826136),(0.0625914,-0.1228742,0.0826843),(0.0624848,-0.1228022,0.0826723),(0.0624118,-0.1224502,0.0826136),(0.0624848,-0.1228022,0.0826723),(0.0624118,-0.1226970,0.0826548),(0.0624118,-0.1224502,0.0826136),(0.0624118,-0.1226970,0.0826548),(0.0623874,-0.1225736,0.0826342),(0.0534032,-0.1224502,0.0826136),(0.0534762,-0.1223450,0.0825960),(0.0535829,-0.1222730,0.0825840),(0.0534032,-0.1224502,0.0826136),(0.0535829,-0.1222730,0.0825840),(0.0537080,-0.1222489,0.0825800),(0.0534032,-0.1224502,0.0826136),(0.0537080,-0.1222489,0.0825800),(0.0538329,-0.1222730,0.0825840),(0.0534032,-0.1224502,0.0826136),(0.0538329,-0.1222730,0.0825840),(0.0539387,-0.1223450,0.0825960),(0.0534032,-0.1224502,0.0826136),(0.0539387,-0.1223450,0.0825960),(0.0540118,-0.1224502,0.0826136),(0.0534032,-0.1224502,0.0826136),(0.0540118,-0.1224502,0.0826136),(0.0540361,-0.1225736,0.0826342),(0.0534032,-0.1224502,0.0826136),(0.0540361,-0.1225736,0.0826342),(0.0540118,-0.1226970,0.0826548),(0.0534032,-0.1224502,0.0826136),(0.0540118,-0.1226970,0.0826548),(0.0539387,-0.1228022,0.0826723),(0.0534032,-0.1224502,0.0826136),(0.0539387,-0.1228022,0.0826723),(0.0538329,-0.1228742,0.0826843),(0.0534032,-0.1224502,0.0826136),(0.0538329,-0.1228742,0.0826843),(0.0537080,-0.1228983,0.0826883),(0.0534032,-0.1224502,0.0826136),(0.0537080,-0.1228983,0.0826883),(0.0535829,-0.1228742,0.0826843),(0.0534032,-0.1224502,0.0826136),(0.0535829,-0.1228742,0.0826843),(0.0534762,-0.1228022,0.0826723),(0.0534032,-0.1224502,0.0826136),(0.0534762,-0.1228022,0.0826723),(0.0534032,-0.1226970,0.0826548),(0.0534032,-0.1224502,0.0826136),(0.0534032,-0.1226970,0.0826548),(0.0533789,-0.1225736,0.0826342),(0.0713456,-0.1225000,0.0826219),(0.0714451,-0.1223925,0.0826040),(0.0715583,-0.1223653,0.0825994),(0.0713456,-0.1225000,0.0826219),(0.0715583,-0.1223653,0.0825994),(0.0716594,-0.1223904,0.0826036),(0.0713456,-0.1225000,0.0826219),(0.0716594,-0.1223904,0.0826036),(0.0717361,-0.1224656,0.0826161),(0.0713456,-0.1225000,0.0826219),(0.0717361,-0.1224656,0.0826161),(0.0717436,-0.1224718,0.0826172),(0.0713456,-0.1225000,0.0826219),(0.0717436,-0.1224718,0.0826172),(0.0729892,-0.1246097,0.0829738),(0.0713456,-0.1225000,0.0826219),(0.0729892,-0.1246097,0.0829738),(0.0730167,-0.1247152,0.0829914),(0.0713456,-0.1225000,0.0826219),(0.0730167,-0.1247152,0.0829914),(0.0729889,-0.1248230,0.0830094),(0.0713456,-0.1225000,0.0826219),(0.0729889,-0.1248230,0.0830094),(0.0729056,-0.1248999,0.0830222),(0.0713456,-0.1225000,0.0826219),(0.0729056,-0.1248999,0.0830222),(0.0727987,-0.1249292,0.0830271),(0.0713456,-0.1225000,0.0826219),(0.0727987,-0.1249292,0.0830271),(0.0726900,-0.1249018,0.0830225),(0.0713456,-0.1225000,0.0826219),(0.0726900,-0.1249018,0.0830225),(0.0726135,-0.1248196,0.0830088),(0.0713456,-0.1225000,0.0826219),(0.0726135,-0.1248196,0.0830088),(0.0717711,-0.1233738,0.0827676),(0.0713456,-0.1225000,0.0826219),(0.0717711,-0.1233738,0.0827676),(0.0717711,-0.1259459,0.0831967),(0.0717711,-0.1259459,0.0831967),(0.0733575,-0.1259459,0.0831967),(0.0734424,-0.1259616,0.0831993),(0.0717711,-0.1259459,0.0831967),(0.0734424,-0.1259616,0.0831993),(0.0735131,-0.1260086,0.0832072),(0.0717711,-0.1259459,0.0831967),(0.0735131,-0.1260086,0.0832072),(0.0735607,-0.1260772,0.0832186),(0.0717711,-0.1259459,0.0831967),(0.0735607,-0.1260772,0.0832186),(0.0735766,-0.1261579,0.0832321),(0.0717711,-0.1259459,0.0831967),(0.0735766,-0.1261579,0.0832321),(0.0735607,-0.1262388,0.0832456),(0.0717711,-0.1259459,0.0831967),(0.0735607,-0.1262388,0.0832456),(0.0735131,-0.1263082,0.0832571),(0.0717711,-0.1259459,0.0831967),(0.0735131,-0.1263082,0.0832571),(0.0734424,-0.1263567,0.0832652),(0.0717711,-0.1259459,0.0831967),(0.0734424,-0.1263567,0.0832652),(0.0733575,-0.1263729,0.0832679),(0.0717711,-0.1259459,0.0831967),(0.0733575,-0.1263729,0.0832679),(0.0715509,-0.1263729,0.0832679),(0.0713456,-0.1225000,0.0826219),(0.0717711,-0.1259459,0.0831967),(0.0715509,-0.1263729,0.0832679),(0.0715509,-0.1263729,0.0832679),(0.0697454,-0.1263729,0.0832679),(0.0696626,-0.1263567,0.0832652),(0.0715509,-0.1263729,0.0832679),(0.0696626,-0.1263567,0.0832652),(0.0695941,-0.1263082,0.0832571),(0.0715509,-0.1263729,0.0832679),(0.0695941,-0.1263082,0.0832571),(0.0695480,-0.1262388,0.0832456),(0.0715509,-0.1263729,0.0832679),(0.0695480,-0.1262388,0.0832456),(0.0695327,-0.1261579,0.0832321),(0.0715509,-0.1263729,0.0832679),(0.0695327,-0.1261579,0.0832321),(0.0695480,-0.1260772,0.0832186),(0.0715509,-0.1263729,0.0832679),(0.0695480,-0.1260772,0.0832186),(0.0695941,-0.1260086,0.0832072),(0.0715509,-0.1263729,0.0832679),(0.0695941,-0.1260086,0.0832072),(0.0696626,-0.1259616,0.0831993),(0.0715509,-0.1263729,0.0832679),(0.0696626,-0.1259616,0.0831993),(0.0697454,-0.1259459,0.0831967),(0.0715509,-0.1263729,0.0832679),(0.0697454,-0.1259459,0.0831967),(0.0713382,-0.1259459,0.0831967),(0.0713456,-0.1225000,0.0826219),(0.0715509,-0.1263729,0.0832679),(0.0713382,-0.1259459,0.0831967),(0.0713456,-0.1225000,0.0826219),(0.0713382,-0.1259459,0.0831967),(0.0713382,-0.1233696,0.0827669),(0.0713456,-0.1225000,0.0826219),(0.0713382,-0.1233696,0.0827669),(0.0704820,-0.1248384,0.0830120),(0.0713456,-0.1225000,0.0826219),(0.0704820,-0.1248384,0.0830120),(0.0704024,-0.1249166,0.0830250),(0.0713456,-0.1225000,0.0826219),(0.0704024,-0.1249166,0.0830250),(0.0702947,-0.1249427,0.0830294),(0.0713456,-0.1225000,0.0826219),(0.0702947,-0.1249427,0.0830294),(0.0701836,-0.1249156,0.0830248),(0.0713456,-0.1225000,0.0826219),(0.0701836,-0.1249156,0.0830248),(0.0701018,-0.1248371,0.0830117),(0.0713456,-0.1225000,0.0826219),(0.0701018,-0.1248371,0.0830117),(0.0700746,-0.1247287,0.0829937),(0.0713456,-0.1225000,0.0826219),(0.0700746,-0.1247287,0.0829937),(0.0701063,-0.1246212,0.0829757),(0.0761949,-0.1246807,0.0829857),(0.0762425,-0.1247287,0.0829937),(0.0762986,-0.1248053,0.0830064),(0.0761949,-0.1246807,0.0829857),(0.0762986,-0.1248053,0.0830064),(0.0763472,-0.1248855,0.0830198),(0.0761949,-0.1246807,0.0829857),(0.0763472,-0.1248855,0.0830198),(0.0763883,-0.1249695,0.0830338),(0.0761949,-0.1246807,0.0829857),(0.0763883,-0.1249695,0.0830338),(0.0764219,-0.1250573,0.0830485),(0.0761949,-0.1246807,0.0829857),(0.0764219,-0.1250573,0.0830485),(0.0764481,-0.1251488,0.0830638),(0.0761949,-0.1246807,0.0829857),(0.0764481,-0.1251488,0.0830638),(0.0764668,-0.1252441,0.0830796),(0.0761949,-0.1246807,0.0829857),(0.0764668,-0.1252441,0.0830796),(0.0764780,-0.1253431,0.0830962),(0.0761949,-0.1246807,0.0829857),(0.0764780,-0.1253431,0.0830962),(0.0764817,-0.1254459,0.0831133),(0.0761949,-0.1246807,0.0829857),(0.0764817,-0.1254459,0.0831133),(0.0764780,-0.1255486,0.0831304),(0.0761949,-0.1246807,0.0829857),(0.0764780,-0.1255486,0.0831304),(0.0764668,-0.1256469,0.0831468),(0.0761949,-0.1246807,0.0829857),(0.0764668,-0.1256469,0.0831468),(0.0764482,-0.1257407,0.0831625),(0.0761949,-0.1246807,0.0829857),(0.0764482,-0.1257407,0.0831625),(0.0764222,-0.1258301,0.0831774),(0.0761949,-0.1246807,0.0829857),(0.0764222,-0.1258301,0.0831774),(0.0763887,-0.1259150,0.0831916),(0.0761949,-0.1246807,0.0829857),(0.0763887,-0.1259150,0.0831916),(0.0763478,-0.1259955,0.0832050),(0.0761949,-0.1246807,0.0829857),(0.0763478,-0.1259955,0.0832050),(0.0762994,-0.1260716,0.0832177),(0.0761949,-0.1246807,0.0829857),(0.0762994,-0.1260716,0.0832177),(0.0762436,-0.1261432,0.0832296),(0.0761949,-0.1246807,0.0829857),(0.0762436,-0.1261432,0.0832296),(0.0761818,-0.1262083,0.0832405),(0.0761949,-0.1246807,0.0829857),(0.0761818,-0.1262083,0.0832405),(0.0761151,-0.1262647,0.0832499),(0.0761949,-0.1246807,0.0829857),(0.0761151,-0.1262647,0.0832499),(0.0760435,-0.1263125,0.0832579),(0.0761949,-0.1246807,0.0829857),(0.0760435,-0.1263125,0.0832579),(0.0759668,-0.1263515,0.0832644),(0.0759668,-0.1263515,0.0832644),(0.0758852,-0.1263819,0.0832694),(0.0757987,-0.1264036,0.0832731),(0.0759668,-0.1263515,0.0832644),(0.0757987,-0.1264036,0.0832731),(0.0757072,-0.1264166,0.0832752),(0.0759668,-0.1263515,0.0832644),(0.0757072,-0.1264166,0.0832752),(0.0756107,-0.1264209,0.0832760),(0.0759668,-0.1263515,0.0832644),(0.0756107,-0.1264209,0.0832760),(0.0755152,-0.1264166,0.0832752),(0.0759668,-0.1263515,0.0832644),(0.0755152,-0.1264166,0.0832752),(0.0754239,-0.1264036,0.0832731),(0.0759668,-0.1263515,0.0832644),(0.0754239,-0.1264036,0.0832731),(0.0753369,-0.1263820,0.0832695),(0.0759668,-0.1263515,0.0832644),(0.0753369,-0.1263820,0.0832695),(0.0752540,-0.1263518,0.0832644),(0.0759668,-0.1263515,0.0832644),(0.0752540,-0.1263518,0.0832644),(0.0751755,-0.1263129,0.0832579),(0.0759668,-0.1263515,0.0832644),(0.0751755,-0.1263129,0.0832579),(0.0751011,-0.1262653,0.0832500),(0.0759668,-0.1263515,0.0832644),(0.0751011,-0.1262653,0.0832500),(0.0750310,-0.1262091,0.0832406),(0.0759668,-0.1263515,0.0832644),(0.0750310,-0.1262091,0.0832406),(0.0749651,-0.1261443,0.0832298),(0.0759668,-0.1263515,0.0832644),(0.0749651,-0.1261443,0.0832298),(0.0749053,-0.1260729,0.0832179),(0.0759668,-0.1263515,0.0832644),(0.0749053,-0.1260729,0.0832179),(0.0748535,-0.1259969,0.0832052),(0.0759668,-0.1263515,0.0832644),(0.0748535,-0.1259969,0.0832052),(0.0748097,-0.1259164,0.0831918),(0.0759668,-0.1263515,0.0832644),(0.0748097,-0.1259164,0.0831918),(0.0747738,-0.1258314,0.0831776),(0.0759668,-0.1263515,0.0832644),(0.0747738,-0.1258314,0.0831776),(0.0747459,-0.1257418,0.0831627),(0.0759668,-0.1263515,0.0832644),(0.0747459,-0.1257418,0.0831627),(0.0747260,-0.1256477,0.0831470),(0.0759668,-0.1263515,0.0832644),(0.0747260,-0.1256477,0.0831470),(0.0747140,-0.1255491,0.0831305),(0.0747140,-0.1255491,0.0831305),(0.0747101,-0.1254459,0.0831133),(0.0747254,-0.1253647,0.0830998),(0.0747140,-0.1255491,0.0831305),(0.0747254,-0.1253647,0.0830998),(0.0747714,-0.1252966,0.0830884),(0.0747140,-0.1255491,0.0831305),(0.0747714,-0.1252966,0.0830884),(0.0748397,-0.1252504,0.0830807),(0.0747140,-0.1255491,0.0831305),(0.0748397,-0.1252504,0.0830807),(0.0749217,-0.1252350,0.0830781),(0.0747140,-0.1255491,0.0831305),(0.0749217,-0.1252350,0.0830781),(0.0750045,-0.1252504,0.0830807),(0.0747140,-0.1255491,0.0831305),(0.0750045,-0.1252504,0.0830807),(0.0750731,-0.1252966,0.0830884),(0.0747140,-0.1255491,0.0831305),(0.0750731,-0.1252966,0.0830884),(0.0751191,-0.1253647,0.0830998),(0.0747140,-0.1255491,0.0831305),(0.0751191,-0.1253647,0.0830998),(0.0751345,-0.1254459,0.0831133),(0.0747140,-0.1255491,0.0831305),(0.0751345,-0.1254459,0.0831133),(0.0751431,-0.1255705,0.0831341),(0.0747140,-0.1255491,0.0831305),(0.0751431,-0.1255705,0.0831341),(0.0751691,-0.1256800,0.0831524),(0.0747140,-0.1255491,0.0831305),(0.0751691,-0.1256800,0.0831524),(0.0752124,-0.1257745,0.0831681),(0.0747140,-0.1255491,0.0831305),(0.0752124,-0.1257745,0.0831681),(0.0752731,-0.1258541,0.0831814),(0.0747140,-0.1255491,0.0831305),(0.0752731,-0.1258541,0.0831814),(0.0753446,-0.1259180,0.0831921),(0.0759668,-0.1263515,0.0832644),(0.0747140,-0.1255491,0.0831305),(0.0753446,-0.1259180,0.0831921),(0.0759668,-0.1263515,0.0832644),(0.0753446,-0.1259180,0.0831921),(0.0754247,-0.1259637,0.0831997),(0.0759668,-0.1263515,0.0832644),(0.0754247,-0.1259637,0.0831997),(0.0755134,-0.1259911,0.0832043),(0.0759668,-0.1263515,0.0832644),(0.0755134,-0.1259911,0.0832043),(0.0756107,-0.1260002,0.0832058),(0.0759668,-0.1263515,0.0832644),(0.0756107,-0.1260002,0.0832058),(0.0757046,-0.1259912,0.0832043),(0.0759668,-0.1263515,0.0832644),(0.0757046,-0.1259912,0.0832043),(0.0757893,-0.1259640,0.0831997),(0.0759668,-0.1263515,0.0832644),(0.0757893,-0.1259640,0.0831997),(0.0758649,-0.1259186,0.0831922),(0.0759668,-0.1263515,0.0832644),(0.0758649,-0.1259186,0.0831922),(0.0759314,-0.1258551,0.0831816),(0.0759668,-0.1263515,0.0832644),(0.0759314,-0.1258551,0.0831816),(0.0759856,-0.1257751,0.0831682),(0.0759668,-0.1263515,0.0832644),(0.0759856,-0.1257751,0.0831682),(0.0760242,-0.1256803,0.0831524),(0.0759668,-0.1263515,0.0832644),(0.0760242,-0.1256803,0.0831524),(0.0760475,-0.1255705,0.0831341),(0.0761949,-0.1246807,0.0829857),(0.0759668,-0.1263515,0.0832644),(0.0760475,-0.1255705,0.0831341),(0.0761949,-0.1246807,0.0829857),(0.0760475,-0.1255705,0.0831341),(0.0760552,-0.1254459,0.0831133),(0.0761949,-0.1246807,0.0829857),(0.0760552,-0.1254459,0.0831133),(0.0760475,-0.1253196,0.0830922),(0.0761949,-0.1246807,0.0829857),(0.0760475,-0.1253196,0.0830922),(0.0760245,-0.1252058,0.0830733),(0.0761949,-0.1246807,0.0829857),(0.0760245,-0.1252058,0.0830733),(0.0759861,-0.1251046,0.0830564),(0.0761949,-0.1246807,0.0829857),(0.0759861,-0.1251046,0.0830564),(0.0759324,-0.1250158,0.0830416),(0.0761949,-0.1246807,0.0829857),(0.0759324,-0.1250158,0.0830416),(0.0758702,-0.1249519,0.0830309),(0.0762793,-0.1246056,0.0829731),(0.0761949,-0.1246807,0.0829857),(0.0758702,-0.1249519,0.0830309),(0.0762793,-0.1246056,0.0829731),(0.0758702,-0.1249519,0.0830309),(0.0758009,-0.1249062,0.0830233),(0.0762793,-0.1246056,0.0829731),(0.0758009,-0.1249062,0.0830233),(0.0757247,-0.1248788,0.0830187),(0.0762793,-0.1246056,0.0829731),(0.0757247,-0.1248788,0.0830187),(0.0756414,-0.1248697,0.0830172),(0.0762793,-0.1246056,0.0829731),(0.0756414,-0.1248697,0.0830172),(0.0755991,-0.1248697,0.0830172),(0.0762793,-0.1246056,0.0829731),(0.0755991,-0.1248697,0.0830172),(0.0755324,-0.1248697,0.0830172),(0.0762793,-0.1246056,0.0829731),(0.0755324,-0.1248697,0.0830172),(0.0754509,-0.1248543,0.0830146),(0.0762793,-0.1246056,0.0829731),(0.0754509,-0.1248543,0.0830146),(0.0753821,-0.1248081,0.0830069),(0.0762793,-0.1246056,0.0829731),(0.0753821,-0.1248081,0.0830069),(0.0753353,-0.1247405,0.0829956),(0.0762793,-0.1246056,0.0829731),(0.0753353,-0.1247405,0.0829956),(0.0753197,-0.1246609,0.0829824),(0.0762793,-0.1246056,0.0829731),(0.0753197,-0.1246609,0.0829824),(0.0753353,-0.1245810,0.0829690),(0.0762793,-0.1246056,0.0829731),(0.0753353,-0.1245810,0.0829690),(0.0753821,-0.1245127,0.0829576),(0.0762793,-0.1246056,0.0829731),(0.0753821,-0.1245127,0.0829576),(0.0754509,-0.1244657,0.0829498),(0.0762793,-0.1246056,0.0829731),(0.0754509,-0.1244657,0.0829498),(0.0755324,-0.1244500,0.0829472),(0.0762793,-0.1246056,0.0829731),(0.0755324,-0.1244500,0.0829472),(0.0755991,-0.1244500,0.0829472),(0.0762793,-0.1246056,0.0829731),(0.0755991,-0.1244500,0.0829472),(0.0757294,-0.1244363,0.0829449),(0.0762793,-0.1246056,0.0829731),(0.0757294,-0.1244363,0.0829449),(0.0758475,-0.1243950,0.0829380),(0.0762793,-0.1246056,0.0829731),(0.0758475,-0.1243950,0.0829380),(0.0759533,-0.1243261,0.0829265),(0.0762793,-0.1246056,0.0829731),(0.0759533,-0.1243261,0.0829265),(0.0760467,-0.1242298,0.0829104),(0.0762793,-0.1246056,0.0829731),(0.0760467,-0.1242298,0.0829104),(0.0761236,-0.1241102,0.0828905),(0.0762793,-0.1246056,0.0829731),(0.0761236,-0.1241102,0.0828905),(0.0761785,-0.1239719,0.0828674),(0.0762793,-0.1246056,0.0829731),(0.0761785,-0.1239719,0.0828674),(0.0762114,-0.1238148,0.0828412),(0.0762793,-0.1246056,0.0829731),(0.0762114,-0.1238148,0.0828412),(0.0762197,-0.1237292,0.0828269),(0.0762793,-0.1246056,0.0829731),(0.0762197,-0.1237292,0.0828269),(0.0762224,-0.1236389,0.0828119),(0.0762793,-0.1246056,0.0829731),(0.0762224,-0.1236389,0.0828119),(0.0762196,-0.1235495,0.0827970),(0.0750006,-0.1236039,0.0828060),(0.0749979,-0.1237026,0.0828225),(0.0749821,-0.1237835,0.0828360),(0.0750088,-0.1235108,0.0827905),(0.0750006,-0.1236039,0.0828060),(0.0749821,-0.1237835,0.0828360),(0.0750088,-0.1235108,0.0827905),(0.0749821,-0.1237835,0.0828360),(0.0749344,-0.1238508,0.0828472),(0.0750223,-0.1234234,0.0827759),(0.0750088,-0.1235108,0.0827905),(0.0749344,-0.1238508,0.0828472),(0.0750223,-0.1234234,0.0827759),(0.0749344,-0.1238508,0.0828472),(0.0748651,-0.1238962,0.0828548),(0.0750413,-0.1233417,0.0827623),(0.0750223,-0.1234234,0.0827759),(0.0748651,-0.1238962,0.0828548),(0.0750413,-0.1233417,0.0827623),(0.0748651,-0.1238962,0.0828548),(0.0747820,-0.1239114,0.0828573),(0.0750956,-0.1231950,0.0827378),(0.0750413,-0.1233417,0.0827623),(0.0747820,-0.1239114,0.0828573),(0.0750956,-0.1231950,0.0827378),(0.0747820,-0.1239114,0.0828573),(0.0746992,-0.1238962,0.0828548),(0.0750956,-0.1231950,0.0827378),(0.0746992,-0.1238962,0.0828548),(0.0746307,-0.1238508,0.0828472),(0.0751715,-0.1230710,0.0827171),(0.0750956,-0.1231950,0.0827378),(0.0746307,-0.1238508,0.0828472),(0.0751715,-0.1230710,0.0827171),(0.0746307,-0.1238508,0.0828472),(0.0745846,-0.1237835,0.0828360),(0.0751715,-0.1230710,0.0827171),(0.0745846,-0.1237835,0.0828360),(0.0745693,-0.1237026,0.0828225),(0.0752620,-0.1229728,0.0827008),(0.0751715,-0.1230710,0.0827171),(0.0745693,-0.1237026,0.0828225),(0.0752620,-0.1229728,0.0827008),(0.0745693,-0.1237026,0.0828225),(0.0745737,-0.1235675,0.0828000),(0.0752620,-0.1229728,0.0827008),(0.0745737,-0.1235675,0.0828000),(0.0745870,-0.1234383,0.0827784),(0.0752620,-0.1229728,0.0827008),(0.0745870,-0.1234383,0.0827784),(0.0746090,-0.1233150,0.0827578),(0.0753654,-0.1229027,0.0826891),(0.0752620,-0.1229728,0.0827008),(0.0746090,-0.1233150,0.0827578),(0.0753654,-0.1229027,0.0826891),(0.0746090,-0.1233150,0.0827578),(0.0746399,-0.1231976,0.0827383),(0.0753654,-0.1229027,0.0826891),(0.0746399,-0.1231976,0.0827383),(0.0746797,-0.1230861,0.0827197),(0.0754817,-0.1228606,0.0826820),(0.0753654,-0.1229027,0.0826891),(0.0746797,-0.1230861,0.0827197),(0.0754817,-0.1228606,0.0826820),(0.0746797,-0.1230861,0.0827197),(0.0747283,-0.1229805,0.0827020),(0.0754817,-0.1228606,0.0826820),(0.0747283,-0.1229805,0.0827020),(0.0747856,-0.1228808,0.0826854),(0.0756107,-0.1228466,0.0826797),(0.0754817,-0.1228606,0.0826820),(0.0747856,-0.1228808,0.0826854),(0.0756107,-0.1228466,0.0826797),(0.0747856,-0.1228808,0.0826854),(0.0748519,-0.1227871,0.0826698),(0.0756107,-0.1228466,0.0826797),(0.0748519,-0.1227871,0.0826698),(0.0749239,-0.1227027,0.0826557),(0.0757343,-0.1228598,0.0826819),(0.0756107,-0.1228466,0.0826797),(0.0749239,-0.1227027,0.0826557),(0.0757343,-0.1228598,0.0826819),(0.0749239,-0.1227027,0.0826557),(0.0750025,-0.1226295,0.0826435),(0.0757343,-0.1228598,0.0826819),(0.0750025,-0.1226295,0.0826435),(0.0750876,-0.1225676,0.0826332),(0.0758478,-0.1228996,0.0826885),(0.0757343,-0.1228598,0.0826819),(0.0750876,-0.1225676,0.0826332),(0.0758478,-0.1228996,0.0826885),(0.0750876,-0.1225676,0.0826332),(0.0751792,-0.1225170,0.0826247),(0.0758478,-0.1228996,0.0826885),(0.0751792,-0.1225170,0.0826247),(0.0752773,-0.1224776,0.0826181),(0.0759512,-0.1229658,0.0826996),(0.0758478,-0.1228996,0.0826885),(0.0752773,-0.1224776,0.0826181),(0.0759512,-0.1229658,0.0826996),(0.0752773,-0.1224776,0.0826181),(0.0753819,-0.1224494,0.0826135),(0.0759512,-0.1229658,0.0826996),(0.0753819,-0.1224494,0.0826135),(0.0754930,-0.1224326,0.0826106),(0.0760446,-0.1230585,0.0827151),(0.0759512,-0.1229658,0.0826996),(0.0754930,-0.1224326,0.0826106),(0.0760446,-0.1230585,0.0827151),(0.0754930,-0.1224326,0.0826106),(0.0756107,-0.1224269,0.0826097),(0.0760446,-0.1230585,0.0827151),(0.0756107,-0.1224269,0.0826097),(0.0757238,-0.1224323,0.0826106),(0.0761224,-0.1231746,0.0827344),(0.0760446,-0.1230585,0.0827151),(0.0757238,-0.1224323,0.0826106),(0.0761224,-0.1231746,0.0827344),(0.0757238,-0.1224323,0.0826106),(0.0758314,-0.1224486,0.0826133),(0.0761780,-0.1233101,0.0827570),(0.0761224,-0.1231746,0.0827344),(0.0758314,-0.1224486,0.0826133),(0.0761780,-0.1233101,0.0827570),(0.0758314,-0.1224486,0.0826133),(0.0759335,-0.1224757,0.0826178),(0.0761780,-0.1233101,0.0827570),(0.0759335,-0.1224757,0.0826178),(0.0760301,-0.1225136,0.0826242),(0.0761974,-0.1233850,0.0827695),(0.0761780,-0.1233101,0.0827570),(0.0760301,-0.1225136,0.0826242),(0.0761974,-0.1233850,0.0827695),(0.0760301,-0.1225136,0.0826242),(0.0761211,-0.1225623,0.0826323),(0.0762113,-0.1234648,0.0827828),(0.0761974,-0.1233850,0.0827695),(0.0761211,-0.1225623,0.0826323),(0.0762113,-0.1234648,0.0827828),(0.0761211,-0.1225623,0.0826323),(0.0762066,-0.1226219,0.0826422),(0.0762196,-0.1235495,0.0827970),(0.0762113,-0.1234648,0.0827828),(0.0762066,-0.1226219,0.0826422),(0.0762793,-0.1246056,0.0829731),(0.0762196,-0.1235495,0.0827970),(0.0762066,-0.1226219,0.0826422),(0.0762793,-0.1246056,0.0829731),(0.0762066,-0.1226219,0.0826422),(0.0762866,-0.1226923,0.0826540),(0.0762793,-0.1246056,0.0829731),(0.0762866,-0.1226923,0.0826540),(0.0763611,-0.1227735,0.0826675),(0.0762793,-0.1246056,0.0829731),(0.0763611,-0.1227735,0.0826675),(0.0764288,-0.1228635,0.0826825),(0.0762793,-0.1246056,0.0829731),(0.0764288,-0.1228635,0.0826825),(0.0764875,-0.1229587,0.0826984),(0.0762793,-0.1246056,0.0829731),(0.0764875,-0.1229587,0.0826984),(0.0765371,-0.1230591,0.0827152),(0.0762793,-0.1246056,0.0829731),(0.0765371,-0.1230591,0.0827152),(0.0765778,-0.1231647,0.0827328),(0.0762793,-0.1246056,0.0829731),(0.0765778,-0.1231647,0.0827328),(0.0766094,-0.1232755,0.0827512),(0.0762793,-0.1246056,0.0829731),(0.0766094,-0.1232755,0.0827512),(0.0766319,-0.1233914,0.0827706),(0.0762793,-0.1246056,0.0829731),(0.0766319,-0.1233914,0.0827706),(0.0766455,-0.1235126,0.0827908),(0.0762793,-0.1246056,0.0829731),(0.0766455,-0.1235126,0.0827908),(0.0766500,-0.1236389,0.0828119),(0.0762793,-0.1246056,0.0829731),(0.0766500,-0.1236389,0.0828119),(0.0766455,-0.1237665,0.0828332),(0.0762793,-0.1246056,0.0829731),(0.0766455,-0.1237665,0.0828332),(0.0766321,-0.1238889,0.0828536),(0.0762793,-0.1246056,0.0829731),(0.0766321,-0.1238889,0.0828536),(0.0766097,-0.1240061,0.0828731),(0.0762793,-0.1246056,0.0829731),(0.0766097,-0.1240061,0.0828731),(0.0765783,-0.1241181,0.0828918),(0.0762793,-0.1246056,0.0829731),(0.0765783,-0.1241181,0.0828918),(0.0765380,-0.1242248,0.0829096),(0.0762793,-0.1246056,0.0829731),(0.0765380,-0.1242248,0.0829096),(0.0764887,-0.1243263,0.0829265),(0.0762793,-0.1246056,0.0829731),(0.0764887,-0.1243263,0.0829265),(0.0764304,-0.1244226,0.0829426),(0.0762793,-0.1246056,0.0829731),(0.0764304,-0.1244226,0.0829426),(0.0763632,-0.1245137,0.0829578),(0.0794948,-0.1264272,0.0832770),(0.0793773,-0.1263813,0.0832693),(0.0787698,-0.1258864,0.0831868),(0.0794948,-0.1264272,0.0832770),(0.0787698,-0.1258864,0.0831868),(0.0787121,-0.1258196,0.0831756),(0.0794948,-0.1264272,0.0832770),(0.0787121,-0.1258196,0.0831756),(0.0786873,-0.1257486,0.0831638),(0.0794948,-0.1264272,0.0832770),(0.0786873,-0.1257486,0.0831638),(0.0786873,-0.1257152,0.0831582),(0.0794948,-0.1264272,0.0832770),(0.0786873,-0.1257152,0.0831582),(0.0787211,-0.1255889,0.0831372),(0.0794948,-0.1264272,0.0832770),(0.0787211,-0.1255889,0.0831372),(0.0787804,-0.1255328,0.0831278),(0.0794948,-0.1264272,0.0832770),(0.0787804,-0.1255328,0.0831278),(0.0788608,-0.1255044,0.0831231),(0.0794948,-0.1264272,0.0832770),(0.0788608,-0.1255044,0.0831231),(0.0789021,-0.1255023,0.0831227),(0.0794948,-0.1264272,0.0832770),(0.0789021,-0.1255023,0.0831227),(0.0790175,-0.1255388,0.0831288),(0.0794948,-0.1264272,0.0832770),(0.0790175,-0.1255388,0.0831288),(0.0792884,-0.1257747,0.0831682),(0.0794948,-0.1264272,0.0832770),(0.0792884,-0.1257747,0.0831682),(0.0792884,-0.1226326,0.0826440),(0.0794948,-0.1264272,0.0832770),(0.0792884,-0.1226326,0.0826440),(0.0793038,-0.1225517,0.0826305),(0.0794948,-0.1264272,0.0832770),(0.0793038,-0.1225517,0.0826305),(0.0793498,-0.1224843,0.0826193),(0.0794948,-0.1264272,0.0832770),(0.0793498,-0.1224843,0.0826193),(0.0794181,-0.1224389,0.0826117),(0.0794948,-0.1264272,0.0832770),(0.0794181,-0.1224389,0.0826117),(0.0795001,-0.1224238,0.0826092),(0.0794948,-0.1264272,0.0832770),(0.0795001,-0.1224238,0.0826092),(0.0795829,-0.1224389,0.0826117),(0.0794948,-0.1264272,0.0832770),(0.0795829,-0.1224389,0.0826117),(0.0796514,-0.1224843,0.0826193),(0.0794948,-0.1264272,0.0832770),(0.0796514,-0.1224843,0.0826193),(0.0796975,-0.1225517,0.0826305),(0.0794948,-0.1264272,0.0832770),(0.0796975,-0.1225517,0.0826305),(0.0797128,-0.1226326,0.0826440),(0.0794948,-0.1264272,0.0832770),(0.0797128,-0.1226326,0.0826440),(0.0797128,-0.1262101,0.0832408),(0.0794948,-0.1264272,0.0832770),(0.0797128,-0.1262101,0.0832408),(0.0796845,-0.1263218,0.0832594),(0.0794948,-0.1264272,0.0832770),(0.0796845,-0.1263218,0.0832594),(0.0795996,-0.1263959,0.0832718),(0.0822041,-0.1264272,0.0832770),(0.0820866,-0.1263813,0.0832693),(0.0814792,-0.1258864,0.0831868),(0.0822041,-0.1264272,0.0832770),(0.0814792,-0.1258864,0.0831868),(0.0814215,-0.1258196,0.0831756),(0.0822041,-0.1264272,0.0832770),(0.0814215,-0.1258196,0.0831756),(0.0813966,-0.1257486,0.0831638),(0.0822041,-0.1264272,0.0832770),(0.0813966,-0.1257486,0.0831638),(0.0813966,-0.1257152,0.0831582),(0.0822041,-0.1264272,0.0832770),(0.0813966,-0.1257152,0.0831582),(0.0814305,-0.1255889,0.0831372),(0.0822041,-0.1264272,0.0832770),(0.0814305,-0.1255889,0.0831372),(0.0814897,-0.1255328,0.0831278),(0.0822041,-0.1264272,0.0832770),(0.0814897,-0.1255328,0.0831278),(0.0815702,-0.1255044,0.0831231),(0.0822041,-0.1264272,0.0832770),(0.0815702,-0.1255044,0.0831231),(0.0816115,-0.1255023,0.0831227),(0.0822041,-0.1264272,0.0832770),(0.0816115,-0.1255023,0.0831227),(0.0817268,-0.1255388,0.0831288),(0.0822041,-0.1264272,0.0832770),(0.0817268,-0.1255388,0.0831288),(0.0819977,-0.1257747,0.0831682),(0.0822041,-0.1264272,0.0832770),(0.0819977,-0.1257747,0.0831682),(0.0819977,-0.1226326,0.0826440),(0.0822041,-0.1264272,0.0832770),(0.0819977,-0.1226326,0.0826440),(0.0820131,-0.1225517,0.0826305),(0.0822041,-0.1264272,0.0832770),(0.0820131,-0.1225517,0.0826305),(0.0820591,-0.1224843,0.0826193),(0.0822041,-0.1264272,0.0832770),(0.0820591,-0.1224843,0.0826193),(0.0821274,-0.1224389,0.0826117),(0.0822041,-0.1264272,0.0832770),(0.0821274,-0.1224389,0.0826117),(0.0822094,-0.1224238,0.0826092),(0.0822041,-0.1264272,0.0832770),(0.0822094,-0.1224238,0.0826092),(0.0822922,-0.1224389,0.0826117),(0.0822041,-0.1264272,0.0832770),(0.0822922,-0.1224389,0.0826117),(0.0823608,-0.1224843,0.0826193),(0.0822041,-0.1264272,0.0832770),(0.0823608,-0.1224843,0.0826193),(0.0824068,-0.1225517,0.0826305),(0.0822041,-0.1264272,0.0832770),(0.0824068,-0.1225517,0.0826305),(0.0824221,-0.1226326,0.0826440),(0.0822041,-0.1264272,0.0832770),(0.0824221,-0.1226326,0.0826440),(0.0824221,-0.1262101,0.0832408),(0.0822041,-0.1264272,0.0832770),(0.0824221,-0.1262101,0.0832408),(0.0823938,-0.1263218,0.0832594),(0.0822041,-0.1264272,0.0832770),(0.0823938,-0.1263218,0.0832594),(0.0823089,-0.1263959,0.0832718),(0.0849135,-0.1264272,0.0832770),(0.0847960,-0.1263813,0.0832693),(0.0841885,-0.1258864,0.0831868),(0.0849135,-0.1264272,0.0832770),(0.0841885,-0.1258864,0.0831868),(0.0841308,-0.1258196,0.0831756),(0.0849135,-0.1264272,0.0832770),(0.0841308,-0.1258196,0.0831756),(0.0841059,-0.1257486,0.0831638),(0.0849135,-0.1264272,0.0832770),(0.0841059,-0.1257486,0.0831638),(0.0841059,-0.1257152,0.0831582),(0.0849135,-0.1264272,0.0832770),(0.0841059,-0.1257152,0.0831582),(0.0841398,-0.1255889,0.0831372),(0.0849135,-0.1264272,0.0832770),(0.0841398,-0.1255889,0.0831372),(0.0841991,-0.1255328,0.0831278),(0.0849135,-0.1264272,0.0832770),(0.0841991,-0.1255328,0.0831278),(0.0842795,-0.1255044,0.0831231),(0.0849135,-0.1264272,0.0832770),(0.0842795,-0.1255044,0.0831231),(0.0843208,-0.1255023,0.0831227),(0.0849135,-0.1264272,0.0832770),(0.0843208,-0.1255023,0.0831227),(0.0844361,-0.1255388,0.0831288),(0.0849135,-0.1264272,0.0832770),(0.0844361,-0.1255388,0.0831288),(0.0847071,-0.1257747,0.0831682),(0.0849135,-0.1264272,0.0832770),(0.0847071,-0.1257747,0.0831682),(0.0847071,-0.1226326,0.0826440),(0.0849135,-0.1264272,0.0832770),(0.0847071,-0.1226326,0.0826440),(0.0847224,-0.1225517,0.0826305),(0.0849135,-0.1264272,0.0832770),(0.0847224,-0.1225517,0.0826305),(0.0847685,-0.1224843,0.0826193),(0.0849135,-0.1264272,0.0832770),(0.0847685,-0.1224843,0.0826193),(0.0848367,-0.1224389,0.0826117),(0.0849135,-0.1264272,0.0832770),(0.0848367,-0.1224389,0.0826117),(0.0849187,-0.1224238,0.0826092),(0.0849135,-0.1264272,0.0832770),(0.0849187,-0.1224238,0.0826092),(0.0850016,-0.1224389,0.0826117),(0.0849135,-0.1264272,0.0832770),(0.0850016,-0.1224389,0.0826117),(0.0850701,-0.1224843,0.0826193),(0.0849135,-0.1264272,0.0832770),(0.0850701,-0.1224843,0.0826193),(0.0851161,-0.1225517,0.0826305),(0.0849135,-0.1264272,0.0832770),(0.0851161,-0.1225517,0.0826305),(0.0851315,-0.1226326,0.0826440),(0.0849135,-0.1264272,0.0832770),(0.0851315,-0.1226326,0.0826440),(0.0851315,-0.1262101,0.0832408),(0.0849135,-0.1264272,0.0832770),(0.0851315,-0.1262101,0.0832408),(0.0851032,-0.1263218,0.0832594),(0.0849135,-0.1264272,0.0832770),(0.0851032,-0.1263218,0.0832594),(0.0850182,-0.1263959,0.0832718),(0.0771082,-0.1224538,0.0826142),(0.0771813,-0.1223486,0.0825966),(0.0772879,-0.1222766,0.0825846),(0.0771082,-0.1224538,0.0826142),(0.0772879,-0.1222766,0.0825846),(0.0774130,-0.1222526,0.0825806),(0.0771082,-0.1224538,0.0826142),(0.0774130,-0.1222526,0.0825806),(0.0775379,-0.1222766,0.0825846),(0.0771082,-0.1224538,0.0826142),(0.0775379,-0.1222766,0.0825846),(0.0776438,-0.1223486,0.0825966),(0.0771082,-0.1224538,0.0826142),(0.0776438,-0.1223486,0.0825966),(0.0777168,-0.1224538,0.0826142),(0.0771082,-0.1224538,0.0826142),(0.0777168,-0.1224538,0.0826142),(0.0777411,-0.1225772,0.0826348),(0.0771082,-0.1224538,0.0826142),(0.0777411,-0.1225772,0.0826348),(0.0777168,-0.1227007,0.0826554),(0.0771082,-0.1224538,0.0826142),(0.0777168,-0.1227007,0.0826554),(0.0776438,-0.1228059,0.0826729),(0.0771082,-0.1224538,0.0826142),(0.0776438,-0.1228059,0.0826729),(0.0775379,-0.1228779,0.0826849),(0.0771082,-0.1224538,0.0826142),(0.0775379,-0.1228779,0.0826849),(0.0774130,-0.1229019,0.0826889),(0.0771082,-0.1224538,0.0826142),(0.0774130,-0.1229019,0.0826889),(0.0772879,-0.1228779,0.0826849),(0.0771082,-0.1224538,0.0826142),(0.0772879,-0.1228779,0.0826849),(0.0771813,-0.1228059,0.0826729),(0.0771082,-0.1224538,0.0826142),(0.0771813,-0.1228059,0.0826729),(0.0771082,-0.1227007,0.0826554),(0.0771082,-0.1224538,0.0826142),(0.0771082,-0.1227007,0.0826554),(0.0770839,-0.1225772,0.0826348),(0.0546289,-0.1282889,0.0835876),(0.0547260,-0.1282488,0.0835809),(0.0548240,-0.1282140,0.0835751),(0.0546289,-0.1282889,0.0835876),(0.0548240,-0.1282140,0.0835751),(0.0549229,-0.1281846,0.0835702),(0.0546289,-0.1282889,0.0835876),(0.0549229,-0.1281846,0.0835702),(0.0550229,-0.1281605,0.0835661),(0.0546289,-0.1282889,0.0835876),(0.0550229,-0.1281605,0.0835661),(0.0551238,-0.1281418,0.0835630),(0.0546289,-0.1282889,0.0835876),(0.0551238,-0.1281418,0.0835630),(0.0552256,-0.1281284,0.0835608),(0.0546289,-0.1282889,0.0835876),(0.0552256,-0.1281284,0.0835608),(0.0553284,-0.1281204,0.0835594),(0.0546289,-0.1282889,0.0835876),(0.0553284,-0.1281204,0.0835594),(0.0554322,-0.1281177,0.0835590),(0.0546289,-0.1282889,0.0835876),(0.0554322,-0.1281177,0.0835590),(0.0555680,-0.1281220,0.0835597),(0.0546289,-0.1282889,0.0835876),(0.0555680,-0.1281220,0.0835597),(0.0557012,-0.1281347,0.0835618),(0.0546289,-0.1282889,0.0835876),(0.0557012,-0.1281347,0.0835618),(0.0558319,-0.1281560,0.0835654),(0.0546289,-0.1282889,0.0835876),(0.0558319,-0.1281560,0.0835654),(0.0559600,-0.1281858,0.0835704),(0.0546289,-0.1282889,0.0835876),(0.0559600,-0.1281858,0.0835704),(0.0560856,-0.1282241,0.0835768),(0.0546289,-0.1282889,0.0835876),(0.0560856,-0.1282241,0.0835768),(0.0562087,-0.1282710,0.0835846),(0.0546289,-0.1282889,0.0835876),(0.0562087,-0.1282710,0.0835846),(0.0563292,-0.1283263,0.0835938),(0.0546289,-0.1282889,0.0835876),(0.0563292,-0.1283263,0.0835938),(0.0564471,-0.1283902,0.0836044),(0.0546289,-0.1282889,0.0835876),(0.0564471,-0.1283902,0.0836044),(0.0565607,-0.1284616,0.0836164),(0.0546289,-0.1282889,0.0835876),(0.0565607,-0.1284616,0.0836164),(0.0566681,-0.1285390,0.0836293),(0.0546289,-0.1282889,0.0835876),(0.0566681,-0.1285390,0.0836293),(0.0567692,-0.1286226,0.0836432),(0.0546289,-0.1282889,0.0835876),(0.0567692,-0.1286226,0.0836432),(0.0568641,-0.1287122,0.0836582),(0.0546289,-0.1282889,0.0835876),(0.0568641,-0.1287122,0.0836582),(0.0569528,-0.1288079,0.0836741),(0.0569528,-0.1288079,0.0836741),(0.0570353,-0.1289096,0.0836911),(0.0571116,-0.1290174,0.0837091),(0.0569528,-0.1288079,0.0836741),(0.0571116,-0.1290174,0.0837091),(0.0571816,-0.1291313,0.0837281),(0.0569528,-0.1288079,0.0836741),(0.0571816,-0.1291313,0.0837281),(0.0572446,-0.1292495,0.0837478),(0.0569528,-0.1288079,0.0836741),(0.0572446,-0.1292495,0.0837478),(0.0572992,-0.1293701,0.0837679),(0.0569528,-0.1288079,0.0836741),(0.0572992,-0.1293701,0.0837679),(0.0573454,-0.1294931,0.0837884),(0.0569528,-0.1288079,0.0836741),(0.0573454,-0.1294931,0.0837884),(0.0573832,-0.1296186,0.0838094),(0.0569528,-0.1288079,0.0836741),(0.0573832,-0.1296186,0.0838094),(0.0574126,-0.1297465,0.0838307),(0.0569528,-0.1288079,0.0836741),(0.0574126,-0.1297465,0.0838307),(0.0574336,-0.1298769,0.0838525),(0.0569528,-0.1288079,0.0836741),(0.0574336,-0.1298769,0.0838525),(0.0574462,-0.1300097,0.0838746),(0.0569528,-0.1288079,0.0836741),(0.0574462,-0.1300097,0.0838746),(0.0574504,-0.1301450,0.0838972),(0.0569528,-0.1288079,0.0836741),(0.0574504,-0.1301450,0.0838972),(0.0574462,-0.1302748,0.0839188),(0.0569528,-0.1288079,0.0836741),(0.0574462,-0.1302748,0.0839188),(0.0574336,-0.1304039,0.0839404),(0.0569528,-0.1288079,0.0836741),(0.0574336,-0.1304039,0.0839404),(0.0574126,-0.1305321,0.0839618),(0.0569528,-0.1288079,0.0836741),(0.0574126,-0.1305321,0.0839618),(0.0573832,-0.1306596,0.0839830),(0.0569528,-0.1288079,0.0836741),(0.0573832,-0.1306596,0.0839830),(0.0573454,-0.1307863,0.0840042),(0.0569528,-0.1288079,0.0836741),(0.0573454,-0.1307863,0.0840042),(0.0572992,-0.1309122,0.0840252),(0.0572992,-0.1309122,0.0840252),(0.0569074,-0.1307727,0.0840019),(0.0569440,-0.1306761,0.0839858),(0.0572992,-0.1309122,0.0840252),(0.0569440,-0.1306761,0.0839858),(0.0569739,-0.1305764,0.0839691),(0.0572992,-0.1309122,0.0840252),(0.0569739,-0.1305764,0.0839691),(0.0569972,-0.1304734,0.0839520),(0.0572992,-0.1309122,0.0840252),(0.0569972,-0.1304734,0.0839520),(0.0570138,-0.1303671,0.0839342),(0.0572992,-0.1309122,0.0840252),(0.0570138,-0.1303671,0.0839342),(0.0570238,-0.1302577,0.0839160),(0.0572992,-0.1309122,0.0840252),(0.0570238,-0.1302577,0.0839160),(0.0570271,-0.1301450,0.0838972),(0.0572992,-0.1309122,0.0840252),(0.0570271,-0.1301450,0.0838972),(0.0570237,-0.1300364,0.0838791),(0.0569528,-0.1288079,0.0836741),(0.0572992,-0.1309122,0.0840252),(0.0570237,-0.1300364,0.0838791),(0.0569528,-0.1288079,0.0836741),(0.0570237,-0.1300364,0.0838791),(0.0570137,-0.1299301,0.0838613),(0.0569528,-0.1288079,0.0836741),(0.0570137,-0.1299301,0.0838613),(0.0569969,-0.1298258,0.0838439),(0.0569528,-0.1288079,0.0836741),(0.0569969,-0.1298258,0.0838439),(0.0569734,-0.1297237,0.0838269),(0.0569528,-0.1288079,0.0836741),(0.0569734,-0.1297237,0.0838269),(0.0569432,-0.1296238,0.0838102),(0.0569528,-0.1288079,0.0836741),(0.0569432,-0.1296238,0.0838102),(0.0569062,-0.1295261,0.0837939),(0.0569528,-0.1288079,0.0836741),(0.0569062,-0.1295261,0.0837939),(0.0568626,-0.1294304,0.0837780),(0.0569528,-0.1288079,0.0836741),(0.0568626,-0.1294304,0.0837780),(0.0568123,-0.1293370,0.0837624),(0.0569528,-0.1288079,0.0836741),(0.0568123,-0.1293370,0.0837624),(0.0567564,-0.1292470,0.0837474),(0.0569528,-0.1288079,0.0836741),(0.0567564,-0.1292470,0.0837474),(0.0566958,-0.1291619,0.0837332),(0.0569528,-0.1288079,0.0836741),(0.0566958,-0.1291619,0.0837332),(0.0566303,-0.1290816,0.0837198),(0.0569528,-0.1288079,0.0836741),(0.0566303,-0.1290816,0.0837198),(0.0565601,-0.1290061,0.0837072),(0.0569528,-0.1288079,0.0836741),(0.0565601,-0.1290061,0.0837072),(0.0564851,-0.1289354,0.0836954),(0.0569528,-0.1288079,0.0836741),(0.0564851,-0.1289354,0.0836954),(0.0564053,-0.1288696,0.0836844),(0.0569528,-0.1288079,0.0836741),(0.0564053,-0.1288696,0.0836844),(0.0563206,-0.1288086,0.0836742),(0.0569528,-0.1288079,0.0836741),(0.0563206,-0.1288086,0.0836742),(0.0562312,-0.1287524,0.0836649),(0.0569528,-0.1288079,0.0836741),(0.0562312,-0.1287524,0.0836649),(0.0561386,-0.1287020,0.0836565),(0.0569528,-0.1288079,0.0836741),(0.0561386,-0.1287020,0.0836565),(0.0560440,-0.1286583,0.0836492),(0.0569528,-0.1288079,0.0836741),(0.0560440,-0.1286583,0.0836492),(0.0559472,-0.1286213,0.0836430),(0.0569528,-0.1288079,0.0836741),(0.0559472,-0.1286213,0.0836430),(0.0558484,-0.1285911,0.0836380),(0.0546289,-0.1282889,0.0835876),(0.0569528,-0.1288079,0.0836741),(0.0558484,-0.1285911,0.0836380),(0.0546289,-0.1282889,0.0835876),(0.0558484,-0.1285911,0.0836380),(0.0557475,-0.1285676,0.0836340),(0.0546289,-0.1282889,0.0835876),(0.0557475,-0.1285676,0.0836340),(0.0556445,-0.1285508,0.0836312),(0.0546289,-0.1282889,0.0835876),(0.0556445,-0.1285508,0.0836312),(0.0555394,-0.1285407,0.0836296),(0.0546289,-0.1282889,0.0835876),(0.0555394,-0.1285407,0.0836296),(0.0554322,-0.1285373,0.0836290),(0.0546289,-0.1282889,0.0835876),(0.0554322,-0.1285373,0.0836290),(0.0552786,-0.1285443,0.0836302),(0.0546289,-0.1282889,0.0835876),(0.0552786,-0.1285443,0.0836302),(0.0551290,-0.1285653,0.0836337),(0.0546289,-0.1282889,0.0835876),(0.0551290,-0.1285653,0.0836337),(0.0549833,-0.1286002,0.0836395),(0.0546289,-0.1282889,0.0835876),(0.0549833,-0.1286002,0.0836395),(0.0548416,-0.1286490,0.0836476),(0.0546289,-0.1282889,0.0835876),(0.0548416,-0.1286490,0.0836476),(0.0564387,-0.1313945,0.0841056),(0.0540680,-0.1273275,0.0834272),(0.0546289,-0.1282889,0.0835876),(0.0564387,-0.1313945,0.0841056),(0.0568642,-0.1308660,0.0840175),(0.0569074,-0.1307727,0.0840019),(0.0572992,-0.1309122,0.0840252),(0.0568144,-0.1309561,0.0840325),(0.0568642,-0.1308660,0.0840175),(0.0572992,-0.1309122,0.0840252),(0.0567464,-0.1310586,0.0840496),(0.0568144,-0.1309561,0.0840325),(0.0572992,-0.1309122,0.0840252),(0.0566612,-0.1311659,0.0840675),(0.0567464,-0.1310586,0.0840496),(0.0572992,-0.1309122,0.0840252),(0.0566120,-0.1312213,0.0840767),(0.0566612,-0.1311659,0.0840675),(0.0572992,-0.1309122,0.0840252),(0.0565586,-0.1312779,0.0840862),(0.0566120,-0.1312213,0.0840767),(0.0572992,-0.1309122,0.0840252),(0.0565008,-0.1313356,0.0840958),(0.0565586,-0.1312779,0.0840862),(0.0572992,-0.1309122,0.0840252),(0.0564387,-0.1313945,0.0841056),(0.0565008,-0.1313356,0.0840958),(0.0572992,-0.1309122,0.0840252),(0.0564387,-0.1313945,0.0841056),(0.0572992,-0.1309122,0.0840252),(0.0572446,-0.1310374,0.0840460),(0.0564387,-0.1313945,0.0841056),(0.0572446,-0.1310374,0.0840460),(0.0571816,-0.1311617,0.0840668),(0.0564387,-0.1313945,0.0841056),(0.0571816,-0.1311617,0.0840668),(0.0571314,-0.1312473,0.0840811),(0.0564387,-0.1313945,0.0841056),(0.0571314,-0.1312473,0.0840811),(0.0570766,-0.1313295,0.0840948),(0.0564387,-0.1313945,0.0841056),(0.0570766,-0.1313295,0.0840948),(0.0570173,-0.1314086,0.0841080),(0.0564387,-0.1313945,0.0841056),(0.0570173,-0.1314086,0.0841080),(0.0569533,-0.1314843,0.0841206),(0.0564387,-0.1313945,0.0841056),(0.0569533,-0.1314843,0.0841206),(0.0568847,-0.1315568,0.0841327),(0.0564387,-0.1313945,0.0841056),(0.0568847,-0.1315568,0.0841327),(0.0568115,-0.1316260,0.0841442),(0.0564387,-0.1313945,0.0841056),(0.0568115,-0.1316260,0.0841442),(0.0567338,-0.1316920,0.0841552),(0.0564387,-0.1313945,0.0841056),(0.0567338,-0.1316920,0.0841552),(0.0566514,-0.1317547,0.0841657),(0.0564387,-0.1313945,0.0841056),(0.0566514,-0.1317547,0.0841657),(0.0571933,-0.1326942,0.0843224),(0.0540680,-0.1273275,0.0834272),(0.0564387,-0.1313945,0.0841056),(0.0571933,-0.1326942,0.0843224),(0.0540680,-0.1273275,0.0834272),(0.0571933,-0.1326942,0.0843224),(0.0572218,-0.1327965,0.0843395),(0.0540680,-0.1273275,0.0834272),(0.0572218,-0.1327965,0.0843395),(0.0572144,-0.1328560,0.0843494),(0.0540680,-0.1273275,0.0834272),(0.0572144,-0.1328560,0.0843494),(0.0571758,-0.1329301,0.0843618),(0.0540680,-0.1273275,0.0834272),(0.0571758,-0.1329301,0.0843618),(0.0571107,-0.1329834,0.0843707),(0.0540680,-0.1273275,0.0834272),(0.0571107,-0.1329834,0.0843707),(0.0570080,-0.1330136,0.0843757),(0.0540680,-0.1273275,0.0834272),(0.0570080,-0.1330136,0.0843757),(0.0569477,-0.1330063,0.0843745),(0.0540680,-0.1273275,0.0834272),(0.0569477,-0.1330063,0.0843745),(0.0568721,-0.1329682,0.0843681),(0.0540680,-0.1273275,0.0834272),(0.0568721,-0.1329682,0.0843681),(0.0568165,-0.1329040,0.0843574),(0.0540680,-0.1273275,0.0834272),(0.0568165,-0.1329040,0.0843574),(0.0562810,-0.1319885,0.0842047),(0.0562810,-0.1319885,0.0842047),(0.0561804,-0.1320323,0.0842120),(0.0560764,-0.1320703,0.0842183),(0.0562810,-0.1319885,0.0842047),(0.0560764,-0.1320703,0.0842183),(0.0559692,-0.1321024,0.0842237),(0.0562810,-0.1319885,0.0842047),(0.0559692,-0.1321024,0.0842237),(0.0558587,-0.1321287,0.0842281),(0.0562810,-0.1319885,0.0842047),(0.0558587,-0.1321287,0.0842281),(0.0557449,-0.1321491,0.0842315),(0.0562810,-0.1319885,0.0842047),(0.0557449,-0.1321491,0.0842315),(0.0556277,-0.1321637,0.0842339),(0.0562810,-0.1319885,0.0842047),(0.0556277,-0.1321637,0.0842339),(0.0555073,-0.1321724,0.0842354),(0.0562810,-0.1319885,0.0842047),(0.0555073,-0.1321724,0.0842354),(0.0553835,-0.1321754,0.0842359),(0.0562810,-0.1319885,0.0842047),(0.0553835,-0.1321754,0.0842359),(0.0552589,-0.1321711,0.0842352),(0.0562810,-0.1319885,0.0842047),(0.0552589,-0.1321711,0.0842352),(0.0551354,-0.1321583,0.0842330),(0.0562810,-0.1319885,0.0842047),(0.0551354,-0.1321583,0.0842330),(0.0550130,-0.1321369,0.0842295),(0.0562810,-0.1319885,0.0842047),(0.0550130,-0.1321369,0.0842295),(0.0548916,-0.1321070,0.0842245),(0.0562810,-0.1319885,0.0842047),(0.0548916,-0.1321070,0.0842245),(0.0547714,-0.1320685,0.0842181),(0.0562810,-0.1319885,0.0842047),(0.0547714,-0.1320685,0.0842181),(0.0546523,-0.1320215,0.0842102),(0.0562810,-0.1319885,0.0842047),(0.0546523,-0.1320215,0.0842102),(0.0545342,-0.1319660,0.0842009),(0.0562810,-0.1319885,0.0842047),(0.0545342,-0.1319660,0.0842009),(0.0544172,-0.1319019,0.0841902),(0.0562810,-0.1319885,0.0842047),(0.0544172,-0.1319019,0.0841902),(0.0543041,-0.1318307,0.0841784),(0.0562810,-0.1319885,0.0842047),(0.0543041,-0.1318307,0.0841784),(0.0541971,-0.1317534,0.0841655),(0.0562810,-0.1319885,0.0842047),(0.0541971,-0.1317534,0.0841655),(0.0540962,-0.1316699,0.0841516),(0.0562810,-0.1319885,0.0842047),(0.0540962,-0.1316699,0.0841516),(0.0540013,-0.1315803,0.0841366),(0.0562810,-0.1319885,0.0842047),(0.0540013,-0.1315803,0.0841366),(0.0539126,-0.1314846,0.0841206),(0.0539126,-0.1314846,0.0841206),(0.0538299,-0.1313828,0.0841037),(0.0537533,-0.1312748,0.0840856),(0.0539126,-0.1314846,0.0841206),(0.0537533,-0.1312748,0.0840856),(0.0536828,-0.1311607,0.0840666),(0.0539126,-0.1314846,0.0841206),(0.0536828,-0.1311607,0.0840666),(0.0536195,-0.1310425,0.0840469),(0.0539126,-0.1314846,0.0841206),(0.0536195,-0.1310425,0.0840469),(0.0535647,-0.1309218,0.0840268),(0.0539126,-0.1314846,0.0841206),(0.0535647,-0.1309218,0.0840268),(0.0535183,-0.1307986,0.0840062),(0.0539126,-0.1314846,0.0841206),(0.0535183,-0.1307986,0.0840062),(0.0534804,-0.1306729,0.0839852),(0.0539126,-0.1314846,0.0841206),(0.0534804,-0.1306729,0.0839852),(0.0534508,-0.1305447,0.0839639),(0.0539126,-0.1314846,0.0841206),(0.0534508,-0.1305447,0.0839639),(0.0534298,-0.1304140,0.0839420),(0.0539126,-0.1314846,0.0841206),(0.0534298,-0.1304140,0.0839420),(0.0534171,-0.1302807,0.0839198),(0.0539126,-0.1314846,0.0841206),(0.0534171,-0.1302807,0.0839198),(0.0534129,-0.1301450,0.0838972),(0.0539126,-0.1314846,0.0841206),(0.0534129,-0.1301450,0.0838972),(0.0534171,-0.1300088,0.0838745),(0.0539126,-0.1314846,0.0841206),(0.0534171,-0.1300088,0.0838745),(0.0534297,-0.1298753,0.0838522),(0.0539126,-0.1314846,0.0841206),(0.0534297,-0.1298753,0.0838522),(0.0534507,-0.1297445,0.0838304),(0.0539126,-0.1314846,0.0841206),(0.0534507,-0.1297445,0.0838304),(0.0534801,-0.1296165,0.0838090),(0.0539126,-0.1314846,0.0841206),(0.0534801,-0.1296165,0.0838090),(0.0535179,-0.1294911,0.0837881),(0.0539126,-0.1314846,0.0841206),(0.0535179,-0.1294911,0.0837881),(0.0535641,-0.1293685,0.0837676),(0.0539126,-0.1314846,0.0841206),(0.0535641,-0.1293685,0.0837676),(0.0536187,-0.1292486,0.0837476),(0.0539126,-0.1314846,0.0841206),(0.0536187,-0.1292486,0.0837476),(0.0536817,-0.1291313,0.0837281),(0.0536817,-0.1291313,0.0837281),(0.0540500,-0.1293370,0.0837624),(0.0540006,-0.1294304,0.0837780),(0.0536817,-0.1291313,0.0837281),(0.0540006,-0.1294304,0.0837780),(0.0539579,-0.1295260,0.0837939),(0.0536817,-0.1291313,0.0837281),(0.0539579,-0.1295260,0.0837939),(0.0539217,-0.1296237,0.0838102),(0.0536817,-0.1291313,0.0837281),(0.0539217,-0.1296237,0.0838102),(0.0538920,-0.1297235,0.0838269),(0.0536817,-0.1291313,0.0837281),(0.0538920,-0.1297235,0.0838269),(0.0538690,-0.1298254,0.0838439),(0.0536817,-0.1291313,0.0837281),(0.0538690,-0.1298254,0.0838439),(0.0538526,-0.1299295,0.0838612),(0.0536817,-0.1291313,0.0837281),(0.0538526,-0.1299295,0.0838612),(0.0538427,-0.1300356,0.0838789),(0.0536817,-0.1291313,0.0837281),(0.0538427,-0.1300356,0.0838789),(0.0538394,-0.1301439,0.0838970),(0.0536817,-0.1291313,0.0837281),(0.0538394,-0.1301439,0.0838970),(0.0538427,-0.1302522,0.0839151),(0.0539126,-0.1314846,0.0841206),(0.0536817,-0.1291313,0.0837281),(0.0538427,-0.1302522,0.0839151),(0.0539126,-0.1314846,0.0841206),(0.0538427,-0.1302522,0.0839151),(0.0538528,-0.1303585,0.0839328),(0.0539126,-0.1314846,0.0841206),(0.0538528,-0.1303585,0.0839328),(0.0538695,-0.1304627,0.0839502),(0.0539126,-0.1314846,0.0841206),(0.0538695,-0.1304627,0.0839502),(0.0538928,-0.1305649,0.0839672),(0.0539126,-0.1314846,0.0841206),(0.0538928,-0.1305649,0.0839672),(0.0539229,-0.1306650,0.0839839),(0.0539126,-0.1314846,0.0841206),(0.0539229,-0.1306650,0.0839839),(0.0539597,-0.1307630,0.0840003),(0.0539126,-0.1314846,0.0841206),(0.0539597,-0.1307630,0.0840003),(0.0540031,-0.1308590,0.0840163),(0.0539126,-0.1314846,0.0841206),(0.0540031,-0.1308590,0.0840163),(0.0540532,-0.1309530,0.0840320),(0.0539126,-0.1314846,0.0841206),(0.0540532,-0.1309530,0.0840320),(0.0541090,-0.1310436,0.0840471),(0.0539126,-0.1314846,0.0841206),(0.0541090,-0.1310436,0.0840471),(0.0541697,-0.1311294,0.0840614),(0.0539126,-0.1314846,0.0841206),(0.0541697,-0.1311294,0.0840614),(0.0542351,-0.1312101,0.0840749),(0.0539126,-0.1314846,0.0841206),(0.0542351,-0.1312101,0.0840749),(0.0543053,-0.1312860,0.0840875),(0.0539126,-0.1314846,0.0841206),(0.0543053,-0.1312860,0.0840875),(0.0543804,-0.1313568,0.0840993),(0.0539126,-0.1314846,0.0841206),(0.0543804,-0.1313568,0.0840993),(0.0544602,-0.1314227,0.0841103),(0.0539126,-0.1314846,0.0841206),(0.0544602,-0.1314227,0.0841103),(0.0545448,-0.1314836,0.0841205),(0.0539126,-0.1314846,0.0841206),(0.0545448,-0.1314836,0.0841205),(0.0546342,-0.1315396,0.0841298),(0.0539126,-0.1314846,0.0841206),(0.0546342,-0.1315396,0.0841298),(0.0547263,-0.1315900,0.0841382),(0.0539126,-0.1314846,0.0841206),(0.0547263,-0.1315900,0.0841382),(0.0548189,-0.1316337,0.0841455),(0.0539126,-0.1314846,0.0841206),(0.0548189,-0.1316337,0.0841455),(0.0549120,-0.1316707,0.0841517),(0.0539126,-0.1314846,0.0841206),(0.0549120,-0.1316707,0.0841517),(0.0550057,-0.1317009,0.0841567),(0.0539126,-0.1314846,0.0841206),(0.0550057,-0.1317009,0.0841567),(0.0550999,-0.1317244,0.0841606),(0.0562810,-0.1319885,0.0842047),(0.0539126,-0.1314846,0.0841206),(0.0550999,-0.1317244,0.0841606),(0.0562810,-0.1319885,0.0842047),(0.0550999,-0.1317244,0.0841606),(0.0551946,-0.1317412,0.0841635),(0.0562810,-0.1319885,0.0842047),(0.0551946,-0.1317412,0.0841635),(0.0552898,-0.1317513,0.0841651),(0.0562810,-0.1319885,0.0842047),(0.0552898,-0.1317513,0.0841651),(0.0553856,-0.1317547,0.0841657),(0.0562810,-0.1319885,0.0842047),(0.0553856,-0.1317547,0.0841657),(0.0553920,-0.1317547,0.0841657),(0.0562810,-0.1319885,0.0842047),(0.0553920,-0.1317547,0.0841657),(0.0554857,-0.1317526,0.0841654),(0.0562810,-0.1319885,0.0842047),(0.0554857,-0.1317526,0.0841654),(0.0555769,-0.1317465,0.0841643),(0.0562810,-0.1319885,0.0842047),(0.0555769,-0.1317465,0.0841643),(0.0556655,-0.1317362,0.0841626),(0.0562810,-0.1319885,0.0842047),(0.0556655,-0.1317362,0.0841626),(0.0557515,-0.1317218,0.0841602),(0.0562810,-0.1319885,0.0842047),(0.0557515,-0.1317218,0.0841602),(0.0558351,-0.1317033,0.0841571),(0.0562810,-0.1319885,0.0842047),(0.0558351,-0.1317033,0.0841571),(0.0559160,-0.1316807,0.0841534),(0.0562810,-0.1319885,0.0842047),(0.0559160,-0.1316807,0.0841534),(0.0559945,-0.1316540,0.0841489),(0.0562810,-0.1319885,0.0842047),(0.0559945,-0.1316540,0.0841489),(0.0560704,-0.1316231,0.0841438),(0.0540680,-0.1273275,0.0834272),(0.0562810,-0.1319885,0.0842047),(0.0560704,-0.1316231,0.0841438),(0.0540680,-0.1273275,0.0834272),(0.0560704,-0.1316231,0.0841438),(0.0544659,-0.1288662,0.0836839),(0.0540680,-0.1273275,0.0834272),(0.0544659,-0.1288662,0.0836839),(0.0543455,-0.1289676,0.0837008),(0.0540924,-0.1292687,0.0837510),(0.0540500,-0.1293370,0.0837624),(0.0536817,-0.1291313,0.0837281),(0.0541375,-0.1292030,0.0837400),(0.0540924,-0.1292687,0.0837510),(0.0536817,-0.1291313,0.0837281),(0.0542360,-0.1290799,0.0837195),(0.0541375,-0.1292030,0.0837400),(0.0536817,-0.1291313,0.0837281),(0.0543455,-0.1289676,0.0837008),(0.0542360,-0.1290799,0.0837195),(0.0536817,-0.1291313,0.0837281),(0.0543455,-0.1289676,0.0837008),(0.0536817,-0.1291313,0.0837281),(0.0537396,-0.1290376,0.0837124),(0.0543455,-0.1289676,0.0837008),(0.0537396,-0.1290376,0.0837124),(0.0538013,-0.1289479,0.0836975),(0.0543455,-0.1289676,0.0837008),(0.0538013,-0.1289479,0.0836975),(0.0538666,-0.1288622,0.0836832),(0.0543455,-0.1289676,0.0837008),(0.0538666,-0.1288622,0.0836832),(0.0539357,-0.1287806,0.0836696),(0.0543455,-0.1289676,0.0837008),(0.0539357,-0.1287806,0.0836696),(0.0540085,-0.1287030,0.0836566),(0.0543455,-0.1289676,0.0837008),(0.0540085,-0.1287030,0.0836566),(0.0540849,-0.1286295,0.0836444),(0.0543455,-0.1289676,0.0837008),(0.0540849,-0.1286295,0.0836444),(0.0541651,-0.1285600,0.0836328),(0.0543455,-0.1289676,0.0837008),(0.0541651,-0.1285600,0.0836328),(0.0542490,-0.1284945,0.0836219),(0.0540680,-0.1273275,0.0834272),(0.0543455,-0.1289676,0.0837008),(0.0542490,-0.1284945,0.0836219),(0.0540680,-0.1273275,0.0834272),(0.0542490,-0.1284945,0.0836219),(0.0536933,-0.1275373,0.0834622),(0.0540680,-0.1273275,0.0834272),(0.0536933,-0.1275373,0.0834622),(0.0536658,-0.1274371,0.0834455),(0.0540680,-0.1273275,0.0834272),(0.0536658,-0.1274371,0.0834455),(0.0536722,-0.1273776,0.0834355),(0.0540680,-0.1273275,0.0834272),(0.0536722,-0.1273776,0.0834355),(0.0537113,-0.1273016,0.0834229),(0.0540680,-0.1273275,0.0834272),(0.0537113,-0.1273016,0.0834229),(0.0537738,-0.1272471,0.0834138),(0.0540680,-0.1273275,0.0834272),(0.0537738,-0.1272471,0.0834138),(0.0538786,-0.1272199,0.0834092),(0.0540680,-0.1273275,0.0834272),(0.0538786,-0.1272199,0.0834092),(0.0539389,-0.1272272,0.0834105),(0.0540680,-0.1273275,0.0834272),(0.0539389,-0.1272272,0.0834105),(0.0540114,-0.1272622,0.0834163),(0.0642936,-0.1290812,0.0837197),(0.0642957,-0.1290332,0.0837117),(0.0643197,-0.1289424,0.0836966),(0.0642936,-0.1290812,0.0837197),(0.0643197,-0.1289424,0.0836966),(0.0643475,-0.1288572,0.0836824),(0.0642936,-0.1290812,0.0837197),(0.0643475,-0.1288572,0.0836824),(0.0643793,-0.1287778,0.0836691),(0.0642936,-0.1290812,0.0837197),(0.0643793,-0.1287778,0.0836691),(0.0644151,-0.1287041,0.0836568),(0.0642936,-0.1290812,0.0837197),(0.0644151,-0.1287041,0.0836568),(0.0644547,-0.1286361,0.0836455),(0.0642936,-0.1290812,0.0837197),(0.0644547,-0.1286361,0.0836455),(0.0644983,-0.1285738,0.0836351),(0.0642936,-0.1290812,0.0837197),(0.0644983,-0.1285738,0.0836351),(0.0645974,-0.1284664,0.0836172),(0.0642936,-0.1290812,0.0837197),(0.0645974,-0.1284664,0.0836172),(0.0646783,-0.1283979,0.0836057),(0.0642936,-0.1290812,0.0837197),(0.0646783,-0.1283979,0.0836057),(0.0647615,-0.1283385,0.0835958),(0.0642936,-0.1290812,0.0837197),(0.0647615,-0.1283385,0.0835958),(0.0648467,-0.1282882,0.0835874),(0.0642936,-0.1290812,0.0837197),(0.0648467,-0.1282882,0.0835874),(0.0649342,-0.1282471,0.0835806),(0.0642936,-0.1290812,0.0837197),(0.0649342,-0.1282471,0.0835806),(0.0650237,-0.1282152,0.0835753),(0.0642936,-0.1290812,0.0837197),(0.0650237,-0.1282152,0.0835753),(0.0651155,-0.1281923,0.0835714),(0.0642936,-0.1290812,0.0837197),(0.0651155,-0.1281923,0.0835714),(0.0652094,-0.1281786,0.0835692),(0.0642936,-0.1290812,0.0837197),(0.0652094,-0.1281786,0.0835692),(0.0653054,-0.1281741,0.0835684),(0.0642936,-0.1290812,0.0837197),(0.0653054,-0.1281741,0.0835684),(0.0654006,-0.1281787,0.0835692),(0.0642936,-0.1290812,0.0837197),(0.0654006,-0.1281787,0.0835692),(0.0654932,-0.1281927,0.0835715),(0.0642936,-0.1290812,0.0837197),(0.0654932,-0.1281927,0.0835715),(0.0655832,-0.1282159,0.0835754),(0.0642936,-0.1290812,0.0837197),(0.0655832,-0.1282159,0.0835754),(0.0656705,-0.1282484,0.0835808),(0.0656705,-0.1282484,0.0835808),(0.0657552,-0.1282903,0.0835878),(0.0658372,-0.1283414,0.0835963),(0.0656705,-0.1282484,0.0835808),(0.0658372,-0.1283414,0.0835963),(0.0659166,-0.1284019,0.0836064),(0.0656705,-0.1282484,0.0835808),(0.0659166,-0.1284019,0.0836064),(0.0659933,-0.1284716,0.0836180),(0.0656705,-0.1282484,0.0835808),(0.0659933,-0.1284716,0.0836180),(0.0660734,-0.1285586,0.0836325),(0.0656705,-0.1282484,0.0835808),(0.0660734,-0.1285586,0.0836325),(0.0661429,-0.1286522,0.0836482),(0.0656705,-0.1282484,0.0835808),(0.0661429,-0.1286522,0.0836482),(0.0662016,-0.1287523,0.0836649),(0.0656705,-0.1282484,0.0835808),(0.0662016,-0.1287523,0.0836649),(0.0662497,-0.1288589,0.0836826),(0.0656705,-0.1282484,0.0835808),(0.0662497,-0.1288589,0.0836826),(0.0662871,-0.1289720,0.0837015),(0.0656705,-0.1282484,0.0835808),(0.0662871,-0.1289720,0.0837015),(0.0663138,-0.1290917,0.0837215),(0.0656705,-0.1282484,0.0835808),(0.0663138,-0.1290917,0.0837215),(0.0663298,-0.1292178,0.0837425),(0.0656705,-0.1282484,0.0835808),(0.0663298,-0.1292178,0.0837425),(0.0663351,-0.1293506,0.0837647),(0.0656705,-0.1282484,0.0835808),(0.0663351,-0.1293506,0.0837647),(0.0663338,-0.1294524,0.0837816),(0.0656705,-0.1282484,0.0835808),(0.0663338,-0.1294524,0.0837816),(0.0663300,-0.1295503,0.0837980),(0.0656705,-0.1282484,0.0835808),(0.0663300,-0.1295503,0.0837980),(0.0663235,-0.1296442,0.0838136),(0.0656705,-0.1282484,0.0835808),(0.0663235,-0.1296442,0.0838136),(0.0663145,-0.1297341,0.0838286),(0.0656705,-0.1282484,0.0835808),(0.0663145,-0.1297341,0.0838286),(0.0663029,-0.1298200,0.0838430),(0.0656705,-0.1282484,0.0835808),(0.0663029,-0.1298200,0.0838430),(0.0662887,-0.1299020,0.0838566),(0.0656705,-0.1282484,0.0835808),(0.0662887,-0.1299020,0.0838566),(0.0662719,-0.1299799,0.0838696),(0.0656705,-0.1282484,0.0835808),(0.0662719,-0.1299799,0.0838696),(0.0662526,-0.1300539,0.0838820),(0.0656705,-0.1282484,0.0835808),(0.0662526,-0.1300539,0.0838820),(0.0662062,-0.1301898,0.0839047),(0.0662062,-0.1301898,0.0839047),(0.0661494,-0.1303098,0.0839247),(0.0660823,-0.1304139,0.0839420),(0.0662062,-0.1301898,0.0839047),(0.0660823,-0.1304139,0.0839420),(0.0660049,-0.1305020,0.0839567),(0.0662062,-0.1301898,0.0839047),(0.0660049,-0.1305020,0.0839567),(0.0659254,-0.1305705,0.0839682),(0.0662062,-0.1301898,0.0839047),(0.0659254,-0.1305705,0.0839682),(0.0658436,-0.1306299,0.0839781),(0.0662062,-0.1301898,0.0839047),(0.0658436,-0.1306299,0.0839781),(0.0657594,-0.1306801,0.0839864),(0.0662062,-0.1301898,0.0839047),(0.0657594,-0.1306801,0.0839864),(0.0656729,-0.1307212,0.0839933),(0.0662062,-0.1301898,0.0839047),(0.0656729,-0.1307212,0.0839933),(0.0655840,-0.1307532,0.0839986),(0.0662062,-0.1301898,0.0839047),(0.0655840,-0.1307532,0.0839986),(0.0654928,-0.1307760,0.0840024),(0.0662062,-0.1301898,0.0839047),(0.0654928,-0.1307760,0.0840024),(0.0653992,-0.1307897,0.0840047),(0.0662062,-0.1301898,0.0839047),(0.0653992,-0.1307897,0.0840047),(0.0653033,-0.1307943,0.0840055),(0.0662062,-0.1301898,0.0839047),(0.0653033,-0.1307943,0.0840055),(0.0652180,-0.1307911,0.0840050),(0.0662062,-0.1301898,0.0839047),(0.0652180,-0.1307911,0.0840050),(0.0651356,-0.1307814,0.0840033),(0.0662062,-0.1301898,0.0839047),(0.0651356,-0.1307814,0.0840033),(0.0650562,-0.1307654,0.0840007),(0.0662062,-0.1301898,0.0839047),(0.0650562,-0.1307654,0.0840007),(0.0649797,-0.1307429,0.0839969),(0.0662062,-0.1301898,0.0839047),(0.0649797,-0.1307429,0.0839969),(0.0648355,-0.1306786,0.0839862),(0.0662062,-0.1301898,0.0839047),(0.0648355,-0.1306786,0.0839862),(0.0647032,-0.1305886,0.0839712),(0.0647455,-0.1317505,0.0841650),(0.0660208,-0.1317505,0.0841650),(0.0661023,-0.1317662,0.0841676),(0.0647455,-0.1317505,0.0841650),(0.0661023,-0.1317662,0.0841676),(0.0661711,-0.1318131,0.0841754),(0.0647455,-0.1317505,0.0841650),(0.0661711,-0.1318131,0.0841754),(0.0662179,-0.1318815,0.0841869),(0.0647455,-0.1317505,0.0841650),(0.0662179,-0.1318815,0.0841869),(0.0662335,-0.1319614,0.0842002),(0.0647455,-0.1317505,0.0841650),(0.0662335,-0.1319614,0.0842002),(0.0662179,-0.1320410,0.0842135),(0.0647455,-0.1317505,0.0841650),(0.0662179,-0.1320410,0.0842135),(0.0661711,-0.1321086,0.0842247),(0.0647455,-0.1317505,0.0841650),(0.0661711,-0.1321086,0.0842247),(0.0661023,-0.1321555,0.0842326),(0.0647455,-0.1317505,0.0841650),(0.0661023,-0.1321555,0.0842326),(0.0660208,-0.1321712,0.0842352),(0.0647455,-0.1317505,0.0841650),(0.0660208,-0.1321712,0.0842352),(0.0645487,-0.1321712,0.0842352),(0.0647032,-0.1305886,0.0839712),(0.0647455,-0.1317505,0.0841650),(0.0645487,-0.1321712,0.0842352),(0.0647032,-0.1305886,0.0839712),(0.0645487,-0.1321712,0.0842352),(0.0644682,-0.1321574,0.0842329),(0.0647032,-0.1305886,0.0839712),(0.0644682,-0.1321574,0.0842329),(0.0643984,-0.1321159,0.0842259),(0.0647032,-0.1305886,0.0839712),(0.0643984,-0.1321159,0.0842259),(0.0643508,-0.1320517,0.0842152),(0.0647032,-0.1305886,0.0839712),(0.0643508,-0.1320517,0.0842152),(0.0643349,-0.1319739,0.0842023),(0.0647032,-0.1305886,0.0839712),(0.0643349,-0.1319739,0.0842023),(0.0642545,-0.1299372,0.0838625),(0.0647032,-0.1305886,0.0839712),(0.0642545,-0.1299372,0.0838625),(0.0642677,-0.1298589,0.0838495),(0.0647032,-0.1305886,0.0839712),(0.0642677,-0.1298589,0.0838495),(0.0643074,-0.1297890,0.0838378),(0.0647032,-0.1305886,0.0839712),(0.0643074,-0.1297890,0.0838378),(0.0643725,-0.1297358,0.0838289),(0.0647032,-0.1305886,0.0839712),(0.0643725,-0.1297358,0.0838289),(0.0644555,-0.1297180,0.0838260),(0.0647032,-0.1305886,0.0839712),(0.0644555,-0.1297180,0.0838260),(0.0645368,-0.1297313,0.0838282),(0.0647032,-0.1305886,0.0839712),(0.0645368,-0.1297313,0.0838282),(0.0646090,-0.1297712,0.0838348),(0.0647032,-0.1305886,0.0839712),(0.0646090,-0.1297712,0.0838348),(0.0646714,-0.1298715,0.0838515),(0.0647032,-0.1305886,0.0839712),(0.0646714,-0.1298715,0.0838515),(0.0647054,-0.1299554,0.0838656),(0.0647032,-0.1305886,0.0839712),(0.0647054,-0.1299554,0.0838656),(0.0647545,-0.1300382,0.0838794),(0.0647032,-0.1305886,0.0839712),(0.0647545,-0.1300382,0.0838794),(0.0648187,-0.1301198,0.0838930),(0.0647032,-0.1305886,0.0839712),(0.0648187,-0.1301198,0.0838930),(0.0648979,-0.1302003,0.0839064),(0.0647032,-0.1305886,0.0839712),(0.0648979,-0.1302003,0.0839064),(0.0649935,-0.1302770,0.0839192),(0.0647032,-0.1305886,0.0839712),(0.0649935,-0.1302770,0.0839192),(0.0650929,-0.1303318,0.0839283),(0.0647032,-0.1305886,0.0839712),(0.0650929,-0.1303318,0.0839283),(0.0651962,-0.1303647,0.0839338),(0.0647032,-0.1305886,0.0839712),(0.0651962,-0.1303647,0.0839338),(0.0653033,-0.1303757,0.0839357),(0.0647032,-0.1305886,0.0839712),(0.0653033,-0.1303757,0.0839357),(0.0654098,-0.1303647,0.0839338),(0.0662062,-0.1301898,0.0839047),(0.0647032,-0.1305886,0.0839712),(0.0654098,-0.1303647,0.0839338),(0.0662062,-0.1301898,0.0839047),(0.0654098,-0.1303647,0.0839338),(0.0655123,-0.1303318,0.0839283),(0.0662062,-0.1301898,0.0839047),(0.0655123,-0.1303318,0.0839283),(0.0656108,-0.1302770,0.0839192),(0.0662062,-0.1301898,0.0839047),(0.0656108,-0.1302770,0.0839192),(0.0657054,-0.1302003,0.0839064),(0.0662062,-0.1301898,0.0839047),(0.0657054,-0.1302003,0.0839064),(0.0657957,-0.1300735,0.0838852),(0.0662062,-0.1301898,0.0839047),(0.0657957,-0.1300735,0.0838852),(0.0658312,-0.1299885,0.0838711),(0.0662062,-0.1301898,0.0839047),(0.0658312,-0.1299885,0.0838711),(0.0658602,-0.1298892,0.0838545),(0.0662062,-0.1301898,0.0839047),(0.0658602,-0.1298892,0.0838545),(0.0658828,-0.1297756,0.0838356),(0.0662062,-0.1301898,0.0839047),(0.0658828,-0.1297756,0.0838356),(0.0658989,-0.1296475,0.0838142),(0.0662062,-0.1301898,0.0839047),(0.0658989,-0.1296475,0.0838142),(0.0659086,-0.1295052,0.0837904),(0.0662062,-0.1301898,0.0839047),(0.0659086,-0.1295052,0.0837904),(0.0659118,-0.1293485,0.0837643),(0.0662062,-0.1301898,0.0839047),(0.0659118,-0.1293485,0.0837643),(0.0659084,-0.1292583,0.0837493),(0.0662062,-0.1301898,0.0839047),(0.0659084,-0.1292583,0.0837493),(0.0658980,-0.1291730,0.0837350),(0.0662062,-0.1301898,0.0839047),(0.0658980,-0.1291730,0.0837350),(0.0658808,-0.1290925,0.0837216),(0.0656705,-0.1282484,0.0835808),(0.0662062,-0.1301898,0.0839047),(0.0658808,-0.1290925,0.0837216),(0.0656705,-0.1282484,0.0835808),(0.0658808,-0.1290925,0.0837216),(0.0658568,-0.1290170,0.0837090),(0.0656705,-0.1282484,0.0835808),(0.0658568,-0.1290170,0.0837090),(0.0657880,-0.1288807,0.0836863),(0.0656705,-0.1282484,0.0835808),(0.0657880,-0.1288807,0.0836863),(0.0656917,-0.1287639,0.0836668),(0.0656705,-0.1282484,0.0835808),(0.0656917,-0.1287639,0.0836668),(0.0656004,-0.1286890,0.0836543),(0.0656705,-0.1282484,0.0835808),(0.0656004,-0.1286890,0.0836543),(0.0655043,-0.1286355,0.0836454),(0.0656705,-0.1282484,0.0835808),(0.0655043,-0.1286355,0.0836454),(0.0654035,-0.1286034,0.0836400),(0.0656705,-0.1282484,0.0835808),(0.0654035,-0.1286034,0.0836400),(0.0652980,-0.1285927,0.0836382),(0.0656705,-0.1282484,0.0835808),(0.0652980,-0.1285927,0.0836382),(0.0651954,-0.1286038,0.0836401),(0.0656705,-0.1282484,0.0835808),(0.0651954,-0.1286038,0.0836401),(0.0650929,-0.1286370,0.0836456),(0.0656705,-0.1282484,0.0835808),(0.0650929,-0.1286370,0.0836456),(0.0649906,-0.1286925,0.0836549),(0.0642936,-0.1290812,0.0837197),(0.0656705,-0.1282484,0.0835808),(0.0649906,-0.1286925,0.0836549),(0.0642936,-0.1290812,0.0837197),(0.0649906,-0.1286925,0.0836549),(0.0648884,-0.1287701,0.0836678),(0.0642936,-0.1290812,0.0837197),(0.0648884,-0.1287701,0.0836678),(0.0647863,-0.1289111,0.0836913),(0.0642936,-0.1290812,0.0837197),(0.0647863,-0.1289111,0.0836913),(0.0647467,-0.1290097,0.0837078),(0.0642936,-0.1290812,0.0837197),(0.0647467,-0.1290097,0.0837078),(0.0647148,-0.1291272,0.0837274),(0.0642936,-0.1290812,0.0837197),(0.0647148,-0.1291272,0.0837274),(0.0646708,-0.1291989,0.0837393),(0.0642936,-0.1290812,0.0837197),(0.0646708,-0.1291989,0.0837393),(0.0646222,-0.1292501,0.0837479),(0.0642936,-0.1290812,0.0837197),(0.0646222,-0.1292501,0.0837479),(0.0645116,-0.1292910,0.0837547),(0.0642936,-0.1290812,0.0837197),(0.0645116,-0.1292910,0.0837547),(0.0645042,-0.1292910,0.0837547),(0.0642936,-0.1290812,0.0837197),(0.0645042,-0.1292910,0.0837547),(0.0644303,-0.1292756,0.0837521),(0.0642936,-0.1290812,0.0837197),(0.0644303,-0.1292756,0.0837521),(0.0643706,-0.1292355,0.0837455),(0.0631443,-0.1317505,0.0841650),(0.0623759,-0.1284277,0.0836107),(0.0623738,-0.1283797,0.0836027),(0.0631443,-0.1317505,0.0841650),(0.0623738,-0.1283797,0.0836027),(0.0624034,-0.1282722,0.0835848),(0.0631443,-0.1317505,0.0841650),(0.0624034,-0.1282722,0.0835848),(0.0624598,-0.1282109,0.0835745),(0.0631443,-0.1317505,0.0841650),(0.0624598,-0.1282109,0.0835745),(0.0625357,-0.1281772,0.0835689),(0.0631443,-0.1317505,0.0841650),(0.0625357,-0.1281772,0.0835689),(0.0625865,-0.1281741,0.0835684),(0.0631443,-0.1317505,0.0841650),(0.0625865,-0.1281741,0.0835684),(0.0626976,-0.1282043,0.0835735),(0.0631443,-0.1317505,0.0841650),(0.0626976,-0.1282043,0.0835735),(0.0627590,-0.1282610,0.0835829),(0.0631443,-0.1317505,0.0841650),(0.0627590,-0.1282610,0.0835829),(0.0627908,-0.1283390,0.0835959),(0.0631443,-0.1317505,0.0841650),(0.0627908,-0.1283390,0.0835959),(0.0636195,-0.1319154,0.0841925),(0.0617600,-0.1317505,0.0841650),(0.0631443,-0.1317505,0.0841650),(0.0636195,-0.1319154,0.0841925),(0.0617600,-0.1317505,0.0841650),(0.0636195,-0.1319154,0.0841925),(0.0636237,-0.1319655,0.0842009),(0.0617600,-0.1317505,0.0841650),(0.0636237,-0.1319655,0.0842009),(0.0635782,-0.1320929,0.0842221),(0.0617600,-0.1317505,0.0841650),(0.0635782,-0.1320929,0.0842221),(0.0635036,-0.1321516,0.0842319),(0.0617600,-0.1317505,0.0841650),(0.0635036,-0.1321516,0.0842319),(0.0634110,-0.1321712,0.0842352),(0.0617600,-0.1317505,0.0841650),(0.0634110,-0.1321712,0.0842352),(0.0617600,-0.1321712,0.0842352),(0.0617600,-0.1317505,0.0841650),(0.0617600,-0.1321712,0.0842352),(0.0616785,-0.1321555,0.0842326),(0.0617600,-0.1317505,0.0841650),(0.0616785,-0.1321555,0.0842326),(0.0616097,-0.1321086,0.0842247),(0.0617600,-0.1317505,0.0841650),(0.0616097,-0.1321086,0.0842247),(0.0615628,-0.1320410,0.0842135),(0.0617600,-0.1317505,0.0841650),(0.0615628,-0.1320410,0.0842135),(0.0615472,-0.1319614,0.0842002),(0.0617600,-0.1317505,0.0841650),(0.0615472,-0.1319614,0.0842002),(0.0615628,-0.1318815,0.0841869),(0.0617600,-0.1317505,0.0841650),(0.0615628,-0.1318815,0.0841869),(0.0616097,-0.1318131,0.0841754),(0.0617600,-0.1317505,0.0841650),(0.0616097,-0.1318131,0.0841754),(0.0616785,-0.1317662,0.0841676),(0.0592909,-0.1321775,0.0842362),(0.0591734,-0.1321315,0.0842286),(0.0585659,-0.1316367,0.0841460),(0.0592909,-0.1321775,0.0842362),(0.0585659,-0.1316367,0.0841460),(0.0585082,-0.1315699,0.0841349),(0.0592909,-0.1321775,0.0842362),(0.0585082,-0.1315699,0.0841349),(0.0584834,-0.1314989,0.0841230),(0.0592909,-0.1321775,0.0842362),(0.0584834,-0.1314989,0.0841230),(0.0584834,-0.1314655,0.0841175),(0.0592909,-0.1321775,0.0842362),(0.0584834,-0.1314655,0.0841175),(0.0585172,-0.1313392,0.0840964),(0.0592909,-0.1321775,0.0842362),(0.0585172,-0.1313392,0.0840964),(0.0585765,-0.1312831,0.0840870),(0.0592909,-0.1321775,0.0842362),(0.0585765,-0.1312831,0.0840870),(0.0586569,-0.1312546,0.0840823),(0.0592909,-0.1321775,0.0842362),(0.0586569,-0.1312546,0.0840823),(0.0586982,-0.1312526,0.0840819),(0.0592909,-0.1321775,0.0842362),(0.0586982,-0.1312526,0.0840819),(0.0588136,-0.1312891,0.0840880),(0.0592909,-0.1321775,0.0842362),(0.0588136,-0.1312891,0.0840880),(0.0590845,-0.1315250,0.0841274),(0.0592909,-0.1321775,0.0842362),(0.0590845,-0.1315250,0.0841274),(0.0590845,-0.1283828,0.0836032),(0.0592909,-0.1321775,0.0842362),(0.0590845,-0.1283828,0.0836032),(0.0590998,-0.1283019,0.0835897),(0.0592909,-0.1321775,0.0842362),(0.0590998,-0.1283019,0.0835897),(0.0591459,-0.1282346,0.0835785),(0.0592909,-0.1321775,0.0842362),(0.0591459,-0.1282346,0.0835785),(0.0592141,-0.1281892,0.0835709),(0.0592909,-0.1321775,0.0842362),(0.0592141,-0.1281892,0.0835709),(0.0592962,-0.1281741,0.0835684),(0.0592909,-0.1321775,0.0842362),(0.0592962,-0.1281741,0.0835684),(0.0593790,-0.1281892,0.0835709),(0.0592909,-0.1321775,0.0842362),(0.0593790,-0.1281892,0.0835709),(0.0594475,-0.1282346,0.0835785),(0.0592909,-0.1321775,0.0842362),(0.0594475,-0.1282346,0.0835785),(0.0594935,-0.1283019,0.0835897),(0.0592909,-0.1321775,0.0842362),(0.0594935,-0.1283019,0.0835897),(0.0595089,-0.1283828,0.0836032),(0.0592909,-0.1321775,0.0842362),(0.0595089,-0.1283828,0.0836032),(0.0595089,-0.1319603,0.0842000),(0.0592909,-0.1321775,0.0842362),(0.0595089,-0.1319603,0.0842000),(0.0594806,-0.1320720,0.0842186),(0.0592909,-0.1321775,0.0842362),(0.0594806,-0.1320720,0.0842186),(0.0593956,-0.1321461,0.0842310),(0.0604942,-0.1282041,0.0835734),(0.0605672,-0.1280989,0.0835559),(0.0606738,-0.1280269,0.0835438),(0.0604942,-0.1282041,0.0835734),(0.0606738,-0.1280269,0.0835438),(0.0607990,-0.1280029,0.0835398),(0.0604942,-0.1282041,0.0835734),(0.0607990,-0.1280029,0.0835398),(0.0609239,-0.1280269,0.0835438),(0.0604942,-0.1282041,0.0835734),(0.0609239,-0.1280269,0.0835438),(0.0610297,-0.1280989,0.0835559),(0.0604942,-0.1282041,0.0835734),(0.0610297,-0.1280989,0.0835559),(0.0611027,-0.1282041,0.0835734),(0.0604942,-0.1282041,0.0835734),(0.0611027,-0.1282041,0.0835734),(0.0611271,-0.1283275,0.0835940),(0.0604942,-0.1282041,0.0835734),(0.0611271,-0.1283275,0.0835940),(0.0611027,-0.1284510,0.0836146),(0.0604942,-0.1282041,0.0835734),(0.0611027,-0.1284510,0.0836146),(0.0610297,-0.1285561,0.0836321),(0.0604942,-0.1282041,0.0835734),(0.0610297,-0.1285561,0.0836321),(0.0609239,-0.1286282,0.0836442),(0.0604942,-0.1282041,0.0835734),(0.0609239,-0.1286282,0.0836442),(0.0607990,-0.1286522,0.0836482),(0.0604942,-0.1282041,0.0835734),(0.0607990,-0.1286522,0.0836482),(0.0606738,-0.1286282,0.0836442),(0.0604942,-0.1282041,0.0835734),(0.0606738,-0.1286282,0.0836442),(0.0605672,-0.1285561,0.0836321),(0.0604942,-0.1282041,0.0835734),(0.0605672,-0.1285561,0.0836321),(0.0604942,-0.1284510,0.0836146),(0.0604942,-0.1282041,0.0835734),(0.0604942,-0.1284510,0.0836146),(0.0604699,-0.1283275,0.0835940),(0.0700681,-0.1282800,0.0835861),(0.0701675,-0.1281725,0.0835681),(0.0702808,-0.1281454,0.0835636),(0.0700681,-0.1282800,0.0835861),(0.0702808,-0.1281454,0.0835636),(0.0703819,-0.1281704,0.0835678),(0.0700681,-0.1282800,0.0835861),(0.0703819,-0.1281704,0.0835678),(0.0704586,-0.1282456,0.0835803),(0.0700681,-0.1282800,0.0835861),(0.0704586,-0.1282456,0.0835803),(0.0704660,-0.1282518,0.0835814),(0.0700681,-0.1282800,0.0835861),(0.0704660,-0.1282518,0.0835814),(0.0717117,-0.1303898,0.0839380),(0.0700681,-0.1282800,0.0835861),(0.0717117,-0.1303898,0.0839380),(0.0717392,-0.1304952,0.0839556),(0.0700681,-0.1282800,0.0835861),(0.0717392,-0.1304952,0.0839556),(0.0717114,-0.1306030,0.0839736),(0.0700681,-0.1282800,0.0835861),(0.0717114,-0.1306030,0.0839736),(0.0716280,-0.1306800,0.0839864),(0.0700681,-0.1282800,0.0835861),(0.0716280,-0.1306800,0.0839864),(0.0715212,-0.1307092,0.0839913),(0.0700681,-0.1282800,0.0835861),(0.0715212,-0.1307092,0.0839913),(0.0714124,-0.1306818,0.0839867),(0.0700681,-0.1282800,0.0835861),(0.0714124,-0.1306818,0.0839867),(0.0713359,-0.1305996,0.0839730),(0.0700681,-0.1282800,0.0835861),(0.0713359,-0.1305996,0.0839730),(0.0704935,-0.1291538,0.0837318),(0.0700681,-0.1282800,0.0835861),(0.0704935,-0.1291538,0.0837318),(0.0704935,-0.1317260,0.0841609),(0.0704935,-0.1317260,0.0841609),(0.0720800,-0.1317260,0.0841609),(0.0721649,-0.1317416,0.0841635),(0.0704935,-0.1317260,0.0841609),(0.0721649,-0.1317416,0.0841635),(0.0722355,-0.1317886,0.0841714),(0.0704935,-0.1317260,0.0841609),(0.0722355,-0.1317886,0.0841714),(0.0722832,-0.1318572,0.0841828),(0.0704935,-0.1317260,0.0841609),(0.0722832,-0.1318572,0.0841828),(0.0722990,-0.1319379,0.0841963),(0.0704935,-0.1317260,0.0841609),(0.0722990,-0.1319379,0.0841963),(0.0722832,-0.1320188,0.0842098),(0.0704935,-0.1317260,0.0841609),(0.0722832,-0.1320188,0.0842098),(0.0722355,-0.1320882,0.0842213),(0.0704935,-0.1317260,0.0841609),(0.0722355,-0.1320882,0.0842213),(0.0721649,-0.1321367,0.0842294),(0.0704935,-0.1317260,0.0841609),(0.0721649,-0.1321367,0.0842294),(0.0720800,-0.1321529,0.0842321),(0.0704935,-0.1317260,0.0841609),(0.0720800,-0.1321529,0.0842321),(0.0702734,-0.1321529,0.0842321),(0.0700681,-0.1282800,0.0835861),(0.0704935,-0.1317260,0.0841609),(0.0702734,-0.1321529,0.0842321),(0.0702734,-0.1321529,0.0842321),(0.0684679,-0.1321529,0.0842321),(0.0683850,-0.1321367,0.0842294),(0.0702734,-0.1321529,0.0842321),(0.0683850,-0.1321367,0.0842294),(0.0683165,-0.1320882,0.0842213),(0.0702734,-0.1321529,0.0842321),(0.0683165,-0.1320882,0.0842213),(0.0682705,-0.1320188,0.0842098),(0.0702734,-0.1321529,0.0842321),(0.0682705,-0.1320188,0.0842098),(0.0682551,-0.1319379,0.0841963),(0.0702734,-0.1321529,0.0842321),(0.0682551,-0.1319379,0.0841963),(0.0682705,-0.1318572,0.0841828),(0.0702734,-0.1321529,0.0842321),(0.0682705,-0.1318572,0.0841828),(0.0683165,-0.1317886,0.0841714),(0.0702734,-0.1321529,0.0842321),(0.0683165,-0.1317886,0.0841714),(0.0683850,-0.1317416,0.0841635),(0.0702734,-0.1321529,0.0842321),(0.0683850,-0.1317416,0.0841635),(0.0684679,-0.1317260,0.0841609),(0.0702734,-0.1321529,0.0842321),(0.0684679,-0.1317260,0.0841609),(0.0700607,-0.1317260,0.0841609),(0.0700681,-0.1282800,0.0835861),(0.0702734,-0.1321529,0.0842321),(0.0700607,-0.1317260,0.0841609),(0.0700681,-0.1282800,0.0835861),(0.0700607,-0.1317260,0.0841609),(0.0700607,-0.1291496,0.0837311),(0.0700681,-0.1282800,0.0835861),(0.0700607,-0.1291496,0.0837311),(0.0692045,-0.1306184,0.0839761),(0.0700681,-0.1282800,0.0835861),(0.0692045,-0.1306184,0.0839761),(0.0691248,-0.1306967,0.0839892),(0.0700681,-0.1282800,0.0835861),(0.0691248,-0.1306967,0.0839892),(0.0690171,-0.1307228,0.0839936),(0.0700681,-0.1282800,0.0835861),(0.0690171,-0.1307228,0.0839936),(0.0689060,-0.1306956,0.0839890),(0.0700681,-0.1282800,0.0835861),(0.0689060,-0.1306956,0.0839890),(0.0688243,-0.1306171,0.0839759),(0.0700681,-0.1282800,0.0835861),(0.0688243,-0.1306171,0.0839759),(0.0687970,-0.1305088,0.0839579),(0.0700681,-0.1282800,0.0835861),(0.0687970,-0.1305088,0.0839579),(0.0688288,-0.1304012,0.0839399),(0.0769208,-0.1291110,0.0837247),(0.0769229,-0.1290630,0.0837167),(0.0769468,-0.1289721,0.0837015),(0.0769208,-0.1291110,0.0837247),(0.0769468,-0.1289721,0.0837015),(0.0769747,-0.1288870,0.0836873),(0.0769208,-0.1291110,0.0837247),(0.0769747,-0.1288870,0.0836873),(0.0770065,-0.1288076,0.0836741),(0.0769208,-0.1291110,0.0837247),(0.0770065,-0.1288076,0.0836741),(0.0770422,-0.1287339,0.0836618),(0.0769208,-0.1291110,0.0837247),(0.0770422,-0.1287339,0.0836618),(0.0770819,-0.1286659,0.0836504),(0.0769208,-0.1291110,0.0837247),(0.0770819,-0.1286659,0.0836504),(0.0771255,-0.1286036,0.0836400),(0.0769208,-0.1291110,0.0837247),(0.0771255,-0.1286036,0.0836400),(0.0772245,-0.1284961,0.0836221),(0.0769208,-0.1291110,0.0837247),(0.0772245,-0.1284961,0.0836221),(0.0773055,-0.1284276,0.0836107),(0.0769208,-0.1291110,0.0837247),(0.0773055,-0.1284276,0.0836107),(0.0773886,-0.1283682,0.0836008),(0.0769208,-0.1291110,0.0837247),(0.0773886,-0.1283682,0.0836008),(0.0774739,-0.1283180,0.0835924),(0.0769208,-0.1291110,0.0837247),(0.0774739,-0.1283180,0.0835924),(0.0775613,-0.1282769,0.0835856),(0.0769208,-0.1291110,0.0837247),(0.0775613,-0.1282769,0.0835856),(0.0776509,-0.1282449,0.0835802),(0.0769208,-0.1291110,0.0837247),(0.0776509,-0.1282449,0.0835802),(0.0777426,-0.1282221,0.0835764),(0.0769208,-0.1291110,0.0837247),(0.0777426,-0.1282221,0.0835764),(0.0778365,-0.1282084,0.0835741),(0.0769208,-0.1291110,0.0837247),(0.0778365,-0.1282084,0.0835741),(0.0779325,-0.1282038,0.0835734),(0.0769208,-0.1291110,0.0837247),(0.0779325,-0.1282038,0.0835734),(0.0780278,-0.1282085,0.0835741),(0.0769208,-0.1291110,0.0837247),(0.0780278,-0.1282085,0.0835741),(0.0781204,-0.1282224,0.0835765),(0.0769208,-0.1291110,0.0837247),(0.0781204,-0.1282224,0.0835765),(0.0782104,-0.1282457,0.0835803),(0.0769208,-0.1291110,0.0837247),(0.0782104,-0.1282457,0.0835803),(0.0782977,-0.1282782,0.0835858),(0.0782977,-0.1282782,0.0835858),(0.0783823,-0.1283200,0.0835927),(0.0784644,-0.1283712,0.0836013),(0.0782977,-0.1282782,0.0835858),(0.0784644,-0.1283712,0.0836013),(0.0785437,-0.1284316,0.0836114),(0.0782977,-0.1282782,0.0835858),(0.0785437,-0.1284316,0.0836114),(0.0786205,-0.1285013,0.0836230),(0.0782977,-0.1282782,0.0835858),(0.0786205,-0.1285013,0.0836230),(0.0787006,-0.1285884,0.0836375),(0.0782977,-0.1282782,0.0835858),(0.0787006,-0.1285884,0.0836375),(0.0787700,-0.1286819,0.0836531),(0.0782977,-0.1282782,0.0835858),(0.0787700,-0.1286819,0.0836531),(0.0788288,-0.1287820,0.0836698),(0.0782977,-0.1282782,0.0835858),(0.0788288,-0.1287820,0.0836698),(0.0788768,-0.1288886,0.0836876),(0.0782977,-0.1282782,0.0835858),(0.0788768,-0.1288886,0.0836876),(0.0789142,-0.1290018,0.0837065),(0.0782977,-0.1282782,0.0835858),(0.0789142,-0.1290018,0.0837065),(0.0789409,-0.1291214,0.0837264),(0.0782977,-0.1282782,0.0835858),(0.0789409,-0.1291214,0.0837264),(0.0789570,-0.1292476,0.0837475),(0.0782977,-0.1282782,0.0835858),(0.0789570,-0.1292476,0.0837475),(0.0789623,-0.1293803,0.0837696),(0.0782977,-0.1282782,0.0835858),(0.0789623,-0.1293803,0.0837696),(0.0789610,-0.1294822,0.0837866),(0.0782977,-0.1282782,0.0835858),(0.0789610,-0.1294822,0.0837866),(0.0789571,-0.1295801,0.0838029),(0.0782977,-0.1282782,0.0835858),(0.0789571,-0.1295801,0.0838029),(0.0789507,-0.1296740,0.0838186),(0.0782977,-0.1282782,0.0835858),(0.0789507,-0.1296740,0.0838186),(0.0789417,-0.1297639,0.0838336),(0.0782977,-0.1282782,0.0835858),(0.0789417,-0.1297639,0.0838336),(0.0789301,-0.1298498,0.0838479),(0.0782977,-0.1282782,0.0835858),(0.0789301,-0.1298498,0.0838479),(0.0789159,-0.1299317,0.0838616),(0.0782977,-0.1282782,0.0835858),(0.0789159,-0.1299317,0.0838616),(0.0788991,-0.1300097,0.0838746),(0.0782977,-0.1282782,0.0835858),(0.0788991,-0.1300097,0.0838746),(0.0788797,-0.1300836,0.0838869),(0.0782977,-0.1282782,0.0835858),(0.0788797,-0.1300836,0.0838869),(0.0788333,-0.1302196,0.0839096),(0.0788333,-0.1302196,0.0839096),(0.0787766,-0.1303396,0.0839296),(0.0787095,-0.1304436,0.0839470),(0.0788333,-0.1302196,0.0839096),(0.0787095,-0.1304436,0.0839470),(0.0786321,-0.1305317,0.0839617),(0.0788333,-0.1302196,0.0839096),(0.0786321,-0.1305317,0.0839617),(0.0785526,-0.1306002,0.0839731),(0.0788333,-0.1302196,0.0839096),(0.0785526,-0.1306002,0.0839731),(0.0784708,-0.1306596,0.0839830),(0.0788333,-0.1302196,0.0839096),(0.0784708,-0.1306596,0.0839830),(0.0783866,-0.1307099,0.0839914),(0.0788333,-0.1302196,0.0839096),(0.0783866,-0.1307099,0.0839914),(0.0783000,-0.1307510,0.0839983),(0.0788333,-0.1302196,0.0839096),(0.0783000,-0.1307510,0.0839983),(0.0782112,-0.1307829,0.0840036),(0.0788333,-0.1302196,0.0839096),(0.0782112,-0.1307829,0.0840036),(0.0781199,-0.1308058,0.0840074),(0.0788333,-0.1302196,0.0839096),(0.0781199,-0.1308058,0.0840074),(0.0780264,-0.1308195,0.0840097),(0.0788333,-0.1302196,0.0839096),(0.0780264,-0.1308195,0.0840097),(0.0779304,-0.1308240,0.0840105),(0.0788333,-0.1302196,0.0839096),(0.0779304,-0.1308240,0.0840105),(0.0778451,-0.1308208,0.0840099),(0.0788333,-0.1302196,0.0839096),(0.0778451,-0.1308208,0.0840099),(0.0777627,-0.1308112,0.0840083),(0.0788333,-0.1302196,0.0839096),(0.0777627,-0.1308112,0.0840083),(0.0776833,-0.1307951,0.0840056),(0.0788333,-0.1302196,0.0839096),(0.0776833,-0.1307951,0.0840056),(0.0776068,-0.1307726,0.0840019),(0.0788333,-0.1302196,0.0839096),(0.0776068,-0.1307726,0.0840019),(0.0774627,-0.1307084,0.0839912),(0.0788333,-0.1302196,0.0839096),(0.0774627,-0.1307084,0.0839912),(0.0773303,-0.1306184,0.0839761),(0.0773727,-0.1317802,0.0841700),(0.0786480,-0.1317802,0.0841700),(0.0787295,-0.1317959,0.0841726),(0.0773727,-0.1317802,0.0841700),(0.0787295,-0.1317959,0.0841726),(0.0787983,-0.1318429,0.0841804),(0.0773727,-0.1317802,0.0841700),(0.0787983,-0.1318429,0.0841804),(0.0788451,-0.1319113,0.0841918),(0.0773727,-0.1317802,0.0841700),(0.0788451,-0.1319113,0.0841918),(0.0788607,-0.1319911,0.0842051),(0.0773727,-0.1317802,0.0841700),(0.0788607,-0.1319911,0.0842051),(0.0788451,-0.1320707,0.0842184),(0.0773727,-0.1317802,0.0841700),(0.0788451,-0.1320707,0.0842184),(0.0787983,-0.1321383,0.0842297),(0.0773727,-0.1317802,0.0841700),(0.0787983,-0.1321383,0.0842297),(0.0787295,-0.1321853,0.0842375),(0.0773727,-0.1317802,0.0841700),(0.0787295,-0.1321853,0.0842375),(0.0786480,-0.1322009,0.0842401),(0.0773727,-0.1317802,0.0841700),(0.0786480,-0.1322009,0.0842401),(0.0771758,-0.1322009,0.0842401),(0.0773303,-0.1306184,0.0839761),(0.0773727,-0.1317802,0.0841700),(0.0771758,-0.1322009,0.0842401),(0.0773303,-0.1306184,0.0839761),(0.0771758,-0.1322009,0.0842401),(0.0770954,-0.1321871,0.0842378),(0.0773303,-0.1306184,0.0839761),(0.0770954,-0.1321871,0.0842378),(0.0770255,-0.1321456,0.0842309),(0.0773303,-0.1306184,0.0839761),(0.0770255,-0.1321456,0.0842309),(0.0769779,-0.1320814,0.0842202),(0.0773303,-0.1306184,0.0839761),(0.0769779,-0.1320814,0.0842202),(0.0769620,-0.1320036,0.0842072),(0.0773303,-0.1306184,0.0839761),(0.0769620,-0.1320036,0.0842072),(0.0768816,-0.1299670,0.0838675),(0.0773303,-0.1306184,0.0839761),(0.0768816,-0.1299670,0.0838675),(0.0768948,-0.1298887,0.0838544),(0.0773303,-0.1306184,0.0839761),(0.0768948,-0.1298887,0.0838544),(0.0769345,-0.1298187,0.0838428),(0.0773303,-0.1306184,0.0839761),(0.0769345,-0.1298187,0.0838428),(0.0769996,-0.1297655,0.0838339),(0.0773303,-0.1306184,0.0839761),(0.0769996,-0.1297655,0.0838339),(0.0770827,-0.1297478,0.0838309),(0.0773303,-0.1306184,0.0839761),(0.0770827,-0.1297478,0.0838309),(0.0771639,-0.1297611,0.0838331),(0.0773303,-0.1306184,0.0839761),(0.0771639,-0.1297611,0.0838331),(0.0772362,-0.1298010,0.0838398),(0.0773303,-0.1306184,0.0839761),(0.0772362,-0.1298010,0.0838398),(0.0772986,-0.1299012,0.0838565),(0.0773303,-0.1306184,0.0839761),(0.0772986,-0.1299012,0.0838565),(0.0773326,-0.1299852,0.0838705),(0.0773303,-0.1306184,0.0839761),(0.0773326,-0.1299852,0.0838705),(0.0773817,-0.1300680,0.0838843),(0.0773303,-0.1306184,0.0839761),(0.0773817,-0.1300680,0.0838843),(0.0774458,-0.1301496,0.0838979),(0.0773303,-0.1306184,0.0839761),(0.0774458,-0.1301496,0.0838979),(0.0775251,-0.1302300,0.0839114),(0.0773303,-0.1306184,0.0839761),(0.0775251,-0.1302300,0.0839114),(0.0776207,-0.1303068,0.0839242),(0.0773303,-0.1306184,0.0839761),(0.0776207,-0.1303068,0.0839242),(0.0777201,-0.1303616,0.0839333),(0.0773303,-0.1306184,0.0839761),(0.0777201,-0.1303616,0.0839333),(0.0778233,-0.1303945,0.0839388),(0.0773303,-0.1306184,0.0839761),(0.0778233,-0.1303945,0.0839388),(0.0779304,-0.1304054,0.0839406),(0.0773303,-0.1306184,0.0839761),(0.0779304,-0.1304054,0.0839406),(0.0780369,-0.1303945,0.0839388),(0.0788333,-0.1302196,0.0839096),(0.0773303,-0.1306184,0.0839761),(0.0780369,-0.1303945,0.0839388),(0.0788333,-0.1302196,0.0839096),(0.0780369,-0.1303945,0.0839388),(0.0781394,-0.1303616,0.0839333),(0.0788333,-0.1302196,0.0839096),(0.0781394,-0.1303616,0.0839333),(0.0782380,-0.1303068,0.0839242),(0.0788333,-0.1302196,0.0839096),(0.0782380,-0.1303068,0.0839242),(0.0783326,-0.1302300,0.0839114),(0.0788333,-0.1302196,0.0839096),(0.0783326,-0.1302300,0.0839114),(0.0784229,-0.1301032,0.0838902),(0.0788333,-0.1302196,0.0839096),(0.0784229,-0.1301032,0.0838902),(0.0784583,-0.1300183,0.0838760),(0.0788333,-0.1302196,0.0839096),(0.0784583,-0.1300183,0.0838760),(0.0784874,-0.1299190,0.0838595),(0.0788333,-0.1302196,0.0839096),(0.0784874,-0.1299190,0.0838595),(0.0785099,-0.1298053,0.0838405),(0.0788333,-0.1302196,0.0839096),(0.0785099,-0.1298053,0.0838405),(0.0785261,-0.1296773,0.0838192),(0.0788333,-0.1302196,0.0839096),(0.0785261,-0.1296773,0.0838192),(0.0785357,-0.1295349,0.0837954),(0.0788333,-0.1302196,0.0839096),(0.0785357,-0.1295349,0.0837954),(0.0785390,-0.1293782,0.0837693),(0.0788333,-0.1302196,0.0839096),(0.0785390,-0.1293782,0.0837693),(0.0785355,-0.1292880,0.0837542),(0.0788333,-0.1302196,0.0839096),(0.0785355,-0.1292880,0.0837542),(0.0785252,-0.1292027,0.0837400),(0.0788333,-0.1302196,0.0839096),(0.0785252,-0.1292027,0.0837400),(0.0785080,-0.1291223,0.0837266),(0.0782977,-0.1282782,0.0835858),(0.0788333,-0.1302196,0.0839096),(0.0785080,-0.1291223,0.0837266),(0.0782977,-0.1282782,0.0835858),(0.0785080,-0.1291223,0.0837266),(0.0784839,-0.1290468,0.0837140),(0.0782977,-0.1282782,0.0835858),(0.0784839,-0.1290468,0.0837140),(0.0784151,-0.1289104,0.0836912),(0.0782977,-0.1282782,0.0835858),(0.0784151,-0.1289104,0.0836912),(0.0783188,-0.1287936,0.0836718),(0.0782977,-0.1282782,0.0835858),(0.0783188,-0.1287936,0.0836718),(0.0782275,-0.1287187,0.0836593),(0.0782977,-0.1282782,0.0835858),(0.0782275,-0.1287187,0.0836593),(0.0781315,-0.1286652,0.0836503),(0.0782977,-0.1282782,0.0835858),(0.0781315,-0.1286652,0.0836503),(0.0780307,-0.1286331,0.0836450),(0.0782977,-0.1282782,0.0835858),(0.0780307,-0.1286331,0.0836450),(0.0779251,-0.1286224,0.0836432),(0.0782977,-0.1282782,0.0835858),(0.0779251,-0.1286224,0.0836432),(0.0778225,-0.1286335,0.0836450),(0.0782977,-0.1282782,0.0835858),(0.0778225,-0.1286335,0.0836450),(0.0777201,-0.1286668,0.0836506),(0.0782977,-0.1282782,0.0835858),(0.0777201,-0.1286668,0.0836506),(0.0776178,-0.1287222,0.0836598),(0.0769208,-0.1291110,0.0837247),(0.0782977,-0.1282782,0.0835858),(0.0776178,-0.1287222,0.0836598),(0.0769208,-0.1291110,0.0837247),(0.0776178,-0.1287222,0.0836598),(0.0775156,-0.1287999,0.0836728),(0.0769208,-0.1291110,0.0837247),(0.0775156,-0.1287999,0.0836728),(0.0774134,-0.1289408,0.0836963),(0.0769208,-0.1291110,0.0837247),(0.0774134,-0.1289408,0.0836963),(0.0773739,-0.1290395,0.0837128),(0.0769208,-0.1291110,0.0837247),(0.0773739,-0.1290395,0.0837128),(0.0773420,-0.1291569,0.0837324),(0.0769208,-0.1291110,0.0837247),(0.0773420,-0.1291569,0.0837324),(0.0772979,-0.1292286,0.0837443),(0.0769208,-0.1291110,0.0837247),(0.0772979,-0.1292286,0.0837443),(0.0772494,-0.1292798,0.0837529),(0.0769208,-0.1291110,0.0837247),(0.0772494,-0.1292798,0.0837529),(0.0771388,-0.1293208,0.0837597),(0.0769208,-0.1291110,0.0837247),(0.0771388,-0.1293208,0.0837597),(0.0771314,-0.1293208,0.0837597),(0.0769208,-0.1291110,0.0837247),(0.0771314,-0.1293208,0.0837597),(0.0770575,-0.1293053,0.0837571),(0.0769208,-0.1291110,0.0837247),(0.0770575,-0.1293053,0.0837571),(0.0769978,-0.1292652,0.0837504),(0.0749173,-0.1304607,0.0839499),(0.0749650,-0.1305088,0.0839579),(0.0750210,-0.1305853,0.0839706),(0.0749173,-0.1304607,0.0839499),(0.0750210,-0.1305853,0.0839706),(0.0750696,-0.1306656,0.0839840),(0.0749173,-0.1304607,0.0839499),(0.0750696,-0.1306656,0.0839840),(0.0751107,-0.1307496,0.0839980),(0.0749173,-0.1304607,0.0839499),(0.0751107,-0.1307496,0.0839980),(0.0751444,-0.1308373,0.0840127),(0.0749173,-0.1304607,0.0839499),(0.0751444,-0.1308373,0.0840127),(0.0751705,-0.1309289,0.0840279),(0.0749173,-0.1304607,0.0839499),(0.0751705,-0.1309289,0.0840279),(0.0751892,-0.1310241,0.0840438),(0.0749173,-0.1304607,0.0839499),(0.0751892,-0.1310241,0.0840438),(0.0752004,-0.1311232,0.0840603),(0.0749173,-0.1304607,0.0839499),(0.0752004,-0.1311232,0.0840603),(0.0752042,-0.1312259,0.0840775),(0.0749173,-0.1304607,0.0839499),(0.0752042,-0.1312259,0.0840775),(0.0752004,-0.1313286,0.0840946),(0.0749173,-0.1304607,0.0839499),(0.0752004,-0.1313286,0.0840946),(0.0751893,-0.1314269,0.0841110),(0.0749173,-0.1304607,0.0839499),(0.0751893,-0.1314269,0.0841110),(0.0751707,-0.1315207,0.0841267),(0.0749173,-0.1304607,0.0839499),(0.0751707,-0.1315207,0.0841267),(0.0751446,-0.1316101,0.0841416),(0.0749173,-0.1304607,0.0839499),(0.0751446,-0.1316101,0.0841416),(0.0751111,-0.1316950,0.0841557),(0.0749173,-0.1304607,0.0839499),(0.0751111,-0.1316950,0.0841557),(0.0750702,-0.1317756,0.0841692),(0.0749173,-0.1304607,0.0839499),(0.0750702,-0.1317756,0.0841692),(0.0750218,-0.1318516,0.0841819),(0.0749173,-0.1304607,0.0839499),(0.0750218,-0.1318516,0.0841819),(0.0749660,-0.1319233,0.0841938),(0.0749173,-0.1304607,0.0839499),(0.0749660,-0.1319233,0.0841938),(0.0749043,-0.1319883,0.0842047),(0.0749173,-0.1304607,0.0839499),(0.0749043,-0.1319883,0.0842047),(0.0748376,-0.1320448,0.0842141),(0.0749173,-0.1304607,0.0839499),(0.0748376,-0.1320448,0.0842141),(0.0747659,-0.1320925,0.0842220),(0.0749173,-0.1304607,0.0839499),(0.0747659,-0.1320925,0.0842220),(0.0746893,-0.1321315,0.0842286),(0.0746893,-0.1321315,0.0842286),(0.0746077,-0.1321619,0.0842336),(0.0745211,-0.1321836,0.0842372),(0.0746893,-0.1321315,0.0842286),(0.0745211,-0.1321836,0.0842372),(0.0744296,-0.1321966,0.0842394),(0.0746893,-0.1321315,0.0842286),(0.0744296,-0.1321966,0.0842394),(0.0743331,-0.1322009,0.0842401),(0.0746893,-0.1321315,0.0842286),(0.0743331,-0.1322009,0.0842401),(0.0742376,-0.1321966,0.0842394),(0.0746893,-0.1321315,0.0842286),(0.0742376,-0.1321966,0.0842394),(0.0741464,-0.1321837,0.0842373),(0.0746893,-0.1321315,0.0842286),(0.0741464,-0.1321837,0.0842373),(0.0740593,-0.1321620,0.0842336),(0.0746893,-0.1321315,0.0842286),(0.0740593,-0.1321620,0.0842336),(0.0739765,-0.1321318,0.0842286),(0.0746893,-0.1321315,0.0842286),(0.0739765,-0.1321318,0.0842286),(0.0738979,-0.1320929,0.0842221),(0.0746893,-0.1321315,0.0842286),(0.0738979,-0.1320929,0.0842221),(0.0738236,-0.1320453,0.0842142),(0.0746893,-0.1321315,0.0842286),(0.0738236,-0.1320453,0.0842142),(0.0737534,-0.1319891,0.0842048),(0.0746893,-0.1321315,0.0842286),(0.0737534,-0.1319891,0.0842048),(0.0736876,-0.1319243,0.0841940),(0.0746893,-0.1321315,0.0842286),(0.0736876,-0.1319243,0.0841940),(0.0736278,-0.1318529,0.0841821),(0.0746893,-0.1321315,0.0842286),(0.0736278,-0.1318529,0.0841821),(0.0735760,-0.1317769,0.0841694),(0.0746893,-0.1321315,0.0842286),(0.0735760,-0.1317769,0.0841694),(0.0735321,-0.1316964,0.0841560),(0.0746893,-0.1321315,0.0842286),(0.0735321,-0.1316964,0.0841560),(0.0734963,-0.1316114,0.0841418),(0.0746893,-0.1321315,0.0842286),(0.0734963,-0.1316114,0.0841418),(0.0734684,-0.1315218,0.0841269),(0.0746893,-0.1321315,0.0842286),(0.0734684,-0.1315218,0.0841269),(0.0734484,-0.1314277,0.0841112),(0.0746893,-0.1321315,0.0842286),(0.0734484,-0.1314277,0.0841112),(0.0734365,-0.1313291,0.0840947),(0.0734365,-0.1313291,0.0840947),(0.0734325,-0.1312259,0.0840775),(0.0734479,-0.1311448,0.0840640),(0.0734365,-0.1313291,0.0840947),(0.0734479,-0.1311448,0.0840640),(0.0734939,-0.1310767,0.0840526),(0.0734365,-0.1313291,0.0840947),(0.0734939,-0.1310767,0.0840526),(0.0735622,-0.1310305,0.0840449),(0.0734365,-0.1313291,0.0840947),(0.0735622,-0.1310305,0.0840449),(0.0736442,-0.1310151,0.0840423),(0.0734365,-0.1313291,0.0840947),(0.0736442,-0.1310151,0.0840423),(0.0737270,-0.1310305,0.0840449),(0.0734365,-0.1313291,0.0840947),(0.0737270,-0.1310305,0.0840449),(0.0737955,-0.1310767,0.0840526),(0.0734365,-0.1313291,0.0840947),(0.0737955,-0.1310767,0.0840526),(0.0738416,-0.1311448,0.0840640),(0.0734365,-0.1313291,0.0840947),(0.0738416,-0.1311448,0.0840640),(0.0738569,-0.1312259,0.0840775),(0.0734365,-0.1313291,0.0840947),(0.0738569,-0.1312259,0.0840775),(0.0738656,-0.1313505,0.0840983),(0.0734365,-0.1313291,0.0840947),(0.0738656,-0.1313505,0.0840983),(0.0738916,-0.1314600,0.0841165),(0.0734365,-0.1313291,0.0840947),(0.0738916,-0.1314600,0.0841165),(0.0739349,-0.1315546,0.0841323),(0.0734365,-0.1313291,0.0840947),(0.0739349,-0.1315546,0.0841323),(0.0739955,-0.1316341,0.0841456),(0.0734365,-0.1313291,0.0840947),(0.0739955,-0.1316341,0.0841456),(0.0740670,-0.1316980,0.0841562),(0.0746893,-0.1321315,0.0842286),(0.0734365,-0.1313291,0.0840947),(0.0740670,-0.1316980,0.0841562),(0.0746893,-0.1321315,0.0842286),(0.0740670,-0.1316980,0.0841562),(0.0741471,-0.1317437,0.0841639),(0.0746893,-0.1321315,0.0842286),(0.0741471,-0.1317437,0.0841639),(0.0742358,-0.1317711,0.0841684),(0.0746893,-0.1321315,0.0842286),(0.0742358,-0.1317711,0.0841684),(0.0743331,-0.1317802,0.0841700),(0.0746893,-0.1321315,0.0842286),(0.0743331,-0.1317802,0.0841700),(0.0744270,-0.1317712,0.0841684),(0.0746893,-0.1321315,0.0842286),(0.0744270,-0.1317712,0.0841684),(0.0745117,-0.1317440,0.0841639),(0.0746893,-0.1321315,0.0842286),(0.0745117,-0.1317440,0.0841639),(0.0745873,-0.1316986,0.0841563),(0.0746893,-0.1321315,0.0842286),(0.0745873,-0.1316986,0.0841563),(0.0746538,-0.1316351,0.0841458),(0.0746893,-0.1321315,0.0842286),(0.0746538,-0.1316351,0.0841458),(0.0747080,-0.1315552,0.0841324),(0.0746893,-0.1321315,0.0842286),(0.0747080,-0.1315552,0.0841324),(0.0747467,-0.1314603,0.0841166),(0.0746893,-0.1321315,0.0842286),(0.0747467,-0.1314603,0.0841166),(0.0747699,-0.1313506,0.0840983),(0.0749173,-0.1304607,0.0839499),(0.0746893,-0.1321315,0.0842286),(0.0747699,-0.1313506,0.0840983),(0.0749173,-0.1304607,0.0839499),(0.0747699,-0.1313506,0.0840983),(0.0747776,-0.1312259,0.0840775),(0.0749173,-0.1304607,0.0839499),(0.0747776,-0.1312259,0.0840775),(0.0747700,-0.1310996,0.0840564),(0.0749173,-0.1304607,0.0839499),(0.0747700,-0.1310996,0.0840564),(0.0747470,-0.1309858,0.0840374),(0.0749173,-0.1304607,0.0839499),(0.0747470,-0.1309858,0.0840374),(0.0747086,-0.1308846,0.0840206),(0.0749173,-0.1304607,0.0839499),(0.0747086,-0.1308846,0.0840206),(0.0746549,-0.1307958,0.0840057),(0.0749173,-0.1304607,0.0839499),(0.0746549,-0.1307958,0.0840057),(0.0745926,-0.1307319,0.0839951),(0.0750017,-0.1303856,0.0839373),(0.0749173,-0.1304607,0.0839499),(0.0745926,-0.1307319,0.0839951),(0.0750017,-0.1303856,0.0839373),(0.0745926,-0.1307319,0.0839951),(0.0745234,-0.1306862,0.0839875),(0.0750017,-0.1303856,0.0839373),(0.0745234,-0.1306862,0.0839875),(0.0744471,-0.1306588,0.0839829),(0.0750017,-0.1303856,0.0839373),(0.0744471,-0.1306588,0.0839829),(0.0743638,-0.1306497,0.0839814),(0.0750017,-0.1303856,0.0839373),(0.0743638,-0.1306497,0.0839814),(0.0743215,-0.1306497,0.0839814),(0.0750017,-0.1303856,0.0839373),(0.0743215,-0.1306497,0.0839814),(0.0742548,-0.1306497,0.0839814),(0.0750017,-0.1303856,0.0839373),(0.0742548,-0.1306497,0.0839814),(0.0741733,-0.1306343,0.0839788),(0.0750017,-0.1303856,0.0839373),(0.0741733,-0.1306343,0.0839788),(0.0741045,-0.1305881,0.0839711),(0.0750017,-0.1303856,0.0839373),(0.0741045,-0.1305881,0.0839711),(0.0740577,-0.1305205,0.0839598),(0.0750017,-0.1303856,0.0839373),(0.0740577,-0.1305205,0.0839598),(0.0740421,-0.1304409,0.0839465),(0.0750017,-0.1303856,0.0839373),(0.0740421,-0.1304409,0.0839465),(0.0740577,-0.1303611,0.0839332),(0.0750017,-0.1303856,0.0839373),(0.0740577,-0.1303611,0.0839332),(0.0741045,-0.1302927,0.0839218),(0.0750017,-0.1303856,0.0839373),(0.0741045,-0.1302927,0.0839218),(0.0741733,-0.1302457,0.0839140),(0.0750017,-0.1303856,0.0839373),(0.0741733,-0.1302457,0.0839140),(0.0742548,-0.1302300,0.0839114),(0.0750017,-0.1303856,0.0839373),(0.0742548,-0.1302300,0.0839114),(0.0743215,-0.1302300,0.0839114),(0.0750017,-0.1303856,0.0839373),(0.0743215,-0.1302300,0.0839114),(0.0744519,-0.1302163,0.0839091),(0.0750017,-0.1303856,0.0839373),(0.0744519,-0.1302163,0.0839091),(0.0745699,-0.1301750,0.0839022),(0.0750017,-0.1303856,0.0839373),(0.0745699,-0.1301750,0.0839022),(0.0746757,-0.1301061,0.0838907),(0.0750017,-0.1303856,0.0839373),(0.0746757,-0.1301061,0.0838907),(0.0747692,-0.1300098,0.0838746),(0.0750017,-0.1303856,0.0839373),(0.0747692,-0.1300098,0.0838746),(0.0748460,-0.1298903,0.0838547),(0.0750017,-0.1303856,0.0839373),(0.0748460,-0.1298903,0.0838547),(0.0749009,-0.1297519,0.0838316),(0.0750017,-0.1303856,0.0839373),(0.0749009,-0.1297519,0.0838316),(0.0749339,-0.1295948,0.0838054),(0.0750017,-0.1303856,0.0839373),(0.0749339,-0.1295948,0.0838054),(0.0749421,-0.1295092,0.0837911),(0.0750017,-0.1303856,0.0839373),(0.0749421,-0.1295092,0.0837911),(0.0749449,-0.1294189,0.0837761),(0.0750017,-0.1303856,0.0839373),(0.0749449,-0.1294189,0.0837761),(0.0749421,-0.1293295,0.0837611),(0.0737231,-0.1293839,0.0837702),(0.0737204,-0.1294826,0.0837867),(0.0737045,-0.1295635,0.0838002),(0.0737312,-0.1292909,0.0837547),(0.0737231,-0.1293839,0.0837702),(0.0737045,-0.1295635,0.0838002),(0.0737312,-0.1292909,0.0837547),(0.0737045,-0.1295635,0.0838002),(0.0736569,-0.1296308,0.0838114),(0.0737448,-0.1292034,0.0837401),(0.0737312,-0.1292909,0.0837547),(0.0736569,-0.1296308,0.0838114),(0.0737448,-0.1292034,0.0837401),(0.0736569,-0.1296308,0.0838114),(0.0735876,-0.1296763,0.0838190),(0.0737638,-0.1291217,0.0837265),(0.0737448,-0.1292034,0.0837401),(0.0735876,-0.1296763,0.0838190),(0.0737638,-0.1291217,0.0837265),(0.0735876,-0.1296763,0.0838190),(0.0735045,-0.1296914,0.0838215),(0.0738180,-0.1289751,0.0837020),(0.0737638,-0.1291217,0.0837265),(0.0735045,-0.1296914,0.0838215),(0.0738180,-0.1289751,0.0837020),(0.0735045,-0.1296914,0.0838215),(0.0734217,-0.1296763,0.0838190),(0.0738180,-0.1289751,0.0837020),(0.0734217,-0.1296763,0.0838190),(0.0733531,-0.1296308,0.0838114),(0.0738939,-0.1288510,0.0836813),(0.0738180,-0.1289751,0.0837020),(0.0733531,-0.1296308,0.0838114),(0.0738939,-0.1288510,0.0836813),(0.0733531,-0.1296308,0.0838114),(0.0733071,-0.1295635,0.0838002),(0.0738939,-0.1288510,0.0836813),(0.0733071,-0.1295635,0.0838002),(0.0732917,-0.1294826,0.0837867),(0.0739845,-0.1287528,0.0836649),(0.0738939,-0.1288510,0.0836813),(0.0732917,-0.1294826,0.0837867),(0.0739845,-0.1287528,0.0836649),(0.0732917,-0.1294826,0.0837867),(0.0732962,-0.1293475,0.0837641),(0.0739845,-0.1287528,0.0836649),(0.0732962,-0.1293475,0.0837641),(0.0733094,-0.1292183,0.0837426),(0.0739845,-0.1287528,0.0836649),(0.0733094,-0.1292183,0.0837426),(0.0733315,-0.1290950,0.0837220),(0.0740879,-0.1286827,0.0836532),(0.0739845,-0.1287528,0.0836649),(0.0733315,-0.1290950,0.0837220),(0.0740879,-0.1286827,0.0836532),(0.0733315,-0.1290950,0.0837220),(0.0733624,-0.1289776,0.0837024),(0.0740879,-0.1286827,0.0836532),(0.0733624,-0.1289776,0.0837024),(0.0734021,-0.1288661,0.0836838),(0.0742041,-0.1286406,0.0836462),(0.0740879,-0.1286827,0.0836532),(0.0734021,-0.1288661,0.0836838),(0.0742041,-0.1286406,0.0836462),(0.0734021,-0.1288661,0.0836838),(0.0734507,-0.1287605,0.0836662),(0.0742041,-0.1286406,0.0836462),(0.0734507,-0.1287605,0.0836662),(0.0735081,-0.1286609,0.0836496),(0.0743331,-0.1286266,0.0836439),(0.0742041,-0.1286406,0.0836462),(0.0735081,-0.1286609,0.0836496),(0.0743331,-0.1286266,0.0836439),(0.0735081,-0.1286609,0.0836496),(0.0735743,-0.1285671,0.0836340),(0.0743331,-0.1286266,0.0836439),(0.0735743,-0.1285671,0.0836340),(0.0736464,-0.1284827,0.0836199),(0.0744567,-0.1286398,0.0836461),(0.0743331,-0.1286266,0.0836439),(0.0736464,-0.1284827,0.0836199),(0.0744567,-0.1286398,0.0836461),(0.0736464,-0.1284827,0.0836199),(0.0737249,-0.1284095,0.0836077),(0.0744567,-0.1286398,0.0836461),(0.0737249,-0.1284095,0.0836077),(0.0738100,-0.1283476,0.0835974),(0.0745702,-0.1286796,0.0836527),(0.0744567,-0.1286398,0.0836461),(0.0738100,-0.1283476,0.0835974),(0.0745702,-0.1286796,0.0836527),(0.0738100,-0.1283476,0.0835974),(0.0739016,-0.1282970,0.0835889),(0.0745702,-0.1286796,0.0836527),(0.0739016,-0.1282970,0.0835889),(0.0739997,-0.1282576,0.0835823),(0.0746737,-0.1287458,0.0836638),(0.0745702,-0.1286796,0.0836527),(0.0739997,-0.1282576,0.0835823),(0.0746737,-0.1287458,0.0836638),(0.0739997,-0.1282576,0.0835823),(0.0741043,-0.1282295,0.0835776),(0.0746737,-0.1287458,0.0836638),(0.0741043,-0.1282295,0.0835776),(0.0742155,-0.1282126,0.0835748),(0.0747671,-0.1288385,0.0836792),(0.0746737,-0.1287458,0.0836638),(0.0742155,-0.1282126,0.0835748),(0.0747671,-0.1288385,0.0836792),(0.0742155,-0.1282126,0.0835748),(0.0743331,-0.1282070,0.0835739),(0.0747671,-0.1288385,0.0836792),(0.0743331,-0.1282070,0.0835739),(0.0744463,-0.1282124,0.0835748),(0.0748449,-0.1289547,0.0836986),(0.0747671,-0.1288385,0.0836792),(0.0744463,-0.1282124,0.0835748),(0.0748449,-0.1289547,0.0836986),(0.0744463,-0.1282124,0.0835748),(0.0745539,-0.1282286,0.0835775),(0.0749004,-0.1290901,0.0837212),(0.0748449,-0.1289547,0.0836986),(0.0745539,-0.1282286,0.0835775),(0.0749004,-0.1290901,0.0837212),(0.0745539,-0.1282286,0.0835775),(0.0746560,-0.1282557,0.0835820),(0.0749004,-0.1290901,0.0837212),(0.0746560,-0.1282557,0.0835820),(0.0747525,-0.1282936,0.0835883),(0.0749199,-0.1291651,0.0837337),(0.0749004,-0.1290901,0.0837212),(0.0747525,-0.1282936,0.0835883),(0.0749199,-0.1291651,0.0837337),(0.0747525,-0.1282936,0.0835883),(0.0748435,-0.1283423,0.0835965),(0.0749338,-0.1292449,0.0837470),(0.0749199,-0.1291651,0.0837337),(0.0748435,-0.1283423,0.0835965),(0.0749338,-0.1292449,0.0837470),(0.0748435,-0.1283423,0.0835965),(0.0749291,-0.1284019,0.0836064),(0.0749421,-0.1293295,0.0837611),(0.0749338,-0.1292449,0.0837470),(0.0749291,-0.1284019,0.0836064),(0.0750017,-0.1303856,0.0839373),(0.0749421,-0.1293295,0.0837611),(0.0749291,-0.1284019,0.0836064),(0.0750017,-0.1303856,0.0839373),(0.0749291,-0.1284019,0.0836064),(0.0750090,-0.1284723,0.0836181),(0.0750017,-0.1303856,0.0839373),(0.0750090,-0.1284723,0.0836181),(0.0750835,-0.1285535,0.0836317),(0.0750017,-0.1303856,0.0839373),(0.0750835,-0.1285535,0.0836317),(0.0751512,-0.1286435,0.0836467),(0.0750017,-0.1303856,0.0839373),(0.0751512,-0.1286435,0.0836467),(0.0752099,-0.1287388,0.0836626),(0.0750017,-0.1303856,0.0839373),(0.0752099,-0.1287388,0.0836626),(0.0752596,-0.1288392,0.0836793),(0.0750017,-0.1303856,0.0839373),(0.0752596,-0.1288392,0.0836793),(0.0753002,-0.1289447,0.0836970),(0.0750017,-0.1303856,0.0839373),(0.0753002,-0.1289447,0.0836970),(0.0753318,-0.1290555,0.0837154),(0.0750017,-0.1303856,0.0839373),(0.0753318,-0.1290555,0.0837154),(0.0753544,-0.1291715,0.0837348),(0.0750017,-0.1303856,0.0839373),(0.0753544,-0.1291715,0.0837348),(0.0753679,-0.1292926,0.0837550),(0.0750017,-0.1303856,0.0839373),(0.0753679,-0.1292926,0.0837550),(0.0753724,-0.1294189,0.0837761),(0.0750017,-0.1303856,0.0839373),(0.0753724,-0.1294189,0.0837761),(0.0753679,-0.1295465,0.0837973),(0.0750017,-0.1303856,0.0839373),(0.0753679,-0.1295465,0.0837973),(0.0753545,-0.1296689,0.0838178),(0.0750017,-0.1303856,0.0839373),(0.0753545,-0.1296689,0.0838178),(0.0753321,-0.1297861,0.0838373),(0.0750017,-0.1303856,0.0839373),(0.0753321,-0.1297861,0.0838373),(0.0753007,-0.1298981,0.0838560),(0.0750017,-0.1303856,0.0839373),(0.0753007,-0.1298981,0.0838560),(0.0752604,-0.1300048,0.0838738),(0.0750017,-0.1303856,0.0839373),(0.0752604,-0.1300048,0.0838738),(0.0752111,-0.1301063,0.0838907),(0.0750017,-0.1303856,0.0839373),(0.0752111,-0.1301063,0.0838907),(0.0751528,-0.1302026,0.0839068),(0.0750017,-0.1303856,0.0839373),(0.0751528,-0.1302026,0.0839068),(0.0750856,-0.1302937,0.0839220),(0.0758307,-0.1282338,0.0835784),(0.0759037,-0.1281287,0.0835608),(0.0760103,-0.1280566,0.0835488),(0.0758307,-0.1282338,0.0835784),(0.0760103,-0.1280566,0.0835488),(0.0761355,-0.1280326,0.0835448),(0.0758307,-0.1282338,0.0835784),(0.0761355,-0.1280326,0.0835448),(0.0762604,-0.1280566,0.0835488),(0.0758307,-0.1282338,0.0835784),(0.0762604,-0.1280566,0.0835488),(0.0763662,-0.1281287,0.0835608),(0.0758307,-0.1282338,0.0835784),(0.0763662,-0.1281287,0.0835608),(0.0764392,-0.1282338,0.0835784),(0.0758307,-0.1282338,0.0835784),(0.0764392,-0.1282338,0.0835784),(0.0764636,-0.1283573,0.0835990),(0.0758307,-0.1282338,0.0835784),(0.0764636,-0.1283573,0.0835990),(0.0764392,-0.1284807,0.0836196),(0.0758307,-0.1282338,0.0835784),(0.0764392,-0.1284807,0.0836196),(0.0763662,-0.1285859,0.0836371),(0.0758307,-0.1282338,0.0835784),(0.0763662,-0.1285859,0.0836371),(0.0762604,-0.1286579,0.0836491),(0.0758307,-0.1282338,0.0835784),(0.0762604,-0.1286579,0.0836491),(0.0761355,-0.1286819,0.0836531),(0.0758307,-0.1282338,0.0835784),(0.0761355,-0.1286819,0.0836531),(0.0760103,-0.1286579,0.0836491),(0.0758307,-0.1282338,0.0835784),(0.0760103,-0.1286579,0.0836491),(0.0759037,-0.1285859,0.0836371),(0.0758307,-0.1282338,0.0835784),(0.0759037,-0.1285859,0.0836371),(0.0758307,-0.1284807,0.0836196),(0.0758307,-0.1282338,0.0835784),(0.0758307,-0.1284807,0.0836196),(0.0758063,-0.1283573,0.0835990)));
#4590=COMPLEX_TRIANGULATED_SURFACE_SET('surface set',#4589,4683,(),(),(),((1,2,3),(4,5,6),(7,8,9),(10,11,12),(13,14,15),(16,17,18),(19,20,21),(22,23,24),(25,26,27),(28,29,30),(31,32,33),(34,35,36),(37,38,39),(40,41,42),(43,44,45),(46,47,48),(49,50,51),(52,53,54),(55,56,57),(58,59,60),(61,62,63),(64,65,66),(67,68,69),(70,71,72),(73,74,75),(76,77,78),(79,80,81),(82,83,84),(85,86,87),(88,89,90),(91,92,93),(94,95,96),(97,98,99),(100,101,102),(103,104,105),(106,107,108),(109,110,111),(112,113,114),(115,116,117),(118,119,120),(121,122,123),(124,125,126),(127,128,129),(130,131,132),(133,134,135),(136,137,138),(139,140,141),(142,143,144),(145,146,147),(148,149,150),(151,152,153),(154,155,156),(157,158,159),(160,161,162),(163,164,165),(166,167,168),(169,170,171),(172,173,174),(175,176,177),(178,179,180),(181,182,183),(184,185,186),(187,188,189),(190,191,192),(193,194,195),(196,197,198),(199,200,201),(202,203,204),(205,206,207),(208,209,210),(211,212,213),(214,215,216),(217,218,219),(220,221,222),(223,224,225),(226,227,228),(229,230,231),(232,233,234),(235,236,237),(238,239,240),(241,242,243),(244,245,246),(247,248,249),(250,251,252),(253,254,255),(256,257,258),(259,260,261),(262,263,264),(265,266,267),(268,269,270),(271,272,273),(274,275,276),(277,278,279),(280,281,282),(283,284,285),(286,287,288),(289,290,291),(292,293,294),(295,296,297),(298,299,300),(301,302,303),(304,305,306),(307,308,309),(310,311,312),(313,314,315),(316,317,318),(319,320,321),(322,323,324),(325,326,327),(328,329,330),(331,332,333),(334,335,336),(337,338,339),(340,341,342),(343,344,345),(346,347,348),(349,350,351),(352,353,354),(355,356,357),(358,359,360),(361,362,363),(364,365,366),(367,368,369),(370,371,372),(373,374,375),(376,377,378),(379,380,381),(382,383,384),(385,386,387),(388,389,390),(391,392,393),(394,395,396),(397,398,399),(400,401,402),(403,404,405),(406,407,408),(409,410,411),(412,413,414),(415,416,417),(418,419,420),(421,422,423),(424,425,426),(427,428,429),(430,431,432),(433,434,435),(436,437,438),(439,440,441),(442,443,444),(445,446,447),(448,449,450),(451,452,453),(454,455,456),(457,458,459),(460,461,462),(463,464,465),(466,467,468),(469,470,471),(472,473,474),(475,476,477),(478,479,480),(481,482,483),(484,485,486),(487,488,489),(490,491,492),(493,494,495),(496,497,498),(499,500,501),(502,503,504),(505,506,507),(508,509,510),(511,512,513),(514,515,516),(517,518,519),(520,521,522),(523,524,525),(526,527,528),(529,530,531),(532,533,534),(535,536,537),(538,539,540),(541,542,543),(544,545,546),(547,548,549),(550,551,552),(553,554,555),(556,557,558),(559,560,561),(562,563,564),(565,566,567),(568,569,570),(571,572,573),(574,575,576),(577,578,579),(580,581,582),(583,584,585),(586,587,588),(589,590,591),(592,593,594),(595,596,597),(598,599,600),(601,602,603),(604,605,606),(607,608,609),(610,611,612),(613,614,615),(616,617,618),(619,620,621),(622,623,624),(625,626,627),(628,629,630),(631,632,633),(634,635,636),(637,638,639),(640,641,642),(643,644,645),(646,647,648),(649,650,651),(652,653,654),(655,656,657),(658,659,660),(661,662,663),(664,665,666),(667,668,669),(670,671,672),(673,674,675),(676,677,678),(679,680,681),(682,683,684),(685,686,687),(688,689,690),(691,692,693),(694,695,696),(697,698,699),(700,701,702),(703,704,705),(706,707,708),(709,710,711),(712,713,714),(715,716,717),(718,719,720),(721,722,723),(724,725,726),(727,728,729),(730,731,732),(733,734,735),(736,737,738),(739,740,741),(742,743,744),(745,746,747),(748,749,750),(751,752,753),(754,755,756),(757,758,759),(760,761,762),(763,764,765),(766,767,768),(769,770,771),(772,773,774),(775,776,777),(778,779,780),(781,782,783),(784,785,786),(787,788,789),(790,791,792),(793,794,795),(796,797,798),(799,800,801),(802,803,804),(805,806,807),(808,809,810),(811,812,813),(814,815,816),(817,818,819),(820,821,822),(823,824,825),(826,827,828),(829,830,831),(832,833,834),(835,836,837),(838,839,840),(841,842,843),(844,845,846),(847,848,849),(850,851,852),(853,854,855),(856,857,858),(859,860,861),(862,863,864),(865,866,867),(868,869,870),(871,872,873),(874,875,876),(877,878,879),(880,881,882),(883,884,885),(886,887,888),(889,890,891),(892,893,894),(895,896,897),(898,899,900),(901,902,903),(904,905,906),(907,908,909),(910,911,912),(913,914,915),(916,917,918),(919,920,921),(922,923,924),(925,926,927),(928,929,930),(931,932,933),(934,935,936),(937,938,939),(940,941,942),(943,944,945),(946,947,948),(949,950,951),(952,953,954),(955,956,957),(958,959,960),(961,962,963),(964,965,966),(967,968,969),(970,971,972),(973,974,975),(976,977,978),(979,980,981),(982,983,984),(985,986,987),(988,989,990),(991,992,993),(994,995,996),(997,998,999),(1000,1001,1002),(1003,1004,1005),(1006,1007,1008),(1009,1010,1011),(1012,1013,1014),(1015,1016,1017),(1018,1019,1020),(1021,1022,1023),(1024,1025,1026),(1027,1028,1029),(1030,1031,1032),(1033,1034,1035),(1036,1037,1038),(1039,1040,1041),(1042,1043,1044),(1045,1046,1047),(1048,1049,1050),(1051,1052,1053),(1054,1055,1056),(1057,1058,1059),(1060,1061,1062),(1063,1064,1065),(1066,1067,1068),(1069,1070,1071),(1072,1073,1074),(1075,1076,1077),(1078,1079,1080),(1081,1082,1083),(1084,1085,1086),(1087,1088,1089),(1090,1091,1092),(1093,1094,1095),(1096,1097,1098),(1099,1100,1101),(1102,1103,1104),(1105,1106,1107),(1108,1109,1110),(1111,1112,1113),(1114,1115,1116),(1117,1118,1119),(1120,1121,1122),(1123,1124,1125),(1126,1127,1128),(1129,1130,1131),(1132,1133,1134),(1135,1136,1137),(1138,1139,1140),(1141,1142,1143),(1144,1145,1146),(1147,1148,1149),(1150,1151,1152),(1153,1154,1155),(1156,1157,1158),(1159,1160,1161),(1162,1163,1164),(1165,1166,1167),(1168,1169,1170),(1171,1172,1173),(1174,1175,1176),(1177,1178,1179),(1180,1181,1182),(1183,1184,1185),(1186,1187,1188),(1189,1190,1191),(1192,1193,1194),(1195,1196,1197),(1198,1199,1200),(1201,1202,1203),(1204,1205,1206),(1207,1208,1209),(1210,1211,1212),(1213,1214,1215),(1216,1217,1218),(1219,1220,1221),(1222,1223,1224),(1225,1226,1227),(1228,1229,1230),(1231,1232,1233),(1234,1235,1236),(1237,1238,1239),(1240,1241,1242),(1243,1244,1245),(1246,1247,1248),(1249,1250,1251),(1252,1253,1254),(1255,1256,1257),(1258,1259,1260),(1261,1262,1263),(1264,1265,1266),(1267,1268,1269),(1270,1271,1272),(1273,1274,1275),(1276,1277,1278),(1279,1280,1281),(1282,1283,1284),(1285,1286,1287),(1288,1289,1290),(1291,1292,1293),(1294,1295,1296),(1297,1298,1299),(1300,1301,1302),(1303,1304,1305),(1306,1307,1308),(1309,1310,1311),(1312,1313,1314),(1315,1316,1317),(1318,1319,1320),(1321,1322,1323),(1324,1325,1326),(1327,1328,1329),(1330,1331,1332),(1333,1334,1335),(1336,1337,1338),(1339,1340,1341),(1342,1343,1344),(1345,1346,1347),(1348,1349,1350),(1351,1352,1353),(1354,1355,1356),(1357,1358,1359),(1360,1361,1362),(1363,1364,1365),(1366,1367,1368),(1369,1370,1371),(1372,1373,1374),(1375,1376,1377),(1378,1379,1380),(1381,1382,1383),(1384,1385,1386),(1387,1388,1389),(1390,1391,1392),(1393,1394,1395),(1396,1397,1398),(1399,1400,1401),(1402,1403,1404),(1405,1406,1407),(1408,1409,1410),(1411,1412,1413),(1414,1415,1416),(1417,1418,1419),(1420,1421,1422),(1423,1424,1425),(1426,1427,1428),(1429,1430,1431),(1432,1433,1434),(1435,1436,1437),(1438,1439,1440),(1441,1442,1443),(1444,1445,1446),(1447,1448,1449),(1450,1451,1452),(1453,1454,1455),(1456,1457,1458),(1459,1460,1461),(1462,1463,1464),(1465,1466,1467),(1468,1469,1470),(1471,1472,1473),(1474,1475,1476),(1477,1478,1479),(1480,1481,1482),(1483,1484,1485),(1486,1487,1488),(1489,1490,1491),(1492,1493,1494),(1495,1496,1497),(1498,1499,1500),(1501,1502,1503),(1504,1505,1506),(1507,1508,1509),(1510,1511,1512),(1513,1514,1515),(1516,1517,1518),(1519,1520,1521),(1522,1523,1524),(1525,1526,1527),(1528,1529,1530),(1531,1532,1533),(1534,1535,1536),(1537,1538,1539),(1540,1541,1542),(1543,1544,1545),(1546,1547,1548),(1549,1550,1551),(1552,1553,1554),(1555,1556,1557),(1558,1559,1560),(1561,1562,1563),(1564,1565,1566),(1567,1568,1569),(1570,1571,1572),(1573,1574,1575),(1576,1577,1578),(1579,1580,1581),(1582,1583,1584),(1585,1586,1587),(1588,1589,1590),(1591,1592,1593),(1594,1595,1596),(1597,1598,1599),(1600,1601,1602),(1603,1604,1605),(1606,1607,1608),(1609,1610,1611),(1612,1613,1614),(1615,1616,1617),(1618,1619,1620),(1621,1622,1623),(1624,1625,1626),(1627,1628,1629),(1630,1631,1632),(1633,1634,1635),(1636,1637,1638),(1639,1640,1641),(1642,1643,1644),(1645,1646,1647),(1648,1649,1650),(1651,1652,1653),(1654,1655,1656),(1657,1658,1659),(1660,1661,1662),(1663,1664,1665),(1666,1667,1668),(1669,1670,1671),(1672,1673,1674),(1675,1676,1677),(1678,1679,1680),(1681,1682,1683),(1684,1685,1686),(1687,1688,1689),(1690,1691,1692),(1693,1694,1695),(1696,1697,1698),(1699,1700,1701),(1702,1703,1704),(1705,1706,1707),(1708,1709,1710),(1711,1712,1713),(1714,1715,1716),(1717,1718,1719),(1720,1721,1722),(1723,1724,1725),(1726,1727,1728),(1729,1730,1731),(1732,1733,1734),(1735,1736,1737),(1738,1739,1740),(1741,1742,1743),(1744,1745,1746),(1747,1748,1749),(1750,1751,1752),(1753,1754,1755),(1756,1757,1758),(1759,1760,1761),(1762,1763,1764),(1765,1766,1767),(1768,1769,1770),(1771,1772,1773),(1774,1775,1776),(1777,1778,1779),(1780,1781,1782),(1783,1784,1785),(1786,1787,1788),(1789,1790,1791),(1792,1793,1794),(1795,1796,1797),(1798,1799,1800),(1801,1802,1803),(1804,1805,1806),(1807,1808,1809),(1810,1811,1812),(1813,1814,1815),(1816,1817,1818),(1819,1820,1821),(1822,1823,1824),(1825,1826,1827),(1828,1829,1830),(1831,1832,1833),(1834,1835,1836),(1837,1838,1839),(1840,1841,1842),(1843,1844,1845),(1846,1847,1848),(1849,1850,1851),(1852,1853,1854),(1855,1856,1857),(1858,1859,1860),(1861,1862,1863),(1864,1865,1866),(1867,1868,1869),(1870,1871,1872),(1873,1874,1875),(1876,1877,1878),(1879,1880,1881),(1882,1883,1884),(1885,1886,1887),(1888,1889,1890),(1891,1892,1893),(1894,1895,1896),(1897,1898,1899),(1900,1901,1902),(1903,1904,1905),(1906,1907,1908),(1909,1910,1911),(1912,1913,1914),(1915,1916,1917),(1918,1919,1920),(1921,1922,1923),(1924,1925,1926),(1927,1928,1929),(1930,1931,1932),(1933,1934,1935),(1936,1937,1938),(1939,1940,1941),(1942,1943,1944),(1945,1946,1947),(1948,1949,1950),(1951,1952,1953),(1954,1955,1956),(1957,1958,1959),(1960,1961,1962),(1963,1964,1965),(1966,1967,1968),(1969,1970,1971),(1972,1973,1974),(1975,1976,1977),(1978,1979,1980),(1981,1982,1983),(1984,1985,1986),(1987,1988,1989),(1990,1991,1992),(1993,1994,1995),(1996,1997,1998),(1999,2000,2001),(2002,2003,2004),(2005,2006,2007),(2008,2009,2010),(2011,2012,2013),(2014,2015,2016),(2017,2018,2019),(2020,2021,2022),(2023,2024,2025),(2026,2027,2028),(2029,2030,2031),(2032,2033,2034),(2035,2036,2037),(2038,2039,2040),(2041,2042,2043),(2044,2045,2046),(2047,2048,2049),(2050,2051,2052),(2053,2054,2055),(2056,2057,2058),(2059,2060,2061),(2062,2063,2064),(2065,2066,2067),(2068,2069,2070),(2071,2072,2073),(2074,2075,2076),(2077,2078,2079),(2080,2081,2082),(2083,2084,2085),(2086,2087,2088),(2089,2090,2091),(2092,2093,2094),(2095,2096,2097),(2098,2099,2100),(2101,2102,2103),(2104,2105,2106),(2107,2108,2109),(2110,2111,2112),(2113,2114,2115),(2116,2117,2118),(2119,2120,2121),(2122,2123,2124),(2125,2126,2127),(2128,2129,2130),(2131,2132,2133),(2134,2135,2136),(2137,2138,2139),(2140,2141,2142),(2143,2144,2145),(2146,2147,2148),(2149,2150,2151),(2152,2153,2154),(2155,2156,2157),(2158,2159,2160),(2161,2162,2163),(2164,2165,2166),(2167,2168,2169),(2170,2171,2172),(2173,2174,2175),(2176,2177,2178),(2179,2180,2181),(2182,2183,2184),(2185,2186,2187),(2188,2189,2190),(2191,2192,2193),(2194,2195,2196),(2197,2198,2199),(2200,2201,2202),(2203,2204,2205),(2206,2207,2208),(2209,2210,2211),(2212,2213,2214),(2215,2216,2217),(2218,2219,2220),(2221,2222,2223),(2224,2225,2226),(2227,2228,2229),(2230,2231,2232),(2233,2234,2235),(2236,2237,2238),(2239,2240,2241),(2242,2243,2244),(2245,2246,2247),(2248,2249,2250),(2251,2252,2253),(2254,2255,2256),(2257,2258,2259),(2260,2261,2262),(2263,2264,2265),(2266,2267,2268),(2269,2270,2271),(2272,2273,2274),(2275,2276,2277),(2278,2279,2280),(2281,2282,2283),(2284,2285,2286),(2287,2288,2289),(2290,2291,2292),(2293,2294,2295),(2296,2297,2298),(2299,2300,2301),(2302,2303,2304),(2305,2306,2307),(2308,2309,2310),(2311,2312,2313),(2314,2315,2316),(2317,2318,2319),(2320,2321,2322),(2323,2324,2325),(2326,2327,2328),(2329,2330,2331),(2332,2333,2334),(2335,2336,2337),(2338,2339,2340),(2341,2342,2343),(2344,2345,2346),(2347,2348,2349),(2350,2351,2352),(2353,2354,2355),(2356,2357,2358),(2359,2360,2361),(2362,2363,2364),(2365,2366,2367),(2368,2369,2370),(2371,2372,2373),(2374,2375,2376),(2377,2378,2379),(2380,2381,2382),(2383,2384,2385),(2386,2387,2388),(2389,2390,2391),(2392,2393,2394),(2395,2396,2397),(2398,2399,2400),(2401,2402,2403),(2404,2405,2406),(2407,2408,2409),(2410,2411,2412),(2413,2414,2415),(2416,2417,2418),(2419,2420,2421),(2422,2423,2424),(2425,2426,2427),(2428,2429,2430),(2431,2432,2433),(2434,2435,2436),(2437,2438,2439),(2440,2441,2442),(2443,2444,2445),(2446,2447,2448),(2449,2450,2451),(2452,2453,2454),(2455,2456,2457),(2458,2459,2460),(2461,2462,2463),(2464,2465,2466),(2467,2468,2469),(2470,2471,2472),(2473,2474,2475),(2476,2477,2478),(2479,2480,2481),(2482,2483,2484),(2485,2486,2487),(2488,2489,2490),(2491,2492,2493),(2494,2495,2496),(2497,2498,2499),(2500,2501,2502),(2503,2504,2505),(2506,2507,2508),(2509,2510,2511),(2512,2513,2514),(2515,2516,2517),(2518,2519,2520),(2521,2522,2523),(2524,2525,2526),(2527,2528,2529),(2530,2531,2532),(2533,2534,2535),(2536,2537,2538),(2539,2540,2541),(2542,2543,2544),(2545,2546,2547),(2548,2549,2550),(2551,2552,2553),(2554,2555,2556),(2557,2558,2559),(2560,2561,2562),(2563,2564,2565),(2566,2567,2568),(2569,2570,2571),(2572,2573,2574),(2575,2576,2577),(2578,2579,2580),(2581,2582,2583),(2584,2585,2586),(2587,2588,2589),(2590,2591,2592),(2593,2594,2595),(2596,2597,2598),(2599,2600,2601),(2602,2603,2604),(2605,2606,2607),(2608,2609,2610),(2611,2612,2613),(2614,2615,2616),(2617,2618,2619),(2620,2621,2622),(2623,2624,2625),(2626,2627,2628),(2629,2630,2631),(2632,2633,2634),(2635,2636,2637),(2638,2639,2640),(2641,2642,2643),(2644,2645,2646),(2647,2648,2649),(2650,2651,2652),(2653,2654,2655),(2656,2657,2658),(2659,2660,2661),(2662,2663,2664),(2665,2666,2667),(2668,2669,2670),(2671,2672,2673),(2674,2675,2676),(2677,2678,2679),(2680,2681,2682),(2683,2684,2685),(2686,2687,2688),(2689,2690,2691),(2692,2693,2694),(2695,2696,2697),(2698,2699,2700),(2701,2702,2703),(2704,2705,2706),(2707,2708,2709),(2710,2711,2712),(2713,2714,2715),(2716,2717,2718),(2719,2720,2721),(2722,2723,2724),(2725,2726,2727),(2728,2729,2730),(2731,2732,2733),(2734,2735,2736),(2737,2738,2739),(2740,2741,2742),(2743,2744,2745),(2746,2747,2748),(2749,2750,2751),(2752,2753,2754),(2755,2756,2757),(2758,2759,2760),(2761,2762,2763),(2764,2765,2766),(2767,2768,2769),(2770,2771,2772),(2773,2774,2775),(2776,2777,2778),(2779,2780,2781),(2782,2783,2784),(2785,2786,2787),(2788,2789,2790),(2791,2792,2793),(2794,2795,2796),(2797,2798,2799),(2800,2801,2802),(2803,2804,2805),(2806,2807,2808),(2809,2810,2811),(2812,2813,2814),(2815,2816,2817),(2818,2819,2820),(2821,2822,2823),(2824,2825,2826),(2827,2828,2829),(2830,2831,2832),(2833,2834,2835),(2836,2837,2838),(2839,2840,2841),(2842,2843,2844),(2845,2846,2847),(2848,2849,2850),(2851,2852,2853),(2854,2855,2856),(2857,2858,2859),(2860,2861,2862),(2863,2864,2865),(2866,2867,2868),(2869,2870,2871),(2872,2873,2874),(2875,2876,2877),(2878,2879,2880),(2881,2882,2883),(2884,2885,2886),(2887,2888,2889),(2890,2891,2892),(2893,2894,2895),(2896,2897,2898),(2899,2900,2901),(2902,2903,2904),(2905,2906,2907),(2908,2909,2910),(2911,2912,2913),(2914,2915,2916),(2917,2918,2919),(2920,2921,2922),(2923,2924,2925),(2926,2927,2928),(2929,2930,2931),(2932,2933,2934),(2935,2936,2937),(2938,2939,2940),(2941,2942,2943),(2944,2945,2946),(2947,2948,2949),(2950,2951,2952),(2953,2954,2955),(2956,2957,2958),(2959,2960,2961),(2962,2963,2964),(2965,2966,2967),(2968,2969,2970),(2971,2972,2973),(2974,2975,2976),(2977,2978,2979),(2980,2981,2982),(2983,2984,2985),(2986,2987,2988),(2989,2990,2991),(2992,2993,2994),(2995,2996,2997),(2998,2999,3000),(3001,3002,3003),(3004,3005,3006),(3007,3008,3009),(3010,3011,3012),(3013,3014,3015),(3016,3017,3018),(3019,3020,3021),(3022,3023,3024),(3025,3026,3027),(3028,3029,3030),(3031,3032,3033),(3034,3035,3036),(3037,3038,3039),(3040,3041,3042),(3043,3044,3045),(3046,3047,3048),(3049,3050,3051),(3052,3053,3054),(3055,3056,3057),(3058,3059,3060),(3061,3062,3063),(3064,3065,3066),(3067,3068,3069),(3070,3071,3072),(3073,3074,3075),(3076,3077,3078),(3079,3080,3081),(3082,3083,3084),(3085,3086,3087),(3088,3089,3090),(3091,3092,3093),(3094,3095,3096),(3097,3098,3099),(3100,3101,3102),(3103,3104,3105),(3106,3107,3108),(3109,3110,3111),(3112,3113,3114),(3115,3116,3117),(3118,3119,3120),(3121,3122,3123),(3124,3125,3126),(3127,3128,3129),(3130,3131,3132),(3133,3134,3135),(3136,3137,3138),(3139,3140,3141),(3142,3143,3144),(3145,3146,3147),(3148,3149,3150),(3151,3152,3153),(3154,3155,3156),(3157,3158,3159),(3160,3161,3162),(3163,3164,3165),(3166,3167,3168),(3169,3170,3171),(3172,3173,3174),(3175,3176,3177),(3178,3179,3180),(3181,3182,3183),(3184,3185,3186),(3187,3188,3189),(3190,3191,3192),(3193,3194,3195),(3196,3197,3198),(3199,3200,3201),(3202,3203,3204),(3205,3206,3207),(3208,3209,3210),(3211,3212,3213),(3214,3215,3216),(3217,3218,3219),(3220,3221,3222),(3223,3224,3225),(3226,3227,3228),(3229,3230,3231),(3232,3233,3234),(3235,3236,3237),(3238,3239,3240),(3241,3242,3243),(3244,3245,3246),(3247,3248,3249),(3250,3251,3252),(3253,3254,3255),(3256,3257,3258),(3259,3260,3261),(3262,3263,3264),(3265,3266,3267),(3268,3269,3270),(3271,3272,3273),(3274,3275,3276),(3277,3278,3279),(3280,3281,3282),(3283,3284,3285),(3286,3287,3288),(3289,3290,3291),(3292,3293,3294),(3295,3296,3297),(3298,3299,3300),(3301,3302,3303),(3304,3305,3306),(3307,3308,3309),(3310,3311,3312),(3313,3314,3315),(3316,3317,3318),(3319,3320,3321),(3322,3323,3324),(3325,3326,3327),(3328,3329,3330),(3331,3332,3333),(3334,3335,3336),(3337,3338,3339),(3340,3341,3342),(3343,3344,3345),(3346,3347,3348),(3349,3350,3351),(3352,3353,3354),(3355,3356,3357),(3358,3359,3360),(3361,3362,3363),(3364,3365,3366),(3367,3368,3369),(3370,3371,3372),(3373,3374,3375),(3376,3377,3378),(3379,3380,3381),(3382,3383,3384),(3385,3386,3387),(3388,3389,3390),(3391,3392,3393),(3394,3395,3396),(3397,3398,3399),(3400,3401,3402),(3403,3404,3405),(3406,3407,3408),(3409,3410,3411),(3412,3413,3414),(3415,3416,3417),(3418,3419,3420),(3421,3422,3423),(3424,3425,3426),(3427,3428,3429),(3430,3431,3432),(3433,3434,3435),(3436,3437,3438),(3439,3440,3441),(3442,3443,3444),(3445,3446,3447),(3448,3449,3450),(3451,3452,3453),(3454,3455,3456),(3457,3458,3459),(3460,3461,3462),(3463,3464,3465),(3466,3467,3468),(3469,3470,3471),(3472,3473,3474),(3475,3476,3477),(3478,3479,3480),(3481,3482,3483),(3484,3485,3486),(3487,3488,3489),(3490,3491,3492),(3493,3494,3495),(3496,3497,3498),(3499,3500,3501),(3502,3503,3504),(3505,3506,3507),(3508,3509,3510),(3511,3512,3513),(3514,3515,3516),(3517,3518,3519),(3520,3521,3522),(3523,3524,3525),(3526,3527,3528),(3529,3530,3531),(3532,3533,3534),(3535,3536,3537),(3538,3539,3540),(3541,3542,3543),(3544,3545,3546),(3547,3548,3549),(3550,3551,3552),(3553,3554,3555),(3556,3557,3558),(3559,3560,3561),(3562,3563,3564),(3565,3566,3567),(3568,3569,3570),(3571,3572,3573),(3574,3575,3576),(3577,3578,3579),(3580,3581,3582),(3583,3584,3585),(3586,3587,3588),(3589,3590,3591),(3592,3593,3594),(3595,3596,3597),(3598,3599,3600),(3601,3602,3603),(3604,3605,3606),(3607,3608,3609),(3610,3611,3612),(3613,3614,3615),(3616,3617,3618),(3619,3620,3621),(3622,3623,3624),(3625,3626,3627),(3628,3629,3630),(3631,3632,3633),(3634,3635,3636),(3637,3638,3639),(3640,3641,3642),(3643,3644,3645),(3646,3647,3648),(3649,3650,3651),(3652,3653,3654),(3655,3656,3657),(3658,3659,3660),(3661,3662,3663),(3664,3665,3666),(3667,3668,3669),(3670,3671,3672),(3673,3674,3675),(3676,3677,3678),(3679,3680,3681),(3682,3683,3684),(3685,3686,3687),(3688,3689,3690),(3691,3692,3693),(3694,3695,3696),(3697,3698,3699),(3700,3701,3702),(3703,3704,3705),(3706,3707,3708),(3709,3710,3711),(3712,3713,3714),(3715,3716,3717),(3718,3719,3720),(3721,3722,3723),(3724,3725,3726),(3727,3728,3729),(3730,3731,3732),(3733,3734,3735),(3736,3737,3738),(3739,3740,3741),(3742,3743,3744),(3745,3746,3747),(3748,3749,3750),(3751,3752,3753),(3754,3755,3756),(3757,3758,3759),(3760,3761,3762),(3763,3764,3765),(3766,3767,3768),(3769,3770,3771),(3772,3773,3774),(3775,3776,3777),(3778,3779,3780),(3781,3782,3783),(3784,3785,3786),(3787,3788,3789),(3790,3791,3792),(3793,3794,3795),(3796,3797,3798),(3799,3800,3801),(3802,3803,3804),(3805,3806,3807),(3808,3809,3810),(3811,3812,3813),(3814,3815,3816),(3817,3818,3819),(3820,3821,3822),(3823,3824,3825),(3826,3827,3828),(3829,3830,3831),(3832,3833,3834),(3835,3836,3837),(3838,3839,3840),(3841,3842,3843),(3844,3845,3846),(3847,3848,3849),(3850,3851,3852),(3853,3854,3855),(3856,3857,3858),(3859,3860,3861),(3862,3863,3864),(3865,3866,3867),(3868,3869,3870),(3871,3872,3873),(3874,3875,3876),(3877,3878,3879),(3880,3881,3882),(3883,3884,3885),(3886,3887,3888),(3889,3890,3891),(3892,3893,3894),(3895,3896,3897),(3898,3899,3900),(3901,3902,3903),(3904,3905,3906),(3907,3908,3909),(3910,3911,3912),(3913,3914,3915),(3916,3917,3918),(3919,3920,3921),(3922,3923,3924),(3925,3926,3927),(3928,3929,3930),(3931,3932,3933),(3934,3935,3936),(3937,3938,3939),(3940,3941,3942),(3943,3944,3945),(3946,3947,3948),(3949,3950,3951),(3952,3953,3954),(3955,3956,3957),(3958,3959,3960),(3961,3962,3963),(3964,3965,3966),(3967,3968,3969),(3970,3971,3972),(3973,3974,3975),(3976,3977,3978),(3979,3980,3981),(3982,3983,3984),(3985,3986,3987),(3988,3989,3990),(3991,3992,3993),(3994,3995,3996),(3997,3998,3999),(4000,4001,4002),(4003,4004,4005),(4006,4007,4008),(4009,4010,4011),(4012,4013,4014),(4015,4016,4017),(4018,4019,4020),(4021,4022,4023),(4024,4025,4026),(4027,4028,4029),(4030,4031,4032),(4033,4034,4035),(4036,4037,4038),(4039,4040,4041),(4042,4043,4044),(4045,4046,4047),(4048,4049,4050),(4051,4052,4053),(4054,4055,4056),(4057,4058,4059),(4060,4061,4062),(4063,4064,4065),(4066,4067,4068),(4069,4070,4071),(4072,4073,4074),(4075,4076,4077),(4078,4079,4080),(4081,4082,4083),(4084,4085,4086),(4087,4088,4089),(4090,4091,4092),(4093,4094,4095),(4096,4097,4098),(4099,4100,4101),(4102,4103,4104),(4105,4106,4107),(4108,4109,4110),(4111,4112,4113),(4114,4115,4116),(4117,4118,4119),(4120,4121,4122),(4123,4124,4125),(4126,4127,4128),(4129,4130,4131),(4132,4133,4134),(4135,4136,4137),(4138,4139,4140),(4141,4142,4143),(4144,4145,4146),(4147,4148,4149),(4150,4151,4152),(4153,4154,4155),(4156,4157,4158),(4159,4160,4161),(4162,4163,4164),(4165,4166,4167),(4168,4169,4170),(4171,4172,4173),(4174,4175,4176),(4177,4178,4179),(4180,4181,4182),(4183,4184,4185),(4186,4187,4188),(4189,4190,4191),(4192,4193,4194),(4195,4196,4197),(4198,4199,4200),(4201,4202,4203),(4204,4205,4206),(4207,4208,4209),(4210,4211,4212),(4213,4214,4215),(4216,4217,4218),(4219,4220,4221),(4222,4223,4224),(4225,4226,4227),(4228,4229,4230),(4231,4232,4233),(4234,4235,4236),(4237,4238,4239),(4240,4241,4242),(4243,4244,4245),(4246,4247,4248),(4249,4250,4251),(4252,4253,4254),(4255,4256,4257),(4258,4259,4260),(4261,4262,4263),(4264,4265,4266),(4267,4268,4269),(4270,4271,4272),(4273,4274,4275),(4276,4277,4278),(4279,4280,4281),(4282,4283,4284),(4285,4286,4287),(4288,4289,4290),(4291,4292,4293),(4294,4295,4296),(4297,4298,4299),(4300,4301,4302),(4303,4304,4305),(4306,4307,4308),(4309,4310,4311),(4312,4313,4314),(4315,4316,4317),(4318,4319,4320),(4321,4322,4323),(4324,4325,4326),(4327,4328,4329),(4330,4331,4332),(4333,4334,4335),(4336,4337,4338),(4339,4340,4341),(4342,4343,4344),(4345,4346,4347),(4348,4349,4350),(4351,4352,4353),(4354,4355,4356),(4357,4358,4359),(4360,4361,4362),(4363,4364,4365),(4366,4367,4368),(4369,4370,4371),(4372,4373,4374),(4375,4376,4377),(4378,4379,4380),(4381,4382,4383),(4384,4385,4386),(4387,4388,4389),(4390,4391,4392),(4393,4394,4395),(4396,4397,4398),(4399,4400,4401),(4402,4403,4404),(4405,4406,4407),(4408,4409,4410),(4411,4412,4413),(4414,4415,4416),(4417,4418,4419),(4420,4421,4422),(4423,4424,4425),(4426,4427,4428),(4429,4430,4431),(4432,4433,4434),(4435,4436,4437),(4438,4439,4440),(4441,4442,4443),(4444,4445,4446),(4447,4448,4449),(4450,4451,4452),(4453,4454,4455),(4456,4457,4458),(4459,4460,4461),(4462,4463,4464),(4465,4466,4467),(4468,4469,4470),(4471,4472,4473),(4474,4475,4476),(4477,4478,4479),(4480,4481,4482),(4483,4484,4485),(4486,4487,4488),(4489,4490,4491),(4492,4493,4494),(4495,4496,4497),(4498,4499,4500),(4501,4502,4503),(4504,4505,4506),(4507,4508,4509),(4510,4511,4512),(4513,4514,4515),(4516,4517,4518),(4519,4520,4521),(4522,4523,4524),(4525,4526,4527),(4528,4529,4530),(4531,4532,4533),(4534,4535,4536),(4537,4538,4539),(4540,4541,4542),(4543,4544,4545),(4546,4547,4548),(4549,4550,4551),(4552,4553,4554),(4555,4556,4557),(4558,4559,4560),(4561,4562,4563),(4564,4565,4566),(4567,4568,4569),(4570,4571,4572),(4573,4574,4575),(4576,4577,4578),(4579,4580,4581),(4582,4583,4584),(4585,4586,4587),(4588,4589,4590),(4591,4592,4593),(4594,4595,4596),(4597,4598,4599),(4600,4601,4602),(4603,4604,4605),(4606,4607,4608),(4609,4610,4611),(4612,4613,4614),(4615,4616,4617),(4618,4619,4620),(4621,4622,4623),(4624,4625,4626),(4627,4628,4629),(4630,4631,4632),(4633,4634,4635),(4636,4637,4638),(4639,4640,4641),(4642,4643,4644),(4645,4646,4647),(4648,4649,4650),(4651,4652,4653),(4654,4655,4656),(4657,4658,4659),(4660,4661,4662),(4663,4664,4665),(4666,4667,4668),(4669,4670,4671),(4672,4673,4674),(4675,4676,4677),(4678,4679,4680),(4681,4682,4683)));
#4591=TESSELLATED_GEOMETRIC_SET('hole callout',(#4590));
#4592=COORDINATES_LIST('coordinates',5,((0.0472437,-0.1206707,0.0823167),(0.0857715,-0.1206707,0.0823167),(0.0396187,-0.1180815,0.0818848),(0.0422437,-0.1206707,0.0823167),(0.0472437,-0.1206707,0.0823167)));
#4593=TESSELLATED_CURVE_SET('curve set',#4592,((1,2),(3,4,5)));
#4594=TESSELLATED_GEOMETRIC_SET('hole callout',(#4593));
#4595=TESSELLATED_ANNOTATION_OCCURRENCE('hole callout',(#4588),#4591);
#4596=TESSELLATED_ANNOTATION_OCCURRENCE('hole callout',(#4588),#4594);
#4597=DRAUGHTING_CALLOUT('hole callout',(#4595,#4596));
#4598=DRAUGHTING_MODEL_ITEM_ASSOCIATION('','',#4540,#4584,#4597);
#4599=DRAUGHTING_MODEL_ITEM_ASSOCIATION('','',#4548,#4584,#4597);
#4600=DRAUGHTING_MODEL_ITEM_ASSOCIATION('','',#4556,#4584,#4597);
#4601=DRAUGHTING_MODEL_ITEM_ASSOCIATION('','',#4515,#4584,#4597);
ENDSEC;
END-ISO-10303-21;
