ISO-10303-21;
HEADER;
/* Generated by software containing ST-Developer
 * from STEP Tools, Inc. (www.steptools.com) 
 */
/* OPTION: using custom renumber hook */

FILE_DESCRIPTION(
/* description */ ('STEP AP242 Edition 2',
'CAx-IF Rec.Pracs.---Representation and Presentation of Product Manufa
cturing Information (PMI)---4.0---2014-10-13',
'CAx-IF Rec.Pracs.---3D Tessellated Geometry---0.4---2014-09-14','2;1',
'CAx-IF Rec.Pracs.---User Defined Attributes---1.5---2016-08-15'),
/* implementation_level */ '2;1');

FILE_NAME(
/* name */ 'RM_Lite_Proto (BETA) - Back Skin',
/* time_stamp */ '2026-03-25T08:53:54Z',
/* author */ (''),
/* organization */ (''),
/* preprocessor_version */ 'ST-DEVELOPER v20',
/* originating_system */ 'ONSHAPE BY PTC INC, 1.212',
/* authorisation */ '  ');

FILE_SCHEMA (('AP242_MANAGED_MODEL_BASED_3D_ENGINEERING_MIM_LF { 1 0 10303 442 3 1 4 }'));
ENDSEC;

DATA;
#10=SHAPE_REPRESENTATION_RELATIONSHIP('','',#667,#11);
#11=ADVANCED_BREP_SHAPE_REPRESENTATION('',(#665),#6517);
#12=LINE('',#6504,#18);
#13=LINE('',#6505,#19);
#14=LINE('',#6507,#20);
#15=LINE('',#6509,#21);
#16=LINE('',#6511,#22);
#17=LINE('',#6513,#23);
#18=VECTOR('',#692,1.);
#19=VECTOR('',#693,1.);
#20=VECTOR('',#696,1.);
#21=VECTOR('',#699,1.);
#22=VECTOR('',#702,1.);
#23=VECTOR('',#705,1.);
#24=PLANE('',#673);
#25=PLANE('',#675);
#26=PLANE('',#676);
#27=PLANE('',#678);
#28=PLANE('',#679);
#29=CYLINDRICAL_SURFACE('',#669,0.00180664017967896);
#30=CYLINDRICAL_SURFACE('',#670,0.00180664017967896);
#31=CYLINDRICAL_SURFACE('',#671,0.00180664017967896);
#32=CYLINDRICAL_SURFACE('',#672,0.00180664017967896);
#33=CYLINDRICAL_SURFACE('',#674,0.010049185605683);
#34=CYLINDRICAL_SURFACE('',#677,0.010049185605683);
#35=(
BOUNDED_SURFACE()
B_SPLINE_SURFACE(2,3,((#5034,#5035,#5036,#5037,#5038,#5039,#5040,#5041,
#5042,#5043,#5044,#5045,#5046,#5047,#5048,#5049,#5050,#5051,#5052,#5053,
#5054,#5055,#5056,#5057,#5058,#5059,#5060,#5061,#5062,#5063,#5064,#5065,
#5066,#5067,#5068,#5069,#5070,#5071,#5072,#5073,#5074,#5075,#5076,#5077,
#5078,#5079,#5080,#5081,#5082,#5083,#5084,#5085,#5086,#5087,#5088,#5089),
(#5090,#5091,#5092,#5093,#5094,#5095,#5096,#5097,#5098,#5099,#5100,#5101,
#5102,#5103,#5104,#5105,#5106,#5107,#5108,#5109,#5110,#5111,#5112,#5113,
#5114,#5115,#5116,#5117,#5118,#5119,#5120,#5121,#5122,#5123,#5124,#5125,
#5126,#5127,#5128,#5129,#5130,#5131,#5132,#5133,#5134,#5135,#5136,#5137,
#5138,#5139,#5140,#5141,#5142,#5143,#5144,#5145),(#5146,#5147,#5148,#5149,
#5150,#5151,#5152,#5153,#5154,#5155,#5156,#5157,#5158,#5159,#5160,#5161,
#5162,#5163,#5164,#5165,#5166,#5167,#5168,#5169,#5170,#5171,#5172,#5173,
#5174,#5175,#5176,#5177,#5178,#5179,#5180,#5181,#5182,#5183,#5184,#5185,
#5186,#5187,#5188,#5189,#5190,#5191,#5192,#5193,#5194,#5195,#5196,#5197,
#5198,#5199,#5200,#5201)),.UNSPECIFIED.,.F.,.T.,.F.)
B_SPLINE_SURFACE_WITH_KNOTS((3,3),(4,2,2,2,2,2,2,2,2,2,2,2,2,2,2,2,2,2,
2,2,2,2,2,2,2,2,2,4),(0.,1.),(0.999964872186849,1.03121487218685,1.06246487218685,
1.09371487218685,1.10933987218685,1.12496487218685,1.15621487218685,1.18746487218685,
1.21871487218685,1.24996487218685,1.31246487218685,1.37496487218685,1.43746487218685,
1.46871487218685,1.49996487218685,1.53121487218685,1.56246487218685,1.59371487218685,
1.62496487218685,1.65621487218685,1.68746487218685,1.71871487218685,1.74996487218685,
1.81246487218685,1.87496487218685,1.93746487218685,1.96871487218685,1.99996487218685),
 .UNSPECIFIED.)
GEOMETRIC_REPRESENTATION_ITEM()
RATIONAL_B_SPLINE_SURFACE(((1.,1.,1.,1.,1.,1.,1.,1.,1.,1.,1.,1.,1.,1.,1.,
1.,1.,1.,1.,1.,1.,1.,1.,1.,1.,1.,1.,1.,1.,1.,1.,1.,1.,1.,1.,1.,1.,1.,1.,
1.,1.,1.,1.,1.,1.,1.,1.,1.,1.,1.,1.,1.,1.,1.,1.,1.),(0.986993017335765,
0.988234305132909,0.989135331836096,0.990417197837199,0.990801812886057,
0.991243824983409,0.991306284736636,0.991257266418029,0.991216851942984,
0.991089588461282,0.991005490696616,0.990679715769641,0.990363717541677,
0.989382144417361,0.988690026245578,0.986703008993643,0.985389011707108,
0.981824864914561,0.979586990890594,0.970989097495157,0.962800328180402,
0.937794920678383,0.920912772434923,0.87404069374884,0.843649448236281,
0.791332637659149,0.773028209212417,0.736864537776856,0.719152076637896,
0.686870078130956,0.672403097710984,0.648189568905399,0.638383169668132,
0.623844341402362,0.619093131365943,0.614989362922226,0.615628035136233,
0.622628758472478,0.629053274300772,0.647945954605173,0.660355742832642,
0.691867440630032,0.710602068071198,0.750657113692703,0.771815670936882,
0.831004922951318,0.86506886976922,0.915563405350184,0.933161463429707,
0.959329537278584,0.968071314277386,0.977493850660319,0.980006792431704,
0.984156359373324,0.985751729538622,0.986993017335765),(1.,1.,1.,1.,1.,
1.,1.,1.,1.,1.,1.,1.,1.,1.,1.,1.,1.,1.,1.,1.,1.,1.,1.,1.,1.,1.,1.,1.,1.,
1.,1.,1.,1.,1.,1.,1.,1.,1.,1.,1.,1.,1.,1.,1.,1.,1.,1.,1.,1.,1.,1.,1.,1.,
1.,1.,1.)))
REPRESENTATION_ITEM('')
SURFACE()
);
#36=(
BOUNDED_SURFACE()
B_SPLINE_SURFACE(2,3,((#6331,#6332,#6333,#6334,#6335,#6336,#6337,#6338,
#6339,#6340,#6341,#6342,#6343,#6344,#6345,#6346,#6347,#6348,#6349,#6350,
#6351,#6352,#6353,#6354,#6355,#6356,#6357,#6358,#6359,#6360,#6361,#6362,
#6363,#6364,#6365,#6366,#6367,#6368,#6369,#6370,#6371,#6372,#6373,#6374,
#6375,#6376,#6377,#6378,#6379,#6380,#6381,#6382,#6383,#6384,#6385,#6386),
(#6387,#6388,#6389,#6390,#6391,#6392,#6393,#6394,#6395,#6396,#6397,#6398,
#6399,#6400,#6401,#6402,#6403,#6404,#6405,#6406,#6407,#6408,#6409,#6410,
#6411,#6412,#6413,#6414,#6415,#6416,#6417,#6418,#6419,#6420,#6421,#6422,
#6423,#6424,#6425,#6426,#6427,#6428,#6429,#6430,#6431,#6432,#6433,#6434,
#6435,#6436,#6437,#6438,#6439,#6440,#6441,#6442),(#6443,#6444,#6445,#6446,
#6447,#6448,#6449,#6450,#6451,#6452,#6453,#6454,#6455,#6456,#6457,#6458,
#6459,#6460,#6461,#6462,#6463,#6464,#6465,#6466,#6467,#6468,#6469,#6470,
#6471,#6472,#6473,#6474,#6475,#6476,#6477,#6478,#6479,#6480,#6481,#6482,
#6483,#6484,#6485,#6486,#6487,#6488,#6489,#6490,#6491,#6492,#6493,#6494,
#6495,#6496,#6497,#6498)),.UNSPECIFIED.,.F.,.T.,.F.)
B_SPLINE_SURFACE_WITH_KNOTS((3,3),(4,2,2,2,2,2,2,2,2,2,2,2,2,2,2,2,2,2,
2,2,2,2,2,2,2,2,2,4),(0.,1.),(0.999964872186849,1.03121487218685,1.06246487218685,
1.09371487218685,1.10933987218685,1.12496487218685,1.15621487218685,1.18746487218685,
1.21871487218685,1.24996487218685,1.31246487218685,1.37496487218685,1.43746487218685,
1.46871487218685,1.49996487218685,1.53121487218685,1.56246487218685,1.59371487218685,
1.62496487218685,1.65621487218685,1.68746487218685,1.71871487218685,1.74996487218685,
1.81246487218685,1.87496487218685,1.93746487218685,1.96871487218685,1.99996487218685),
 .UNSPECIFIED.)
GEOMETRIC_REPRESENTATION_ITEM()
RATIONAL_B_SPLINE_SURFACE(((1.,1.,1.,1.,1.,1.,1.,1.,1.,1.,1.,1.,1.,1.,1.,
1.,1.,1.,1.,1.,1.,1.,1.,1.,1.,1.,1.,1.,1.,1.,1.,1.,1.,1.,1.,1.,1.,1.,1.,
1.,1.,1.,1.,1.,1.,1.,1.,1.,1.,1.,1.,1.,1.,1.,1.,1.),(0.986993017335765,
0.988234305132909,0.989135331836096,0.990417197837199,0.990801812886057,
0.991243824983409,0.991306284736636,0.991257266418029,0.991216851942984,
0.991089588461282,0.991005490696616,0.990679715769641,0.990363717541677,
0.989382144417361,0.988690026245578,0.986703008993643,0.985389011707108,
0.981824864914561,0.979586990890594,0.970989097495157,0.962800328180402,
0.937794920678383,0.920912772434923,0.87404069374884,0.843649448236281,
0.791332637659149,0.773028209212417,0.736864537776856,0.719152076637896,
0.686870078130956,0.672403097710984,0.648189568905399,0.638383169668132,
0.623844341402362,0.619093131365943,0.614989362922226,0.615628035136233,
0.622628758472478,0.629053274300772,0.647945954605173,0.660355742832642,
0.691867440630032,0.710602068071198,0.750657113692703,0.771815670936882,
0.831004922951318,0.86506886976922,0.915563405350184,0.933161463429707,
0.959329537278584,0.968071314277386,0.977493850660319,0.980006792431704,
0.984156359373324,0.985751729538622,0.986993017335765),(1.,1.,1.,1.,1.,
1.,1.,1.,1.,1.,1.,1.,1.,1.,1.,1.,1.,1.,1.,1.,1.,1.,1.,1.,1.,1.,1.,1.,1.,
1.,1.,1.,1.,1.,1.,1.,1.,1.,1.,1.,1.,1.,1.,1.,1.,1.,1.,1.,1.,1.,1.,1.,1.,
1.,1.,1.)))
REPRESENTATION_ITEM('')
SURFACE()
);
#37=ORIENTED_EDGE('',*,*,#223,.F.);
#38=ORIENTED_EDGE('',*,*,#224,.T.);
#39=ORIENTED_EDGE('',*,*,#225,.T.);
#40=ORIENTED_EDGE('',*,*,#226,.F.);
#41=ORIENTED_EDGE('',*,*,#227,.T.);
#42=ORIENTED_EDGE('',*,*,#228,.T.);
#43=ORIENTED_EDGE('',*,*,#229,.T.);
#44=ORIENTED_EDGE('',*,*,#230,.T.);
#45=ORIENTED_EDGE('',*,*,#231,.T.);
#46=ORIENTED_EDGE('',*,*,#232,.F.);
#47=ORIENTED_EDGE('',*,*,#233,.F.);
#48=ORIENTED_EDGE('',*,*,#234,.T.);
#49=ORIENTED_EDGE('',*,*,#235,.T.);
#50=ORIENTED_EDGE('',*,*,#236,.F.);
#51=ORIENTED_EDGE('',*,*,#237,.F.);
#52=ORIENTED_EDGE('',*,*,#238,.F.);
#53=ORIENTED_EDGE('',*,*,#231,.F.);
#54=ORIENTED_EDGE('',*,*,#239,.T.);
#55=ORIENTED_EDGE('',*,*,#240,.T.);
#56=ORIENTED_EDGE('',*,*,#241,.T.);
#57=ORIENTED_EDGE('',*,*,#242,.F.);
#58=ORIENTED_EDGE('',*,*,#243,.F.);
#59=ORIENTED_EDGE('',*,*,#244,.T.);
#60=ORIENTED_EDGE('',*,*,#245,.T.);
#61=ORIENTED_EDGE('',*,*,#246,.F.);
#62=ORIENTED_EDGE('',*,*,#247,.F.);
#63=ORIENTED_EDGE('',*,*,#248,.T.);
#64=ORIENTED_EDGE('',*,*,#243,.T.);
#65=ORIENTED_EDGE('',*,*,#249,.F.);
#66=ORIENTED_EDGE('',*,*,#250,.F.);
#67=ORIENTED_EDGE('',*,*,#251,.F.);
#68=ORIENTED_EDGE('',*,*,#252,.F.);
#69=ORIENTED_EDGE('',*,*,#253,.F.);
#70=ORIENTED_EDGE('',*,*,#254,.T.);
#71=ORIENTED_EDGE('',*,*,#255,.T.);
#72=ORIENTED_EDGE('',*,*,#256,.F.);
#73=ORIENTED_EDGE('',*,*,#255,.F.);
#74=ORIENTED_EDGE('',*,*,#257,.T.);
#75=ORIENTED_EDGE('',*,*,#258,.T.);
#76=ORIENTED_EDGE('',*,*,#259,.F.);
#77=ORIENTED_EDGE('',*,*,#258,.F.);
#78=ORIENTED_EDGE('',*,*,#260,.T.);
#79=ORIENTED_EDGE('',*,*,#261,.T.);
#80=ORIENTED_EDGE('',*,*,#230,.F.);
#81=ORIENTED_EDGE('',*,*,#262,.F.);
#82=ORIENTED_EDGE('',*,*,#263,.T.);
#83=ORIENTED_EDGE('',*,*,#264,.T.);
#84=ORIENTED_EDGE('',*,*,#265,.F.);
#85=ORIENTED_EDGE('',*,*,#264,.F.);
#86=ORIENTED_EDGE('',*,*,#244,.F.);
#87=ORIENTED_EDGE('',*,*,#266,.T.);
#88=ORIENTED_EDGE('',*,*,#233,.T.);
#89=ORIENTED_EDGE('',*,*,#266,.F.);
#90=ORIENTED_EDGE('',*,*,#250,.T.);
#91=ORIENTED_EDGE('',*,*,#226,.T.);
#92=ORIENTED_EDGE('',*,*,#239,.F.);
#93=ORIENTED_EDGE('',*,*,#267,.F.);
#94=ORIENTED_EDGE('',*,*,#268,.F.);
#95=ORIENTED_EDGE('',*,*,#269,.T.);
#96=ORIENTED_EDGE('',*,*,#270,.T.);
#97=ORIENTED_EDGE('',*,*,#269,.F.);
#98=ORIENTED_EDGE('',*,*,#271,.F.);
#99=ORIENTED_EDGE('',*,*,#272,.T.);
#100=ORIENTED_EDGE('',*,*,#273,.T.);
#101=ORIENTED_EDGE('',*,*,#272,.F.);
#102=ORIENTED_EDGE('',*,*,#274,.T.);
#103=ORIENTED_EDGE('',*,*,#275,.F.);
#104=ORIENTED_EDGE('',*,*,#274,.F.);
#105=ORIENTED_EDGE('',*,*,#276,.F.);
#106=ORIENTED_EDGE('',*,*,#277,.T.);
#107=ORIENTED_EDGE('',*,*,#237,.T.);
#108=ORIENTED_EDGE('',*,*,#277,.F.);
#109=ORIENTED_EDGE('',*,*,#278,.T.);
#110=ORIENTED_EDGE('',*,*,#279,.F.);
#111=ORIENTED_EDGE('',*,*,#280,.T.);
#112=ORIENTED_EDGE('',*,*,#253,.T.);
#113=ORIENTED_EDGE('',*,*,#281,.F.);
#114=ORIENTED_EDGE('',*,*,#261,.F.);
#115=ORIENTED_EDGE('',*,*,#282,.F.);
#116=ORIENTED_EDGE('',*,*,#267,.T.);
#117=ORIENTED_EDGE('',*,*,#283,.T.);
#118=ORIENTED_EDGE('',*,*,#278,.F.);
#119=ORIENTED_EDGE('',*,*,#284,.T.);
#120=ORIENTED_EDGE('',*,*,#285,.T.);
#121=ORIENTED_EDGE('',*,*,#238,.T.);
#122=ORIENTED_EDGE('',*,*,#279,.T.);
#123=ORIENTED_EDGE('',*,*,#283,.F.);
#124=ORIENTED_EDGE('',*,*,#286,.F.);
#125=ORIENTED_EDGE('',*,*,#287,.T.);
#126=ORIENTED_EDGE('',*,*,#228,.F.);
#127=ORIENTED_EDGE('',*,*,#281,.T.);
#128=ORIENTED_EDGE('',*,*,#287,.F.);
#129=ORIENTED_EDGE('',*,*,#288,.F.);
#130=ORIENTED_EDGE('',*,*,#259,.T.);
#131=ORIENTED_EDGE('',*,*,#229,.F.);
#132=ORIENTED_EDGE('',*,*,#288,.T.);
#133=ORIENTED_EDGE('',*,*,#286,.T.);
#134=ORIENTED_EDGE('',*,*,#256,.T.);
#135=ORIENTED_EDGE('',*,*,#289,.F.);
#136=ORIENTED_EDGE('',*,*,#290,.F.);
#137=ORIENTED_EDGE('',*,*,#291,.F.);
#138=ORIENTED_EDGE('',*,*,#292,.F.);
#139=ORIENTED_EDGE('',*,*,#265,.T.);
#140=ORIENTED_EDGE('',*,*,#232,.T.);
#141=ORIENTED_EDGE('',*,*,#293,.F.);
#142=ORIENTED_EDGE('',*,*,#294,.F.);
#143=ORIENTED_EDGE('',*,*,#293,.T.);
#144=ORIENTED_EDGE('',*,*,#240,.F.);
#145=ORIENTED_EDGE('',*,*,#225,.F.);
#146=ORIENTED_EDGE('',*,*,#295,.T.);
#147=ORIENTED_EDGE('',*,*,#296,.T.);
#148=ORIENTED_EDGE('',*,*,#297,.T.);
#149=ORIENTED_EDGE('',*,*,#284,.F.);
#150=ORIENTED_EDGE('',*,*,#270,.F.);
#151=ORIENTED_EDGE('',*,*,#298,.F.);
#152=ORIENTED_EDGE('',*,*,#285,.F.);
#153=ORIENTED_EDGE('',*,*,#298,.T.);
#154=ORIENTED_EDGE('',*,*,#273,.F.);
#155=ORIENTED_EDGE('',*,*,#275,.T.);
#156=ORIENTED_EDGE('',*,*,#236,.T.);
#157=ORIENTED_EDGE('',*,*,#299,.F.);
#158=ORIENTED_EDGE('',*,*,#254,.F.);
#159=ORIENTED_EDGE('',*,*,#242,.T.);
#160=ORIENTED_EDGE('',*,*,#299,.T.);
#161=ORIENTED_EDGE('',*,*,#280,.F.);
#162=ORIENTED_EDGE('',*,*,#260,.F.);
#163=ORIENTED_EDGE('',*,*,#257,.F.);
#164=ORIENTED_EDGE('',*,*,#300,.T.);
#165=ORIENTED_EDGE('',*,*,#301,.T.);
#166=ORIENTED_EDGE('',*,*,#302,.T.);
#167=ORIENTED_EDGE('',*,*,#245,.F.);
#168=ORIENTED_EDGE('',*,*,#263,.F.);
#169=ORIENTED_EDGE('',*,*,#303,.T.);
#170=ORIENTED_EDGE('',*,*,#304,.T.);
#171=ORIENTED_EDGE('',*,*,#302,.F.);
#172=ORIENTED_EDGE('',*,*,#305,.T.);
#173=ORIENTED_EDGE('',*,*,#306,.F.);
#174=ORIENTED_EDGE('',*,*,#307,.F.);
#175=ORIENTED_EDGE('',*,*,#308,.F.);
#176=ORIENTED_EDGE('',*,*,#223,.T.);
#177=ORIENTED_EDGE('',*,*,#249,.T.);
#178=ORIENTED_EDGE('',*,*,#309,.T.);
#179=ORIENTED_EDGE('',*,*,#268,.T.);
#180=ORIENTED_EDGE('',*,*,#248,.F.);
#181=ORIENTED_EDGE('',*,*,#309,.F.);
#182=ORIENTED_EDGE('',*,*,#282,.T.);
#183=ORIENTED_EDGE('',*,*,#276,.T.);
#184=ORIENTED_EDGE('',*,*,#271,.T.);
#185=ORIENTED_EDGE('',*,*,#235,.F.);
#186=ORIENTED_EDGE('',*,*,#251,.T.);
#187=ORIENTED_EDGE('',*,*,#241,.F.);
#188=ORIENTED_EDGE('',*,*,#252,.T.);
#189=ORIENTED_EDGE('',*,*,#227,.F.);
#190=ORIENTED_EDGE('',*,*,#246,.T.);
#191=ORIENTED_EDGE('',*,*,#234,.F.);
#192=ORIENTED_EDGE('',*,*,#247,.T.);
#193=ORIENTED_EDGE('',*,*,#290,.T.);
#194=ORIENTED_EDGE('',*,*,#310,.F.);
#195=ORIENTED_EDGE('',*,*,#300,.F.);
#196=ORIENTED_EDGE('',*,*,#311,.T.);
#197=ORIENTED_EDGE('',*,*,#291,.T.);
#198=ORIENTED_EDGE('',*,*,#311,.F.);
#199=ORIENTED_EDGE('',*,*,#304,.F.);
#200=ORIENTED_EDGE('',*,*,#312,.T.);
#201=ORIENTED_EDGE('',*,*,#289,.T.);
#202=ORIENTED_EDGE('',*,*,#294,.T.);
#203=ORIENTED_EDGE('',*,*,#313,.F.);
#204=ORIENTED_EDGE('',*,*,#305,.F.);
#205=ORIENTED_EDGE('',*,*,#301,.F.);
#206=ORIENTED_EDGE('',*,*,#310,.T.);
#207=ORIENTED_EDGE('',*,*,#314,.F.);
#208=ORIENTED_EDGE('',*,*,#306,.T.);
#209=ORIENTED_EDGE('',*,*,#313,.T.);
#210=ORIENTED_EDGE('',*,*,#297,.F.);
#211=ORIENTED_EDGE('',*,*,#315,.F.);
#212=ORIENTED_EDGE('',*,*,#307,.T.);
#213=ORIENTED_EDGE('',*,*,#314,.T.);
#214=ORIENTED_EDGE('',*,*,#296,.F.);
#215=ORIENTED_EDGE('',*,*,#224,.F.);
#216=ORIENTED_EDGE('',*,*,#308,.T.);
#217=ORIENTED_EDGE('',*,*,#315,.T.);
#218=ORIENTED_EDGE('',*,*,#295,.F.);
#219=ORIENTED_EDGE('',*,*,#292,.T.);
#220=ORIENTED_EDGE('',*,*,#312,.F.);
#221=ORIENTED_EDGE('',*,*,#303,.F.);
#222=ORIENTED_EDGE('',*,*,#262,.T.);
#223=EDGE_CURVE('',#316,#317,#374,.T.);
#224=EDGE_CURVE('',#316,#318,#375,.T.);
#225=EDGE_CURVE('',#318,#319,#376,.T.);
#226=EDGE_CURVE('',#317,#319,#377,.F.);
#227=EDGE_CURVE('',#320,#320,#378,.T.);
#228=EDGE_CURVE('',#321,#322,#379,.T.);
#229=EDGE_CURVE('',#322,#323,#380,.T.);
#230=EDGE_CURVE('',#323,#321,#381,.F.);
#231=EDGE_CURVE('',#324,#325,#382,.T.);
#232=EDGE_CURVE('',#326,#325,#383,.F.);
#233=EDGE_CURVE('',#324,#326,#384,.T.);
#234=EDGE_CURVE('',#327,#327,#385,.T.);
#235=EDGE_CURVE('',#328,#328,#386,.T.);
#236=EDGE_CURVE('',#329,#330,#387,.T.);
#237=EDGE_CURVE('',#331,#329,#388,.T.);
#238=EDGE_CURVE('',#330,#331,#389,.T.);
#239=EDGE_CURVE('',#324,#319,#390,.F.);
#240=EDGE_CURVE('',#319,#325,#391,.F.);
#241=EDGE_CURVE('',#332,#332,#392,.T.);
#242=EDGE_CURVE('',#333,#333,#393,.T.);
#243=EDGE_CURVE('',#334,#335,#394,.F.);
#244=EDGE_CURVE('',#334,#336,#395,.F.);
#245=EDGE_CURVE('',#336,#335,#396,.T.);
#246=EDGE_CURVE('',#337,#337,#397,.T.);
#247=EDGE_CURVE('',#338,#338,#398,.T.);
#248=EDGE_CURVE('',#339,#339,#399,.T.);
#249=EDGE_CURVE('',#317,#335,#400,.F.);
#250=EDGE_CURVE('',#334,#317,#401,.F.);
#251=EDGE_CURVE('',#340,#340,#402,.T.);
#252=EDGE_CURVE('',#341,#341,#403,.T.);
#253=EDGE_CURVE('',#342,#343,#404,.T.);
#254=EDGE_CURVE('',#342,#344,#405,.T.);
#255=EDGE_CURVE('',#344,#345,#406,.F.);
#256=EDGE_CURVE('',#343,#345,#407,.F.);
#257=EDGE_CURVE('',#344,#346,#408,.T.);
#258=EDGE_CURVE('',#346,#323,#409,.F.);
#259=EDGE_CURVE('',#345,#323,#410,.F.);
#260=EDGE_CURVE('',#346,#347,#411,.T.);
#261=EDGE_CURVE('',#347,#321,#412,.F.);
#262=EDGE_CURVE('',#348,#349,#413,.T.);
#263=EDGE_CURVE('',#348,#336,#414,.F.);
#264=EDGE_CURVE('',#336,#326,#415,.T.);
#265=EDGE_CURVE('',#349,#326,#416,.F.);
#266=EDGE_CURVE('',#334,#324,#417,.T.);
#267=EDGE_CURVE('',#350,#351,#418,.T.);
#268=EDGE_CURVE('',#352,#350,#419,.T.);
#269=EDGE_CURVE('',#352,#353,#420,.F.);
#270=EDGE_CURVE('',#353,#351,#421,.T.);
#271=EDGE_CURVE('',#354,#352,#422,.T.);
#272=EDGE_CURVE('',#354,#355,#423,.T.);
#273=EDGE_CURVE('',#355,#353,#424,.T.);
#274=EDGE_CURVE('',#354,#329,#425,.T.);
#275=EDGE_CURVE('',#355,#329,#426,.F.);
#276=EDGE_CURVE('',#356,#354,#427,.T.);
#277=EDGE_CURVE('',#356,#331,#428,.T.);
#278=EDGE_CURVE('',#356,#357,#429,.F.);
#279=EDGE_CURVE('',#331,#357,#430,.F.);
#280=EDGE_CURVE('',#347,#342,#431,.T.);
#281=EDGE_CURVE('',#321,#343,#432,.F.);
#282=EDGE_CURVE('',#350,#356,#433,.T.);
#283=EDGE_CURVE('',#351,#357,#434,.T.);
#284=EDGE_CURVE('',#351,#358,#435,.F.);
#285=EDGE_CURVE('',#358,#330,#436,.T.);
#286=EDGE_CURVE('',#359,#343,#437,.F.);
#287=EDGE_CURVE('',#359,#322,#438,.T.);
#288=EDGE_CURVE('',#345,#359,#439,.F.);
#289=EDGE_CURVE('',#360,#361,#440,.T.);
#290=EDGE_CURVE('',#362,#360,#441,.T.);
#291=EDGE_CURVE('',#363,#362,#442,.T.);
#292=EDGE_CURVE('',#349,#363,#443,.T.);
#293=EDGE_CURVE('',#361,#325,#444,.T.);
#294=EDGE_CURVE('',#361,#364,#445,.T.);
#295=EDGE_CURVE('',#318,#365,#446,.T.);
#296=EDGE_CURVE('',#365,#366,#447,.T.);
#297=EDGE_CURVE('',#366,#364,#448,.T.);
#298=EDGE_CURVE('',#358,#353,#449,.T.);
#299=EDGE_CURVE('',#344,#342,#450,.T.);
#300=EDGE_CURVE('',#367,#368,#451,.T.);
#301=EDGE_CURVE('',#368,#369,#452,.T.);
#302=EDGE_CURVE('',#369,#335,#453,.F.);
#303=EDGE_CURVE('',#348,#370,#454,.T.);
#304=EDGE_CURVE('',#370,#367,#455,.T.);
#305=EDGE_CURVE('',#369,#371,#456,.T.);
#306=EDGE_CURVE('',#372,#371,#457,.T.);
#307=EDGE_CURVE('',#373,#372,#458,.T.);
#308=EDGE_CURVE('',#316,#373,#459,.T.);
#309=EDGE_CURVE('',#350,#352,#460,.T.);
#310=EDGE_CURVE('',#368,#360,#12,.T.);
#311=EDGE_CURVE('',#367,#362,#13,.T.);
#312=EDGE_CURVE('',#370,#363,#14,.T.);
#313=EDGE_CURVE('',#371,#364,#15,.T.);
#314=EDGE_CURVE('',#372,#366,#16,.T.);
#315=EDGE_CURVE('',#373,#365,#17,.T.);
#316=VERTEX_POINT('',#756);
#317=VERTEX_POINT('',#757);
#318=VERTEX_POINT('',#762);
#319=VERTEX_POINT('',#771);
#320=VERTEX_POINT('',#930);
#321=VERTEX_POINT('',#975);
#322=VERTEX_POINT('',#976);
#323=VERTEX_POINT('',#995);
#324=VERTEX_POINT('',#1011);
#325=VERTEX_POINT('',#1012);
#326=VERTEX_POINT('',#1024);
#327=VERTEX_POINT('',#1047);
#328=VERTEX_POINT('',#1202);
#329=VERTEX_POINT('',#1250);
#330=VERTEX_POINT('',#1251);
#331=VERTEX_POINT('',#1259);
#332=VERTEX_POINT('',#1312);
#333=VERTEX_POINT('',#1809);
#334=VERTEX_POINT('',#1814);
#335=VERTEX_POINT('',#1815);
#336=VERTEX_POINT('',#1821);
#337=VERTEX_POINT('',#1838);
#338=VERTEX_POINT('',#1850);
#339=VERTEX_POINT('',#2347);
#340=VERTEX_POINT('',#2369);
#341=VERTEX_POINT('',#2381);
#342=VERTEX_POINT('',#2578);
#343=VERTEX_POINT('',#2579);
#344=VERTEX_POINT('',#2590);
#345=VERTEX_POINT('',#2595);
#346=VERTEX_POINT('',#2652);
#347=VERTEX_POINT('',#2770);
#348=VERTEX_POINT('',#2819);
#349=VERTEX_POINT('',#2820);
#350=VERTEX_POINT('',#3134);
#351=VERTEX_POINT('',#3135);
#352=VERTEX_POINT('',#3146);
#353=VERTEX_POINT('',#3151);
#354=VERTEX_POINT('',#3292);
#355=VERTEX_POINT('',#3297);
#356=VERTEX_POINT('',#3478);
#357=VERTEX_POINT('',#3495);
#358=VERTEX_POINT('',#3763);
#359=VERTEX_POINT('',#3984);
#360=VERTEX_POINT('',#4305);
#361=VERTEX_POINT('',#4306);
#362=VERTEX_POINT('',#4312);
#363=VERTEX_POINT('',#4320);
#364=VERTEX_POINT('',#4479);
#365=VERTEX_POINT('',#4484);
#366=VERTEX_POINT('',#4492);
#367=VERTEX_POINT('',#5636);
#368=VERTEX_POINT('',#5637);
#369=VERTEX_POINT('',#5642);
#370=VERTEX_POINT('',#5651);
#371=VERTEX_POINT('',#6092);
#372=VERTEX_POINT('',#6098);
#373=VERTEX_POINT('',#6106);
#374=B_SPLINE_CURVE_WITH_KNOTS('',4,(#751,#752,#753,#754,#755),
 .UNSPECIFIED.,.F.,.F.,(5,5),(0.,1.),.PIECEWISE_BEZIER_KNOTS.);
#375=B_SPLINE_CURVE_WITH_KNOTS('',3,(#758,#759,#760,#761),.UNSPECIFIED.,
 .F.,.F.,(4,4),(0.,0.00100786950819131),.UNSPECIFIED.);
#376=B_SPLINE_CURVE_WITH_KNOTS('',3,(#763,#764,#765,#766,#767,#768,#769,
#770),.UNSPECIFIED.,.F.,.F.,(4,1,1,1,1,4),(0.,0.25,0.375,0.5,0.75,1.),
 .UNSPECIFIED.);
#377=B_SPLINE_CURVE_WITH_KNOTS('',3,(#772,#773,#774,#775),.UNSPECIFIED.,
 .F.,.F.,(4,4),(0.,1.),.UNSPECIFIED.);
#378=B_SPLINE_CURVE_WITH_KNOTS('',3,(#919,#920,#921,#922,#923,#924,#925,
#926,#927,#928,#929),.UNSPECIFIED.,.T.,.F.,(1,1,1,1,1,1,1,1,1,1,1,1,1,1,
1),(-0.00423650118600196,-0.00282433412400131,-0.00141216706200065,0.,0.00141216706200065,
0.00282433412400131,0.00423650118600196,0.00564866824800261,0.00706083531000327,
0.00847300237200392,0.00988516943400457,0.0112973364960052,0.0127095035580059,
0.0141216706200065,0.0155338376820072),.UNSPECIFIED.);
#379=B_SPLINE_CURVE_WITH_KNOTS('',3,(#931,#932,#933,#934,#935,#936,#937,
#938,#939,#940,#941,#942,#943,#944,#945,#946,#947,#948,#949,#950,#951,#952,
#953,#954,#955,#956,#957,#958,#959,#960,#961,#962,#963,#964,#965,#966,#967,
#968,#969,#970,#971,#972,#973,#974),.UNSPECIFIED.,.F.,.F.,(4,1,1,1,1,1,
1,1,1,1,1,1,1,1,1,1,1,1,1,1,1,1,1,1,1,1,1,1,1,1,1,1,1,1,1,1,1,1,1,1,1,4),
(0.392514869073441,0.402006824244169,0.406752801829533,0.411498779414896,
0.420990734585624,0.430482689756351,0.439974644927079,0.449466600097806,
0.468450510439261,0.487434420780716,0.506418331122171,0.525402241463626,
0.53014821904899,0.534894196634354,0.544386151805081,0.553878106975809,
0.563370062146536,0.572862017317263,0.582353972487991,0.601337882829446,
0.610829838000173,0.620321793170901,0.625067770756265,0.629813748341628,
0.639305703512356,0.658289613853811,0.677273524195266,0.686765479365993,
0.696257434536721,0.715241344878176,0.734225255219631,0.753209165561086,
0.772193075902541,0.791176986243996,0.810160896585451,0.829144806926905,
0.84812871726836,0.88609653795127,0.92406435863418,0.943048268975635,0.96203217931709,
1.),.UNSPECIFIED.);
#380=B_SPLINE_CURVE_WITH_KNOTS('',3,(#977,#978,#979,#980,#981,#982,#983,
#984,#985,#986,#987,#988,#989,#990,#991,#992,#993,#994),.UNSPECIFIED.,.F.,
 .F.,(4,1,1,1,1,1,1,1,1,1,1,1,1,1,1,4),(0.,0.0353324356071218,0.0529986534106827,
0.0618317623124632,0.0706648712142436,0.105997306821365,0.123663524624926,
0.141329742428487,0.176662178035609,0.18549528693739,0.19432839583917,0.211994613642731,
0.220827722544511,0.229660831446292,0.247327049249853,0.282659484856975),
 .UNSPECIFIED.);
#381=B_SPLINE_CURVE_WITH_KNOTS('',3,(#996,#997,#998,#999,#1000,#1001,#1002),
 .UNSPECIFIED.,.F.,.F.,(4,1,1,1,4),(0.,0.25,0.5,0.75,1.),.UNSPECIFIED.);
#382=B_SPLINE_CURVE_WITH_KNOTS('',3,(#1003,#1004,#1005,#1006,#1007,#1008,
#1009,#1010),.UNSPECIFIED.,.F.,.F.,(4,1,1,1,1,4),(0.,0.25,0.5,0.625,0.75,
1.),.UNSPECIFIED.);
#383=B_SPLINE_CURVE_WITH_KNOTS('',3,(#1013,#1014,#1015,#1016,#1017,#1018,
#1019,#1020,#1021,#1022,#1023),.UNSPECIFIED.,.F.,.F.,(4,1,1,1,1,1,1,1,4),
(0.,0.125,0.25,0.375,0.5,0.625,0.75,0.875,1.),.UNSPECIFIED.);
#384=B_SPLINE_CURVE_WITH_KNOTS('',3,(#1025,#1026,#1027,#1028,#1029,#1030,
#1031,#1032,#1033,#1034,#1035),.UNSPECIFIED.,.F.,.F.,(4,1,1,1,1,1,1,1,4),
(0.,0.125,0.25,0.375,0.5,0.625,0.75,0.875,1.),.UNSPECIFIED.);
#385=B_SPLINE_CURVE_WITH_KNOTS('',3,(#1036,#1037,#1038,#1039,#1040,#1041,
#1042,#1043,#1044,#1045,#1046),.UNSPECIFIED.,.T.,.F.,(1,1,1,1,1,1,1,1,1,
1,1,1,1,1,1),(-0.00428480499250057,-0.00285653666166705,-0.00142826833083353,
0.,0.00142826833083352,0.00285653666166705,0.00428480499250057,0.0057130733233341,
0.00714134165416762,0.00856960998500115,0.00999787831583467,0.0114261466466682,
0.0128544149775017,0.0142826833083352,0.0157109516391688),.UNSPECIFIED.);
#386=B_SPLINE_CURVE_WITH_KNOTS('',3,(#1191,#1192,#1193,#1194,#1195,#1196,
#1197,#1198,#1199,#1200,#1201),.UNSPECIFIED.,.T.,.F.,(1,1,1,1,1,1,1,1,1,
1,1,1,1,1,1),(-0.00427759569625632,-0.00285173046417088,-0.00142586523208544,
0.,0.00142586523208544,0.00285173046417088,0.00427759569625632,0.00570346092834176,
0.0071293261604272,0.00855519139251264,0.00998105662459808,0.0114069218566835,
0.012832787088769,0.0142586523208544,0.0156845175529398),.UNSPECIFIED.);
#387=B_SPLINE_CURVE_WITH_KNOTS('',3,(#1203,#1204,#1205,#1206,#1207,#1208,
#1209,#1210,#1211,#1212,#1213,#1214,#1215,#1216,#1217,#1218,#1219,#1220,
#1221,#1222,#1223,#1224,#1225,#1226,#1227,#1228,#1229,#1230,#1231,#1232,
#1233,#1234,#1235,#1236,#1237,#1238,#1239,#1240,#1241,#1242,#1243,#1244,
#1245,#1246,#1247,#1248,#1249),.UNSPECIFIED.,.F.,.F.,(4,1,1,1,1,1,1,1,1,
1,1,1,1,1,1,1,1,1,1,1,1,1,1,1,1,1,1,1,1,1,1,1,1,1,1,1,1,1,1,1,1,1,1,1,4),
(0.395166055131248,0.404616585519822,0.414067115908397,0.423517646296971,
0.432968176685545,0.437693441879832,0.442418707074119,0.451869237462693,
0.470770298239842,0.489671359016991,0.508572419794139,0.518022950182713,
0.527473480571288,0.536924010959862,0.546374541348436,0.55582507173701,
0.560550336931297,0.565275602125584,0.574726132514159,0.584176662902733,
0.603077723679881,0.612528254068456,0.62197878445703,0.624341417054174,
0.626704049651317,0.631429314845604,0.640879845234179,0.659780906011327,
0.678681966788476,0.68813249717705,0.697583027565624,0.735385149119921,
0.744835679508495,0.749560944702782,0.75428620989707,0.773187270674218,
0.792088331451366,0.810989392228515,0.829890453005663,0.848791513782812,
0.886593635337109,0.924395756891406,0.943296817668555,0.962197878445703,
1.),.UNSPECIFIED.);
#388=B_SPLINE_CURVE_WITH_KNOTS('',3,(#1252,#1253,#1254,#1255,#1256,#1257,
#1258),.UNSPECIFIED.,.F.,.F.,(4,1,1,1,4),(0.,0.249999956797044,0.499999913594087,
0.749999870391131,0.999999827188174),.UNSPECIFIED.);
#389=B_SPLINE_CURVE_WITH_KNOTS('',3,(#1260,#1261,#1262,#1263,#1264,#1265,
#1266,#1267,#1268,#1269,#1270,#1271,#1272,#1273,#1274,#1275,#1276,#1277,
#1278),.UNSPECIFIED.,.F.,.F.,(4,1,1,1,1,1,1,1,1,1,1,1,1,1,1,1,4),(0.,0.0319751829622347,
0.0479627744433521,0.0639503659244695,0.0799379574055869,0.0959255488867042,
0.127900731848939,0.143888323330056,0.159875914811174,0.175863506292291,
0.18385730203285,0.191851097773408,0.207838689254526,0.215832484995085,
0.223826280735643,0.239813872216761,0.255801463697878),.UNSPECIFIED.);
#390=B_SPLINE_CURVE_WITH_KNOTS('',3,(#1279,#1280,#1281,#1282,#1283,#1284,
#1285,#1286,#1287,#1288,#1289),.UNSPECIFIED.,.F.,.F.,(4,1,1,1,1,1,1,1,4),
(0.,0.125,0.25,0.375,0.5,0.625,0.75,0.875,1.),.UNSPECIFIED.);
#391=B_SPLINE_CURVE_WITH_KNOTS('',3,(#1290,#1291,#1292,#1293,#1294,#1295,
#1296,#1297,#1298,#1299,#1300),.UNSPECIFIED.,.F.,.F.,(4,1,1,1,1,1,1,1,4),
(0.,0.125,0.25,0.375,0.5,0.625,0.75,0.875,1.),.UNSPECIFIED.);
#392=B_SPLINE_CURVE_WITH_KNOTS('',3,(#1301,#1302,#1303,#1304,#1305,#1306,
#1307,#1308,#1309,#1310,#1311),.UNSPECIFIED.,.T.,.F.,(1,1,1,1,1,1,1,1,1,
1,1,1,1,1,1),(-0.00423644334949011,-0.00282429556632674,-0.00141214778316337,
1.73472347597681E-18,0.00141214778316337,0.00282429556632674,0.00423644334949011,
0.00564859113265348,0.00706073891581685,0.00847288669898022,0.00988503448214359,
0.011297182265307,0.0127093300484703,0.0141214778316337,0.0155336256147971),
 .UNSPECIFIED.);
#393=B_SPLINE_CURVE_WITH_KNOTS('',3,(#1742,#1743,#1744,#1745,#1746,#1747,
#1748,#1749,#1750,#1751,#1752,#1753,#1754,#1755,#1756,#1757,#1758,#1759,
#1760,#1761,#1762,#1763,#1764,#1765,#1766,#1767,#1768,#1769,#1770,#1771,
#1772,#1773,#1774,#1775,#1776,#1777,#1778,#1779,#1780,#1781,#1782,#1783,
#1784,#1785,#1786,#1787,#1788,#1789,#1790,#1791,#1792,#1793,#1794,#1795,
#1796,#1797,#1798,#1799,#1800,#1801,#1802,#1803,#1804,#1805,#1806,#1807,
#1808),.UNSPECIFIED.,.T.,.F.,(1,1,1,1,1,1,1,1,1,1,1,1,1,1,1,1,1,1,1,1,1,
1,1,1,1,1,1,1,1,1,1,1,1,1,1,1,1,1,1,1,1,1,1,1,1,1,1,1,1,1,1,1,1,1,1,1,1,
1,1,1,1,1,1,1,1,1,1,1,1,1,1),(-0.0320744243414628,-0.0160372121707314,-0.00801860608536575,
0.,0.007421875,0.01484375,0.0296875,0.04453125,0.059375,0.090546875,0.12171875,
0.15296484375,0.168587890625,0.1842109375,0.2006169921875,0.217023046875,
0.232687099609375,0.24835115234375,0.278821854980469,0.309292557617187,
0.325659842749023,0.333843485314941,0.342027127880859,0.345942656445007,
0.349858185009155,0.357689242137451,0.365520299265747,0.373351356394043,
0.388978212106873,0.404605067819702,0.420230160605344,0.435855253390985,
0.451480258030267,0.467105262669549,0.482730262901513,0.498355263133477,
0.513980263145076,0.529605263156674,0.545230263157254,0.553042763157544,
0.560855263157834,0.576089638157848,0.591324013157863,0.606558388157877,
0.614175575657884,0.621792763157892,0.625694130345392,0.629595497532892,
0.637398231907892,0.653003700657893,0.668609169407894,0.684214638157895,
0.699838661595395,0.715462685032895,0.731086708470395,0.746710731907895,
0.76233568307977,0.777960634251645,0.809210536595395,0.840460531712582,
0.87171052682977,0.904523026341488,0.920187088829281,0.935851151317074,
0.967925575658537,0.983962787829269,0.991981393914634,1.,1.007421875,1.01484375,
1.0296875),.UNSPECIFIED.);
#394=B_SPLINE_CURVE_WITH_KNOTS('',3,(#1810,#1811,#1812,#1813),
 .UNSPECIFIED.,.F.,.F.,(4,4),(0.,1.),.PIECEWISE_BEZIER_KNOTS.);
#395=B_SPLINE_CURVE_WITH_KNOTS('',4,(#1816,#1817,#1818,#1819,#1820),
 .UNSPECIFIED.,.F.,.F.,(5,5),(0.,1.),.UNSPECIFIED.);
#396=B_SPLINE_CURVE_WITH_KNOTS('',4,(#1822,#1823,#1824,#1825,#1826),
 .UNSPECIFIED.,.F.,.F.,(5,5),(0.,1.),.PIECEWISE_BEZIER_KNOTS.);
#397=B_SPLINE_CURVE_WITH_KNOTS('',3,(#1827,#1828,#1829,#1830,#1831,#1832,
#1833,#1834,#1835,#1836,#1837),.UNSPECIFIED.,.T.,.F.,(1,1,1,1,1,1,1,1,1,
1,1,1,1,1,1),(-0.00423650312909956,-0.00282433541939971,-0.00141216770969986,
0.,0.00141216770969985,0.00282433541939971,0.00423650312909956,0.00564867083879942,
0.00706083854849927,0.00847300625819913,0.00988517396789898,0.0112973416775988,
0.0127095093872987,0.0141216770969985,0.0155338448066984),.UNSPECIFIED.);
#398=B_SPLINE_CURVE_WITH_KNOTS('',3,(#1839,#1840,#1841,#1842,#1843,#1844,
#1845,#1846,#1847,#1848,#1849),.UNSPECIFIED.,.T.,.F.,(1,1,1,1,1,1,1,1,1,
1,1,1,1,1,1),(-0.00428635421864332,-0.00285756947909555,-0.00142878473954777,
0.,0.00142878473954777,0.00285756947909554,0.00428635421864332,0.00571513895819109,
0.00714392369773886,0.00857270843728663,0.0100014931768344,0.0114302779163822,
0.01285906265593,0.0142878473954777,0.0157166321350255),.UNSPECIFIED.);
#399=B_SPLINE_CURVE_WITH_KNOTS('',3,(#2280,#2281,#2282,#2283,#2284,#2285,
#2286,#2287,#2288,#2289,#2290,#2291,#2292,#2293,#2294,#2295,#2296,#2297,
#2298,#2299,#2300,#2301,#2302,#2303,#2304,#2305,#2306,#2307,#2308,#2309,
#2310,#2311,#2312,#2313,#2314,#2315,#2316,#2317,#2318,#2319,#2320,#2321,
#2322,#2323,#2324,#2325,#2326,#2327,#2328,#2329,#2330,#2331,#2332,#2333,
#2334,#2335,#2336,#2337,#2338,#2339,#2340,#2341,#2342,#2343,#2344,#2345,
#2346),.UNSPECIFIED.,.T.,.F.,(1,1,1,1,1,1,1,1,1,1,1,1,1,1,1,1,1,1,1,1,1,
1,1,1,1,1,1,1,1,1,1,1,1,1,1,1,1,1,1,1,1,1,1,1,1,1,1,1,1,1,1,1,1,1,1,1,1,
1,1,1,1,1,1,1,1,1,1,1,1,1,1),(-0.0320744243414628,-0.0160372121707314,-0.00801860608536575,
0.,0.007421875,0.01484375,0.0296875,0.04453125,0.059375,0.090546875,0.12171875,
0.15296484375,0.168587890625,0.1842109375,0.2006169921875,0.217023046875,
0.232687099609375,0.24835115234375,0.278821854980469,0.309292557617187,
0.325659842749023,0.333843485314941,0.342027127880859,0.345942656445007,
0.349858185009155,0.357689242137451,0.365520299265747,0.373351356394043,
0.388978212106873,0.404605067819702,0.420230160605344,0.435855253390985,
0.451480258030267,0.467105262669549,0.482730262901513,0.498355263133477,
0.513980263145076,0.529605263156674,0.545230263157254,0.553042763157544,
0.560855263157834,0.576089638157848,0.591324013157863,0.606558388157877,
0.614175575657884,0.621792763157892,0.625694130345392,0.629595497532892,
0.637398231907892,0.653003700657893,0.668609169407894,0.684214638157895,
0.699838661595395,0.715462685032895,0.731086708470395,0.746710731907895,
0.76233568307977,0.777960634251645,0.809210536595395,0.840460531712582,
0.87171052682977,0.904523026341488,0.920187088829281,0.935851151317074,
0.967925575658537,0.983962787829269,0.991981393914634,1.,1.007421875,1.01484375,
1.0296875),.UNSPECIFIED.);
#400=B_SPLINE_CURVE_WITH_KNOTS('',4,(#2348,#2349,#2350,#2351,#2352),
 .UNSPECIFIED.,.F.,.F.,(5,5),(0.,1.),.PIECEWISE_BEZIER_KNOTS.);
#401=B_SPLINE_CURVE_WITH_KNOTS('',4,(#2353,#2354,#2355,#2356,#2357),
 .UNSPECIFIED.,.F.,.F.,(5,5),(0.,1.),.UNSPECIFIED.);
#402=B_SPLINE_CURVE_WITH_KNOTS('',3,(#2358,#2359,#2360,#2361,#2362,#2363,
#2364,#2365,#2366,#2367,#2368),.UNSPECIFIED.,.T.,.F.,(1,1,1,1,1,1,1,1,1,
1,1,1,1,1,1),(-0.0042788178664127,-0.00285254524427514,-0.00142627262213757,
0.,0.00142627262213757,0.00285254524427514,0.0042788178664127,0.00570509048855027,
0.00713136311068784,0.00855763573282541,0.00998390835496298,0.0114101809771005,
0.0128364535992381,0.0142627262213757,0.0156889988435132),.UNSPECIFIED.);
#403=B_SPLINE_CURVE_WITH_KNOTS('',3,(#2370,#2371,#2372,#2373,#2374,#2375,
#2376,#2377,#2378,#2379,#2380),.UNSPECIFIED.,.T.,.F.,(1,1,1,1,1,1,1,1,1,
1,1,1,1,1,1),(-0.00423644504215387,-0.00282429669476925,-0.00141214834738462,
0.,0.00141214834738462,0.00282429669476925,0.00423644504215387,0.00564859338953849,
0.00706074173692312,0.00847289008430774,0.00988503843169236,0.011297186779077,
0.0127093351264616,0.0141214834738462,0.0155336318212309),.UNSPECIFIED.);
#404=B_SPLINE_CURVE_WITH_KNOTS('',3,(#2574,#2575,#2576,#2577),
 .UNSPECIFIED.,.F.,.F.,(4,4),(4.81176011163941E-5,1.),.UNSPECIFIED.);
#405=B_SPLINE_CURVE_WITH_KNOTS('',3,(#2580,#2581,#2582,#2583,#2584,#2585,
#2586,#2587,#2588,#2589),.UNSPECIFIED.,.F.,.F.,(4,1,1,1,1,1,1,4),(3.81997410611784E-6,
0.00412066909874495,0.00823751822338377,0.0123543673480226,0.0164712164726614,
0.0205880655973003,0.0247049147219391,0.0329386129712167),.UNSPECIFIED.);
#406=B_SPLINE_CURVE_WITH_KNOTS('',3,(#2591,#2592,#2593,#2594),
 .UNSPECIFIED.,.F.,.F.,(4,4),(0.,1.),.UNSPECIFIED.);
#407=B_SPLINE_CURVE_WITH_KNOTS('',3,(#2596,#2597,#2598,#2599,#2600,#2601,
#2602,#2603,#2604,#2605),.UNSPECIFIED.,.F.,.F.,(4,1,1,1,1,1,1,4),(0.,0.25,
0.375,0.5,0.625,0.75,0.875,1.),.UNSPECIFIED.);
#408=B_SPLINE_CURVE_WITH_KNOTS('',3,(#2646,#2647,#2648,#2649,#2650,#2651),
 .UNSPECIFIED.,.F.,.F.,(4,1,1,4),(3.11254046282776E-6,0.00242515276210733,
0.00484719298375184,0.00969127342704085),.UNSPECIFIED.);
#409=B_SPLINE_CURVE_WITH_KNOTS('',3,(#2653,#2654,#2655,#2656),
 .UNSPECIFIED.,.F.,.F.,(4,4),(0.,1.),.UNSPECIFIED.);
#410=B_SPLINE_CURVE_WITH_KNOTS('',3,(#2657,#2658,#2659,#2660,#2661,#2662,
#2663),.UNSPECIFIED.,.F.,.F.,(4,1,1,1,4),(0.,0.25,0.5,0.75,1.),
 .UNSPECIFIED.);
#411=B_SPLINE_CURVE_WITH_KNOTS('',3,(#2766,#2767,#2768,#2769),
 .UNSPECIFIED.,.F.,.F.,(4,4),(0.00969127342704085,0.0194524088507343),
 .UNSPECIFIED.);
#412=B_SPLINE_CURVE_WITH_KNOTS('',3,(#2771,#2772,#2773,#2774),
 .UNSPECIFIED.,.F.,.F.,(4,4),(0.,1.),.UNSPECIFIED.);
#413=B_SPLINE_CURVE_WITH_KNOTS('',3,(#2815,#2816,#2817,#2818),
 .UNSPECIFIED.,.F.,.F.,(4,4),(0.,0.0010078695081913),.UNSPECIFIED.);
#414=B_SPLINE_CURVE_WITH_KNOTS('',4,(#2821,#2822,#2823,#2824,#2825),
 .UNSPECIFIED.,.F.,.F.,(5,5),(0.,1.),.UNSPECIFIED.);
#415=B_SPLINE_CURVE_WITH_KNOTS('',3,(#2826,#2827,#2828,#2829),
 .UNSPECIFIED.,.F.,.F.,(4,4),(0.,1.),.UNSPECIFIED.);
#416=B_SPLINE_CURVE_WITH_KNOTS('',3,(#2830,#2831,#2832,#2833,#2834,#2835,
#2836,#2837),.UNSPECIFIED.,.F.,.F.,(4,1,1,1,1,4),(0.,0.25,0.5,0.625,0.75,
1.),.UNSPECIFIED.);
#417=B_SPLINE_CURVE_WITH_KNOTS('',3,(#2886,#2887,#2888,#2889),
 .UNSPECIFIED.,.F.,.F.,(4,4),(0.,1.),.UNSPECIFIED.);
#418=B_SPLINE_CURVE_WITH_KNOTS('',3,(#3130,#3131,#3132,#3133),
 .UNSPECIFIED.,.F.,.F.,(4,4),(0.,1.),.UNSPECIFIED.);
#419=B_SPLINE_CURVE_WITH_KNOTS('',3,(#3136,#3137,#3138,#3139,#3140,#3141,
#3142,#3143,#3144,#3145),.UNSPECIFIED.,.F.,.F.,(4,1,1,1,1,1,1,4),(3.81993660502584E-6,
0.00412036058800837,0.00823690123941172,0.0123534418908151,0.0164699825422184,
0.0205865231936218,0.0247030638450251,0.0329361451478318),.UNSPECIFIED.);
#420=B_SPLINE_CURVE_WITH_KNOTS('',3,(#3147,#3148,#3149,#3150),
 .UNSPECIFIED.,.F.,.F.,(4,4),(0.,0.999953510963124),.UNSPECIFIED.);
#421=B_SPLINE_CURVE_WITH_KNOTS('',3,(#3152,#3153,#3154,#3155,#3156,#3157,
#3158,#3159,#3160,#3161),.UNSPECIFIED.,.F.,.F.,(4,1,1,1,1,1,1,4),(0.,0.125,
0.25,0.375,0.5,0.625,0.75,1.),.UNSPECIFIED.);
#422=B_SPLINE_CURVE_WITH_KNOTS('',3,(#3285,#3286,#3287,#3288,#3289,#3290,
#3291),.UNSPECIFIED.,.F.,.F.,(4,1,1,1,4),(0.0196884901191579,0.0239344379466809,
0.0281803857742038,0.0324263336017268,0.0366722814292498),.UNSPECIFIED.);
#423=B_SPLINE_CURVE_WITH_KNOTS('',3,(#3293,#3294,#3295,#3296),
 .UNSPECIFIED.,.F.,.F.,(4,4),(0.,1.),.UNSPECIFIED.);
#424=B_SPLINE_CURVE_WITH_KNOTS('',3,(#3298,#3299,#3300,#3301,#3302,#3303,
#3304),.UNSPECIFIED.,.F.,.F.,(4,1,1,1,4),(0.,0.25,0.5,0.75,1.),
 .UNSPECIFIED.);
#425=B_SPLINE_CURVE_WITH_KNOTS('',3,(#3313,#3314,#3315,#3316),
 .UNSPECIFIED.,.F.,.F.,(4,4),(0.,1.),.UNSPECIFIED.);
#426=B_SPLINE_CURVE_WITH_KNOTS('',3,(#3317,#3318,#3319,#3320),
 .UNSPECIFIED.,.F.,.F.,(4,4),(0.,1.),.UNSPECIFIED.);
#427=B_SPLINE_CURVE_WITH_KNOTS('',3,(#3471,#3472,#3473,#3474,#3475,#3476,
#3477),.UNSPECIFIED.,.F.,.F.,(4,1,1,1,4),(0.00662044186190295,0.00988745392621669,
0.0131544659905304,0.0164214780548442,0.0196884901191579),.UNSPECIFIED.);
#428=B_SPLINE_CURVE_WITH_KNOTS('',3,(#3479,#3480,#3481,#3482),
 .UNSPECIFIED.,.F.,.F.,(4,4),(0.,0.999965654462269),.UNSPECIFIED.);
#429=B_SPLINE_CURVE_WITH_KNOTS('',3,(#3491,#3492,#3493,#3494),
 .UNSPECIFIED.,.F.,.F.,(4,4),(0.,1.),.UNSPECIFIED.);
#430=B_SPLINE_CURVE_WITH_KNOTS('',3,(#3496,#3497,#3498,#3499),
 .UNSPECIFIED.,.F.,.F.,(4,4),(0.,1.),.UNSPECIFIED.);
#431=B_SPLINE_CURVE_WITH_KNOTS('',3,(#3626,#3627,#3628,#3629,#3630,#3631,
#3632),.UNSPECIFIED.,.F.,.F.,(4,1,1,1,4),(0.0194524088507343,0.0237573770048463,
0.0280623451589583,0.0323673133130703,0.0366722814671823),.UNSPECIFIED.);
#432=B_SPLINE_CURVE_WITH_KNOTS('',3,(#3633,#3634,#3635,#3636,#3637,#3638,
#3639,#3640,#3641),.UNSPECIFIED.,.F.,.F.,(4,1,1,1,1,1,4),(0.,0.124989657268585,
0.249979314537171,0.499958629074342,0.749937943611513,0.874927600880098,
0.999917258148684),.UNSPECIFIED.);
#433=B_SPLINE_CURVE_WITH_KNOTS('',3,(#3696,#3697,#3698,#3699,#3700),
 .UNSPECIFIED.,.F.,.F.,(4,1,4),(6.24688950542126E-7,0.00331053327542675,
0.00662044186190295),.UNSPECIFIED.);
#434=B_SPLINE_CURVE_WITH_KNOTS('',3,(#3701,#3702,#3703,#3704,#3705),
 .UNSPECIFIED.,.F.,.F.,(4,1,4),(0.,0.5,1.),.UNSPECIFIED.);
#435=B_SPLINE_CURVE_WITH_KNOTS('',3,(#3756,#3757,#3758,#3759,#3760,#3761,
#3762),.UNSPECIFIED.,.F.,.F.,(4,1,1,1,4),(0.708247561050561,0.775773455391539,
0.843299349732517,0.910825244073494,0.978351138414472),.UNSPECIFIED.);
#436=B_SPLINE_CURVE_WITH_KNOTS('',3,(#3764,#3765,#3766,#3767),
 .UNSPECIFIED.,.F.,.F.,(4,4),(0.,1.),.UNSPECIFIED.);
#437=B_SPLINE_CURVE_WITH_KNOTS('',3,(#3971,#3972,#3973,#3974,#3975,#3976,
#3977,#3978,#3979,#3980,#3981,#3982,#3983),.UNSPECIFIED.,.F.,.F.,(4,1,1,
1,1,1,1,1,1,1,4),(0.0375553162441438,0.121391834823745,0.205228353403346,
0.289064871982947,0.372901390562548,0.456737909142149,0.498656168431949,
0.54057442772175,0.582492687011551,0.624410946301351,0.708247464880952),
 .UNSPECIFIED.);
#438=B_SPLINE_CURVE_WITH_KNOTS('',3,(#3985,#3986,#3987,#3988),
 .UNSPECIFIED.,.F.,.F.,(4,4),(0.,1.),.UNSPECIFIED.);
#439=B_SPLINE_CURVE_WITH_KNOTS('',3,(#4059,#4060,#4061,#4062,#4063,#4064,
#4065),.UNSPECIFIED.,.F.,.F.,(4,1,1,1,4),(0.708247561604909,0.775789211406507,
0.843330861208106,0.910872511009704,0.978414160811302),.UNSPECIFIED.);
#440=B_SPLINE_CURVE_WITH_KNOTS('',3,(#4301,#4302,#4303,#4304),
 .UNSPECIFIED.,.F.,.F.,(4,4),(0.,0.0146730510253248),.UNSPECIFIED.);
#441=B_SPLINE_CURVE_WITH_KNOTS('',3,(#4307,#4308,#4309,#4310,#4311),
 .UNSPECIFIED.,.F.,.F.,(4,1,4),(0.,0.0128934398734847,0.0257868797469694),
 .UNSPECIFIED.);
#442=B_SPLINE_CURVE_WITH_KNOTS('',3,(#4313,#4314,#4315,#4316,#4317,#4318,
#4319),.UNSPECIFIED.,.F.,.F.,(4,1,1,1,4),(5.20417042793042E-18,0.00261747213788126,
0.00523494427576252,0.00785241641364377,0.010469888551525),
 .UNSPECIFIED.);
#443=B_SPLINE_CURVE_WITH_KNOTS('',3,(#4321,#4322,#4323,#4324),
 .UNSPECIFIED.,.F.,.F.,(4,4),(0.,0.0240285914763874),.UNSPECIFIED.);
#444=B_SPLINE_CURVE_WITH_KNOTS('',3,(#4325,#4326,#4327,#4328,#4329,#4330,
#4331),.UNSPECIFIED.,.F.,.F.,(4,1,1,1,4),(0.4489623118546,0.58672173389095,
0.7244811559273,0.86224057796365,1.),.UNSPECIFIED.);
#445=B_SPLINE_CURVE_WITH_KNOTS('',3,(#4475,#4476,#4477,#4478),
 .UNSPECIFIED.,.F.,.F.,(4,4),(0.,0.0146730510253248),.UNSPECIFIED.);
#446=B_SPLINE_CURVE_WITH_KNOTS('',3,(#4480,#4481,#4482,#4483),
 .UNSPECIFIED.,.F.,.F.,(4,4),(0.,0.0240285914763874),.UNSPECIFIED.);
#447=B_SPLINE_CURVE_WITH_KNOTS('',3,(#4485,#4486,#4487,#4488,#4489,#4490,
#4491),.UNSPECIFIED.,.F.,.F.,(4,1,1,1,4),(0.,0.00261747213788125,0.0052349442757625,
0.00785241641364375,0.010469888551525),.UNSPECIFIED.);
#448=B_SPLINE_CURVE_WITH_KNOTS('',3,(#4493,#4494,#4495,#4496,#4497),
 .UNSPECIFIED.,.F.,.F.,(4,1,4),(3.80454560207725E-17,0.0128934398734848,
0.0257868797469695),.UNSPECIFIED.);
#449=B_SPLINE_CURVE_WITH_KNOTS('',3,(#4590,#4591,#4592,#4593,#4594,#4595,
#4596,#4597,#4598,#4599,#4600,#4601,#4602,#4603,#4604,#4605,#4606,#4607,
#4608,#4609,#4610,#4611,#4612,#4613,#4614,#4615,#4616,#4617,#4618,#4619,
#4620,#4621,#4622,#4623,#4624,#4625,#4626,#4627,#4628,#4629,#4630,#4631,
#4632,#4633,#4634,#4635,#4636,#4637,#4638,#4639,#4640,#4641,#4642,#4643,
#4644,#4645,#4646,#4647),.UNSPECIFIED.,.F.,.F.,(4,1,1,1,1,1,1,1,1,1,1,1,
1,1,1,1,1,1,1,1,1,1,1,1,1,1,1,1,1,1,1,1,1,1,1,1,1,1,1,1,1,1,1,1,1,1,1,1,
1,1,1,1,1,1,1,4),(0.290706983800775,0.311603269424347,0.332499555047918,
0.35339584067149,0.374292126295061,0.416084697542204,0.436980983165776,
0.457877268789347,0.478773554412919,0.49966984003649,0.520566125660062,
0.541462411283633,0.583254982530776,0.604151268154348,0.614599410966134,
0.625047553777919,0.635495696589705,0.645943839401491,0.656391982213277,
0.666840125025063,0.677288267836848,0.682512339242741,0.687736410648634,
0.692960482054527,0.69818455346042,0.708632696272206,0.729528981895777,
0.739977124707563,0.745201196113456,0.750425267519349,0.753037303222295,
0.755649338925242,0.760873410331135,0.77132155314292,0.781769695954706,
0.792217838766492,0.802665981578278,0.80789005298417,0.810502088687117,
0.81180810653859,0.812461115464327,0.813114124390063,0.81572616009301,0.818338195795956,
0.823562267201849,0.834010410013635,0.844458552825421,0.854906695637206,
0.865354838448992,0.870578909854885,0.875802981260778,0.881027052666671,
0.886251124072564,0.896699266884349,0.917595552507921,0.959388123755064),
 .UNSPECIFIED.);
#450=B_SPLINE_CURVE_WITH_KNOTS('',3,(#4946,#4947,#4948,#4949,#4950,#4951,
#4952,#4953,#4954,#4955,#4956,#4957,#4958,#4959,#4960,#4961,#4962,#4963,
#4964,#4965,#4966,#4967,#4968,#4969,#4970,#4971,#4972,#4973,#4974,#4975,
#4976,#4977,#4978,#4979,#4980,#4981,#4982,#4983,#4984,#4985,#4986,#4987,
#4988,#4989,#4990,#4991,#4992,#4993,#4994,#4995,#4996,#4997,#4998,#4999,
#5000,#5001,#5002,#5003,#5004,#5005,#5006,#5007,#5008,#5009,#5010,#5011,
#5012,#5013,#5014,#5015,#5016,#5017,#5018,#5019,#5020,#5021,#5022,#5023,
#5024,#5025,#5026,#5027,#5028,#5029,#5030,#5031,#5032,#5033),
 .UNSPECIFIED.,.F.,.F.,(4,1,1,1,1,1,1,1,1,1,1,1,1,1,1,1,1,1,1,1,1,1,1,1,
1,1,1,1,1,1,1,1,1,1,1,1,1,1,1,1,1,1,1,1,1,1,1,1,1,1,1,1,1,1,1,1,1,1,1,1,
1,1,1,1,1,1,1,1,1,1,1,1,1,1,1,1,1,1,1,1,1,1,1,1,1,4),(0.0240243917747155,
0.0532545021842789,0.0824846125938423,0.097099667798624,0.111714723003406,
0.119022250605797,0.126329778208187,0.133637305810578,0.140944833412969,
0.155559888617751,0.170174943822533,0.177482471424923,0.181136235226119,
0.184789999027314,0.186616880927912,0.187530321878211,0.18844376282851,
0.192097526629705,0.199405054232096,0.214020109436878,0.228635164641659,
0.23594269224405,0.243250219846441,0.246903983647637,0.248730865548234,
0.250557747448832,0.25238462934943,0.254211511250027,0.257865275051223,
0.265172802653614,0.272480330256005,0.287095385460786,0.301710440665568,
0.31632549587035,0.330940551075131,0.345555606279913,0.374785716689477,
0.433245937508603,0.462476047918167,0.49170615832773,0.520936268737294,
0.550166379146857,0.579396489556421,0.608626599965984,0.623241655170766,
0.637856710375547,0.652471765580329,0.667086820785111,0.674394348387502,
0.681701875989893,0.685355639791088,0.687182521691686,0.689009403592283,
0.696316931194674,0.710931986399456,0.725547041604238,0.740162096809019,
0.74746962441141,0.749296506312008,0.751123388212605,0.754777152013801,
0.762084679616192,0.769392207218583,0.784007262423364,0.791314790025755,
0.798622317628146,0.805929845230537,0.809583609031732,0.81141049093233,
0.812323931882629,0.813237372832928,0.815064254733526,0.816891136634123,
0.820544900435319,0.82785242803771,0.8351599556401,0.842467483242491,0.857082538447273,
0.864390066049664,0.871697593652055,0.87535135745325,0.879005121254446,
0.886312648856836,0.900927704061618,0.930157814471182,0.959387924880745),
 .UNSPECIFIED.);
#451=B_SPLINE_CURVE_WITH_KNOTS('',3,(#5631,#5632,#5633,#5634,#5635),
 .UNSPECIFIED.,.F.,.F.,(4,1,4),(0.,0.0128941431518088,0.0257882863036176),
 .UNSPECIFIED.);
#452=B_SPLINE_CURVE_WITH_KNOTS('',3,(#5638,#5639,#5640,#5641),
 .UNSPECIFIED.,.F.,.F.,(4,4),(1.90819582357449E-17,0.0146730726577833),
 .UNSPECIFIED.);
#453=B_SPLINE_CURVE_WITH_KNOTS('',3,(#5643,#5644,#5645,#5646),
 .UNSPECIFIED.,.F.,.F.,(4,4),(0.,1.),.PIECEWISE_BEZIER_KNOTS.);
#454=B_SPLINE_CURVE_WITH_KNOTS('',3,(#5647,#5648,#5649,#5650),
 .UNSPECIFIED.,.F.,.F.,(4,4),(1.38777878078145E-17,0.0240487781385371),
 .UNSPECIFIED.);
#455=B_SPLINE_CURVE_WITH_KNOTS('',3,(#5652,#5653,#5654,#5655,#5656,#5657,
#5658),.UNSPECIFIED.,.F.,.F.,(4,1,1,1,4),(5.20417042793042E-18,0.00261769099694543,
0.00523538199389086,0.00785307299083629,0.0104707639877817),
 .UNSPECIFIED.);
#456=B_SPLINE_CURVE_WITH_KNOTS('',3,(#6088,#6089,#6090,#6091),
 .UNSPECIFIED.,.F.,.F.,(4,4),(0.,0.0146730726577833),.UNSPECIFIED.);
#457=B_SPLINE_CURVE_WITH_KNOTS('',3,(#6093,#6094,#6095,#6096,#6097),
 .UNSPECIFIED.,.F.,.F.,(4,1,4),(3.80454560207725E-17,0.0128941431518088,
0.0257882863036176),.UNSPECIFIED.);
#458=B_SPLINE_CURVE_WITH_KNOTS('',3,(#6099,#6100,#6101,#6102,#6103,#6104,
#6105),.UNSPECIFIED.,.F.,.F.,(4,1,1,1,4),(0.,0.00261769099694543,0.00523538199389086,
0.00785307299083628,0.0104707639877817),.UNSPECIFIED.);
#459=B_SPLINE_CURVE_WITH_KNOTS('',3,(#6107,#6108,#6109,#6110),
 .UNSPECIFIED.,.F.,.F.,(4,4),(1.38777878078145E-17,0.0240487781385371),
 .UNSPECIFIED.);
#460=B_SPLINE_CURVE_WITH_KNOTS('',3,(#6241,#6242,#6243,#6244,#6245,#6246,
#6247,#6248,#6249,#6250,#6251,#6252,#6253,#6254,#6255,#6256,#6257,#6258,
#6259,#6260,#6261,#6262,#6263,#6264,#6265,#6266,#6267,#6268,#6269,#6270,
#6271,#6272,#6273,#6274,#6275,#6276,#6277,#6278,#6279,#6280,#6281,#6282,
#6283,#6284,#6285,#6286,#6287,#6288,#6289,#6290,#6291,#6292,#6293,#6294,
#6295,#6296,#6297,#6298,#6299,#6300,#6301,#6302,#6303,#6304,#6305,#6306,
#6307,#6308,#6309,#6310,#6311,#6312,#6313,#6314,#6315,#6316,#6317,#6318,
#6319,#6320,#6321,#6322,#6323,#6324,#6325,#6326,#6327,#6328,#6329,#6330),
 .UNSPECIFIED.,.F.,.F.,(4,1,1,1,1,1,1,1,1,1,1,1,1,1,1,1,1,1,1,1,1,1,1,1,
1,1,1,1,1,1,1,1,1,1,1,1,1,1,1,1,1,1,1,1,1,1,1,1,1,1,1,1,1,1,1,1,1,1,1,1,
1,1,1,1,1,1,1,1,1,1,1,1,1,1,1,1,1,1,1,1,1,1,1,1,1,1,1,4),(0.0240798162720984,
0.053308200880941,0.0825365854897837,0.0971507777942051,0.111764970098626,
0.119072066250837,0.122725614326942,0.124552388364995,0.126379162403048,
0.133686258555258,0.140993354707469,0.15560754701189,0.170221739316312,
0.177528835468522,0.181182383544628,0.184835931620733,0.186662705658786,
0.188489479696838,0.192143027772944,0.199450123925154,0.214064316229576,
0.228678508533997,0.235985604686208,0.243292700838418,0.246946248914524,
0.248773022952576,0.249686409971603,0.250599796990629,0.252426571028682,
0.254253345066734,0.25790689314284,0.26521398929505,0.272521085447261,0.287135277751682,
0.301749470056104,0.316363662360525,0.330977854664946,0.345592046969368,
0.37482043157821,0.433277200795896,0.462505585404739,0.491733970013581,
0.520962354622424,0.550190739231266,0.579419123840109,0.608647508448952,
0.623261700753373,0.637875893057795,0.652490085362216,0.667104277666637,
0.674411373818848,0.681718469971059,0.685372018047164,0.687198792085217,
0.689025566123269,0.69633266227548,0.710946854579901,0.725561046884323,
0.740175239188744,0.747482335340955,0.749309109379007,0.75113588341706,
0.754789431493165,0.762096527645376,0.769403623797587,0.784017816102008,
0.791324912254219,0.798632008406429,0.80593910455864,0.809592652634745,
0.811419426672798,0.812332813691824,0.813246200710851,0.815072974748903,
0.816899748786956,0.820553296863061,0.827860393015272,0.835167489167483,
0.842474585319693,0.857088777624115,0.864395873776325,0.871702969928536,
0.875356518004641,0.879010066080747,0.886317162232957,0.900931354537379,
0.930159739146221,0.959388123755064),.UNSPECIFIED.);
#461=EDGE_LOOP('',(#37,#38,#39,#40));
#462=EDGE_LOOP('',(#41));
#463=EDGE_LOOP('',(#42,#43,#44));
#464=EDGE_LOOP('',(#45,#46,#47));
#465=EDGE_LOOP('',(#48));
#466=EDGE_LOOP('',(#49));
#467=EDGE_LOOP('',(#50,#51,#52));
#468=EDGE_LOOP('',(#53,#54,#55));
#469=EDGE_LOOP('',(#56));
#470=EDGE_LOOP('',(#57));
#471=EDGE_LOOP('',(#58,#59,#60));
#472=EDGE_LOOP('',(#61));
#473=EDGE_LOOP('',(#62));
#474=EDGE_LOOP('',(#63));
#475=EDGE_LOOP('',(#64,#65,#66));
#476=EDGE_LOOP('',(#67));
#477=EDGE_LOOP('',(#68));
#478=EDGE_LOOP('',(#69,#70,#71,#72));
#479=EDGE_LOOP('',(#73,#74,#75,#76));
#480=EDGE_LOOP('',(#77,#78,#79,#80));
#481=EDGE_LOOP('',(#81,#82,#83,#84));
#482=EDGE_LOOP('',(#85,#86,#87,#88));
#483=EDGE_LOOP('',(#89,#90,#91,#92));
#484=EDGE_LOOP('',(#93,#94,#95,#96));
#485=EDGE_LOOP('',(#97,#98,#99,#100));
#486=EDGE_LOOP('',(#101,#102,#103));
#487=EDGE_LOOP('',(#104,#105,#106,#107));
#488=EDGE_LOOP('',(#108,#109,#110));
#489=EDGE_LOOP('',(#111,#112,#113,#114));
#490=EDGE_LOOP('',(#115,#116,#117,#118));
#491=EDGE_LOOP('',(#119,#120,#121,#122,#123));
#492=EDGE_LOOP('',(#124,#125,#126,#127));
#493=EDGE_LOOP('',(#128,#129,#130,#131));
#494=EDGE_LOOP('',(#132,#133,#134));
#495=EDGE_LOOP('',(#135,#136,#137,#138,#139,#140,#141));
#496=EDGE_LOOP('',(#142,#143,#144,#145,#146,#147,#148));
#497=EDGE_LOOP('',(#149,#150,#151));
#498=EDGE_LOOP('',(#152,#153,#154,#155,#156));
#499=EDGE_LOOP('',(#157,#158));
#500=EDGE_LOOP('',(#159));
#501=EDGE_LOOP('',(#160,#161,#162,#163));
#502=EDGE_LOOP('',(#164,#165,#166,#167,#168,#169,#170));
#503=EDGE_LOOP('',(#171,#172,#173,#174,#175,#176,#177));
#504=EDGE_LOOP('',(#178,#179));
#505=EDGE_LOOP('',(#180));
#506=EDGE_LOOP('',(#181,#182,#183,#184));
#507=EDGE_LOOP('',(#185));
#508=EDGE_LOOP('',(#186));
#509=EDGE_LOOP('',(#187));
#510=EDGE_LOOP('',(#188));
#511=EDGE_LOOP('',(#189));
#512=EDGE_LOOP('',(#190));
#513=EDGE_LOOP('',(#191));
#514=EDGE_LOOP('',(#192));
#515=EDGE_LOOP('',(#193,#194,#195,#196));
#516=EDGE_LOOP('',(#197,#198,#199,#200));
#517=EDGE_LOOP('',(#201,#202,#203,#204,#205,#206));
#518=EDGE_LOOP('',(#207,#208,#209,#210));
#519=EDGE_LOOP('',(#211,#212,#213,#214));
#520=EDGE_LOOP('',(#215,#216,#217,#218));
#521=EDGE_LOOP('',(#219,#220,#221,#222));
#522=FACE_BOUND('',#461,.T.);
#523=FACE_BOUND('',#462,.T.);
#524=FACE_BOUND('',#463,.T.);
#525=FACE_BOUND('',#464,.T.);
#526=FACE_BOUND('',#465,.T.);
#527=FACE_BOUND('',#466,.T.);
#528=FACE_BOUND('',#467,.T.);
#529=FACE_BOUND('',#468,.T.);
#530=FACE_BOUND('',#469,.T.);
#531=FACE_BOUND('',#470,.T.);
#532=FACE_BOUND('',#471,.T.);
#533=FACE_BOUND('',#472,.T.);
#534=FACE_BOUND('',#473,.T.);
#535=FACE_BOUND('',#474,.T.);
#536=FACE_BOUND('',#475,.T.);
#537=FACE_BOUND('',#476,.T.);
#538=FACE_BOUND('',#477,.T.);
#539=FACE_BOUND('',#478,.T.);
#540=FACE_BOUND('',#479,.T.);
#541=FACE_BOUND('',#480,.T.);
#542=FACE_BOUND('',#481,.T.);
#543=FACE_BOUND('',#482,.T.);
#544=FACE_BOUND('',#483,.T.);
#545=FACE_BOUND('',#484,.T.);
#546=FACE_BOUND('',#485,.T.);
#547=FACE_BOUND('',#486,.T.);
#548=FACE_BOUND('',#487,.T.);
#549=FACE_BOUND('',#488,.T.);
#550=FACE_BOUND('',#489,.T.);
#551=FACE_BOUND('',#490,.T.);
#552=FACE_BOUND('',#491,.T.);
#553=FACE_BOUND('',#492,.T.);
#554=FACE_BOUND('',#493,.T.);
#555=FACE_BOUND('',#494,.T.);
#556=FACE_BOUND('',#495,.T.);
#557=FACE_BOUND('',#496,.T.);
#558=FACE_BOUND('',#497,.T.);
#559=FACE_BOUND('',#498,.T.);
#560=FACE_BOUND('',#499,.T.);
#561=FACE_BOUND('',#500,.T.);
#562=FACE_BOUND('',#501,.T.);
#563=FACE_BOUND('',#502,.T.);
#564=FACE_BOUND('',#503,.T.);
#565=FACE_BOUND('',#504,.T.);
#566=FACE_BOUND('',#505,.T.);
#567=FACE_BOUND('',#506,.T.);
#568=FACE_BOUND('',#507,.T.);
#569=FACE_BOUND('',#508,.T.);
#570=FACE_BOUND('',#509,.T.);
#571=FACE_BOUND('',#510,.T.);
#572=FACE_BOUND('',#511,.T.);
#573=FACE_BOUND('',#512,.T.);
#574=FACE_BOUND('',#513,.T.);
#575=FACE_BOUND('',#514,.T.);
#576=FACE_BOUND('',#515,.T.);
#577=FACE_BOUND('',#516,.T.);
#578=FACE_BOUND('',#517,.T.);
#579=FACE_BOUND('',#518,.T.);
#580=FACE_BOUND('',#519,.T.);
#581=FACE_BOUND('',#520,.T.);
#582=FACE_BOUND('',#521,.T.);
#583=B_SPLINE_SURFACE_WITH_KNOTS('',1,3,((#711,#712,#713,#714,#715,#716,
#717,#718,#719,#720,#721,#722,#723,#724,#725,#726,#727,#728,#729,#730),
(#731,#732,#733,#734,#735,#736,#737,#738,#739,#740,#741,#742,#743,#744,
#745,#746,#747,#748,#749,#750)),.RULED_SURF.,.F.,.F.,.F.,(2,2),(4,2,2,2,
2,2,2,2,2,4),(0.,1.),(0.,0.125,0.25,0.3125,0.375,0.4375,0.5,0.5625,0.625,
0.743222074290584),.UNSPECIFIED.);
#584=B_SPLINE_SURFACE_WITH_KNOTS('',3,3,((#776,#777,#778,#779,#780,#781,
#782,#783,#784,#785,#786),(#787,#788,#789,#790,#791,#792,#793,#794,#795,
#796,#797),(#798,#799,#800,#801,#802,#803,#804,#805,#806,#807,#808),(#809,
#810,#811,#812,#813,#814,#815,#816,#817,#818,#819),(#820,#821,#822,#823,
#824,#825,#826,#827,#828,#829,#830),(#831,#832,#833,#834,#835,#836,#837,
#838,#839,#840,#841),(#842,#843,#844,#845,#846,#847,#848,#849,#850,#851,
#852),(#853,#854,#855,#856,#857,#858,#859,#860,#861,#862,#863),(#864,#865,
#866,#867,#868,#869,#870,#871,#872,#873,#874),(#875,#876,#877,#878,#879,
#880,#881,#882,#883,#884,#885),(#886,#887,#888,#889,#890,#891,#892,#893,
#894,#895,#896),(#897,#898,#899,#900,#901,#902,#903,#904,#905,#906,#907),
(#908,#909,#910,#911,#912,#913,#914,#915,#916,#917,#918)),.UNSPECIFIED.,
 .F.,.F.,.F.,(4,1,1,1,1,1,1,1,1,1,4),(4,1,1,1,1,1,1,1,4),(0.,0.125,0.1875,
0.270833333333333,0.375,0.5,0.625,0.729166666666667,0.8125,0.875,1.),(-1.38897947030376E-17,
0.145833333333333,0.25,0.375,0.5,0.625,0.75,0.854166666666667,1.),
 .UNSPECIFIED.);
#585=B_SPLINE_SURFACE_WITH_KNOTS('',3,3,((#1048,#1049,#1050,#1051,#1052,
#1053,#1054,#1055,#1056,#1057,#1058),(#1059,#1060,#1061,#1062,#1063,#1064,
#1065,#1066,#1067,#1068,#1069),(#1070,#1071,#1072,#1073,#1074,#1075,#1076,
#1077,#1078,#1079,#1080),(#1081,#1082,#1083,#1084,#1085,#1086,#1087,#1088,
#1089,#1090,#1091),(#1092,#1093,#1094,#1095,#1096,#1097,#1098,#1099,#1100,
#1101,#1102),(#1103,#1104,#1105,#1106,#1107,#1108,#1109,#1110,#1111,#1112,
#1113),(#1114,#1115,#1116,#1117,#1118,#1119,#1120,#1121,#1122,#1123,#1124),
(#1125,#1126,#1127,#1128,#1129,#1130,#1131,#1132,#1133,#1134,#1135),(#1136,
#1137,#1138,#1139,#1140,#1141,#1142,#1143,#1144,#1145,#1146),(#1147,#1148,
#1149,#1150,#1151,#1152,#1153,#1154,#1155,#1156,#1157),(#1158,#1159,#1160,
#1161,#1162,#1163,#1164,#1165,#1166,#1167,#1168),(#1169,#1170,#1171,#1172,
#1173,#1174,#1175,#1176,#1177,#1178,#1179),(#1180,#1181,#1182,#1183,#1184,
#1185,#1186,#1187,#1188,#1189,#1190)),.UNSPECIFIED.,.F.,.F.,.F.,(4,1,1,
1,1,1,1,1,1,1,4),(4,1,1,1,1,1,1,1,4),(-3.99773193001972E-16,0.125,0.1875,
0.270833333333333,0.375,0.5,0.625,0.729166666666667,0.8125,0.875,1.),(0.,
0.145833333333333,0.25,0.375,0.5,0.625,0.75,0.854166666666667,1.),
 .UNSPECIFIED.);
#586=B_SPLINE_SURFACE_WITH_KNOTS('',3,3,((#1313,#1314,#1315,#1316,#1317,
#1318,#1319,#1320,#1321,#1322,#1323,#1324,#1325),(#1326,#1327,#1328,#1329,
#1330,#1331,#1332,#1333,#1334,#1335,#1336,#1337,#1338),(#1339,#1340,#1341,
#1342,#1343,#1344,#1345,#1346,#1347,#1348,#1349,#1350,#1351),(#1352,#1353,
#1354,#1355,#1356,#1357,#1358,#1359,#1360,#1361,#1362,#1363,#1364),(#1365,
#1366,#1367,#1368,#1369,#1370,#1371,#1372,#1373,#1374,#1375,#1376,#1377),
(#1378,#1379,#1380,#1381,#1382,#1383,#1384,#1385,#1386,#1387,#1388,#1389,
#1390),(#1391,#1392,#1393,#1394,#1395,#1396,#1397,#1398,#1399,#1400,#1401,
#1402,#1403),(#1404,#1405,#1406,#1407,#1408,#1409,#1410,#1411,#1412,#1413,
#1414,#1415,#1416),(#1417,#1418,#1419,#1420,#1421,#1422,#1423,#1424,#1425,
#1426,#1427,#1428,#1429),(#1430,#1431,#1432,#1433,#1434,#1435,#1436,#1437,
#1438,#1439,#1440,#1441,#1442),(#1443,#1444,#1445,#1446,#1447,#1448,#1449,
#1450,#1451,#1452,#1453,#1454,#1455),(#1456,#1457,#1458,#1459,#1460,#1461,
#1462,#1463,#1464,#1465,#1466,#1467,#1468),(#1469,#1470,#1471,#1472,#1473,
#1474,#1475,#1476,#1477,#1478,#1479,#1480,#1481),(#1482,#1483,#1484,#1485,
#1486,#1487,#1488,#1489,#1490,#1491,#1492,#1493,#1494),(#1495,#1496,#1497,
#1498,#1499,#1500,#1501,#1502,#1503,#1504,#1505,#1506,#1507),(#1508,#1509,
#1510,#1511,#1512,#1513,#1514,#1515,#1516,#1517,#1518,#1519,#1520),(#1521,
#1522,#1523,#1524,#1525,#1526,#1527,#1528,#1529,#1530,#1531,#1532,#1533),
(#1534,#1535,#1536,#1537,#1538,#1539,#1540,#1541,#1542,#1543,#1544,#1545,
#1546),(#1547,#1548,#1549,#1550,#1551,#1552,#1553,#1554,#1555,#1556,#1557,
#1558,#1559),(#1560,#1561,#1562,#1563,#1564,#1565,#1566,#1567,#1568,#1569,
#1570,#1571,#1572),(#1573,#1574,#1575,#1576,#1577,#1578,#1579,#1580,#1581,
#1582,#1583,#1584,#1585),(#1586,#1587,#1588,#1589,#1590,#1591,#1592,#1593,
#1594,#1595,#1596,#1597,#1598),(#1599,#1600,#1601,#1602,#1603,#1604,#1605,
#1606,#1607,#1608,#1609,#1610,#1611),(#1612,#1613,#1614,#1615,#1616,#1617,
#1618,#1619,#1620,#1621,#1622,#1623,#1624),(#1625,#1626,#1627,#1628,#1629,
#1630,#1631,#1632,#1633,#1634,#1635,#1636,#1637),(#1638,#1639,#1640,#1641,
#1642,#1643,#1644,#1645,#1646,#1647,#1648,#1649,#1650),(#1651,#1652,#1653,
#1654,#1655,#1656,#1657,#1658,#1659,#1660,#1661,#1662,#1663),(#1664,#1665,
#1666,#1667,#1668,#1669,#1670,#1671,#1672,#1673,#1674,#1675,#1676),(#1677,
#1678,#1679,#1680,#1681,#1682,#1683,#1684,#1685,#1686,#1687,#1688,#1689),
(#1690,#1691,#1692,#1693,#1694,#1695,#1696,#1697,#1698,#1699,#1700,#1701,
#1702),(#1703,#1704,#1705,#1706,#1707,#1708,#1709,#1710,#1711,#1712,#1713,
#1714,#1715),(#1716,#1717,#1718,#1719,#1720,#1721,#1722,#1723,#1724,#1725,
#1726,#1727,#1728),(#1729,#1730,#1731,#1732,#1733,#1734,#1735,#1736,#1737,
#1738,#1739,#1740,#1741)),.UNSPECIFIED.,.F.,.F.,.F.,(4,2,2,1,2,2,2,2,2,
2,2,2,2,2,2,2,4),(4,2,1,1,1,1,1,2,4),(0.,0.0625,0.125,0.1875,0.25,0.3125,
0.375,0.4375,0.5,0.5625,0.625,0.6875,0.75,0.8125,0.875,0.9375,1.),(0.,0.125,
0.25,0.375,0.5,0.625,0.75,0.875,1.),.UNSPECIFIED.);
#587=B_SPLINE_SURFACE_WITH_KNOTS('',3,3,((#1851,#1852,#1853,#1854,#1855,
#1856,#1857,#1858,#1859,#1860,#1861,#1862,#1863),(#1864,#1865,#1866,#1867,
#1868,#1869,#1870,#1871,#1872,#1873,#1874,#1875,#1876),(#1877,#1878,#1879,
#1880,#1881,#1882,#1883,#1884,#1885,#1886,#1887,#1888,#1889),(#1890,#1891,
#1892,#1893,#1894,#1895,#1896,#1897,#1898,#1899,#1900,#1901,#1902),(#1903,
#1904,#1905,#1906,#1907,#1908,#1909,#1910,#1911,#1912,#1913,#1914,#1915),
(#1916,#1917,#1918,#1919,#1920,#1921,#1922,#1923,#1924,#1925,#1926,#1927,
#1928),(#1929,#1930,#1931,#1932,#1933,#1934,#1935,#1936,#1937,#1938,#1939,
#1940,#1941),(#1942,#1943,#1944,#1945,#1946,#1947,#1948,#1949,#1950,#1951,
#1952,#1953,#1954),(#1955,#1956,#1957,#1958,#1959,#1960,#1961,#1962,#1963,
#1964,#1965,#1966,#1967),(#1968,#1969,#1970,#1971,#1972,#1973,#1974,#1975,
#1976,#1977,#1978,#1979,#1980),(#1981,#1982,#1983,#1984,#1985,#1986,#1987,
#1988,#1989,#1990,#1991,#1992,#1993),(#1994,#1995,#1996,#1997,#1998,#1999,
#2000,#2001,#2002,#2003,#2004,#2005,#2006),(#2007,#2008,#2009,#2010,#2011,
#2012,#2013,#2014,#2015,#2016,#2017,#2018,#2019),(#2020,#2021,#2022,#2023,
#2024,#2025,#2026,#2027,#2028,#2029,#2030,#2031,#2032),(#2033,#2034,#2035,
#2036,#2037,#2038,#2039,#2040,#2041,#2042,#2043,#2044,#2045),(#2046,#2047,
#2048,#2049,#2050,#2051,#2052,#2053,#2054,#2055,#2056,#2057,#2058),(#2059,
#2060,#2061,#2062,#2063,#2064,#2065,#2066,#2067,#2068,#2069,#2070,#2071),
(#2072,#2073,#2074,#2075,#2076,#2077,#2078,#2079,#2080,#2081,#2082,#2083,
#2084),(#2085,#2086,#2087,#2088,#2089,#2090,#2091,#2092,#2093,#2094,#2095,
#2096,#2097),(#2098,#2099,#2100,#2101,#2102,#2103,#2104,#2105,#2106,#2107,
#2108,#2109,#2110),(#2111,#2112,#2113,#2114,#2115,#2116,#2117,#2118,#2119,
#2120,#2121,#2122,#2123),(#2124,#2125,#2126,#2127,#2128,#2129,#2130,#2131,
#2132,#2133,#2134,#2135,#2136),(#2137,#2138,#2139,#2140,#2141,#2142,#2143,
#2144,#2145,#2146,#2147,#2148,#2149),(#2150,#2151,#2152,#2153,#2154,#2155,
#2156,#2157,#2158,#2159,#2160,#2161,#2162),(#2163,#2164,#2165,#2166,#2167,
#2168,#2169,#2170,#2171,#2172,#2173,#2174,#2175),(#2176,#2177,#2178,#2179,
#2180,#2181,#2182,#2183,#2184,#2185,#2186,#2187,#2188),(#2189,#2190,#2191,
#2192,#2193,#2194,#2195,#2196,#2197,#2198,#2199,#2200,#2201),(#2202,#2203,
#2204,#2205,#2206,#2207,#2208,#2209,#2210,#2211,#2212,#2213,#2214),(#2215,
#2216,#2217,#2218,#2219,#2220,#2221,#2222,#2223,#2224,#2225,#2226,#2227),
(#2228,#2229,#2230,#2231,#2232,#2233,#2234,#2235,#2236,#2237,#2238,#2239,
#2240),(#2241,#2242,#2243,#2244,#2245,#2246,#2247,#2248,#2249,#2250,#2251,
#2252,#2253),(#2254,#2255,#2256,#2257,#2258,#2259,#2260,#2261,#2262,#2263,
#2264,#2265,#2266),(#2267,#2268,#2269,#2270,#2271,#2272,#2273,#2274,#2275,
#2276,#2277,#2278,#2279)),.UNSPECIFIED.,.F.,.F.,.F.,(4,2,2,1,2,2,2,2,2,
2,2,2,2,2,2,2,4),(4,2,1,1,1,1,1,2,4),(0.,0.0625,0.125,0.1875,0.25,0.3125,
0.375,0.4375,0.5,0.5625,0.625,0.6875,0.75,0.8125,0.875,0.9375,1.),(0.,0.125,
0.25,0.375,0.5,0.625,0.75,0.875,1.),.UNSPECIFIED.);
#588=B_SPLINE_SURFACE_WITH_KNOTS('',1,3,((#2382,#2383,#2384,#2385,#2386,
#2387,#2388,#2389,#2390,#2391,#2392,#2393,#2394,#2395,#2396,#2397,#2398,
#2399,#2400,#2401,#2402,#2403,#2404,#2405,#2406,#2407,#2408,#2409,#2410,
#2411,#2412,#2413,#2414,#2415,#2416,#2417,#2418,#2419,#2420,#2421,#2422,
#2423,#2424,#2425,#2426,#2427,#2428,#2429,#2430,#2431,#2432,#2433,#2434,
#2435,#2436,#2437,#2438,#2439,#2440,#2441,#2442,#2443,#2444,#2445),(#2446,
#2447,#2448,#2449,#2450,#2451,#2452,#2453,#2454,#2455,#2456,#2457,#2458,
#2459,#2460,#2461,#2462,#2463,#2464,#2465,#2466,#2467,#2468,#2469,#2470,
#2471,#2472,#2473,#2474,#2475,#2476,#2477,#2478,#2479,#2480,#2481,#2482,
#2483,#2484,#2485,#2486,#2487,#2488,#2489,#2490,#2491,#2492,#2493,#2494,
#2495,#2496,#2497,#2498,#2499,#2500,#2501,#2502,#2503,#2504,#2505,#2506,
#2507,#2508,#2509),(#2510,#2511,#2512,#2513,#2514,#2515,#2516,#2517,#2518,
#2519,#2520,#2521,#2522,#2523,#2524,#2525,#2526,#2527,#2528,#2529,#2530,
#2531,#2532,#2533,#2534,#2535,#2536,#2537,#2538,#2539,#2540,#2541,#2542,
#2543,#2544,#2545,#2546,#2547,#2548,#2549,#2550,#2551,#2552,#2553,#2554,
#2555,#2556,#2557,#2558,#2559,#2560,#2561,#2562,#2563,#2564,#2565,#2566,
#2567,#2568,#2569,#2570,#2571,#2572,#2573)),.RULED_SURF.,.F.,.F.,.F.,(2,
1,2),(4,3,2,2,2,2,2,2,2,2,2,2,2,2,2,2,2,2,2,2,2,2,2,2,2,2,2,2,2,3,4),(-0.00743444118628659,
0.,1.),(-0.000197502863278224,3.81997410611784E-6,0.00206224453642554,0.00309145681758524,
0.00360606295816509,0.00412066909874494,0.00617909366106436,0.00669369980164422,
0.00720830594222407,0.00823751822338378,0.0102959427857032,0.0113251550668629,
0.0123543673480226,0.014412791910342,0.0164712164726615,0.0175004287538212,
0.018015034894401,0.0185296410349808,0.0205880655973003,0.02161727787846,
0.0221318840190398,0.0226464901596197,0.0247049147219391,0.0252195208625189,
0.0257341270030988,0.0267633392842585,0.028821763846578,0.0298509761277376,
0.0308801884088974,0.0329386129712167,0.0331370000196494),.UNSPECIFIED.);
#589=B_SPLINE_SURFACE_WITH_KNOTS('',3,3,((#2606,#2607,#2608,#2609,#2610,
#2611,#2612,#2613,#2614,#2615),(#2616,#2617,#2618,#2619,#2620,#2621,#2622,
#2623,#2624,#2625),(#2626,#2627,#2628,#2629,#2630,#2631,#2632,#2633,#2634,
#2635),(#2636,#2637,#2638,#2639,#2640,#2641,#2642,#2643,#2644,#2645)),
 .UNSPECIFIED.,.F.,.F.,.F.,(4,4),(4,2,2,2,4),(-0.00650517774046775,1.00673041024351),
(3.11254046282776E-6,0.00243972328613696,0.00487633403181109,0.00731294477748521,
0.00974955552315934),.UNSPECIFIED.);
#590=B_SPLINE_SURFACE_WITH_KNOTS('',3,1,((#2664,#2665,#2666),(#2667,#2668,
#2669),(#2670,#2671,#2672),(#2673,#2674,#2675),(#2676,#2677,#2678),(#2679,
#2680,#2681),(#2682,#2683,#2684),(#2685,#2686,#2687),(#2688,#2689,#2690),
(#2691,#2692,#2693),(#2694,#2695,#2696),(#2697,#2698,#2699),(#2700,#2701,
#2702),(#2703,#2704,#2705),(#2706,#2707,#2708),(#2709,#2710,#2711),(#2712,
#2713,#2714),(#2715,#2716,#2717),(#2718,#2719,#2720),(#2721,#2722,#2723),
(#2724,#2725,#2726),(#2727,#2728,#2729),(#2730,#2731,#2732),(#2733,#2734,
#2735),(#2736,#2737,#2738),(#2739,#2740,#2741),(#2742,#2743,#2744),(#2745,
#2746,#2747),(#2748,#2749,#2750),(#2751,#2752,#2753),(#2754,#2755,#2756),
(#2757,#2758,#2759),(#2760,#2761,#2762),(#2763,#2764,#2765)),
 .RULED_SURF.,.F.,.F.,.F.,(4,1,1,1,1,1,1,1,1,1,1,1,1,1,1,1,1,1,1,1,1,1,
1,1,1,1,1,1,1,1,1,4),(2,1,2),(0.,0.034569876070439,0.0553844407650121,0.0681964612589829,
0.100884345068805,0.111333811680093,0.132637718405347,0.163460507927681,
0.167951351576003,0.193355645229487,0.222328374605838,0.250388259332076,
0.30711240671357,0.357625791407081,0.449972619375073,0.499555498310857,
0.536169114180904,0.625862474372025,0.628134503260663,0.726013499443553,
0.749507437604638,0.765695675037825,0.805170691853431,0.820706466112269,
0.844453486645033,0.857143299505073,0.883560084331947,0.892254909591354,
0.922507583927553,0.946689175701503,0.961314361377318,1.),(-0.00996003083074906,
0.,1.),.UNSPECIFIED.);
#591=B_SPLINE_SURFACE_WITH_KNOTS('',1,3,((#2775,#2776,#2777,#2778,#2779,
#2780,#2781,#2782,#2783,#2784,#2785,#2786,#2787,#2788,#2789,#2790,#2791,
#2792,#2793,#2794),(#2795,#2796,#2797,#2798,#2799,#2800,#2801,#2802,#2803,
#2804,#2805,#2806,#2807,#2808,#2809,#2810,#2811,#2812,#2813,#2814)),
 .RULED_SURF.,.F.,.F.,.F.,(2,2),(4,2,2,2,2,2,2,2,2,4),(0.,1.),(0.,0.125,
0.25,0.3125,0.375,0.4375,0.5,0.5625,0.625,0.743222074290584),
 .UNSPECIFIED.);
#592=B_SPLINE_SURFACE_WITH_KNOTS('',1,3,((#2838,#2839,#2840,#2841,#2842,
#2843,#2844,#2845,#2846,#2847,#2848,#2849,#2850,#2851,#2852,#2853,#2854,
#2855,#2856,#2857,#2858,#2859,#2860,#2861),(#2862,#2863,#2864,#2865,#2866,
#2867,#2868,#2869,#2870,#2871,#2872,#2873,#2874,#2875,#2876,#2877,#2878,
#2879,#2880,#2881,#2882,#2883,#2884,#2885)),.RULED_SURF.,.F.,.F.,.F.,(2,
2),(4,2,2,2,2,2,2,2,2,2,2,4),(0.,1.),(0.,0.125,0.25,0.3125,0.375,0.4375,
0.5,0.5625,0.625,0.75,0.875,1.),.UNSPECIFIED.);
#593=B_SPLINE_SURFACE_WITH_KNOTS('',1,3,((#2890,#2891,#2892,#2893,#2894,
#2895,#2896,#2897,#2898,#2899,#2900,#2901,#2902,#2903,#2904,#2905,#2906,
#2907,#2908,#2909,#2910,#2911,#2912,#2913),(#2914,#2915,#2916,#2917,#2918,
#2919,#2920,#2921,#2922,#2923,#2924,#2925,#2926,#2927,#2928,#2929,#2930,
#2931,#2932,#2933,#2934,#2935,#2936,#2937)),.RULED_SURF.,.F.,.F.,.F.,(2,
2),(4,2,2,2,2,2,2,2,2,2,2,4),(0.,1.),(0.,0.125,0.25,0.3125,0.375,0.4375,
0.5,0.5625,0.625,0.75,0.875,1.),.UNSPECIFIED.);
#594=B_SPLINE_SURFACE_WITH_KNOTS('',1,3,((#2938,#2939,#2940,#2941,#2942,
#2943,#2944,#2945,#2946,#2947,#2948,#2949,#2950,#2951,#2952,#2953,#2954,
#2955,#2956,#2957,#2958,#2959,#2960,#2961,#2962,#2963,#2964,#2965,#2966,
#2967,#2968,#2969,#2970,#2971,#2972,#2973,#2974,#2975,#2976,#2977,#2978,
#2979,#2980,#2981,#2982,#2983,#2984,#2985,#2986,#2987,#2988,#2989,#2990,
#2991,#2992,#2993,#2994,#2995,#2996,#2997,#2998,#2999,#3000,#3001),(#3002,
#3003,#3004,#3005,#3006,#3007,#3008,#3009,#3010,#3011,#3012,#3013,#3014,
#3015,#3016,#3017,#3018,#3019,#3020,#3021,#3022,#3023,#3024,#3025,#3026,
#3027,#3028,#3029,#3030,#3031,#3032,#3033,#3034,#3035,#3036,#3037,#3038,
#3039,#3040,#3041,#3042,#3043,#3044,#3045,#3046,#3047,#3048,#3049,#3050,
#3051,#3052,#3053,#3054,#3055,#3056,#3057,#3058,#3059,#3060,#3061,#3062,
#3063,#3064,#3065),(#3066,#3067,#3068,#3069,#3070,#3071,#3072,#3073,#3074,
#3075,#3076,#3077,#3078,#3079,#3080,#3081,#3082,#3083,#3084,#3085,#3086,
#3087,#3088,#3089,#3090,#3091,#3092,#3093,#3094,#3095,#3096,#3097,#3098,
#3099,#3100,#3101,#3102,#3103,#3104,#3105,#3106,#3107,#3108,#3109,#3110,
#3111,#3112,#3113,#3114,#3115,#3116,#3117,#3118,#3119,#3120,#3121,#3122,
#3123,#3124,#3125,#3126,#3127,#3128,#3129)),.RULED_SURF.,.F.,.F.,.F.,(2,
1,2),(4,3,2,2,2,2,2,2,2,2,2,2,2,2,2,2,2,2,2,2,2,2,2,2,2,2,2,2,2,3,4),(0.,
1.,1.0081215367017),(-0.0001975346773888,3.81993660502584E-6,0.0020620902623067,
0.00309122542515754,0.00360579300658295,0.00412036058800837,0.00617863091371004,
0.00669319849513546,0.00720776607656088,0.00823690123941171,0.0102951715651134,
0.0113243067279642,0.0123534418908151,0.0144117122165167,0.0164699825422184,
0.0174991177050693,0.0180136852864946,0.0185282528679201,0.0205865231936217,
0.0216156583564726,0.022130225937898,0.0226447935193234,0.0247030638450251,
0.0252176314264505,0.025732199007876,0.0267613341707267,0.0288196044964284,
0.0298487396592793,0.0308778748221301,0.0329361451478318,0.0331338483136257),
 .UNSPECIFIED.);
#595=B_SPLINE_SURFACE_WITH_KNOTS('',3,1,((#3162,#3163,#3164),(#3165,#3166,
#3167),(#3168,#3169,#3170),(#3171,#3172,#3173),(#3174,#3175,#3176),(#3177,
#3178,#3179),(#3180,#3181,#3182),(#3183,#3184,#3185),(#3186,#3187,#3188),
(#3189,#3190,#3191),(#3192,#3193,#3194),(#3195,#3196,#3197),(#3198,#3199,
#3200),(#3201,#3202,#3203),(#3204,#3205,#3206),(#3207,#3208,#3209),(#3210,
#3211,#3212),(#3213,#3214,#3215),(#3216,#3217,#3218),(#3219,#3220,#3221),
(#3222,#3223,#3224),(#3225,#3226,#3227),(#3228,#3229,#3230),(#3231,#3232,
#3233),(#3234,#3235,#3236),(#3237,#3238,#3239),(#3240,#3241,#3242),(#3243,
#3244,#3245),(#3246,#3247,#3248),(#3249,#3250,#3251),(#3252,#3253,#3254),
(#3255,#3256,#3257),(#3258,#3259,#3260),(#3261,#3262,#3263),(#3264,#3265,
#3266),(#3267,#3268,#3269),(#3270,#3271,#3272),(#3273,#3274,#3275),(#3276,
#3277,#3278),(#3279,#3280,#3281),(#3282,#3283,#3284)),.RULED_SURF.,.F.,
 .F.,.F.,(4,3,1,1,1,1,1,1,1,1,1,1,1,1,1,1,1,1,1,1,1,1,1,1,1,1,1,1,1,1,1,
1,1,1,1,1,4),(2,1,2),(-0.0065748662961985,0.,0.0177120376937326,0.0266844418325809,
0.0443056497713592,0.0666126141707583,0.0798542768627861,0.119908925391152,
0.124399021256964,0.189964441302614,0.194058087377909,0.245723412715228,
0.24948524815701,0.310673555209326,0.313944216975096,0.371303046777695,
0.37401978634962,0.435979004348433,0.437974523584206,0.497630189017399,
0.498963970605511,0.62721908138264,0.627314946487384,0.748506754979279,
0.749488895586661,0.812392032966242,0.813531095073959,0.874224695047916,
0.875249971025909,0.896438220088376,0.916699624131843,0.917462248286322,
0.938327014726446,0.958615912477693,0.959036473564491,0.979593533982644,
1.),(0.,1.,1.00699207821482),.UNSPECIFIED.);
#596=B_SPLINE_SURFACE_WITH_KNOTS('',3,1,((#3305,#3306),(#3307,#3308),(#3309,
#3310),(#3311,#3312)),.SURF_OF_LINEAR_EXTRUSION.,.F.,.F.,.F.,(4,4),(2,2),
(-0.0587885144344833,1.),(0.,1.),.PIECEWISE_BEZIER_KNOTS.);
#597=B_SPLINE_SURFACE_WITH_KNOTS('',3,1,((#3321,#3322,#3323),(#3324,#3325,
#3326),(#3327,#3328,#3329),(#3330,#3331,#3332),(#3333,#3334,#3335),(#3336,
#3337,#3338),(#3339,#3340,#3341),(#3342,#3343,#3344),(#3345,#3346,#3347),
(#3348,#3349,#3350),(#3351,#3352,#3353),(#3354,#3355,#3356),(#3357,#3358,
#3359),(#3360,#3361,#3362),(#3363,#3364,#3365),(#3366,#3367,#3368),(#3369,
#3370,#3371),(#3372,#3373,#3374),(#3375,#3376,#3377),(#3378,#3379,#3380),
(#3381,#3382,#3383),(#3384,#3385,#3386),(#3387,#3388,#3389),(#3390,#3391,
#3392),(#3393,#3394,#3395),(#3396,#3397,#3398),(#3399,#3400,#3401),(#3402,
#3403,#3404),(#3405,#3406,#3407),(#3408,#3409,#3410),(#3411,#3412,#3413),
(#3414,#3415,#3416),(#3417,#3418,#3419),(#3420,#3421,#3422),(#3423,#3424,
#3425),(#3426,#3427,#3428),(#3429,#3430,#3431),(#3432,#3433,#3434),(#3435,
#3436,#3437),(#3438,#3439,#3440),(#3441,#3442,#3443),(#3444,#3445,#3446),
(#3447,#3448,#3449),(#3450,#3451,#3452),(#3453,#3454,#3455),(#3456,#3457,
#3458),(#3459,#3460,#3461),(#3462,#3463,#3464),(#3465,#3466,#3467),(#3468,
#3469,#3470)),.RULED_SURF.,.F.,.F.,.F.,(4,3,1,1,1,1,1,1,1,1,1,1,1,1,1,1,
1,1,1,1,1,1,1,1,1,1,1,1,1,1,1,1,1,1,1,1,1,1,1,1,1,1,3,4),(2,1,2),(-0.00603067379347884,
0.,0.0212524087665185,0.0288236815251306,0.0423763672745018,0.0576247494163518,
0.0633595292902209,0.0842006840094135,0.0864216856973121,0.104901750305381,
0.115232224296827,0.125463872958882,0.144073330478572,0.17296118651423,
0.189317056224405,0.201911183407269,0.230937918399499,0.250102232576661,
0.260055197931053,0.28927604567694,0.310976332946315,0.318612705915706,
0.348076603325909,0.375592960915676,0.377678491492836,0.407428421007242,
0.437861377505143,0.484658357939897,0.500119899850811,0.557222252908185,
0.62523428937443,0.625441429468674,0.695913167745452,0.737955972721261,
0.750046424453437,0.812804107376138,0.847758891946894,0.874769078932007,
0.899146776146531,0.912889801044095,0.949851824622135,0.954621614006937,
1.,1.00622381176199),(-0.00620962886212136,0.,1.),.UNSPECIFIED.);
#598=B_SPLINE_SURFACE_WITH_KNOTS('',3,1,((#3483,#3484),(#3485,#3486),(#3487,
#3488),(#3489,#3490)),.SURF_OF_LINEAR_EXTRUSION.,.F.,.F.,.F.,(4,4),(2,2),
(0.,1.),(0.,1.),.PIECEWISE_BEZIER_KNOTS.);
#599=B_SPLINE_SURFACE_WITH_KNOTS('',3,1,((#3500,#3501,#3502),(#3503,#3504,
#3505),(#3506,#3507,#3508),(#3509,#3510,#3511),(#3512,#3513,#3514),(#3515,
#3516,#3517),(#3518,#3519,#3520),(#3521,#3522,#3523),(#3524,#3525,#3526),
(#3527,#3528,#3529),(#3530,#3531,#3532),(#3533,#3534,#3535),(#3536,#3537,
#3538),(#3539,#3540,#3541),(#3542,#3543,#3544),(#3545,#3546,#3547),(#3548,
#3549,#3550),(#3551,#3552,#3553),(#3554,#3555,#3556),(#3557,#3558,#3559),
(#3560,#3561,#3562),(#3563,#3564,#3565),(#3566,#3567,#3568),(#3569,#3570,
#3571),(#3572,#3573,#3574),(#3575,#3576,#3577),(#3578,#3579,#3580),(#3581,
#3582,#3583),(#3584,#3585,#3586),(#3587,#3588,#3589),(#3590,#3591,#3592),
(#3593,#3594,#3595),(#3596,#3597,#3598),(#3599,#3600,#3601),(#3602,#3603,
#3604),(#3605,#3606,#3607),(#3608,#3609,#3610),(#3611,#3612,#3613),(#3614,
#3615,#3616),(#3617,#3618,#3619),(#3620,#3621,#3622),(#3623,#3624,#3625)),
 .RULED_SURF.,.F.,.F.,.F.,(4,3,1,1,1,1,1,1,1,1,1,1,1,1,1,1,1,1,1,1,1,1,
1,1,1,1,1,1,1,1,1,1,1,1,1,1,1,4),(2,1,2),(-0.00603092927675422,0.,0.0206238351169517,
0.040306441716803,0.0413800223218511,0.0622705946906428,0.0812142069210771,
0.0832985290132834,0.104467719940387,0.122750285122437,0.125782981569537,
0.18347981859154,0.187550609882886,0.246505148327144,0.251464411547213,
0.300737355331617,0.351212628643974,0.366716226967997,0.424842944124155,
0.494345190493116,0.501255283801339,0.555002580181205,0.618666518225403,
0.626107558098268,0.686068413380341,0.742075636274984,0.750532014610049,
0.796846229877244,0.804897730341084,0.865887414524449,0.875674446116353,
0.909208292280422,0.929202018827603,0.944057266681665,0.970484890113141,
0.970606077959849,0.988350625120027,1.),(0.,1.,1.00701830506779),
 .UNSPECIFIED.);
#600=B_SPLINE_SURFACE_WITH_KNOTS('',1,3,((#3642,#3643,#3644,#3645,#3646,
#3647,#3648,#3649,#3650,#3651,#3652,#3653,#3654,#3655,#3656,#3657,#3658,
#3659),(#3660,#3661,#3662,#3663,#3664,#3665,#3666,#3667,#3668,#3669,#3670,
#3671,#3672,#3673,#3674,#3675,#3676,#3677),(#3678,#3679,#3680,#3681,#3682,
#3683,#3684,#3685,#3686,#3687,#3688,#3689,#3690,#3691,#3692,#3693,#3694,
#3695)),.RULED_SURF.,.F.,.F.,.F.,(2,1,2),(4,3,2,2,2,2,3,4),(-0.00671807614240547,
0.,1.),(-3.97525199481654E-5,6.24688950542126E-7,0.00165557898218865,0.00331053327542674,
0.0041380104220458,0.00496548756866485,0.00662044186190295,0.00666019572007712),
 .UNSPECIFIED.);
#601=B_SPLINE_SURFACE_WITH_KNOTS('',3,3,((#3706,#3707,#3708,#3709,#3710,
#3711,#3712,#3713,#3714,#3715),(#3716,#3717,#3718,#3719,#3720,#3721,#3722,
#3723,#3724,#3725),(#3726,#3727,#3728,#3729,#3730,#3731,#3732,#3733,#3734,
#3735),(#3736,#3737,#3738,#3739,#3740,#3741,#3742,#3743,#3744,#3745),(#3746,
#3747,#3748,#3749,#3750,#3751,#3752,#3753,#3754,#3755)),.UNSPECIFIED.,.F.,
 .F.,.F.,(4,1,4),(4,1,1,1,1,1,1,4),(0.,0.5,1.),(1.74279015850087,1.80708383692236,
1.83923067613311,1.87137751534386,1.90352435455461,1.93567119376536,1.96246022644098,
1.99996487218685),.UNSPECIFIED.);
#602=B_SPLINE_SURFACE_WITH_KNOTS('',3,3,((#3768,#3769,#3770,#3771,#3772,
#3773,#3774,#3775,#3776,#3777,#3778,#3779,#3780,#3781,#3782,#3783,#3784,
#3785,#3786,#3787,#3788,#3789,#3790,#3791,#3792,#3793,#3794,#3795,#3796),
(#3797,#3798,#3799,#3800,#3801,#3802,#3803,#3804,#3805,#3806,#3807,#3808,
#3809,#3810,#3811,#3812,#3813,#3814,#3815,#3816,#3817,#3818,#3819,#3820,
#3821,#3822,#3823,#3824,#3825),(#3826,#3827,#3828,#3829,#3830,#3831,#3832,
#3833,#3834,#3835,#3836,#3837,#3838,#3839,#3840,#3841,#3842,#3843,#3844,
#3845,#3846,#3847,#3848,#3849,#3850,#3851,#3852,#3853,#3854),(#3855,#3856,
#3857,#3858,#3859,#3860,#3861,#3862,#3863,#3864,#3865,#3866,#3867,#3868,
#3869,#3870,#3871,#3872,#3873,#3874,#3875,#3876,#3877,#3878,#3879,#3880,
#3881,#3882,#3883),(#3884,#3885,#3886,#3887,#3888,#3889,#3890,#3891,#3892,
#3893,#3894,#3895,#3896,#3897,#3898,#3899,#3900,#3901,#3902,#3903,#3904,
#3905,#3906,#3907,#3908,#3909,#3910,#3911,#3912),(#3913,#3914,#3915,#3916,
#3917,#3918,#3919,#3920,#3921,#3922,#3923,#3924,#3925,#3926,#3927,#3928,
#3929,#3930,#3931,#3932,#3933,#3934,#3935,#3936,#3937,#3938,#3939,#3940,
#3941),(#3942,#3943,#3944,#3945,#3946,#3947,#3948,#3949,#3950,#3951,#3952,
#3953,#3954,#3955,#3956,#3957,#3958,#3959,#3960,#3961,#3962,#3963,#3964,
#3965,#3966,#3967,#3968,#3969,#3970)),.UNSPECIFIED.,.F.,.F.,.F.,(4,1,1,
1,4),(4,1,1,1,1,1,1,1,1,1,1,1,1,1,1,1,1,1,1,1,1,1,1,1,1,1,4),(0.,0.291666666666667,
0.5,0.708333333333333,1.),(0.999964872186849,1.03813921863002,1.0572263918516,
1.07631356507319,1.09540073829478,1.11448791151636,1.13357508473795,1.15902464903339,
1.1908366044027,1.22901095084587,1.26718529728904,1.30535964373221,1.34353399017538,
1.38170833661855,1.41988268306172,1.45805702950489,1.49623137594807,1.52804333131737,
1.55349289561282,1.56939887329748,1.5821236554452,1.59007664428753,1.59643903536139,
1.60041552978255,1.60359672531948,1.60598262197218,1.61075441527758),
 .UNSPECIFIED.);
#603=B_SPLINE_SURFACE_WITH_KNOTS('',3,3,((#3989,#3990,#3991,#3992,#3993,
#3994,#3995,#3996,#3997,#3998,#3999,#4000,#4001,#4002),(#4003,#4004,#4005,
#4006,#4007,#4008,#4009,#4010,#4011,#4012,#4013,#4014,#4015,#4016),(#4017,
#4018,#4019,#4020,#4021,#4022,#4023,#4024,#4025,#4026,#4027,#4028,#4029,
#4030),(#4031,#4032,#4033,#4034,#4035,#4036,#4037,#4038,#4039,#4040,#4041,
#4042,#4043,#4044),(#4045,#4046,#4047,#4048,#4049,#4050,#4051,#4052,#4053,
#4054,#4055,#4056,#4057,#4058)),.UNSPECIFIED.,.F.,.F.,.F.,(4,1,4),(4,1,
1,1,1,1,1,1,1,1,1,4),(0.,0.5,1.),(1.71795626136985,1.72309704333787,1.72823782530589,
1.73851938924194,1.75908251711403,1.78845841407415,1.8237094904263,1.85896056677846,
1.89421164313061,1.92946271948276,1.95883861644288,1.99996487218706),
 .UNSPECIFIED.);
#604=B_SPLINE_SURFACE_WITH_KNOTS('',3,3,((#4066,#4067,#4068,#4069,#4070,
#4071,#4072,#4073,#4074,#4075,#4076,#4077,#4078,#4079,#4080,#4081,#4082,
#4083,#4084,#4085,#4086,#4087,#4088),(#4089,#4090,#4091,#4092,#4093,#4094,
#4095,#4096,#4097,#4098,#4099,#4100,#4101,#4102,#4103,#4104,#4105,#4106,
#4107,#4108,#4109,#4110,#4111),(#4112,#4113,#4114,#4115,#4116,#4117,#4118,
#4119,#4120,#4121,#4122,#4123,#4124,#4125,#4126,#4127,#4128,#4129,#4130,
#4131,#4132,#4133,#4134),(#4135,#4136,#4137,#4138,#4139,#4140,#4141,#4142,
#4143,#4144,#4145,#4146,#4147,#4148,#4149,#4150,#4151,#4152,#4153,#4154,
#4155,#4156,#4157)),.UNSPECIFIED.,.F.,.F.,.F.,(4,4),(4,1,1,1,1,1,1,1,1,
1,1,1,1,1,1,1,1,1,1,1,4),(0.583528266475784,0.752485413675583),(0.044180746698874,
0.0472908435375251,0.0483275424837421,0.0493642414299592,0.0504009403761762,
0.0514376393223932,0.0528199045840159,0.0545477361610443,0.0566211340534784,
0.0586945319459125,0.0607679298383466,0.062495761415375,0.0638780266769977,
0.0652602919386204,0.0669881235156488,0.0690615214080829,0.0707893529851113,
0.072171618246734,0.0735538835083567,0.0749361487699794,0.0773551129778192),
 .UNSPECIFIED.);
#605=B_SPLINE_SURFACE_WITH_KNOTS('',3,3,((#4158,#4159,#4160,#4161,#4162,
#4163,#4164,#4165,#4166,#4167,#4168),(#4169,#4170,#4171,#4172,#4173,#4174,
#4175,#4176,#4177,#4178,#4179),(#4180,#4181,#4182,#4183,#4184,#4185,#4186,
#4187,#4188,#4189,#4190),(#4191,#4192,#4193,#4194,#4195,#4196,#4197,#4198,
#4199,#4200,#4201),(#4202,#4203,#4204,#4205,#4206,#4207,#4208,#4209,#4210,
#4211,#4212),(#4213,#4214,#4215,#4216,#4217,#4218,#4219,#4220,#4221,#4222,
#4223),(#4224,#4225,#4226,#4227,#4228,#4229,#4230,#4231,#4232,#4233,#4234),
(#4235,#4236,#4237,#4238,#4239,#4240,#4241,#4242,#4243,#4244,#4245),(#4246,
#4247,#4248,#4249,#4250,#4251,#4252,#4253,#4254,#4255,#4256),(#4257,#4258,
#4259,#4260,#4261,#4262,#4263,#4264,#4265,#4266,#4267),(#4268,#4269,#4270,
#4271,#4272,#4273,#4274,#4275,#4276,#4277,#4278),(#4279,#4280,#4281,#4282,
#4283,#4284,#4285,#4286,#4287,#4288,#4289),(#4290,#4291,#4292,#4293,#4294,
#4295,#4296,#4297,#4298,#4299,#4300)),.UNSPECIFIED.,.F.,.F.,.F.,(4,1,1,
1,1,1,1,1,1,1,4),(4,1,1,1,1,1,1,1,4),(0.,0.125,0.1875,0.270833333333333,
0.375,0.5,0.625,0.729166666666667,0.8125,0.875,1.),(-8.95104328832969E-18,
0.145833333333333,0.25,0.375,0.5,0.625,0.75,0.854166666666667,1.),
 .UNSPECIFIED.);
#606=B_SPLINE_SURFACE_WITH_KNOTS('',3,3,((#4332,#4333,#4334,#4335,#4336,
#4337,#4338,#4339,#4340,#4341,#4342),(#4343,#4344,#4345,#4346,#4347,#4348,
#4349,#4350,#4351,#4352,#4353),(#4354,#4355,#4356,#4357,#4358,#4359,#4360,
#4361,#4362,#4363,#4364),(#4365,#4366,#4367,#4368,#4369,#4370,#4371,#4372,
#4373,#4374,#4375),(#4376,#4377,#4378,#4379,#4380,#4381,#4382,#4383,#4384,
#4385,#4386),(#4387,#4388,#4389,#4390,#4391,#4392,#4393,#4394,#4395,#4396,
#4397),(#4398,#4399,#4400,#4401,#4402,#4403,#4404,#4405,#4406,#4407,#4408),
(#4409,#4410,#4411,#4412,#4413,#4414,#4415,#4416,#4417,#4418,#4419),(#4420,
#4421,#4422,#4423,#4424,#4425,#4426,#4427,#4428,#4429,#4430),(#4431,#4432,
#4433,#4434,#4435,#4436,#4437,#4438,#4439,#4440,#4441),(#4442,#4443,#4444,
#4445,#4446,#4447,#4448,#4449,#4450,#4451,#4452),(#4453,#4454,#4455,#4456,
#4457,#4458,#4459,#4460,#4461,#4462,#4463),(#4464,#4465,#4466,#4467,#4468,
#4469,#4470,#4471,#4472,#4473,#4474)),.UNSPECIFIED.,.F.,.F.,.F.,(4,1,1,
1,1,1,1,1,1,1,4),(4,1,1,1,1,1,1,1,4),(0.,0.125,0.1875,0.270833333333333,
0.375,0.5,0.625,0.729166666666667,0.8125,0.875,1.),(-1.38897947030376E-17,
0.145833333333333,0.25,0.375,0.5,0.625,0.75,0.854166666666667,1.),
 .UNSPECIFIED.);
#607=B_SPLINE_SURFACE_WITH_KNOTS('',3,3,((#4498,#4499,#4500,#4501,#4502,
#4503,#4504,#4505,#4506,#4507,#4508,#4509,#4510,#4511,#4512,#4513,#4514,
#4515,#4516,#4517,#4518,#4519,#4520),(#4521,#4522,#4523,#4524,#4525,#4526,
#4527,#4528,#4529,#4530,#4531,#4532,#4533,#4534,#4535,#4536,#4537,#4538,
#4539,#4540,#4541,#4542,#4543),(#4544,#4545,#4546,#4547,#4548,#4549,#4550,
#4551,#4552,#4553,#4554,#4555,#4556,#4557,#4558,#4559,#4560,#4561,#4562,
#4563,#4564,#4565,#4566),(#4567,#4568,#4569,#4570,#4571,#4572,#4573,#4574,
#4575,#4576,#4577,#4578,#4579,#4580,#4581,#4582,#4583,#4584,#4585,#4586,
#4587,#4588,#4589)),.UNSPECIFIED.,.F.,.F.,.F.,(4,4),(4,1,1,1,1,1,1,1,1,
1,1,1,1,1,1,1,1,1,1,1,4),(0.582876154269342,0.752489939913353),(0.0441806587087968,
0.047290567681343,0.048327204005525,0.049363840329707,0.0504004766538891,
0.0514371129780711,0.0528192947436472,0.0545470219506172,0.0566202945989813,
0.0586935672473454,0.0607668398957095,0.0624945671026795,0.0638767488682556,
0.0652589306338316,0.0669866578408017,0.0690599304891658,0.0707876576961358,
0.0721698394617119,0.073552021227288,0.074934202992864,0.0773530210826221),
 .UNSPECIFIED.);
#608=B_SPLINE_SURFACE_WITH_KNOTS('',3,3,((#4648,#4649,#4650,#4651,#4652,
#4653,#4654,#4655,#4656,#4657,#4658,#4659,#4660,#4661,#4662,#4663,#4664,
#4665,#4666,#4667,#4668,#4669,#4670,#4671),(#4672,#4673,#4674,#4675,#4676,
#4677,#4678,#4679,#4680,#4681,#4682,#4683,#4684,#4685,#4686,#4687,#4688,
#4689,#4690,#4691,#4692,#4693,#4694,#4695),(#4696,#4697,#4698,#4699,#4700,
#4701,#4702,#4703,#4704,#4705,#4706,#4707,#4708,#4709,#4710,#4711,#4712,
#4713,#4714,#4715,#4716,#4717,#4718,#4719),(#4720,#4721,#4722,#4723,#4724,
#4725,#4726,#4727,#4728,#4729,#4730,#4731,#4732,#4733,#4734,#4735,#4736,
#4737,#4738,#4739,#4740,#4741,#4742,#4743),(#4744,#4745,#4746,#4747,#4748,
#4749,#4750,#4751,#4752,#4753,#4754,#4755,#4756,#4757,#4758,#4759,#4760,
#4761,#4762,#4763,#4764,#4765,#4766,#4767),(#4768,#4769,#4770,#4771,#4772,
#4773,#4774,#4775,#4776,#4777,#4778,#4779,#4780,#4781,#4782,#4783,#4784,
#4785,#4786,#4787,#4788,#4789,#4790,#4791),(#4792,#4793,#4794,#4795,#4796,
#4797,#4798,#4799,#4800,#4801,#4802,#4803,#4804,#4805,#4806,#4807,#4808,
#4809,#4810,#4811,#4812,#4813,#4814,#4815)),.UNSPECIFIED.,.F.,.F.,.F.,(4,
1,1,1,4),(4,1,1,1,1,1,1,1,1,1,1,1,1,1,1,1,1,1,1,1,1,4),(0.,0.291666666666667,
0.5,0.708333333333333,1.),(0.999964872186848,1.03786727134687,1.05681847092688,
1.07576967050689,1.0947208700869,1.11367206966691,1.13262326924692,1.1578915353536,
1.18947686798695,1.22737926714697,1.26528166630699,1.30318406546701,1.34108646462703,
1.37898886378705,1.41689126294707,1.45479366210709,1.49269606126711,1.53059846042713,
1.56218379306048,1.58429352590383,1.5953483923255,1.60640325874718),
 .UNSPECIFIED.);
#609=B_SPLINE_SURFACE_WITH_KNOTS('',1,3,((#4816,#4817,#4818,#4819,#4820,
#4821,#4822,#4823,#4824,#4825,#4826,#4827,#4828,#4829,#4830,#4831,#4832,
#4833,#4834,#4835,#4836,#4837,#4838,#4839,#4840,#4841,#4842,#4843,#4844,
#4845,#4846,#4847,#4848,#4849,#4850,#4851,#4852,#4853,#4854,#4855,#4856,
#4857,#4858,#4859,#4860,#4861,#4862,#4863,#4864,#4865,#4866,#4867,#4868,
#4869,#4870,#4871,#4872,#4873,#4874,#4875,#4876,#4877,#4878,#4879,#4880),
(#4881,#4882,#4883,#4884,#4885,#4886,#4887,#4888,#4889,#4890,#4891,#4892,
#4893,#4894,#4895,#4896,#4897,#4898,#4899,#4900,#4901,#4902,#4903,#4904,
#4905,#4906,#4907,#4908,#4909,#4910,#4911,#4912,#4913,#4914,#4915,#4916,
#4917,#4918,#4919,#4920,#4921,#4922,#4923,#4924,#4925,#4926,#4927,#4928,
#4929,#4930,#4931,#4932,#4933,#4934,#4935,#4936,#4937,#4938,#4939,#4940,
#4941,#4942,#4943,#4944,#4945)),.UNSPECIFIED.,.F.,.F.,.F.,(2,2),(4,2,2,
2,2,2,2,2,2,2,2,2,2,2,2,2,2,2,2,2,2,2,3,2,2,2,2,2,2,2,2,4),(0.583528262776898,
0.752486033855502),(0.0441806538145234,0.0444310336737161,0.0449663473324355,
0.0471076019673134,0.0481782292847524,0.0487135429434719,0.0492488566021913,
0.0513901112370692,0.0524607385545081,0.0535313658719471,0.055672620506825,
0.0578138751417028,0.0588845024591418,0.0594198161178613,0.0599551297765807,
0.0620963844114586,0.0626316980701781,0.0631670117288976,0.0642376390463365,
0.0663788936812144,0.0669142073399339,0.0674495209986533,0.0685201483160923,
0.0706614029509702,0.0717320302684091,0.0722673439271286,0.0728026575858481,
0.0749439122207259,0.0760145395381649,0.0765498531968844,0.0770851668556038,
0.0773551135318014),.UNSPECIFIED.);
#610=B_SPLINE_SURFACE_WITH_KNOTS('',3,3,((#5202,#5203,#5204,#5205,#5206,
#5207,#5208,#5209,#5210,#5211,#5212,#5213,#5214),(#5215,#5216,#5217,#5218,
#5219,#5220,#5221,#5222,#5223,#5224,#5225,#5226,#5227),(#5228,#5229,#5230,
#5231,#5232,#5233,#5234,#5235,#5236,#5237,#5238,#5239,#5240),(#5241,#5242,
#5243,#5244,#5245,#5246,#5247,#5248,#5249,#5250,#5251,#5252,#5253),(#5254,
#5255,#5256,#5257,#5258,#5259,#5260,#5261,#5262,#5263,#5264,#5265,#5266),
(#5267,#5268,#5269,#5270,#5271,#5272,#5273,#5274,#5275,#5276,#5277,#5278,
#5279),(#5280,#5281,#5282,#5283,#5284,#5285,#5286,#5287,#5288,#5289,#5290,
#5291,#5292),(#5293,#5294,#5295,#5296,#5297,#5298,#5299,#5300,#5301,#5302,
#5303,#5304,#5305),(#5306,#5307,#5308,#5309,#5310,#5311,#5312,#5313,#5314,
#5315,#5316,#5317,#5318),(#5319,#5320,#5321,#5322,#5323,#5324,#5325,#5326,
#5327,#5328,#5329,#5330,#5331),(#5332,#5333,#5334,#5335,#5336,#5337,#5338,
#5339,#5340,#5341,#5342,#5343,#5344),(#5345,#5346,#5347,#5348,#5349,#5350,
#5351,#5352,#5353,#5354,#5355,#5356,#5357),(#5358,#5359,#5360,#5361,#5362,
#5363,#5364,#5365,#5366,#5367,#5368,#5369,#5370),(#5371,#5372,#5373,#5374,
#5375,#5376,#5377,#5378,#5379,#5380,#5381,#5382,#5383),(#5384,#5385,#5386,
#5387,#5388,#5389,#5390,#5391,#5392,#5393,#5394,#5395,#5396),(#5397,#5398,
#5399,#5400,#5401,#5402,#5403,#5404,#5405,#5406,#5407,#5408,#5409),(#5410,
#5411,#5412,#5413,#5414,#5415,#5416,#5417,#5418,#5419,#5420,#5421,#5422),
(#5423,#5424,#5425,#5426,#5427,#5428,#5429,#5430,#5431,#5432,#5433,#5434,
#5435),(#5436,#5437,#5438,#5439,#5440,#5441,#5442,#5443,#5444,#5445,#5446,
#5447,#5448),(#5449,#5450,#5451,#5452,#5453,#5454,#5455,#5456,#5457,#5458,
#5459,#5460,#5461),(#5462,#5463,#5464,#5465,#5466,#5467,#5468,#5469,#5470,
#5471,#5472,#5473,#5474),(#5475,#5476,#5477,#5478,#5479,#5480,#5481,#5482,
#5483,#5484,#5485,#5486,#5487),(#5488,#5489,#5490,#5491,#5492,#5493,#5494,
#5495,#5496,#5497,#5498,#5499,#5500),(#5501,#5502,#5503,#5504,#5505,#5506,
#5507,#5508,#5509,#5510,#5511,#5512,#5513),(#5514,#5515,#5516,#5517,#5518,
#5519,#5520,#5521,#5522,#5523,#5524,#5525,#5526),(#5527,#5528,#5529,#5530,
#5531,#5532,#5533,#5534,#5535,#5536,#5537,#5538,#5539),(#5540,#5541,#5542,
#5543,#5544,#5545,#5546,#5547,#5548,#5549,#5550,#5551,#5552),(#5553,#5554,
#5555,#5556,#5557,#5558,#5559,#5560,#5561,#5562,#5563,#5564,#5565),(#5566,
#5567,#5568,#5569,#5570,#5571,#5572,#5573,#5574,#5575,#5576,#5577,#5578),
(#5579,#5580,#5581,#5582,#5583,#5584,#5585,#5586,#5587,#5588,#5589,#5590,
#5591),(#5592,#5593,#5594,#5595,#5596,#5597,#5598,#5599,#5600,#5601,#5602,
#5603,#5604),(#5605,#5606,#5607,#5608,#5609,#5610,#5611,#5612,#5613,#5614,
#5615,#5616,#5617),(#5618,#5619,#5620,#5621,#5622,#5623,#5624,#5625,#5626,
#5627,#5628,#5629,#5630)),.UNSPECIFIED.,.F.,.F.,.F.,(4,2,2,1,2,2,2,2,2,
2,2,2,2,2,2,2,4),(4,2,1,1,1,1,1,2,4),(0.,0.0625,0.125,0.1875,0.25,0.3125,
0.375,0.4375,0.5,0.5625,0.625,0.6875,0.75,0.8125,0.875,0.9375,1.),(0.,0.125,
0.25,0.375,0.5,0.625,0.75,0.875,1.),.UNSPECIFIED.);
#611=B_SPLINE_SURFACE_WITH_KNOTS('',3,3,((#5659,#5660,#5661,#5662,#5663,
#5664,#5665,#5666,#5667,#5668,#5669,#5670,#5671),(#5672,#5673,#5674,#5675,
#5676,#5677,#5678,#5679,#5680,#5681,#5682,#5683,#5684),(#5685,#5686,#5687,
#5688,#5689,#5690,#5691,#5692,#5693,#5694,#5695,#5696,#5697),(#5698,#5699,
#5700,#5701,#5702,#5703,#5704,#5705,#5706,#5707,#5708,#5709,#5710),(#5711,
#5712,#5713,#5714,#5715,#5716,#5717,#5718,#5719,#5720,#5721,#5722,#5723),
(#5724,#5725,#5726,#5727,#5728,#5729,#5730,#5731,#5732,#5733,#5734,#5735,
#5736),(#5737,#5738,#5739,#5740,#5741,#5742,#5743,#5744,#5745,#5746,#5747,
#5748,#5749),(#5750,#5751,#5752,#5753,#5754,#5755,#5756,#5757,#5758,#5759,
#5760,#5761,#5762),(#5763,#5764,#5765,#5766,#5767,#5768,#5769,#5770,#5771,
#5772,#5773,#5774,#5775),(#5776,#5777,#5778,#5779,#5780,#5781,#5782,#5783,
#5784,#5785,#5786,#5787,#5788),(#5789,#5790,#5791,#5792,#5793,#5794,#5795,
#5796,#5797,#5798,#5799,#5800,#5801),(#5802,#5803,#5804,#5805,#5806,#5807,
#5808,#5809,#5810,#5811,#5812,#5813,#5814),(#5815,#5816,#5817,#5818,#5819,
#5820,#5821,#5822,#5823,#5824,#5825,#5826,#5827),(#5828,#5829,#5830,#5831,
#5832,#5833,#5834,#5835,#5836,#5837,#5838,#5839,#5840),(#5841,#5842,#5843,
#5844,#5845,#5846,#5847,#5848,#5849,#5850,#5851,#5852,#5853),(#5854,#5855,
#5856,#5857,#5858,#5859,#5860,#5861,#5862,#5863,#5864,#5865,#5866),(#5867,
#5868,#5869,#5870,#5871,#5872,#5873,#5874,#5875,#5876,#5877,#5878,#5879),
(#5880,#5881,#5882,#5883,#5884,#5885,#5886,#5887,#5888,#5889,#5890,#5891,
#5892),(#5893,#5894,#5895,#5896,#5897,#5898,#5899,#5900,#5901,#5902,#5903,
#5904,#5905),(#5906,#5907,#5908,#5909,#5910,#5911,#5912,#5913,#5914,#5915,
#5916,#5917,#5918),(#5919,#5920,#5921,#5922,#5923,#5924,#5925,#5926,#5927,
#5928,#5929,#5930,#5931),(#5932,#5933,#5934,#5935,#5936,#5937,#5938,#5939,
#5940,#5941,#5942,#5943,#5944),(#5945,#5946,#5947,#5948,#5949,#5950,#5951,
#5952,#5953,#5954,#5955,#5956,#5957),(#5958,#5959,#5960,#5961,#5962,#5963,
#5964,#5965,#5966,#5967,#5968,#5969,#5970),(#5971,#5972,#5973,#5974,#5975,
#5976,#5977,#5978,#5979,#5980,#5981,#5982,#5983),(#5984,#5985,#5986,#5987,
#5988,#5989,#5990,#5991,#5992,#5993,#5994,#5995,#5996),(#5997,#5998,#5999,
#6000,#6001,#6002,#6003,#6004,#6005,#6006,#6007,#6008,#6009),(#6010,#6011,
#6012,#6013,#6014,#6015,#6016,#6017,#6018,#6019,#6020,#6021,#6022),(#6023,
#6024,#6025,#6026,#6027,#6028,#6029,#6030,#6031,#6032,#6033,#6034,#6035),
(#6036,#6037,#6038,#6039,#6040,#6041,#6042,#6043,#6044,#6045,#6046,#6047,
#6048),(#6049,#6050,#6051,#6052,#6053,#6054,#6055,#6056,#6057,#6058,#6059,
#6060,#6061),(#6062,#6063,#6064,#6065,#6066,#6067,#6068,#6069,#6070,#6071,
#6072,#6073,#6074),(#6075,#6076,#6077,#6078,#6079,#6080,#6081,#6082,#6083,
#6084,#6085,#6086,#6087)),.UNSPECIFIED.,.F.,.F.,.F.,(4,2,2,1,2,2,2,2,2,
2,2,2,2,2,2,2,4),(4,2,1,1,1,1,1,2,4),(0.,0.0625,0.125,0.1875,0.25,0.3125,
0.375,0.4375,0.5,0.5625,0.625,0.6875,0.75,0.8125,0.875,0.9375,1.),(0.,0.125,
0.25,0.375,0.5,0.625,0.75,0.875,1.),.UNSPECIFIED.);
#612=B_SPLINE_SURFACE_WITH_KNOTS('',1,3,((#6111,#6112,#6113,#6114,#6115,
#6116,#6117,#6118,#6119,#6120,#6121,#6122,#6123,#6124,#6125,#6126,#6127,
#6128,#6129,#6130,#6131,#6132,#6133,#6134,#6135,#6136,#6137,#6138,#6139,
#6140,#6141,#6142,#6143,#6144,#6145,#6146,#6147,#6148,#6149,#6150,#6151,
#6152,#6153,#6154,#6155,#6156,#6157,#6158,#6159,#6160,#6161,#6162,#6163,
#6164,#6165,#6166,#6167,#6168,#6169,#6170,#6171,#6172,#6173,#6174,#6175),
(#6176,#6177,#6178,#6179,#6180,#6181,#6182,#6183,#6184,#6185,#6186,#6187,
#6188,#6189,#6190,#6191,#6192,#6193,#6194,#6195,#6196,#6197,#6198,#6199,
#6200,#6201,#6202,#6203,#6204,#6205,#6206,#6207,#6208,#6209,#6210,#6211,
#6212,#6213,#6214,#6215,#6216,#6217,#6218,#6219,#6220,#6221,#6222,#6223,
#6224,#6225,#6226,#6227,#6228,#6229,#6230,#6231,#6232,#6233,#6234,#6235,
#6236,#6237,#6238,#6239,#6240)),.UNSPECIFIED.,.F.,.F.,.F.,(2,2),(4,2,2,
2,2,2,2,2,2,2,2,2,2,2,2,2,2,2,2,2,2,2,3,2,2,2,2,2,2,2,2,4),(0.58352826637673,
0.75248543028363),(0.0441806583245185,0.0444310336737161,0.0449663473324355,
0.0471076019673134,0.0481782292847524,0.0487135429434719,0.0492488566021913,
0.0513901112370692,0.0524607385545081,0.0535313658719471,0.055672620506825,
0.0578138751417028,0.0588845024591418,0.0594198161178613,0.0599551297765807,
0.0620963844114586,0.0626316980701781,0.0631670117288976,0.0642376390463365,
0.0663788936812144,0.0669142073399339,0.0674495209986533,0.0685201483160923,
0.0706614029509702,0.0717320302684091,0.0722673439271286,0.0728026575858481,
0.0749439122207259,0.0760145395381649,0.0765498531968844,0.0770851668556038,
0.0773530855132925),.UNSPECIFIED.);
#613=ADVANCED_FACE('',(#522),#583,.T.);
#614=ADVANCED_FACE('',(#523,#524,#525,#526),#584,.T.);
#615=ADVANCED_FACE('',(#527,#528,#529,#530),#585,.F.);
#616=ADVANCED_FACE('',(#531,#532,#533,#534),#586,.F.);
#617=ADVANCED_FACE('',(#535,#536,#537,#538),#587,.T.);
#618=ADVANCED_FACE('',(#539),#588,.T.);
#619=ADVANCED_FACE('',(#540),#589,.T.);
#620=ADVANCED_FACE('',(#541),#590,.T.);
#621=ADVANCED_FACE('',(#542),#591,.T.);
#622=ADVANCED_FACE('',(#543),#592,.T.);
#623=ADVANCED_FACE('',(#544),#593,.T.);
#624=ADVANCED_FACE('',(#545),#594,.T.);
#625=ADVANCED_FACE('',(#546),#595,.T.);
#626=ADVANCED_FACE('',(#547),#596,.F.);
#627=ADVANCED_FACE('',(#548),#597,.T.);
#628=ADVANCED_FACE('',(#549),#598,.F.);
#629=ADVANCED_FACE('',(#550),#599,.T.);
#630=ADVANCED_FACE('',(#551),#600,.T.);
#631=ADVANCED_FACE('',(#552),#601,.F.);
#632=ADVANCED_FACE('',(#553),#602,.T.);
#633=ADVANCED_FACE('',(#554),#603,.T.);
#634=ADVANCED_FACE('',(#555),#604,.T.);
#635=ADVANCED_FACE('',(#556),#605,.F.);
#636=ADVANCED_FACE('',(#557),#606,.T.);
#637=ADVANCED_FACE('',(#558),#607,.F.);
#638=ADVANCED_FACE('',(#559),#608,.F.);
#639=ADVANCED_FACE('',(#560),#609,.F.);
#640=ADVANCED_FACE('',(#561,#562),#35,.F.);
#641=ADVANCED_FACE('',(#563),#610,.T.);
#642=ADVANCED_FACE('',(#564),#611,.F.);
#643=ADVANCED_FACE('',(#565),#612,.T.);
#644=ADVANCED_FACE('',(#566,#567),#36,.T.);
#645=ADVANCED_FACE('',(#568,#569),#29,.F.);
#646=ADVANCED_FACE('',(#570,#571),#30,.F.);
#647=ADVANCED_FACE('',(#572,#573),#31,.F.);
#648=ADVANCED_FACE('',(#574,#575),#32,.F.);
#649=ADVANCED_FACE('',(#576),#24,.F.);
#650=ADVANCED_FACE('',(#577),#33,.F.);
#651=ADVANCED_FACE('',(#578),#25,.F.);
#652=ADVANCED_FACE('',(#579),#26,.T.);
#653=ADVANCED_FACE('',(#580),#34,.F.);
#654=ADVANCED_FACE('',(#581),#27,.T.);
#655=ADVANCED_FACE('',(#582),#28,.F.);
#656=CLOSED_SHELL('',(#613,#614,#615,#616,#617,#618,#619,#620,#621,#622,
#623,#624,#625,#626,#627,#628,#629,#630,#631,#632,#633,#634,#635,#636,#637,
#638,#639,#640,#641,#642,#643,#644,#645,#646,#647,#648,#649,#650,#651,#652,
#653,#654,#655));
#657=STYLED_ITEM('',(#658),#665);
#658=PRESENTATION_STYLE_ASSIGNMENT((#659));
#659=SURFACE_STYLE_USAGE(.BOTH.,#660);
#660=SURFACE_SIDE_STYLE('',(#661));
#661=SURFACE_STYLE_FILL_AREA(#662);
#662=FILL_AREA_STYLE('',(#663));
#663=FILL_AREA_STYLE_COLOUR('',#664);
#664=COLOUR_RGB('',0.980392156862745,0.713725490196078,0.00392156862745098);
#665=MANIFOLD_SOLID_BREP('Back Skin',#656);
#666=SHAPE_DEFINITION_REPRESENTATION(#6522,#667);
#667=SHAPE_REPRESENTATION('Back Skin',(#668),#6517);
#668=AXIS2_PLACEMENT_3D('',#710,#680,#681);
#669=AXIS2_PLACEMENT_3D('',#6499,#682,#683);
#670=AXIS2_PLACEMENT_3D('',#6500,#684,#685);
#671=AXIS2_PLACEMENT_3D('',#6501,#686,#687);
#672=AXIS2_PLACEMENT_3D('',#6502,#688,#689);
#673=AXIS2_PLACEMENT_3D('',#6503,#690,#691);
#674=AXIS2_PLACEMENT_3D('',#6506,#694,#695);
#675=AXIS2_PLACEMENT_3D('',#6508,#697,#698);
#676=AXIS2_PLACEMENT_3D('',#6510,#700,#701);
#677=AXIS2_PLACEMENT_3D('',#6512,#703,#704);
#678=AXIS2_PLACEMENT_3D('',#6514,#706,#707);
#679=AXIS2_PLACEMENT_3D('',#6515,#708,#709);
#680=DIRECTION('',(0.,0.,1.));
#681=DIRECTION('',(1.,0.,0.));
#682=DIRECTION('',(0.,-1.,0.));
#683=DIRECTION('',(-1.,0.,0.));
#684=DIRECTION('',(0.,-1.,0.));
#685=DIRECTION('',(-1.,0.,0.));
#686=DIRECTION('',(0.,-1.,0.));
#687=DIRECTION('',(-1.,0.,0.));
#688=DIRECTION('',(0.,-1.,0.));
#689=DIRECTION('',(-1.,0.,0.));
#690=DIRECTION('',(-0.401773619307442,-5.08337274118061E-17,-0.915739023318652));
#691=DIRECTION('',(-0.915739023318652,0.,0.401773619307442));
#692=DIRECTION('',(0.,-1.,5.55111512312579E-17));
#693=DIRECTION('',(0.,-1.,5.55111512312579E-17));
#694=DIRECTION('',(0.,-1.,5.55111512312579E-17));
#695=DIRECTION('',(0.,-5.55111512312579E-17,-1.));
#696=DIRECTION('',(0.,-1.,5.55111512312579E-17));
#697=DIRECTION('',(0.,-5.55111512312579E-17,-1.));
#698=DIRECTION('',(0.,1.,-5.55111512312579E-17));
#699=DIRECTION('',(0.,-1.,5.55111512312579E-17));
#700=DIRECTION('',(-0.401773619307442,5.08337274118061E-17,0.915739023318652));
#701=DIRECTION('',(0.915739023318652,0.,0.401773619307442));
#702=DIRECTION('',(0.,-1.,5.55111512312579E-17));
#703=DIRECTION('',(0.,-1.,5.55111512312579E-17));
#704=DIRECTION('',(0.,-5.55111512312579E-17,-1.));
#705=DIRECTION('',(0.,-1.,5.55111512312579E-17));
#706=DIRECTION('',(-1.,0.,0.));
#707=DIRECTION('',(0.,1.,0.));
#708=DIRECTION('',(-1.,0.,0.));
#709=DIRECTION('',(0.,1.,0.));
#710=CARTESIAN_POINT('',(0.,0.,0.));
#711=CARTESIAN_POINT('',(0.0759997806834749,-7.80625564189563E-18,0.0214790575801166));
#712=CARTESIAN_POINT('',(0.0759997806834749,-0.00398054024775517,0.0214790575801166));
#713=CARTESIAN_POINT('',(0.0759989306377796,-0.00792905846746376,0.0214793367298301));
#714=CARTESIAN_POINT('',(0.0756525811808636,-0.0154889642247147,0.0214800448948348));
#715=CARTESIAN_POINT('',(0.0753077456866923,-0.0190978019109351,0.021480472048208));
#716=CARTESIAN_POINT('',(0.0742851654393995,-0.024112504886149,0.0214809359257758));
#717=CARTESIAN_POINT('',(0.0738599258568717,-0.0257171759441604,0.0214810635168667));
#718=CARTESIAN_POINT('',(0.0728007951063732,-0.0287769888085866,0.0214812477131555));
#719=CARTESIAN_POINT('',(0.0721667723437125,-0.0302322188209166,0.0214813041235132));
#720=CARTESIAN_POINT('',(0.0706503214039978,-0.0329725127155579,0.0214813663369159));
#721=CARTESIAN_POINT('',(0.0697681588284559,-0.0342565587729933,0.0214813760552189));
#722=CARTESIAN_POINT('',(0.0677275569921445,-0.0366376517539225,0.0214813836320368));
#723=CARTESIAN_POINT('',(0.0665692616085572,-0.0377344275302597,0.021481382298854));
#724=CARTESIAN_POINT('',(0.0639550107580031,-0.0397291092329269,0.0214813695974892));
#725=CARTESIAN_POINT('',(0.0625002994296721,-0.0406263360853731,0.021481355592873));
#726=CARTESIAN_POINT('',(0.0592774551867587,-0.0422289268190234,0.0214812839817211));
#727=CARTESIAN_POINT('',(0.0575093131537257,-0.0429344932662824,0.0214812257170805));
#728=CARTESIAN_POINT('',(0.0519085634662658,-0.0447147853210318,0.0214809825596624));
#729=CARTESIAN_POINT('',(0.0476442358105178,-0.0455581051065566,0.0214807162446962));
#730=CARTESIAN_POINT('',(0.0426935124301541,-0.0461516220772188,0.0214804237857742));
#731=CARTESIAN_POINT('',(0.075,-7.80625564189563E-18,0.0215));
#732=CARTESIAN_POINT('',(0.075,-0.00398010878659461,0.0215));
#733=CARTESIAN_POINT('',(0.0749987378199876,-0.00791503471376676,0.0215));
#734=CARTESIAN_POINT('',(0.0746552818694933,-0.0154114710864217,0.0215));
#735=CARTESIAN_POINT('',(0.0743130880990113,-0.0189716365789816,0.0215));
#736=CARTESIAN_POINT('',(0.0733130125678247,-0.0238759334539816,0.0215));
#737=CARTESIAN_POINT('',(0.0728985232448519,-0.0254380405183417,0.0215));
#738=CARTESIAN_POINT('',(0.0718725551500205,-0.0284020366864332,0.0215));
#739=CARTESIAN_POINT('',(0.0712610763781617,-0.0298039257901647,0.0215));
#740=CARTESIAN_POINT('',(0.0698064015618269,-0.0324325851976507,0.0215));
#741=CARTESIAN_POINT('',(0.0689632055173507,-0.0336593555014052,0.0215));
#742=CARTESIAN_POINT('',(0.0670141548720867,-0.0359336210174381,0.0215));
#743=CARTESIAN_POINT('',(0.0659083002712987,-0.0369811162297166,0.0215));
#744=CARTESIAN_POINT('',(0.0634029912297166,-0.0388926752712987,0.0215));
#745=CARTESIAN_POINT('',(0.0620035367889225,-0.0397567391006022,0.0215));
#746=CARTESIAN_POINT('',(0.0588838733236708,-0.0413080236325851,0.0215));
#747=CARTESIAN_POINT('',(0.0571636642992132,-0.0419952443352644,0.0215));
#748=CARTESIAN_POINT('',(0.0516865892470118,-0.043736229042891,0.0215));
#749=CARTESIAN_POINT('',(0.0474812727121534,-0.0445705367788704,0.0215));
#750=CARTESIAN_POINT('',(0.0425744738570351,-0.0451589143885299,0.0215));
#751=CARTESIAN_POINT('',(0.,-0.0465,0.0215));
#752=CARTESIAN_POINT('',(0.0523725830020305,-0.0465,0.0215));
#753=CARTESIAN_POINT('',(0.075,-0.0465,0.0215));
#754=CARTESIAN_POINT('',(0.075,-0.0238725830020306,0.0215));
#755=CARTESIAN_POINT('',(0.075,-1.56125112837912E-17,0.0215));
#756=CARTESIAN_POINT('',(0.0432475022971044,-0.0450761090619749,0.0215));
#757=CARTESIAN_POINT('',(0.0749999999995496,0.,0.0214999999784973));
#758=CARTESIAN_POINT('',(0.0432475022978489,-0.0450761090616212,0.0215000000000017));
#759=CARTESIAN_POINT('',(0.0432475022978489,-0.0454120024574672,0.0214934885979888));
#760=CARTESIAN_POINT('',(0.043247502297163,-0.0457478957948809,0.0214869741819572));
#761=CARTESIAN_POINT('',(0.043247502297163,-0.0460837890755756,0.0214804568425312));
#762=CARTESIAN_POINT('',(0.0432475040096994,-0.0460837890712491,0.0214804566195479));
#763=CARTESIAN_POINT('',(0.0432475022453423,-0.0460837749591606,0.0214804571165547));
#764=CARTESIAN_POINT('',(0.0509017460347771,-0.0451271080050382,0.0214809107231532));
#765=CARTESIAN_POINT('',(0.0598891423930892,-0.0427513643887729,0.0214813925407174));
#766=CARTESIAN_POINT('',(0.0678096921216581,-0.0370023686259146,0.0214813759680662));
#767=CARTESIAN_POINT('',(0.07323367493777,-0.0295532279056582,0.0214814098322367));
#768=CARTESIAN_POINT('',(0.0759918191421362,-0.0174841117283822,0.0214803292368041));
#769=CARTESIAN_POINT('',(0.075999778347379,-0.00588156128310928,0.0214790576290509));
#770=CARTESIAN_POINT('',(0.0759997806834749,-7.80625564189563E-18,0.0214790575801166));
#771=CARTESIAN_POINT('',(0.0759997806834749,7.80625564189563E-18,0.0214790575801166));
#772=CARTESIAN_POINT('',(0.0759997806834749,-7.80625564189563E-18,0.0214790575801166));
#773=CARTESIAN_POINT('',(0.0756665204556499,-7.80625564189563E-18,0.0214860383867444));
#774=CARTESIAN_POINT('',(0.075333260227825,-7.80625564189563E-18,0.0214930191933722));
#775=CARTESIAN_POINT('',(0.075,-7.80625564189563E-18,0.0215));
#776=CARTESIAN_POINT('',(0.,0.0474997806834749,0.0214790575801166));
#777=CARTESIAN_POINT('',(-0.0101845782241415,0.0475006701033681,0.0214790564662549));
#778=CARTESIAN_POINT('',(-0.0254824311336064,0.047487681760169,0.0214794471165108));
#779=CARTESIAN_POINT('',(-0.0433651128268735,0.0463800149308301,0.0214804447764401));
#780=CARTESIAN_POINT('',(-0.0562428166480583,0.0439104330994,0.021481265586991));
#781=CARTESIAN_POINT('',(-0.0658554033353301,0.0391340654691522,0.021481390907128));
#782=CARTESIAN_POINT('',(-0.0719083871103017,0.0319439153135512,0.0214814264735266));
#783=CARTESIAN_POINT('',(-0.0747926660023553,0.0232177705209269,0.0214809430185793));
#784=CARTESIAN_POINT('',(-0.0759968095936199,0.0125284195770003,0.0214797055404581));
#785=CARTESIAN_POINT('',(-0.0759998700253191,0.00464441172925389,0.0214790576368286));
#786=CARTESIAN_POINT('',(-0.0759997806834749,7.80625564189563E-18,0.0214790575801167));
#787=CARTESIAN_POINT('',(-6.08671024192757E-19,0.0474107776472695,0.0172324841990535));
#788=CARTESIAN_POINT('',(-0.0101802606891932,0.0474116672984611,0.0172324848151223));
#789=CARTESIAN_POINT('',(-0.0254701945282246,0.0474007759166985,0.0172554398263839));
#790=CARTESIAN_POINT('',(-0.0433404627788534,0.0463005321808687,0.0173313102773426));
#791=CARTESIAN_POINT('',(-0.0562064666191601,0.0438410038909084,0.0174278957484044));
#792=CARTESIAN_POINT('',(-0.0658077207090088,0.0390777876010192,0.017546114040367));
#793=CARTESIAN_POINT('',(-0.071850961094446,0.0319018268839414,0.0176738191635121));
#794=CARTESIAN_POINT('',(-0.0747276101989745,0.0231897272662384,0.0177848314375594));
#795=CARTESIAN_POINT('',(-0.0759261913584526,0.0125149792590509,0.0178711620377297));
#796=CARTESIAN_POINT('',(-0.0759277183415638,0.00463981678734994,0.0178969983247126));
#797=CARTESIAN_POINT('',(-0.0759276296215593,7.80625564189564E-18,0.0178969971634964));
#798=CARTESIAN_POINT('',(1.21734204838551E-18,0.0473106907474733,0.0108516595438527));
#799=CARTESIAN_POINT('',(-0.0101263564292175,0.0473115575239399,0.0108516622354014));
#800=CARTESIAN_POINT('',(-0.0253437282870003,0.0472884822410919,0.010867307480365));
#801=CARTESIAN_POINT('',(-0.043151059414624,0.0461634978284877,0.0109184482673858));
#802=CARTESIAN_POINT('',(-0.0559926862536763,0.0436859419570247,0.0109826971095727));
#803=CARTESIAN_POINT('',(-0.0655980961128268,0.0389220291607402,0.0110618159167002));
#804=CARTESIAN_POINT('',(-0.0716708938851038,0.0317709160667638,0.0111595817315966));
#805=CARTESIAN_POINT('',(-0.0745897056944587,0.0230965188085865,0.0112533230783314));
#806=CARTESIAN_POINT('',(-0.0758282898209827,0.0124698693445534,0.0113264210730212));
#807=CARTESIAN_POINT('',(-0.075844746529106,0.00462647747523333,0.0113482306855595));
#808=CARTESIAN_POINT('',(-0.0758446614702772,7.6232965252887E-18,0.0113482279795523));
#809=CARTESIAN_POINT('',(-2.07962599932525E-18,0.0469282756078937,0.00182458564231188));
#810=CARTESIAN_POINT('',(-0.0099015215199267,0.0469290726151926,0.0018245918023875));
#811=CARTESIAN_POINT('',(-0.0248023053302516,0.0468679862645058,0.00178973233587203));
#812=CARTESIAN_POINT('',(-0.0422951615885251,0.045666070619988,0.00167057649834108));
#813=CARTESIAN_POINT('',(-0.0549635617429543,0.0431331932811472,0.0015138780098218));
#814=CARTESIAN_POINT('',(-0.0644952032590842,0.0383699145856678,0.00132238738514922));
#815=CARTESIAN_POINT('',(-0.0705907723766611,0.0313042646916444,0.0011605881689976));
#816=CARTESIAN_POINT('',(-0.0735963551275684,0.0227605773186329,0.00105335870710859));
#817=CARTESIAN_POINT('',(-0.07493051462853,0.0123014199800873,0.000971500342268649));
#818=CARTESIAN_POINT('',(-0.0749862740708042,0.00457325409790885,0.000946707556093533));
#819=CARTESIAN_POINT('',(-0.0749861998594549,7.0617136812591E-18,0.00094669080362948));
#820=CARTESIAN_POINT('',(1.19198075571082E-17,0.0462922070538665,-0.00629632829755114));
#821=CARTESIAN_POINT('',(-0.00956600295167694,0.0462929183410692,-0.00629631689031996));
#822=CARTESIAN_POINT('',(-0.023987377673682,0.046185783506712,-0.00639191035943884));
#823=CARTESIAN_POINT('',(-0.0409838548934635,0.0448936130839823,-0.00671641804139189));
#824=CARTESIAN_POINT('',(-0.0533554890480793,0.0423005746472447,-0.00713983008360034));
#825=CARTESIAN_POINT('',(-0.0627274299529261,0.0375526831893023,-0.00765793315884784));
#826=CARTESIAN_POINT('',(-0.0688010123569404,0.0306162967492899,-0.00813785568346943));
#827=CARTESIAN_POINT('',(-0.0718857523654452,0.0222636566696211,-0.00849458654083115));
#828=CARTESIAN_POINT('',(-0.073322067961346,0.0120470333980966,-0.00876794605914805));
#829=CARTESIAN_POINT('',(-0.0734231919186571,0.00448934221251045,-0.00885018660702173));
#830=CARTESIAN_POINT('',(-0.0734231298069688,6.36545259861607E-18,-0.00885022346598023));
#831=CARTESIAN_POINT('',(1.14814183598819E-19,0.0447986172268876,-0.0159466393642057));
#832=CARTESIAN_POINT('',(-0.00889379498369795,0.0447991992168553,-0.0159466117871579));
#833=CARTESIAN_POINT('',(-0.0223441316498949,0.0446245844190493,-0.0161152177102322));
#834=CARTESIAN_POINT('',(-0.038302189914602,0.0432099669736072,-0.016688098641001));
#835=CARTESIAN_POINT('',(-0.0500146734132007,0.0405516558030345,-0.0174347548429743));
#836=CARTESIAN_POINT('',(-0.0589809856711041,0.0358752578924767,-0.0183462963943051));
#837=CARTESIAN_POINT('',(-0.064909581761839,0.0292128020141786,-0.0192136687411599));
#838=CARTESIAN_POINT('',(-0.0680607659294479,0.021247613837053,-0.0198771768504099));
#839=CARTESIAN_POINT('',(-0.0696289378527817,0.0115150463542146,-0.02038236128197));
#840=CARTESIAN_POINT('',(-0.0697966575183895,0.00430539021478952,-0.0205334763769363));
#841=CARTESIAN_POINT('',(-0.0697966111823791,5.28548559086683E-18,-0.0205335521969541));
#842=CARTESIAN_POINT('',(-3.32500919106725E-20,0.0417066658837028,-0.0259140237430697));
#843=CARTESIAN_POINT('',(-0.00771946455588085,0.0417070955512286,-0.0259139532422549));
#844=CARTESIAN_POINT('',(-0.0194625743008664,0.0414548718528532,-0.026130386083114));
#845=CARTESIAN_POINT('',(-0.0335557390811974,0.0399224636541985,-0.0268668692814114));
#846=CARTESIAN_POINT('',(-0.0440370638349015,0.0372444201872992,-0.0278231671979586));
#847=CARTESIAN_POINT('',(-0.0521917009699179,0.0327727087938209,-0.0289790393521879));
#848=CARTESIAN_POINT('',(-0.0577350887844305,0.0266235989687364,-0.0300970332056736));
#849=CARTESIAN_POINT('',(-0.0608621551210382,0.0193653503947908,-0.0309774231851054));
#850=CARTESIAN_POINT('',(-0.0625570032381563,0.0105109659208744,-0.0316454669775471));
#851=CARTESIAN_POINT('',(-0.0628088250452856,0.0039436292936285,-0.0318429777752121));
#852=CARTESIAN_POINT('',(-0.0628087319551896,3.90312782094782E-18,-0.0318430966990316));
#853=CARTESIAN_POINT('',(7.10282007364684E-21,0.0364957005077779,-0.0344392768178795));
#854=CARTESIAN_POINT('',(-0.00609155512936602,0.0364960338786898,-0.0344391592704834));
#855=CARTESIAN_POINT('',(-0.0154520678863355,0.0361848720911975,-0.0346440097376736));
#856=CARTESIAN_POINT('',(-0.0268920057601316,0.0346197209687089,-0.0353361021743248));
#857=CARTESIAN_POINT('',(-0.0355709285994214,0.0320655031616154,-0.0362247847743497));
#858=CARTESIAN_POINT('',(-0.0424981940141272,0.028029527245564,-0.0372901264735385));
#859=CARTESIAN_POINT('',(-0.0473825075212306,0.0226750370075049,-0.0383360639674852));
#860=CARTESIAN_POINT('',(-0.0503045422751428,0.0164665416828935,-0.0391834293105455));
#861=CARTESIAN_POINT('',(-0.052022091939164,0.00893830035101588,-0.0398357491015482));
#862=CARTESIAN_POINT('',(-0.0523434207935027,0.00336120160238684,-0.0400292310675948));
#863=CARTESIAN_POINT('',(-0.0523432866505283,2.5207700510288E-18,-0.0400292768362354));
#864=CARTESIAN_POINT('',(-7.25722920568264E-22,0.0297283030210883,-0.0404162766217037));
#865=CARTESIAN_POINT('',(-0.00438486984906271,0.0297285573435595,-0.040416201037492));
#866=CARTESIAN_POINT('',(-0.0112186214572834,0.0294058428925408,-0.04056536457071));
#867=CARTESIAN_POINT('',(-0.0197762038387814,0.0279620478330371,-0.0410645198481882));
#868=CARTESIAN_POINT('',(-0.0264400538394676,0.0257258073634541,-0.0417025084339969));
#869=CARTESIAN_POINT('',(-0.0319381684095326,0.0223390827441063,-0.0424695716976735));
#870=CARTESIAN_POINT('',(-0.0359777922907267,0.0179727707633498,-0.0432303030271376));
#871=CARTESIAN_POINT('',(-0.0385266677805273,0.0130031814712701,-0.0438540655607631));
#872=CARTESIAN_POINT('',(-0.0401210017233732,0.00703926726475473,-0.044338757436545));
#873=CARTESIAN_POINT('',(-0.0404645239280748,0.00264755106951254,-0.0444837835271425));
#874=CARTESIAN_POINT('',(-0.0404644504633574,1.44080304327956E-18,-0.0444837906727659));
#875=CARTESIAN_POINT('',(1.26615488269357E-22,0.0226991322833427,-0.0439768417566969));
#876=CARTESIAN_POINT('',(-0.0029503187846994,0.0226992824075812,-0.0439768133403301));
#877=CARTESIAN_POINT('',(-0.00762511456033365,0.0224098151079146,-0.0440668194152773));
#878=CARTESIAN_POINT('',(-0.0136419824647327,0.0212024375820036,-0.0443668108257777));
#879=CARTESIAN_POINT('',(-0.0184610554167124,0.0193954674406384,-0.0447502904835309));
#880=CARTESIAN_POINT('',(-0.0225726250980454,0.0167388697450732,-0.0452128235866122));
#881=CARTESIAN_POINT('',(-0.0257101121837656,0.0133901330841352,-0.0456736645371287));
#882=CARTESIAN_POINT('',(-0.0277782772221216,0.00964315967761505,-0.0460533181912342));
#883=CARTESIAN_POINT('',(-0.0291318799568308,0.00519768884979532,-0.0463494066741117));
#884=CARTESIAN_POINT('',(-0.029449820091339,0.00195215558347269,-0.0464383705237595));
#885=CARTESIAN_POINT('',(-0.0294497883064513,7.4454196063653E-19,-0.0464383731518945));
#886=CARTESIAN_POINT('',(-7.41163833771844E-23,0.0135957248451338,-0.0466954325441813));
#887=CARTESIAN_POINT('',(-0.00143705153811602,0.0135957692025435,-0.0466954312058437));
#888=CARTESIAN_POINT('',(-0.00378707584171576,0.0133884125668181,-0.0467241175541061));
#889=CARTESIAN_POINT('',(-0.00696401355314726,0.0125810555029726,-0.0468193968177193));
#890=CARTESIAN_POINT('',(-0.00963007844873819,0.0114168627465819,-0.046941305459198));
#891=CARTESIAN_POINT('',(-0.0120239913899293,0.00976415090512605,-0.0470888751871896));
#892=CARTESIAN_POINT('',(-0.0139492013729858,0.00774083703364001,-0.0472365498959014));
#893=CARTESIAN_POINT('',(-0.0152895856170764,0.00553142050413361,-0.0473587183302581));
#894=CARTESIAN_POINT('',(-0.0162127626904856,0.00295732565208399,-0.0474543284423987));
#895=CARTESIAN_POINT('',(-0.0164487425694105,0.00110669896322751,-0.0474831904704309));
#896=CARTESIAN_POINT('',(-0.0164487405118656,1.82959116606929E-19,-0.0474831920774385));
#897=CARTESIAN_POINT('',(3.70581916885922E-23,0.00587303518338973,-0.0474998187809005));
#898=CARTESIAN_POINT('',(-0.000501759094486912,0.00587303908001943,-0.0474998185835681));
#899=CARTESIAN_POINT('',(-0.00135472207040283,0.00577164044526774,-0.0475000143734086));
#900=CARTESIAN_POINT('',(-0.00257314840548853,0.00539251740558991,-0.0475006870354389));
#901=CARTESIAN_POINT('',(-0.00364513573389394,0.00485893325994685,-0.0475015478674749));
#902=CARTESIAN_POINT('',(-0.00465369801753942,0.00412035398078763,-0.0475025550955673));
#903=CARTESIAN_POINT('',(-0.0055005672801107,0.00323716331539877,-0.0475035104416947));
#904=CARTESIAN_POINT('',(-0.00611456699773747,0.00229358237106321,-0.0475042565815097));
#905=CARTESIAN_POINT('',(-0.00655218799356092,0.00121425061258323,-0.0475048133721959));
#906=CARTESIAN_POINT('',(-0.00666984185046948,0.000451901670006215,-0.0475049743902169));
#907=CARTESIAN_POINT('',(-0.00666984527353277,8.13142998219738E-35,-0.0475049746873017));
#908=CARTESIAN_POINT('',(0.,0.,-0.0475));
#909=CARTESIAN_POINT('',(0.,0.,-0.0475));
#910=CARTESIAN_POINT('',(0.,0.,-0.0475));
#911=CARTESIAN_POINT('',(0.,0.,-0.0475));
#912=CARTESIAN_POINT('',(0.,0.,-0.0475));
#913=CARTESIAN_POINT('',(0.,0.,-0.0475));
#914=CARTESIAN_POINT('',(0.,0.,-0.0475));
#915=CARTESIAN_POINT('',(0.,0.,-0.0475));
#916=CARTESIAN_POINT('',(0.,0.,-0.0475));
#917=CARTESIAN_POINT('',(0.,0.,-0.0475));
#918=CARTESIAN_POINT('',(0.,0.,-0.0475));
#919=CARTESIAN_POINT('',(-0.0184147591414443,0.047318763767681,0.0162970489916807));
#920=CARTESIAN_POINT('',(-0.0190024889694021,0.0472790883918479,0.0148797095341425));
#921=CARTESIAN_POINT('',(-0.0184151260589965,0.0472535562138238,0.0134641110038931));
#922=CARTESIAN_POINT('',(-0.0170011328467654,0.0472566058213678,0.012878120451323));
#923=CARTESIAN_POINT('',(-0.0155847001620643,0.0472862681901053,0.0134635651207625));
#924=CARTESIAN_POINT('',(-0.0149981500399756,0.0473245490474496,0.014879684576679));
#925=CARTESIAN_POINT('',(-0.0155828592527102,0.0473500590350243,0.0162939327953589));
#926=CARTESIAN_POINT('',(-0.0169982005409716,0.0473483984474447,0.0168822132975948));
#927=CARTESIAN_POINT('',(-0.0184147591414443,0.047318763767681,0.0162970489916807));
#928=CARTESIAN_POINT('',(-0.0190024889694021,0.0472790883918479,0.0148797095341425));
#929=CARTESIAN_POINT('',(-0.0184151260589965,0.0472535562138238,0.0134641110038931));
#930=CARTESIAN_POINT('',(-0.0188066401796749,0.0472814455914827,0.0148799996886906));
#931=CARTESIAN_POINT('',(-0.0462886966377135,0.0131311201407294,-0.0408953194987356));
#932=CARTESIAN_POINT('',(-0.0460694360633973,0.0133455779032802,-0.0409386783991473));
#933=CARTESIAN_POINT('',(-0.0457474285493562,0.0136767837416521,-0.0409943514730516));
#934=CARTESIAN_POINT('',(-0.0453448206910506,0.01412122965016,-0.0410493133152409));
#935=CARTESIAN_POINT('',(-0.0448970888174555,0.0146417901719673,-0.04109765818986));
#936=CARTESIAN_POINT('',(-0.0443904620874427,0.0152837047885401,-0.0411270940219458));
#937=CARTESIAN_POINT('',(-0.0438249970487005,0.0160866207387779,-0.041119522114042));
#938=CARTESIAN_POINT('',(-0.0433004623907522,0.0169253791668612,-0.0410682527572081));
#939=CARTESIAN_POINT('',(-0.0426277800283634,0.0181524061274166,-0.0409295782069507));
#940=CARTESIAN_POINT('',(-0.0419662473706915,0.0196789726812128,-0.0406412900359122));
#941=CARTESIAN_POINT('',(-0.0413780807375225,0.0216506465629851,-0.0400786458002971));
#942=CARTESIAN_POINT('',(-0.0410777263401255,0.0235886285451664,-0.0393191075766677));
#943=CARTESIAN_POINT('',(-0.0410469181715949,0.0249708214013741,-0.0386303335656182));
#944=CARTESIAN_POINT('',(-0.0411122023738928,0.0258983560823127,-0.0380968614462881));
#945=CARTESIAN_POINT('',(-0.0411729998161404,0.0264676286439939,-0.0377516840137705));
#946=CARTESIAN_POINT('',(-0.0412854227775678,0.0271636362152841,-0.0372971614378786));
#947=CARTESIAN_POINT('',(-0.0414776762314022,0.0279717683446205,-0.0367165346752836));
#948=CARTESIAN_POINT('',(-0.0417448822037686,0.0287840927768029,-0.0360693507411769));
#949=CARTESIAN_POINT('',(-0.0420091251361871,0.0294234200512237,-0.0355123035472317));
#950=CARTESIAN_POINT('',(-0.0424399214652613,0.0302941137226534,-0.034691604278357));
#951=CARTESIAN_POINT('',(-0.0429615928384756,0.0310972869513702,-0.0338277294240534));
#952=CARTESIAN_POINT('',(-0.0435958498661444,0.0318557721962103,-0.0328917961295252));
#953=CARTESIAN_POINT('',(-0.0440260906646698,0.032296289437602,-0.0322955703034531));
#954=CARTESIAN_POINT('',(-0.0444247570404315,0.0326560447317018,-0.0317682347761191));
#955=CARTESIAN_POINT('',(-0.0447412653881026,0.0329216588216499,-0.0313598113351933));
#956=CARTESIAN_POINT('',(-0.0453645642700724,0.0333988523886897,-0.0305794265044977));
#957=CARTESIAN_POINT('',(-0.0463164004897355,0.0339838917244623,-0.0294659884813112));
#958=CARTESIAN_POINT('',(-0.0473820245767061,0.0344678322798277,-0.0283176162780564));
#959=CARTESIAN_POINT('',(-0.0483291029529782,0.0347941739477226,-0.0273562530241649));
#960=CARTESIAN_POINT('',(-0.0492378739134537,0.0350510345063325,-0.0264650959674124));
#961=CARTESIAN_POINT('',(-0.0504201173539241,0.0352858880094263,-0.0253643764567274));
#962=CARTESIAN_POINT('',(-0.0518922116686316,0.0354175720203034,-0.0240957800827364));
#963=CARTESIAN_POINT('',(-0.053426534384606,0.0354026032986776,-0.0228697720784846));
#964=CARTESIAN_POINT('',(-0.055096510491178,0.0352113389594344,-0.0216435937674025));
#965=CARTESIAN_POINT('',(-0.0567132057018288,0.0348383706207917,-0.0205770310386199));
#966=CARTESIAN_POINT('',(-0.0582845932330216,0.0342947986775998,-0.0196524159058419));
#967=CARTESIAN_POINT('',(-0.0599149608132643,0.0335064684890409,-0.0188217312602009));
#968=CARTESIAN_POINT('',(-0.0619496597982248,0.0321841684356187,-0.017968328099899));
#969=CARTESIAN_POINT('',(-0.0642697453437969,0.029934642152769,-0.0173551832491442));
#970=CARTESIAN_POINT('',(-0.0659144953972495,0.0271724236668947,-0.0174161387718253));
#971=CARTESIAN_POINT('',(-0.0667991400823968,0.0248067007649305,-0.0178617786405063));
#972=CARTESIAN_POINT('',(-0.067391836061271,0.0224660245030728,-0.0185307122175316));
#973=CARTESIAN_POINT('',(-0.0675584283014342,0.0206710210876266,-0.0193006145672341));
#974=CARTESIAN_POINT('',(-0.0675504396742746,0.0194826031564932,-0.0199271419433796));
#975=CARTESIAN_POINT('',(-0.0462864398691944,0.0131283739842643,-0.0408971409261923));
#976=CARTESIAN_POINT('',(-0.0675504396742746,0.0194826031564931,-0.0199271419433796));
#977=CARTESIAN_POINT('',(-0.0675504396742746,0.0194826031564932,-0.0199271419433796));
#978=CARTESIAN_POINT('',(-0.0675436724985228,0.0184758928862697,-0.0204578740432733));
#979=CARTESIAN_POINT('',(-0.0674066540010343,0.0170007156734058,-0.0213602309907972));
#980=CARTESIAN_POINT('',(-0.0670414555560885,0.015386368036693,-0.0225683593381674));
#981=CARTESIAN_POINT('',(-0.0667656859405757,0.0144753538249254,-0.0233197804417127));
#982=CARTESIAN_POINT('',(-0.0663283200516765,0.0132428349904082,-0.0243991373326956));
#983=CARTESIAN_POINT('',(-0.0656704500819334,0.011924794949317,-0.0257389420050951));
#984=CARTESIAN_POINT('',(-0.0647430098934863,0.0106514971745788,-0.027305681504753));
#985=CARTESIAN_POINT('',(-0.0636373906415959,0.00946862642990895,-0.0289776979739126));
#986=CARTESIAN_POINT('',(-0.0625403836122946,0.0087053673120609,-0.0303926487587505));
#987=CARTESIAN_POINT('',(-0.0615196613822722,0.0082285641847792,-0.0315592326009705));
#988=CARTESIAN_POINT('',(-0.0607660548133294,0.00793960140436562,-0.0323787682877578));
#989=CARTESIAN_POINT('',(-0.0599835003290836,0.00773822507022696,-0.0331660224944776));
#990=CARTESIAN_POINT('',(-0.0591666312313822,0.00761612165894639,-0.0339285866959868));
#991=CARTESIAN_POINT('',(-0.058289081209125,0.007547352825819,-0.0347054959043318));
#992=CARTESIAN_POINT('',(-0.056775291475716,0.00758667991345889,-0.0359406707627956));
#993=CARTESIAN_POINT('',(-0.0554416522235885,0.00787751490461438,-0.0368665815690868));
#994=CARTESIAN_POINT('',(-0.0545358602795977,0.00817177807060843,-0.0374295118633737));
#995=CARTESIAN_POINT('',(-0.0545371811011819,0.00817079616537996,-0.037432150428231));
#996=CARTESIAN_POINT('',(-0.04628873122485,0.0131310863112966,-0.0408953126590673));
#997=CARTESIAN_POINT('',(-0.0469047900663557,0.0125389498358059,-0.040768343860467));
#998=CARTESIAN_POINT('',(-0.0481916522370912,0.0114252414839721,-0.0404418142562214));
#999=CARTESIAN_POINT('',(-0.0502746785441905,0.0100725167183133,-0.0396699378414083));
#1000=CARTESIAN_POINT('',(-0.0524099507529231,0.00898286888942139,-0.0386724951323833));
#1001=CARTESIAN_POINT('',(-0.0538282766031737,0.0084067414612946,-0.0378657324989309));
#1002=CARTESIAN_POINT('',(-0.0545358602795977,0.00817177807060845,-0.0374295118633736));
#1003=CARTESIAN_POINT('',(0.,0.0474997806834748,0.0214790575801166));
#1004=CARTESIAN_POINT('',(0.,0.047321877228163,0.0129860353250679));
#1005=CARTESIAN_POINT('',(1.1116739644634E-17,0.047144019295433,-0.00405355067249103));
#1006=CARTESIAN_POINT('',(-1.37684390094091E-18,0.0435439115441393,-0.0229037055545089));
#1007=CARTESIAN_POINT('',(2.54971092766835E-19,0.0361903220540615,-0.0349412098179781));
#1008=CARTESIAN_POINT('',(-1.52982655660101E-19,0.0250408004906639,-0.0442779138293552));
#1009=CARTESIAN_POINT('',(0.,0.0117468637992832,-0.0475));
#1010=CARTESIAN_POINT('',(0.,0.,-0.0475));
#1011=CARTESIAN_POINT('',(-1.58945654514368E-18,0.0474997806834748,0.0214790575801166));
#1012=CARTESIAN_POINT('',(0.,0.,-0.0475));
#1013=CARTESIAN_POINT('',(0.,0.,-0.0475));
#1014=CARTESIAN_POINT('',(-0.00666716191391972,0.,-0.0475));
#1015=CARTESIAN_POINT('',(-0.0197117402228446,2.43945488809239E-19,-0.0474815762706108));
#1016=CARTESIAN_POINT('',(-0.0371832803181406,1.15874107184388E-18,-0.0455492607794747));
#1017=CARTESIAN_POINT('',(-0.0517280569282709,2.43945488809238E-18,-0.0405122229164827));
#1018=CARTESIAN_POINT('',(-0.0628084776317301,3.90312782094782E-18,-0.0318424174843178));
#1019=CARTESIAN_POINT('',(-0.0702082954880349,5.36680075380324E-18,-0.0198695956599812));
#1020=CARTESIAN_POINT('',(-0.0742801993565071,6.64751457005175E-18,-0.00565780076854722));
#1021=CARTESIAN_POINT('',(-0.0758202602159164,7.56231015308639E-18,0.00915863972114125));
#1022=CARTESIAN_POINT('',(-0.0759248790704723,7.80625564189563E-18,0.0179032919208359));
#1023=CARTESIAN_POINT('',(-0.0759997806834748,7.80625564189563E-18,0.0214790575801167));
#1024=CARTESIAN_POINT('',(-0.0759997806834749,7.80625564189563E-18,0.0214790575801166));
#1025=CARTESIAN_POINT('',(1.58945654514368E-18,0.0474997806834748,0.0214790575801166));
#1026=CARTESIAN_POINT('',(-0.00872964313106472,0.0474997806834748,0.0214790575801166));
#1027=CARTESIAN_POINT('',(-0.0243373616681382,0.0474928890530958,0.0214793891519143));
#1028=CARTESIAN_POINT('',(-0.042607800926921,0.0465261129906567,0.0214803961413624));
#1029=CARTESIAN_POINT('',(-0.0562427600236605,0.0439101894224773,0.0214812657307873));
#1030=CARTESIAN_POINT('',(-0.0658554297433923,0.0391342116365123,0.0214813906840471));
#1031=CARTESIAN_POINT('',(-0.0719083381024511,0.0319435743210334,0.0214814272220541));
#1032=CARTESIAN_POINT('',(-0.0749624990899341,0.0227056856887779,0.0214809118090237));
#1033=CARTESIAN_POINT('',(-0.0759978186687952,0.0118793062903214,0.0214796133413703));
#1034=CARTESIAN_POINT('',(-0.0759997806834749,0.00398054024775517,0.0214790575801166));
#1035=CARTESIAN_POINT('',(-0.0759997806834749,7.80625564189563E-18,0.0214790575801166));
#1036=CARTESIAN_POINT('',(-0.0514047695221075,0.0445518805820016,0.016302530023056));
#1037=CARTESIAN_POINT('',(-0.0520082891182612,0.0443549762328951,0.0148821600800722));
#1038=CARTESIAN_POINT('',(-0.0514019150828971,0.0444446738347101,0.0134488277887989));
#1039=CARTESIAN_POINT('',(-0.0499949768240559,0.0447364203243198,0.0128839806703702));
#1040=CARTESIAN_POINT('',(-0.0485947244880172,0.0450387180573812,0.0134554319554759));
#1041=CARTESIAN_POINT('',(-0.0479924402215424,0.0452002906871317,0.0148782511860013));
#1042=CARTESIAN_POINT('',(-0.0485956735724949,0.0451379734968584,0.0163108284767124));
#1043=CARTESIAN_POINT('',(-0.0500135402007423,0.0448777708999395,0.0168765857951369));
#1044=CARTESIAN_POINT('',(-0.0514047695221075,0.0445518805820016,0.016302530023056));
#1045=CARTESIAN_POINT('',(-0.0520082891182612,0.0443549762328951,0.0148821600800722));
#1046=CARTESIAN_POINT('',(-0.0514019150828971,0.0444446738347101,0.0134488277887989));
#1047=CARTESIAN_POINT('',(-0.0518066401796749,0.0444027432247153,0.0148799996886906));
#1048=CARTESIAN_POINT('',(0.,0.0474997806834748,0.0214790575801166));
#1049=CARTESIAN_POINT('',(0.0101845782241415,0.047500670103368,0.0214790564662549));
#1050=CARTESIAN_POINT('',(0.0254824311336064,0.047487681760169,0.0214794471165108));
#1051=CARTESIAN_POINT('',(0.0433651128268735,0.0463800149308301,0.0214804447764401));
#1052=CARTESIAN_POINT('',(0.0562428166480583,0.0439104330994,0.021481265586991));
#1053=CARTESIAN_POINT('',(0.0658554033353301,0.0391340654691522,0.021481390907128));
#1054=CARTESIAN_POINT('',(0.0719083871103017,0.0319439153135512,0.0214814264735266));
#1055=CARTESIAN_POINT('',(0.0747926660023553,0.0232177705209269,0.0214809430185793));
#1056=CARTESIAN_POINT('',(0.0759968095936199,0.0125284195770003,0.0214797055404581));
#1057=CARTESIAN_POINT('',(0.0759998700253191,0.00464441172925389,0.0214790576368286));
#1058=CARTESIAN_POINT('',(0.0759997806834749,7.80625564189563E-18,0.0214790575801167));
#1059=CARTESIAN_POINT('',(6.00760169126422E-19,0.0474107776472695,0.0172324841990536));
#1060=CARTESIAN_POINT('',(0.0101802606891932,0.0474116672984611,0.0172324848151223));
#1061=CARTESIAN_POINT('',(0.0254701945282246,0.0474007759166985,0.017255439826384));
#1062=CARTESIAN_POINT('',(0.0433404627788534,0.0463005321808687,0.0173313102773426));
#1063=CARTESIAN_POINT('',(0.0562064666191601,0.0438410038909083,0.0174278957484044));
#1064=CARTESIAN_POINT('',(0.0658077207090087,0.0390777876010192,0.017546114040367));
#1065=CARTESIAN_POINT('',(0.071850961094446,0.0319018268839413,0.0176738191635121));
#1066=CARTESIAN_POINT('',(0.0747276101989745,0.0231897272662384,0.0177848314375594));
#1067=CARTESIAN_POINT('',(0.0759261913584525,0.0125149792590509,0.0178711620377298));
#1068=CARTESIAN_POINT('',(0.0759277183415638,0.00463981678734995,0.0178969983247126));
#1069=CARTESIAN_POINT('',(0.0759276296215593,7.80625564189564E-18,0.0178969971634964));
#1070=CARTESIAN_POINT('',(-1.20152033825284E-18,0.0473106907474733,0.0108516595438527));
#1071=CARTESIAN_POINT('',(0.0101263564292175,0.0473115575239399,0.0108516622354015));
#1072=CARTESIAN_POINT('',(0.0253437282870003,0.0472884822410919,0.0108673074803651));
#1073=CARTESIAN_POINT('',(0.043151059414624,0.0461634978284877,0.0109184482673858));
#1074=CARTESIAN_POINT('',(0.0559926862536763,0.0436859419570247,0.0109826971095727));
#1075=CARTESIAN_POINT('',(0.0655980961128268,0.0389220291607402,0.0110618159167002));
#1076=CARTESIAN_POINT('',(0.0716708938851038,0.0317709160667638,0.0111595817315967));
#1077=CARTESIAN_POINT('',(0.0745897056944586,0.0230965188085865,0.0112533230783314));
#1078=CARTESIAN_POINT('',(0.0758282898209827,0.0124698693445534,0.0113264210730213));
#1079=CARTESIAN_POINT('',(0.0758447465291059,0.00462647747523331,0.0113482306855596));
#1080=CARTESIAN_POINT('',(0.0758446614702771,7.6232965252887E-18,0.0113482279795523));
#1081=CARTESIAN_POINT('',(2.05259724451527E-18,0.0469282756078937,0.00182458564231191));
#1082=CARTESIAN_POINT('',(0.00990152151992669,0.0469290726151925,0.00182459180238754));
#1083=CARTESIAN_POINT('',(0.0248023053302516,0.0468679862645058,0.00178973233587206));
#1084=CARTESIAN_POINT('',(0.0422951615885251,0.045666070619988,0.0016705764983411));
#1085=CARTESIAN_POINT('',(0.0549635617429543,0.0431331932811472,0.00151387800982184));
#1086=CARTESIAN_POINT('',(0.0644952032590843,0.0383699145856679,0.00132238738514925));
#1087=CARTESIAN_POINT('',(0.0705907723766611,0.0313042646916444,0.00116058816899763));
#1088=CARTESIAN_POINT('',(0.0735963551275684,0.0227605773186329,0.00105335870710863));
#1089=CARTESIAN_POINT('',(0.07493051462853,0.0123014199800873,0.000971500342268696));
#1090=CARTESIAN_POINT('',(0.0749862740708042,0.00457325409790887,0.000946707556093551));
#1091=CARTESIAN_POINT('',(0.0749861998594549,7.06171368125911E-18,0.000946690803629506));
#1092=CARTESIAN_POINT('',(-1.17648866453924E-17,0.0462922070538665,-0.00629632829755111));
#1093=CARTESIAN_POINT('',(0.00956600295167695,0.0462929183410692,-0.00629631689031994));
#1094=CARTESIAN_POINT('',(0.023987377673682,0.046185783506712,-0.00639191035943882));
#1095=CARTESIAN_POINT('',(0.0409838548934635,0.0448936130839822,-0.00671641804139184));
#1096=CARTESIAN_POINT('',(0.0533554890480793,0.0423005746472448,-0.00713983008360034));
#1097=CARTESIAN_POINT('',(0.062727429952926,0.0375526831893023,-0.00765793315884778));
#1098=CARTESIAN_POINT('',(0.0688010123569404,0.0306162967492899,-0.00813785568346939));
#1099=CARTESIAN_POINT('',(0.0718857523654452,0.0222636566696211,-0.00849458654083112));
#1100=CARTESIAN_POINT('',(0.073322067961346,0.0120470333980966,-0.00876794605914802));
#1101=CARTESIAN_POINT('',(0.073423191918657,0.00448934221251043,-0.00885018660702168));
#1102=CARTESIAN_POINT('',(0.0734231298069687,6.36545259861607E-18,-0.00885022346598019));
#1103=CARTESIAN_POINT('',(-1.63106140464637E-18,0.0447986172268876,-0.0159466393642057));
#1104=CARTESIAN_POINT('',(0.00889379498369796,0.0447991992168553,-0.0159466117871579));
#1105=CARTESIAN_POINT('',(0.0223441316498949,0.0446245844190493,-0.0161152177102321));
#1106=CARTESIAN_POINT('',(0.038302189914602,0.0432099669736072,-0.016688098641001));
#1107=CARTESIAN_POINT('',(0.0500146734132007,0.0405516558030345,-0.0174347548429743));
#1108=CARTESIAN_POINT('',(0.0589809856711042,0.0358752578924768,-0.0183462963943051));
#1109=CARTESIAN_POINT('',(0.0649095817618391,0.0292128020141786,-0.0192136687411599));
#1110=CARTESIAN_POINT('',(0.068060765929448,0.021247613837053,-0.0198771768504098));
#1111=CARTESIAN_POINT('',(0.0696289378527818,0.0115150463542146,-0.0203823612819701));
#1112=CARTESIAN_POINT('',(0.0697966575183895,0.00430539021478952,-0.0205334763769363));
#1113=CARTESIAN_POINT('',(0.0697966111823791,5.28548559086683E-18,-0.0205335521969541));
#1114=CARTESIAN_POINT('',(4.72354023836827E-19,0.0417066658837028,-0.0259140237430697));
#1115=CARTESIAN_POINT('',(0.00771946455588086,0.0417070955512287,-0.0259139532422549));
#1116=CARTESIAN_POINT('',(0.0194625743008664,0.0414548718528531,-0.026130386083114));
#1117=CARTESIAN_POINT('',(0.0335557390811974,0.0399224636541985,-0.0268668692814114));
#1118=CARTESIAN_POINT('',(0.0440370638349015,0.0372444201872992,-0.0278231671979586));
#1119=CARTESIAN_POINT('',(0.0521917009699179,0.0327727087938208,-0.0289790393521878));
#1120=CARTESIAN_POINT('',(0.0577350887844304,0.0266235989687364,-0.0300970332056736));
#1121=CARTESIAN_POINT('',(0.0608621551210382,0.0193653503947908,-0.0309774231851054));
#1122=CARTESIAN_POINT('',(0.0625570032381563,0.0105109659208744,-0.031645466977547));
#1123=CARTESIAN_POINT('',(0.0628088250452857,0.00394362929362851,-0.0318429777752121));
#1124=CARTESIAN_POINT('',(0.0628087319551896,3.90312782094782E-18,-0.0318430966990315));
#1125=CARTESIAN_POINT('',(-1.00903349421996E-19,0.0364957005077779,-0.0344392768178795));
#1126=CARTESIAN_POINT('',(0.00609155512936602,0.0364960338786898,-0.0344391592704834));
#1127=CARTESIAN_POINT('',(0.0154520678863355,0.0361848720911976,-0.0346440097376735));
#1128=CARTESIAN_POINT('',(0.0268920057601316,0.0346197209687089,-0.0353361021743248));
#1129=CARTESIAN_POINT('',(0.0355709285994214,0.0320655031616155,-0.0362247847743497));
#1130=CARTESIAN_POINT('',(0.0424981940141273,0.0280295272455641,-0.0372901264735385));
#1131=CARTESIAN_POINT('',(0.0473825075212306,0.0226750370075049,-0.0383360639674852));
#1132=CARTESIAN_POINT('',(0.0503045422751428,0.0164665416828935,-0.0391834293105455));
#1133=CARTESIAN_POINT('',(0.052022091939164,0.00893830035101588,-0.0398357491015482));
#1134=CARTESIAN_POINT('',(0.0523434207935026,0.00336120160238683,-0.0400292310675948));
#1135=CARTESIAN_POINT('',(0.0523432866505283,2.5207700510288E-18,-0.0400292768362355));
#1136=CARTESIAN_POINT('',(1.03096900496388E-20,0.0297283030210883,-0.0404162766217037));
#1137=CARTESIAN_POINT('',(0.0043848698490627,0.0297285573435595,-0.040416201037492));
#1138=CARTESIAN_POINT('',(0.0112186214572833,0.0294058428925407,-0.0405653645707101));
#1139=CARTESIAN_POINT('',(0.0197762038387813,0.0279620478330371,-0.0410645198481883));
#1140=CARTESIAN_POINT('',(0.0264400538394676,0.0257258073634541,-0.041702508433997));
#1141=CARTESIAN_POINT('',(0.0319381684095325,0.0223390827441063,-0.0424695716976735));
#1142=CARTESIAN_POINT('',(0.0359777922907266,0.0179727707633498,-0.0432303030271377));
#1143=CARTESIAN_POINT('',(0.0385266677805272,0.01300318147127,-0.0438540655607631));
#1144=CARTESIAN_POINT('',(0.0401210017233732,0.00703926726475473,-0.0443387574365451));
#1145=CARTESIAN_POINT('',(0.0404645239280748,0.00264755106951253,-0.0444837835271425));
#1146=CARTESIAN_POINT('',(0.0404644504633574,1.44080304327956E-18,-0.044483790672766));
#1147=CARTESIAN_POINT('',(-1.79871188100081E-21,0.0226991322833427,-0.0439768417566969));
#1148=CARTESIAN_POINT('',(0.00295031878469941,0.0226992824075812,-0.0439768133403301));
#1149=CARTESIAN_POINT('',(0.00762511456033368,0.0224098151079146,-0.0440668194152773));
#1150=CARTESIAN_POINT('',(0.0136419824647327,0.0212024375820036,-0.0443668108257777));
#1151=CARTESIAN_POINT('',(0.0184610554167124,0.0193954674406385,-0.0447502904835309));
#1152=CARTESIAN_POINT('',(0.0225726250980454,0.0167388697450733,-0.0452128235866122));
#1153=CARTESIAN_POINT('',(0.0257101121837657,0.0133901330841353,-0.0456736645371286));
#1154=CARTESIAN_POINT('',(0.0277782772221217,0.00964315967761506,-0.0460533181912342));
#1155=CARTESIAN_POINT('',(0.0291318799568309,0.00519768884979533,-0.0463494066741117));
#1156=CARTESIAN_POINT('',(0.029449820091339,0.00195215558347269,-0.0464383705237595));
#1157=CARTESIAN_POINT('',(0.0294497883064514,7.44541960636534E-19,-0.0464383731518944));
#1158=CARTESIAN_POINT('',(1.05290451570779E-21,0.0135957248451338,-0.0466954325441814));
#1159=CARTESIAN_POINT('',(0.00143705153811606,0.0135957692025435,-0.0466954312058438));
#1160=CARTESIAN_POINT('',(0.00378707584171572,0.0133884125668181,-0.0467241175541061));
#1161=CARTESIAN_POINT('',(0.00696401355314725,0.0125810555029725,-0.0468193968177193));
#1162=CARTESIAN_POINT('',(0.00963007844873815,0.0114168627465819,-0.0469413054591981));
#1163=CARTESIAN_POINT('',(0.0120239913899293,0.00976415090512603,-0.0470888751871896));
#1164=CARTESIAN_POINT('',(0.0139492013729858,0.00774083703363999,-0.0472365498959015));
#1165=CARTESIAN_POINT('',(0.0152895856170764,0.0055314205041336,-0.0473587183302581));
#1166=CARTESIAN_POINT('',(0.0162127626904856,0.00295732565208399,-0.0474543284423987));
#1167=CARTESIAN_POINT('',(0.0164487425694105,0.00110669896322751,-0.0474831904704309));
#1168=CARTESIAN_POINT('',(0.0164487405118656,1.82959116606927E-19,-0.0474831920774386));
#1169=CARTESIAN_POINT('',(-5.26452257853894E-22,0.00587303518338979,-0.0474998187809005));
#1170=CARTESIAN_POINT('',(0.000501759094486824,0.00587303908001951,-0.047499818583568));
#1171=CARTESIAN_POINT('',(0.0013547220704029,0.00577164044526781,-0.0475000143734086));
#1172=CARTESIAN_POINT('',(0.00257314840548855,0.00539251740558997,-0.0475006870354389));
#1173=CARTESIAN_POINT('',(0.003645135733894,0.00485893325994692,-0.0475015478674749));
#1174=CARTESIAN_POINT('',(0.00465369801753948,0.00412035398078769,-0.0475025550955673));
#1175=CARTESIAN_POINT('',(0.00550056728011077,0.0032371633153988,-0.0475035104416947));
#1176=CARTESIAN_POINT('',(0.00611456699773755,0.00229358237106323,-0.0475042565815097));
#1177=CARTESIAN_POINT('',(0.00655218799356103,0.00121425061258324,-0.0475048133721959));
#1178=CARTESIAN_POINT('',(0.00666984185046957,0.000451901670006221,-0.0475049743902169));
#1179=CARTESIAN_POINT('',(0.00666984527353286,2.24969562840794E-33,-0.0475049746873017));
#1180=CARTESIAN_POINT('',(0.,0.,-0.0475));
#1181=CARTESIAN_POINT('',(0.,0.,-0.0475));
#1182=CARTESIAN_POINT('',(0.,0.,-0.0475));
#1183=CARTESIAN_POINT('',(0.,0.,-0.0475));
#1184=CARTESIAN_POINT('',(0.,0.,-0.0475));
#1185=CARTESIAN_POINT('',(0.,0.,-0.0475));
#1186=CARTESIAN_POINT('',(0.,0.,-0.0475));
#1187=CARTESIAN_POINT('',(0.,0.,-0.0475));
#1188=CARTESIAN_POINT('',(0.,0.,-0.0475));
#1189=CARTESIAN_POINT('',(0.,0.,-0.0475));
#1190=CARTESIAN_POINT('',(0.,0.,-0.0475));
#1191=CARTESIAN_POINT('',(0.0475964623096906,0.0453186439358941,0.0163114255636844));
#1192=CARTESIAN_POINT('',(0.0469924025865519,0.045374307438655,0.0148780308398191));
#1193=CARTESIAN_POINT('',(0.0475940862660527,0.0452218509123786,0.0134564492091829));
#1194=CARTESIAN_POINT('',(0.0489943028402205,0.0449400011589114,0.0128833714335044));
#1195=CARTESIAN_POINT('',(0.0504036671974216,0.0446700350453865,0.0134502510209269));
#1196=CARTESIAN_POINT('',(0.0510070028946445,0.0445902269082379,0.0148820575092456));
#1197=CARTESIAN_POINT('',(0.0504081620978805,0.0447740848572424,0.0162994129373026));
#1198=CARTESIAN_POINT('',(0.0490132571970726,0.0450782020644467,0.0168772118474733));
#1199=CARTESIAN_POINT('',(0.0475964623096906,0.0453186439358941,0.0163114255636844));
#1200=CARTESIAN_POINT('',(0.0469924025865519,0.045374307438655,0.0148780308398191));
#1201=CARTESIAN_POINT('',(0.0475940862660527,0.0452218509123786,0.0134564492091829));
#1202=CARTESIAN_POINT('',(0.0471933598203251,0.0453396207671488,0.0148799996886906));
#1203=CARTESIAN_POINT('',(0.0461063945007846,0.0133118770940262,-0.0409301652483113));
#1204=CARTESIAN_POINT('',(0.0458914656381336,0.0135279142696403,-0.0409698090934748));
#1205=CARTESIAN_POINT('',(0.0454880345594574,0.0139521726214248,-0.0410350801820061));
#1206=CARTESIAN_POINT('',(0.0448309018098186,0.014717183194702,-0.0411055113822681));
#1207=CARTESIAN_POINT('',(0.0442353118107269,0.0154945240627532,-0.0411294417713847));
#1208=CARTESIAN_POINT('',(0.0437735379380186,0.0161719381756265,-0.0411130815247424));
#1209=CARTESIAN_POINT('',(0.04343508106348,0.016714062918869,-0.0410795244040735));
#1210=CARTESIAN_POINT('',(0.0430767831369972,0.0173251075250754,-0.0410260944560104));
#1211=CARTESIAN_POINT('',(0.0425257446886771,0.0183716313713769,-0.040892864248207));
#1212=CARTESIAN_POINT('',(0.0418772267753342,0.0199251155165272,-0.0405822781685642));
#1213=CARTESIAN_POINT('',(0.0413301287138542,0.0218782443551789,-0.0399992755920341));
#1214=CARTESIAN_POINT('',(0.0411050177061853,0.0234821587346301,-0.0393522609282609));
#1215=CARTESIAN_POINT('',(0.0410545896137199,0.0247171733043484,-0.0387547924866205));
#1216=CARTESIAN_POINT('',(0.0410841251437163,0.0256449117648691,-0.0382513167317685));
#1217=CARTESIAN_POINT('',(0.0411747872979468,0.0265119369736653,-0.037727356905496));
#1218=CARTESIAN_POINT('',(0.0413210715239757,0.0273350436406567,-0.0371784008881935));
#1219=CARTESIAN_POINT('',(0.0414916230212553,0.0280021670885153,-0.0366889485944082));
#1220=CARTESIAN_POINT('',(0.0416644101464444,0.0285390028613207,-0.0362644101456662));
#1221=CARTESIAN_POINT('',(0.0418385582193465,0.0290141151879016,-0.0358702364010626));
#1222=CARTESIAN_POINT('',(0.0420694580729335,0.0295560208073674,-0.0353918786982629));
#1223=CARTESIAN_POINT('',(0.042508987898522,0.0304101390942894,-0.0345721790557774));
#1224=CARTESIAN_POINT('',(0.0430420920765809,0.0312060608272009,-0.0337023882120283));
#1225=CARTESIAN_POINT('',(0.0436858225239266,0.0319537526231776,-0.0327640576693848));
#1226=CARTESIAN_POINT('',(0.0440801109615498,0.0323456842547442,-0.0322237866670792));
#1227=CARTESIAN_POINT('',(0.0443740822017831,0.03260964389266,-0.0318356053319783));
#1228=CARTESIAN_POINT('',(0.0445423232952584,0.0327550898903838,-0.0316163357145616));
#1229=CARTESIAN_POINT('',(0.044834537683559,0.0329959771985089,-0.0312415000619844));
#1230=CARTESIAN_POINT('',(0.0454517504509522,0.0334561885896277,-0.030475320919693));
#1231=CARTESIAN_POINT('',(0.0464135651090099,0.034035194341772,-0.0293571446230822));
#1232=CARTESIAN_POINT('',(0.0474834223734766,0.0345079219654397,-0.0282117767276622));
#1233=CARTESIAN_POINT('',(0.0484308470102036,0.0348254197742643,-0.0272551069813127));
#1234=CARTESIAN_POINT('',(0.0497844260277717,0.0351966271016706,-0.0259341070950427));
#1235=CARTESIAN_POINT('',(0.0512310620780996,0.0353978741737129,-0.0246403488181719));
#1236=CARTESIAN_POINT('',(0.0526260992675411,0.0354068026054164,-0.0235117506445514));
#1237=CARTESIAN_POINT('',(0.0531283560202046,0.0353918282695337,-0.0231165929499829));
#1238=CARTESIAN_POINT('',(0.0539580749691801,0.0353458243144748,-0.0224767812320155));
#1239=CARTESIAN_POINT('',(0.0551728939910356,0.0351963493987018,-0.0215915674940645));
#1240=CARTESIAN_POINT('',(0.0567928835400554,0.0348155562871941,-0.0205272433021649));
#1241=CARTESIAN_POINT('',(0.0583516654133803,0.0342665860340496,-0.0196158987225459));
#1242=CARTESIAN_POINT('',(0.0599779129212906,0.0334706148482205,-0.0187926439738713));
#1243=CARTESIAN_POINT('',(0.0619973555791475,0.0321440099394286,-0.0179530102113373));
#1244=CARTESIAN_POINT('',(0.0643003053825564,0.0298935857075202,-0.0173518970352301));
#1245=CARTESIAN_POINT('',(0.0659296972996914,0.0271392799648216,-0.0174201806993888));
#1246=CARTESIAN_POINT('',(0.0668059107049723,0.0247838527524078,-0.0178674838028913));
#1247=CARTESIAN_POINT('',(0.0673933226856829,0.0224529053473147,-0.0185360539565737));
#1248=CARTESIAN_POINT('',(0.0675583934374748,0.0206658345951687,-0.0193033488574412));
#1249=CARTESIAN_POINT('',(0.0675504396742746,0.0194826031564932,-0.0199271419433796));
#1250=CARTESIAN_POINT('',(0.0461065781027353,0.0133120537026255,-0.0409301982253215));
#1251=CARTESIAN_POINT('',(0.0675504396742746,0.0194826031564931,-0.0199271419433796));
#1252=CARTESIAN_POINT('',(0.0565732017094136,0.0076802369354349,-0.0360493411447234));
#1253=CARTESIAN_POINT('',(0.0556965271662171,0.00782012672469681,-0.0366899770397776));
#1254=CARTESIAN_POINT('',(0.0539058993044495,0.00830395335792886,-0.0378743534052276));
#1255=CARTESIAN_POINT('',(0.0512026177810736,0.00955917245395198,-0.0392792412302093));
#1256=CARTESIAN_POINT('',(0.048517425454289,0.0111406338326597,-0.0403600077739425));
#1257=CARTESIAN_POINT('',(0.0468790242392588,0.0125507554130976,-0.0407800693687827));
#1258=CARTESIAN_POINT('',(0.0461063961030162,0.0133118755156593,-0.0409301649370518));
#1259=CARTESIAN_POINT('',(0.0565731709415863,0.00768001197764872,-0.0360493455871966));
#1260=CARTESIAN_POINT('',(0.0675504396742746,0.0194826031564932,-0.0199271419433796));
#1261=CARTESIAN_POINT('',(0.0675443155087852,0.0185715494878956,-0.0204074444106856));
#1262=CARTESIAN_POINT('',(0.0674313323721179,0.017234529377428,-0.021214093919787));
#1263=CARTESIAN_POINT('',(0.0670871224854192,0.0155453714350647,-0.0224395417819417));
#1264=CARTESIAN_POINT('',(0.0667216403378298,0.0143062999622125,-0.0234522943926044));
#1265=CARTESIAN_POINT('',(0.0663001323852395,0.0132262899113644,-0.0244354171480717));
#1266=CARTESIAN_POINT('',(0.0656250976217667,0.0118667215829631,-0.0258124924093766));
#1267=CARTESIAN_POINT('',(0.0648045903482113,0.0106896678134769,-0.0272290192420431));
#1268=CARTESIAN_POINT('',(0.0637847712064322,0.00965344399246067,-0.0287387336373136));
#1269=CARTESIAN_POINT('',(0.0629676908290524,0.00900859773123798,-0.0298375866144081));
#1270=CARTESIAN_POINT('',(0.0622288197926276,0.00856469122300925,-0.030745585519574));
#1271=CARTESIAN_POINT('',(0.0616139248657322,0.00827093030742522,-0.0314526207795272));
#1272=CARTESIAN_POINT('',(0.0609502581331619,0.00800322539421894,-0.0321829795419899));
#1273=CARTESIAN_POINT('',(0.0602383734496399,0.00779838372886611,-0.0329131876323496));
#1274=CARTESIAN_POINT('',(0.0595201214295149,0.00766509852144209,-0.0336012450099099));
#1275=CARTESIAN_POINT('',(0.0587470394527068,0.00757069187251182,-0.034308490618841));
#1276=CARTESIAN_POINT('',(0.0577592040287381,0.0075456600172456,-0.0351480073046183));
#1277=CARTESIAN_POINT('',(0.0569717888204884,0.00761992806561854,-0.0357559706724534));
#1278=CARTESIAN_POINT('',(0.0565732017094137,0.0076802369354349,-0.0360493411447234));
#1279=CARTESIAN_POINT('',(0.0759997806834749,7.80625564189563E-18,0.0214790575801166));
#1280=CARTESIAN_POINT('',(0.0759997806834749,0.00398054024775517,0.0214790575801166));
#1281=CARTESIAN_POINT('',(0.0759978186687952,0.0118793062903214,0.0214796133413703));
#1282=CARTESIAN_POINT('',(0.0749624990899341,0.0227056856887779,0.0214809118090237));
#1283=CARTESIAN_POINT('',(0.0719083381024511,0.0319435743210334,0.0214814272220541));
#1284=CARTESIAN_POINT('',(0.0658554297433923,0.0391342116365123,0.0214813906840471));
#1285=CARTESIAN_POINT('',(0.0562427600236605,0.0439101894224773,0.0214812657307873));
#1286=CARTESIAN_POINT('',(0.042607800926921,0.0465261129906567,0.0214803961413624));
#1287=CARTESIAN_POINT('',(0.0243373616681382,0.0474928890530958,0.0214793891519143));
#1288=CARTESIAN_POINT('',(0.00872964313106472,0.0474997806834748,0.0214790575801166));
#1289=CARTESIAN_POINT('',(-1.58945654514368E-18,0.0474997806834748,0.0214790575801166));
#1290=CARTESIAN_POINT('',(0.,0.,-0.0475));
#1291=CARTESIAN_POINT('',(0.00666716191391972,0.,-0.0475));
#1292=CARTESIAN_POINT('',(0.0197117402228446,2.43945488809239E-19,-0.0474815762706108));
#1293=CARTESIAN_POINT('',(0.0371832803181406,1.15874107184388E-18,-0.0455492607794747));
#1294=CARTESIAN_POINT('',(0.0517280569282709,2.43945488809238E-18,-0.0405122229164827));
#1295=CARTESIAN_POINT('',(0.0628084776317301,3.90312782094782E-18,-0.0318424174843178));
#1296=CARTESIAN_POINT('',(0.0702082954880349,5.36680075380324E-18,-0.0198695956599812));
#1297=CARTESIAN_POINT('',(0.0742801993565071,6.64751457005175E-18,-0.00565780076854722));
#1298=CARTESIAN_POINT('',(0.0758202602159164,7.56231015308639E-18,0.00915863972114125));
#1299=CARTESIAN_POINT('',(0.0759248790704723,7.80625564189563E-18,0.0179032919208359));
#1300=CARTESIAN_POINT('',(0.0759997806834748,7.80625564189563E-18,0.0214790575801167));
#1301=CARTESIAN_POINT('',(0.0145853233795282,0.0473585921483135,0.0162973321654186));
#1302=CARTESIAN_POINT('',(0.0139975091592754,0.047332487753895,0.0148795732000914));
#1303=CARTESIAN_POINT('',(0.0145847989053208,0.0472951019804118,0.0134643731663594));
#1304=CARTESIAN_POINT('',(0.0159982516589751,0.0472674513783571,0.0128781255623546));
#1305=CARTESIAN_POINT('',(0.0174152051653396,0.0472664465423468,0.0134632838915645));
#1306=CARTESIAN_POINT('',(0.0180018536056026,0.0472927599393471,0.0148798147483773));
#1307=CARTESIAN_POINT('',(0.0174172208231523,0.0473311368357671,0.0162936520120121));
#1308=CARTESIAN_POINT('',(0.0160024677702742,0.047358630113552,0.0168822119807338));
#1309=CARTESIAN_POINT('',(0.0145853233795282,0.0473585921483135,0.0162973321654186));
#1310=CARTESIAN_POINT('',(0.0139975091592754,0.047332487753895,0.0148795732000914));
#1311=CARTESIAN_POINT('',(0.0145847989053208,0.0472951019804118,0.0134643731663594));
#1312=CARTESIAN_POINT('',(0.0141933598203251,0.047330607524051,0.0148799996886906));
#1313=CARTESIAN_POINT('',(0.,0.0465,0.0215));
#1314=CARTESIAN_POINT('',(-0.00872923781528192,0.0465,0.0215));
#1315=CARTESIAN_POINT('',(-0.0165267290497043,0.0464964184840501,0.0215));
#1316=CARTESIAN_POINT('',(-0.0303874232348592,0.0461715172210557,0.0215));
#1317=CARTESIAN_POINT('',(-0.0425128811731041,0.0455288777269667,0.0215));
#1318=CARTESIAN_POINT('',(-0.0559653192657367,0.0429378473433542,0.0215));
#1319=CARTESIAN_POINT('',(-0.06524284543052,0.0383037585164576,0.0215));
#1320=CARTESIAN_POINT('',(-0.0709971735152291,0.0314684930938618,0.0215));
#1321=CARTESIAN_POINT('',(-0.0739708943285292,0.0225318020715416,0.0215));
#1322=CARTESIAN_POINT('',(-0.0746552818694933,0.0154114710864217,0.0215));
#1323=CARTESIAN_POINT('',(-0.0749987378199876,0.00791503471376676,0.0215));
#1324=CARTESIAN_POINT('',(-0.075,0.00398010878659461,0.0215));
#1325=CARTESIAN_POINT('',(-0.075,7.80625564189563E-18,0.0215));
#1326=CARTESIAN_POINT('',(0.,0.0464554875954419,0.019375));
#1327=CARTESIAN_POINT('',(-0.00872765442725609,0.0464554875954419,0.019375));
#1328=CARTESIAN_POINT('',(-0.0165233716405081,0.0464523646415561,0.0193802048550119));
#1329=CARTESIAN_POINT('',(-0.0303802813144817,0.04612912758185,0.0193984218475536));
#1330=CARTESIAN_POINT('',(-0.0425017182727044,0.0454888993702095,0.0194244461226133));
#1331=CARTESIAN_POINT('',(-0.0559478498811254,0.0429032170128476,0.0194790971002385));
#1332=CARTESIAN_POINT('',(-0.0652192289398626,0.0382756971798764,0.0195415553603817));
#1333=CARTESIAN_POINT('',(-0.0709680036890352,0.0314477115839778,0.0196040136205248));
#1334=CARTESIAN_POINT('',(-0.0739371993296527,0.0225185010862233,0.01965866459815));
#1335=CARTESIAN_POINT('',(-0.0746195451256268,0.0154029508261243,0.0196846888732097));
#1336=CARTESIAN_POINT('',(-0.0749615916469786,0.00791102198784433,0.0197029058657515));
#1337=CARTESIAN_POINT('',(-0.0749624652703433,0.00397821323253678,0.0197081107207634));
#1338=CARTESIAN_POINT('',(-0.0749624652703433,7.80625564189563E-18,0.0197081107207634));
#1339=CARTESIAN_POINT('',(0.,0.0464165392414537,0.01725));
#1340=CARTESIAN_POINT('',(-0.00871879761200027,0.0464165392414537,0.01725));
#1341=CARTESIAN_POINT('',(-0.0165070831473419,0.0464127659595302,0.0172573742866516));
#1342=CARTESIAN_POINT('',(-0.0303517934771876,0.0460880816191125,0.0172831842899322));
#1343=CARTESIAN_POINT('',(-0.0424636988059566,0.0454462595021241,0.0173200557231903));
#1344=CARTESIAN_POINT('',(-0.0559026556639289,0.0428602012057874,0.0173974857330323));
#1345=CARTESIAN_POINT('',(-0.0651727472275302,0.0382357678444834,0.0174859771728515));
#1346=CARTESIAN_POINT('',(-0.0709245313103323,0.0314147713211281,0.0175744686126709));
#1347=CARTESIAN_POINT('',(-0.0738990876986683,0.0224958853856666,0.0176518986225128));
#1348=CARTESIAN_POINT('',(-0.0745850413339779,0.0153883922186041,0.0176887700557709));
#1349=CARTESIAN_POINT('',(-0.0749298275681158,0.00790424692783169,0.0177145800590515));
#1350=CARTESIAN_POINT('',(-0.0749316369845987,0.00397518791979112,0.0177219543457031));
#1351=CARTESIAN_POINT('',(-0.0749316369845987,7.77576245579448E-18,0.0177219543457031));
#1352=CARTESIAN_POINT('',(0.,0.0463260222970098,0.0130166015625));
#1353=CARTESIAN_POINT('',(-0.00868472141862327,0.0463260222970098,0.0130166015625));
#1354=CARTESIAN_POINT('',(-0.0164444972696469,0.0463191698588067,0.0130240330696106));
#1355=CARTESIAN_POINT('',(-0.0302425386137301,0.0459867598800555,0.0130500433444977));
#1356=CARTESIAN_POINT('',(-0.0423181392257903,0.0453356447989594,0.0130872008800507));
#1357=CARTESIAN_POINT('',(-0.0557301776802661,0.0427409406593903,0.0131652317047119));
#1358=CARTESIAN_POINT('',(-0.0649960041708614,0.0381193732579315,0.0132544097900391));
#1359=CARTESIAN_POINT('',(-0.07075995996459,0.0313151953175441,0.0133435878753662));
#1360=CARTESIAN_POINT('',(-0.0737555770957453,0.0224257440281147,0.0134216187000275));
#1361=CARTESIAN_POINT('',(-0.0744555779425153,0.0153428753736752,0.0134587762355804));
#1362=CARTESIAN_POINT('',(-0.0748110113585696,0.00788289152973861,0.0134847865104675));
#1363=CARTESIAN_POINT('',(-0.0748164443512387,0.00396566201076331,0.0134922180175781));
#1364=CARTESIAN_POINT('',(-0.0748164443512387,7.66141300791515E-18,0.0134922180175781));
#1365=CARTESIAN_POINT('',(0.,0.0462744537065542,0.010908203125));
#1366=CARTESIAN_POINT('',(-0.00865945765408434,0.0462744537065542,0.010908203125));
#1367=CARTESIAN_POINT('',(-0.0163981222817474,0.0462651724401091,0.0109135258992513));
#1368=CARTESIAN_POINT('',(-0.0301616456915632,0.045926484103736,0.0109321556091309));
#1369=CARTESIAN_POINT('',(-0.0422104430650084,0.0452676699638801,0.0109587694803874));
#1370=CARTESIAN_POINT('',(-0.0556027344702443,0.0426646959200535,0.011014658610026));
#1371=CARTESIAN_POINT('',(-0.0648656092246548,0.0380429080067727,0.0110785319010417));
#1372=CARTESIAN_POINT('',(-0.0706387698822726,0.0312485595768096,0.0111424051920573));
#1373=CARTESIAN_POINT('',(-0.0736501335470566,0.0223782183711194,0.011198294321696));
#1374=CARTESIAN_POINT('',(-0.0743605990976137,0.0153119171362667,0.0112249081929525));
#1375=CARTESIAN_POINT('',(-0.0747239582697921,0.00786831119165815,0.011243537902832));
#1376=CARTESIAN_POINT('',(-0.0747320846666918,0.00395916141448117,0.0112488606770833));
#1377=CARTESIAN_POINT('',(-0.0747320846666918,7.57755674613697E-18,0.0112488606770833));
#1378=CARTESIAN_POINT('',(0.,0.0461349479515689,0.006724609375));
#1379=CARTESIAN_POINT('',(-0.00858952542565309,0.0461349479515689,0.006724609375));
#1380=CARTESIAN_POINT('',(-0.0162691984385436,0.0461194698084342,0.00672302500406901));
#1381=CARTESIAN_POINT('',(-0.0299350816328262,0.0457647855709964,0.00671747970581055));
#1382=CARTESIAN_POINT('',(-0.0419066077256195,0.0450863733823901,0.0067095578511556));
#1383=CARTESIAN_POINT('',(-0.0552372327455304,0.0424625195299338,0.00669292195638021));
#1384=CARTESIAN_POINT('',(-0.0644833304643777,0.0378406416705468,0.00667390950520833));
#1385=CARTESIAN_POINT('',(-0.0702727673334042,0.0310722146455018,0.00665489705403646));
#1386=CARTESIAN_POINT('',(-0.0733191394368794,0.0222519765747284,0.00663826115926107));
#1387=CARTESIAN_POINT('',(-0.07405422814036,0.0152292780961182,0.00663033930460613));
#1388=CARTESIAN_POINT('',(-0.0744364222778636,0.00782906462754203,0.00662479400634767));
#1389=CARTESIAN_POINT('',(-0.0744510720636269,0.00394146917221955,0.00662320963541667));
#1390=CARTESIAN_POINT('',(-0.0744510720636269,7.36410444342889E-18,0.00662320963541667));
#1391=CARTESIAN_POINT('',(0.,0.0459590736225094,0.00257421875));
#1392=CARTESIAN_POINT('',(-0.00849996567155287,0.0459590736225094,0.00257421875));
#1393=CARTESIAN_POINT('',(-0.0161037107818825,0.0459360471460458,0.00256303755442301));
#1394=CARTESIAN_POINT('',(-0.029643105697351,0.0455618880533121,0.00252390336990355));
#1395=CARTESIAN_POINT('',(-0.0415135425129788,0.0448596228207718,0.00246799739201863));
#1396=CARTESIAN_POINT('',(-0.054760307970752,0.0422104482089918,0.00235059483846027));
#1397=CARTESIAN_POINT('',(-0.0639788804306451,0.0375887397077821,0.00221642049153645));
#1398=CARTESIAN_POINT('',(-0.0697826688943816,0.0308524414077717,0.00208224614461262));
#1399=CARTESIAN_POINT('',(-0.0728677945976199,0.0220941986166789,0.00196484359105428));
#1400=CARTESIAN_POINT('',(-0.0736313255391754,0.0151256381117671,0.00190893761316935));
#1401=CARTESIAN_POINT('',(-0.0740354286182721,0.00777956086539591,0.0018698034286499));
#1402=CARTESIAN_POINT('',(-0.074057766226591,0.00391898798878932,0.00185862223307292));
#1403=CARTESIAN_POINT('',(-0.074057766226591,7.10491236156907E-18,0.00185862223307292));
#1404=CARTESIAN_POINT('',(0.,0.0456629654700879,-0.0014765625));
#1405=CARTESIAN_POINT('',(-0.0083633111316476,0.0456629654700879,-0.0014765625));
#1406=CARTESIAN_POINT('',(-0.0158499480244546,0.0456303928769254,-0.0015));
#1407=CARTESIAN_POINT('',(-0.0291914612750007,0.045232021154823,-0.00158203125));
#1408=CARTESIAN_POINT('',(-0.0409003919286239,0.0445004228969432,-0.00169921875));
#1409=CARTESIAN_POINT('',(-0.0540022127539566,0.0418227227565533,-0.0019453125));
#1410=CARTESIAN_POINT('',(-0.0631574384243747,0.0372077176184747,-0.0022265625));
#1411=CARTESIAN_POINT('',(-0.0689598563045881,0.0305220261407083,-0.0025078125));
#1412=CARTESIAN_POINT('',(-0.0720820611238281,0.0218558878833744,-0.00275390625));
#1413=CARTESIAN_POINT('',(-0.0728776570251746,0.0149674048335998,-0.00287109375));
#1414=CARTESIAN_POINT('',(-0.0733070524235394,0.00770255346616896,-0.002953125));
#1415=CARTESIAN_POINT('',(-0.0733386498712308,0.00388310994998815,-0.0029765625));
#1416=CARTESIAN_POINT('',(-0.0733386498712308,6.76948731445637E-18,-0.0029765625));
#1417=CARTESIAN_POINT('',(0.,0.0452829920683786,-0.0054609375));
#1418=CARTESIAN_POINT('',(-0.00819918933160624,0.0452829920683787,-0.0054609375));
#1419=CARTESIAN_POINT('',(-0.0155446013933579,0.0452402270317865,-0.005496826171875));
#1420=CARTESIAN_POINT('',(-0.0286461336038994,0.0448163838604738,-0.0056224365234375));
#1421=CARTESIAN_POINT('',(-0.0401575962753997,0.0440542275910325,-0.0058018798828125));
#1422=CARTESIAN_POINT('',(-0.0530769184180355,0.0413492381034407,-0.0061787109375));
#1423=CARTESIAN_POINT('',(-0.062145252955545,0.0367472110291635,-0.006609375));
#1424=CARTESIAN_POINT('',(-0.0679340316543971,0.0301243971507339,-0.0070400390625));
#1425=CARTESIAN_POINT('',(-0.0710892337880402,0.0215685805364734,-0.0074168701171875));
#1426=CARTESIAN_POINT('',(-0.0719173353539489,0.0147755792058193,-0.0075963134765625));
#1427=CARTESIAN_POINT('',(-0.0723727784207337,0.00760829962789117,-0.007721923828125));
#1428=CARTESIAN_POINT('',(-0.0724141707045642,0.00383862399698466,-0.0077578125));
#1429=CARTESIAN_POINT('',(-0.0724141707045642,6.40356908124251E-18,-0.0077578125));
#1430=CARTESIAN_POINT('',(0.,0.0450510727428801,-0.00741992187500002));
#1431=CARTESIAN_POINT('',(-0.00810327546099814,0.0450510727428801,-0.00741992187500002));
#1432=CARTESIAN_POINT('',(-0.0153659272950665,0.0450028798766663,-0.00746213356653851));
#1433=CARTESIAN_POINT('',(-0.0283262887693713,0.0445656441260677,-0.00760987448692323));
#1434=CARTESIAN_POINT('',(-0.0397209544931439,0.0437875583572978,-0.00782093294461568));
#1435=CARTESIAN_POINT('',(-0.0525302390811294,0.0410694726193416,-0.00826415570576986));
#1436=CARTESIAN_POINT('',(-0.0615434230095101,0.0364770085932388,-0.00877069600423177));
#1437=CARTESIAN_POINT('',(-0.0673193597004992,0.029891730902587,-0.00927723630269369));
#1438=CARTESIAN_POINT('',(-0.0704891426604553,0.0214001899979266,-0.00972045906384786));
#1439=CARTESIAN_POINT('',(-0.0713337845400726,0.0146626781038027,-0.00993151752154032));
#1440=CARTESIAN_POINT('',(-0.0718026775977295,0.00755243126564556,-0.010079258441925));
#1441=CARTESIAN_POINT('',(-0.0718492497155776,0.00381200950704958,-0.0101214701334635));
#1442=CARTESIAN_POINT('',(-0.0718492497155776,6.205363371585E-18,-0.0101214701334635));
#1443=CARTESIAN_POINT('',(0.,0.0444796205049884,-0.0112548828125));
#1444=CARTESIAN_POINT('',(-0.00788038225416893,0.0444796205049884,-0.0112548828125));
#1445=CARTESIAN_POINT('',(-0.0149502392232453,0.0444202458611733,-0.0113090256055196));
#1446=CARTESIAN_POINT('',(-0.0275805549332574,0.0439559710404651,-0.0114985253810883));
#1447=CARTESIAN_POINT('',(-0.0387007697744214,0.0431461706866791,-0.0117692393461863));
#1448=CARTESIAN_POINT('',(-0.0512467816867694,0.0404057002536538,-0.0123377386728922));
#1449=CARTESIAN_POINT('',(-0.0601218345042435,0.0358414020484004,-0.0129874521891276));
#1450=CARTESIAN_POINT('',(-0.0658566384787463,0.0293463536342673,-0.013637165705363));
#1451=CARTESIAN_POINT('',(-0.0690492628595589,0.0210047680078334,-0.0142056650320689));
#1452=CARTESIAN_POINT('',(-0.0699265115487467,0.0143962517352164,-0.0144763789971669));
#1453=CARTESIAN_POINT('',(-0.0704224388702701,0.00741950048944866,-0.0146658787727356));
#1454=CARTESIAN_POINT('',(-0.0704797418471997,0.00374800427380633,-0.0147200215657552));
#1455=CARTESIAN_POINT('',(-0.0704797418471997,5.78608206269413E-18,-0.0147200215657552));
#1456=CARTESIAN_POINT('',(0.,0.0441400875925953,-0.013130859375));
#1457=CARTESIAN_POINT('',(-0.0077533512618824,0.0441400875925953,-0.013130859375));
#1458=CARTESIAN_POINT('',(-0.0147131348516012,0.0440749590008004,-0.0131906102498372));
#1459=CARTESIAN_POINT('',(-0.0271545190347355,0.0435970376892687,-0.0133997383117676));
#1460=CARTESIAN_POINT('',(-0.0381170444274738,0.042771452249795,-0.0136984926859538));
#1461=CARTESIAN_POINT('',(-0.0505098163760783,0.0400216933720651,-0.0143258768717448));
#1462=CARTESIAN_POINT('',(-0.0593019177483116,0.0354759979394867,-0.0150428873697917));
#1463=CARTESIAN_POINT('',(-0.0650084794417523,0.0290336426140945,-0.0157598978678385));
#1464=CARTESIAN_POINT('',(-0.0682094176874261,0.0207777365562869,-0.0163872820536296));
#1465=CARTESIAN_POINT('',(-0.0691027619290123,0.0142427264686465,-0.0166860364278158));
#1466=CARTESIAN_POINT('',(-0.0696122945088069,0.00734243807549739,-0.0168951644897461));
#1467=CARTESIAN_POINT('',(-0.0696751549678083,0.00371061353049815,-0.0169549153645834));
#1468=CARTESIAN_POINT('',(-0.0696751549678083,5.56500646346075E-18,-0.0169549153645834));
#1469=CARTESIAN_POINT('',(0.,0.0433296598433074,-0.016783203125));
#1470=CARTESIAN_POINT('',(-0.00746568504096166,0.0433296598433075,-0.016783203125));
#1471=CARTESIAN_POINT('',(-0.0141758116559455,0.0432530343346509,-0.0168527704874675));
#1472=CARTESIAN_POINT('',(-0.0261876282812614,0.0427486259277585,-0.0170962562561035));
#1473=CARTESIAN_POINT('',(-0.0367903880525528,0.0418930601312871,-0.0174440930684408));
#1474=CARTESIAN_POINT('',(-0.0488292761564937,0.0391312431289947,-0.0181745503743489));
#1475=CARTESIAN_POINT('',(-0.0574242922280352,0.03463468465822,-0.0190093587239584));
#1476=CARTESIAN_POINT('',(-0.0630562762992942,0.0283158345360161,-0.0198441670735677));
#1477=CARTESIAN_POINT('',(-0.066265528913907,0.0202558655573868,-0.0205746243794759));
#1478=CARTESIAN_POINT('',(-0.067189717055989,0.0138884041826531,-0.0209224611918132));
#1479=CARTESIAN_POINT('',(-0.0677259889197996,0.007163408030397,-0.0211659469604492));
#1480=CARTESIAN_POINT('',(-0.0678001667125693,0.00362302256400227,-0.0212355143229166));
#1481=CARTESIAN_POINT('',(-0.0678001667125693,5.10760867194343E-18,-0.0212355143229166));
#1482=CARTESIAN_POINT('',(0.,0.0428587650064128,-0.0185595703125));
#1483=CARTESIAN_POINT('',(-0.00730502507545152,0.0428587650064128,-0.0185595703125));
#1484=CARTESIAN_POINT('',(-0.013875549542401,0.0427763896861297,-0.0186333460807801));
#1485=CARTESIAN_POINT('',(-0.0256467030808183,0.0422591184357808,-0.0188915612697601));
#1486=CARTESIAN_POINT('',(-0.0360473696724862,0.041389326575649,-0.0192604401111603));
#1487=CARTESIAN_POINT('',(-0.0478856115764249,0.0386246834408569,-0.0200350856781006));
#1488=CARTESIAN_POINT('',(-0.0563665077070082,0.0341586078386273,-0.0209203948974609));
#1489=CARTESIAN_POINT('',(-0.0619521796279687,0.027910539038521,-0.0218057041168213));
#1490=CARTESIAN_POINT('',(-0.0651614582565627,0.019960832702502,-0.0225803496837616));
#1491=CARTESIAN_POINT('',(-0.0661004086612347,0.0136874514907926,-0.0229492285251617));
#1492=CARTESIAN_POINT('',(-0.0666498246001461,0.00706134460082526,-0.0232074437141419));
#1493=CARTESIAN_POINT('',(-0.0667297653367216,0.00357276759885877,-0.0232812194824219));
#1494=CARTESIAN_POINT('',(-0.0667297653367216,4.87128647965948E-18,-0.0232812194824219));
#1495=CARTESIAN_POINT('',(0.,0.0417618650705153,-0.02199609375));
#1496=CARTESIAN_POINT('',(-0.00694915933380449,0.0417618650705153,-0.02199609375));
#1497=CARTESIAN_POINT('',(-0.013210058793254,0.0416683773009931,-0.0220764269828797));
#1498=CARTESIAN_POINT('',(-0.024446374322936,0.0411273731145887,-0.0223575932979584));
#1499=CARTESIAN_POINT('',(-0.0343966732340893,0.0402323402808238,-0.0227592594623565));
#1500=CARTESIAN_POINT('',(-0.0457835000504089,0.0374715971591165,-0.0236027584075928));
#1501=CARTESIAN_POINT('',(-0.0540022519119943,0.0330816036333394,-0.0245667572021485));
#1502=CARTESIAN_POINT('',(-0.0594745937050224,0.026996354566452,-0.0255307559967041));
#1503=CARTESIAN_POINT('',(-0.0626733086061705,0.019294896217383,-0.0263742549419404));
#1504=CARTESIAN_POINT('',(-0.0636393015904677,0.0132325162331483,-0.0267759211063385));
#1505=CARTESIAN_POINT('',(-0.0642137260190905,0.00682914872344169,-0.0270570874214172));
#1506=CARTESIAN_POINT('',(-0.0643051539555646,0.00345772774187152,-0.0271374206542969));
#1507=CARTESIAN_POINT('',(-0.0643051539555646,4.3910187985663E-18,-0.0271374206542969));
#1508=CARTESIAN_POINT('',(0.,0.0411358599715123,-0.02365625));
#1509=CARTESIAN_POINT('',(-0.00675393402844461,0.0411358599715123,-0.02365625));
#1510=CARTESIAN_POINT('',(-0.0128447959815113,0.0410370095643778,-0.0237389322916666));
#1511=CARTESIAN_POINT('',(-0.0237869152292689,0.0404851352853744,-0.0240283203125));
#1512=CARTESIAN_POINT('',(-0.0334889262131899,0.0395790875416366,-0.0244417317708333));
#1513=CARTESIAN_POINT('',(-0.0446249823110282,0.0368250705655141,-0.0253098958333333));
#1514=CARTESIAN_POINT('',(-0.0526957208297619,0.0324806762476442,-0.0263020833333334));
#1515=CARTESIAN_POINT('',(-0.0581010629538026,0.0264874655918782,-0.0272942708333333));
#1516=CARTESIAN_POINT('',(-0.0612892082530348,0.018923992587149,-0.0281624348958333));
#1517=CARTESIAN_POINT('',(-0.0622674925395554,0.0129785336673645,-0.0285758463541666));
#1518=CARTESIAN_POINT('',(-0.0628537893165354,0.00669901627562986,-0.028865234375));
#1519=CARTESIAN_POINT('',(-0.0629509439502552,0.00339294285002776,-0.0289479166666667));
#1520=CARTESIAN_POINT('',(-0.0629509439502552,4.14707330975706E-18,-0.0289479166666667));
#1521=CARTESIAN_POINT('',(0.,0.0397049911737913,-0.02684375));
#1522=CARTESIAN_POINT('',(-0.00632994820580856,0.0397049911737913,-0.02684375));
#1523=CARTESIAN_POINT('',(-0.01205099548265,0.0395961925458512,-0.0269290364583333));
#1524=CARTESIAN_POINT('',(-0.0223519841376979,0.039025802174918,-0.0272275390625));
#1525=CARTESIAN_POINT('',(-0.0315114225363512,0.038102618688932,-0.0276539713541667));
#1526=CARTESIAN_POINT('',(-0.0420946165986266,0.0353747527005848,-0.0285494791666667));
#1527=CARTESIAN_POINT('',(-0.0498331329340932,0.0311399607019672,-0.0295729166666667));
#1528=CARTESIAN_POINT('',(-0.0550808559270643,0.0253552836054853,-0.0305963541666667));
#1529=CARTESIAN_POINT('',(-0.0582342685372704,0.0180986384868525,-0.0314918619791667));
#1530=CARTESIAN_POINT('',(-0.0592330577123294,0.0124120918856775,-0.0319182942708334));
#1531=CARTESIAN_POINT('',(-0.0598406639750374,0.00640771015756915,-0.032216796875));
#1532=CARTESIAN_POINT('',(-0.059948875650216,0.00324723217673079,-0.0323020833333333));
#1533=CARTESIAN_POINT('',(-0.059948875650216,3.65918233213858E-18,-0.0323020833333333));
#1534=CARTESIAN_POINT('',(0.,0.0389001274750733,-0.02837109375));
#1535=CARTESIAN_POINT('',(-0.0061011741946129,0.0389001274750733,-0.02837109375));
#1536=CARTESIAN_POINT('',(-0.0116224341811724,0.038786745667158,-0.028456635316213));
#1537=CARTESIAN_POINT('',(-0.0215764737664605,0.0382087171073524,-0.0287560307979584));
#1538=CARTESIAN_POINT('',(-0.0304416182300086,0.0372794236035718,-0.0291837386290232));
#1539=CARTESIAN_POINT('',(-0.0407227197101473,0.0345710022839636,-0.0300819250742594));
#1540=CARTESIAN_POINT('',(-0.0482770347955284,0.0304002314208259,-0.0311084238688151));
#1541=CARTESIAN_POINT('',(-0.0534341509769669,0.0247320602869874,-0.0321349226633708));
#1542=CARTESIAN_POINT('',(-0.0565634144156672,0.0176442559076976,-0.033033109108607));
#1543=CARTESIAN_POINT('',(-0.0575704247673711,0.0120996873429833,-0.0334608169396719));
#1544=CARTESIAN_POINT('',(-0.0581874736493545,0.00624657013237186,-0.0337602124214173));
#1545=CARTESIAN_POINT('',(-0.0583010173554861,0.00316632562102136,-0.0338457539876302));
#1546=CARTESIAN_POINT('',(-0.0583010173554861,3.41523684332934E-18,-0.0338457539876302));
#1547=CARTESIAN_POINT('',(0.,0.0370877931403152,-0.0312763671875));
#1548=CARTESIAN_POINT('',(-0.00561335342076002,0.0370877931403152,-0.0312763671875));
#1549=CARTESIAN_POINT('',(-0.0107077965212178,0.036966494708828,-0.0313603154818217));
#1550=CARTESIAN_POINT('',(-0.0199188826657293,0.0363779143120057,-0.0316541345119477));
#1551=CARTESIAN_POINT('',(-0.0281518123418839,0.0354433503813353,-0.0320738759835561));
#1552=CARTESIAN_POINT('',(-0.0377777591034364,0.0327903466271507,-0.0329553330739339));
#1553=CARTESIAN_POINT('',(-0.0449254473720661,0.0287699305141389,-0.0339627126057943));
#1554=CARTESIAN_POINT('',(-0.0498742340148961,0.023362800297638,-0.0349700921376546));
#1555=CARTESIAN_POINT('',(-0.0529376435064147,0.0166466069889727,-0.0358515492280325));
#1556=CARTESIAN_POINT('',(-0.0539547931211225,0.0114128385666267,-0.0362712906996409));
#1557=CARTESIAN_POINT('',(-0.0545866676090849,0.00589143587709538,-0.0365651097297668));
#1558=CARTESIAN_POINT('',(-0.0547099672896933,0.0029874230695137,-0.0366490580240885));
#1559=CARTESIAN_POINT('',(-0.0547099672896933,2.93496916223615E-18,-0.0366490580240885));
#1560=CARTESIAN_POINT('',(0.,0.0360803225042752,-0.032654296875));
#1561=CARTESIAN_POINT('',(-0.00535430008792459,0.0360803225042752,-0.032654296875));
#1562=CARTESIAN_POINT('',(-0.0102217086649288,0.035955689411761,-0.0327363967895508));
#1563=CARTESIAN_POINT('',(-0.0190367832522914,0.0353641914101454,-0.0330237464904785));
#1564=CARTESIAN_POINT('',(-0.0269317875591603,0.0344304615919429,-0.0334342460632324));
#1565=CARTESIAN_POINT('',(-0.0362046715683087,0.0318134206906422,-0.0342962951660156));
#1566=CARTESIAN_POINT('',(-0.0431299379659979,0.0278793290615485,-0.035281494140625));
#1567=CARTESIAN_POINT('',(-0.0479610080412939,0.0226167283213047,-0.0362666931152344));
#1568=CARTESIAN_POINT('',(-0.0509827195326329,0.0161033062569936,-0.0371287422180176));
#1569=CARTESIAN_POINT('',(-0.0520017909294251,0.0110383666364226,-0.0375392417907715));
#1570=CARTESIAN_POINT('',(-0.0526390510732258,0.00569742460299049,-0.0378265914916992));
#1571=CARTESIAN_POINT('',(-0.0527667755186304,0.0028894173342722,-0.03790869140625));
#1572=CARTESIAN_POINT('',(-0.0527667755186304,2.6986469699522E-18,-0.03790869140625));
#1573=CARTESIAN_POINT('',(0.,0.0338390259572664,-0.035244140625));
#1574=CARTESIAN_POINT('',(-0.00481161910157298,0.0338390259572664,-0.035244140625));
#1575=CARTESIAN_POINT('',(-0.00920216807543961,0.0337095011328658,-0.0353206558227539));
#1576=CARTESIAN_POINT('',(-0.0171829572651406,0.033118572218301,-0.0355884590148926));
#1577=CARTESIAN_POINT('',(-0.0243631655276816,0.0321957640379725,-0.0359710350036621));
#1578=CARTESIAN_POINT('',(-0.0328808717374478,0.0296714617693267,-0.0367744445800781));
#1579=CARTESIAN_POINT('',(-0.0393211999880467,0.0259366539516923,-0.0376926269531249));
#1580=CARTESIAN_POINT('',(-0.0438854701317987,0.0209949616842596,-0.0386108093261719));
#1581=CARTESIAN_POINT('',(-0.046801093648468,0.0149240427162445,-0.0394142189025879));
#1582=CARTESIAN_POINT('',(-0.0478147469796634,0.0102250752033412,-0.0397967948913574));
#1583=CARTESIAN_POINT('',(-0.0484565507157833,0.00527550727308066,-0.0400645980834961));
#1584=CARTESIAN_POINT('',(-0.0485915277863056,0.00267580924786486,-0.04014111328125));
#1585=CARTESIAN_POINT('',(-0.0485915277863056,2.24124917843488E-18,-0.04014111328125));
#1586=CARTESIAN_POINT('',(0.,0.0326052000462976,-0.0364560546875));
#1587=CARTESIAN_POINT('',(-0.00452799278926396,0.0326052000462976,-0.0364560546875));
#1588=CARTESIAN_POINT('',(-0.00866871768935191,0.0324741176587321,-0.036528833548228));
#1589=CARTESIAN_POINT('',(-0.0162112345054857,0.0318866738360173,-0.0367835595607758));
#1590=CARTESIAN_POINT('',(-0.0230145730150644,0.0309739509657188,-0.0371474538644155));
#1591=CARTESIAN_POINT('',(-0.0311301643035906,0.0285064204153211,-0.0379116319020589));
#1592=CARTESIAN_POINT('',(-0.0373079755236106,0.0248845682329344,-0.0387849782307942));
#1593=CARTESIAN_POINT('',(-0.041723161045971,0.0201192527466793,-0.0396583245595297));
#1594=CARTESIAN_POINT('',(-0.0445743932050301,0.0142880659998354,-0.040422502597173));
#1595=CARTESIAN_POINT('',(-0.0455807059341155,0.00978624450050662,-0.0407863969008128));
#1596=CARTESIAN_POINT('',(-0.0462216670618509,0.00504759432499438,-0.0410411229133606));
#1597=CARTESIAN_POINT('',(-0.0463594718250437,0.00256020295825253,-0.0411139017740885));
#1598=CARTESIAN_POINT('',(-0.0463594718250437,2.02017357920151E-18,-0.0411139017740885));
#1599=CARTESIAN_POINT('',(0.,0.0298874446118245,-0.038697265625));
#1600=CARTESIAN_POINT('',(-0.00394435209843183,0.0298874446118245,-0.038697265625));
#1601=CARTESIAN_POINT('',(-0.00756908332544496,0.0297556299443498,-0.0387611244519552));
#1602=CARTESIAN_POINT('',(-0.0142027531338753,0.0291834919158869,-0.0389846303462983));
#1603=CARTESIAN_POINT('',(-0.0202204358901899,0.0283028451939104,-0.039303924481074));
#1604=CARTESIAN_POINT('',(-0.0274862333781061,0.0259745942761593,-0.0399744421641032));
#1605=CARTESIAN_POINT('',(-0.0330971756060028,0.0226101910908235,-0.0407407480875651));
#1606=CARTESIAN_POINT('',(-0.0371777708371613,0.0182336475265513,-0.041507054011027));
#1607=CARTESIAN_POINT('',(-0.0398711642116077,0.0129218587934388,-0.0421775716940562));
#1608=CARTESIAN_POINT('',(-0.0408498132346116,0.00884368854649889,-0.042496865828832));
#1609=CARTESIAN_POINT('',(-0.0414801286088074,0.00455791670478984,-0.0427203717231751));
#1610=CARTESIAN_POINT('',(-0.0416211194715012,0.00231150580697439,-0.0427842305501302));
#1611=CARTESIAN_POINT('',(-0.0416211194715012,1.60089227031063E-18,-0.0427842305501302));
#1612=CARTESIAN_POINT('',(0.,0.02840351508832,-0.0397265625));
#1613=CARTESIAN_POINT('',(-0.003644348106565,0.02840351508832,-0.0397265625));
#1614=CARTESIAN_POINT('',(-0.00700291752427423,0.0282725253363107,-0.0397852376302084));
#1615=CARTESIAN_POINT('',(-0.0131660240589736,0.0277122068149308,-0.0399906005859375));
#1616=CARTESIAN_POINT('',(-0.0187749279558128,0.0268535492761892,-0.0402839762369792));
#1617=CARTESIAN_POINT('',(-0.0255930475381079,0.0246078032385654,-0.0409000651041667));
#1618=CARTESIAN_POINT('',(-0.0308996319619659,0.021387890656604,-0.0416041666666667));
#1619=CARTESIAN_POINT('',(-0.034794711785824,0.0172237405780802,-0.0423082682291666));
#1620=CARTESIAN_POINT('',(-0.0373946470220284,0.0121916179133707,-0.0429243570963542));
#1621=CARTESIAN_POINT('',(-0.0383529670985668,0.00833995492809264,-0.0432177327473958));
#1622=CARTESIAN_POINT('',(-0.0389734751080283,0.00429614688360505,-0.043423095703125));
#1623=CARTESIAN_POINT('',(-0.0391148230792207,0.00217841200298484,-0.0434817708333333));
#1624=CARTESIAN_POINT('',(-0.0391148230792207,1.40268656065312E-18,-0.0434817708333333));
#1625=CARTESIAN_POINT('',(0.,0.0251618040911688,-0.0415859375));
#1626=CARTESIAN_POINT('',(-0.00303852688427715,0.0251618040911688,-0.0415859375));
#1627=CARTESIAN_POINT('',(-0.00585679103211057,0.0250355362368135,-0.0416334635416667));
#1628=CARTESIAN_POINT('',(-0.0110594872312481,0.0245093965372272,-0.0417998046875));
#1629=CARTESIAN_POINT('',(-0.0158282254324913,0.0237096528467651,-0.0420374348958333));
#1630=CARTESIAN_POINT('',(-0.0217104753538288,0.0216602687382192,-0.0425364583333334));
#1631=CARTESIAN_POINT('',(-0.0263649541041633,0.018766407702866,-0.0431067708333333));
#1632=CARTESIAN_POINT('',(-0.0298468174893874,0.0150676096330212,-0.0436770833333334));
#1633=CARTESIAN_POINT('',(-0.0322232909117615,0.0106376626672712,-0.0441761067708334));
#1634=CARTESIAN_POINT('',(-0.0331235432171971,0.00726895634940571,-0.0444137369791667));
#1635=CARTESIAN_POINT('',(-0.0337122187328912,0.00373997407156658,-0.044580078125));
#1636=CARTESIAN_POINT('',(-0.0338507680958677,0.00189552357922026,-0.0446276041666667));
#1637=CARTESIAN_POINT('',(-0.0338507680958677,1.03676832743926E-18,-0.0446276041666667));
#1638=CARTESIAN_POINT('',(0.,0.023404022617522,-0.042416015625));
#1639=CARTESIAN_POINT('',(-0.00273273039894447,0.023404022617522,-0.042416015625));
#1640=CARTESIAN_POINT('',(-0.00527686664502223,0.0232816515199387,-0.0424575762748718));
#1641=CARTESIAN_POINT('',(-0.00998973847226934,0.0227778704024588,-0.0426030385494232));
#1642=CARTESIAN_POINT('',(-0.0143271040996402,0.0220150503626658,-0.0428108417987824));
#1643=CARTESIAN_POINT('',(-0.0197211642104933,0.0200795214433829,-0.0432472286224365));
#1644=CARTESIAN_POINT('',(-0.0240278834222305,0.0173672196606381,-0.0437459564208985));
#1645=CARTESIAN_POINT('',(-0.0272820263276007,0.0139213790993488,-0.0442446842193603));
#1646=CARTESIAN_POINT('',(-0.0295284746810143,0.00981394193321781,-0.0446810710430146));
#1647=CARTESIAN_POINT('',(-0.0303909764927003,0.00670168626089493,-0.0448888742923736));
#1648=CARTESIAN_POINT('',(-0.0309576184516693,0.00344556792487897,-0.0450343365669251));
#1649=CARTESIAN_POINT('',(-0.0310930095047953,0.00174572715611157,-0.0450758972167969));
#1650=CARTESIAN_POINT('',(-0.0310930095047953,8.69055803882912E-19,-0.0450758972167969));
#1651=CARTESIAN_POINT('',(0.,0.019590859382479,-0.0438603515625));
#1652=CARTESIAN_POINT('',(-0.00212801538377065,0.019590859382479,-0.0438603515625));
#1653=CARTESIAN_POINT('',(-0.0041259927377492,0.0194801324499871,-0.0438900904655457));
#1654=CARTESIAN_POINT('',(-0.00785571122906393,0.0190341029361203,-0.0439941766262054));
#1655=CARTESIAN_POINT('',(-0.0113191240728364,0.0183634977733702,-0.0441428711414338));
#1656=CARTESIAN_POINT('',(-0.0157028770740032,0.0166933846314144,-0.0444551296234131));
#1657=CARTESIAN_POINT('',(-0.0192694705162223,0.0143874745409636,-0.044811996459961));
#1658=CARTESIAN_POINT('',(-0.0220197671324466,0.0114930628518701,-0.0451688632965088));
#1659=CARTESIAN_POINT('',(-0.023961285683038,0.00807633181450328,-0.0454811217784882));
#1660=CARTESIAN_POINT('',(-0.0247258958648575,0.00550701099133387,-0.0456298162937164));
#1661=CARTESIAN_POINT('',(-0.0252325818924496,0.00282659211950304,-0.0457339024543762));
#1662=CARTESIAN_POINT('',(-0.0253569628291318,0.00143093216655105,-0.0457636413574219));
#1663=CARTESIAN_POINT('',(-0.0253569628291318,5.71747239396653E-19,-0.0457636413574219));
#1664=CARTESIAN_POINT('',(0.,0.0175354776210829,-0.044474609375));
#1665=CARTESIAN_POINT('',(-0.0018291293664754,0.0175354776210829,-0.044474609375));
#1666=CARTESIAN_POINT('',(-0.00355510011451982,0.0174324980266885,-0.0444984919230143));
#1667=CARTESIAN_POINT('',(-0.00679152520238971,0.0170218613061064,-0.0445820808410645));
#1668=CARTESIAN_POINT('',(-0.00981238018881138,0.016406547053731,-0.0447014935811361));
#1669=CARTESIAN_POINT('',(-0.0136740189388276,0.0148879939205076,-0.0449522603352864));
#1670=CARTESIAN_POINT('',(-0.0168482278618188,0.012806915743077,-0.0452388509114584));
#1671=CARTESIAN_POINT('',(-0.0193223681882392,0.0102109751016247,-0.0455254414876302));
#1672=CARTESIAN_POINT('',(-0.021088948476406,0.00716244044606964,-0.0457762082417806));
#1673=CARTESIAN_POINT('',(-0.0217933992338015,0.00487960421273227,-0.0458956209818522));
#1674=CARTESIAN_POINT('',(-0.02226214967852,0.00250202147770619,-0.0459792098999024));
#1675=CARTESIAN_POINT('',(-0.0223786747445407,0.00126593303832293,-0.0460030924479167));
#1676=CARTESIAN_POINT('',(-0.0223786747445407,4.42151198466745E-19,-0.0460030924479167));
#1677=CARTESIAN_POINT('',(0.,0.0131033654729346,-0.045470703125));
#1678=CARTESIAN_POINT('',(-0.0012525728226367,0.0131033654729346,-0.045470703125));
#1679=CARTESIAN_POINT('',(-0.00244806800245738,0.0130206018682701,-0.0454840977986654));
#1680=CARTESIAN_POINT('',(-0.00471242752068273,0.0126965790562095,-0.0455309791564941));
#1681=CARTESIAN_POINT('',(-0.00685012842513212,0.0122140606414173,-0.045597952524821));
#1682=CARTESIAN_POINT('',(-0.00964168973285031,0.0110434457910339,-0.0457385965983073));
#1683=CARTESIAN_POINT('',(-0.0119859091949482,0.00946219805266167,-0.0458993326822917));
#1684=CARTESIAN_POINT('',(-0.0138530974257251,0.00751407652671339,-0.0460600687662761));
#1685=CARTESIAN_POINT('',(-0.0152162274504436,0.00525039507380876,-0.0462007128397623));
#1686=CARTESIAN_POINT('',(-0.0157726989537013,0.00357014656778572,-0.0462676862080892));
#1687=CARTESIAN_POINT('',(-0.0161457954827448,0.00182647542006374,-0.046314567565918));
#1688=CARTESIAN_POINT('',(-0.0162406562601596,0.000922967928270943,-0.0463279622395833));
#1689=CARTESIAN_POINT('',(-0.0162406562601596,2.28698895758661E-19,-0.0463279622395833));
#1690=CARTESIAN_POINT('',(0.,0.0107266350861824,-0.0458525390625));
#1691=CARTESIAN_POINT('',(-0.000974947595781108,0.0107266350861824,-0.0458525390625));
#1692=CARTESIAN_POINT('',(-0.00191200778807804,0.0106563402245605,-0.0458613022168477));
#1693=CARTESIAN_POINT('',(-0.00369764468663727,0.0103835388248197,-0.0458919732570648));
#1694=CARTESIAN_POINT('',(-0.00539478051000055,0.00997852574858194,-0.0459357890288035));
#1695=CARTESIAN_POINT('',(-0.00763838287341717,0.00900428992643996,-0.0460278021494547));
#1696=CARTESIAN_POINT('',(-0.00954497191277532,0.0076980413996822,-0.0461329600016276));
#1697=CARTESIAN_POINT('',(-0.0110813218692551,0.00609926835294246,-0.0462381178538005));
#1698=CARTESIAN_POINT('',(-0.0122158931776468,0.00425224365231888,-0.0463301309744517));
#1699=CARTESIAN_POINT('',(-0.0126845193701163,0.00288809778102219,-0.0463739467461904));
#1700=CARTESIAN_POINT('',(-0.0129998791633603,0.00147550128396056,-0.0464046177864075));
#1701=CARTESIAN_POINT('',(-0.0130809258603695,0.000745002677728457,-0.0464133809407552));
#1702=CARTESIAN_POINT('',(-0.0130809258603695,1.44842633980485E-19,-0.0464133809407552));
#1703=CARTESIAN_POINT('',(0.,0.00562807734971512,-0.0463671875));
#1704=CARTESIAN_POINT('',(-0.000456204651767234,0.00562807734971512,-0.0463671875));
#1705=CARTESIAN_POINT('',(-0.000902216521298857,0.00558840387505325,-0.0463692533175151));
#1706=CARTESIAN_POINT('',(-0.00176444516144302,0.00543696626185187,-0.0463764836788178));
#1707=CARTESIAN_POINT('',(-0.00259687499968677,0.00521343798477285,-0.046386812766393));
#1708=CARTESIAN_POINT('',(-0.00372821640930408,0.00468464973522072,-0.0464085038503011));
#1709=CARTESIAN_POINT('',(-0.00471470251725449,0.00398614911079515,-0.0464332936604818));
#1710=CARTESIAN_POINT('',(-0.00552913635774788,0.0031427268719172,-0.0464580834706624));
#1711=CARTESIAN_POINT('',(-0.00614467595312259,0.00218018108036882,-0.0464797745545705));
#1712=CARTESIAN_POINT('',(-0.00640478152693786,0.00147693842631821,-0.0464901036421458));
#1713=CARTESIAN_POINT('',(-0.00658104935540094,0.000752193930592997,-0.0464973340034485));
#1714=CARTESIAN_POINT('',(-0.0066272643969564,0.000379076015615448,-0.0464993998209635));
#1715=CARTESIAN_POINT('',(-0.0066272643969564,3.04931861011548E-20,-0.0464993998209635));
#1716=CARTESIAN_POINT('',(0.,0.00290625,-0.0465));
#1717=CARTESIAN_POINT('',(-0.000215137815021861,0.00290625,-0.0465));
#1718=CARTESIAN_POINT('',(-0.000428576503253054,0.00288473019207942,-0.0465));
#1719=CARTESIAN_POINT('',(-0.000846182132810007,0.00280343827727503,-0.0465));
#1720=CARTESIAN_POINT('',(-0.00125451601546153,0.00268389406350742,-0.0465));
#1721=CARTESIAN_POINT('',(-0.00182158111875021,0.00240418279660013,-0.0465));
#1722=CARTESIAN_POINT('',(-0.00232559002137799,0.00203843853407079,-0.0465));
#1723=CARTESIAN_POINT('',(-0.00274892224337257,0.00160102322655318,-0.0465));
#1724=CARTESIAN_POINT('',(-0.00307395730476166,0.00110629882468111,-0.0465));
#1725=CARTESIAN_POINT('',(-0.00321336891863585,0.000747851127619306,-0.0465));
#1726=CARTESIAN_POINT('',(-0.00330826782566001,0.00037987503286188,-0.0465));
#1727=CARTESIAN_POINT('',(-0.00333346092574708,0.000191122786635361,-0.0465));
#1728=CARTESIAN_POINT('',(-0.00333346092574708,0.,-0.0465));
#1729=CARTESIAN_POINT('',(0.,0.,-0.0465));
#1730=CARTESIAN_POINT('',(0.,0.,-0.0465));
#1731=CARTESIAN_POINT('',(0.,0.,-0.0465));
#1732=CARTESIAN_POINT('',(0.,0.,-0.0465));
#1733=CARTESIAN_POINT('',(0.,0.,-0.0465));
#1734=CARTESIAN_POINT('',(0.,0.,-0.0465));
#1735=CARTESIAN_POINT('',(0.,0.,-0.0465));
#1736=CARTESIAN_POINT('',(0.,0.,-0.0465));
#1737=CARTESIAN_POINT('',(0.,0.,-0.0465));
#1738=CARTESIAN_POINT('',(0.,0.,-0.0465));
#1739=CARTESIAN_POINT('',(0.,0.,-0.0465));
#1740=CARTESIAN_POINT('',(0.,0.,-0.0465));
#1741=CARTESIAN_POINT('',(0.,0.,-0.0465));
#1742=CARTESIAN_POINT('',(-0.0666836921684703,0.0199948881671919,-0.0190930826254147));
#1743=CARTESIAN_POINT('',(-0.0666918791009198,0.0192500237820307,-0.0194742726583453));
#1744=CARTESIAN_POINT('',(-0.0666749695633316,0.0186360071679764,-0.0198113322415094));
#1745=CARTESIAN_POINT('',(-0.066625184376621,0.0178131603555332,-0.0202895835068346));
#1746=CARTESIAN_POINT('',(-0.0665096931726976,0.0168136163737651,-0.0209252715563574));
#1747=CARTESIAN_POINT('',(-0.0662899623009134,0.0156473571922362,-0.0217527265487725));
#1748=CARTESIAN_POINT('',(-0.0658677308385293,0.0140843267956356,-0.0229898568990218));
#1749=CARTESIAN_POINT('',(-0.0651725253230687,0.0123795688491069,-0.024567115108527));
#1750=CARTESIAN_POINT('',(-0.0640534293559565,0.0106098345747514,-0.0265824102818175));
#1751=CARTESIAN_POINT('',(-0.0628286400391574,0.00936821118555135,-0.0283874989310072));
#1752=CARTESIAN_POINT('',(-0.0617398439601042,0.00861688583336501,-0.0297796366747698));
#1753=CARTESIAN_POINT('',(-0.0608664779418417,0.00815832871180681,-0.0308064915381131));
#1754=CARTESIAN_POINT('',(-0.0598436394435231,0.00778327041078958,-0.0319036345160869));
#1755=CARTESIAN_POINT('',(-0.058796987316677,0.00755684095808724,-0.0329251920958789));
#1756=CARTESIAN_POINT('',(-0.0576410547058237,0.0074574601801864,-0.0339520883231287));
#1757=CARTESIAN_POINT('',(-0.0561644136514648,0.00751606293406979,-0.0351428551491813));
#1758=CARTESIAN_POINT('',(-0.0542835537181456,0.00790816991332239,-0.0364597991252122));
#1759=CARTESIAN_POINT('',(-0.0523414040023184,0.00867801200524017,-0.0375787776884509));
#1760=CARTESIAN_POINT('',(-0.0508849698252652,0.00940382074865949,-0.0382887914151696));
#1761=CARTESIAN_POINT('',(-0.0500890194882756,0.00983384935177791,-0.0386430141949314));
#1762=CARTESIAN_POINT('',(-0.0496403485508186,0.0100929081018071,-0.0388309874770955));
#1763=CARTESIAN_POINT('',(-0.0492600405749189,0.0103253452881244,-0.0389825685518962));
#1764=CARTESIAN_POINT('',(-0.0488619524173788,0.010578338290416,-0.0391352832754879));
#1765=CARTESIAN_POINT('',(-0.0483863965193507,0.0108984390586563,-0.0393069984392087));
#1766=CARTESIAN_POINT('',(-0.0478236075191446,0.0113070116984313,-0.0394931641278267));
#1767=CARTESIAN_POINT('',(-0.0471181170018329,0.0118554935590939,-0.0397063964667441));
#1768=CARTESIAN_POINT('',(-0.0461362949650588,0.0127110220097449,-0.0399534274163797));
#1769=CARTESIAN_POINT('',(-0.0451415648991007,0.0137258045071022,-0.0401296176035265));
#1770=CARTESIAN_POINT('',(-0.0440845184638461,0.0149984640097703,-0.0402224673734769));
#1771=CARTESIAN_POINT('',(-0.0432131648561663,0.0162701874960573,-0.0401945981068208));
#1772=CARTESIAN_POINT('',(-0.0423799911113152,0.017756826090637,-0.0400381425299239));
#1773=CARTESIAN_POINT('',(-0.0417417206610975,0.0192350887891784,-0.0397561866768928));
#1774=CARTESIAN_POINT('',(-0.0412329599993334,0.0208145870317122,-0.0393309372905536));
#1775=CARTESIAN_POINT('',(-0.0409176442796151,0.0223794523759128,-0.0387728683538853));
#1776=CARTESIAN_POINT('',(-0.0407758093497319,0.0238917082106073,-0.0381056973821489));
#1777=CARTESIAN_POINT('',(-0.0408179332724452,0.0253976211138141,-0.0372952236856364));
#1778=CARTESIAN_POINT('',(-0.0409852515937645,0.0265081237593181,-0.0365828381362213));
#1779=CARTESIAN_POINT('',(-0.0411956181330582,0.0273705816767213,-0.0359614787374127));
#1780=CARTESIAN_POINT('',(-0.0414705697622879,0.0282288232988072,-0.0352875169808826));
#1781=CARTESIAN_POINT('',(-0.0418298225991248,0.0290667789523812,-0.0345505727520711));
#1782=CARTESIAN_POINT('',(-0.0423914323574557,0.0300558421499633,-0.0335622895890175));
#1783=CARTESIAN_POINT('',(-0.0429637390412927,0.0308127938388742,-0.0326858443293071));
#1784=CARTESIAN_POINT('',(-0.0434914010861579,0.0313867971777759,-0.0319423502709343));
#1785=CARTESIAN_POINT('',(-0.0438502912923646,0.0317309763468619,-0.0314606036230551));
#1786=CARTESIAN_POINT('',(-0.0441619465014237,0.0320016507210328,-0.0310567433595436));
#1787=CARTESIAN_POINT('',(-0.0444223959557684,0.0322152262821974,-0.0307256268389805));
#1788=CARTESIAN_POINT('',(-0.0449244991385396,0.0325965214784457,-0.0301029883042676));
#1789=CARTESIAN_POINT('',(-0.0456813899979689,0.033078340466189,-0.0292140613561995));
#1790=CARTESIAN_POINT('',(-0.0466804045602535,0.0335783000429938,-0.0281168257333372));
#1791=CARTESIAN_POINT('',(-0.0477962336109524,0.033999220119262,-0.0269690612852164));
#1792=CARTESIAN_POINT('',(-0.0489199165201858,0.0343078334837939,-0.0258759098459003));
#1793=CARTESIAN_POINT('',(-0.0500671676358692,0.0345198585454174,-0.0248199293567595));
#1794=CARTESIAN_POINT('',(-0.0512618608169286,0.0346355549031872,-0.0237851300225944));
#1795=CARTESIAN_POINT('',(-0.0524672873808886,0.0346548892802059,-0.0228016331874156));
#1796=CARTESIAN_POINT('',(-0.0538005402081404,0.0345670074201485,-0.0217789718517962));
#1797=CARTESIAN_POINT('',(-0.0555530279340334,0.0342906344290034,-0.0205344370977974));
#1798=CARTESIAN_POINT('',(-0.0576705359512521,0.033671524768459,-0.0192100898347264));
#1799=CARTESIAN_POINT('',(-0.0602477138628531,0.0323474437504214,-0.0179269648801037));
#1800=CARTESIAN_POINT('',(-0.0625915606086917,0.0304073397200221,-0.0171422393272424));
#1801=CARTESIAN_POINT('',(-0.0641883543930354,0.0283249117212159,-0.0169438242759562));
#1802=CARTESIAN_POINT('',(-0.0651616598523465,0.0265062715652161,-0.017069407429858));
#1803=CARTESIAN_POINT('',(-0.0659455736953331,0.0246006844478463,-0.0173793222375785));
#1804=CARTESIAN_POINT('',(-0.0664251702480337,0.022693733614174,-0.017929801924421));
#1805=CARTESIAN_POINT('',(-0.0666299453550144,0.0209698640713972,-0.0186354465752335));
#1806=CARTESIAN_POINT('',(-0.0666836921684703,0.0199948881671919,-0.0190930826254147));
#1807=CARTESIAN_POINT('',(-0.0666918791009198,0.0192500237820307,-0.0194742726583453));
#1808=CARTESIAN_POINT('',(-0.0666749695633316,0.0186360071679764,-0.0198113322415094));
#1809=CARTESIAN_POINT('',(-0.0666875541018595,0.0192514586644534,-0.0194776970494076));
#1810=CARTESIAN_POINT('',(0.,0.,-0.0465));
#1811=CARTESIAN_POINT('',(0.,0.0465,-0.0465));
#1812=CARTESIAN_POINT('',(0.,0.0457878015270715,-0.0125));
#1813=CARTESIAN_POINT('',(0.,0.0465,0.0215));
#1814=CARTESIAN_POINT('',(0.,0.0465,0.0215));
#1815=CARTESIAN_POINT('',(0.,0.,-0.0465));
#1816=CARTESIAN_POINT('',(-0.075,1.56125112837912E-17,0.0215));
#1817=CARTESIAN_POINT('',(-0.075,0.0238725830020306,0.0215));
#1818=CARTESIAN_POINT('',(-0.075,0.0465,0.0215));
#1819=CARTESIAN_POINT('',(-0.0523725830020305,0.0465,0.0215));
#1820=CARTESIAN_POINT('',(0.,0.0465,0.0215));
#1821=CARTESIAN_POINT('',(-0.0749999999995496,0.,0.0214999999784973));
#1822=CARTESIAN_POINT('',(-0.075,0.,0.0215));
#1823=CARTESIAN_POINT('',(-0.0745496392009423,0.,0.));
#1824=CARTESIAN_POINT('',(-0.075,0.,-0.0465));
#1825=CARTESIAN_POINT('',(-0.04,0.,-0.0465));
#1826=CARTESIAN_POINT('',(0.,0.,-0.0465));
#1827=CARTESIAN_POINT('',(-0.0184147595321254,0.0463184475306213,0.0162970483358594));
#1828=CARTESIAN_POINT('',(-0.0190024888237625,0.0462787205311871,0.0148797097222239));
#1829=CARTESIAN_POINT('',(-0.0184151262508736,0.0462531508293211,0.0134641109073884));
#1830=CARTESIAN_POINT('',(-0.0170011319017564,0.0462562080954655,0.0128781203261872));
#1831=CARTESIAN_POINT('',(-0.0155846999316962,0.0462859253532279,0.0134635657162759));
#1832=CARTESIAN_POINT('',(-0.0149981501590765,0.0463242629925274,0.0148796840657704));
#1833=CARTESIAN_POINT('',(-0.0155828590071436,0.0463497950999959,0.0162939328923524));
#1834=CARTESIAN_POINT('',(-0.0169982014216863,0.0463481213144662,0.016882213438112));
#1835=CARTESIAN_POINT('',(-0.0184147595321254,0.0463184475306213,0.0162970483358594));
#1836=CARTESIAN_POINT('',(-0.0190024888237625,0.0462787205311871,0.0148797097222239));
#1837=CARTESIAN_POINT('',(-0.0184151262508736,0.0462531508293211,0.0134641109073884));
#1838=CARTESIAN_POINT('',(-0.0188066401796749,0.0462810800807818,0.0148799996886906));
#1839=CARTESIAN_POINT('',(-0.0514044621235862,0.0435245818766631,0.0163026940934667));
#1840=CARTESIAN_POINT('',(-0.0520084695645598,0.0433243448242052,0.0148822287127312));
#1841=CARTESIAN_POINT('',(-0.0514015006962239,0.0434163440040975,0.0134483891877519));
#1842=CARTESIAN_POINT('',(-0.049994935028651,0.0437132029845237,0.012884169018817));
#1843=CARTESIAN_POINT('',(-0.0485950567924985,0.0440197882888418,0.0134551177049115));
#1844=CARTESIAN_POINT('',(-0.0479922553158032,0.0441833488736517,0.0148782264122902));
#1845=CARTESIAN_POINT('',(-0.0485960808837933,0.0441197922044243,0.0163113570209935));
#1846=CARTESIAN_POINT('',(-0.0500140367791863,0.0438555897353776,0.0168764099639846));
#1847=CARTESIAN_POINT('',(-0.0514044621235862,0.0435245818766631,0.0163026940934667));
#1848=CARTESIAN_POINT('',(-0.0520084695645598,0.0433243448242052,0.0148822287127312));
#1849=CARTESIAN_POINT('',(-0.0514015006962239,0.0434163440040975,0.0134483891877519));
#1850=CARTESIAN_POINT('',(-0.0518066401796749,0.0433730508629303,0.0148799996886906));
#1851=CARTESIAN_POINT('',(0.,0.0465,0.0215));
#1852=CARTESIAN_POINT('',(0.00872923781528192,0.0465,0.0215));
#1853=CARTESIAN_POINT('',(0.0165267290497043,0.0464964184840501,0.0215));
#1854=CARTESIAN_POINT('',(0.0303874232348592,0.0461715172210557,0.0215));
#1855=CARTESIAN_POINT('',(0.0425128811731041,0.0455288777269667,0.0215));
#1856=CARTESIAN_POINT('',(0.0559653192657367,0.0429378473433542,0.0215));
#1857=CARTESIAN_POINT('',(0.06524284543052,0.0383037585164576,0.0215));
#1858=CARTESIAN_POINT('',(0.0709971735152291,0.0314684930938618,0.0215));
#1859=CARTESIAN_POINT('',(0.0739708943285292,0.0225318020715416,0.0215));
#1860=CARTESIAN_POINT('',(0.0746552818694933,0.0154114710864217,0.0215));
#1861=CARTESIAN_POINT('',(0.0749987378199876,0.00791503471376676,0.0215));
#1862=CARTESIAN_POINT('',(0.075,0.00398010878659461,0.0215));
#1863=CARTESIAN_POINT('',(0.075,7.80625564189563E-18,0.0215));
#1864=CARTESIAN_POINT('',(0.,0.0464554875954419,0.019375));
#1865=CARTESIAN_POINT('',(0.00872765442725609,0.0464554875954419,0.019375));
#1866=CARTESIAN_POINT('',(0.0165233716405081,0.0464523646415561,0.0193802048550119));
#1867=CARTESIAN_POINT('',(0.0303802813144817,0.04612912758185,0.0193984218475536));
#1868=CARTESIAN_POINT('',(0.0425017182727044,0.0454888993702095,0.0194244461226133));
#1869=CARTESIAN_POINT('',(0.0559478498811254,0.0429032170128476,0.0194790971002385));
#1870=CARTESIAN_POINT('',(0.0652192289398626,0.0382756971798764,0.0195415553603817));
#1871=CARTESIAN_POINT('',(0.0709680036890352,0.0314477115839778,0.0196040136205248));
#1872=CARTESIAN_POINT('',(0.0739371993296527,0.0225185010862233,0.01965866459815));
#1873=CARTESIAN_POINT('',(0.0746195451256268,0.0154029508261243,0.0196846888732097));
#1874=CARTESIAN_POINT('',(0.0749615916469786,0.00791102198784433,0.0197029058657515));
#1875=CARTESIAN_POINT('',(0.0749624652703433,0.00397821323253678,0.0197081107207634));
#1876=CARTESIAN_POINT('',(0.0749624652703433,7.80625564189563E-18,0.0197081107207634));
#1877=CARTESIAN_POINT('',(0.,0.0464165392414537,0.01725));
#1878=CARTESIAN_POINT('',(0.00871879761200027,0.0464165392414537,0.01725));
#1879=CARTESIAN_POINT('',(0.0165070831473419,0.0464127659595302,0.0172573742866516));
#1880=CARTESIAN_POINT('',(0.0303517934771876,0.0460880816191125,0.0172831842899322));
#1881=CARTESIAN_POINT('',(0.0424636988059566,0.0454462595021241,0.0173200557231903));
#1882=CARTESIAN_POINT('',(0.0559026556639289,0.0428602012057874,0.0173974857330323));
#1883=CARTESIAN_POINT('',(0.0651727472275302,0.0382357678444834,0.0174859771728515));
#1884=CARTESIAN_POINT('',(0.0709245313103323,0.0314147713211281,0.0175744686126709));
#1885=CARTESIAN_POINT('',(0.0738990876986683,0.0224958853856666,0.0176518986225128));
#1886=CARTESIAN_POINT('',(0.0745850413339779,0.0153883922186041,0.0176887700557709));
#1887=CARTESIAN_POINT('',(0.0749298275681158,0.00790424692783169,0.0177145800590515));
#1888=CARTESIAN_POINT('',(0.0749316369845987,0.00397518791979112,0.0177219543457031));
#1889=CARTESIAN_POINT('',(0.0749316369845987,7.77576245579448E-18,0.0177219543457031));
#1890=CARTESIAN_POINT('',(0.,0.0463260222970098,0.0130166015625));
#1891=CARTESIAN_POINT('',(0.00868472141862327,0.0463260222970098,0.0130166015625));
#1892=CARTESIAN_POINT('',(0.0164444972696469,0.0463191698588067,0.0130240330696106));
#1893=CARTESIAN_POINT('',(0.0302425386137301,0.0459867598800555,0.0130500433444977));
#1894=CARTESIAN_POINT('',(0.0423181392257903,0.0453356447989594,0.0130872008800507));
#1895=CARTESIAN_POINT('',(0.0557301776802661,0.0427409406593903,0.0131652317047119));
#1896=CARTESIAN_POINT('',(0.0649960041708614,0.0381193732579315,0.0132544097900391));
#1897=CARTESIAN_POINT('',(0.07075995996459,0.0313151953175441,0.0133435878753662));
#1898=CARTESIAN_POINT('',(0.0737555770957453,0.0224257440281147,0.0134216187000275));
#1899=CARTESIAN_POINT('',(0.0744555779425153,0.0153428753736752,0.0134587762355804));
#1900=CARTESIAN_POINT('',(0.0748110113585696,0.00788289152973861,0.0134847865104675));
#1901=CARTESIAN_POINT('',(0.0748164443512387,0.00396566201076331,0.0134922180175781));
#1902=CARTESIAN_POINT('',(0.0748164443512387,7.66141300791515E-18,0.0134922180175781));
#1903=CARTESIAN_POINT('',(0.,0.0462744537065542,0.010908203125));
#1904=CARTESIAN_POINT('',(0.00865945765408434,0.0462744537065542,0.010908203125));
#1905=CARTESIAN_POINT('',(0.0163981222817474,0.0462651724401091,0.0109135258992513));
#1906=CARTESIAN_POINT('',(0.0301616456915632,0.045926484103736,0.0109321556091309));
#1907=CARTESIAN_POINT('',(0.0422104430650084,0.0452676699638801,0.0109587694803874));
#1908=CARTESIAN_POINT('',(0.0556027344702443,0.0426646959200535,0.011014658610026));
#1909=CARTESIAN_POINT('',(0.0648656092246548,0.0380429080067727,0.0110785319010417));
#1910=CARTESIAN_POINT('',(0.0706387698822726,0.0312485595768096,0.0111424051920573));
#1911=CARTESIAN_POINT('',(0.0736501335470566,0.0223782183711194,0.011198294321696));
#1912=CARTESIAN_POINT('',(0.0743605990976137,0.0153119171362667,0.0112249081929525));
#1913=CARTESIAN_POINT('',(0.0747239582697921,0.00786831119165815,0.011243537902832));
#1914=CARTESIAN_POINT('',(0.0747320846666918,0.00395916141448117,0.0112488606770833));
#1915=CARTESIAN_POINT('',(0.0747320846666918,7.57755674613697E-18,0.0112488606770833));
#1916=CARTESIAN_POINT('',(0.,0.0461349479515689,0.006724609375));
#1917=CARTESIAN_POINT('',(0.00858952542565309,0.0461349479515689,0.006724609375));
#1918=CARTESIAN_POINT('',(0.0162691984385436,0.0461194698084342,0.00672302500406901));
#1919=CARTESIAN_POINT('',(0.0299350816328262,0.0457647855709964,0.00671747970581055));
#1920=CARTESIAN_POINT('',(0.0419066077256195,0.0450863733823901,0.0067095578511556));
#1921=CARTESIAN_POINT('',(0.0552372327455304,0.0424625195299338,0.00669292195638021));
#1922=CARTESIAN_POINT('',(0.0644833304643777,0.0378406416705468,0.00667390950520833));
#1923=CARTESIAN_POINT('',(0.0702727673334042,0.0310722146455018,0.00665489705403646));
#1924=CARTESIAN_POINT('',(0.0733191394368794,0.0222519765747284,0.00663826115926107));
#1925=CARTESIAN_POINT('',(0.07405422814036,0.0152292780961182,0.00663033930460613));
#1926=CARTESIAN_POINT('',(0.0744364222778636,0.00782906462754203,0.00662479400634767));
#1927=CARTESIAN_POINT('',(0.0744510720636269,0.00394146917221955,0.00662320963541667));
#1928=CARTESIAN_POINT('',(0.0744510720636269,7.36410444342889E-18,0.00662320963541667));
#1929=CARTESIAN_POINT('',(0.,0.0459590736225094,0.00257421875));
#1930=CARTESIAN_POINT('',(0.00849996567155287,0.0459590736225094,0.00257421875));
#1931=CARTESIAN_POINT('',(0.0161037107818825,0.0459360471460458,0.00256303755442301));
#1932=CARTESIAN_POINT('',(0.029643105697351,0.0455618880533121,0.00252390336990355));
#1933=CARTESIAN_POINT('',(0.0415135425129788,0.0448596228207718,0.00246799739201863));
#1934=CARTESIAN_POINT('',(0.054760307970752,0.0422104482089918,0.00235059483846027));
#1935=CARTESIAN_POINT('',(0.0639788804306451,0.0375887397077821,0.00221642049153645));
#1936=CARTESIAN_POINT('',(0.0697826688943816,0.0308524414077717,0.00208224614461262));
#1937=CARTESIAN_POINT('',(0.0728677945976199,0.0220941986166789,0.00196484359105428));
#1938=CARTESIAN_POINT('',(0.0736313255391754,0.0151256381117671,0.00190893761316935));
#1939=CARTESIAN_POINT('',(0.0740354286182721,0.00777956086539591,0.0018698034286499));
#1940=CARTESIAN_POINT('',(0.074057766226591,0.00391898798878932,0.00185862223307292));
#1941=CARTESIAN_POINT('',(0.074057766226591,7.10491236156907E-18,0.00185862223307292));
#1942=CARTESIAN_POINT('',(0.,0.0456629654700879,-0.0014765625));
#1943=CARTESIAN_POINT('',(0.0083633111316476,0.0456629654700879,-0.0014765625));
#1944=CARTESIAN_POINT('',(0.0158499480244546,0.0456303928769254,-0.0015));
#1945=CARTESIAN_POINT('',(0.0291914612750007,0.045232021154823,-0.00158203125));
#1946=CARTESIAN_POINT('',(0.0409003919286239,0.0445004228969432,-0.00169921875));
#1947=CARTESIAN_POINT('',(0.0540022127539566,0.0418227227565533,-0.0019453125));
#1948=CARTESIAN_POINT('',(0.0631574384243747,0.0372077176184747,-0.0022265625));
#1949=CARTESIAN_POINT('',(0.0689598563045881,0.0305220261407083,-0.0025078125));
#1950=CARTESIAN_POINT('',(0.0720820611238281,0.0218558878833744,-0.00275390625));
#1951=CARTESIAN_POINT('',(0.0728776570251746,0.0149674048335998,-0.00287109375));
#1952=CARTESIAN_POINT('',(0.0733070524235394,0.00770255346616896,-0.002953125));
#1953=CARTESIAN_POINT('',(0.0733386498712308,0.00388310994998815,-0.0029765625));
#1954=CARTESIAN_POINT('',(0.0733386498712308,6.76948731445637E-18,-0.0029765625));
#1955=CARTESIAN_POINT('',(0.,0.0452829920683786,-0.0054609375));
#1956=CARTESIAN_POINT('',(0.00819918933160624,0.0452829920683787,-0.0054609375));
#1957=CARTESIAN_POINT('',(0.0155446013933579,0.0452402270317865,-0.005496826171875));
#1958=CARTESIAN_POINT('',(0.0286461336038994,0.0448163838604738,-0.0056224365234375));
#1959=CARTESIAN_POINT('',(0.0401575962753997,0.0440542275910325,-0.0058018798828125));
#1960=CARTESIAN_POINT('',(0.0530769184180355,0.0413492381034407,-0.0061787109375));
#1961=CARTESIAN_POINT('',(0.062145252955545,0.0367472110291635,-0.006609375));
#1962=CARTESIAN_POINT('',(0.0679340316543971,0.0301243971507339,-0.0070400390625));
#1963=CARTESIAN_POINT('',(0.0710892337880402,0.0215685805364734,-0.0074168701171875));
#1964=CARTESIAN_POINT('',(0.0719173353539489,0.0147755792058193,-0.0075963134765625));
#1965=CARTESIAN_POINT('',(0.0723727784207337,0.00760829962789117,-0.007721923828125));
#1966=CARTESIAN_POINT('',(0.0724141707045642,0.00383862399698466,-0.0077578125));
#1967=CARTESIAN_POINT('',(0.0724141707045642,6.40356908124251E-18,-0.0077578125));
#1968=CARTESIAN_POINT('',(0.,0.0450510727428801,-0.00741992187500002));
#1969=CARTESIAN_POINT('',(0.00810327546099814,0.0450510727428801,-0.00741992187500002));
#1970=CARTESIAN_POINT('',(0.0153659272950665,0.0450028798766663,-0.00746213356653851));
#1971=CARTESIAN_POINT('',(0.0283262887693713,0.0445656441260677,-0.00760987448692323));
#1972=CARTESIAN_POINT('',(0.0397209544931439,0.0437875583572978,-0.00782093294461568));
#1973=CARTESIAN_POINT('',(0.0525302390811294,0.0410694726193416,-0.00826415570576986));
#1974=CARTESIAN_POINT('',(0.0615434230095101,0.0364770085932388,-0.00877069600423177));
#1975=CARTESIAN_POINT('',(0.0673193597004992,0.029891730902587,-0.00927723630269369));
#1976=CARTESIAN_POINT('',(0.0704891426604553,0.0214001899979266,-0.00972045906384786));
#1977=CARTESIAN_POINT('',(0.0713337845400726,0.0146626781038027,-0.00993151752154032));
#1978=CARTESIAN_POINT('',(0.0718026775977295,0.00755243126564556,-0.010079258441925));
#1979=CARTESIAN_POINT('',(0.0718492497155776,0.00381200950704958,-0.0101214701334635));
#1980=CARTESIAN_POINT('',(0.0718492497155776,6.205363371585E-18,-0.0101214701334635));
#1981=CARTESIAN_POINT('',(0.,0.0444796205049884,-0.0112548828125));
#1982=CARTESIAN_POINT('',(0.00788038225416893,0.0444796205049884,-0.0112548828125));
#1983=CARTESIAN_POINT('',(0.0149502392232453,0.0444202458611733,-0.0113090256055196));
#1984=CARTESIAN_POINT('',(0.0275805549332574,0.0439559710404651,-0.0114985253810883));
#1985=CARTESIAN_POINT('',(0.0387007697744214,0.0431461706866791,-0.0117692393461863));
#1986=CARTESIAN_POINT('',(0.0512467816867694,0.0404057002536538,-0.0123377386728922));
#1987=CARTESIAN_POINT('',(0.0601218345042435,0.0358414020484004,-0.0129874521891276));
#1988=CARTESIAN_POINT('',(0.0658566384787463,0.0293463536342673,-0.013637165705363));
#1989=CARTESIAN_POINT('',(0.0690492628595589,0.0210047680078334,-0.0142056650320689));
#1990=CARTESIAN_POINT('',(0.0699265115487467,0.0143962517352164,-0.0144763789971669));
#1991=CARTESIAN_POINT('',(0.0704224388702701,0.00741950048944866,-0.0146658787727356));
#1992=CARTESIAN_POINT('',(0.0704797418471997,0.00374800427380633,-0.0147200215657552));
#1993=CARTESIAN_POINT('',(0.0704797418471997,5.78608206269413E-18,-0.0147200215657552));
#1994=CARTESIAN_POINT('',(0.,0.0441400875925953,-0.013130859375));
#1995=CARTESIAN_POINT('',(0.0077533512618824,0.0441400875925953,-0.013130859375));
#1996=CARTESIAN_POINT('',(0.0147131348516012,0.0440749590008004,-0.0131906102498372));
#1997=CARTESIAN_POINT('',(0.0271545190347355,0.0435970376892687,-0.0133997383117676));
#1998=CARTESIAN_POINT('',(0.0381170444274738,0.042771452249795,-0.0136984926859538));
#1999=CARTESIAN_POINT('',(0.0505098163760783,0.0400216933720651,-0.0143258768717448));
#2000=CARTESIAN_POINT('',(0.0593019177483116,0.0354759979394867,-0.0150428873697917));
#2001=CARTESIAN_POINT('',(0.0650084794417523,0.0290336426140945,-0.0157598978678385));
#2002=CARTESIAN_POINT('',(0.0682094176874261,0.0207777365562869,-0.0163872820536296));
#2003=CARTESIAN_POINT('',(0.0691027619290123,0.0142427264686465,-0.0166860364278158));
#2004=CARTESIAN_POINT('',(0.0696122945088069,0.00734243807549739,-0.0168951644897461));
#2005=CARTESIAN_POINT('',(0.0696751549678083,0.00371061353049815,-0.0169549153645834));
#2006=CARTESIAN_POINT('',(0.0696751549678083,5.56500646346075E-18,-0.0169549153645834));
#2007=CARTESIAN_POINT('',(0.,0.0433296598433074,-0.016783203125));
#2008=CARTESIAN_POINT('',(0.00746568504096166,0.0433296598433075,-0.016783203125));
#2009=CARTESIAN_POINT('',(0.0141758116559455,0.0432530343346509,-0.0168527704874675));
#2010=CARTESIAN_POINT('',(0.0261876282812614,0.0427486259277585,-0.0170962562561035));
#2011=CARTESIAN_POINT('',(0.0367903880525528,0.0418930601312871,-0.0174440930684408));
#2012=CARTESIAN_POINT('',(0.0488292761564937,0.0391312431289947,-0.0181745503743489));
#2013=CARTESIAN_POINT('',(0.0574242922280352,0.03463468465822,-0.0190093587239584));
#2014=CARTESIAN_POINT('',(0.0630562762992942,0.0283158345360161,-0.0198441670735677));
#2015=CARTESIAN_POINT('',(0.066265528913907,0.0202558655573868,-0.0205746243794759));
#2016=CARTESIAN_POINT('',(0.067189717055989,0.0138884041826531,-0.0209224611918132));
#2017=CARTESIAN_POINT('',(0.0677259889197996,0.007163408030397,-0.0211659469604492));
#2018=CARTESIAN_POINT('',(0.0678001667125693,0.00362302256400227,-0.0212355143229166));
#2019=CARTESIAN_POINT('',(0.0678001667125693,5.10760867194343E-18,-0.0212355143229166));
#2020=CARTESIAN_POINT('',(0.,0.0428587650064128,-0.0185595703125));
#2021=CARTESIAN_POINT('',(0.00730502507545152,0.0428587650064128,-0.0185595703125));
#2022=CARTESIAN_POINT('',(0.013875549542401,0.0427763896861297,-0.0186333460807801));
#2023=CARTESIAN_POINT('',(0.0256467030808183,0.0422591184357808,-0.0188915612697601));
#2024=CARTESIAN_POINT('',(0.0360473696724862,0.041389326575649,-0.0192604401111603));
#2025=CARTESIAN_POINT('',(0.0478856115764249,0.0386246834408569,-0.0200350856781006));
#2026=CARTESIAN_POINT('',(0.0563665077070082,0.0341586078386273,-0.0209203948974609));
#2027=CARTESIAN_POINT('',(0.0619521796279687,0.027910539038521,-0.0218057041168213));
#2028=CARTESIAN_POINT('',(0.0651614582565627,0.019960832702502,-0.0225803496837616));
#2029=CARTESIAN_POINT('',(0.0661004086612347,0.0136874514907926,-0.0229492285251617));
#2030=CARTESIAN_POINT('',(0.0666498246001461,0.00706134460082526,-0.0232074437141419));
#2031=CARTESIAN_POINT('',(0.0667297653367216,0.00357276759885877,-0.0232812194824219));
#2032=CARTESIAN_POINT('',(0.0667297653367216,4.87128647965948E-18,-0.0232812194824219));
#2033=CARTESIAN_POINT('',(0.,0.0417618650705153,-0.02199609375));
#2034=CARTESIAN_POINT('',(0.00694915933380449,0.0417618650705153,-0.02199609375));
#2035=CARTESIAN_POINT('',(0.013210058793254,0.0416683773009931,-0.0220764269828797));
#2036=CARTESIAN_POINT('',(0.024446374322936,0.0411273731145887,-0.0223575932979584));
#2037=CARTESIAN_POINT('',(0.0343966732340893,0.0402323402808238,-0.0227592594623565));
#2038=CARTESIAN_POINT('',(0.0457835000504089,0.0374715971591165,-0.0236027584075928));
#2039=CARTESIAN_POINT('',(0.0540022519119943,0.0330816036333394,-0.0245667572021485));
#2040=CARTESIAN_POINT('',(0.0594745937050224,0.026996354566452,-0.0255307559967041));
#2041=CARTESIAN_POINT('',(0.0626733086061705,0.019294896217383,-0.0263742549419404));
#2042=CARTESIAN_POINT('',(0.0636393015904677,0.0132325162331483,-0.0267759211063385));
#2043=CARTESIAN_POINT('',(0.0642137260190905,0.00682914872344169,-0.0270570874214172));
#2044=CARTESIAN_POINT('',(0.0643051539555646,0.00345772774187152,-0.0271374206542969));
#2045=CARTESIAN_POINT('',(0.0643051539555646,4.3910187985663E-18,-0.0271374206542969));
#2046=CARTESIAN_POINT('',(0.,0.0411358599715123,-0.02365625));
#2047=CARTESIAN_POINT('',(0.00675393402844461,0.0411358599715123,-0.02365625));
#2048=CARTESIAN_POINT('',(0.0128447959815113,0.0410370095643778,-0.0237389322916666));
#2049=CARTESIAN_POINT('',(0.0237869152292689,0.0404851352853744,-0.0240283203125));
#2050=CARTESIAN_POINT('',(0.0334889262131899,0.0395790875416366,-0.0244417317708333));
#2051=CARTESIAN_POINT('',(0.0446249823110282,0.0368250705655141,-0.0253098958333333));
#2052=CARTESIAN_POINT('',(0.0526957208297619,0.0324806762476442,-0.0263020833333334));
#2053=CARTESIAN_POINT('',(0.0581010629538026,0.0264874655918782,-0.0272942708333333));
#2054=CARTESIAN_POINT('',(0.0612892082530348,0.018923992587149,-0.0281624348958333));
#2055=CARTESIAN_POINT('',(0.0622674925395554,0.0129785336673645,-0.0285758463541666));
#2056=CARTESIAN_POINT('',(0.0628537893165354,0.00669901627562986,-0.028865234375));
#2057=CARTESIAN_POINT('',(0.0629509439502552,0.00339294285002776,-0.0289479166666667));
#2058=CARTESIAN_POINT('',(0.0629509439502552,4.14707330975706E-18,-0.0289479166666667));
#2059=CARTESIAN_POINT('',(0.,0.0397049911737913,-0.02684375));
#2060=CARTESIAN_POINT('',(0.00632994820580856,0.0397049911737913,-0.02684375));
#2061=CARTESIAN_POINT('',(0.01205099548265,0.0395961925458512,-0.0269290364583333));
#2062=CARTESIAN_POINT('',(0.0223519841376979,0.039025802174918,-0.0272275390625));
#2063=CARTESIAN_POINT('',(0.0315114225363512,0.038102618688932,-0.0276539713541667));
#2064=CARTESIAN_POINT('',(0.0420946165986266,0.0353747527005848,-0.0285494791666667));
#2065=CARTESIAN_POINT('',(0.0498331329340932,0.0311399607019672,-0.0295729166666667));
#2066=CARTESIAN_POINT('',(0.0550808559270643,0.0253552836054853,-0.0305963541666667));
#2067=CARTESIAN_POINT('',(0.0582342685372704,0.0180986384868525,-0.0314918619791667));
#2068=CARTESIAN_POINT('',(0.0592330577123294,0.0124120918856775,-0.0319182942708334));
#2069=CARTESIAN_POINT('',(0.0598406639750374,0.00640771015756915,-0.032216796875));
#2070=CARTESIAN_POINT('',(0.059948875650216,0.00324723217673079,-0.0323020833333333));
#2071=CARTESIAN_POINT('',(0.059948875650216,3.65918233213858E-18,-0.0323020833333333));
#2072=CARTESIAN_POINT('',(0.,0.0389001274750733,-0.02837109375));
#2073=CARTESIAN_POINT('',(0.0061011741946129,0.0389001274750733,-0.02837109375));
#2074=CARTESIAN_POINT('',(0.0116224341811724,0.038786745667158,-0.028456635316213));
#2075=CARTESIAN_POINT('',(0.0215764737664605,0.0382087171073524,-0.0287560307979584));
#2076=CARTESIAN_POINT('',(0.0304416182300086,0.0372794236035718,-0.0291837386290232));
#2077=CARTESIAN_POINT('',(0.0407227197101473,0.0345710022839636,-0.0300819250742594));
#2078=CARTESIAN_POINT('',(0.0482770347955284,0.0304002314208259,-0.0311084238688151));
#2079=CARTESIAN_POINT('',(0.0534341509769669,0.0247320602869874,-0.0321349226633708));
#2080=CARTESIAN_POINT('',(0.0565634144156672,0.0176442559076976,-0.033033109108607));
#2081=CARTESIAN_POINT('',(0.0575704247673711,0.0120996873429833,-0.0334608169396719));
#2082=CARTESIAN_POINT('',(0.0581874736493545,0.00624657013237186,-0.0337602124214173));
#2083=CARTESIAN_POINT('',(0.0583010173554861,0.00316632562102136,-0.0338457539876302));
#2084=CARTESIAN_POINT('',(0.0583010173554861,3.41523684332934E-18,-0.0338457539876302));
#2085=CARTESIAN_POINT('',(0.,0.0370877931403152,-0.0312763671875));
#2086=CARTESIAN_POINT('',(0.00561335342076002,0.0370877931403152,-0.0312763671875));
#2087=CARTESIAN_POINT('',(0.0107077965212178,0.036966494708828,-0.0313603154818217));
#2088=CARTESIAN_POINT('',(0.0199188826657293,0.0363779143120057,-0.0316541345119477));
#2089=CARTESIAN_POINT('',(0.0281518123418839,0.0354433503813353,-0.0320738759835561));
#2090=CARTESIAN_POINT('',(0.0377777591034364,0.0327903466271507,-0.0329553330739339));
#2091=CARTESIAN_POINT('',(0.0449254473720661,0.0287699305141389,-0.0339627126057943));
#2092=CARTESIAN_POINT('',(0.0498742340148961,0.023362800297638,-0.0349700921376546));
#2093=CARTESIAN_POINT('',(0.0529376435064147,0.0166466069889727,-0.0358515492280325));
#2094=CARTESIAN_POINT('',(0.0539547931211225,0.0114128385666267,-0.0362712906996409));
#2095=CARTESIAN_POINT('',(0.0545866676090849,0.00589143587709538,-0.0365651097297668));
#2096=CARTESIAN_POINT('',(0.0547099672896933,0.0029874230695137,-0.0366490580240885));
#2097=CARTESIAN_POINT('',(0.0547099672896933,2.93496916223615E-18,-0.0366490580240885));
#2098=CARTESIAN_POINT('',(0.,0.0360803225042752,-0.032654296875));
#2099=CARTESIAN_POINT('',(0.00535430008792459,0.0360803225042752,-0.032654296875));
#2100=CARTESIAN_POINT('',(0.0102217086649288,0.035955689411761,-0.0327363967895508));
#2101=CARTESIAN_POINT('',(0.0190367832522914,0.0353641914101454,-0.0330237464904785));
#2102=CARTESIAN_POINT('',(0.0269317875591603,0.0344304615919429,-0.0334342460632324));
#2103=CARTESIAN_POINT('',(0.0362046715683087,0.0318134206906422,-0.0342962951660156));
#2104=CARTESIAN_POINT('',(0.0431299379659979,0.0278793290615485,-0.035281494140625));
#2105=CARTESIAN_POINT('',(0.0479610080412939,0.0226167283213047,-0.0362666931152344));
#2106=CARTESIAN_POINT('',(0.0509827195326329,0.0161033062569936,-0.0371287422180176));
#2107=CARTESIAN_POINT('',(0.0520017909294251,0.0110383666364226,-0.0375392417907715));
#2108=CARTESIAN_POINT('',(0.0526390510732258,0.00569742460299049,-0.0378265914916992));
#2109=CARTESIAN_POINT('',(0.0527667755186304,0.0028894173342722,-0.03790869140625));
#2110=CARTESIAN_POINT('',(0.0527667755186304,2.6986469699522E-18,-0.03790869140625));
#2111=CARTESIAN_POINT('',(0.,0.0338390259572664,-0.035244140625));
#2112=CARTESIAN_POINT('',(0.00481161910157298,0.0338390259572664,-0.035244140625));
#2113=CARTESIAN_POINT('',(0.00920216807543961,0.0337095011328658,-0.0353206558227539));
#2114=CARTESIAN_POINT('',(0.0171829572651406,0.033118572218301,-0.0355884590148926));
#2115=CARTESIAN_POINT('',(0.0243631655276816,0.0321957640379725,-0.0359710350036621));
#2116=CARTESIAN_POINT('',(0.0328808717374478,0.0296714617693267,-0.0367744445800781));
#2117=CARTESIAN_POINT('',(0.0393211999880467,0.0259366539516923,-0.0376926269531249));
#2118=CARTESIAN_POINT('',(0.0438854701317987,0.0209949616842596,-0.0386108093261719));
#2119=CARTESIAN_POINT('',(0.046801093648468,0.0149240427162445,-0.0394142189025879));
#2120=CARTESIAN_POINT('',(0.0478147469796634,0.0102250752033412,-0.0397967948913574));
#2121=CARTESIAN_POINT('',(0.0484565507157833,0.00527550727308066,-0.0400645980834961));
#2122=CARTESIAN_POINT('',(0.0485915277863056,0.00267580924786486,-0.04014111328125));
#2123=CARTESIAN_POINT('',(0.0485915277863056,2.24124917843488E-18,-0.04014111328125));
#2124=CARTESIAN_POINT('',(0.,0.0326052000462976,-0.0364560546875));
#2125=CARTESIAN_POINT('',(0.00452799278926396,0.0326052000462976,-0.0364560546875));
#2126=CARTESIAN_POINT('',(0.00866871768935191,0.0324741176587321,-0.036528833548228));
#2127=CARTESIAN_POINT('',(0.0162112345054857,0.0318866738360173,-0.0367835595607758));
#2128=CARTESIAN_POINT('',(0.0230145730150644,0.0309739509657188,-0.0371474538644155));
#2129=CARTESIAN_POINT('',(0.0311301643035906,0.0285064204153211,-0.0379116319020589));
#2130=CARTESIAN_POINT('',(0.0373079755236106,0.0248845682329344,-0.0387849782307942));
#2131=CARTESIAN_POINT('',(0.041723161045971,0.0201192527466793,-0.0396583245595297));
#2132=CARTESIAN_POINT('',(0.0445743932050301,0.0142880659998354,-0.040422502597173));
#2133=CARTESIAN_POINT('',(0.0455807059341155,0.00978624450050662,-0.0407863969008128));
#2134=CARTESIAN_POINT('',(0.0462216670618509,0.00504759432499438,-0.0410411229133606));
#2135=CARTESIAN_POINT('',(0.0463594718250437,0.00256020295825253,-0.0411139017740885));
#2136=CARTESIAN_POINT('',(0.0463594718250437,2.02017357920151E-18,-0.0411139017740885));
#2137=CARTESIAN_POINT('',(0.,0.0298874446118245,-0.038697265625));
#2138=CARTESIAN_POINT('',(0.00394435209843183,0.0298874446118245,-0.038697265625));
#2139=CARTESIAN_POINT('',(0.00756908332544496,0.0297556299443498,-0.0387611244519552));
#2140=CARTESIAN_POINT('',(0.0142027531338753,0.0291834919158869,-0.0389846303462983));
#2141=CARTESIAN_POINT('',(0.0202204358901899,0.0283028451939104,-0.039303924481074));
#2142=CARTESIAN_POINT('',(0.0274862333781061,0.0259745942761593,-0.0399744421641032));
#2143=CARTESIAN_POINT('',(0.0330971756060028,0.0226101910908235,-0.0407407480875651));
#2144=CARTESIAN_POINT('',(0.0371777708371613,0.0182336475265513,-0.041507054011027));
#2145=CARTESIAN_POINT('',(0.0398711642116077,0.0129218587934388,-0.0421775716940562));
#2146=CARTESIAN_POINT('',(0.0408498132346116,0.00884368854649889,-0.042496865828832));
#2147=CARTESIAN_POINT('',(0.0414801286088074,0.00455791670478984,-0.0427203717231751));
#2148=CARTESIAN_POINT('',(0.0416211194715012,0.00231150580697439,-0.0427842305501302));
#2149=CARTESIAN_POINT('',(0.0416211194715012,1.60089227031063E-18,-0.0427842305501302));
#2150=CARTESIAN_POINT('',(0.,0.02840351508832,-0.0397265625));
#2151=CARTESIAN_POINT('',(0.003644348106565,0.02840351508832,-0.0397265625));
#2152=CARTESIAN_POINT('',(0.00700291752427423,0.0282725253363107,-0.0397852376302084));
#2153=CARTESIAN_POINT('',(0.0131660240589736,0.0277122068149308,-0.0399906005859375));
#2154=CARTESIAN_POINT('',(0.0187749279558128,0.0268535492761892,-0.0402839762369792));
#2155=CARTESIAN_POINT('',(0.0255930475381079,0.0246078032385654,-0.0409000651041667));
#2156=CARTESIAN_POINT('',(0.0308996319619659,0.021387890656604,-0.0416041666666667));
#2157=CARTESIAN_POINT('',(0.034794711785824,0.0172237405780802,-0.0423082682291666));
#2158=CARTESIAN_POINT('',(0.0373946470220284,0.0121916179133707,-0.0429243570963542));
#2159=CARTESIAN_POINT('',(0.0383529670985668,0.00833995492809264,-0.0432177327473958));
#2160=CARTESIAN_POINT('',(0.0389734751080283,0.00429614688360505,-0.043423095703125));
#2161=CARTESIAN_POINT('',(0.0391148230792207,0.00217841200298484,-0.0434817708333333));
#2162=CARTESIAN_POINT('',(0.0391148230792207,1.40268656065312E-18,-0.0434817708333333));
#2163=CARTESIAN_POINT('',(0.,0.0251618040911688,-0.0415859375));
#2164=CARTESIAN_POINT('',(0.00303852688427715,0.0251618040911688,-0.0415859375));
#2165=CARTESIAN_POINT('',(0.00585679103211057,0.0250355362368135,-0.0416334635416667));
#2166=CARTESIAN_POINT('',(0.0110594872312481,0.0245093965372272,-0.0417998046875));
#2167=CARTESIAN_POINT('',(0.0158282254324913,0.0237096528467651,-0.0420374348958333));
#2168=CARTESIAN_POINT('',(0.0217104753538288,0.0216602687382192,-0.0425364583333334));
#2169=CARTESIAN_POINT('',(0.0263649541041633,0.018766407702866,-0.0431067708333333));
#2170=CARTESIAN_POINT('',(0.0298468174893874,0.0150676096330212,-0.0436770833333334));
#2171=CARTESIAN_POINT('',(0.0322232909117615,0.0106376626672712,-0.0441761067708334));
#2172=CARTESIAN_POINT('',(0.0331235432171971,0.00726895634940571,-0.0444137369791667));
#2173=CARTESIAN_POINT('',(0.0337122187328912,0.00373997407156658,-0.044580078125));
#2174=CARTESIAN_POINT('',(0.0338507680958677,0.00189552357922026,-0.0446276041666667));
#2175=CARTESIAN_POINT('',(0.0338507680958677,1.03676832743926E-18,-0.0446276041666667));
#2176=CARTESIAN_POINT('',(0.,0.023404022617522,-0.042416015625));
#2177=CARTESIAN_POINT('',(0.00273273039894447,0.023404022617522,-0.042416015625));
#2178=CARTESIAN_POINT('',(0.00527686664502223,0.0232816515199387,-0.0424575762748718));
#2179=CARTESIAN_POINT('',(0.00998973847226934,0.0227778704024588,-0.0426030385494232));
#2180=CARTESIAN_POINT('',(0.0143271040996402,0.0220150503626658,-0.0428108417987824));
#2181=CARTESIAN_POINT('',(0.0197211642104933,0.0200795214433829,-0.0432472286224365));
#2182=CARTESIAN_POINT('',(0.0240278834222305,0.0173672196606381,-0.0437459564208985));
#2183=CARTESIAN_POINT('',(0.0272820263276007,0.0139213790993488,-0.0442446842193603));
#2184=CARTESIAN_POINT('',(0.0295284746810143,0.00981394193321781,-0.0446810710430146));
#2185=CARTESIAN_POINT('',(0.0303909764927003,0.00670168626089493,-0.0448888742923736));
#2186=CARTESIAN_POINT('',(0.0309576184516693,0.00344556792487897,-0.0450343365669251));
#2187=CARTESIAN_POINT('',(0.0310930095047953,0.00174572715611157,-0.0450758972167969));
#2188=CARTESIAN_POINT('',(0.0310930095047953,8.69055803882912E-19,-0.0450758972167969));
#2189=CARTESIAN_POINT('',(0.,0.019590859382479,-0.0438603515625));
#2190=CARTESIAN_POINT('',(0.00212801538377065,0.019590859382479,-0.0438603515625));
#2191=CARTESIAN_POINT('',(0.0041259927377492,0.0194801324499871,-0.0438900904655457));
#2192=CARTESIAN_POINT('',(0.00785571122906393,0.0190341029361203,-0.0439941766262054));
#2193=CARTESIAN_POINT('',(0.0113191240728364,0.0183634977733702,-0.0441428711414338));
#2194=CARTESIAN_POINT('',(0.0157028770740032,0.0166933846314144,-0.0444551296234131));
#2195=CARTESIAN_POINT('',(0.0192694705162223,0.0143874745409636,-0.044811996459961));
#2196=CARTESIAN_POINT('',(0.0220197671324466,0.0114930628518701,-0.0451688632965088));
#2197=CARTESIAN_POINT('',(0.023961285683038,0.00807633181450328,-0.0454811217784882));
#2198=CARTESIAN_POINT('',(0.0247258958648575,0.00550701099133387,-0.0456298162937164));
#2199=CARTESIAN_POINT('',(0.0252325818924496,0.00282659211950304,-0.0457339024543762));
#2200=CARTESIAN_POINT('',(0.0253569628291318,0.00143093216655105,-0.0457636413574219));
#2201=CARTESIAN_POINT('',(0.0253569628291318,5.71747239396653E-19,-0.0457636413574219));
#2202=CARTESIAN_POINT('',(0.,0.0175354776210829,-0.044474609375));
#2203=CARTESIAN_POINT('',(0.0018291293664754,0.0175354776210829,-0.044474609375));
#2204=CARTESIAN_POINT('',(0.00355510011451982,0.0174324980266885,-0.0444984919230143));
#2205=CARTESIAN_POINT('',(0.00679152520238971,0.0170218613061064,-0.0445820808410645));
#2206=CARTESIAN_POINT('',(0.00981238018881138,0.016406547053731,-0.0447014935811361));
#2207=CARTESIAN_POINT('',(0.0136740189388276,0.0148879939205076,-0.0449522603352864));
#2208=CARTESIAN_POINT('',(0.0168482278618188,0.012806915743077,-0.0452388509114584));
#2209=CARTESIAN_POINT('',(0.0193223681882392,0.0102109751016247,-0.0455254414876302));
#2210=CARTESIAN_POINT('',(0.021088948476406,0.00716244044606964,-0.0457762082417806));
#2211=CARTESIAN_POINT('',(0.0217933992338015,0.00487960421273227,-0.0458956209818522));
#2212=CARTESIAN_POINT('',(0.02226214967852,0.00250202147770619,-0.0459792098999024));
#2213=CARTESIAN_POINT('',(0.0223786747445407,0.00126593303832293,-0.0460030924479167));
#2214=CARTESIAN_POINT('',(0.0223786747445407,4.42151198466745E-19,-0.0460030924479167));
#2215=CARTESIAN_POINT('',(0.,0.0131033654729346,-0.045470703125));
#2216=CARTESIAN_POINT('',(0.0012525728226367,0.0131033654729346,-0.045470703125));
#2217=CARTESIAN_POINT('',(0.00244806800245738,0.0130206018682701,-0.0454840977986654));
#2218=CARTESIAN_POINT('',(0.00471242752068273,0.0126965790562095,-0.0455309791564941));
#2219=CARTESIAN_POINT('',(0.00685012842513212,0.0122140606414173,-0.045597952524821));
#2220=CARTESIAN_POINT('',(0.00964168973285031,0.0110434457910339,-0.0457385965983073));
#2221=CARTESIAN_POINT('',(0.0119859091949482,0.00946219805266167,-0.0458993326822917));
#2222=CARTESIAN_POINT('',(0.0138530974257251,0.00751407652671339,-0.0460600687662761));
#2223=CARTESIAN_POINT('',(0.0152162274504436,0.00525039507380876,-0.0462007128397623));
#2224=CARTESIAN_POINT('',(0.0157726989537013,0.00357014656778572,-0.0462676862080892));
#2225=CARTESIAN_POINT('',(0.0161457954827448,0.00182647542006374,-0.046314567565918));
#2226=CARTESIAN_POINT('',(0.0162406562601596,0.000922967928270943,-0.0463279622395833));
#2227=CARTESIAN_POINT('',(0.0162406562601596,2.28698895758661E-19,-0.0463279622395833));
#2228=CARTESIAN_POINT('',(0.,0.0107266350861824,-0.0458525390625));
#2229=CARTESIAN_POINT('',(0.000974947595781108,0.0107266350861824,-0.0458525390625));
#2230=CARTESIAN_POINT('',(0.00191200778807804,0.0106563402245605,-0.0458613022168477));
#2231=CARTESIAN_POINT('',(0.00369764468663727,0.0103835388248197,-0.0458919732570648));
#2232=CARTESIAN_POINT('',(0.00539478051000055,0.00997852574858194,-0.0459357890288035));
#2233=CARTESIAN_POINT('',(0.00763838287341717,0.00900428992643996,-0.0460278021494547));
#2234=CARTESIAN_POINT('',(0.00954497191277532,0.0076980413996822,-0.0461329600016276));
#2235=CARTESIAN_POINT('',(0.0110813218692551,0.00609926835294246,-0.0462381178538005));
#2236=CARTESIAN_POINT('',(0.0122158931776468,0.00425224365231888,-0.0463301309744517));
#2237=CARTESIAN_POINT('',(0.0126845193701163,0.00288809778102219,-0.0463739467461904));
#2238=CARTESIAN_POINT('',(0.0129998791633603,0.00147550128396056,-0.0464046177864075));
#2239=CARTESIAN_POINT('',(0.0130809258603695,0.000745002677728457,-0.0464133809407552));
#2240=CARTESIAN_POINT('',(0.0130809258603695,1.44842633980485E-19,-0.0464133809407552));
#2241=CARTESIAN_POINT('',(0.,0.00562807734971512,-0.0463671875));
#2242=CARTESIAN_POINT('',(0.000456204651767234,0.00562807734971512,-0.0463671875));
#2243=CARTESIAN_POINT('',(0.000902216521298857,0.00558840387505325,-0.0463692533175151));
#2244=CARTESIAN_POINT('',(0.00176444516144302,0.00543696626185187,-0.0463764836788178));
#2245=CARTESIAN_POINT('',(0.00259687499968677,0.00521343798477285,-0.046386812766393));
#2246=CARTESIAN_POINT('',(0.00372821640930408,0.00468464973522072,-0.0464085038503011));
#2247=CARTESIAN_POINT('',(0.00471470251725449,0.00398614911079515,-0.0464332936604818));
#2248=CARTESIAN_POINT('',(0.00552913635774788,0.0031427268719172,-0.0464580834706624));
#2249=CARTESIAN_POINT('',(0.00614467595312259,0.00218018108036882,-0.0464797745545705));
#2250=CARTESIAN_POINT('',(0.00640478152693786,0.00147693842631821,-0.0464901036421458));
#2251=CARTESIAN_POINT('',(0.00658104935540094,0.000752193930592997,-0.0464973340034485));
#2252=CARTESIAN_POINT('',(0.0066272643969564,0.000379076015615448,-0.0464993998209635));
#2253=CARTESIAN_POINT('',(0.0066272643969564,3.04931861011548E-20,-0.0464993998209635));
#2254=CARTESIAN_POINT('',(0.,0.00290625,-0.0465));
#2255=CARTESIAN_POINT('',(0.000215137815021861,0.00290625,-0.0465));
#2256=CARTESIAN_POINT('',(0.000428576503253054,0.00288473019207942,-0.0465));
#2257=CARTESIAN_POINT('',(0.000846182132810007,0.00280343827727503,-0.0465));
#2258=CARTESIAN_POINT('',(0.00125451601546153,0.00268389406350742,-0.0465));
#2259=CARTESIAN_POINT('',(0.00182158111875021,0.00240418279660013,-0.0465));
#2260=CARTESIAN_POINT('',(0.00232559002137799,0.00203843853407079,-0.0465));
#2261=CARTESIAN_POINT('',(0.00274892224337257,0.00160102322655318,-0.0465));
#2262=CARTESIAN_POINT('',(0.00307395730476166,0.00110629882468111,-0.0465));
#2263=CARTESIAN_POINT('',(0.00321336891863585,0.000747851127619306,-0.0465));
#2264=CARTESIAN_POINT('',(0.00330826782566001,0.00037987503286188,-0.0465));
#2265=CARTESIAN_POINT('',(0.00333346092574708,0.000191122786635361,-0.0465));
#2266=CARTESIAN_POINT('',(0.00333346092574708,0.,-0.0465));
#2267=CARTESIAN_POINT('',(0.,0.,-0.0465));
#2268=CARTESIAN_POINT('',(0.,0.,-0.0465));
#2269=CARTESIAN_POINT('',(0.,0.,-0.0465));
#2270=CARTESIAN_POINT('',(0.,0.,-0.0465));
#2271=CARTESIAN_POINT('',(0.,0.,-0.0465));
#2272=CARTESIAN_POINT('',(0.,0.,-0.0465));
#2273=CARTESIAN_POINT('',(0.,0.,-0.0465));
#2274=CARTESIAN_POINT('',(0.,0.,-0.0465));
#2275=CARTESIAN_POINT('',(0.,0.,-0.0465));
#2276=CARTESIAN_POINT('',(0.,0.,-0.0465));
#2277=CARTESIAN_POINT('',(0.,0.,-0.0465));
#2278=CARTESIAN_POINT('',(0.,0.,-0.0465));
#2279=CARTESIAN_POINT('',(0.,0.,-0.0465));
#2280=CARTESIAN_POINT('',(0.0666836921684703,0.0199948881671919,-0.0190930826254147));
#2281=CARTESIAN_POINT('',(0.0666918791009198,0.0192500237820307,-0.0194742726583453));
#2282=CARTESIAN_POINT('',(0.0666749695633316,0.0186360071679764,-0.0198113322415094));
#2283=CARTESIAN_POINT('',(0.066625184376621,0.0178131603555332,-0.0202895835068346));
#2284=CARTESIAN_POINT('',(0.0665096931726976,0.0168136163737651,-0.0209252715563574));
#2285=CARTESIAN_POINT('',(0.0662899623009134,0.0156473571922362,-0.0217527265487725));
#2286=CARTESIAN_POINT('',(0.0658677308385293,0.0140843267956356,-0.0229898568990218));
#2287=CARTESIAN_POINT('',(0.0651725253230687,0.0123795688491069,-0.024567115108527));
#2288=CARTESIAN_POINT('',(0.0640534293559565,0.0106098345747514,-0.0265824102818175));
#2289=CARTESIAN_POINT('',(0.0628286400391574,0.00936821118555135,-0.0283874989310072));
#2290=CARTESIAN_POINT('',(0.0617398439601042,0.00861688583336501,-0.0297796366747698));
#2291=CARTESIAN_POINT('',(0.0608664779418417,0.00815832871180681,-0.0308064915381131));
#2292=CARTESIAN_POINT('',(0.0598436394435231,0.00778327041078958,-0.0319036345160869));
#2293=CARTESIAN_POINT('',(0.058796987316677,0.00755684095808724,-0.0329251920958789));
#2294=CARTESIAN_POINT('',(0.0576410547058237,0.0074574601801864,-0.0339520883231287));
#2295=CARTESIAN_POINT('',(0.0561644136514648,0.00751606293406979,-0.0351428551491813));
#2296=CARTESIAN_POINT('',(0.0542835537181456,0.00790816991332239,-0.0364597991252122));
#2297=CARTESIAN_POINT('',(0.0523414040023184,0.00867801200524017,-0.0375787776884509));
#2298=CARTESIAN_POINT('',(0.0508849698252652,0.00940382074865949,-0.0382887914151696));
#2299=CARTESIAN_POINT('',(0.0500890194882756,0.00983384935177791,-0.0386430141949314));
#2300=CARTESIAN_POINT('',(0.0496403485508186,0.0100929081018071,-0.0388309874770955));
#2301=CARTESIAN_POINT('',(0.0492600405749189,0.0103253452881244,-0.0389825685518962));
#2302=CARTESIAN_POINT('',(0.0488619524173788,0.010578338290416,-0.0391352832754879));
#2303=CARTESIAN_POINT('',(0.0483863965193507,0.0108984390586563,-0.0393069984392087));
#2304=CARTESIAN_POINT('',(0.0478236075191446,0.0113070116984313,-0.0394931641278267));
#2305=CARTESIAN_POINT('',(0.0471181170018329,0.0118554935590939,-0.0397063964667441));
#2306=CARTESIAN_POINT('',(0.0461362949650588,0.0127110220097449,-0.0399534274163797));
#2307=CARTESIAN_POINT('',(0.0451415648991007,0.0137258045071022,-0.0401296176035265));
#2308=CARTESIAN_POINT('',(0.0440845184638461,0.0149984640097703,-0.0402224673734769));
#2309=CARTESIAN_POINT('',(0.0432131648561663,0.0162701874960573,-0.0401945981068208));
#2310=CARTESIAN_POINT('',(0.0423799911113152,0.017756826090637,-0.0400381425299239));
#2311=CARTESIAN_POINT('',(0.0417417206610975,0.0192350887891784,-0.0397561866768928));
#2312=CARTESIAN_POINT('',(0.0412329599993334,0.0208145870317122,-0.0393309372905536));
#2313=CARTESIAN_POINT('',(0.0409176442796151,0.0223794523759128,-0.0387728683538853));
#2314=CARTESIAN_POINT('',(0.0407758093497319,0.0238917082106073,-0.0381056973821489));
#2315=CARTESIAN_POINT('',(0.0408179332724452,0.0253976211138141,-0.0372952236856364));
#2316=CARTESIAN_POINT('',(0.0409852515937645,0.0265081237593181,-0.0365828381362213));
#2317=CARTESIAN_POINT('',(0.0411956181330582,0.0273705816767213,-0.0359614787374127));
#2318=CARTESIAN_POINT('',(0.0414705697622879,0.0282288232988072,-0.0352875169808826));
#2319=CARTESIAN_POINT('',(0.0418298225991248,0.0290667789523812,-0.0345505727520711));
#2320=CARTESIAN_POINT('',(0.0423914323574557,0.0300558421499633,-0.0335622895890175));
#2321=CARTESIAN_POINT('',(0.0429637390412927,0.0308127938388742,-0.0326858443293071));
#2322=CARTESIAN_POINT('',(0.0434914010861579,0.0313867971777759,-0.0319423502709343));
#2323=CARTESIAN_POINT('',(0.0438502912923646,0.0317309763468619,-0.0314606036230551));
#2324=CARTESIAN_POINT('',(0.0441619465014237,0.0320016507210328,-0.0310567433595436));
#2325=CARTESIAN_POINT('',(0.0444223959557684,0.0322152262821974,-0.0307256268389805));
#2326=CARTESIAN_POINT('',(0.0449244991385396,0.0325965214784457,-0.0301029883042676));
#2327=CARTESIAN_POINT('',(0.0456813899979689,0.033078340466189,-0.0292140613561995));
#2328=CARTESIAN_POINT('',(0.0466804045602535,0.0335783000429938,-0.0281168257333372));
#2329=CARTESIAN_POINT('',(0.0477962336109524,0.033999220119262,-0.0269690612852164));
#2330=CARTESIAN_POINT('',(0.0489199165201858,0.0343078334837939,-0.0258759098459003));
#2331=CARTESIAN_POINT('',(0.0500671676358692,0.0345198585454174,-0.0248199293567595));
#2332=CARTESIAN_POINT('',(0.0512618608169286,0.0346355549031872,-0.0237851300225944));
#2333=CARTESIAN_POINT('',(0.0524672873808886,0.0346548892802059,-0.0228016331874156));
#2334=CARTESIAN_POINT('',(0.0538005402081404,0.0345670074201485,-0.0217789718517962));
#2335=CARTESIAN_POINT('',(0.0555530279340334,0.0342906344290034,-0.0205344370977974));
#2336=CARTESIAN_POINT('',(0.0576705359512521,0.033671524768459,-0.0192100898347264));
#2337=CARTESIAN_POINT('',(0.0602477138628531,0.0323474437504214,-0.0179269648801037));
#2338=CARTESIAN_POINT('',(0.0625915606086917,0.0304073397200221,-0.0171422393272424));
#2339=CARTESIAN_POINT('',(0.0641883543930354,0.0283249117212159,-0.0169438242759562));
#2340=CARTESIAN_POINT('',(0.0651616598523465,0.0265062715652161,-0.017069407429858));
#2341=CARTESIAN_POINT('',(0.0659455736953331,0.0246006844478463,-0.0173793222375785));
#2342=CARTESIAN_POINT('',(0.0664251702480337,0.022693733614174,-0.017929801924421));
#2343=CARTESIAN_POINT('',(0.0666299453550144,0.0209698640713972,-0.0186354465752335));
#2344=CARTESIAN_POINT('',(0.0666836921684703,0.0199948881671919,-0.0190930826254147));
#2345=CARTESIAN_POINT('',(0.0666918791009198,0.0192500237820307,-0.0194742726583453));
#2346=CARTESIAN_POINT('',(0.0666749695633316,0.0186360071679764,-0.0198113322415094));
#2347=CARTESIAN_POINT('',(0.0666875541018595,0.0192514586644534,-0.0194776970494076));
#2348=CARTESIAN_POINT('',(0.,0.,-0.0465));
#2349=CARTESIAN_POINT('',(0.04,0.,-0.0465));
#2350=CARTESIAN_POINT('',(0.075,0.,-0.0465));
#2351=CARTESIAN_POINT('',(0.0745496392009423,0.,0.));
#2352=CARTESIAN_POINT('',(0.075,0.,0.0215));
#2353=CARTESIAN_POINT('',(0.075,1.56125112837912E-17,0.0215));
#2354=CARTESIAN_POINT('',(0.075,0.0238725830020306,0.0215));
#2355=CARTESIAN_POINT('',(0.075,0.0465,0.0215));
#2356=CARTESIAN_POINT('',(0.0523725830020305,0.0465,0.0215));
#2357=CARTESIAN_POINT('',(0.,0.0465,0.0215));
#2358=CARTESIAN_POINT('',(0.0475967845592799,0.0443029294537432,0.0163118308254763));
#2359=CARTESIAN_POINT('',(0.0469922515413138,0.0443596390531364,0.0148779983006731));
#2360=CARTESIAN_POINT('',(0.0475943681974154,0.0442054607385325,0.013456174103975));
#2361=CARTESIAN_POINT('',(0.0489943124205834,0.0439198974406191,0.012883525418645));
#2362=CARTESIAN_POINT('',(0.0504033357741326,0.0436455557877432,0.0134499102113768));
#2363=CARTESIAN_POINT('',(0.0510071511862429,0.0435638343250843,0.0148821138907234));
#2364=CARTESIAN_POINT('',(0.0504079003641539,0.0437505297053218,0.0162995771024604));
#2365=CARTESIAN_POINT('',(0.0490135851742047,0.0440590759656934,0.0168770676441317));
#2366=CARTESIAN_POINT('',(0.0475967845592799,0.0443029294537432,0.0163118308254763));
#2367=CARTESIAN_POINT('',(0.0469922515413138,0.0443596390531364,0.0148779983006731));
#2368=CARTESIAN_POINT('',(0.0475943681974154,0.0442054607385325,0.013456174103975));
#2369=CARTESIAN_POINT('',(0.0471933598203251,0.0443244910674702,0.0148799996886906));
#2370=CARTESIAN_POINT('',(0.0145853232958314,0.0463583407096798,0.0162973323868383));
#2371=CARTESIAN_POINT('',(0.0139975092716478,0.0463322137442256,0.0148795729717646));
#2372=CARTESIAN_POINT('',(0.014584798539528,0.0462947739398085,0.0134643738582469));
#2373=CARTESIAN_POINT('',(0.0159982505810652,0.0462670738763465,0.0128781254519155));
#2374=CARTESIAN_POINT('',(0.0174152051636189,0.0462660667580273,0.0134632836444512));
#2375=CARTESIAN_POINT('',(0.0180018534684548,0.0462924188573379,0.014879814626603));
#2376=CARTESIAN_POINT('',(0.0174172213729345,0.0463308427611889,0.0162936512364077));
#2377=CARTESIAN_POINT('',(0.0160024687885722,0.0463583691102475,0.01688221211798));
#2378=CARTESIAN_POINT('',(0.0145853232958314,0.0463583407096798,0.0162973323868383));
#2379=CARTESIAN_POINT('',(0.0139975092716478,0.0463322137442256,0.0148795729717646));
#2380=CARTESIAN_POINT('',(0.014584798539528,0.0462947739398085,0.0134643738582469));
#2381=CARTESIAN_POINT('',(0.0141933598203251,0.0463303282710651,0.0148799996886906));
#2382=CARTESIAN_POINT('',(-0.0475096954495253,0.029487973167988,-0.0376847044011353));
#2383=CARTESIAN_POINT('',(-0.0475608721366731,0.0295329510597821,-0.037655286503103));
#2384=CARTESIAN_POINT('',(-0.047612048823821,0.0295779289515763,-0.0376258686050707));
#2385=CARTESIAN_POINT('',(-0.0476632255109688,0.0296229068433704,-0.0375964507070384));
#2386=CARTESIAN_POINT('',(-0.0481864813482693,0.0300827831218557,-0.0372956675238274));
#2387=CARTESIAN_POINT('',(-0.0487456894876845,0.0304789331628902,-0.0369849809681314));
#2388=CARTESIAN_POINT('',(-0.0496356603526326,0.0309770365791243,-0.0365047622650052));
#2389=CARTESIAN_POINT('',(-0.0499403822262359,0.0311268862437301,-0.0363421794089185));
#2390=CARTESIAN_POINT('',(-0.0504108951769,0.0313271288779722,-0.0360946585011962));
#2391=CARTESIAN_POINT('',(-0.0505701503064298,0.0313897958119373,-0.0360114047446259));
#2392=CARTESIAN_POINT('',(-0.0508895860721448,0.0315054977872367,-0.0358453048953415));
#2393=CARTESIAN_POINT('',(-0.0510501978204413,0.0315587203118191,-0.0357622752260352));
#2394=CARTESIAN_POINT('',(-0.0518571182462442,0.0318020470600742,-0.0353471243740424));
#2395=CARTESIAN_POINT('',(-0.0525161187153649,0.0319246166515777,-0.0350152332180222));
#2396=CARTESIAN_POINT('',(-0.0533550169063742,0.0319876956603968,-0.0346003339629755));
#2397=CARTESIAN_POINT('',(-0.0535235116036736,0.0319957684935019,-0.0345173430452237));
#2398=CARTESIAN_POINT('',(-0.0538617720220158,0.0320027919043893,-0.0343513076878838));
#2399=CARTESIAN_POINT('',(-0.054032077229271,0.0320017362318263,-0.0342680556588307));
#2400=CARTESIAN_POINT('',(-0.0545408219794963,0.0319846803646109,-0.0340205842933766));
#2401=CARTESIAN_POINT('',(-0.0548769559987511,0.03195526277907,-0.0338582104321766));
#2402=CARTESIAN_POINT('',(-0.0558777763562546,0.0318144061615499,-0.0333789901919675));
#2403=CARTESIAN_POINT('',(-0.0565339802358915,0.031651335713896,-0.0330697314680912));
#2404=CARTESIAN_POINT('',(-0.0575024631427572,0.0313026643416645,-0.0326217016616719));
#2405=CARTESIAN_POINT('',(-0.0578231297587593,0.0311684358966994,-0.0324747189081748));
#2406=CARTESIAN_POINT('',(-0.0584449553339074,0.0308717440187922,-0.0321920238579555));
#2407=CARTESIAN_POINT('',(-0.058748600260293,0.0307082767419672,-0.0320556904733942));
#2408=CARTESIAN_POINT('',(-0.0596370117136953,0.0301738659402239,-0.0316614136987524));
#2409=CARTESIAN_POINT('',(-0.0601991718653206,0.029760029811673,-0.0314178826552527));
#2410=CARTESIAN_POINT('',(-0.0612648152833543,0.0288137545391736,-0.0309714652578852));
#2411=CARTESIAN_POINT('',(-0.0617520280977682,0.0282956430077254,-0.0307752601524432));
#2412=CARTESIAN_POINT('',(-0.0624178845395211,0.0274548847827939,-0.0305208958390778));
#2413=CARTESIAN_POINT('',(-0.0626289315548503,0.0271638232774337,-0.0304427952512622));
#2414=CARTESIAN_POINT('',(-0.0629289310139651,0.026711269003046,-0.0303357531720968));
#2415=CARTESIAN_POINT('',(-0.0630261899238553,0.0265577597672013,-0.030301751982425));
#2416=CARTESIAN_POINT('',(-0.0632152657084541,0.0262450059782261,-0.0302372274399749));
#2417=CARTESIAN_POINT('',(-0.0633069328492973,0.0260859597765777,-0.0302067432274959));
#2418=CARTESIAN_POINT('',(-0.063746627040855,0.0252853582404584,-0.03006450153192));
#2419=CARTESIAN_POINT('',(-0.0640436746576215,0.0246205129228592,-0.0299817935437594));
#2420=CARTESIAN_POINT('',(-0.0644102571571157,0.0235863308915165,-0.0299033336182008));
#2421=CARTESIAN_POINT('',(-0.0645191278182975,0.0232352984327182,-0.0298848767705281));
#2422=CARTESIAN_POINT('',(-0.0646618824391862,0.0226993782463196,-0.0298690271274099));
#2423=CARTESIAN_POINT('',(-0.0647060817552535,0.0225189650421777,-0.0298657186996766));
#2424=CARTESIAN_POINT('',(-0.0647869079154174,0.0221580073227765,-0.02986311290616));
#2425=CARTESIAN_POINT('',(-0.0648235596345052,0.0219773928935148,-0.0298638047890667));
#2426=CARTESIAN_POINT('',(-0.0649884359443013,0.0210729885927041,-0.0298770948489571));
#2427=CARTESIAN_POINT('',(-0.0650618412285911,0.0203459001242181,-0.0299189563996859));
#2428=CARTESIAN_POINT('',(-0.0650808327230256,0.0194313929123899,-0.0300100122099801));
#2429=CARTESIAN_POINT('',(-0.0650809519310578,0.0192481578266718,-0.0300301783792472));
#2430=CARTESIAN_POINT('',(-0.0650736582383089,0.0188810634972064,-0.0300745033283686));
#2431=CARTESIAN_POINT('',(-0.065066210218269,0.0186967253001018,-0.0300987332557803));
#2432=CARTESIAN_POINT('',(-0.0650325976851339,0.0181469758898269,-0.03017693856581));
#2433=CARTESIAN_POINT('',(-0.0649953843736139,0.017785248182218,-0.0302363171641215));
#2434=CARTESIAN_POINT('',(-0.0648404145133551,0.0167119652540578,-0.0304353136491632));
#2435=CARTESIAN_POINT('',(-0.064679468095911,0.0160132655825216,-0.0305958330257206));
#2436=CARTESIAN_POINT('',(-0.0643490384912504,0.0149903845709679,-0.0308788798148111));
#2437=CARTESIAN_POINT('',(-0.0642235085064491,0.0146527575231257,-0.0309805050720039));
#2438=CARTESIAN_POINT('',(-0.0639445994908658,0.013995139352854,-0.0311956320828416));
#2439=CARTESIAN_POINT('',(-0.0637906962178539,0.0136737230986318,-0.031309686723205));
#2440=CARTESIAN_POINT('',(-0.0632907571113662,0.0127409266360901,-0.0316666871223404));
#2441=CARTESIAN_POINT('',(-0.0629057040822058,0.0121586824249341,-0.0319251661624042));
#2442=CARTESIAN_POINT('',(-0.0624670807835391,0.011617682977395,-0.0322048326499396));
#2443=CARTESIAN_POINT('',(-0.0624248071033717,0.0115655424785078,-0.0322317863746586));
#2444=CARTESIAN_POINT('',(-0.0623825334232042,0.0115134019796206,-0.0322587400993777));
#2445=CARTESIAN_POINT('',(-0.0623402597430368,0.0114612614807334,-0.0322856938240967));
#2446=CARTESIAN_POINT('',(-0.0475142192921628,0.0294822143872307,-0.0376834136706363));
#2447=CARTESIAN_POINT('',(-0.0475653548912817,0.0295271613968248,-0.0376539956903802));
#2448=CARTESIAN_POINT('',(-0.0476164904904006,0.029572108406419,-0.0376245777101241));
#2449=CARTESIAN_POINT('',(-0.0476676260895194,0.0296170554160132,-0.037595159729868));
#2450=CARTESIAN_POINT('',(-0.0481904618224287,0.0300766159395655,-0.0372943757059603));
#2451=CARTESIAN_POINT('',(-0.0487492113500566,0.0304724919458623,-0.036983689987507));
#2452=CARTESIAN_POINT('',(-0.0496384489069711,0.0309702615969845,-0.0365034712870404));
#2453=CARTESIAN_POINT('',(-0.0499429218566069,0.0311200139582116,-0.0363408884317623));
#2454=CARTESIAN_POINT('',(-0.0504130477722679,0.031320129659366,-0.03609336752402));
#2455=CARTESIAN_POINT('',(-0.0505721718721965,0.0313827576358164,-0.0360101137674463));
#2456=CARTESIAN_POINT('',(-0.0508913458487138,0.0314983896343313,-0.0358440139181785));
#2457=CARTESIAN_POINT('',(-0.051051826129323,0.031551580920328,-0.035760984249929));
#2458=CARTESIAN_POINT('',(-0.0518580898288395,0.031794770495801,-0.0353458333964686));
#2459=CARTESIAN_POINT('',(-0.0525165588926027,0.0319172893363,-0.0350139422391434));
#2460=CARTESIAN_POINT('',(-0.0533547968568721,0.0319803762814095,-0.0345990429851665));
#2461=CARTESIAN_POINT('',(-0.0535231600350395,0.0319884542761368,-0.0345160520677233));
#2462=CARTESIAN_POINT('',(-0.0538611596140712,0.0319954948958537,-0.0343500167107288));
#2463=CARTESIAN_POINT('',(-0.0540313346084883,0.0319944513363326,-0.0342667646805052));
#2464=CARTESIAN_POINT('',(-0.054539692163791,0.0319774418962904,-0.034019293325654));
#2465=CARTESIAN_POINT('',(-0.0548755767773596,0.0319480680226595,-0.0338569194555546));
#2466=CARTESIAN_POINT('',(-0.0558756659320761,0.0318073776265119,-0.0333776992132227));
#2467=CARTESIAN_POINT('',(-0.0565314115456362,0.0316444632198199,-0.0330684404766981));
#2468=CARTESIAN_POINT('',(-0.0574992453490349,0.0312960835863679,-0.0326204106733257));
#2469=CARTESIAN_POINT('',(-0.0578197026993209,0.0311619620875815,-0.0324734279314732));
#2470=CARTESIAN_POINT('',(-0.0584411371387243,0.0308654929129689,-0.0321907328803168));
#2471=CARTESIAN_POINT('',(-0.0587445935353164,0.0307021450017762,-0.0320543994756527));
#2472=CARTESIAN_POINT('',(-0.0596324666425767,0.030168109384579,-0.0316601226990306));
#2473=CARTESIAN_POINT('',(-0.0601943068834542,0.0297545430401429,-0.0314165916760594));
#2474=CARTESIAN_POINT('',(-0.0612593676019377,0.0288088458237591,-0.030970174282353));
#2475=CARTESIAN_POINT('',(-0.0617463281434244,0.0282910320416737,-0.0307739691676466));
#2476=CARTESIAN_POINT('',(-0.0624118476031517,0.0274507379539643,-0.0305196048398357));
#2477=CARTESIAN_POINT('',(-0.0626227895327549,0.0271598339864179,-0.0304415042624223));
#2478=CARTESIAN_POINT('',(-0.0629226429728142,0.0267075175384833,-0.0303344621951268));
#2479=CARTESIAN_POINT('',(-0.0630198550761916,0.0265540878979778,-0.0303004610052159));
#2480=CARTESIAN_POINT('',(-0.0632088397614169,0.0262414959749376,-0.0302359364627245));
#2481=CARTESIAN_POINT('',(-0.0633004629022549,0.0260825315947348,-0.0302054522504697));
#2482=CARTESIAN_POINT('',(-0.0637399482154094,0.0252823364513436,-0.0300632105557324));
#2483=CARTESIAN_POINT('',(-0.0640368578166029,0.0246178183522304,-0.0299805025691808));
#2484=CARTESIAN_POINT('',(-0.0644032689546373,0.0235841398406519,-0.0299020426220847));
#2485=CARTESIAN_POINT('',(-0.0645120884166378,0.0232332778993092,-0.0298835857771522));
#2486=CARTESIAN_POINT('',(-0.0646547758295842,0.0226976152223856,-0.0298677361463458));
#2487=CARTESIAN_POINT('',(-0.0646989545159332,0.022517287350053,-0.0298644277223792));
#2488=CARTESIAN_POINT('',(-0.0647797420536378,0.022156503123014,-0.0298618219291634));
#2489=CARTESIAN_POINT('',(-0.0648163762345844,0.0219759748625331,-0.0298625138119116));
#2490=CARTESIAN_POINT('',(-0.0649811724840269,0.0210720034636488,-0.0298758038717565));
#2491=CARTESIAN_POINT('',(-0.0650545387807212,0.0203452629417379,-0.0299176654321793));
#2492=CARTESIAN_POINT('',(-0.0650735131851002,0.0194312016153199,-0.0300087212219954));
#2493=CARTESIAN_POINT('',(-0.0650736305749196,0.0192480566143156,-0.0300288873871301));
#2494=CARTESIAN_POINT('',(-0.0650663366243822,0.0188811438835293,-0.0300732123334665));
#2495=CARTESIAN_POINT('',(-0.0650588901762955,0.0186968974400457,-0.0300974422622704));
#2496=CARTESIAN_POINT('',(-0.065025287541827,0.0181474227265483,-0.0301756475824215));
#2497=CARTESIAN_POINT('',(-0.064988087503518,0.0177858759380825,-0.0302350261870395));
#2498=CARTESIAN_POINT('',(-0.0648331790261676,0.0167131435572858,-0.0304340226692261));
#2499=CARTESIAN_POINT('',(-0.0646723016568967,0.016014814250714,-0.0305945420597353));
#2500=CARTESIAN_POINT('',(-0.0643420257409366,0.014992497288754,-0.0308775888279681));
#2501=CARTESIAN_POINT('',(-0.0642165563542787,0.0146550626013212,-0.0309792140735794));
#2502=CARTESIAN_POINT('',(-0.0639377863885094,0.0139978277468726,-0.0311943410924846));
#2503=CARTESIAN_POINT('',(-0.0637839610834613,0.0136766016554052,-0.0313083957469516));
#2504=CARTESIAN_POINT('',(-0.063284285212728,0.0127443754224741,-0.0316653961422775));
#2505=CARTESIAN_POINT('',(-0.062899445818978,0.0121625092388291,-0.0319238760449115));
#2506=CARTESIAN_POINT('',(-0.0624610814434105,0.0116218796678867,-0.0322035416725232));
#2507=CARTESIAN_POINT('',(-0.0624188327177594,0.0115697748170031,-0.0322304953143644));
#2508=CARTESIAN_POINT('',(-0.0623765839921083,0.0115176699661196,-0.0322574489562056));
#2509=CARTESIAN_POINT('',(-0.0623343352664572,0.011465565115236,-0.0322844025980468));
#2510=CARTESIAN_POINT('',(-0.048122717298157,0.0287076059650258,-0.0375097986716477));
#2511=CARTESIAN_POINT('',(-0.0481683261834405,0.0287483990376633,-0.0374803696315442));
#2512=CARTESIAN_POINT('',(-0.048213935068724,0.0287891921103007,-0.0374509405914407));
#2513=CARTESIAN_POINT('',(-0.0482595439540075,0.0288299851829381,-0.0374215115513371));
#2514=CARTESIAN_POINT('',(-0.0487258718229533,0.029247073794346,-0.0371206144460626));
#2515=CARTESIAN_POINT('',(-0.0492229338913764,0.0296060896344514,-0.0368100413443923));
#2516=CARTESIAN_POINT('',(-0.050013534843982,0.0300589648404337,-0.0363298230016653));
#2517=CARTESIAN_POINT('',(-0.0502845252545428,0.0301956290116783,-0.0361672402551381));
#2518=CARTESIAN_POINT('',(-0.0507025914398914,0.03037867105731,-0.0359197193447033));
#2519=CARTESIAN_POINT('',(-0.0508440908659672,0.0304360588934969,-0.0358364655876756));
#2520=CARTESIAN_POINT('',(-0.051128051812875,0.0305422783776324,-0.0356703657406338));
#2521=CARTESIAN_POINT('',(-0.0512708484930649,0.0305912677895634,-0.0355873362145548));
#2522=CARTESIAN_POINT('',(-0.0519887765302268,0.0308160063774496,-0.0351721851636889));
#2523=CARTESIAN_POINT('',(-0.0525757667371198,0.0309316987459502,-0.0348402938308093));
#2524=CARTESIAN_POINT('',(-0.053325198196183,0.0309958531943564,-0.0344253947207295));
#2525=CARTESIAN_POINT('',(-0.0534758708541442,0.0310046254742381,-0.0343424038448066));
#2526=CARTESIAN_POINT('',(-0.0537787851720368,0.0310139808381304,-0.0341763685342669));
#2527=CARTESIAN_POINT('',(-0.0539314453546689,0.0310145665929911,-0.0340931163466057));
#2528=CARTESIAN_POINT('',(-0.0543877216690345,0.0310038020302847,-0.0338456464179363));
#2529=CARTESIAN_POINT('',(-0.0546900589479756,0.0309803078063547,-0.0336832713507971));
#2530=CARTESIAN_POINT('',(-0.0555917946732069,0.0308619756975924,-0.0332040508229255));
#2531=CARTESIAN_POINT('',(-0.0561858993287935,0.0307200502203876,-0.0328947903850863));
#2532=CARTESIAN_POINT('',(-0.0570664228084234,0.0304109121078901,-0.0324467609915406));
#2533=CARTESIAN_POINT('',(-0.057358732015374,0.0302911758434288,-0.032299779816004));
#2534=CARTESIAN_POINT('',(-0.0579275551374197,0.0300246622887545,-0.0320170846387785));
#2535=CARTESIAN_POINT('',(-0.0582056525609784,0.0298773701414596,-0.0318807485301226));
#2536=CARTESIAN_POINT('',(-0.0590211132126766,0.0293938002602524,-0.0314864714871388));
#2537=CARTESIAN_POINT('',(-0.0595399225464785,0.0290165223345377,-0.0312429432254308));
#2538=CARTESIAN_POINT('',(-0.0605266048723592,0.0281485789265505,-0.0307965263241784));
#2539=CARTESIAN_POINT('',(-0.0609796324092186,0.0276708151435737,-0.0306003199633178));
#2540=CARTESIAN_POINT('',(-0.0615998247196412,0.0268929517363169,-0.0303459536924643));
#2541=CARTESIAN_POINT('',(-0.0617966316627219,0.0266232380384788,-0.0302678545142294));
#2542=CARTESIAN_POINT('',(-0.0620768442109033,0.0262029114129203,-0.0301608140435482));
#2543=CARTESIAN_POINT('',(-0.0621677604123186,0.0260601880699334,-0.0301268128214728));
#2544=CARTESIAN_POINT('',(-0.0623444914027135,0.0257693685882899,-0.030062288273433));
#2545=CARTESIAN_POINT('',(-0.0624301961424156,0.0256214099371678,-0.0300318040913296));
#2546=CARTESIAN_POINT('',(-0.0628415854093523,0.024875878314262,-0.029889562509398));
#2547=CARTESIAN_POINT('',(-0.0631199306599028,0.0242553740795118,-0.0298068547392605));
#2548=CARTESIAN_POINT('',(-0.0634632921220504,0.0232894235587176,-0.0297283918951875));
#2549=CARTESIAN_POINT('',(-0.063565224828195,0.0229614977670396,-0.0297099354188353));
#2550=CARTESIAN_POINT('',(-0.063698872161251,0.0224604724580892,-0.0296940874440799));
#2551=CARTESIAN_POINT('',(-0.0637402759627414,0.0222916224906994,-0.0296907795267631));
#2552=CARTESIAN_POINT('',(-0.0638158684281624,0.0219541745653173,-0.0296881737740016));
#2553=CARTESIAN_POINT('',(-0.0638501435695062,0.0217852367900766,-0.0296888656354439));
#2554=CARTESIAN_POINT('',(-0.0640041709727751,0.0209394946401085,-0.0297021556891543));
#2555=CARTESIAN_POINT('',(-0.0640722930830383,0.020259556099193,-0.0297440185535172));
#2556=CARTESIAN_POINT('',(-0.0640889687194162,0.019405470418427,-0.0298350715888428));
#2557=CARTESIAN_POINT('',(-0.0640888415430753,0.0192344426312916,-0.0298552371981312));
#2558=CARTESIAN_POINT('',(-0.0640815129176385,0.0188919565755584,-0.0298995617698602));
#2559=CARTESIAN_POINT('',(-0.0640742779115523,0.0187200518291431,-0.0299237918859267));
#2560=CARTESIAN_POINT('',(-0.0640420067378394,0.0182075263322036,-0.030001998567501));
#2561=CARTESIAN_POINT('',(-0.0640065920672011,0.0178703148150257,-0.0300613780204062));
#2562=CARTESIAN_POINT('',(-0.0638599401496781,0.0168716360651336,-0.0302603741185613));
#2563=CARTESIAN_POINT('',(-0.0637083503881065,0.0162231242169391,-0.0304208953856994));
#2564=CARTESIAN_POINT('',(-0.0633987470010656,0.0152766770587124,-0.0307039393483764));
#2565=CARTESIAN_POINT('',(-0.0632814286161979,0.0149651165970006,-0.0308055630361693));
#2566=CARTESIAN_POINT('',(-0.0630213621159006,0.0143594412093039,-0.0310206911402232));
#2567=CARTESIAN_POINT('',(-0.0628780242115591,0.0140637937390121,-0.0311347476917633));
#2568=CARTESIAN_POINT('',(-0.0624137559454926,0.0132082685783357,-0.0314917475746677));
#2569=CARTESIAN_POINT('',(-0.0620576524587316,0.0126772505353324,-0.0317503435008564));
#2570=CARTESIAN_POINT('',(-0.0616541155964381,0.0121863727328743,-0.0320298934608967));
#2571=CARTESIAN_POINT('',(-0.0616152234803462,0.0121390628629119,-0.0320568359549171));
#2572=CARTESIAN_POINT('',(-0.0615763313642543,0.0120917529929495,-0.0320837784489376));
#2573=CARTESIAN_POINT('',(-0.0615374392481624,0.0120444431229871,-0.032110720942958));
#2574=CARTESIAN_POINT('',(-0.048256405709285,0.0288285835238447,-0.0374233139705973));
#2575=CARTESIAN_POINT('',(-0.0480600390563613,0.0290913263673403,-0.0374805993484387));
#2576=CARTESIAN_POINT('',(-0.047863772835032,0.0293541446962913,-0.0375378849272599));
#2577=CARTESIAN_POINT('',(-0.047667607045297,0.0296170385106979,-0.0375951707070609));
#2578=CARTESIAN_POINT('',(-0.048258882881286,0.0288308038340932,-0.037421621799789));
#2579=CARTESIAN_POINT('',(-0.0476675860637351,0.0296170414007997,-0.0375950868174822));
#2580=CARTESIAN_POINT('',(-0.0482595439540075,0.0288299851829381,-0.0374215115513371));
#2581=CARTESIAN_POINT('',(-0.0491922607932632,0.0296642170554643,-0.0368196779152577));
#2582=CARTESIAN_POINT('',(-0.0513403248753874,0.03089097938823,-0.0355165988675868));
#2583=CARTESIAN_POINT('',(-0.0550070763492335,0.0312025396008423,-0.0334882231168489));
#2584=CARTESIAN_POINT('',(-0.0585751948659963,0.0299440448290046,-0.0316716957140568));
#2585=CARTESIAN_POINT('',(-0.0615569808560493,0.0273183621694813,-0.0303209311216915));
#2586=CARTESIAN_POINT('',(-0.0635554454068099,0.0236959437254836,-0.0296290344956696));
#2587=CARTESIAN_POINT('',(-0.0645672079640228,0.0181897591881407,-0.0297105991079775));
#2588=CARTESIAN_POINT('',(-0.0632683262887217,0.0141499608740642,-0.0309116498091031));
#2589=CARTESIAN_POINT('',(-0.0616541155964381,0.0121863727328742,-0.0320298934608967));
#2590=CARTESIAN_POINT('',(-0.0616546311723131,0.0121857640054843,-0.0320295688073273));
#2591=CARTESIAN_POINT('',(-0.0624617518098229,0.0116204824373969,-0.0322040956439619));
#2592=CARTESIAN_POINT('',(-0.062192739956555,0.0118089963433346,-0.0321460699733644));
#2593=CARTESIAN_POINT('',(-0.0619237155088244,0.0119974922578435,-0.0320880443445937));
#2594=CARTESIAN_POINT('',(-0.0616546784666334,0.0121859701809239,-0.0320300187576518));
#2595=CARTESIAN_POINT('',(-0.0624616852337969,0.0116201324228982,-0.0322032674733243));
#2596=CARTESIAN_POINT('',(-0.0624610814434105,0.0116218796678867,-0.0322035416725232));
#2597=CARTESIAN_POINT('',(-0.0642145389456805,0.0137843979516563,-0.0310848791620767));
#2598=CARTESIAN_POINT('',(-0.0655818438730616,0.0181389496496624,-0.0298843427442806));
#2599=CARTESIAN_POINT('',(-0.064501235475677,0.0240156595751546,-0.0298026658976033));
#2600=CARTESIAN_POINT('',(-0.0623701577753317,0.0279014306354142,-0.0304945885036759));
#2601=CARTESIAN_POINT('',(-0.0591581801224519,0.0307636337823934,-0.0318453377823293));
#2602=CARTESIAN_POINT('',(-0.0552404291612796,0.0321888330112754,-0.0336619036676791));
#2603=CARTESIAN_POINT('',(-0.0511337422060204,0.0318880615161667,-0.0356901237956182));
#2604=CARTESIAN_POINT('',(-0.048713297555338,0.0305361764631178,-0.0369935916820526));
#2605=CARTESIAN_POINT('',(-0.0476676260895194,0.0296170554160132,-0.037595159729868));
#2606=CARTESIAN_POINT('',(-0.0624668911204243,0.0116162911593223,-0.0322040488703031));
#2607=CARTESIAN_POINT('',(-0.0619674417042468,0.0110247952505244,-0.0325985424429613));
#2608=CARTESIAN_POINT('',(-0.0614270441751173,0.0104907261590058,-0.0330095822289023));
#2609=CARTESIAN_POINT('',(-0.060245188227761,0.00955151522139798,-0.0338700246571123));
#2610=CARTESIAN_POINT('',(-0.0595978801221209,0.00914662761768251,-0.0343233292016855));
#2611=CARTESIAN_POINT('',(-0.0582401655248767,0.00853026125129911,-0.0352355705759834));
#2612=CARTESIAN_POINT('',(-0.0575187525192952,0.00831270611350841,-0.0357024061031701));
#2613=CARTESIAN_POINT('',(-0.0560167594568431,0.00808952037626812,-0.0366186191700645));
#2614=CARTESIAN_POINT('',(-0.0552579707735046,0.00808836341192741,-0.0370548676781973));
#2615=CARTESIAN_POINT('',(-0.0544849849735849,0.00817207297709134,-0.0374688161897674));
#2616=CARTESIAN_POINT('',(-0.0621945029116057,0.0118071749818914,-0.0321453986580656));
#2617=CARTESIAN_POINT('',(-0.0617036560575111,0.0112237610494064,-0.0325262432103036));
#2618=CARTESIAN_POINT('',(-0.0611728722510113,0.0106966567991384,-0.0329232149072563));
#2619=CARTESIAN_POINT('',(-0.0600145911848885,0.00977028487925186,-0.0337541149978484));
#2620=CARTESIAN_POINT('',(-0.0593809553613196,0.00937079641062043,-0.0341920456931367));
#2621=CARTESIAN_POINT('',(-0.058053461872744,0.00876169972385118,-0.0350739489787473));
#2622=CARTESIAN_POINT('',(-0.0573490514650428,0.00854607100256465,-0.0355253706474838));
#2623=CARTESIAN_POINT('',(-0.0558844820070015,0.00832522408318848,-0.0364147723084514));
#2624=CARTESIAN_POINT('',(-0.0551448257386518,0.00832441793511809,-0.0368403761119774));
#2625=CARTESIAN_POINT('',(-0.0543935372147644,0.00840942675014814,-0.0372466112159368));
#2626=CARTESIAN_POINT('',(-0.0619221147027855,0.0119980588044607,-0.0320867484458287));
#2627=CARTESIAN_POINT('',(-0.0614398704107739,0.0114227268482882,-0.0324539439776461));
#2628=CARTESIAN_POINT('',(-0.0609187003269086,0.0109025874392709,-0.0328368475856096));
#2629=CARTESIAN_POINT('',(-0.0597839941420182,0.00998905453710539,-0.0336382053385833));
#2630=CARTESIAN_POINT('',(-0.0591640306005137,0.0095949652035586,-0.0340607621845865));
#2631=CARTESIAN_POINT('',(-0.0578667582206127,0.00899313819640305,-0.0349123273815122));
#2632=CARTESIAN_POINT('',(-0.0571793504107892,0.00877943589162097,-0.0353483351917972));
#2633=CARTESIAN_POINT('',(-0.055752204557161,0.00856092779010872,-0.0362109254468385));
#2634=CARTESIAN_POINT('',(-0.0550316807037821,0.00856047245830925,-0.0366258845457523));
#2635=CARTESIAN_POINT('',(-0.054302089455945,0.008646780523205,-0.0370244062421065));
#2636=CARTESIAN_POINT('',(-0.0616497264939685,0.0121889426270295,-0.0320280982335905));
#2637=CARTESIAN_POINT('',(-0.0611760847640398,0.0116216926471705,-0.0323816447449882));
#2638=CARTESIAN_POINT('',(-0.0606645284027992,0.0111085180794036,-0.0327504802639642));
#2639=CARTESIAN_POINT('',(-0.0595533970991434,0.0102078241949596,-0.0335222956793207));
#2640=CARTESIAN_POINT('',(-0.0589471058397172,0.00981913399649628,-0.0339294786760391));
#2641=CARTESIAN_POINT('',(-0.0576800545684784,0.00922457666895533,-0.034750705784275));
#2642=CARTESIAN_POINT('',(-0.0570096493565381,0.00901280078067712,-0.0351712997361113));
#2643=CARTESIAN_POINT('',(-0.0556199271073183,0.00879663149702923,-0.0360070785852252));
#2644=CARTESIAN_POINT('',(-0.0549185356689467,0.00879652698149944,-0.0364113929795378));
#2645=CARTESIAN_POINT('',(-0.0542106416971233,0.00888413429626176,-0.0368022012682756));
#2646=CARTESIAN_POINT('',(-0.0616551545042336,0.0121851387936961,-0.0320292669844534));
#2647=CARTESIAN_POINT('',(-0.0611841178604198,0.0116210527512221,-0.032381012133602));
#2648=CARTESIAN_POINT('',(-0.0601689904661565,0.0106007897198537,-0.033113445228351));
#2649=CARTESIAN_POINT('',(-0.0577768826569398,0.0090501672471877,-0.0347225656304242));
#2650=CARTESIAN_POINT('',(-0.0556715808727081,0.0086989910795887,-0.0360012670862466));
#2651=CARTESIAN_POINT('',(-0.0542632920947597,0.00887311976706887,-0.0367785746062676));
#2652=CARTESIAN_POINT('',(-0.0542632920947597,0.00887311976706887,-0.0367785746062676));
#2653=CARTESIAN_POINT('',(-0.054537886315064,0.00817226000678322,-0.0374334179068542));
#2654=CARTESIAN_POINT('',(-0.054446358912341,0.00840588016664379,-0.0372151353832159));
#2655=CARTESIAN_POINT('',(-0.0543548275055729,0.00863950008673901,-0.0369968542830203));
#2656=CARTESIAN_POINT('',(-0.0542632920947597,0.00887311976706887,-0.0367785746062676));
#2657=CARTESIAN_POINT('',(-0.0545387665446563,0.00817028967527709,-0.0374351868533063));
#2658=CARTESIAN_POINT('',(-0.0553067359788619,0.00808708674473297,-0.0370238222983164));
#2659=CARTESIAN_POINT('',(-0.0568264612251821,0.00810764692673509,-0.0361448589610731));
#2660=CARTESIAN_POINT('',(-0.0589795553405873,0.00876144965842772,-0.034751726179064));
#2661=CARTESIAN_POINT('',(-0.060892874814026,0.00996904280993077,-0.0334106358775308));
#2662=CARTESIAN_POINT('',(-0.061965365755124,0.0110321249314772,-0.0325948107603263));
#2663=CARTESIAN_POINT('',(-0.0624616317393392,0.0116199522788011,-0.0322029295109862));
#2664=CARTESIAN_POINT('',(-0.0462833383265003,0.0131258272051643,-0.0409016771921044));
#2665=CARTESIAN_POINT('',(-0.04628873122485,0.0131310863112966,-0.0408953126590673));
#2666=CARTESIAN_POINT('',(-0.0468301852063986,0.0136591073808774,-0.040256305296011));
#2667=CARTESIAN_POINT('',(-0.046368749170046,0.0130440332114642,-0.0408841777014058));
#2668=CARTESIAN_POINT('',(-0.0463739195360618,0.0130492059729986,-0.0408777554765376));
#2669=CARTESIAN_POINT('',(-0.0468930309829742,0.0135685579330737,-0.0402329557788932));
#2670=CARTESIAN_POINT('',(-0.0465055859870309,0.0129129909540438,-0.0408561417459386));
#2671=CARTESIAN_POINT('',(-0.0465103998337223,0.0129180253827921,-0.0408496270929172));
#2672=CARTESIAN_POINT('',(-0.0469937162785473,0.0134234885519173,-0.0401955474889396));
#2673=CARTESIAN_POINT('',(-0.0466756509002278,0.0127538595982782,-0.0408194008679846));
#2674=CARTESIAN_POINT('',(-0.046680054348289,0.0127587408966118,-0.0408127658723316));
#2675=CARTESIAN_POINT('',(-0.0471221662389075,0.0132488295737033,-0.0401466037122225));
#2676=CARTESIAN_POINT('',(-0.0468425318478713,0.0126012415288537,-0.0407815613214933));
#2677=CARTESIAN_POINT('',(-0.046846542616339,0.0126059727298598,-0.0407748164573235));
#2678=CARTESIAN_POINT('',(-0.0472492289670039,0.0130809914407984,-0.040097623355777));
#2679=CARTESIAN_POINT('',(-0.0469849093386728,0.0124747589354411,-0.0407473818024777));
#2680=CARTESIAN_POINT('',(-0.046988594158854,0.0124793611580646,-0.0407405530337189));
#2681=CARTESIAN_POINT('',(-0.0473585548792362,0.012941430272282,-0.040054935802726));
#2682=CARTESIAN_POINT('',(-0.0471502139194949,0.0123311665592761,-0.0407059985700221));
#2683=CARTESIAN_POINT('',(-0.0471535350213095,0.0123356244606829,-0.0406990772094695));
#2684=CARTESIAN_POINT('',(-0.0474869779464355,0.0127832035377501,-0.0400041636424114));
#2685=CARTESIAN_POINT('',(-0.047311583167188,0.0121931307236416,-0.0406644734205883));
#2686=CARTESIAN_POINT('',(-0.0473145600544781,0.0121974524437006,-0.0406574642349367));
#2687=CARTESIAN_POINT('',(-0.0476134433953702,0.0126313587370015,-0.0399537329141466));
#2688=CARTESIAN_POINT('',(-0.0474588552680782,0.0120703878433253,-0.0406248566630798));
#2689=CARTESIAN_POINT('',(-0.04746153306429,0.0120745916630556,-0.0406177722520778));
#2690=CARTESIAN_POINT('',(-0.0477303872734089,0.012496660610611,-0.0399064882086517));
#2691=CARTESIAN_POINT('',(-0.0476177224579001,0.0119403884285129,-0.0405808261067613));
#2692=CARTESIAN_POINT('',(-0.0476200880579245,0.0119444695882423,-0.0405736649000697));
#2693=CARTESIAN_POINT('',(-0.0478575973653395,0.0123542233127882,-0.0398546704699009));
#2694=CARTESIAN_POINT('',(-0.0477725126347206,0.0118156988021701,-0.0405368623784132));
#2695=CARTESIAN_POINT('',(-0.0477745825007527,0.011819664115621,-0.0405296299845099));
#2696=CARTESIAN_POINT('',(-0.0479823997321719,0.0122177867237044,-0.0398034882660507));
#2697=CARTESIAN_POINT('',(-0.0479911237214024,0.0116445326889796,-0.0404720820321629));
#2698=CARTESIAN_POINT('',(-0.0479927971999993,0.0116483443625572,-0.0404647582030943));
#2699=CARTESIAN_POINT('',(-0.0481608166193534,0.0120310413282954,-0.0397294362755797));
#2700=CARTESIAN_POINT('',(-0.0482953028851344,0.0114133399973409,-0.0403780906400098));
#2701=CARTESIAN_POINT('',(-0.0482964550210453,0.0114169536236737,-0.0403706523272282));
#2702=CARTESIAN_POINT('',(-0.0484121309592556,0.0117797663894408,-0.0396238360865952));
#2703=CARTESIAN_POINT('',(-0.0486612450049611,0.0111472462280016,-0.0402582613628609));
#2704=CARTESIAN_POINT('',(-0.0486618234132057,0.0111506502589818,-0.0402507064944939));
#2705=CARTESIAN_POINT('',(-0.0487198963503669,0.0114924193797902,-0.0394921879220687));
#2706=CARTESIAN_POINT('',(-0.0492077923935575,0.0107713884234504,-0.0400668360619099));
#2707=CARTESIAN_POINT('',(-0.0492076117432845,0.010774540754691,-0.0400591470194069));
#2708=CARTESIAN_POINT('',(-0.049189474221806,0.0110910388955217,-0.0392871571898823));
#2709=CARTESIAN_POINT('',(-0.0497424922031609,0.0104307126716155,-0.0398636116518839));
#2710=CARTESIAN_POINT('',(-0.0497416901341027,0.0104337045901086,-0.0398558451700174));
#2711=CARTESIAN_POINT('',(-0.0496611613614724,0.0107340970832611,-0.0390760803280666));
#2712=CARTESIAN_POINT('',(-0.0502441125765017,0.010135219324401,-0.0396581862632546));
#2713=CARTESIAN_POINT('',(-0.0502428258377012,0.0101381467288582,-0.0396503973426437));
#2714=CARTESIAN_POINT('',(-0.0501136355949845,0.0104320619292132,-0.0388683796216913));
#2715=CARTESIAN_POINT('',(-0.0507407161250941,0.00985541656070783,-0.0394462062388368));
#2716=CARTESIAN_POINT('',(-0.0507390073727746,0.00985834527202447,-0.0394384214027103));
#2717=CARTESIAN_POINT('',(-0.0505674464259708,0.0101523916827646,-0.0386568137692828));
#2718=CARTESIAN_POINT('',(-0.0511056608422461,0.00966218321993508,-0.0392813381992178));
#2719=CARTESIAN_POINT('',(-0.0511037038756931,0.00966518902539111,-0.0392735851066476));
#2720=CARTESIAN_POINT('',(-0.0509072218982484,0.00996697578761175,-0.0384951645673986));
#2721=CARTESIAN_POINT('',(-0.0516447433177862,0.00938604760809046,-0.0390284485848468));
#2722=CARTESIAN_POINT('',(-0.0516424868580711,0.0093892754318082,-0.0390207734513231));
#2723=CARTESIAN_POINT('',(-0.0514159353791281,0.00971335311515983,-0.0382501801013529));
#2724=CARTESIAN_POINT('',(-0.0519959896518432,0.00921265131329519,-0.0388570506630264));
#2725=CARTESIAN_POINT('',(-0.0519935856788019,0.00921610116496734,-0.0388494481318872));
#2726=CARTESIAN_POINT('',(-0.051752223670772,0.00956247074260856,-0.0380861441553844));
#2727=CARTESIAN_POINT('',(-0.0523862517934992,0.00902801906877739,-0.0386576003478935));
#2728=CARTESIAN_POINT('',(-0.0523837379979907,0.00903183379813134,-0.0386501047932591));
#2729=CARTESIAN_POINT('',(-0.0521313496719649,0.00941483756777575,-0.0378975413964295));
#2730=CARTESIAN_POINT('',(-0.0526108343294002,0.00892377239315812,-0.0385410505048173));
#2731=CARTESIAN_POINT('',(-0.0526082657065697,0.00892781535142723,-0.0385336227024895));
#2732=CARTESIAN_POINT('',(-0.0523503726463818,0.00933373359985588,-0.0377878617250385));
#2733=CARTESIAN_POINT('',(-0.0528129503387815,0.00883290683975903,-0.0384338589901995));
#2734=CARTESIAN_POINT('',(-0.0528103413388774,0.00883717516515983,-0.0384265007399257));
#2735=CARTESIAN_POINT('',(-0.0525483943681916,0.0092657205656043,-0.0376877228788092));
#2736=CARTESIAN_POINT('',(-0.053036533367786,0.00873551841492639,-0.0383127544318241));
#2737=CARTESIAN_POINT('',(-0.0530338887906608,0.00874006057657919,-0.038305481208199));
#2738=CARTESIAN_POINT('',(-0.0527683698208801,0.00919609949151656,-0.0375752401327758));
#2739=CARTESIAN_POINT('',(-0.0531840771255681,0.00867276232897098,-0.0382316393250657));
#2740=CARTESIAN_POINT('',(-0.0531814130595334,0.0086774967719949,-0.038224425901424));
#2741=CARTESIAN_POINT('',(-0.0529139373779775,0.00915284098571999,-0.0375001888218196));
#2742=CARTESIAN_POINT('',(-0.0533625040075338,0.00859862886708091,-0.038132191140536));
#2743=CARTESIAN_POINT('',(-0.0533598204338114,0.00860360918467362,-0.038125054365861));
#2744=CARTESIAN_POINT('',(-0.0530903861551466,0.00910363952367,-0.0374085129418077));
#2745=CARTESIAN_POINT('',(-0.0534981865943414,0.0085437223674459,-0.0380554463283953));
#2746=CARTESIAN_POINT('',(-0.0534954913788932,0.00854890064946639,-0.0380483715297921));
#2747=CARTESIAN_POINT('',(-0.0532248882558694,0.00906880687350154,-0.0373380525836556));
#2748=CARTESIAN_POINT('',(-0.053683679480737,0.0084705462988645,-0.0379491126645032));
#2749=CARTESIAN_POINT('',(-0.0536809719743615,0.0084760057977451,-0.0379421281134424));
#2750=CARTESIAN_POINT('',(-0.0534091348263175,0.00902414655889035,-0.0372408701374987));
#2751=CARTESIAN_POINT('',(-0.0538627806547727,0.00840188838131483,-0.0378449526901197));
#2752=CARTESIAN_POINT('',(-0.053860065023711,0.00840763027087945,-0.0378380611664117));
#2753=CARTESIAN_POINT('',(-0.0535874121466357,0.00898412342257661,-0.0371461432572116));
#2754=CARTESIAN_POINT('',(-0.054058608835977,0.00832971951124526,-0.0377289270478677));
#2755=CARTESIAN_POINT('',(-0.0540558892091858,0.0083358012754732,-0.0377221429940122));
#2756=CARTESIAN_POINT('',(-0.0537828351557019,0.00894641828372237,-0.0370410151972462));
#2757=CARTESIAN_POINT('',(-0.0542781996663944,0.00825175156177247,-0.0375966911695582));
#2758=CARTESIAN_POINT('',(-0.0542754794977907,0.00825824127404484,-0.0375900348854716));
#2759=CARTESIAN_POINT('',(-0.0540023710456314,0.00890981679450768,-0.0369217353390555));
#2760=CARTESIAN_POINT('',(-0.054429084024326,0.00820135995739022,-0.0375035698327254));
#2761=CARTESIAN_POINT('',(-0.0544263669739919,0.00820813690589503,-0.0374970137588413));
#2762=CARTESIAN_POINT('',(-0.0541535716001329,0.00888855131624963,-0.0368387754465797));
#2763=CARTESIAN_POINT('',(-0.0545385750671222,0.00816479268568881,-0.0374359952185233));
#2764=CARTESIAN_POINT('',(-0.0545358602795977,0.00817177807060845,-0.0374295118633736));
#2765=CARTESIAN_POINT('',(-0.0542632920947597,0.00887311976706887,-0.0367785746062676));
#2766=CARTESIAN_POINT('',(-0.0542632920947597,0.00887311976706887,-0.0367785746062676));
#2767=CARTESIAN_POINT('',(-0.0514254991146149,0.00922400033553643,-0.0383448995378224));
#2768=CARTESIAN_POINT('',(-0.0486229149113184,0.0110330524804648,-0.0395954073043276));
#2769=CARTESIAN_POINT('',(-0.0468301852063986,0.0136591073808775,-0.040256305296011));
#2770=CARTESIAN_POINT('',(-0.0468301852063986,0.0136591073808774,-0.040256305296011));
#2771=CARTESIAN_POINT('',(-0.046286737854762,0.0131288753379667,-0.0408977996768852));
#2772=CARTESIAN_POINT('',(-0.046467874871041,0.0133056146569964,-0.0406839650794095));
#2773=CARTESIAN_POINT('',(-0.0466490239882534,0.0134823586713002,-0.0404701336191179));
#2774=CARTESIAN_POINT('',(-0.0468301852063986,0.0136591073808774,-0.040256305296011));
#2775=CARTESIAN_POINT('',(-0.075,-7.80625564189563E-18,0.0215));
#2776=CARTESIAN_POINT('',(-0.075,-0.00398010878659461,0.0215));
#2777=CARTESIAN_POINT('',(-0.0749987378199876,-0.00791503471376676,0.0215));
#2778=CARTESIAN_POINT('',(-0.0746552818694933,-0.0154114710864217,0.0215));
#2779=CARTESIAN_POINT('',(-0.0743130880990113,-0.0189716365789816,0.0215));
#2780=CARTESIAN_POINT('',(-0.0733130125678247,-0.0238759334539816,0.0215));
#2781=CARTESIAN_POINT('',(-0.0728985232448519,-0.0254380405183417,0.0215));
#2782=CARTESIAN_POINT('',(-0.0718725551500205,-0.0284020366864332,0.0215));
#2783=CARTESIAN_POINT('',(-0.0712610763781617,-0.0298039257901647,0.0215));
#2784=CARTESIAN_POINT('',(-0.0698064015618269,-0.0324325851976507,0.0215));
#2785=CARTESIAN_POINT('',(-0.0689632055173507,-0.0336593555014052,0.0215));
#2786=CARTESIAN_POINT('',(-0.0670141548720867,-0.0359336210174381,0.0215));
#2787=CARTESIAN_POINT('',(-0.0659083002712987,-0.0369811162297166,0.0215));
#2788=CARTESIAN_POINT('',(-0.0634029912297166,-0.0388926752712987,0.0215));
#2789=CARTESIAN_POINT('',(-0.0620035367889225,-0.0397567391006022,0.0215));
#2790=CARTESIAN_POINT('',(-0.0588838733236708,-0.0413080236325851,0.0215));
#2791=CARTESIAN_POINT('',(-0.0571636642992132,-0.0419952443352644,0.0215));
#2792=CARTESIAN_POINT('',(-0.0516865892470118,-0.043736229042891,0.0215));
#2793=CARTESIAN_POINT('',(-0.0474812727121534,-0.0445705367788704,0.0215));
#2794=CARTESIAN_POINT('',(-0.0425744738570351,-0.0451589143885299,0.0215));
#2795=CARTESIAN_POINT('',(-0.0759997806834749,-7.80625564189563E-18,0.0214790575801166));
#2796=CARTESIAN_POINT('',(-0.0759997806834749,-0.00398054024775517,0.0214790575801166));
#2797=CARTESIAN_POINT('',(-0.0759989306377796,-0.00792905846746376,0.0214793367298301));
#2798=CARTESIAN_POINT('',(-0.0756525811808636,-0.0154889642247147,0.0214800448948348));
#2799=CARTESIAN_POINT('',(-0.0753077456866923,-0.0190978019109351,0.021480472048208));
#2800=CARTESIAN_POINT('',(-0.0742851654393995,-0.024112504886149,0.0214809359257758));
#2801=CARTESIAN_POINT('',(-0.0738599258568717,-0.0257171759441604,0.0214810635168667));
#2802=CARTESIAN_POINT('',(-0.0728007951063732,-0.0287769888085866,0.0214812477131555));
#2803=CARTESIAN_POINT('',(-0.0721667723437125,-0.0302322188209166,0.0214813041235132));
#2804=CARTESIAN_POINT('',(-0.0706503214039978,-0.0329725127155579,0.0214813663369159));
#2805=CARTESIAN_POINT('',(-0.0697681588284559,-0.0342565587729933,0.0214813760552189));
#2806=CARTESIAN_POINT('',(-0.0677275569921445,-0.0366376517539225,0.0214813836320368));
#2807=CARTESIAN_POINT('',(-0.0665692616085572,-0.0377344275302597,0.021481382298854));
#2808=CARTESIAN_POINT('',(-0.0639550107580031,-0.0397291092329269,0.0214813695974892));
#2809=CARTESIAN_POINT('',(-0.0625002994296721,-0.0406263360853731,0.021481355592873));
#2810=CARTESIAN_POINT('',(-0.0592774551867587,-0.0422289268190234,0.0214812839817211));
#2811=CARTESIAN_POINT('',(-0.0575093131537257,-0.0429344932662824,0.0214812257170805));
#2812=CARTESIAN_POINT('',(-0.0519085634662658,-0.0447147853210318,0.0214809825596624));
#2813=CARTESIAN_POINT('',(-0.0476442358105178,-0.0455581051065566,0.0214807162446962));
#2814=CARTESIAN_POINT('',(-0.0426935124301541,-0.0461516220772188,0.0214804237857742));
#2815=CARTESIAN_POINT('',(-0.0432475022978489,-0.0450761090616212,0.0215000000000017));
#2816=CARTESIAN_POINT('',(-0.0432475022978489,-0.0454120024574672,0.0214934885979888));
#2817=CARTESIAN_POINT('',(-0.043247502297163,-0.0457478957948809,0.0214869741819572));
#2818=CARTESIAN_POINT('',(-0.043247502297163,-0.0460837890755756,0.0214804568425312));
#2819=CARTESIAN_POINT('',(-0.0432475022971642,-0.0450761090619672,0.0215));
#2820=CARTESIAN_POINT('',(-0.0432475040096994,-0.0460837890712491,0.0214804566195479));
#2821=CARTESIAN_POINT('',(-0.075,-1.56125112837912E-17,0.0215));
#2822=CARTESIAN_POINT('',(-0.075,-0.0238725830020306,0.0215));
#2823=CARTESIAN_POINT('',(-0.075,-0.0465,0.0215));
#2824=CARTESIAN_POINT('',(-0.0523725830020305,-0.0465,0.0215));
#2825=CARTESIAN_POINT('',(0.,-0.0465,0.0215));
#2826=CARTESIAN_POINT('',(-0.075,-7.80625564189563E-18,0.0215));
#2827=CARTESIAN_POINT('',(-0.075333260227825,-7.80625564189563E-18,0.0214930191933722));
#2828=CARTESIAN_POINT('',(-0.0756665204556499,-7.80625564189563E-18,0.0214860383867444));
#2829=CARTESIAN_POINT('',(-0.0759997806834749,-7.80625564189563E-18,0.0214790575801166));
#2830=CARTESIAN_POINT('',(-0.0759997806834749,-7.80625564189563E-18,0.0214790575801166));
#2831=CARTESIAN_POINT('',(-0.075999778347379,-0.00588156128310928,0.0214790576290509));
#2832=CARTESIAN_POINT('',(-0.0759918191421363,-0.0174841117283822,0.0214803292368041));
#2833=CARTESIAN_POINT('',(-0.07323367493777,-0.0295532279056582,0.0214814098322367));
#2834=CARTESIAN_POINT('',(-0.0678096921216581,-0.0370023686259147,0.0214813759680662));
#2835=CARTESIAN_POINT('',(-0.0598891423930891,-0.0427513643887729,0.0214813925407174));
#2836=CARTESIAN_POINT('',(-0.050901746034777,-0.0451271080050382,0.0214809107231532));
#2837=CARTESIAN_POINT('',(-0.0432475022453423,-0.0460837749591606,0.0214804571165547));
#2838=CARTESIAN_POINT('',(-0.0759997806834749,7.80625564189563E-18,0.0214790575801166));
#2839=CARTESIAN_POINT('',(-0.0759997806834749,0.00398054024775517,0.0214790575801166));
#2840=CARTESIAN_POINT('',(-0.0759989306377796,0.00792905846746376,0.0214793367298301));
#2841=CARTESIAN_POINT('',(-0.0756525811808636,0.0154889642247147,0.0214800448948348));
#2842=CARTESIAN_POINT('',(-0.0753077456866923,0.0190978019109351,0.021480472048208));
#2843=CARTESIAN_POINT('',(-0.0742851654393995,0.024112504886149,0.0214809359257758));
#2844=CARTESIAN_POINT('',(-0.0738599258568717,0.0257171759441604,0.0214810635168667));
#2845=CARTESIAN_POINT('',(-0.0728007951063732,0.0287769888085866,0.0214812477131555));
#2846=CARTESIAN_POINT('',(-0.0721667723437125,0.0302322188209166,0.0214813041235132));
#2847=CARTESIAN_POINT('',(-0.0706503214039978,0.0329725127155579,0.0214813663369159));
#2848=CARTESIAN_POINT('',(-0.0697681588284559,0.0342565587729933,0.0214813760552189));
#2849=CARTESIAN_POINT('',(-0.0677275569921445,0.0366376517539225,0.0214813836320368));
#2850=CARTESIAN_POINT('',(-0.0665692616085572,0.0377344275302597,0.021481382298854));
#2851=CARTESIAN_POINT('',(-0.0639550107580031,0.0397291092329269,0.0214813695974892));
#2852=CARTESIAN_POINT('',(-0.0625002994296721,0.0406263360853731,0.021481355592873));
#2853=CARTESIAN_POINT('',(-0.0592774551867587,0.0422289268190234,0.0214812839817211));
#2854=CARTESIAN_POINT('',(-0.0575093131537257,0.0429344932662824,0.0214812257170805));
#2855=CARTESIAN_POINT('',(-0.0516985090750263,0.0447815546259743,0.0214809734401184));
#2856=CARTESIAN_POINT('',(-0.0471532957936054,0.0456537477232299,0.0214806853553492));
#2857=CARTESIAN_POINT('',(-0.0365171460062222,0.0468487624228367,0.0214800611273678));
#2858=CARTESIAN_POINT('',(-0.030428073448186,0.0471706334440177,0.0214797238786599));
#2859=CARTESIAN_POINT('',(-0.0165329370391479,0.0474963317898837,0.0214792243024192));
#2860=CARTESIAN_POINT('',(-0.00872964313106472,0.0474997806834748,0.0214790575801166));
#2861=CARTESIAN_POINT('',(1.58945654514368E-18,0.0474997806834748,0.0214790575801166));
#2862=CARTESIAN_POINT('',(-0.075,7.80625564189563E-18,0.0215));
#2863=CARTESIAN_POINT('',(-0.075,0.00398010878659461,0.0215));
#2864=CARTESIAN_POINT('',(-0.0749987378199876,0.00791503471376676,0.0215));
#2865=CARTESIAN_POINT('',(-0.0746552818694933,0.0154114710864217,0.0215));
#2866=CARTESIAN_POINT('',(-0.0743130880990113,0.0189716365789816,0.0215));
#2867=CARTESIAN_POINT('',(-0.0733130125678247,0.0238759334539816,0.0215));
#2868=CARTESIAN_POINT('',(-0.0728985232448519,0.0254380405183417,0.0215));
#2869=CARTESIAN_POINT('',(-0.0718725551500205,0.0284020366864332,0.0215));
#2870=CARTESIAN_POINT('',(-0.0712610763781617,0.0298039257901647,0.0215));
#2871=CARTESIAN_POINT('',(-0.0698064015618269,0.0324325851976507,0.0215));
#2872=CARTESIAN_POINT('',(-0.0689632055173507,0.0336593555014052,0.0215));
#2873=CARTESIAN_POINT('',(-0.0670141548720867,0.0359336210174381,0.0215));
#2874=CARTESIAN_POINT('',(-0.0659083002712987,0.0369811162297166,0.0215));
#2875=CARTESIAN_POINT('',(-0.0634029912297166,0.0388926752712987,0.0215));
#2876=CARTESIAN_POINT('',(-0.0620035367889225,0.0397567391006022,0.0215));
#2877=CARTESIAN_POINT('',(-0.0588838733236708,0.0413080236325851,0.0215));
#2878=CARTESIAN_POINT('',(-0.0571636642992132,0.0419952443352644,0.0215));
#2879=CARTESIAN_POINT('',(-0.0514811732348592,0.0438015241378917,0.0215));
#2880=CARTESIAN_POINT('',(-0.0469970272039816,0.0446652009324292,0.0215));
#2881=CARTESIAN_POINT('',(-0.0364501522039817,0.0458501974740112,0.0215));
#2882=CARTESIAN_POINT('',(-0.0303874232348592,0.0461715172210557,0.0215));
#2883=CARTESIAN_POINT('',(-0.0165267290497043,0.0464964184840501,0.0215));
#2884=CARTESIAN_POINT('',(-0.00872923781528192,0.0465,0.0215));
#2885=CARTESIAN_POINT('',(0.,0.0465,0.0215));
#2886=CARTESIAN_POINT('',(0.,0.0465,0.0215));
#2887=CARTESIAN_POINT('',(5.29818848381228E-19,0.0468332602278249,0.0214930191933722));
#2888=CARTESIAN_POINT('',(1.05963769676246E-18,0.0471665204556499,0.0214860383867444));
#2889=CARTESIAN_POINT('',(1.58945654514368E-18,0.0474997806834748,0.0214790575801166));
#2890=CARTESIAN_POINT('',(0.075,7.80625564189563E-18,0.0215));
#2891=CARTESIAN_POINT('',(0.075,0.00398010878659461,0.0215));
#2892=CARTESIAN_POINT('',(0.0749987378199876,0.00791503471376676,0.0215));
#2893=CARTESIAN_POINT('',(0.0746552818694933,0.0154114710864217,0.0215));
#2894=CARTESIAN_POINT('',(0.0743130880990113,0.0189716365789816,0.0215));
#2895=CARTESIAN_POINT('',(0.0733130125678247,0.0238759334539816,0.0215));
#2896=CARTESIAN_POINT('',(0.0728985232448519,0.0254380405183417,0.0215));
#2897=CARTESIAN_POINT('',(0.0718725551500205,0.0284020366864332,0.0215));
#2898=CARTESIAN_POINT('',(0.0712610763781617,0.0298039257901647,0.0215));
#2899=CARTESIAN_POINT('',(0.0698064015618269,0.0324325851976507,0.0215));
#2900=CARTESIAN_POINT('',(0.0689632055173507,0.0336593555014052,0.0215));
#2901=CARTESIAN_POINT('',(0.0670141548720867,0.0359336210174381,0.0215));
#2902=CARTESIAN_POINT('',(0.0659083002712987,0.0369811162297166,0.0215));
#2903=CARTESIAN_POINT('',(0.0634029912297166,0.0388926752712987,0.0215));
#2904=CARTESIAN_POINT('',(0.0620035367889225,0.0397567391006022,0.0215));
#2905=CARTESIAN_POINT('',(0.0588838733236708,0.0413080236325851,0.0215));
#2906=CARTESIAN_POINT('',(0.0571636642992132,0.0419952443352644,0.0215));
#2907=CARTESIAN_POINT('',(0.0514811732348592,0.0438015241378917,0.0215));
#2908=CARTESIAN_POINT('',(0.0469970272039816,0.0446652009324292,0.0215));
#2909=CARTESIAN_POINT('',(0.0364501522039817,0.0458501974740112,0.0215));
#2910=CARTESIAN_POINT('',(0.0303874232348592,0.0461715172210557,0.0215));
#2911=CARTESIAN_POINT('',(0.0165267290497043,0.0464964184840501,0.0215));
#2912=CARTESIAN_POINT('',(0.00872923781528192,0.0465,0.0215));
#2913=CARTESIAN_POINT('',(0.,0.0465,0.0215));
#2914=CARTESIAN_POINT('',(0.0759997806834749,7.80625564189563E-18,0.0214790575801166));
#2915=CARTESIAN_POINT('',(0.0759997806834749,0.00398054024775517,0.0214790575801166));
#2916=CARTESIAN_POINT('',(0.0759989306377796,0.00792905846746376,0.0214793367298301));
#2917=CARTESIAN_POINT('',(0.0756525811808636,0.0154889642247147,0.0214800448948348));
#2918=CARTESIAN_POINT('',(0.0753077456866923,0.0190978019109351,0.021480472048208));
#2919=CARTESIAN_POINT('',(0.0742851654393995,0.024112504886149,0.0214809359257758));
#2920=CARTESIAN_POINT('',(0.0738599258568717,0.0257171759441604,0.0214810635168667));
#2921=CARTESIAN_POINT('',(0.0728007951063732,0.0287769888085866,0.0214812477131555));
#2922=CARTESIAN_POINT('',(0.0721667723437125,0.0302322188209166,0.0214813041235132));
#2923=CARTESIAN_POINT('',(0.0706503214039978,0.0329725127155579,0.0214813663369159));
#2924=CARTESIAN_POINT('',(0.0697681588284559,0.0342565587729933,0.0214813760552189));
#2925=CARTESIAN_POINT('',(0.0677275569921445,0.0366376517539225,0.0214813836320368));
#2926=CARTESIAN_POINT('',(0.0665692616085572,0.0377344275302597,0.021481382298854));
#2927=CARTESIAN_POINT('',(0.0639550107580031,0.0397291092329269,0.0214813695974892));
#2928=CARTESIAN_POINT('',(0.0625002994296721,0.0406263360853731,0.021481355592873));
#2929=CARTESIAN_POINT('',(0.0592774551867587,0.0422289268190234,0.0214812839817211));
#2930=CARTESIAN_POINT('',(0.0575093131537257,0.0429344932662824,0.0214812257170805));
#2931=CARTESIAN_POINT('',(0.0516985090750263,0.0447815546259743,0.0214809734401184));
#2932=CARTESIAN_POINT('',(0.0471532957936054,0.0456537477232299,0.0214806853553492));
#2933=CARTESIAN_POINT('',(0.0365171460062222,0.0468487624228367,0.0214800611273678));
#2934=CARTESIAN_POINT('',(0.030428073448186,0.0471706334440177,0.0214797238786599));
#2935=CARTESIAN_POINT('',(0.0165329370391479,0.0474963317898837,0.0214792243024192));
#2936=CARTESIAN_POINT('',(0.00872964313106472,0.0474997806834748,0.0214790575801166));
#2937=CARTESIAN_POINT('',(-1.58945654514368E-18,0.0474997806834748,0.0214790575801166));
#2938=CARTESIAN_POINT('',(0.0481226956756716,0.0287075866247194,-0.0375098126236206));
#2939=CARTESIAN_POINT('',(0.048168311759954,0.0287483861365265,-0.0374803789383416));
#2940=CARTESIAN_POINT('',(0.0482139278442363,0.0287891856483336,-0.0374509452530627));
#2941=CARTESIAN_POINT('',(0.0482595439285187,0.0288299851601406,-0.0374215115677837));
#2942=CARTESIAN_POINT('',(0.0487258368571521,0.0292470425237139,-0.0371206370073051));
#2943=CARTESIAN_POINT('',(0.0492228593929734,0.0296060357541974,-0.0368100878577216));
#2944=CARTESIAN_POINT('',(0.050013394332854,0.0300588899532867,-0.0363299077184844));
#2945=CARTESIAN_POINT('',(0.0502843616336037,0.0301955492250948,-0.0361673380617218));
#2946=CARTESIAN_POINT('',(0.0507023912772021,0.0303785874900867,-0.0359198373873466));
#2947=CARTESIAN_POINT('',(0.0508438789141705,0.0304359749661311,-0.0358365900719529));
#2948=CARTESIAN_POINT('',(0.0511278168861466,0.0305421951366579,-0.035670502653852));
#2949=CARTESIAN_POINT('',(0.0512706019713729,0.0305911854677128,-0.0355874793510439));
#2950=CARTESIAN_POINT('',(0.0519884714095128,0.0308159314450055,-0.0351723592775548));
#2951=CARTESIAN_POINT('',(0.0525754129744891,0.0309316387742415,-0.0348404927346174));
#2952=CARTESIAN_POINT('',(0.0533247812078902,0.0309958249079536,-0.0344256248108751));
#2953=CARTESIAN_POINT('',(0.0534754411048695,0.0310046041659603,-0.0343426401887451));
#2954=CARTESIAN_POINT('',(0.0537783296686441,0.0310139747823512,-0.0341766174229127));
#2955=CARTESIAN_POINT('',(0.0539309770603218,0.0310145689715495,-0.034093371087973));
#2956=CARTESIAN_POINT('',(0.054387222234806,0.0310038311112436,-0.0338459157924405));
#2957=CARTESIAN_POINT('',(0.0546895387966896,0.030980356675295,-0.0336835498168334));
#2958=CARTESIAN_POINT('',(0.0555912132740686,0.0308620907185638,-0.0332043557372628));
#2959=CARTESIAN_POINT('',(0.0561852780986402,0.030720217796603,-0.0328951116660208));
#2960=CARTESIAN_POINT('',(0.0570657437137313,0.0304111757489302,-0.032447103941182));
#2961=CARTESIAN_POINT('',(0.0573580396202195,0.0302914722099718,-0.0323001270218818));
#2962=CARTESIAN_POINT('',(0.0579268409317655,0.0300250248946857,-0.0320174364966367));
#2963=CARTESIAN_POINT('',(0.0582049283740307,0.0298777678602006,-0.0318811020591451));
#2964=CARTESIAN_POINT('',(0.0590203617791509,0.029394309184987,-0.0314868280545572));
#2965=CARTESIAN_POINT('',(0.0595391561759604,0.0290171126530514,-0.031243299150252));
#2966=CARTESIAN_POINT('',(0.0605258185836317,0.0281493542859905,-0.030796872902649));
#2967=CARTESIAN_POINT('',(0.0609788722074328,0.0276716588314156,-0.0306006443347604));
#2968=CARTESIAN_POINT('',(0.0615990894264193,0.0268939287045019,-0.030346248992514));
#2969=CARTESIAN_POINT('',(0.0617959062506253,0.0266242610860671,-0.0302681390760718));
#2970=CARTESIAN_POINT('',(0.0620761360085536,0.0262040060953282,-0.0301610808682045));
#2971=CARTESIAN_POINT('',(0.0621670583527248,0.0260613070945574,-0.0301270733505233));
#2972=CARTESIAN_POINT('',(0.0623438028710027,0.0257705375655119,-0.0300625354827387));
#2973=CARTESIAN_POINT('',(0.0624295191748448,0.0256225972237479,-0.0300320427445898));
#2974=CARTESIAN_POINT('',(0.0628409637227964,0.0248771622912572,-0.0298897592133332));
#2975=CARTESIAN_POINT('',(0.063119358101463,0.0242567377643215,-0.0298070146103847));
#2976=CARTESIAN_POINT('',(0.0634628064194007,0.0232909130532478,-0.0297284884170602));
#2977=CARTESIAN_POINT('',(0.0635647704157354,0.0229630303064361,-0.0297100093995035));
#2978=CARTESIAN_POINT('',(0.0636984683202355,0.0224620712929468,-0.0296941253546664));
#2979=CARTESIAN_POINT('',(0.0637398905330603,0.0222932393620322,-0.0296908050033988));
#2980=CARTESIAN_POINT('',(0.0638155229517079,0.0219558194918938,-0.0296881736097523));
#2981=CARTESIAN_POINT('',(0.0638498182082625,0.0217868957519987,-0.0296888525613243));
#2982=CARTESIAN_POINT('',(0.0640039483818438,0.0209412239140739,-0.029702076855272));
#2983=CARTESIAN_POINT('',(0.0640721583465703,0.0202613419605493,-0.0297438838450018));
#2984=CARTESIAN_POINT('',(0.0640889572527959,0.0194073278516421,-0.0298348597439049));
#2985=CARTESIAN_POINT('',(0.0640888555151876,0.0192363144268927,-0.0298550094870169));
#2986=CARTESIAN_POINT('',(0.0640815793831142,0.0188938571942521,-0.0298993014140834));
#2987=CARTESIAN_POINT('',(0.0640743716817087,0.0187219676917592,-0.0299235145202183));
#2988=CARTESIAN_POINT('',(0.0640421814723284,0.0182094553488671,-0.0300016745137494));
#2989=CARTESIAN_POINT('',(0.0640068211301003,0.0178722524986956,-0.0300610227054653));
#2990=CARTESIAN_POINT('',(0.0638603386834358,0.0168735977305256,-0.0302599219341176));
#2991=CARTESIAN_POINT('',(0.0637088684661281,0.0162250996937802,-0.0304203749207277));
#2992=CARTESIAN_POINT('',(0.0633994620387957,0.0152786679634238,-0.0307033089552305));
#2993=CARTESIAN_POINT('',(0.063282209943586,0.0149671017448743,-0.0308048969687635));
#2994=CARTESIAN_POINT('',(0.063022275786695,0.0143614046605917,-0.0310199549696544));
#2995=CARTESIAN_POINT('',(0.0628790033519617,0.0140657402234356,-0.0311339774911321));
#2996=CARTESIAN_POINT('',(0.0624149280449342,0.0132101455162739,-0.0314908806903339));
#2997=CARTESIAN_POINT('',(0.0620589592275423,0.0126790753574354,-0.0317494083743802));
#2998=CARTESIAN_POINT('',(0.0616555668361527,0.0121881384991334,-0.0320288880616937));
#2999=CARTESIAN_POINT('',(0.0616168197620493,0.012140982510982,-0.0320557329412351));
#3000=CARTESIAN_POINT('',(0.0615780726879458,0.0120938265228305,-0.0320825778207764));
#3001=CARTESIAN_POINT('',(0.0615393256138424,0.0120466705346791,-0.0321094227003178));
#3002=CARTESIAN_POINT('',(0.0475141950327766,0.0294821930627627,-0.0376834276270169));
#3003=CARTESIAN_POINT('',(0.0475653387088282,0.0295271471721367,-0.0376540050001161));
#3004=CARTESIAN_POINT('',(0.0476164823848797,0.0295721012815108,-0.0376245823732153));
#3005=CARTESIAN_POINT('',(0.0476676260609312,0.0296170553908848,-0.0375951597463145));
#3006=CARTESIAN_POINT('',(0.048190422676694,0.0300765815348736,-0.0372943982258662));
#3007=CARTESIAN_POINT('',(0.0487491274996574,0.0304724324996212,-0.0369837365007991));
#3008=CARTESIAN_POINT('',(0.0496382908941763,0.0309701793984474,-0.0365035560039587));
#3009=CARTESIAN_POINT('',(0.0499427378684172,0.0311199265301002,-0.0363409862383453));
#3010=CARTESIAN_POINT('',(0.0504128226804741,0.0313200383967505,-0.0360934855666616));
#3011=CARTESIAN_POINT('',(0.0505719335554967,0.031382666111266,-0.0360102382517248));
#3012=CARTESIAN_POINT('',(0.0508910818708769,0.0314982991768643,-0.0358441508313989));
#3013=CARTESIAN_POINT('',(0.0510515492542955,0.0315514916501751,-0.0357611273866411));
#3014=CARTESIAN_POINT('',(0.0518577472479751,0.0317946901693558,-0.0353460075090889));
#3015=CARTESIAN_POINT('',(0.0525161620326939,0.0319172264243777,-0.0350141411429253));
#3016=CARTESIAN_POINT('',(0.0533543307498293,0.0319803494485506,-0.0345992730754156));
#3017=CARTESIAN_POINT('',(0.0535226800448372,0.0319884353619833,-0.0345162884117604));
#3018=CARTESIAN_POINT('',(0.0538606518152446,0.0319954932080831,-0.0343502655994119));
#3019=CARTESIAN_POINT('',(0.0540308120119834,0.0319944592405827,-0.0342670194229606));
#3020=CARTESIAN_POINT('',(0.054539137416358,0.0319774795759906,-0.0340195627024689));
#3021=CARTESIAN_POINT('',(0.0548749992048405,0.0319481278262151,-0.0338571979216418));
#3022=CARTESIAN_POINT('',(0.0558750224925412,0.0318075109826075,-0.0333780041269452));
#3023=CARTESIAN_POINT('',(0.0565307262836665,0.0316446544771219,-0.033068761754878));
#3024=CARTESIAN_POINT('',(0.0574985001312609,0.0312963794910213,-0.0326207536248024));
#3025=CARTESIAN_POINT('',(0.0578189456808189,0.031162292597154,-0.032473775143033));
#3026=CARTESIAN_POINT('',(0.0584403574563261,0.0308658954451865,-0.0321910847321954));
#3027=CARTESIAN_POINT('',(0.0587438038631557,0.030702585465337,-0.0320547530012972));
#3028=CARTESIAN_POINT('',(0.0596316508330329,0.0301686689489545,-0.0316604792724738));
#3029=CARTESIAN_POINT('',(0.0601934771354789,0.0297551893672017,-0.0314169476023829));
#3030=CARTESIAN_POINT('',(0.0612585213492316,0.0288096875224094,-0.0309705208600981));
#3031=CARTESIAN_POINT('',(0.0617455112150392,0.0282919456335975,-0.0307742935303695));
#3032=CARTESIAN_POINT('',(0.0624110591523689,0.0274517922405752,-0.0305199001407422));
#3033=CARTESIAN_POINT('',(0.0626220124203293,0.0271609365857882,-0.0304417888308196));
#3034=CARTESIAN_POINT('',(0.0629218855551799,0.0267086946934641,-0.0303347290226146));
#3035=CARTESIAN_POINT('',(0.0630191041314489,0.0265552912303726,-0.0303007215341321));
#3036=CARTESIAN_POINT('',(0.0632081036961731,0.0262427519417053,-0.0302361836721198));
#3037=CARTESIAN_POINT('',(0.063299739424417,0.0260838066440487,-0.0302056909044185));
#3038=CARTESIAN_POINT('',(0.063739285170527,0.0252837117495174,-0.0300634072578371));
#3039=CARTESIAN_POINT('',(0.0640362471099405,0.0246192779985404,-0.0299806624318977));
#3040=CARTESIAN_POINT('',(0.0644027505038424,0.0235857335991363,-0.0299021391416418));
#3041=CARTESIAN_POINT('',(0.0645116033049024,0.0232349172285473,-0.0298836597626151));
#3042=CARTESIAN_POINT('',(0.0646543446534814,0.0226993241719972,-0.0298677740623515));
#3043=CARTESIAN_POINT('',(0.0646985425111849,0.022519017111211,-0.0298644531984735));
#3044=CARTESIAN_POINT('',(0.0647793729200894,0.0221582607405999,-0.0298618217658394));
#3045=CARTESIAN_POINT('',(0.0648160283388981,0.021977747888052,-0.0298625007380453));
#3046=CARTESIAN_POINT('',(0.0649809334829414,0.021073852417053,-0.0298757250368068));
#3047=CARTESIAN_POINT('',(0.0650543930285378,0.0203471711248388,-0.0299175307191003));
#3048=CARTESIAN_POINT('',(0.0650734982610203,0.0194331902473797,-0.0300085093707703));
#3049=CARTESIAN_POINT('',(0.065073642681492,0.0192500613145883,-0.0300286596715237));
#3050=CARTESIAN_POINT('',(0.065066404555099,0.0188831806458966,-0.0300729519780288));
#3051=CARTESIAN_POINT('',(0.0650589871657359,0.018698951038616,-0.030097164899949));
#3052=CARTESIAN_POINT('',(0.0650254707737785,0.0181494915708525,-0.0301753235371695));
#3053=CARTESIAN_POINT('',(0.064988328679959,0.0177879554001948,-0.0302346708704863));
#3054=CARTESIAN_POINT('',(0.0648336015562634,0.0167152544744899,-0.0304335704857548));
#3055=CARTESIAN_POINT('',(0.0646728517392169,0.0160169406434369,-0.0305940215995727));
#3056=CARTESIAN_POINT('',(0.0643427898104984,0.0149946514941972,-0.0308769584236132));
#3057=CARTESIAN_POINT('',(0.064217392665992,0.0146572139637298,-0.0309785480034994));
#3058=CARTESIAN_POINT('',(0.0639387669680322,0.0139999610988929,-0.0311936049316239));
#3059=CARTESIAN_POINT('',(0.0637850129417186,0.0136787186607122,-0.0313076255462011));
#3060=CARTESIAN_POINT('',(0.0632855505964313,0.0127464285724396,-0.031664529254737));
#3061=CARTESIAN_POINT('',(0.0629008604992998,0.0121645111596335,-0.031922938998165));
#3062=CARTESIAN_POINT('',(0.0624626572717104,0.0116238235797855,-0.0322025362711078));
#3063=CARTESIAN_POINT('',(0.062420566510223,0.011571888882527,-0.0322293924451089));
#3064=CARTESIAN_POINT('',(0.0623784757487357,0.0115199541852686,-0.0322562486191099));
#3065=CARTESIAN_POINT('',(0.0623363849872484,0.0114680194880101,-0.0322831047931109));
#3066=CARTESIAN_POINT('',(0.0475092530724723,0.0294884840573786,-0.0376848376476389));
#3067=CARTESIAN_POINT('',(0.0475604416410633,0.0295334719084693,-0.0376554151105492));
#3068=CARTESIAN_POINT('',(0.0476116302096543,0.0295784597595599,-0.0376259925734594));
#3069=CARTESIAN_POINT('',(0.0476628187782453,0.0296234476106506,-0.0375965700363697));
#3070=CARTESIAN_POINT('',(0.0481860742907769,0.0300833186663982,-0.0372958094339801));
#3071=CARTESIAN_POINT('',(0.048745280068699,0.0304794689725875,-0.036985146794627));
#3072=CARTESIAN_POINT('',(0.0496352444778322,0.0309775804691221,-0.0365049662948823));
#3073=CARTESIAN_POINT('',(0.0499399633584701,0.0311274338943091,-0.036342396528385));
#3074=CARTESIAN_POINT('',(0.0504104709384881,0.0313276844248418,-0.0360948958567231));
#3075=CARTESIAN_POINT('',(0.0505697249412853,0.0313903546981464,-0.03601164854179));
#3076=CARTESIAN_POINT('',(0.0508891592187618,0.0315060642109175,-0.0358455611214461));
#3077=CARTESIAN_POINT('',(0.0510497702096142,0.0315592908120808,-0.0357625376755354));
#3078=CARTESIAN_POINT('',(0.0518566855668993,0.0318026391942578,-0.0353474177995745));
#3079=CARTESIAN_POINT('',(0.0525156808239955,0.0319252309106511,-0.0350155514348466));
#3080=CARTESIAN_POINT('',(0.0533545707375187,0.0319883453007408,-0.0346006833661692));
#3081=CARTESIAN_POINT('',(0.0535230636976219,0.03199642558315,-0.0345176987021768));
#3082=CARTESIAN_POINT('',(0.0538613203975796,0.032003464646001,-0.0343516758894506));
#3083=CARTESIAN_POINT('',(0.0540316228252074,0.0320024174553663,-0.0342684297142864));
#3084=CARTESIAN_POINT('',(0.0545403712010805,0.0319853870977316,-0.0340209729822218));
#3085=CARTESIAN_POINT('',(0.054876505428352,0.0319559876151362,-0.0338586082110982));
#3086=CARTESIAN_POINT('',(0.0558773274595253,0.0318151892479805,-0.0333794144187152));
#3087=CARTESIAN_POINT('',(0.0565335318537798,0.0316521623235511,-0.033070172060448));
#3088=CARTESIAN_POINT('',(0.0575020147783888,0.0313035687057012,-0.0326221639270812));
#3089=CARTESIAN_POINT('',(0.0578226889463061,0.0311693649968891,-0.0324751854326222));
#3090=CARTESIAN_POINT('',(0.0584445279996273,0.0308727246062238,-0.0321924950227137));
#3091=CARTESIAN_POINT('',(0.0587481803602182,0.0307092842517893,-0.0320561633137972));
#3092=CARTESIAN_POINT('',(0.0596366154395193,0.030174957940198,-0.0316618895872134));
#3093=CARTESIAN_POINT('',(0.0601987912271663,0.0297611836843244,-0.03141835789466));
#3094=CARTESIAN_POINT('',(0.0612644720216339,0.0288150504430243,-0.0309719311483577));
#3095=CARTESIAN_POINT('',(0.0617517375018764,0.0282969833156271,-0.0307757038286849));
#3096=CARTESIAN_POINT('',(0.0624176535942989,0.027456322949758,-0.0305213104549158));
#3097=CARTESIAN_POINT('',(0.0626287216719061,0.027165295215556,-0.030443199133676));
#3098=CARTESIAN_POINT('',(0.0629287543411633,0.0267127935404368,-0.0303361393124738));
#3099=CARTESIAN_POINT('',(0.0630260240525124,0.0265593031406617,-0.0303021318242285));
#3100=CARTESIAN_POINT('',(0.063215123147046,0.0262465870480926,-0.0302375939622631));
#3101=CARTESIAN_POINT('',(0.0633068069501125,0.0260875523732828,-0.0302071011943217));
#3102=CARTESIAN_POINT('',(0.0637465809211347,0.0252870135558637,-0.0300648175468036));
#3103=CARTESIAN_POINT('',(0.0640436936576742,0.0246222223823584,-0.0299820727190534));
#3104=CARTESIAN_POINT('',(0.0644103842942217,0.0235881279950202,-0.0299035494523748));
#3105=CARTESIAN_POINT('',(0.0645192930429622,0.0232371253681639,-0.0298850700704124));
#3106=CARTESIAN_POINT('',(0.0646621078382042,0.022701251029962,-0.0298691843567041));
#3107=CARTESIAN_POINT('',(0.0647063282384094,0.0225208507734874,-0.0298658634886629));
#3108=CARTESIAN_POINT('',(0.0647872008629825,0.0221599048746312,-0.0298632320557123));
#3109=CARTESIAN_POINT('',(0.0648238754499356,0.0219792979006796,-0.0298639110280857));
#3110=CARTESIAN_POINT('',(0.064988868103297,0.0210749295643077,-0.0298771353268864));
#3111=CARTESIAN_POINT('',(0.0650623702835571,0.0203478681895467,-0.0299189409985615));
#3112=CARTESIAN_POINT('',(0.0650814942469529,0.0194334002897759,-0.0300099196725881));
#3113=CARTESIAN_POINT('',(0.0650816406666065,0.0192501729604412,-0.0300300699778705));
#3114=CARTESIAN_POINT('',(0.065074402848878,0.0188830939359172,-0.0300743622874572));
#3115=CARTESIAN_POINT('',(0.0650669837565265,0.0186987641080227,-0.0300985752078812));
#3116=CARTESIAN_POINT('',(0.0650334565939286,0.0181490045728286,-0.0301767338340865));
#3117=CARTESIAN_POINT('',(0.0649963000295482,0.0177872707782155,-0.0302360811604317));
#3118=CARTESIAN_POINT('',(0.0648415059464055,0.0167139684839246,-0.0304349807788401));
#3119=CARTESIAN_POINT('',(0.0646806807647491,0.0160152500720697,-0.0305954318774481));
#3120=CARTESIAN_POINT('',(0.0643504510816181,0.0149923448440185,-0.0308783687241438));
#3121=CARTESIAN_POINT('',(0.0642249877867948,0.0146546971987419,-0.0309799583167513));
#3122=CARTESIAN_POINT('',(0.0639462102847982,0.013997025621741,-0.0311950152361632));
#3123=CARTESIAN_POINT('',(0.0637923711318538,0.0136755754508862,-0.0313090358352535));
#3124=CARTESIAN_POINT('',(0.0632926213894366,0.0127426624782611,-0.031665939547926));
#3125=CARTESIAN_POINT('',(0.0629076980313776,0.0121603321076157,-0.0319243483334949));
#3126=CARTESIAN_POINT('',(0.0624692120863043,0.0116192404754567,-0.0322039465614138));
#3127=CARTESIAN_POINT('',(0.0624270941689372,0.0115672669677368,-0.0322308028271432));
#3128=CARTESIAN_POINT('',(0.0623849762515701,0.011515293460017,-0.0322576590928726));
#3129=CARTESIAN_POINT('',(0.0623428583342029,0.0114633199522971,-0.032284515358602));
#3130=CARTESIAN_POINT('',(0.0616561421297962,0.0121877341014709,-0.0320290128587729));
#3131=CARTESIAN_POINT('',(0.0619249635198157,0.0119997433372768,-0.0320868656998417));
#3132=CARTESIAN_POINT('',(0.0621937834841254,0.011811750535496,-0.0321447185457263));
#3133=CARTESIAN_POINT('',(0.0624626020227253,0.0116237556961287,-0.0322025713964268));
#3134=CARTESIAN_POINT('',(0.0616560446061781,0.0121873329241852,-0.0320281625791311));
#3135=CARTESIAN_POINT('',(0.0624625374874653,0.0116233908705483,-0.0322016867641627));
#3136=CARTESIAN_POINT('',(0.0482595439285187,0.0288299851601406,-0.0374215115677837));
#3137=CARTESIAN_POINT('',(0.0491921908775581,0.0296641545284194,-0.0368197230274849));
#3138=CARTESIAN_POINT('',(0.0513400710582359,0.0308908579008814,-0.035516749973736));
#3139=CARTESIAN_POINT('',(0.0550065201338434,0.0312025735333142,-0.0334885225687729));
#3140=CARTESIAN_POINT('',(0.0585744301412873,0.029944456104169,-0.031672070493031));
#3141=CARTESIAN_POINT('',(0.0615561963554336,0.0273192918607854,-0.0303212598047974));
#3142=CARTESIAN_POINT('',(0.0635548865575223,0.0236974089335265,-0.029629174927356));
#3143=CARTESIAN_POINT('',(0.064567303540835,0.0181917972178121,-0.0297103061905997));
#3144=CARTESIAN_POINT('',(0.0632691998672154,0.0141519631711689,-0.0309109253420533));
#3145=CARTESIAN_POINT('',(0.0616555668361527,0.0121881384991333,-0.0320288880616938));
#3146=CARTESIAN_POINT('',(0.0482588828617626,0.0288308038131652,-0.0374216218280806));
#3147=CARTESIAN_POINT('',(0.0476659446064912,0.0296183344975477,-0.0375957750922359));
#3148=CARTESIAN_POINT('',(0.047862666825543,0.0293550080529773,-0.0375382951300058));
#3149=CARTESIAN_POINT('',(0.0480594761412986,0.029091747071225,-0.037480815342019));
#3150=CARTESIAN_POINT('',(0.0482563725537502,0.0288285515522902,-0.0374233357282761));
#3151=CARTESIAN_POINT('',(0.0476657247006648,0.0296182742539292,-0.0375952985096029));
#3152=CARTESIAN_POINT('',(0.0476676260609312,0.0296170553908848,-0.0375951597463145));
#3153=CARTESIAN_POINT('',(0.0487132192924568,0.0305361076788624,-0.0369936367054179));
#3154=CARTESIAN_POINT('',(0.0511334555644115,0.0318879280428985,-0.0356902749412211));
#3155=CARTESIAN_POINT('',(0.0552398097040633,0.0321888784556289,-0.0336622031143833));
#3156=CARTESIAN_POINT('',(0.0591573474237798,0.0307640914046615,-0.0318457125417034));
#3157=CARTESIAN_POINT('',(0.0623693177195062,0.027902435684982,-0.0304949172689396));
#3158=CARTESIAN_POINT('',(0.0645006407377494,0.0240172260849064,-0.0298028060062459));
#3159=CARTESIAN_POINT('',(0.0655819405070796,0.0181411251303895,-0.0298840515131705));
#3160=CARTESIAN_POINT('',(0.064215470182068,0.0137865738991775,-0.0310841471793363));
#3161=CARTESIAN_POINT('',(0.0624626572717104,0.0116238235797855,-0.0322025362711078));
#3162=CARTESIAN_POINT('',(0.0461657372933076,0.0132902534005349,-0.0409390211154762));
#3163=CARTESIAN_POINT('',(0.0467614420223084,0.0137586361333877,-0.0402818141538077));
#3164=CARTESIAN_POINT('',(0.0467656072363665,0.0137619111020902,-0.0402772189113284));
#3165=CARTESIAN_POINT('',(0.0461438548070217,0.0133235955149021,-0.040945815791508));
#3166=CARTESIAN_POINT('',(0.0467415857624292,0.0137893883448759,-0.0402889292960253));
#3167=CARTESIAN_POINT('',(0.0467457651440208,0.013792645204775,-0.0402843362942706));
#3168=CARTESIAN_POINT('',(0.0461219723207358,0.0133569376292693,-0.0409526104675399));
#3169=CARTESIAN_POINT('',(0.0467217295025501,0.0138201405563642,-0.0402960444382429));
#3170=CARTESIAN_POINT('',(0.0467259230516752,0.0138233793074598,-0.0402914536772129));
#3171=CARTESIAN_POINT('',(0.0461000898344499,0.0133902797436364,-0.0409594051435717));
#3172=CARTESIAN_POINT('',(0.0467018732426709,0.0138508927678524,-0.0403031595804605));
#3173=CARTESIAN_POINT('',(0.0467060809593296,0.0138541134101445,-0.0402985710601551));
#3174=CARTESIAN_POINT('',(0.0460411405867441,0.0134801000928048,-0.0409777093268923));
#3175=CARTESIAN_POINT('',(0.0466483824479396,0.0139337361755367,-0.0403223270679008));
#3176=CARTESIAN_POINT('',(0.0466526283305283,0.0139369080345082,-0.0403177445838853));
#3177=CARTESIAN_POINT('',(0.0459523293613683,0.0136154208234971,-0.0410052858781369));
#3178=CARTESIAN_POINT('',(0.0465677947693637,0.0140585456487204,-0.0403512042480718));
#3179=CARTESIAN_POINT('',(0.0465720981516349,0.0140616440121573,-0.0403466308581556));
#3180=CARTESIAN_POINT('',(0.0458081208554971,0.013842508406166,-0.0410492144631369));
#3181=CARTESIAN_POINT('',(0.0464382785204801,0.0142690792180638,-0.0403964224452937));
#3182=CARTESIAN_POINT('',(0.0464426846321613,0.0142720618345447,-0.0403918580724469));
#3183=CARTESIAN_POINT('',(0.04565434173455,0.0140971361450557,-0.0410946194024317));
#3184=CARTESIAN_POINT('',(0.0462997632917757,0.0145047571512211,-0.0404435404157145));
#3185=CARTESIAN_POINT('',(0.0463042761297854,0.0145076072691782,-0.0404389880205154));
#3186=CARTESIAN_POINT('',(0.0454952352198244,0.0143796224073913,-0.0411393518230361));
#3187=CARTESIAN_POINT('',(0.0461554834851224,0.014765369493267,-0.0404908943982953));
#3188=CARTESIAN_POINT('',(0.0461600999926346,0.0147680666670626,-0.0404863603332625));
#3189=CARTESIAN_POINT('',(0.0452781397360057,0.0147870043315576,-0.0411977140853006));
#3190=CARTESIAN_POINT('',(0.0459588033904812,0.01514135355822,-0.0405529719612375));
#3191=CARTESIAN_POINT('',(0.0459635626439913,0.0151438311957282,-0.0405484638738776));
#3192=CARTESIAN_POINT('',(0.0451229286271121,0.0151047954862112,-0.0412361177787405));
#3193=CARTESIAN_POINT('',(0.0458184992197693,0.0154348658031652,-0.0405941609581711));
#3194=CARTESIAN_POINT('',(0.0458233627037571,0.0154371736806378,-0.0405896723458711));
#3195=CARTESIAN_POINT('',(0.0448454495443417,0.0157199339406816,-0.0412984697190236));
#3196=CARTESIAN_POINT('',(0.0455674543227813,0.0160027997147372,-0.0406624594323333));
#3197=CARTESIAN_POINT('',(0.0455725026366636,0.0160047775343536,-0.0406580123986633));
#3198=CARTESIAN_POINT('',(0.0446780157409863,0.0161441642110302,-0.0413289582030286));
#3199=CARTESIAN_POINT('',(0.045415701147809,0.0163942863011785,-0.0406976388689786));
#3200=CARTESIAN_POINT('',(0.0454208591018714,0.016396035174396,-0.0406932246348164));
#3201=CARTESIAN_POINT('',(0.0444373933820893,0.0168504227221645,-0.0413592944569974));
#3202=CARTESIAN_POINT('',(0.0451978145325002,0.0170460941417781,-0.0407366022771447));
#3203=CARTESIAN_POINT('',(0.0452031314566601,0.0170474622916485,-0.0407322483647194));
#3204=CARTESIAN_POINT('',(0.0443324739130525,0.0172015835226498,-0.0413664872087379));
#3205=CARTESIAN_POINT('',(0.0451029204738423,0.0173701990391347,-0.0407483894342882));
#3206=CARTESIAN_POINT('',(0.0451083074964557,0.0173713780120142,-0.0407440676463048));
#3207=CARTESIAN_POINT('',(0.044153387167615,0.0178966016233709,-0.0413652857602832));
#3208=CARTESIAN_POINT('',(0.0449412091224813,0.0180116700702431,-0.0407570513087692));
#3209=CARTESIAN_POINT('',(0.044946717635209,0.0180124746378237,-0.0407527984859113));
#3210=CARTESIAN_POINT('',(0.0440667864573449,0.0183078631849358,-0.0413540806903746));
#3211=CARTESIAN_POINT('',(0.044863244321285,0.0183912733990672,-0.0407522172026541));
#3212=CARTESIAN_POINT('',(0.0448688132169644,0.0183918566098083,-0.0407480089260733));
#3213=CARTESIAN_POINT('',(0.0439448250762041,0.0190466387486148,-0.041314939957339));
#3214=CARTESIAN_POINT('',(0.0447541772644756,0.0190732793656315,-0.0407257344346266));
#3215=CARTESIAN_POINT('',(0.0447598363182793,0.0190734656389094,-0.0407216146635272));
#3216=CARTESIAN_POINT('',(0.0438974267606781,0.0194328745272576,-0.0412852216512001));
#3217=CARTESIAN_POINT('',(0.0447122257517556,0.0194298760980941,-0.0407032241451648));
#3218=CARTESIAN_POINT('',(0.0447179228900306,0.0194298551328429,-0.0406991547730818));
#3219=CARTESIAN_POINT('',(0.0438380432849794,0.0201778573078513,-0.0412098655724246));
#3220=CARTESIAN_POINT('',(0.0446609053618996,0.0201177292277112,-0.0406428909728645));
#3221=CARTESIAN_POINT('',(0.0446666588779014,0.020117308807472,-0.0406389266421186));
#3222=CARTESIAN_POINT('',(0.0438243747809747,0.0205852983599587,-0.0411580570292412));
#3223=CARTESIAN_POINT('',(0.0446502538510396,0.0204939632598484,-0.0405999412126015));
#3224=CARTESIAN_POINT('',(0.0446560284620935,0.0204933246376846,-0.0405960388231586));
#3225=CARTESIAN_POINT('',(0.0438332649746749,0.0213372342967223,-0.0410428908236875));
#3226=CARTESIAN_POINT('',(0.0446622305740709,0.0211883374374564,-0.0405024287057754));
#3227=CARTESIAN_POINT('',(0.0446680267663793,0.0211872963389704,-0.0404986497523748));
#3228=CARTESIAN_POINT('',(0.0438546124842778,0.0217186238783006,-0.040974821431399));
#3229=CARTESIAN_POINT('',(0.0446839138356646,0.0215405307942719,-0.0404439647273463));
#3230=CARTESIAN_POINT('',(0.0446897123755772,0.0215392855534988,-0.0404402529357507));
#3231=CARTESIAN_POINT('',(0.0439690209434095,0.022854783881449,-0.0407424459496488));
#3232=CARTESIAN_POINT('',(0.0447958312874234,0.022589664227782,-0.0402424391614615));
#3233=CARTESIAN_POINT('',(0.0448016124100176,0.0225878104904273,-0.0402389430748906));
#3234=CARTESIAN_POINT('',(0.0441205652767042,0.0236189649826792,-0.0405426996793299));
#3235=CARTESIAN_POINT('',(0.0449406373475061,0.0232952708218097,-0.0400666852152049));
#3236=CARTESIAN_POINT('',(0.0449463713555669,0.0232930075269193,-0.0400633568848404));
#3237=CARTESIAN_POINT('',(0.0445424435658128,0.025027694304519,-0.0400907666276452));
#3238=CARTESIAN_POINT('',(0.0453400679858475,0.0245955546557542,-0.0396656927065482));
#3239=CARTESIAN_POINT('',(0.0453456450381784,0.0245925331015303,-0.0396627205564448));
#3240=CARTESIAN_POINT('',(0.0448094681412852,0.0256893443955206,-0.0398380454006437));
#3241=CARTESIAN_POINT('',(0.0455917002481845,0.0252060485162072,-0.0394401430220779));
#3242=CARTESIAN_POINT('',(0.0455971696762581,0.0252026692736181,-0.0394373608575252));
#3243=CARTESIAN_POINT('',(0.0452926452903072,0.0266319964852418,-0.039418020950667));
#3244=CARTESIAN_POINT('',(0.0460452397265592,0.0260755495975032,-0.0390638418225607));
#3245=CARTESIAN_POINT('',(0.0460505019257215,0.0260716588773418,-0.0390613653743949));
#3246=CARTESIAN_POINT('',(0.0454768950625609,0.026952345997363,-0.0392635794809112));
#3247=CARTESIAN_POINT('',(0.0462179108216584,0.026371000452926,-0.0389252360130518));
#3248=CARTESIAN_POINT('',(0.0462230920618044,0.0263669356394095,-0.0389228702890611));
#3249=CARTESIAN_POINT('',(0.0458556471525962,0.0275448541122447,-0.0389557287684177));
#3250=CARTESIAN_POINT('',(0.0465722228203912,0.0269175206426551,-0.038648609101902));
#3251=CARTESIAN_POINT('',(0.0465772331735072,0.0269131342779689,-0.0386464616971723));
#3252=CARTESIAN_POINT('',(0.0460588014633228,0.0278327136383346,-0.0387949709659946));
#3253=CARTESIAN_POINT('',(0.0467619742014458,0.0271830689419708,-0.0385039993143807));
#3254=CARTESIAN_POINT('',(0.0467668908402293,0.027178526575442,-0.0385019648178344));
#3255=CARTESIAN_POINT('',(0.0463409049209805,0.0281975772701112,-0.0385769383023094));
#3256=CARTESIAN_POINT('',(0.0470252421240357,0.0275195964357198,-0.0383075286672531));
#3257=CARTESIAN_POINT('',(0.0470300270632848,0.0275148559406976,-0.038305644934013));
#3258=CARTESIAN_POINT('',(0.0464880349930041,0.0283817706836359,-0.0384641340528454));
#3259=CARTESIAN_POINT('',(0.0471625068044601,0.0276894809114211,-0.0382058192236407));
#3260=CARTESIAN_POINT('',(0.0471672227641194,0.0276846403671864,-0.0382040130661509));
#3261=CARTESIAN_POINT('',(0.0466388278480522,0.0285597852623571,-0.0383499511385193));
#3262=CARTESIAN_POINT('',(0.0473030260755822,0.0278538158207796,-0.0381029366004559));
#3263=CARTESIAN_POINT('',(0.0473076702015392,0.0278488796272269,-0.0381012094554855));
#3264=CARTESIAN_POINT('',(0.0467906998755917,0.0287338715005611,-0.0382357050509834));
#3265=CARTESIAN_POINT('',(0.0474443779881354,0.0280147152181223,-0.0380000084504954));
#3266=CARTESIAN_POINT('',(0.0474489485566256,0.0280096868211468,-0.0379983604414298));
#3267=CARTESIAN_POINT('',(0.0469449693728476,0.0289054314436025,-0.0381204223756092));
#3268=CARTESIAN_POINT('',(0.0475877963892361,0.0281734638580557,-0.0378961522737283));
#3269=CARTESIAN_POINT('',(0.0475922910860133,0.0281683458834469,-0.0378945841596347));
#3270=CARTESIAN_POINT('',(0.0471022531970607,0.0290704396120935,-0.0380043624664795));
#3271=CARTESIAN_POINT('',(0.0477341902569696,0.0283258186194921,-0.0377914146551217));
#3272=CARTESIAN_POINT('',(0.0477386088103193,0.0283206121712714,-0.037789925707369));
#3273=CARTESIAN_POINT('',(0.0472602701999225,0.0292318590560865,-0.0378884284227991));
#3274=CARTESIAN_POINT('',(0.0478817758532625,0.0284740911573344,-0.0376865376239537));
#3275=CARTESIAN_POINT('',(0.0478861214694016,0.0284687927849176,-0.0376851259876973));
#3276=CARTESIAN_POINT('',(0.0474206597352245,0.0293913377918911,-0.0377714219701272));
#3277=CARTESIAN_POINT('',(0.0480320697035239,0.0286198152492043,-0.0375804421435317));
#3278=CARTESIAN_POINT('',(0.0480363447298436,0.0286144207032414,-0.0375791067976467));
#3279=CARTESIAN_POINT('',(0.0475842300654804,0.0295428120377664,-0.0376538498298741));
#3280=CARTESIAN_POINT('',(0.0481830390868386,0.0287611978191275,-0.0374745393224301));
#3281=CARTESIAN_POINT('',(0.0481872260063517,0.028755732711377,-0.0374732855693373));
#3282=CARTESIAN_POINT('',(0.0476657145634293,0.0296182707279704,-0.0375952798752478));
#3283=CARTESIAN_POINT('',(0.0482582462737765,0.0288316292213928,-0.0374217825773937));
#3284=CARTESIAN_POINT('',(0.04826238930184,0.0288261289624518,-0.037420569470717));
#3285=CARTESIAN_POINT('',(0.0467018732426709,0.0138508927678525,-0.0403031595804605));
#3286=CARTESIAN_POINT('',(0.0459432049464488,0.0150081144023435,-0.040577462932566));
#3287=CARTESIAN_POINT('',(0.0447843555804604,0.0176348772661172,-0.0408948076158243));
#3288=CARTESIAN_POINT('',(0.044465323343324,0.0219405339859101,-0.0405185041857587));
#3289=CARTESIAN_POINT('',(0.0456790215478975,0.025919207093293,-0.0392967339577819));
#3290=CARTESIAN_POINT('',(0.0473171970336824,0.0279780154849802,-0.0380782031786983));
#3291=CARTESIAN_POINT('',(0.048258246273777,0.0288316292213932,-0.0374217825773934));
#3292=CARTESIAN_POINT('',(0.0467018732426709,0.0138508927678524,-0.0403031595804605));
#3293=CARTESIAN_POINT('',(0.046701873242671,0.0138508927678524,-0.0403031595804605));
#3294=CARTESIAN_POINT('',(0.0465090504878976,0.0136865762393046,-0.0405171382541053));
#3295=CARTESIAN_POINT('',(0.0463091980703958,0.0135339390703637,-0.0407366531177104));
#3296=CARTESIAN_POINT('',(0.0461000898344499,0.0133902797436364,-0.0409594051435717));
#3297=CARTESIAN_POINT('',(0.0461000898344499,0.0133902797436364,-0.0409594051435717));
#3298=CARTESIAN_POINT('',(0.0461000898344499,0.0133902797436364,-0.0409594051435717));
#3299=CARTESIAN_POINT('',(0.0452680392154708,0.0146580665268613,-0.041217763098159));
#3300=CARTESIAN_POINT('',(0.0439754375656189,0.0174926579484322,-0.0415205846882055));
#3301=CARTESIAN_POINT('',(0.0436196542539307,0.0221700193736815,-0.0410461827465247));
#3302=CARTESIAN_POINT('',(0.0449111994950556,0.0264959250713184,-0.0396614176716292));
#3303=CARTESIAN_POINT('',(0.0466674464424377,0.0286938248912957,-0.0383128214938766));
#3304=CARTESIAN_POINT('',(0.0476657145634293,0.0296182707279704,-0.0375952798752478));
#3305=CARTESIAN_POINT('',(0.0466879087792438,0.0138482956698785,-0.0402978612101449));
#3306=CARTESIAN_POINT('',(0.0461041878059229,0.0133137683472979,-0.0409307411057258));
#3307=CARTESIAN_POINT('',(0.0467023830003968,0.0138380154796927,-0.040295234817244));
#3308=CARTESIAN_POINT('',(0.0461186620270759,0.0133034881571121,-0.0409281147128248));
#3309=CARTESIAN_POINT('',(0.0467170463004585,0.0138539661336811,-0.0402988902934864));
#3310=CARTESIAN_POINT('',(0.0461333253271376,0.0133194388111005,-0.0409317701890672));
#3311=CARTESIAN_POINT('',(0.0466838108077708,0.0139248070662171,-0.0403265252479909));
#3312=CARTESIAN_POINT('',(0.0461000898344499,0.0133902797436364,-0.0409594051435717));
#3313=CARTESIAN_POINT('',(0.046701873242671,0.0138508927678524,-0.0403031595804605));
#3314=CARTESIAN_POINT('',(0.0465080296942581,0.0136596886581458,-0.0405078327486788));
#3315=CARTESIAN_POINT('',(0.0463056988798747,0.0134858762181722,-0.0407191556401835));
#3316=CARTESIAN_POINT('',(0.0461048762294464,0.0133143987532617,-0.0409299947056004));
#3317=CARTESIAN_POINT('',(0.0461065988198721,0.0133120559455268,-0.0409303036196702));
#3318=CARTESIAN_POINT('',(0.0461202693697093,0.0133023465559314,-0.040927823055455));
#3319=CARTESIAN_POINT('',(0.0461314799489389,0.0133233722058514,-0.0409333046011804));
#3320=CARTESIAN_POINT('',(0.0461000898344499,0.0133902797436364,-0.0409594051435717));
#3321=CARTESIAN_POINT('',(0.056634559731708,0.00766165214900412,-0.0360080012892822));
#3322=CARTESIAN_POINT('',(0.0566366449786942,0.00767011337745249,-0.03600297954347));
#3323=CARTESIAN_POINT('',(0.0569724536127598,0.00903271147087356,-0.0351942764915387));
#3324=CARTESIAN_POINT('',(0.0566134172197979,0.00766507949025393,-0.0360234672647449));
#3325=CARTESIAN_POINT('',(0.0566154972222673,0.00767348789677996,-0.0360184334105545));
#3326=CARTESIAN_POINT('',(0.056950461278185,0.00902757953618917,-0.0352077804227196));
#3327=CARTESIAN_POINT('',(0.0565922747078879,0.00766850683150374,-0.0360389332402077));
#3328=CARTESIAN_POINT('',(0.0565943494658405,0.00767686241610743,-0.036033887277639));
#3329=CARTESIAN_POINT('',(0.0569284689436102,0.00902244760150478,-0.0352212843539005));
#3330=CARTESIAN_POINT('',(0.0565711321959779,0.00767193417275356,-0.0360543992156704));
#3331=CARTESIAN_POINT('',(0.0565732017094136,0.0076802369354349,-0.0360493411447234));
#3332=CARTESIAN_POINT('',(0.0569064766090354,0.00901731566682039,-0.0352347882850814));
#3333=CARTESIAN_POINT('',(0.0564966248820608,0.00768401230195068,-0.0361089021192866));
#3334=CARTESIAN_POINT('',(0.0564986759135458,0.0076921289174246,-0.0361038013777836));
#3335=CARTESIAN_POINT('',(0.056828974475755,0.00899923046151653,-0.0352823768423867));
#3336=CARTESIAN_POINT('',(0.0563955739794909,0.00770039332271976,-0.036182821944248));
#3337=CARTESIAN_POINT('',(0.0563975999447414,0.00770825747514902,-0.0361776633305982));
#3338=CARTESIAN_POINT('',(0.0567238618350311,0.00897470231490868,-0.0353469190519349));
#3339=CARTESIAN_POINT('',(0.0562466488210834,0.00772648159470786,-0.0362905008567878));
#3340=CARTESIAN_POINT('',(0.0562486337003613,0.00773398972236489,-0.036285262461358));
#3341=CARTESIAN_POINT('',(0.0565682790965615,0.00894310025437057,-0.0354416701072724));
#3342=CARTESIAN_POINT('',(0.0561185140156628,0.00775059190136002,-0.0363820723031498));
#3343=CARTESIAN_POINT('',(0.0561204620278586,0.00775779959391125,-0.0363767701304237));
#3344=CARTESIAN_POINT('',(0.0564341703410405,0.00891852799028929,-0.0355229070664969));
#3345=CARTESIAN_POINT('',(0.0559965228001931,0.00777540799919338,-0.0364680445793829));
#3346=CARTESIAN_POINT('',(0.0559984345426479,0.00778233533679543,-0.0364626871217644));
#3347=CARTESIAN_POINT('',(0.0563063019687484,0.00889791531039212,-0.0355999209665789));
#3348=CARTESIAN_POINT('',(0.0558485744433389,0.00780685436082737,-0.0365714252755819));
#3349=CARTESIAN_POINT('',(0.0558504407164566,0.00781344938176603,-0.0365660045438222));
#3350=CARTESIAN_POINT('',(0.0561509857504867,0.00887551300667768,-0.0356930487069999));
#3351=CARTESIAN_POINT('',(0.0557465251084646,0.00782973890686307,-0.0366419494388277));
#3352=CARTESIAN_POINT('',(0.055748358732527,0.00783611161772076,-0.0366364883732657));
#3353=CARTESIAN_POINT('',(0.0560436459555082,0.0088623743782161,-0.0357570371720378));
#3354=CARTESIAN_POINT('',(0.0555990844687443,0.00786438059377623,-0.0367428002110853));
#3355=CARTESIAN_POINT('',(0.055600869781558,0.00787043974028715,-0.0367372851153273));
#3356=CARTESIAN_POINT('',(0.0558883769503996,0.00884620602929719,-0.0358491328794171));
#3357=CARTESIAN_POINT('',(0.0554887974936704,0.00789135557567146,-0.0368175352050827));
#3358=CARTESIAN_POINT('',(0.0554905459322665,0.00789718524253409,-0.0368119825386293));
#3359=CARTESIAN_POINT('',(0.0557721148689724,0.00883599607842684,-0.0359177799096681));
#3360=CARTESIAN_POINT('',(0.0553498100636464,0.00792715129153004,-0.0369105181825058));
#3361=CARTESIAN_POINT('',(0.0553515109429256,0.00793270096087082,-0.036904922723608));
#3362=CARTESIAN_POINT('',(0.0556254209167582,0.00882642093415895,-0.0360038287899671));
#3363=CARTESIAN_POINT('',(0.0552102104115704,0.00796436940148574,-0.0370030632653649));
#3364=CARTESIAN_POINT('',(0.0552118627688108,0.00796964452351065,-0.0369974280037444));
#3365=CARTESIAN_POINT('',(0.0554779587428408,0.00881915133656431,-0.0360899242308794));
#3366=CARTESIAN_POINT('',(0.0550041820576364,0.00802189180257967,-0.0371378990994497));
#3367=CARTESIAN_POINT('',(0.0550057613518937,0.00802677557805749,-0.0371322115849829));
#3368=CARTESIAN_POINT('',(0.0552600912470262,0.00881325985695031,-0.0362162930022502));
#3369=CARTESIAN_POINT('',(0.0547758255943409,0.00809030931325968,-0.0372841794391062));
#3370=CARTESIAN_POINT('',(0.0547773220780939,0.0080947846168792,-0.0372784450586668));
#3371=CARTESIAN_POINT('',(0.0550183161513693,0.0088154884977211,-0.0363549791693783));
#3372=CARTESIAN_POINT('',(0.054568661240119,0.008156269103942,-0.0374141952845444));
#3373=CARTESIAN_POINT('',(0.0545700821040907,0.00816039605357232,-0.0374084267292433));
#3374=CARTESIAN_POINT('',(0.0547988983511324,0.00882500093124734,-0.0364794573126896));
#3375=CARTESIAN_POINT('',(0.0543608219251089,0.00822489277446992,-0.0375429249855981));
#3376=CARTESIAN_POINT('',(0.0543621670211523,0.00822868461807759,-0.0375371270560988));
#3377=CARTESIAN_POINT('',(0.0545787815843132,0.00883932394803811,-0.036603427212197));
#3378=CARTESIAN_POINT('',(0.0541426796480403,0.00830055683630855,-0.0376754752183089));
#3379=CARTESIAN_POINT('',(0.0541439457550606,0.00830401866634217,-0.037669653538196));
#3380=CARTESIAN_POINT('',(0.054347839908542,0.00886151253763401,-0.0367321288902385));
#3381=CARTESIAN_POINT('',(0.0539338307752038,0.00837688604146243,-0.0377995851393707));
#3382=CARTESIAN_POINT('',(0.0539350228888697,0.00838005611467755,-0.0377937476863328));
#3383=CARTESIAN_POINT('',(0.0541270011362639,0.00889056540364073,-0.0368536829630694));
#3384=CARTESIAN_POINT('',(0.0537241994018899,0.00845580040931384,-0.0379224844582204));
#3385=CARTESIAN_POINT('',(0.053725318669549,0.00845869237463238,-0.0379166350302653));
#3386=CARTESIAN_POINT('',(0.0539055657799547,0.00892441510665937,-0.0369746418636868));
#3387=CARTESIAN_POINT('',(0.0535053553404058,0.00854136904365877,-0.0380484452108149));
#3388=CARTESIAN_POINT('',(0.0535064007647519,0.00854399099547245,-0.0380425884708796));
#3389=CARTESIAN_POINT('',(0.0536747561317627,0.00896623069318941,-0.0370994177813814));
#3390=CARTESIAN_POINT('',(0.0532947759017519,0.00862752833424964,-0.0381667703367198));
#3391=CARTESIAN_POINT('',(0.0532957538513033,0.00862991457709354,-0.0381609121698758));
#3392=CARTESIAN_POINT('',(0.0534532430625195,0.00901419565038903,-0.0372175116907179));
#3393=CARTESIAN_POINT('',(0.0530833113902472,0.00871620042140758,-0.0382839465924193));
#3394=CARTESIAN_POINT('',(0.0530842240107713,0.00871836330465316,-0.0382780898613329));
#3395=CARTESIAN_POINT('',(0.0532311926210272,0.00906667449902703,-0.0373349205968822));
#3396=CARTESIAN_POINT('',(0.0528509277701812,0.00881660369283939,-0.0384104357901595));
#3397=CARTESIAN_POINT('',(0.0528517721707726,0.0088185396054484,-0.0384045845343119));
#3398=CARTESIAN_POINT('',(0.05298775462804,0.00913029939850429,-0.0374622970035228));
#3399=CARTESIAN_POINT('',(0.0526385289901188,0.00891225442004446,-0.0385229111350777));
#3400=CARTESIAN_POINT('',(0.0526393173858572,0.00891400918256445,-0.0385170696362366));
#3401=CARTESIAN_POINT('',(0.0527662808092638,0.00919659652537594,-0.0375763533759171));
#3402=CARTESIAN_POINT('',(0.0524251806627065,0.0090104292170269,-0.0386342570642415));
#3403=CARTESIAN_POINT('',(0.0524259164154637,0.00901201478056644,-0.0386284278372551));
#3404=CARTESIAN_POINT('',(0.0525444022015862,0.00926735428228937,-0.0376896878391339));
#3405=CARTESIAN_POINT('',(0.0522014431352592,0.00911575708567337,-0.0387491830659539));
#3406=CARTESIAN_POINT('',(0.0522021277895292,0.00911717950111177,-0.0387433695453192));
#3407=CARTESIAN_POINT('',(0.0523123846639985,0.00934624559668536,-0.0378071589015483));
#3408=CARTESIAN_POINT('',(0.0518167369474031,0.0093018352977771,-0.0389412225110337));
#3409=CARTESIAN_POINT('',(0.0518173542191559,0.00930303507980655,-0.0389354420565986));
#3410=CARTESIAN_POINT('',(0.0519167597982132,0.00949624824215256,-0.0380045564008749));
#3411=CARTESIAN_POINT('',(0.0514832600036339,0.00946888164246299,-0.0391015227674277));
#3412=CARTESIAN_POINT('',(0.0514838439325685,0.00946994721946778,-0.0390957798157735));
#3413=CARTESIAN_POINT('',(0.0515778799768368,0.00964154797507599,-0.0381709336161527));
#3414=CARTESIAN_POINT('',(0.0510539935239415,0.00969023192407072,-0.0393015022458002));
#3415=CARTESIAN_POINT('',(0.0510545625070561,0.00969118290969728,-0.0392958183589285));
#3416=CARTESIAN_POINT('',(0.0511461916731856,0.0098443298445104,-0.0383804839648838));
#3417=CARTESIAN_POINT('',(0.0505490189661027,0.00996010022319107,-0.0395279382485397));
#3418=CARTESIAN_POINT('',(0.0505496082759603,0.00996099175202475,-0.0395223405945264));
#3419=CARTESIAN_POINT('',(0.0506445108652586,0.0101045637518133,-0.0386208931589926));
#3420=CARTESIAN_POINT('',(0.0501018452791717,0.010218239259992,-0.0397144627149343));
#3421=CARTESIAN_POINT('',(0.0501025140842538,0.0102191719473145,-0.0397089661289698));
#3422=CARTESIAN_POINT('',(0.0502102186020239,0.01036937211922,-0.0388237947142989));
#3423=CARTESIAN_POINT('',(0.0496103059327282,0.0105162634094132,-0.0399107787804467));
#3424=CARTESIAN_POINT('',(0.0496111018459767,0.0105172872207894,-0.0399054067787219));
#3425=CARTESIAN_POINT('',(0.0497392758908506,0.0106821620303615,-0.0390402984374574));
#3426=CARTESIAN_POINT('',(0.0492136190415317,0.0107688797351427,-0.0400618244906347));
#3427=CARTESIAN_POINT('',(0.0492145512299685,0.0107700159885386,-0.0400565644526493));
#3428=CARTESIAN_POINT('',(0.0493646710612089,0.0109529984857555,-0.0392094867766397));
#3429=CARTESIAN_POINT('',(0.0487814122209416,0.0110659468479185,-0.0402135513734725));
#3430=CARTESIAN_POINT('',(0.0487825578894644,0.0110672690966124,-0.0402084350272256));
#3431=CARTESIAN_POINT('',(0.0489670566007903,0.0112802043175822,-0.0393844975004357));
#3432=CARTESIAN_POINT('',(0.0483791686433037,0.0113525381513743,-0.040348935756608));
#3433=CARTESIAN_POINT('',(0.0483805441335675,0.0113540610109467,-0.0403439620697332));
#3434=CARTESIAN_POINT('',(0.0486020533886874,0.0115993026519815,-0.0395429984396748));
#3435=CARTESIAN_POINT('',(0.0480056540493236,0.0116320145229934,-0.0404670266046232));
#3436=CARTESIAN_POINT('',(0.048007284028199,0.0116337589360633,-0.0404621969150572));
#3437=CARTESIAN_POINT('',(0.0482697761853995,0.0119146796011653,-0.0396844226433319));
#3438=CARTESIAN_POINT('',(0.0475891562243613,0.0119645569282305,-0.040587242662608));
#3439=CARTESIAN_POINT('',(0.0475911334063793,0.0119665934185304,-0.0405825926263638));
#3440=CARTESIAN_POINT('',(0.0479095392341471,0.0122945502650753,-0.0398337497651467));
#3441=CARTESIAN_POINT('',(0.0473045613263875,0.0122013623839601,-0.0406642451446087));
#3442=CARTESIAN_POINT('',(0.0473068049996569,0.0122036169625877,-0.0406597258049785));
#3443=CARTESIAN_POINT('',(0.0476681266372662,0.0125666948014915,-0.0399319303552765));
#3444=CARTESIAN_POINT('',(0.0470922208204633,0.0123839417354588,-0.040718575672677));
#3445=CARTESIAN_POINT('',(0.0470946831287483,0.012386370855501,-0.0407141573554446));
#3446=CARTESIAN_POINT('',(0.0474912137974257,0.0127775568822501,-0.0400026305749406));
#3447=CARTESIAN_POINT('',(0.0468494370140375,0.0125976626623337,-0.0407781008283312));
#3448=CARTESIAN_POINT('',(0.0468521653172204,0.012600300262318,-0.0407738011638335));
#3449=CARTESIAN_POINT('',(0.0472915318628536,0.0130250599448799,-0.0400813822458721));
#3450=CARTESIAN_POINT('',(0.0466723470219459,0.0127590536749057,-0.0408186886927193));
#3451=CARTESIAN_POINT('',(0.0466752829655186,0.0127618494477221,-0.0408144813610087));
#3452=CARTESIAN_POINT('',(0.0471480879652843,0.0132120813180146,-0.0401369317354254));
#3453=CARTESIAN_POINT('',(0.0463983373254072,0.0130179968694181,-0.0408768705385171));
#3454=CARTESIAN_POINT('',(0.0464016205880978,0.0130210482990154,-0.0408728127843452));
#3455=CARTESIAN_POINT('',(0.0469303579351278,0.0135124511936274,-0.0402193511585367));
#3456=CARTESIAN_POINT('',(0.0462431361670674,0.0131705168231823,-0.0409068923769844));
#3457=CARTESIAN_POINT('',(0.0462466369962022,0.0131737234629471,-0.0409029208650721));
#3458=CARTESIAN_POINT('',(0.0468104112913457,0.0136901214371264,-0.0402633477117514));
#3459=CARTESIAN_POINT('',(0.0461026967988022,0.0133085300067409,-0.0409340587208031));
#3460=CARTESIAN_POINT('',(0.0461063945007846,0.0133118770940262,-0.0409301652483113));
#3461=CARTESIAN_POINT('',(0.0467018732426709,0.0138508927678524,-0.0403031595804604));
#3462=CARTESIAN_POINT('',(0.0460834350253185,0.0133274590201102,-0.0409377846843095));
#3463=CARTESIAN_POINT('',(0.0460871597291326,0.0133308253702872,-0.0409339019152099));
#3464=CARTESIAN_POINT('',(0.0466869868519547,0.0138729431444197,-0.0403086199239988));
#3465=CARTESIAN_POINT('',(0.0460641732518348,0.0133463880334796,-0.0409415106478158));
#3466=CARTESIAN_POINT('',(0.0460679249574807,0.0133497736465481,-0.0409376385821085));
#3467=CARTESIAN_POINT('',(0.0466721004612384,0.013894993520987,-0.0403140802675372));
#3468=CARTESIAN_POINT('',(0.046044911478351,0.0133653170468489,-0.0409452366113222));
#3469=CARTESIAN_POINT('',(0.0460486901858287,0.013368721922809,-0.0409413752490071));
#3470=CARTESIAN_POINT('',(0.0466572140705222,0.0139170438975543,-0.0403195406110755));
#3471=CARTESIAN_POINT('',(0.0569064766090355,0.00901731566682041,-0.0352347882850815));
#3472=CARTESIAN_POINT('',(0.0559927163017542,0.00879476175899694,-0.0357972521178037));
#3473=CARTESIAN_POINT('',(0.0540885696551596,0.00872560805612082,-0.0369114528834651));
#3474=CARTESIAN_POINT('',(0.0512532054404901,0.00964533446463057,-0.0383503777183943));
#3475=CARTESIAN_POINT('',(0.0486803108770781,0.0113375828817471,-0.0395304135480149));
#3476=CARTESIAN_POINT('',(0.0472856247575866,0.0129604774366844,-0.0400920989652544));
#3477=CARTESIAN_POINT('',(0.0467018732426709,0.0138508927678525,-0.0403031595804605));
#3478=CARTESIAN_POINT('',(0.0569064766090355,0.00901731566682042,-0.0352347882850814));
#3479=CARTESIAN_POINT('',(0.0569064766090355,0.00901731566682044,-0.0352347882850814));
#3480=CARTESIAN_POINT('',(0.0568039474767875,0.0085834473726634,-0.0354714364599216));
#3481=CARTESIAN_POINT('',(0.0566769292977875,0.00809923060782428,-0.0357595013707082));
#3482=CARTESIAN_POINT('',(0.0565734378606035,0.00767990482517797,-0.0360492858601867));
#3483=CARTESIAN_POINT('',(0.0573939964694246,0.00939964263418117,-0.0351450548986209));
#3484=CARTESIAN_POINT('',(0.0574000339474005,0.00831984401669523,-0.0357670681582569));
#3485=CARTESIAN_POINT('',(0.0570085781185098,0.00913999422064593,-0.0351655654948625));
#3486=CARTESIAN_POINT('',(0.0570146155964856,0.00806019560315999,-0.0357875787544985));
#3487=CARTESIAN_POINT('',(0.056765640183973,0.00887913799730233,-0.0352677044884803));
#3488=CARTESIAN_POINT('',(0.0567716776619489,0.00779933937981639,-0.0358897177481164));
#3489=CARTESIAN_POINT('',(0.0565671708004476,0.00875313292851515,-0.035431178968141));
#3490=CARTESIAN_POINT('',(0.0565732082784235,0.00767333431102921,-0.0360531922277771));
#3491=CARTESIAN_POINT('',(0.0573999663763171,0.0083265027155227,-0.0357632223225966));
#3492=CARTESIAN_POINT('',(0.0571825818642283,0.00866176255118706,-0.0354982044641551));
#3493=CARTESIAN_POINT('',(0.057025934034457,0.00888689840393861,-0.035324937028022));
#3494=CARTESIAN_POINT('',(0.0569064766090355,0.00901731566682042,-0.0352347882850814));
#3495=CARTESIAN_POINT('',(0.0573999966105633,0.00832652168331474,-0.0357632215176764));
#3496=CARTESIAN_POINT('',(0.0573999966105633,0.00832652168331474,-0.0357632215176764));
#3497=CARTESIAN_POINT('',(0.0570145782596485,0.0080668732697795,-0.0357837321139181));
#3498=CARTESIAN_POINT('',(0.0567716403251117,0.0078060170464359,-0.0358858711075359));
#3499=CARTESIAN_POINT('',(0.0565731709415863,0.00768001197764872,-0.0360493455871966));
#3500=CARTESIAN_POINT('',(-0.0477387614448966,0.0296870229299361,-0.0375425996868349));
#3501=CARTESIAN_POINT('',(-0.0483262780456438,0.028894344151316,-0.0373741928341462));
#3502=CARTESIAN_POINT('',(-0.0483304014163803,0.0288887808898268,-0.0373730109034785));
#3503=CARTESIAN_POINT('',(-0.0477144126030861,0.0296641056374273,-0.0375601596646138));
#3504=CARTESIAN_POINT('',(-0.0483036007967619,0.0288734391823009,-0.037390056076031));
#3505=CARTESIAN_POINT('',(-0.0483077358992475,0.028867890043912,-0.0373888622371532));
#3506=CARTESIAN_POINT('',(-0.0476900637612757,0.0296411883449185,-0.0375777196423927));
#3507=CARTESIAN_POINT('',(-0.0482809235478799,0.0288525342132859,-0.0374059193179158));
#3508=CARTESIAN_POINT('',(-0.0482850703821146,0.0288469991979972,-0.0374047135708279));
#3509=CARTESIAN_POINT('',(-0.0476657149194653,0.0296182710524096,-0.0375952796201716));
#3510=CARTESIAN_POINT('',(-0.048258246298998,0.028831629244271,-0.0374217825598006));
#3511=CARTESIAN_POINT('',(-0.0482624048649818,0.0288261083520823,-0.0374205649045026));
#3512=CARTESIAN_POINT('',(-0.0475824497250412,0.0295399012953887,-0.0376553290868044));
#3513=CARTESIAN_POINT('',(-0.0481806974138454,0.0287601409852804,-0.0374760297363201));
#3514=CARTESIAN_POINT('',(-0.0481848960986315,0.0287546683895442,-0.0374747713587799));
#3515=CARTESIAN_POINT('',(-0.047419719384779,0.029386738412452,-0.0377726874885389));
#3516=CARTESIAN_POINT('',(-0.0480291388117772,0.0286204270412879,-0.0375820483621617));
#3517=CARTESIAN_POINT('',(-0.0480334159032301,0.0286150488343081,-0.0375807103986149));
#3518=CARTESIAN_POINT('',(-0.0472552680971698,0.0292261503539275,-0.0378921909050262));
#3519=CARTESIAN_POINT('',(-0.047877961246555,0.0284710369067799,-0.0376891446805709));
#3520=CARTESIAN_POINT('',(-0.047882331497041,0.028465737290247,-0.0376877196402248));
#3521=CARTESIAN_POINT('',(-0.0470924039263228,0.0290611383520884,-0.0380114711069054));
#3522=CARTESIAN_POINT('',(-0.0477276136373688,0.028318396846102,-0.0377961954864165));
#3523=CARTESIAN_POINT('',(-0.047732071732903,0.0283131840596265,-0.0377946846164383));
#3524=CARTESIAN_POINT('',(-0.0469351670422823,0.0288955583185476,-0.0381276039013742));
#3525=CARTESIAN_POINT('',(-0.0475817819228612,0.0281661334952246,-0.0379005914675801));
#3526=CARTESIAN_POINT('',(-0.0475863200633545,0.0281610141692905,-0.0378989982250655));
#3527=CARTESIAN_POINT('',(-0.0467786202376901,0.0287203416259332,-0.0382447570741056));
#3528=CARTESIAN_POINT('',(-0.0474362362333003,0.0280053894621853,-0.0380059390921918));
#3529=CARTESIAN_POINT('',(-0.047440851582975,0.0280003717097913,-0.0380042629947391));
#3530=CARTESIAN_POINT('',(-0.0466232173197331,0.028541471988811,-0.038361738534784));
#3531=CARTESIAN_POINT('',(-0.047291825390305,0.0278411431939217,-0.0381110862092052));
#3532=CARTESIAN_POINT('',(-0.0472965178857151,0.0278362280727914,-0.0381093270547183));
#3533=CARTESIAN_POINT('',(-0.0464726473523149,0.0283626848472132,-0.0384758444453587));
#3534=CARTESIAN_POINT('',(-0.0471519694202316,0.0276768295198545,-0.0382136013977262));
#3535=CARTESIAN_POINT('',(-0.0471567371097435,0.0276720159779348,-0.038211760896016));
#3536=CARTESIAN_POINT('',(-0.0463231664651976,0.0281749017367314,-0.0385905970612865));
#3537=CARTESIAN_POINT('',(-0.0470130537033082,0.0275042383450533,-0.0383166010177751));
#3538=CARTESIAN_POINT('',(-0.0470178955424076,0.0274995314247727,-0.0383146780299543));
#3539=CARTESIAN_POINT('',(-0.0460500290400257,0.0278205587055338,-0.0388019155148048));
#3540=CARTESIAN_POINT('',(-0.0467590340546456,0.0271786736490112,-0.0385062492151267));
#3541=CARTESIAN_POINT('',(-0.0467640100681328,0.0271741687038661,-0.0385041741388372));
#3542=CARTESIAN_POINT('',(-0.0458374637331769,0.0275180556523325,-0.0389702760514971));
#3543=CARTESIAN_POINT('',(-0.0465609020792581,0.0269009489682018,-0.038657307209697));
#3544=CARTESIAN_POINT('',(-0.0465659793902686,0.0268966179252333,-0.0386551106988885));
#3545=CARTESIAN_POINT('',(-0.0454658294100312,0.0269332605586412,-0.0392728181602693));
#3546=CARTESIAN_POINT('',(-0.0462138958098831,0.0263639206067012,-0.0389284653992694));
#3547=CARTESIAN_POINT('',(-0.0462191459680882,0.0263599248052312,-0.0389260486265418));
#3548=CARTESIAN_POINT('',(-0.0452706446730834,0.026591771393505,-0.0394367471635187));
#3549=CARTESIAN_POINT('',(-0.0460312979021608,0.0260502408388616,-0.0390751998851415));
#3550=CARTESIAN_POINT('',(-0.0460366363985733,0.0260464402122256,-0.0390726624360454));
#3551=CARTESIAN_POINT('',(-0.0449718444991756,0.0260036780797578,-0.0396972554474968));
#3552=CARTESIAN_POINT('',(-0.045751158724286,0.0255105651445873,-0.0393080085158844));
#3553=CARTESIAN_POINT('',(-0.0457566281892615,0.0255071043275754,-0.0393052766621716));
#3554=CARTESIAN_POINT('',(-0.044716103506391,0.0254444603123317,-0.0399283925884333));
#3555=CARTESIAN_POINT('',(-0.0455108863937119,0.0249977371227285,-0.0395142658497681));
#3556=CARTESIAN_POINT('',(-0.0455164644224778,0.024994601883103,-0.0395113593819795));
#3557=CARTESIAN_POINT('',(-0.0444792809858698,0.0248015457902491,-0.0401606392112268));
#3558=CARTESIAN_POINT('',(-0.045287711040931,0.0244079779305884,-0.0397204067872762));
#3559=CARTESIAN_POINT('',(-0.0452933848496835,0.0244052157512844,-0.0397173171018242));
#3560=CARTESIAN_POINT('',(-0.0442581388180895,0.0240921840925498,-0.0403933229940387));
#3561=CARTESIAN_POINT('',(-0.0450781704413346,0.023757206221522,-0.0399267284599558));
#3562=CARTESIAN_POINT('',(-0.0450839256734317,0.0237548552446322,-0.0399234537571726));
#3563=CARTESIAN_POINT('',(-0.044047502002131,0.0232530805865255,-0.0406386410950303));
#3564=CARTESIAN_POINT('',(-0.0448767466202294,0.0229875939919659,-0.0401439342362892));
#3565=CARTESIAN_POINT('',(-0.044882566511935,0.0229857307260538,-0.0401404622326354));
#3566=CARTESIAN_POINT('',(-0.0439241872709497,0.0224388909276874,-0.0408292347065956));
#3567=CARTESIAN_POINT('',(-0.0447568137909237,0.0222401221557331,-0.0403106395329049));
#3568=CARTESIAN_POINT('',(-0.0447626574178484,0.0222387271358536,-0.0403069998737693));
#3569=CARTESIAN_POINT('',(-0.0438497464998982,0.0216425008212158,-0.040988755427197));
#3570=CARTESIAN_POINT('',(-0.0446818594247944,0.0215075095191201,-0.0404494292440342));
#3571=CARTESIAN_POINT('',(-0.0446876994471522,0.0215065621089804,-0.0404456440883497));
#3572=CARTESIAN_POINT('',(-0.0438126380418451,0.0208756259820874,-0.0411222626946771));
#3573=CARTESIAN_POINT('',(-0.0446414764199898,0.0208009132431335,-0.0405648823885309));
#3574=CARTESIAN_POINT('',(-0.0446472934605795,0.0208003888863391,-0.0405609705235036));
#3575=CARTESIAN_POINT('',(-0.0438411492998299,0.0200993404137267,-0.0412196458007406));
#3576=CARTESIAN_POINT('',(-0.0446615598843383,0.0200853309037599,-0.0406467386102092));
#3577=CARTESIAN_POINT('',(-0.0446673177761012,0.0200852325807451,-0.0406427177727705));
#3578=CARTESIAN_POINT('',(-0.0439130374631609,0.0192846690527126,-0.0412979977292939));
#3579=CARTESIAN_POINT('',(-0.0447211718060778,0.019335867192474,-0.0407103729586129));
#3580=CARTESIAN_POINT('',(-0.0447268435394321,0.0193362265166377,-0.0407062488287068));
#3581=CARTESIAN_POINT('',(-0.0440180222537489,0.0185184111741724,-0.0413505106663906));
#3582=CARTESIAN_POINT('',(-0.0448116877827603,0.0186323079105307,-0.0407503250168996));
#3583=CARTESIAN_POINT('',(-0.0448172579695647,0.0186331072725727,-0.0407461127309142));
#3584=CARTESIAN_POINT('',(-0.0441864284467677,0.0177556624146516,-0.0413672734370754));
#3585=CARTESIAN_POINT('',(-0.0449596190435451,0.0179311113396728,-0.0407570296921518));
#3586=CARTESIAN_POINT('',(-0.0449650455310289,0.0179323426937524,-0.0407527468153842));
#3587=CARTESIAN_POINT('',(-0.0443663349801639,0.0170853051159276,-0.041364614759024));
#3588=CARTESIAN_POINT('',(-0.0451188978835754,0.0173141198728998,-0.0407465755518334));
#3589=CARTESIAN_POINT('',(-0.0451241795996142,0.0173157257646683,-0.0407422379641334));
#3590=CARTESIAN_POINT('',(-0.0444827521389953,0.0167094891662951,-0.0413546688922177));
#3591=CARTESIAN_POINT('',(-0.0452224755741875,0.0169679785357238,-0.0407327478001592));
#3592=CARTESIAN_POINT('',(-0.0452276671789215,0.0169697926929752,-0.040728382968207));
#3593=CARTESIAN_POINT('',(-0.0447222665990313,0.0160286722152867,-0.0413213640160551));
#3594=CARTESIAN_POINT('',(-0.0454358010485116,0.0163408242565166,-0.0406932177659089));
#3595=CARTESIAN_POINT('',(-0.0454408088509544,0.0163430150347694,-0.0406888092438982));
#3596=CARTESIAN_POINT('',(-0.0449080882373009,0.0155718178551992,-0.0412856411491887));
#3597=CARTESIAN_POINT('',(-0.0456014994324564,0.0159198216043861,-0.0406539736532163));
#3598=CARTESIAN_POINT('',(-0.0456063660037615,0.0159222640008627,-0.0406495404180281));
#3599=CARTESIAN_POINT('',(-0.0451820318282459,0.0149821655461217,-0.0412217066606654));
#3600=CARTESIAN_POINT('',(-0.0458463417909377,0.0153761528502243,-0.0405860802636496));
#3601=CARTESIAN_POINT('',(-0.0458510041209154,0.0153789179733173,-0.0405816192436862));
#3602=CARTESIAN_POINT('',(-0.0453586986710058,0.0146299604077244,-0.0411767753148057));
#3603=CARTESIAN_POINT('',(-0.0460043737932077,0.0150513339051667,-0.0405389771151447));
#3604=CARTESIAN_POINT('',(-0.0460089053381901,0.0150542912329192,-0.0405345008528078));
#3605=CARTESIAN_POINT('',(-0.0455632151258596,0.0142579605734376,-0.0411203789753034));
#3606=CARTESIAN_POINT('',(-0.0461868492266923,0.0147077251526656,-0.040480764765509));
#3607=CARTESIAN_POINT('',(-0.0461912260810626,0.0147108817376913,-0.040476275757859));
#3608=CARTESIAN_POINT('',(-0.0457541417518428,0.0139296701968066,-0.0410654163163085));
#3609=CARTESIAN_POINT('',(-0.046356972970667,0.0144041354090381,-0.0404245032899655));
#3610=CARTESIAN_POINT('',(-0.0463612038240651,0.0144074653506416,-0.0404200051668247));
#3611=CARTESIAN_POINT('',(-0.0458890845544617,0.0137119815008187,-0.041024832213284));
#3612=CARTESIAN_POINT('',(-0.0464776136208737,0.0142030102156668,-0.040382934060383));
#3613=CARTESIAN_POINT('',(-0.046481744097403,0.0142064564049847,-0.0403784290233234));
#3614=CARTESIAN_POINT('',(-0.0460381949670728,0.0134827173516832,-0.0409788826182898));
#3615=CARTESIAN_POINT('',(-0.0466110742410408,0.01399128810162,-0.0403356845833597));
#3616=CARTESIAN_POINT('',(-0.0466150948825525,0.0139948574062916,-0.0403311704233316));
#3617=CARTESIAN_POINT('',(-0.0461396708933323,0.0133315576032536,-0.0409471281477492));
#3618=CARTESIAN_POINT('',(-0.0467019810386995,0.0138517491142369,-0.0403029526219406));
#3619=CARTESIAN_POINT('',(-0.0467059275028424,0.0138553999769546,-0.0402984316015833));
#3620=CARTESIAN_POINT('',(-0.0462406087014186,0.0131813447379311,-0.0409137163022799));
#3621=CARTESIAN_POINT('',(-0.0467937968428223,0.0137137851465014,-0.0402695452700794));
#3622=CARTESIAN_POINT('',(-0.0467976792859585,0.0137175219757191,-0.0402650242812595));
#3623=CARTESIAN_POINT('',(-0.0462806122900636,0.013121812499343,-0.0409004745473085));
#3624=CARTESIAN_POINT('',(-0.0468301852063986,0.0136591073808774,-0.040256305296011));
#3625=CARTESIAN_POINT('',(-0.0468340422767825,0.0136628782802674,-0.04025178431969));
#3626=CARTESIAN_POINT('',(-0.0468301852063986,0.0136591073808775,-0.040256305296011));
#3627=CARTESIAN_POINT('',(-0.046039534943533,0.0148172803009853,-0.0405477821256847));
#3628=CARTESIAN_POINT('',(-0.0448237748896709,0.0174572783388476,-0.0408952381752925));
#3629=CARTESIAN_POINT('',(-0.0444459280023538,0.0218239176784475,-0.0405448974336189));
#3630=CARTESIAN_POINT('',(-0.0456466867544416,0.0258736068961061,-0.0393214413526846));
#3631=CARTESIAN_POINT('',(-0.0473041161058941,0.0279661499478148,-0.0380873276638516));
#3632=CARTESIAN_POINT('',(-0.0482582462989985,0.0288316292442713,-0.0374217825598003));
#3633=CARTESIAN_POINT('',(-0.0476657149194653,0.0296182710524096,-0.0375952796201716));
#3634=CARTESIAN_POINT('',(-0.0471610906313805,0.0291433153026803,-0.0379592062231064));
#3635=CARTESIAN_POINT('',(-0.0461995513090973,0.0281268268265647,-0.0386699601534199));
#3636=CARTESIAN_POINT('',(-0.044657953721763,0.0256902026567929,-0.0399265527223755));
#3637=CARTESIAN_POINT('',(-0.0435899933783461,0.0220097392771076,-0.0410861343975714));
#3638=CARTESIAN_POINT('',(-0.0439664418637484,0.0180448640739445,-0.0414476468354864));
#3639=CARTESIAN_POINT('',(-0.0450490024888348,0.0150930594626047,-0.0412732841680686));
#3640=CARTESIAN_POINT('',(-0.0458505493107879,0.0137618203899462,-0.0410428313349298));
#3641=CARTESIAN_POINT('',(-0.0462797598912754,0.0131230810157456,-0.040900756703289));
#3642=CARTESIAN_POINT('',(0.0616747321948752,0.0122188820847287,-0.0320094410731063));
#3643=CARTESIAN_POINT('',(0.0616668838980419,0.0122094792493191,-0.0320152998309819));
#3644=CARTESIAN_POINT('',(0.0616590356012087,0.0122000764139096,-0.0320211585888576));
#3645=CARTESIAN_POINT('',(0.0616511873043755,0.0121906735785001,-0.0320270173467333));
#3646=CARTESIAN_POINT('',(0.0613295065123393,0.0118052763889949,-0.0322671522338105));
#3647=CARTESIAN_POINT('',(0.0609900849993215,0.0114453403320747,-0.032514469533147));
#3648=CARTESIAN_POINT('',(0.0602732818613335,0.0107795068184565,-0.0330238189725513));
#3649=CARTESIAN_POINT('',(0.0598956484216572,0.0104740829709037,-0.0332860817789459));
#3650=CARTESIAN_POINT('',(0.059295699493439,0.0100636250614714,-0.0336924865226288));
#3651=CARTESIAN_POINT('',(0.0590897372695302,0.00993461348773042,-0.0338303929222531));
#3652=CARTESIAN_POINT('',(0.05867215010831,0.00969723001326353,-0.0341067143653499));
#3653=CARTESIAN_POINT('',(0.0584598492372017,0.00958834614942633,-0.0342455948052578));
#3654=CARTESIAN_POINT('',(0.0578120629258183,0.0092920106713012,-0.0346643940766357));
#3655=CARTESIAN_POINT('',(0.0573657886209194,0.00913466948421088,-0.0349465159085642));
#3656=CARTESIAN_POINT('',(0.056903161115283,0.00902195656369193,-0.0352312383379748));
#3657=CARTESIAN_POINT('',(0.0568920482837554,0.00901924907293221,-0.0352380776900488));
#3658=CARTESIAN_POINT('',(0.0568809354522279,0.00901654158217249,-0.0352449170421228));
#3659=CARTESIAN_POINT('',(0.0568698226207003,0.00901383409141276,-0.0352517563941967));
#3660=CARTESIAN_POINT('',(0.0616801592678205,0.0122150936868086,-0.0320105933685974));
#3661=CARTESIAN_POINT('',(0.061672308141921,0.0122056881935498,-0.0320164566207708));
#3662=CARTESIAN_POINT('',(0.0616644570160215,0.0121962827002911,-0.0320223198729442));
#3663=CARTESIAN_POINT('',(0.061656605890122,0.0121868772070323,-0.0320281831251176));
#3664=CARTESIAN_POINT('',(0.0613348091421919,0.011801371079364,-0.0322685022214941));
#3665=CARTESIAN_POINT('',(0.0609952607281065,0.0114413355338789,-0.0325160093027732));
#3666=CARTESIAN_POINT('',(0.0602781770050891,0.0107753195631826,-0.0330257430121639));
#3667=CARTESIAN_POINT('',(0.059900381339281,0.010469806296055,-0.0332882079623967));
#3668=CARTESIAN_POINT('',(0.0593001673271247,0.0100592346554407,-0.0336949185969695));
#3669=CARTESIAN_POINT('',(0.0590941122978438,0.00993018805868398,-0.0338329282713773));
#3670=CARTESIAN_POINT('',(0.0586763333690829,0.00969274221513212,-0.0341094554030018));
#3671=CARTESIAN_POINT('',(0.0584639332512992,0.00958383086985895,-0.0342484386145554));
#3672=CARTESIAN_POINT('',(0.057815838373617,0.00928742410228182,-0.0346675450170586));
#3673=CARTESIAN_POINT('',(0.0573693444008585,0.00913005095971395,-0.0349498706867158));
#3674=CARTESIAN_POINT('',(0.0569064766090355,0.00901731566682042,-0.0352347882850814));
#3675=CARTESIAN_POINT('',(0.0568953580055643,0.00901460763865117,-0.0352416323253326));
#3676=CARTESIAN_POINT('',(0.0568842394020931,0.00901189961048192,-0.0352484763655838));
#3677=CARTESIAN_POINT('',(0.0568731207986218,0.00900919158231266,-0.0352553204058349));
#3678=CARTESIAN_POINT('',(0.062487990681201,0.0116511825551395,-0.0321821150165573));
#3679=CARTESIAN_POINT('',(0.0624797184427393,0.0116413814353412,-0.0321886472545618));
#3680=CARTESIAN_POINT('',(0.0624714462042775,0.011631580315543,-0.0321951794925662));
#3681=CARTESIAN_POINT('',(0.0624631739658158,0.0116217791957448,-0.0322017117305707));
#3682=CARTESIAN_POINT('',(0.0621241169351208,0.0112200573895321,-0.0324694507750654));
#3683=CARTESIAN_POINT('',(0.0617656790257457,0.0108452127584243,-0.0327452073043477));
#3684=CARTESIAN_POINT('',(0.0610068296210779,0.0101520376614774,-0.033312140422938));
#3685=CARTESIAN_POINT('',(0.0606048862486386,0.0098332140994241,-0.0336046949157667));
#3686=CARTESIAN_POINT('',(0.0599652139254301,0.00940571332914299,-0.034056938063435));
#3687=CARTESIAN_POINT('',(0.0597453446180547,0.00927145348160537,-0.0342103204101945));
#3688=CARTESIAN_POINT('',(0.0592990206807683,0.00902472386638475,-0.0345174647190351));
#3689=CARTESIAN_POINT('',(0.0590718474831276,0.00891172185059996,-0.0346717457098229));
#3690=CARTESIAN_POINT('',(0.0583778218520348,0.0086047034956443,-0.0351365692371032));
#3691=CARTESIAN_POINT('',(0.057898629848618,0.00844257371190779,-0.0354492365885761));
#3692=CARTESIAN_POINT('',(0.0573999949440873,0.00832650824321557,-0.035763205503253));
#3693=CARTESIAN_POINT('',(0.0573880171744556,0.00832372022048881,-0.0357707473887033));
#3694=CARTESIAN_POINT('',(0.0573760394048239,0.00832093219776204,-0.0357782892741537));
#3695=CARTESIAN_POINT('',(0.0573640616351922,0.00831814417503527,-0.035785831159604));
#3696=CARTESIAN_POINT('',(0.061656605890122,0.0121868772070324,-0.0320281831251176));
#3697=CARTESIAN_POINT('',(0.0610130044227414,0.011415855401972,-0.032508827271034));
#3698=CARTESIAN_POINT('',(0.0595778577316481,0.0100628601609774,-0.0335318135405328));
#3699=CARTESIAN_POINT('',(0.0578322347720029,0.00924279175198861,-0.0346649391896816));
#3700=CARTESIAN_POINT('',(0.0569064766090355,0.00901731566682041,-0.0352347882850815));
#3701=CARTESIAN_POINT('',(0.0624631739658158,0.0116217791957448,-0.0322017117305707));
#3702=CARTESIAN_POINT('',(0.0617850599044258,0.0108183355833194,-0.0327371898195601));
#3703=CARTESIAN_POINT('',(0.0602657137375453,0.009407939789847,-0.0338761519483615));
#3704=CARTESIAN_POINT('',(0.0583972647531487,0.00855863918060001,-0.0351352676738991));
#3705=CARTESIAN_POINT('',(0.0573999949440873,0.00832650824321557,-0.035763205503253));
#3706=CARTESIAN_POINT('',(0.056657275023412,0.00832943737064957,-0.0365157437436158));
#3707=CARTESIAN_POINT('',(0.05843678350868,0.00866421618539372,-0.035672387963393));
#3708=CARTESIAN_POINT('',(0.0606503302507601,0.00984599491900412,-0.0342044076137416));
#3709=CARTESIAN_POINT('',(0.0627258014328431,0.0118237834226462,-0.0319666566434237));
#3710=CARTESIAN_POINT('',(0.0639431708461719,0.0134418921804119,-0.0301975533338413));
#3711=CARTESIAN_POINT('',(0.0648854806899985,0.0151340522860507,-0.0283688212629337));
#3712=CARTESIAN_POINT('',(0.0655411428511216,0.0168185082354279,-0.0266432447951873));
#3713=CARTESIAN_POINT('',(0.066018580176036,0.0186984070829609,-0.0248835927069179));
#3714=CARTESIAN_POINT('',(0.0661610671608169,0.0200695672817268,-0.0237958312977554));
#3715=CARTESIAN_POINT('',(0.0661634577938733,0.0209038039330504,-0.0232409537483628));
#3716=CARTESIAN_POINT('',(0.0565402857299714,0.00828856223046776,-0.0364530161695194));
#3717=CARTESIAN_POINT('',(0.0582556584372277,0.00856941916376152,-0.0355239148315946));
#3718=CARTESIAN_POINT('',(0.0604183114647313,0.00959402855281521,-0.0339268898952408));
#3719=CARTESIAN_POINT('',(0.0625427466868664,0.0114235494870938,-0.0315622328753512));
#3720=CARTESIAN_POINT('',(0.0638278633689004,0.0129738478515317,-0.029721879261177));
#3721=CARTESIAN_POINT('',(0.0648488517317607,0.0146546613554987,-0.0278454085356898));
#3722=CARTESIAN_POINT('',(0.065576087222344,0.0163741213450012,-0.02609239475402));
#3723=CARTESIAN_POINT('',(0.0661144259884389,0.0183285389954132,-0.0243158947595977));
#3724=CARTESIAN_POINT('',(0.066283494122932,0.0197708573988181,-0.0232229326844915));
#3725=CARTESIAN_POINT('',(0.0662950874271644,0.0206481465585984,-0.0226648512698404));
#3726=CARTESIAN_POINT('',(0.0563407900009438,0.00810889852693763,-0.0362827445230922));
#3727=CARTESIAN_POINT('',(0.0579583009409517,0.00820115387064365,-0.0351745428765046));
#3728=CARTESIAN_POINT('',(0.0601161981129347,0.00888553990307034,-0.0333311155644091));
#3729=CARTESIAN_POINT('',(0.0623892553353597,0.0104711276766647,-0.0307352537051228));
#3730=CARTESIAN_POINT('',(0.0638132465516871,0.0119364997652003,-0.0287641935167066));
#3731=CARTESIAN_POINT('',(0.064971099123382,0.0136395275421215,-0.026800777946188));
#3732=CARTESIAN_POINT('',(0.0658108126864672,0.0154614798734013,-0.0249966605537742));
#3733=CARTESIAN_POINT('',(0.0664380468650331,0.0175880657479483,-0.0231885786753528));
#3734=CARTESIAN_POINT('',(0.0666410626091707,0.0191822372254132,-0.0220854790530697));
#3735=CARTESIAN_POINT('',(0.0666622760530549,0.020150077697209,-0.0215210636493135));
#3736=CARTESIAN_POINT('',(0.0563936704969921,0.00781675938151195,-0.0361654595378613));
#3737=CARTESIAN_POINT('',(0.0580225477545948,0.00765666299456829,-0.0349713120652926));
#3738=CARTESIAN_POINT('',(0.0603025419306791,0.0080253115294574,-0.0329298455931632));
#3739=CARTESIAN_POINT('',(0.0627310022990359,0.00942868158455492,-0.0300937685907317));
#3740=CARTESIAN_POINT('',(0.0642530393111769,0.0108582573130996,-0.0279678485295597));
#3741=CARTESIAN_POINT('',(0.0654817157453917,0.0126183057322766,-0.0258876544017633));
#3742=CARTESIAN_POINT('',(0.0663632245338348,0.0145668674443429,-0.0240053837528155));
#3743=CARTESIAN_POINT('',(0.0670116266979908,0.016880957760646,-0.0221419873090073));
#3744=CARTESIAN_POINT('',(0.0672116203176424,0.0186334908249396,-0.0210167259514263));
#3745=CARTESIAN_POINT('',(0.0672257481257045,0.0196953882745224,-0.0204408263533899));
#3746=CARTESIAN_POINT('',(0.0564550649966668,0.00769840982318368,-0.0361358509399714));
#3747=CARTESIAN_POINT('',(0.0581109267288214,0.0074279831910481,-0.034931582736346));
#3748=CARTESIAN_POINT('',(0.0604761948306669,0.00764344625519251,-0.032815882067196));
#3749=CARTESIAN_POINT('',(0.0629922952910153,0.00894644019039309,-0.0298567253180808));
#3750=CARTESIAN_POINT('',(0.064560252355893,0.0103514430661761,-0.0276426408418141));
#3751=CARTESIAN_POINT('',(0.0658153536306238,0.0121329001334374,-0.0254896649276478));
#3752=CARTESIAN_POINT('',(0.0667055269812314,0.0141399485471507,-0.0235554898985978));
#3753=CARTESIAN_POINT('',(0.0673519836520429,0.0165438808247155,-0.0216531070198396));
#3754=CARTESIAN_POINT('',(0.0675431758435304,0.0183741289316927,-0.0205111748872673));
#3755=CARTESIAN_POINT('',(0.0675504396742747,0.0194826031564931,-0.0199271419433796));
#3756=CARTESIAN_POINT('',(0.0661634577938057,0.0209038039104358,-0.0232409537634418));
#3757=CARTESIAN_POINT('',(0.0661607144764827,0.0199855597310871,-0.0238532241017562));
#3758=CARTESIAN_POINT('',(0.065958994872476,0.0182322148745079,-0.025267119086636));
#3759=CARTESIAN_POINT('',(0.0652375339062611,0.0158764715608086,-0.0275788057417701));
#3760=CARTESIAN_POINT('',(0.0641198794576357,0.0136668774679046,-0.0299497699138266));
#3761=CARTESIAN_POINT('',(0.0630810102404418,0.0122782757867303,-0.0314676210750766));
#3762=CARTESIAN_POINT('',(0.0624635269957771,0.0116222057487363,-0.0322014598504115));
#3763=CARTESIAN_POINT('',(0.0661634385148169,0.020903859105073,-0.0232410265053795));
#3764=CARTESIAN_POINT('',(0.0661634577938733,0.0209038039330504,-0.0232409537483628));
#3765=CARTESIAN_POINT('',(0.0664269526964576,0.020392503459779,-0.0220887678631288));
#3766=CARTESIAN_POINT('',(0.0669012419367226,0.019908226197432,-0.0209546381859085));
#3767=CARTESIAN_POINT('',(0.0675504396742747,0.0194826031564931,-0.0199271419433796));
#3768=CARTESIAN_POINT('',(-0.0661634577938733,0.0209038039330504,-0.0232409537483628));
#3769=CARTESIAN_POINT('',(-0.0661665395005359,0.0217514944221069,-0.0226739439619832));
#3770=CARTESIAN_POINT('',(-0.0660418148439291,0.0231138915800947,-0.0219277853718356));
#3771=CARTESIAN_POINT('',(-0.0655427201723523,0.0249814687914665,-0.0212949227482235));
#3772=CARTESIAN_POINT('',(-0.064996262726538,0.0263739688292666,-0.0210103769458367));
#3773=CARTESIAN_POINT('',(-0.0642705264388204,0.027736981916485,-0.0209121429703367));
#3774=CARTESIAN_POINT('',(-0.0633671125152866,0.0290286334828459,-0.0210035768941176));
#3775=CARTESIAN_POINT('',(-0.0622376925050877,0.0302774424449139,-0.0213184181521902));
#3776=CARTESIAN_POINT('',(-0.0607311295352441,0.0315166892337771,-0.0219955698313799));
#3777=CARTESIAN_POINT('',(-0.0587444230561221,0.0325665961052812,-0.023339832832547));
#3778=CARTESIAN_POINT('',(-0.0566058952607497,0.0330954745840528,-0.0254020809142102));
#3779=CARTESIAN_POINT('',(-0.0545502975453073,0.0331171842046123,-0.0279168100349848));
#3780=CARTESIAN_POINT('',(-0.0526434257152663,0.0327394701037043,-0.0305842070212654));
#3781=CARTESIAN_POINT('',(-0.0508130905380761,0.0320178267109637,-0.0332603458311111));
#3782=CARTESIAN_POINT('',(-0.0490162738030012,0.0309041623361075,-0.0358392298338301));
#3783=CARTESIAN_POINT('',(-0.0472276277692968,0.0292799102057564,-0.0381932250836215));
#3784=CARTESIAN_POINT('',(-0.0455655165630718,0.0269541924083072,-0.0401357239030651));
#3785=CARTESIAN_POINT('',(-0.0443831372531672,0.0239613100911789,-0.0413726077404919));
#3786=CARTESIAN_POINT('',(-0.0439943055053389,0.0208286842881184,-0.0418505056080161));
#3787=CARTESIAN_POINT('',(-0.0442159736223058,0.0183419952348877,-0.0418375739989858));
#3788=CARTESIAN_POINT('',(-0.0446531744081319,0.0165608316895385,-0.0416554374336059));
#3789=CARTESIAN_POINT('',(-0.0450703698234697,0.0154102187426851,-0.0414625761409427));
#3790=CARTESIAN_POINT('',(-0.0454355440188279,0.0145988259644968,-0.0412887258225734));
#3791=CARTESIAN_POINT('',(-0.045712337067929,0.0140656437996793,-0.0411577536970528));
#3792=CARTESIAN_POINT('',(-0.0459245465326339,0.0136897307711008,-0.0410554440666083));
#3793=CARTESIAN_POINT('',(-0.046089265230037,0.013420010954636,-0.040979258244852));
#3794=CARTESIAN_POINT('',(-0.0462444772042271,0.0131676031230108,-0.0408978357640965));
#3795=CARTESIAN_POINT('',(-0.0463571375324785,0.012983991014294,-0.0408413319936633));
#3796=CARTESIAN_POINT('',(-0.0464299598436042,0.0128655130085867,-0.040803814068681));
#3797=CARTESIAN_POINT('',(-0.0662402968415775,0.020754673964237,-0.0229048990202446));
#3798=CARTESIAN_POINT('',(-0.0662489092841883,0.0216281968984687,-0.0223360593213312));
#3799=CARTESIAN_POINT('',(-0.0661270101409118,0.0230314145144852,-0.0215872276249493));
#3800=CARTESIAN_POINT('',(-0.0656211630192006,0.0249495264981692,-0.0209490649689144));
#3801=CARTESIAN_POINT('',(-0.0650649695811047,0.0263761090659581,-0.0206602510019562));
#3802=CARTESIAN_POINT('',(-0.0643251920962924,0.0277689669452671,-0.0205584955096814));
#3803=CARTESIAN_POINT('',(-0.0634026239571753,0.0290871529948687,-0.0206479105393753));
#3804=CARTESIAN_POINT('',(-0.0622467320468401,0.0303612907106398,-0.0209607223129154));
#3805=CARTESIAN_POINT('',(-0.0606983301718923,0.0316273336850296,-0.0216356903420503));
#3806=CARTESIAN_POINT('',(-0.0586412834126165,0.032702097231745,-0.0229750649857781));
#3807=CARTESIAN_POINT('',(-0.0564058045209506,0.0332382772677506,-0.0250259871767002));
#3808=CARTESIAN_POINT('',(-0.0542468277722664,0.0332354675582223,-0.0275240956279472));
#3809=CARTESIAN_POINT('',(-0.0522548725224556,0.0328005085492892,-0.0301734459353099));
#3810=CARTESIAN_POINT('',(-0.0503765048532816,0.0319920540022893,-0.0328361448399663));
#3811=CARTESIAN_POINT('',(-0.0485854073035443,0.0307782126624176,-0.0354111644995502));
#3812=CARTESIAN_POINT('',(-0.0468717745399734,0.0290678355281067,-0.0377755962386983));
#3813=CARTESIAN_POINT('',(-0.0453347064144131,0.0267096030558531,-0.0397565357207701));
#3814=CARTESIAN_POINT('',(-0.0442749659658825,0.0237577938909685,-0.0410616534110658));
#3815=CARTESIAN_POINT('',(-0.0439560931946813,0.0206923624866838,-0.041625323149131));
#3816=CARTESIAN_POINT('',(-0.04420628638094,0.0182522042757782,-0.0416859598048186));
#3817=CARTESIAN_POINT('',(-0.0446561948023546,0.0164981666973283,-0.0415570048325478));
#3818=CARTESIAN_POINT('',(-0.0450795706015214,0.0153617897223918,-0.0413981523233507));
#3819=CARTESIAN_POINT('',(-0.045448383786297,0.0145591133847871,-0.0412477711366079));
#3820=CARTESIAN_POINT('',(-0.0457276189471023,0.0140309910812986,-0.0411317040940953));
#3821=CARTESIAN_POINT('',(-0.0459411993077745,0.0136584106832886,-0.0410399332657853));
#3822=CARTESIAN_POINT('',(-0.046107442308799,0.0133907987832052,-0.0409707679005238));
#3823=CARTESIAN_POINT('',(-0.0462622936129963,0.0131407521584649,-0.0408970842964344));
#3824=CARTESIAN_POINT('',(-0.0463751510213201,0.0129587754546487,-0.0408458614429178));
#3825=CARTESIAN_POINT('',(-0.0464479053934364,0.0128414019143272,-0.0408118603342751));
#3826=CARTESIAN_POINT('',(-0.0664021077052519,0.0205028711704236,-0.022331238227557));
#3827=CARTESIAN_POINT('',(-0.0664175956813331,0.0214219711484852,-0.0217592938861522));
#3828=CARTESIAN_POINT('',(-0.0662975649370965,0.0228966985637138,-0.0210058845751155));
#3829=CARTESIAN_POINT('',(-0.0657778288764428,0.024903530018469,-0.0203586658481794));
#3830=CARTESIAN_POINT('',(-0.0652037736702589,0.0263902462694115,-0.020062570334324));
#3831=CARTESIAN_POINT('',(-0.064439033484015,0.0278361431282336,-0.0199548121407469));
#3832=CARTESIAN_POINT('',(-0.0634826596833532,0.0292020429701525,-0.0200407929112677));
#3833=CARTESIAN_POINT('',(-0.0622803571942937,0.0305222532479393,-0.0203501666095961));
#3834=CARTESIAN_POINT('',(-0.0606589786324405,0.0318380154637877,-0.0210214693340752));
#3835=CARTESIAN_POINT('',(-0.0584800229278348,0.0329619794432507,-0.0223526190658525));
#3836=CARTESIAN_POINT('',(-0.0560763648084932,0.0335229137973033,-0.0243844576179506));
#3837=CARTESIAN_POINT('',(-0.053734520456109,0.0334981670220566,-0.0268540643505333));
#3838=CARTESIAN_POINT('',(-0.0515818976313772,0.0329907025304727,-0.0294718782714259));
#3839=CARTESIAN_POINT('',(-0.0495929842220654,0.0320598698066382,-0.0321086672755191));
#3840=CARTESIAN_POINT('',(-0.0477677449567782,0.0306896946387743,-0.0346705801861686));
#3841=CARTESIAN_POINT('',(-0.0461300281859756,0.0288212856458859,-0.0370425746647416));
#3842=CARTESIAN_POINT('',(-0.0447734926265912,0.0263610339226272,-0.0390754448615841));
#3843=CARTESIAN_POINT('',(-0.0439386151232584,0.023423015302009,-0.0404885866023001));
#3844=CARTESIAN_POINT('',(-0.0437848455838037,0.0204444528624518,-0.0412013966574138));
#3845=CARTESIAN_POINT('',(-0.0441234919086928,0.0180798386706749,-0.0413967842050406));
#3846=CARTESIAN_POINT('',(-0.0446215036391934,0.0163764867629075,-0.0413676520955166));
#3847=CARTESIAN_POINT('',(-0.0450711761314526,0.0152694304921124,-0.0412732953579602));
#3848=CARTESIAN_POINT('',(-0.0454565812142025,0.0144859274820057,-0.0411679340534816));
#3849=CARTESIAN_POINT('',(-0.0457459634965352,0.0139699002613116,-0.0410802812223738));
#3850=CARTESIAN_POINT('',(-0.0459663482741197,0.0136051888217534,-0.0410089279906058));
#3851=CARTESIAN_POINT('',(-0.0461375127482691,0.0133433928321724,-0.0409528659972402));
#3852=CARTESIAN_POINT('',(-0.0462962214849238,0.0130975544754472,-0.040895336540022));
#3853=CARTESIAN_POINT('',(-0.0464120907268837,0.012918953314464,-0.0408548982560471));
#3854=CARTESIAN_POINT('',(-0.0464867122081295,0.0128036218254948,-0.0408282947376497));
#3855=CARTESIAN_POINT('',(-0.0667028564418992,0.0201590443300262,-0.0215342030249864));
#3856=CARTESIAN_POINT('',(-0.066721776661544,0.0211447523988552,-0.0209567873115342));
#3857=CARTESIAN_POINT('',(-0.0665973223981566,0.0227234188112711,-0.0201957524843819));
#3858=CARTESIAN_POINT('',(-0.0660525208862934,0.0248601081872294,-0.0195350988038449));
#3859=CARTESIAN_POINT('',(-0.0654504938421667,0.0264356549147364,-0.01922858562149));
#3860=CARTESIAN_POINT('',(-0.0646484203552872,0.02796083079009,-0.019112442369707));
#3861=CARTESIAN_POINT('',(-0.0636420975052668,0.0293992925735505,-0.0191938088086286));
#3862=CARTESIAN_POINT('',(-0.0623719690497865,0.0307907585556879,-0.0194987910120841));
#3863=CARTESIAN_POINT('',(-0.060644929801119,0.0321855391274017,-0.0201658792140891));
#3864=CARTESIAN_POINT('',(-0.0582917270971598,0.0333942788082213,-0.0214877374406981));
#3865=CARTESIAN_POINT('',(-0.0556492695713204,0.034018558753291,-0.0234980254355485));
#3866=CARTESIAN_POINT('',(-0.0530445098133942,0.0340107211430233,-0.0259367651551469));
#3867=CARTESIAN_POINT('',(-0.0506470288911845,0.033466024632466,-0.0285249655619814));
#3868=CARTESIAN_POINT('',(-0.0484611768264261,0.0324408490161591,-0.0311447390085383));
#3869=CARTESIAN_POINT('',(-0.0465136921247103,0.0309244516462744,-0.0337114853176579));
#3870=CARTESIAN_POINT('',(-0.0448698762176941,0.0288724042646362,-0.0361219266991772));
#3871=CARTESIAN_POINT('',(-0.0436496189300855,0.026231662475023,-0.03824525941114));
#3872=CARTESIAN_POINT('',(-0.0430814192055961,0.0231889085157325,-0.0398097800539427));
#3873=CARTESIAN_POINT('',(-0.0432156207152555,0.0202062885364242,-0.0407093629508941));
#3874=CARTESIAN_POINT('',(-0.0437676174963945,0.0178853943242455,-0.0410645363306952));
#3875=CARTESIAN_POINT('',(-0.0444066197027131,0.0162316446084327,-0.0411514323457763));
#3876=CARTESIAN_POINT('',(-0.0449407304941702,0.0151627772554164,-0.0411310034996054));
#3877=CARTESIAN_POINT('',(-0.0453826335756249,0.014408713087383,-0.0410769581780528));
#3878=CARTESIAN_POINT('',(-0.0457059459637066,0.0139135818000352,-0.0410216347319404));
#3879=CARTESIAN_POINT('',(-0.0459507530485995,0.0135632693114618,-0.0409732556843654));
#3880=CARTESIAN_POINT('',(-0.0461363227659805,0.0133130936935656,-0.0409321455766336));
#3881=CARTESIAN_POINT('',(-0.0463160959785093,0.0130746499464484,-0.0408921722099819));
#3882=CARTESIAN_POINT('',(-0.0464455245965534,0.0129024678215295,-0.0408636443139084));
#3883=CARTESIAN_POINT('',(-0.0465297974552263,0.0127909563899801,-0.0408451361694407));
#3884=CARTESIAN_POINT('',(-0.0670613403938954,0.0198279894322674,-0.0207558556196651));
#3885=CARTESIAN_POINT('',(-0.0670786398303568,0.0208813325445357,-0.0201714138693226));
#3886=CARTESIAN_POINT('',(-0.0669441263594346,0.0225654642736818,-0.0194011453582291));
#3887=CARTESIAN_POINT('',(-0.066370010402226,0.0248349087220973,-0.0187261670880954));
#3888=CARTESIAN_POINT('',(-0.0657379387796227,0.026501982242673,-0.0184090448514428));
#3889=CARTESIAN_POINT('',(-0.0648970312793894,0.0281095962917652,-0.0182846367683513));
#3890=CARTESIAN_POINT('',(-0.0638392333035905,0.0296244463943764,-0.0183617055774539));
#3891=CARTESIAN_POINT('',(-0.0624998052645697,0.031091812256003,-0.0186629144067038));
#3892=CARTESIAN_POINT('',(-0.0606656583329367,0.032572275861471,-0.0193270560172043));
#3893=CARTESIAN_POINT('',(-0.0581378845178652,0.0338775075498729,-0.0206427228066109));
#3894=CARTESIAN_POINT('',(-0.0552585698347096,0.0345870810566065,-0.0226386972232806));
#3895=CARTESIAN_POINT('',(-0.0523933450303873,0.0346335343186934,-0.0250599633463986));
#3896=CARTESIAN_POINT('',(-0.0497482471726341,0.0341030528029396,-0.0276405406128396));
#3897=CARTESIAN_POINT('',(-0.0473519111978604,0.0330476957027398,-0.0302749971935473));
#3898=CARTESIAN_POINT('',(-0.0452516175707827,0.0314512987516945,-0.03288966883475));
#3899=CARTESIAN_POINT('',(-0.0435452562159773,0.029264096585369,-0.0353940416443274));
#3900=CARTESIAN_POINT('',(-0.0423921628052358,0.0264428362312738,-0.0376596378707992));
#3901=CARTESIAN_POINT('',(-0.0420420184429454,0.0232188123404081,-0.0393964163526142));
#3902=CARTESIAN_POINT('',(-0.0424741361546663,0.0201279021726308,-0.0404489513510431));
#3903=CARTESIAN_POINT('',(-0.0432780114987002,0.0177854587593225,-0.0409058362588972));
#3904=CARTESIAN_POINT('',(-0.0440931611989359,0.0161493638463147,-0.0410562308060462));
#3905=CARTESIAN_POINT('',(-0.0447350274730723,0.0151062438257488,-0.0410729359837794));
#3906=CARTESIAN_POINT('',(-0.0452495168557547,0.0143761471707066,-0.0410430178636676));
#3907=CARTESIAN_POINT('',(-0.0456165134668314,0.0139002071748717,-0.0410027921097811));
#3908=CARTESIAN_POINT('',(-0.0458927710723421,0.0135633998448711,-0.0409643455069006));
#3909=CARTESIAN_POINT('',(-0.0460965782903537,0.0133254045384846,-0.0409305778913104));
#3910=CARTESIAN_POINT('',(-0.0463039861038992,0.0130924154382158,-0.0408958375707638));
#3911=CARTESIAN_POINT('',(-0.0464508442169546,0.0129258422477092,-0.0408713685139909));
#3912=CARTESIAN_POINT('',(-0.0465475315877505,0.0128173432006525,-0.0408552326006417));
#3913=CARTESIAN_POINT('',(-0.067361080034776,0.0196067400059534,-0.020226820631043));
#3914=CARTESIAN_POINT('',(-0.0673732565314281,0.0207081265016321,-0.0196355897216218));
#3915=CARTESIAN_POINT('',(-0.0672271955180541,0.0224674275686961,-0.0188569254284881));
#3916=CARTESIAN_POINT('',(-0.0666290629527722,0.0248325230627084,-0.018170780282432));
#3917=CARTESIAN_POINT('',(-0.0659741837891468,0.0265661786971781,-0.0178459245452396));
#3918=CARTESIAN_POINT('',(-0.0651047267062806,0.0282343857685176,-0.0177158023197521));
#3919=CARTESIAN_POINT('',(-0.0640094669017366,0.0298060992665675,-0.0177901921639366));
#3920=CARTESIAN_POINT('',(-0.0626200926639077,0.031330635207383,-0.0180894356586488));
#3921=CARTESIAN_POINT('',(-0.0607094867085223,0.0328767299364182,-0.0187529305507894));
#3922=CARTESIAN_POINT('',(-0.0580589819692399,0.0342590899440028,-0.0200677433419295));
#3923=CARTESIAN_POINT('',(-0.0550159928358202,0.035045596895493,-0.0220618083637085));
#3924=CARTESIAN_POINT('',(-0.0519734055603168,0.0351584395039771,-0.0244862038512309));
#3925=CARTESIAN_POINT('',(-0.0491604509964871,0.0346755172740719,-0.0270866926247332));
#3926=CARTESIAN_POINT('',(-0.0466207615748351,0.0336442492226647,-0.0297681371513488));
#3927=CARTESIAN_POINT('',(-0.0444141748120745,0.0320350042328959,-0.0324659015919469));
#3928=CARTESIAN_POINT('',(-0.0426560634092194,0.0297809960624491,-0.0350951971203996));
#3929=CARTESIAN_POINT('',(-0.0415376671100956,0.0268250063709462,-0.037508576285663));
#3930=CARTESIAN_POINT('',(-0.0413263724897518,0.023421670194533,-0.0393697131568857));
#3931=CARTESIAN_POINT('',(-0.0419599106880566,0.020194256617287,-0.040480117132448));
#3932=CARTESIAN_POINT('',(-0.0429361022697057,0.0177968571762389,-0.0409465524227387));
#3933=CARTESIAN_POINT('',(-0.0438703106263897,0.0161504060505778,-0.0410910760215764));
#3934=CARTESIAN_POINT('',(-0.0445842885628295,0.0151133057003422,-0.0411000155195633));
#3935=CARTESIAN_POINT('',(-0.0451465631052977,0.0143922480147043,-0.04106306567372));
#3936=CARTESIAN_POINT('',(-0.045542122029884,0.0139256232034657,-0.0410181086599253));
#3937=CARTESIAN_POINT('',(-0.0458387957740256,0.0135949641727225,-0.040975689049923));
#3938=CARTESIAN_POINT('',(-0.0460543601472355,0.0133643156575666,-0.0409398854844593));
#3939=CARTESIAN_POINT('',(-0.0462795985079736,0.0131306854245034,-0.0409004939161229));
#3940=CARTESIAN_POINT('',(-0.046437524026107,0.0129654827050743,-0.0408732786713388));
#3941=CARTESIAN_POINT('',(-0.0465420400991678,0.0128570089731339,-0.0408550466657682));
#3942=CARTESIAN_POINT('',(-0.0675504396742747,0.0194826031564932,-0.0199271419433795));
#3943=CARTESIAN_POINT('',(-0.0675584802145539,0.020611856262586,-0.0193311230031053));
#3944=CARTESIAN_POINT('',(-0.0674043800552636,0.0224149856206104,-0.0185467097825597));
#3945=CARTESIAN_POINT('',(-0.0667912721527374,0.0248362877320023,-0.0178535667015222));
#3946=CARTESIAN_POINT('',(-0.0661226325488773,0.0266092981283694,-0.017524082789421));
#3947=CARTESIAN_POINT('',(-0.0652362052656844,0.028313524178162,-0.0173906766247566));
#3948=CARTESIAN_POINT('',(-0.0641187910831859,0.0299192505316709,-0.0174636615715994));
#3949=CARTESIAN_POINT('',(-0.0627000350665951,0.0314781729599582,-0.0177620705006432));
#3950=CARTESIAN_POINT('',(-0.0607447064910527,0.0330640280057857,-0.0184258269370692));
#3951=CARTESIAN_POINT('',(-0.0580231112075089,0.0344939238192316,-0.0197417064253313));
#3952=CARTESIAN_POINT('',(-0.0548866201541893,0.0353298802372145,-0.0217382689639592));
#3953=CARTESIAN_POINT('',(-0.0517445723443507,0.0354886623921235,-0.0241712661760992));
#3954=CARTESIAN_POINT('',(-0.0488397431266055,0.0350419629082227,-0.0267939938008626));
#3955=CARTESIAN_POINT('',(-0.0462246679026985,0.0340330720396176,-0.0295172582014227));
#3956=CARTESIAN_POINT('',(-0.0439665888278844,0.0324204632668305,-0.0322804851990563));
#3957=CARTESIAN_POINT('',(-0.0421895753494136,0.0301249711193959,-0.0349973686581464));
#3958=CARTESIAN_POINT('',(-0.0411001650857623,0.0270798887828863,-0.0375001499140103));
#3959=CARTESIAN_POINT('',(-0.0409687545740336,0.0235612897432768,-0.0394194519819539));
#3960=CARTESIAN_POINT('',(-0.0417076285714269,0.0202490144401255,-0.0405414618465185));
#3961=CARTESIAN_POINT('',(-0.042769726744119,0.0178158951604933,-0.0409964610874477));
#3962=CARTESIAN_POINT('',(-0.0437615788893718,0.0161602694445429,-0.0411265323815974));
#3963=CARTESIAN_POINT('',(-0.0445099273547954,0.0151239944298594,-0.0411244257849495));
#3964=CARTESIAN_POINT('',(-0.0450947216746445,0.0144060421739211,-0.0410792449999377));
#3965=CARTESIAN_POINT('',(-0.0455035713116094,0.0139433290102314,-0.0410288804679341));
#3966=CARTESIAN_POINT('',(-0.0458098116688753,0.0136151088790834,-0.040982491727504));
#3967=CARTESIAN_POINT('',(-0.0460307062004937,0.0133878898857027,-0.0409441359766122));
#3968=CARTESIAN_POINT('',(-0.0462646318834986,0.013153085009353,-0.040901506759235));
#3969=CARTESIAN_POINT('',(-0.0464278616530873,0.0129880954606478,-0.0408721780459976));
#3970=CARTESIAN_POINT('',(-0.0465361799828638,0.0128792581524498,-0.040852498819038));
#3971=CARTESIAN_POINT('',(-0.04766656428889,0.0296188134131313,-0.0375957216735901));
#3972=CARTESIAN_POINT('',(-0.048451390061754,0.0304315985535038,-0.0365902181412711));
#3973=CARTESIAN_POINT('',(-0.0500660590864643,0.031663564370669,-0.0343678223527056));
#3974=CARTESIAN_POINT('',(-0.0525051999252708,0.0327468251687907,-0.0307693808448838));
#3975=CARTESIAN_POINT('',(-0.0550746716543849,0.0332070741838004,-0.0271813984000172));
#3976=CARTESIAN_POINT('',(-0.0579549534645617,0.0329231483958203,-0.0239195413825286));
#3977=CARTESIAN_POINT('',(-0.0606665823670024,0.0316352483713623,-0.0219772839810936));
#3978=CARTESIAN_POINT('',(-0.0626532500646787,0.0298842179658825,-0.0211650551490344));
#3979=CARTESIAN_POINT('',(-0.063967454018481,0.028256223307011,-0.0208970876450907));
#3980=CARTESIAN_POINT('',(-0.0649992800391527,0.0264245997385011,-0.0209795021786629));
#3981=CARTESIAN_POINT('',(-0.0659344944358137,0.0239201501964583,-0.0215326869608742));
#3982=CARTESIAN_POINT('',(-0.0661668391656371,0.0220445143897618,-0.022480494694272));
#3983=CARTESIAN_POINT('',(-0.0661634578054432,0.020903807835966,-0.0232409511464683));
#3984=CARTESIAN_POINT('',(-0.0661634385422668,0.0209038583538269,-0.0232410268390595));
#3985=CARTESIAN_POINT('',(-0.0661634577938733,0.0209038039330504,-0.0232409537483628));
#3986=CARTESIAN_POINT('',(-0.0664269526964576,0.0203925034597792,-0.0220887678631287));
#3987=CARTESIAN_POINT('',(-0.0669012419367226,0.0199082261974321,-0.0209546381859084));
#3988=CARTESIAN_POINT('',(-0.0675504396742746,0.0194826031564932,-0.0199271419433795));
#3989=CARTESIAN_POINT('',(-0.0545486872343121,0.00816852207845552,-0.0374232256973659));
#3990=CARTESIAN_POINT('',(-0.0546760372300563,0.00816702805251085,-0.0373786402481464));
#3991=CARTESIAN_POINT('',(-0.0549879679339614,0.00816044245007803,-0.0372498717395615));
#3992=CARTESIAN_POINT('',(-0.0555723536526309,0.00818225419580947,-0.0370092752082821));
#3993=CARTESIAN_POINT('',(-0.05660645170449,0.00828603934662999,-0.0365523106192584));
#3994=CARTESIAN_POINT('',(-0.0582142106776013,0.0086881557064784,-0.0357483221779828));
#3995=CARTESIAN_POINT('',(-0.0601955509057707,0.00963326417175426,-0.0344603225072302));
#3996=CARTESIAN_POINT('',(-0.0620340310734839,0.0110844406108463,-0.0327970905729492));
#3997=CARTESIAN_POINT('',(-0.0635194089253421,0.0128025610325582,-0.0308902416608423));
#3998=CARTESIAN_POINT('',(-0.0646463420754109,0.0146324115216314,-0.0289040281945347));
#3999=CARTESIAN_POINT('',(-0.0654266124495994,0.0164561446030489,-0.026999672104474));
#4000=CARTESIAN_POINT('',(-0.0659901432013106,0.0184940700192162,-0.0250553383276422));
#4001=CARTESIAN_POINT('',(-0.066160781032929,0.0199880446295759,-0.0238497856289478));
#4002=CARTESIAN_POINT('',(-0.0661634577938733,0.0209038039330504,-0.0232409537483628));
#4003=CARTESIAN_POINT('',(-0.0545046646851225,0.00817164577841975,-0.0374526155769404));
#4004=CARTESIAN_POINT('',(-0.0546280997811604,0.00816999611870318,-0.037401104553578));
#4005=CARTESIAN_POINT('',(-0.0549294997298639,0.00815870348983808,-0.0372613284007335));
#4006=CARTESIAN_POINT('',(-0.0554939128348053,0.00817096557797559,-0.0369955895120674));
#4007=CARTESIAN_POINT('',(-0.0564911222725357,0.00824967308820969,-0.036493830155255));
#4008=CARTESIAN_POINT('',(-0.0580428795594709,0.00859114826879451,-0.0356083811488338));
#4009=CARTESIAN_POINT('',(-0.0599788719985779,0.00941823397061167,-0.034210358873386));
#4010=CARTESIAN_POINT('',(-0.0618270045141617,0.0107314045573495,-0.0324336705004066));
#4011=CARTESIAN_POINT('',(-0.0633744399893145,0.0123524184634844,-0.0304393710836031));
#4012=CARTESIAN_POINT('',(-0.0645869593473199,0.0141493907467223,-0.0283909267357708));
#4013=CARTESIAN_POINT('',(-0.0654476633819864,0.0159999373721734,-0.0264534769448547));
#4014=CARTESIAN_POINT('',(-0.0660814154397129,0.0181135821263476,-0.0244883707925729));
#4015=CARTESIAN_POINT('',(-0.0662823277464693,0.0196851716650011,-0.0232772117590929));
#4016=CARTESIAN_POINT('',(-0.0662950874271644,0.0206481465585984,-0.0226648512698404));
#4017=CARTESIAN_POINT('',(-0.0544379391481655,0.00818087173756873,-0.0374890159653766));
#4018=CARTESIAN_POINT('',(-0.0545546452428084,0.00816786674873831,-0.0374183538880462));
#4019=CARTESIAN_POINT('',(-0.0548330944579142,0.0081351092008385,-0.0372545404005033));
#4020=CARTESIAN_POINT('',(-0.0553592608928581,0.00809812225294417,-0.0369303640226356));
#4021=CARTESIAN_POINT('',(-0.0562904937379772,0.00808115465029616,-0.0363320862793644));
#4022=CARTESIAN_POINT('',(-0.0577667086064214,0.00823457370784539,-0.035277515565493));
#4023=CARTESIAN_POINT('',(-0.0596827382357746,0.00879049188282765,-0.0336673405233203));
#4024=CARTESIAN_POINT('',(-0.0616134159094368,0.00985018614880712,-0.0316816091807047));
#4025=CARTESIAN_POINT('',(-0.0633039404859262,0.0113319192415859,-0.0295267311828254));
#4026=CARTESIAN_POINT('',(-0.0646717326663466,0.0131148619756525,-0.0273655054801427));
#4027=CARTESIAN_POINT('',(-0.0656614295300447,0.0150583541627331,-0.025366270589579));
#4028=CARTESIAN_POINT('',(-0.0663990161160647,0.0173502537650158,-0.0233625159724421));
#4029=CARTESIAN_POINT('',(-0.0666389752890612,0.0190878113258872,-0.0221403905341095));
#4030=CARTESIAN_POINT('',(-0.0666622760530549,0.020150077697209,-0.0215210636493135));
#4031=CARTESIAN_POINT('',(-0.0544976818291833,0.00817091115612355,-0.0374552959839904));
#4032=CARTESIAN_POINT('',(-0.0546199354757589,0.0081371065522672,-0.0373773649733171));
#4033=CARTESIAN_POINT('',(-0.0548890575286117,0.00806853454929716,-0.0372063241020531));
#4034=CARTESIAN_POINT('',(-0.0554123228972325,0.00795347219001978,-0.0368604910032401));
#4035=CARTESIAN_POINT('',(-0.0563365260716935,0.00779940507241851,-0.0362218153498679));
#4036=CARTESIAN_POINT('',(-0.0578413023285119,0.00772013360417176,-0.0350755515171653));
#4037=CARTESIAN_POINT('',(-0.0598417924194863,0.0080032721240446,-0.0333074955404369));
#4038=CARTESIAN_POINT('',(-0.0619013042962356,0.00885573998181209,-0.0311236076644145));
#4039=CARTESIAN_POINT('',(-0.0637097484731426,0.0102533481799437,-0.0287850288841717));
#4040=CARTESIAN_POINT('',(-0.0651655162865207,0.0120651885615378,-0.0264811746827935));
#4041=CARTESIAN_POINT('',(-0.0662075361121971,0.0141312040994891,-0.0243883393818306));
#4042=CARTESIAN_POINT('',(-0.0669725751358418,0.0166192647499929,-0.0223194585276593));
#4043=CARTESIAN_POINT('',(-0.0672102188152707,0.018529980125694,-0.0210727445963871));
#4044=CARTESIAN_POINT('',(-0.0672257481257045,0.0196953882745224,-0.0204408263533899));
#4045=CARTESIAN_POINT('',(-0.0545354882845599,0.00816811256278716,-0.0374308177204207));
#4046=CARTESIAN_POINT('',(-0.0546620553369265,0.00812700438081989,-0.0373513028381249));
#4047=CARTESIAN_POINT('',(-0.0549307129437816,0.00804385265544457,-0.0371820320551348));
#4048=CARTESIAN_POINT('',(-0.0554600669585298,0.00789774652029806,-0.0368355509345015));
#4049=CARTESIAN_POINT('',(-0.056394045301383,0.00768610118982169,-0.0361950110600818));
#4050=CARTESIAN_POINT('',(-0.0579325421275688,0.00750419303165832,-0.0350302683145403));
#4051=CARTESIAN_POINT('',(-0.0599956034593664,0.00765612685421193,-0.0332086280648041));
#4052=CARTESIAN_POINT('',(-0.0621339478467914,0.00840148221727387,-0.0309312839297685));
#4053=CARTESIAN_POINT('',(-0.0640024177849494,0.0097488284115915,-0.0284920768565828));
#4054=CARTESIAN_POINT('',(-0.0654939781318228,0.0115674516864243,-0.026101896592946));
#4055=CARTESIAN_POINT('',(-0.0665493307438886,0.0136888930074003,-0.0239475546766416));
#4056=CARTESIAN_POINT('',(-0.0673141020441644,0.0162705270848279,-0.0218332819329355));
#4057=CARTESIAN_POINT('',(-0.0675424362776331,0.0182661109626831,-0.0205679736127516));
#4058=CARTESIAN_POINT('',(-0.0675504396742747,0.0194826031564931,-0.0199271419433796));
#4059=CARTESIAN_POINT('',(-0.0661634577937381,0.0209038038878211,-0.023240953778521));
#4060=CARTESIAN_POINT('',(-0.0661607138347264,0.0199853454599883,-0.0238533669762023));
#4061=CARTESIAN_POINT('',(-0.0659589033246257,0.0182316192400685,-0.0252676285817131));
#4062=CARTESIAN_POINT('',(-0.0652371368032471,0.0158753956628392,-0.0275799080792157));
#4063=CARTESIAN_POINT('',(-0.064118989700802,0.0136653698888109,-0.0299514096703271));
#4064=CARTESIAN_POINT('',(-0.0630796070246327,0.0122765167384736,-0.0314695560876418));
#4065=CARTESIAN_POINT('',(-0.0624617978367411,0.0116203689096207,-0.0322035144689999));
#4066=CARTESIAN_POINT('',(-0.0464854778118537,0.0307979479461947,-0.0281992407624627));
#4067=CARTESIAN_POINT('',(-0.0474181295382622,0.0316335323030193,-0.0277203958911108));
#4068=CARTESIAN_POINT('',(-0.0487800231290835,0.0325151112222867,-0.0270570538829719));
#4069=CARTESIAN_POINT('',(-0.0506841083131366,0.0332229245616055,-0.0261762313758829));
#4070=CARTESIAN_POINT('',(-0.0518614900685286,0.0335164046941063,-0.0256426445663276));
#4071=CARTESIAN_POINT('',(-0.0530476484148593,0.0336768812154008,-0.0251145391011098));
#4072=CARTESIAN_POINT('',(-0.0543779989449539,0.0337114658369645,-0.0245308688836351));
#4073=CARTESIAN_POINT('',(-0.0559900037028581,0.0335483928801591,-0.0238343978495856));
#4074=CARTESIAN_POINT('',(-0.057906161800503,0.0330403913221713,-0.0230217344438135));
#4075=CARTESIAN_POINT('',(-0.0599890581684539,0.0320505071230206,-0.0221603278830327));
#4076=CARTESIAN_POINT('',(-0.0619311844016593,0.0306183940076039,-0.0213885547131665));
#4077=CARTESIAN_POINT('',(-0.0635355954733242,0.0289146326339106,-0.0207911037164693));
#4078=CARTESIAN_POINT('',(-0.0646865169491893,0.0272240814498209,-0.0204048349820557));
#4079=CARTESIAN_POINT('',(-0.0655120575549654,0.0256082630300864,-0.0201672207897817));
#4080=CARTESIAN_POINT('',(-0.0661467967653242,0.0239381020680879,-0.0200278617184979));
#4081=CARTESIAN_POINT('',(-0.0666518052130809,0.0219069249376456,-0.0199894306883761));
#4082=CARTESIAN_POINT('',(-0.0668622460595679,0.0196655034716586,-0.0201177987723038));
#4083=CARTESIAN_POINT('',(-0.0667465420300623,0.0176129382688384,-0.0203855385027813));
#4084=CARTESIAN_POINT('',(-0.0664316621847102,0.0158687191402688,-0.0207163872737529));
#4085=CARTESIAN_POINT('',(-0.0659516784216022,0.014281036772692,-0.0211079096761744));
#4086=CARTESIAN_POINT('',(-0.0651455045816616,0.0124357126073218,-0.0216757171545196));
#4087=CARTESIAN_POINT('',(-0.0643264254776076,0.0111785875558408,-0.0221820119253308));
#4088=CARTESIAN_POINT('',(-0.0637264978460778,0.0104579185226532,-0.0225278097825939));
#4089=CARTESIAN_POINT('',(-0.0468452325114783,0.0303397028261274,-0.0315032772134158));
#4090=CARTESIAN_POINT('',(-0.0477274727622123,0.031135792607357,-0.0310244323418817));
#4091=CARTESIAN_POINT('',(-0.0490139122824161,0.0319757986082373,-0.0303610903339149));
#4092=CARTESIAN_POINT('',(-0.0508131691263525,0.0326535515547971,-0.0294802678268611));
#4093=CARTESIAN_POINT('',(-0.0519263249568366,0.0329362398630748,-0.0289466810171813));
#4094=CARTESIAN_POINT('',(-0.0530489195058451,0.0330931562535817,-0.0284185755520673));
#4095=CARTESIAN_POINT('',(-0.0543095855038065,0.0331313547344886,-0.0278349053345911));
#4096=CARTESIAN_POINT('',(-0.0558401371997454,0.0329829461170273,-0.0271384343005371));
#4097=CARTESIAN_POINT('',(-0.0576648705442822,0.0325066979071336,-0.0263257708947627));
#4098=CARTESIAN_POINT('',(-0.0596561353783414,0.0315684688855976,-0.0254643643340062));
#4099=CARTESIAN_POINT('',(-0.0615204198594702,0.0302013796952017,-0.0246925911640988));
#4100=CARTESIAN_POINT('',(-0.0630656489739375,0.028566817869183,-0.0240951401674886));
#4101=CARTESIAN_POINT('',(-0.0641765642803269,0.0269397057135211,-0.0237088714330252));
#4102=CARTESIAN_POINT('',(-0.064974270588299,0.0253817196230021,-0.0234712572406976));
#4103=CARTESIAN_POINT('',(-0.0655878687610845,0.0237696453395889,-0.0233318981696102));
#4104=CARTESIAN_POINT('',(-0.0660758663864327,0.0218079316809318,-0.0232934671392362));
#4105=CARTESIAN_POINT('',(-0.0662782493152819,0.019643373564256,-0.0234218352234314));
#4106=CARTESIAN_POINT('',(-0.066164888203097,0.0176633944623155,-0.0236895749537525));
#4107=CARTESIAN_POINT('',(-0.0658593691943097,0.0159834490037768,-0.0240204237246513));
#4108=CARTESIAN_POINT('',(-0.0653951127866659,0.0144571923578954,-0.0244119461273345));
#4109=CARTESIAN_POINT('',(-0.0646174459674912,0.0126874599768204,-0.0249797536053975));
#4110=CARTESIAN_POINT('',(-0.0638300768662666,0.0114866193946316,-0.0254860483763047));
#4111=CARTESIAN_POINT('',(-0.0632551248168855,0.0108002941247507,-0.0258318462335592));
#4112=CARTESIAN_POINT('',(-0.0472049872122973,0.0298814577069978,-0.034807313664369));
#4113=CARTESIAN_POINT('',(-0.0480368194415014,0.030638054322415,-0.0343284687926117));
#4114=CARTESIAN_POINT('',(-0.0492478001382824,0.0314364855900416,-0.0336651267848551));
#4115=CARTESIAN_POINT('',(-0.050942230404769,0.0320841786296592,-0.0327843042778451));
#4116=CARTESIAN_POINT('',(-0.0519911584240288,0.032356074880555,-0.0322507174680119));
#4117=CARTESIAN_POINT('',(-0.0530501915009807,0.0325094313314753,-0.031722612003026));
#4118=CARTESIAN_POINT('',(-0.0542411716421424,0.0325512436244393,-0.0311389417855472));
#4119=CARTESIAN_POINT('',(-0.0556902709909619,0.0324174993567252,-0.0304424707514884));
#4120=CARTESIAN_POINT('',(-0.0574235791102154,0.0319730045397775,-0.0296298073457116));
#4121=CARTESIAN_POINT('',(-0.0593232128848663,0.0310864304496917,-0.0287684007849817));
#4122=CARTESIAN_POINT('',(-0.061109655105933,0.0297843655864015,-0.0279966276150294));
#4123=CARTESIAN_POINT('',(-0.0625957027885502,0.0282190027231629,-0.0273991766185133));
#4124=CARTESIAN_POINT('',(-0.0636666116458894,0.0266553298363126,-0.0270129078839959));
#4125=CARTESIAN_POINT('',(-0.0644364835256855,0.0251551764929688,-0.026775293691611));
#4126=CARTESIAN_POINT('',(-0.0650289410249473,0.0236011878115298,-0.0266359346207337));
#4127=CARTESIAN_POINT('',(-0.0654999274567706,0.0217089388421158,-0.0265975035900898));
#4128=CARTESIAN_POINT('',(-0.0656942526311012,0.0196212429586888,-0.0267258716745718));
#4129=CARTESIAN_POINT('',(-0.0655832343232321,0.0177138505330057,-0.0269936114047256));
#4130=CARTESIAN_POINT('',(-0.0652870762763306,0.0160981791116967,-0.0273244601755446));
#4131=CARTESIAN_POINT('',(-0.0648385469172614,0.0146333471193359,-0.0277159825785137));
#4132=CARTESIAN_POINT('',(-0.0640893873696095,0.01293920751823,-0.0282837900562687));
#4133=CARTESIAN_POINT('',(-0.0633337282747969,0.011794651216222,-0.0287900848272801));
#4134=CARTESIAN_POINT('',(-0.0627837517495774,0.0111426696743553,-0.0291358826845262));
#4135=CARTESIAN_POINT('',(-0.0475647419152202,0.0294232125895199,-0.0381113501153221));
#4136=CARTESIAN_POINT('',(-0.0483461723873341,0.0301403185943448,-0.0376325052432503));
#4137=CARTESIAN_POINT('',(-0.0494816856353258,0.0308971718373995,-0.0369691632357897));
#4138=CARTESIAN_POINT('',(-0.0510712925288259,0.0315148058529804,-0.0360883407288418));
#4139=CARTESIAN_POINT('',(-0.0520559893067251,0.03177590962223,-0.0355547539187911));
#4140=CARTESIAN_POINT('',(-0.0530514651326358,0.0319257064817523,-0.0350266484539877));
#4141=CARTESIAN_POINT('',(-0.0541727570215867,0.0319711325001087,-0.0344429782365035));
#4142=CARTESIAN_POINT('',(-0.0555404053125426,0.0318520526028058,-0.0337465072024397));
#4143=CARTESIAN_POINT('',(-0.0571822873698679,0.0314393112476741,-0.0329338437966598));
#4144=CARTESIAN_POINT('',(-0.058990290868084,0.030604391700954,-0.0320724372359599));
#4145=CARTESIAN_POINT('',(-0.0606988900265085,0.0293673517875285,-0.0313006640659579));
#4146=CARTESIAN_POINT('',(-0.0621257570713816,0.0278711870083334,-0.0307032130695444));
#4147=CARTESIAN_POINT('',(-0.0631566590585529,0.0263709537606212,-0.0303169443349677));
#4148=CARTESIAN_POINT('',(-0.0638986963267506,0.0249286337573033,-0.0300793301425214));
#4149=CARTESIAN_POINT('',(-0.0644700136702228,0.023432729145549,-0.0299399710718697));
#4150=CARTESIAN_POINT('',(-0.064923988380266,0.0216099465980378,-0.0299015400409358));
#4151=CARTESIAN_POINT('',(-0.0651102560337061,0.0195991113597441,-0.0300299081257268));
#4152=CARTESIAN_POINT('',(-0.0650015803648671,0.0177643064169184,-0.0302976478557014));
#4153=CARTESIAN_POINT('',(-0.0647147834663783,0.0162129095856016,-0.0306284966264314));
#4154=CARTESIAN_POINT('',(-0.0642819806975221,0.0148095006485414,-0.0310200190297167));
#4155=CARTESIAN_POINT('',(-0.0635613287908714,0.0131909553069743,-0.0315878265071314));
#4156=CARTESIAN_POINT('',(-0.0628373797174734,0.0121026830194953,-0.0320941212782574));
#4157=CARTESIAN_POINT('',(-0.0623123786202733,0.0114850451385798,-0.0324399191354959));
#4158=CARTESIAN_POINT('',(0.,-0.0474997806834748,0.0214790575801166));
#4159=CARTESIAN_POINT('',(-0.0101845782241415,-0.047500670103368,0.0214790564662549));
#4160=CARTESIAN_POINT('',(-0.0254824311336064,-0.047487681760169,0.0214794471165108));
#4161=CARTESIAN_POINT('',(-0.0433651128268735,-0.0463800149308301,0.0214804447764401));
#4162=CARTESIAN_POINT('',(-0.0562428166480583,-0.0439104330994,0.021481265586991));
#4163=CARTESIAN_POINT('',(-0.0658554033353301,-0.0391340654691522,0.021481390907128));
#4164=CARTESIAN_POINT('',(-0.0719083871103017,-0.0319439153135512,0.0214814264735266));
#4165=CARTESIAN_POINT('',(-0.0747926660023553,-0.0232177705209269,0.0214809430185793));
#4166=CARTESIAN_POINT('',(-0.0759968095936199,-0.0125284195770003,0.0214797055404581));
#4167=CARTESIAN_POINT('',(-0.0759998700253191,-0.00464441172925389,0.0214790576368286));
#4168=CARTESIAN_POINT('',(-0.0759997806834749,-7.80625564189563E-18,0.0214790575801167));
#4169=CARTESIAN_POINT('',(-6.08671024192757E-19,-0.0474107776472695,0.0172324841990535));
#4170=CARTESIAN_POINT('',(-0.0101802606891932,-0.0474116672984611,0.0172324848151223));
#4171=CARTESIAN_POINT('',(-0.0254701945282246,-0.0474007759166985,0.0172554398263839));
#4172=CARTESIAN_POINT('',(-0.0433404627788534,-0.0463005321808687,0.0173313102773426));
#4173=CARTESIAN_POINT('',(-0.0562064666191601,-0.0438410038909083,0.0174278957484044));
#4174=CARTESIAN_POINT('',(-0.0658077207090088,-0.0390777876010192,0.017546114040367));
#4175=CARTESIAN_POINT('',(-0.071850961094446,-0.0319018268839414,0.0176738191635121));
#4176=CARTESIAN_POINT('',(-0.0747276101989745,-0.0231897272662384,0.0177848314375594));
#4177=CARTESIAN_POINT('',(-0.0759261913584526,-0.0125149792590509,0.0178711620377297));
#4178=CARTESIAN_POINT('',(-0.0759277183415638,-0.00463981678734994,0.0178969983247126));
#4179=CARTESIAN_POINT('',(-0.0759276296215593,-7.80625564189564E-18,0.0178969971634964));
#4180=CARTESIAN_POINT('',(1.21734204838551E-18,-0.0473106907474733,0.0108516595438527));
#4181=CARTESIAN_POINT('',(-0.0101263564292175,-0.0473115575239398,0.0108516622354014));
#4182=CARTESIAN_POINT('',(-0.0253437282870003,-0.0472884822410919,0.010867307480365));
#4183=CARTESIAN_POINT('',(-0.043151059414624,-0.0461634978284877,0.0109184482673858));
#4184=CARTESIAN_POINT('',(-0.0559926862536763,-0.0436859419570248,0.0109826971095727));
#4185=CARTESIAN_POINT('',(-0.0655980961128268,-0.0389220291607402,0.0110618159167002));
#4186=CARTESIAN_POINT('',(-0.0716708938851038,-0.0317709160667638,0.0111595817315966));
#4187=CARTESIAN_POINT('',(-0.0745897056944587,-0.0230965188085865,0.0112533230783314));
#4188=CARTESIAN_POINT('',(-0.0758282898209827,-0.0124698693445534,0.0113264210730212));
#4189=CARTESIAN_POINT('',(-0.075844746529106,-0.00462647747523333,0.0113482306855595));
#4190=CARTESIAN_POINT('',(-0.0758446614702772,-7.6232965252887E-18,0.0113482279795523));
#4191=CARTESIAN_POINT('',(-2.07962599932525E-18,-0.0469282756078937,0.00182458564231188));
#4192=CARTESIAN_POINT('',(-0.0099015215199267,-0.0469290726151926,0.00182459180238751));
#4193=CARTESIAN_POINT('',(-0.0248023053302516,-0.0468679862645058,0.00178973233587203));
#4194=CARTESIAN_POINT('',(-0.0422951615885251,-0.045666070619988,0.00167057649834108));
#4195=CARTESIAN_POINT('',(-0.0549635617429543,-0.0431331932811472,0.0015138780098218));
#4196=CARTESIAN_POINT('',(-0.0644952032590842,-0.0383699145856679,0.00132238738514922));
#4197=CARTESIAN_POINT('',(-0.0705907723766611,-0.0313042646916444,0.0011605881689976));
#4198=CARTESIAN_POINT('',(-0.0735963551275684,-0.0227605773186329,0.00105335870710859));
#4199=CARTESIAN_POINT('',(-0.07493051462853,-0.0123014199800873,0.000971500342268649));
#4200=CARTESIAN_POINT('',(-0.0749862740708042,-0.00457325409790885,0.000946707556093533));
#4201=CARTESIAN_POINT('',(-0.0749861998594549,-7.0617136812591E-18,0.00094669080362948));
#4202=CARTESIAN_POINT('',(1.19198075571082E-17,-0.0462922070538665,-0.00629632829755114));
#4203=CARTESIAN_POINT('',(-0.00956600295167693,-0.0462929183410691,-0.00629631689031996));
#4204=CARTESIAN_POINT('',(-0.023987377673682,-0.046185783506712,-0.00639191035943884));
#4205=CARTESIAN_POINT('',(-0.0409838548934635,-0.0448936130839822,-0.00671641804139189));
#4206=CARTESIAN_POINT('',(-0.0533554890480793,-0.0423005746472447,-0.00713983008360034));
#4207=CARTESIAN_POINT('',(-0.0627274299529261,-0.0375526831893023,-0.00765793315884784));
#4208=CARTESIAN_POINT('',(-0.0688010123569404,-0.0306162967492899,-0.00813785568346943));
#4209=CARTESIAN_POINT('',(-0.0718857523654452,-0.0222636566696211,-0.00849458654083115));
#4210=CARTESIAN_POINT('',(-0.073322067961346,-0.0120470333980966,-0.00876794605914805));
#4211=CARTESIAN_POINT('',(-0.0734231919186571,-0.00448934221251045,-0.00885018660702173));
#4212=CARTESIAN_POINT('',(-0.0734231298069688,-6.36545259861607E-18,-0.00885022346598023));
#4213=CARTESIAN_POINT('',(1.14814183598819E-19,-0.0447986172268876,-0.0159466393642057));
#4214=CARTESIAN_POINT('',(-0.00889379498369795,-0.0447991992168553,-0.0159466117871579));
#4215=CARTESIAN_POINT('',(-0.0223441316498949,-0.0446245844190493,-0.0161152177102322));
#4216=CARTESIAN_POINT('',(-0.038302189914602,-0.0432099669736072,-0.016688098641001));
#4217=CARTESIAN_POINT('',(-0.0500146734132007,-0.0405516558030345,-0.0174347548429743));
#4218=CARTESIAN_POINT('',(-0.0589809856711041,-0.0358752578924767,-0.0183462963943051));
#4219=CARTESIAN_POINT('',(-0.064909581761839,-0.0292128020141786,-0.0192136687411599));
#4220=CARTESIAN_POINT('',(-0.0680607659294479,-0.021247613837053,-0.0198771768504099));
#4221=CARTESIAN_POINT('',(-0.0696289378527817,-0.0115150463542146,-0.02038236128197));
#4222=CARTESIAN_POINT('',(-0.0697966575183895,-0.00430539021478952,-0.0205334763769363));
#4223=CARTESIAN_POINT('',(-0.0697966111823791,-5.28548559086683E-18,-0.0205335521969541));
#4224=CARTESIAN_POINT('',(-3.32500919106725E-20,-0.0417066658837028,-0.0259140237430697));
#4225=CARTESIAN_POINT('',(-0.00771946455588085,-0.0417070955512286,-0.0259139532422548));
#4226=CARTESIAN_POINT('',(-0.0194625743008664,-0.0414548718528532,-0.026130386083114));
#4227=CARTESIAN_POINT('',(-0.0335557390811974,-0.0399224636541985,-0.0268668692814114));
#4228=CARTESIAN_POINT('',(-0.0440370638349015,-0.0372444201872992,-0.0278231671979586));
#4229=CARTESIAN_POINT('',(-0.0521917009699179,-0.0327727087938209,-0.0289790393521879));
#4230=CARTESIAN_POINT('',(-0.0577350887844305,-0.0266235989687364,-0.0300970332056736));
#4231=CARTESIAN_POINT('',(-0.0608621551210382,-0.0193653503947908,-0.0309774231851054));
#4232=CARTESIAN_POINT('',(-0.0625570032381563,-0.0105109659208744,-0.0316454669775471));
#4233=CARTESIAN_POINT('',(-0.0628088250452856,-0.0039436292936285,-0.0318429777752121));
#4234=CARTESIAN_POINT('',(-0.0628087319551896,-3.90312782094782E-18,-0.0318430966990316));
#4235=CARTESIAN_POINT('',(7.10282007364684E-21,-0.0364957005077779,-0.0344392768178795));
#4236=CARTESIAN_POINT('',(-0.00609155512936602,-0.0364960338786898,-0.0344391592704833));
#4237=CARTESIAN_POINT('',(-0.0154520678863355,-0.0361848720911975,-0.0346440097376736));
#4238=CARTESIAN_POINT('',(-0.0268920057601316,-0.0346197209687089,-0.0353361021743248));
#4239=CARTESIAN_POINT('',(-0.0355709285994214,-0.0320655031616154,-0.0362247847743497));
#4240=CARTESIAN_POINT('',(-0.0424981940141272,-0.028029527245564,-0.0372901264735385));
#4241=CARTESIAN_POINT('',(-0.0473825075212306,-0.0226750370075049,-0.0383360639674852));
#4242=CARTESIAN_POINT('',(-0.0503045422751428,-0.0164665416828935,-0.0391834293105455));
#4243=CARTESIAN_POINT('',(-0.052022091939164,-0.00893830035101588,-0.0398357491015482));
#4244=CARTESIAN_POINT('',(-0.0523434207935027,-0.00336120160238684,-0.0400292310675948));
#4245=CARTESIAN_POINT('',(-0.0523432866505283,-2.5207700510288E-18,-0.0400292768362354));
#4246=CARTESIAN_POINT('',(-7.25722920568264E-22,-0.0297283030210883,-0.0404162766217037));
#4247=CARTESIAN_POINT('',(-0.00438486984906271,-0.0297285573435595,-0.040416201037492));
#4248=CARTESIAN_POINT('',(-0.0112186214572834,-0.0294058428925408,-0.04056536457071));
#4249=CARTESIAN_POINT('',(-0.0197762038387814,-0.0279620478330371,-0.0410645198481882));
#4250=CARTESIAN_POINT('',(-0.0264400538394676,-0.0257258073634541,-0.0417025084339969));
#4251=CARTESIAN_POINT('',(-0.0319381684095326,-0.0223390827441063,-0.0424695716976735));
#4252=CARTESIAN_POINT('',(-0.0359777922907267,-0.0179727707633498,-0.0432303030271376));
#4253=CARTESIAN_POINT('',(-0.0385266677805273,-0.0130031814712701,-0.0438540655607631));
#4254=CARTESIAN_POINT('',(-0.0401210017233732,-0.00703926726475473,-0.044338757436545));
#4255=CARTESIAN_POINT('',(-0.0404645239280748,-0.00264755106951254,-0.0444837835271425));
#4256=CARTESIAN_POINT('',(-0.0404644504633574,-1.44080304327956E-18,-0.0444837906727659));
#4257=CARTESIAN_POINT('',(1.26615488269357E-22,-0.0226991322833427,-0.0439768417566969));
#4258=CARTESIAN_POINT('',(-0.0029503187846994,-0.0226992824075812,-0.04397681334033));
#4259=CARTESIAN_POINT('',(-0.00762511456033365,-0.0224098151079146,-0.0440668194152774));
#4260=CARTESIAN_POINT('',(-0.0136419824647327,-0.0212024375820036,-0.0443668108257777));
#4261=CARTESIAN_POINT('',(-0.0184610554167124,-0.0193954674406384,-0.0447502904835309));
#4262=CARTESIAN_POINT('',(-0.0225726250980454,-0.0167388697450732,-0.0452128235866122));
#4263=CARTESIAN_POINT('',(-0.0257101121837656,-0.0133901330841352,-0.0456736645371287));
#4264=CARTESIAN_POINT('',(-0.0277782772221216,-0.00964315967761505,-0.0460533181912342));
#4265=CARTESIAN_POINT('',(-0.0291318799568308,-0.00519768884979532,-0.0463494066741117));
#4266=CARTESIAN_POINT('',(-0.029449820091339,-0.00195215558347269,-0.0464383705237595));
#4267=CARTESIAN_POINT('',(-0.0294497883064513,-7.4454196063653E-19,-0.0464383731518945));
#4268=CARTESIAN_POINT('',(-7.41163833771844E-23,-0.0135957248451338,-0.0466954325441813));
#4269=CARTESIAN_POINT('',(-0.00143705153811602,-0.0135957692025435,-0.0466954312058437));
#4270=CARTESIAN_POINT('',(-0.00378707584171576,-0.0133884125668181,-0.0467241175541061));
#4271=CARTESIAN_POINT('',(-0.00696401355314726,-0.0125810555029726,-0.0468193968177193));
#4272=CARTESIAN_POINT('',(-0.00963007844873819,-0.0114168627465819,-0.046941305459198));
#4273=CARTESIAN_POINT('',(-0.0120239913899293,-0.00976415090512605,-0.0470888751871896));
#4274=CARTESIAN_POINT('',(-0.0139492013729858,-0.00774083703364001,-0.0472365498959014));
#4275=CARTESIAN_POINT('',(-0.0152895856170764,-0.00553142050413361,-0.0473587183302581));
#4276=CARTESIAN_POINT('',(-0.0162127626904856,-0.00295732565208399,-0.0474543284423987));
#4277=CARTESIAN_POINT('',(-0.0164487425694105,-0.00110669896322751,-0.0474831904704309));
#4278=CARTESIAN_POINT('',(-0.0164487405118656,-1.82959116606929E-19,-0.0474831920774385));
#4279=CARTESIAN_POINT('',(3.70581916885922E-23,-0.00587303518338973,-0.0474998187809005));
#4280=CARTESIAN_POINT('',(-0.000501759094486911,-0.00587303908001943,-0.047499818583568));
#4281=CARTESIAN_POINT('',(-0.00135472207040283,-0.00577164044526775,-0.0475000143734086));
#4282=CARTESIAN_POINT('',(-0.00257314840548853,-0.00539251740558991,-0.0475006870354389));
#4283=CARTESIAN_POINT('',(-0.00364513573389394,-0.00485893325994685,-0.0475015478674749));
#4284=CARTESIAN_POINT('',(-0.00465369801753942,-0.00412035398078763,-0.0475025550955673));
#4285=CARTESIAN_POINT('',(-0.0055005672801107,-0.00323716331539877,-0.0475035104416947));
#4286=CARTESIAN_POINT('',(-0.00611456699773747,-0.00229358237106321,-0.0475042565815097));
#4287=CARTESIAN_POINT('',(-0.00655218799356092,-0.00121425061258323,-0.0475048133721959));
#4288=CARTESIAN_POINT('',(-0.00666984185046948,-0.000451901670006215,-0.0475049743902169));
#4289=CARTESIAN_POINT('',(-0.00666984527353277,-8.13142998219738E-35,-0.0475049746873017));
#4290=CARTESIAN_POINT('',(0.,0.,-0.0475));
#4291=CARTESIAN_POINT('',(0.,0.,-0.0475));
#4292=CARTESIAN_POINT('',(0.,0.,-0.0475));
#4293=CARTESIAN_POINT('',(0.,0.,-0.0475));
#4294=CARTESIAN_POINT('',(0.,0.,-0.0475));
#4295=CARTESIAN_POINT('',(0.,0.,-0.0475));
#4296=CARTESIAN_POINT('',(0.,0.,-0.0475));
#4297=CARTESIAN_POINT('',(0.,0.,-0.0475));
#4298=CARTESIAN_POINT('',(0.,0.,-0.0475));
#4299=CARTESIAN_POINT('',(0.,0.,-0.0475));
#4300=CARTESIAN_POINT('',(0.,0.,-0.0475));
#4301=CARTESIAN_POINT('',(-0.0146723184734583,-0.0428007453033344,-0.021539406850934));
#4302=CARTESIAN_POINT('',(-0.00978225019004332,-0.0429201225371979,-0.021539406850934));
#4303=CARTESIAN_POINT('',(-0.0048912612045886,-0.0429473638737823,-0.021539406850934));
#4304=CARTESIAN_POINT('',(9.34769609805725E-19,-0.0429473638737823,-0.021539406850934));
#4305=CARTESIAN_POINT('',(-0.0146723184734583,-0.0428007453033344,-0.021539406850934));
#4306=CARTESIAN_POINT('',(-9.34769609805725E-19,-0.0429473638737823,-0.021539406850934));
#4307=CARTESIAN_POINT('',(-0.0382610304624979,-0.0439950524367958,-0.0111900366162886));
#4308=CARTESIAN_POINT('',(-0.0343151224066638,-0.0441364836185308,-0.0129212741421303));
#4309=CARTESIAN_POINT('',(-0.0264406632244275,-0.0440105396103894,-0.0163761339713754));
#4310=CARTESIAN_POINT('',(-0.0185910385654137,-0.0432996700617586,-0.0198200978400633));
#4311=CARTESIAN_POINT('',(-0.0146723184734583,-0.0428007453033344,-0.0215394068509341));
#4312=CARTESIAN_POINT('',(-0.0382610304624979,-0.0439950524367957,-0.0111900366162886));
#4313=CARTESIAN_POINT('',(-0.043247502297163,-0.0447183334227914,-0.0025093073491007));
#4314=CARTESIAN_POINT('',(-0.043247502297163,-0.0446086666267457,-0.00338742094128254));
#4315=CARTESIAN_POINT('',(-0.0430210327402927,-0.0444076989962579,-0.00511217016854824));
#4316=CARTESIAN_POINT('',(-0.042018696400925,-0.0441690561500096,-0.00756374421988826));
#4317=CARTESIAN_POINT('',(-0.0404031719941712,-0.0440199284580133,-0.00967635803761956));
#4318=CARTESIAN_POINT('',(-0.0390256608045743,-0.043990602927504,-0.0107440942946912));
#4319=CARTESIAN_POINT('',(-0.0382610304624979,-0.0439950524367958,-0.0111900366162886));
#4320=CARTESIAN_POINT('',(-0.043247502297163,-0.0447183334227914,-0.00250930734910071));
#4321=CARTESIAN_POINT('',(-0.043247502297163,-0.046083774943926,0.0214804566720705));
#4322=CARTESIAN_POINT('',(-0.043247502297163,-0.0459259149257682,0.0134669477721887));
#4323=CARTESIAN_POINT('',(-0.043247502297163,-0.0457131834966144,0.0054565620252829));
#4324=CARTESIAN_POINT('',(-0.043247502297163,-0.0447183334227914,-0.00250930734910071));
#4325=CARTESIAN_POINT('',(0.,-0.0429473638737823,-0.021539406850934));
#4326=CARTESIAN_POINT('',(0.,-0.0416499079651408,-0.0253526219898874));
#4327=CARTESIAN_POINT('',(0.,-0.0382513473604951,-0.0324334526810971));
#4328=CARTESIAN_POINT('',(0.,-0.0299069810777448,-0.0407916304813395));
#4329=CARTESIAN_POINT('',(0.,-0.0176564610069782,-0.0461981366307292));
#4330=CARTESIAN_POINT('',(0.,-0.00647296467091588,-0.0475));
#4331=CARTESIAN_POINT('',(0.,0.,-0.0475));
#4332=CARTESIAN_POINT('',(0.,-0.0474997806834749,0.0214790575801166));
#4333=CARTESIAN_POINT('',(0.0101845782241415,-0.0475006701033681,0.0214790564662549));
#4334=CARTESIAN_POINT('',(0.0254824311336064,-0.047487681760169,0.0214794471165108));
#4335=CARTESIAN_POINT('',(0.0433651128268735,-0.0463800149308301,0.0214804447764401));
#4336=CARTESIAN_POINT('',(0.0562428166480583,-0.0439104330994,0.021481265586991));
#4337=CARTESIAN_POINT('',(0.0658554033353301,-0.0391340654691522,0.021481390907128));
#4338=CARTESIAN_POINT('',(0.0719083871103017,-0.0319439153135512,0.0214814264735266));
#4339=CARTESIAN_POINT('',(0.0747926660023553,-0.0232177705209269,0.0214809430185793));
#4340=CARTESIAN_POINT('',(0.0759968095936199,-0.0125284195770003,0.0214797055404581));
#4341=CARTESIAN_POINT('',(0.0759998700253191,-0.00464441172925389,0.0214790576368286));
#4342=CARTESIAN_POINT('',(0.0759997806834749,-7.80625564189563E-18,0.0214790575801167));
#4343=CARTESIAN_POINT('',(6.08671024192757E-19,-0.0474107776472695,0.0172324841990535));
#4344=CARTESIAN_POINT('',(0.0101802606891932,-0.0474116672984611,0.0172324848151223));
#4345=CARTESIAN_POINT('',(0.0254701945282246,-0.0474007759166985,0.0172554398263839));
#4346=CARTESIAN_POINT('',(0.0433404627788534,-0.0463005321808687,0.0173313102773426));
#4347=CARTESIAN_POINT('',(0.0562064666191601,-0.0438410038909084,0.0174278957484044));
#4348=CARTESIAN_POINT('',(0.0658077207090088,-0.0390777876010192,0.017546114040367));
#4349=CARTESIAN_POINT('',(0.071850961094446,-0.0319018268839414,0.0176738191635121));
#4350=CARTESIAN_POINT('',(0.0747276101989745,-0.0231897272662384,0.0177848314375594));
#4351=CARTESIAN_POINT('',(0.0759261913584526,-0.0125149792590509,0.0178711620377297));
#4352=CARTESIAN_POINT('',(0.0759277183415638,-0.00463981678734994,0.0178969983247126));
#4353=CARTESIAN_POINT('',(0.0759276296215593,-7.80625564189564E-18,0.0178969971634964));
#4354=CARTESIAN_POINT('',(-1.21734204838551E-18,-0.0473106907474733,0.0108516595438527));
#4355=CARTESIAN_POINT('',(0.0101263564292175,-0.0473115575239399,0.0108516622354014));
#4356=CARTESIAN_POINT('',(0.0253437282870003,-0.0472884822410919,0.010867307480365));
#4357=CARTESIAN_POINT('',(0.043151059414624,-0.0461634978284877,0.0109184482673858));
#4358=CARTESIAN_POINT('',(0.0559926862536763,-0.0436859419570247,0.0109826971095727));
#4359=CARTESIAN_POINT('',(0.0655980961128268,-0.0389220291607402,0.0110618159167002));
#4360=CARTESIAN_POINT('',(0.0716708938851038,-0.0317709160667638,0.0111595817315966));
#4361=CARTESIAN_POINT('',(0.0745897056944587,-0.0230965188085865,0.0112533230783314));
#4362=CARTESIAN_POINT('',(0.0758282898209827,-0.0124698693445534,0.0113264210730212));
#4363=CARTESIAN_POINT('',(0.075844746529106,-0.00462647747523333,0.0113482306855595));
#4364=CARTESIAN_POINT('',(0.0758446614702772,-7.6232965252887E-18,0.0113482279795523));
#4365=CARTESIAN_POINT('',(2.07962599932525E-18,-0.0469282756078937,0.00182458564231188));
#4366=CARTESIAN_POINT('',(0.0099015215199267,-0.0469290726151926,0.0018245918023875));
#4367=CARTESIAN_POINT('',(0.0248023053302516,-0.0468679862645058,0.00178973233587203));
#4368=CARTESIAN_POINT('',(0.0422951615885251,-0.045666070619988,0.00167057649834108));
#4369=CARTESIAN_POINT('',(0.0549635617429543,-0.0431331932811472,0.0015138780098218));
#4370=CARTESIAN_POINT('',(0.0644952032590842,-0.0383699145856678,0.00132238738514922));
#4371=CARTESIAN_POINT('',(0.0705907723766611,-0.0313042646916444,0.0011605881689976));
#4372=CARTESIAN_POINT('',(0.0735963551275684,-0.0227605773186329,0.00105335870710859));
#4373=CARTESIAN_POINT('',(0.07493051462853,-0.0123014199800873,0.000971500342268649));
#4374=CARTESIAN_POINT('',(0.0749862740708042,-0.00457325409790885,0.000946707556093533));
#4375=CARTESIAN_POINT('',(0.0749861998594549,-7.0617136812591E-18,0.00094669080362948));
#4376=CARTESIAN_POINT('',(-1.19198075571082E-17,-0.0462922070538665,-0.00629632829755114));
#4377=CARTESIAN_POINT('',(0.00956600295167694,-0.0462929183410692,-0.00629631689031996));
#4378=CARTESIAN_POINT('',(0.023987377673682,-0.046185783506712,-0.00639191035943884));
#4379=CARTESIAN_POINT('',(0.0409838548934635,-0.0448936130839823,-0.00671641804139189));
#4380=CARTESIAN_POINT('',(0.0533554890480793,-0.0423005746472447,-0.00713983008360034));
#4381=CARTESIAN_POINT('',(0.0627274299529261,-0.0375526831893023,-0.00765793315884784));
#4382=CARTESIAN_POINT('',(0.0688010123569404,-0.0306162967492899,-0.00813785568346943));
#4383=CARTESIAN_POINT('',(0.0718857523654452,-0.0222636566696211,-0.00849458654083115));
#4384=CARTESIAN_POINT('',(0.073322067961346,-0.0120470333980966,-0.00876794605914805));
#4385=CARTESIAN_POINT('',(0.0734231919186571,-0.00448934221251045,-0.00885018660702173));
#4386=CARTESIAN_POINT('',(0.0734231298069688,-6.36545259861607E-18,-0.00885022346598023));
#4387=CARTESIAN_POINT('',(-1.14814183598819E-19,-0.0447986172268876,-0.0159466393642057));
#4388=CARTESIAN_POINT('',(0.00889379498369795,-0.0447991992168553,-0.0159466117871579));
#4389=CARTESIAN_POINT('',(0.0223441316498949,-0.0446245844190493,-0.0161152177102322));
#4390=CARTESIAN_POINT('',(0.038302189914602,-0.0432099669736072,-0.016688098641001));
#4391=CARTESIAN_POINT('',(0.0500146734132007,-0.0405516558030345,-0.0174347548429743));
#4392=CARTESIAN_POINT('',(0.0589809856711041,-0.0358752578924767,-0.0183462963943051));
#4393=CARTESIAN_POINT('',(0.064909581761839,-0.0292128020141786,-0.0192136687411599));
#4394=CARTESIAN_POINT('',(0.0680607659294479,-0.021247613837053,-0.0198771768504099));
#4395=CARTESIAN_POINT('',(0.0696289378527817,-0.0115150463542146,-0.02038236128197));
#4396=CARTESIAN_POINT('',(0.0697966575183895,-0.00430539021478952,-0.0205334763769363));
#4397=CARTESIAN_POINT('',(0.0697966111823791,-5.28548559086683E-18,-0.0205335521969541));
#4398=CARTESIAN_POINT('',(3.32500919106725E-20,-0.0417066658837028,-0.0259140237430697));
#4399=CARTESIAN_POINT('',(0.00771946455588085,-0.0417070955512286,-0.0259139532422549));
#4400=CARTESIAN_POINT('',(0.0194625743008664,-0.0414548718528532,-0.026130386083114));
#4401=CARTESIAN_POINT('',(0.0335557390811974,-0.0399224636541985,-0.0268668692814114));
#4402=CARTESIAN_POINT('',(0.0440370638349015,-0.0372444201872992,-0.0278231671979586));
#4403=CARTESIAN_POINT('',(0.0521917009699179,-0.0327727087938209,-0.0289790393521879));
#4404=CARTESIAN_POINT('',(0.0577350887844305,-0.0266235989687364,-0.0300970332056736));
#4405=CARTESIAN_POINT('',(0.0608621551210382,-0.0193653503947908,-0.0309774231851054));
#4406=CARTESIAN_POINT('',(0.0625570032381563,-0.0105109659208744,-0.0316454669775471));
#4407=CARTESIAN_POINT('',(0.0628088250452856,-0.0039436292936285,-0.0318429777752121));
#4408=CARTESIAN_POINT('',(0.0628087319551896,-3.90312782094782E-18,-0.0318430966990316));
#4409=CARTESIAN_POINT('',(-7.10282007364684E-21,-0.0364957005077779,-0.0344392768178795));
#4410=CARTESIAN_POINT('',(0.00609155512936602,-0.0364960338786898,-0.0344391592704834));
#4411=CARTESIAN_POINT('',(0.0154520678863355,-0.0361848720911975,-0.0346440097376736));
#4412=CARTESIAN_POINT('',(0.0268920057601316,-0.0346197209687089,-0.0353361021743248));
#4413=CARTESIAN_POINT('',(0.0355709285994214,-0.0320655031616154,-0.0362247847743497));
#4414=CARTESIAN_POINT('',(0.0424981940141272,-0.028029527245564,-0.0372901264735385));
#4415=CARTESIAN_POINT('',(0.0473825075212306,-0.0226750370075049,-0.0383360639674852));
#4416=CARTESIAN_POINT('',(0.0503045422751428,-0.0164665416828935,-0.0391834293105455));
#4417=CARTESIAN_POINT('',(0.052022091939164,-0.00893830035101588,-0.0398357491015482));
#4418=CARTESIAN_POINT('',(0.0523434207935027,-0.00336120160238684,-0.0400292310675948));
#4419=CARTESIAN_POINT('',(0.0523432866505283,-2.5207700510288E-18,-0.0400292768362354));
#4420=CARTESIAN_POINT('',(7.25722920568264E-22,-0.0297283030210883,-0.0404162766217037));
#4421=CARTESIAN_POINT('',(0.00438486984906271,-0.0297285573435595,-0.040416201037492));
#4422=CARTESIAN_POINT('',(0.0112186214572834,-0.0294058428925408,-0.04056536457071));
#4423=CARTESIAN_POINT('',(0.0197762038387814,-0.0279620478330371,-0.0410645198481882));
#4424=CARTESIAN_POINT('',(0.0264400538394676,-0.0257258073634541,-0.0417025084339969));
#4425=CARTESIAN_POINT('',(0.0319381684095326,-0.0223390827441063,-0.0424695716976735));
#4426=CARTESIAN_POINT('',(0.0359777922907267,-0.0179727707633498,-0.0432303030271376));
#4427=CARTESIAN_POINT('',(0.0385266677805273,-0.0130031814712701,-0.0438540655607631));
#4428=CARTESIAN_POINT('',(0.0401210017233732,-0.00703926726475473,-0.044338757436545));
#4429=CARTESIAN_POINT('',(0.0404645239280748,-0.00264755106951254,-0.0444837835271425));
#4430=CARTESIAN_POINT('',(0.0404644504633574,-1.44080304327956E-18,-0.0444837906727659));
#4431=CARTESIAN_POINT('',(-1.26615488269357E-22,-0.0226991322833427,-0.0439768417566969));
#4432=CARTESIAN_POINT('',(0.0029503187846994,-0.0226992824075812,-0.0439768133403301));
#4433=CARTESIAN_POINT('',(0.00762511456033365,-0.0224098151079146,-0.0440668194152773));
#4434=CARTESIAN_POINT('',(0.0136419824647327,-0.0212024375820036,-0.0443668108257777));
#4435=CARTESIAN_POINT('',(0.0184610554167124,-0.0193954674406384,-0.0447502904835309));
#4436=CARTESIAN_POINT('',(0.0225726250980454,-0.0167388697450732,-0.0452128235866122));
#4437=CARTESIAN_POINT('',(0.0257101121837656,-0.0133901330841352,-0.0456736645371287));
#4438=CARTESIAN_POINT('',(0.0277782772221216,-0.00964315967761505,-0.0460533181912342));
#4439=CARTESIAN_POINT('',(0.0291318799568308,-0.00519768884979532,-0.0463494066741117));
#4440=CARTESIAN_POINT('',(0.029449820091339,-0.00195215558347269,-0.0464383705237595));
#4441=CARTESIAN_POINT('',(0.0294497883064513,-7.4454196063653E-19,-0.0464383731518945));
#4442=CARTESIAN_POINT('',(7.41163833771844E-23,-0.0135957248451338,-0.0466954325441813));
#4443=CARTESIAN_POINT('',(0.00143705153811602,-0.0135957692025435,-0.0466954312058437));
#4444=CARTESIAN_POINT('',(0.00378707584171576,-0.0133884125668181,-0.0467241175541061));
#4445=CARTESIAN_POINT('',(0.00696401355314726,-0.0125810555029726,-0.0468193968177193));
#4446=CARTESIAN_POINT('',(0.00963007844873819,-0.0114168627465819,-0.046941305459198));
#4447=CARTESIAN_POINT('',(0.0120239913899293,-0.00976415090512605,-0.0470888751871896));
#4448=CARTESIAN_POINT('',(0.0139492013729858,-0.00774083703364001,-0.0472365498959014));
#4449=CARTESIAN_POINT('',(0.0152895856170764,-0.00553142050413361,-0.0473587183302581));
#4450=CARTESIAN_POINT('',(0.0162127626904856,-0.00295732565208399,-0.0474543284423987));
#4451=CARTESIAN_POINT('',(0.0164487425694105,-0.00110669896322751,-0.0474831904704309));
#4452=CARTESIAN_POINT('',(0.0164487405118656,-1.82959116606929E-19,-0.0474831920774385));
#4453=CARTESIAN_POINT('',(-3.70581916885922E-23,-0.00587303518338973,-0.0474998187809005));
#4454=CARTESIAN_POINT('',(0.000501759094486912,-0.00587303908001943,-0.0474998185835681));
#4455=CARTESIAN_POINT('',(0.00135472207040283,-0.00577164044526774,-0.0475000143734086));
#4456=CARTESIAN_POINT('',(0.00257314840548853,-0.00539251740558991,-0.0475006870354389));
#4457=CARTESIAN_POINT('',(0.00364513573389394,-0.00485893325994685,-0.0475015478674749));
#4458=CARTESIAN_POINT('',(0.00465369801753942,-0.00412035398078763,-0.0475025550955673));
#4459=CARTESIAN_POINT('',(0.0055005672801107,-0.00323716331539877,-0.0475035104416947));
#4460=CARTESIAN_POINT('',(0.00611456699773747,-0.00229358237106321,-0.0475042565815097));
#4461=CARTESIAN_POINT('',(0.00655218799356092,-0.00121425061258323,-0.0475048133721959));
#4462=CARTESIAN_POINT('',(0.00666984185046948,-0.000451901670006215,-0.0475049743902169));
#4463=CARTESIAN_POINT('',(0.00666984527353277,-8.13142998219738E-35,-0.0475049746873017));
#4464=CARTESIAN_POINT('',(0.,0.,-0.0475));
#4465=CARTESIAN_POINT('',(0.,0.,-0.0475));
#4466=CARTESIAN_POINT('',(0.,0.,-0.0475));
#4467=CARTESIAN_POINT('',(0.,0.,-0.0475));
#4468=CARTESIAN_POINT('',(0.,0.,-0.0475));
#4469=CARTESIAN_POINT('',(0.,0.,-0.0475));
#4470=CARTESIAN_POINT('',(0.,0.,-0.0475));
#4471=CARTESIAN_POINT('',(0.,0.,-0.0475));
#4472=CARTESIAN_POINT('',(0.,0.,-0.0475));
#4473=CARTESIAN_POINT('',(0.,0.,-0.0475));
#4474=CARTESIAN_POINT('',(0.,0.,-0.0475));
#4475=CARTESIAN_POINT('',(-9.34769609805725E-19,-0.0429473638737823,-0.021539406850934));
#4476=CARTESIAN_POINT('',(0.0048912612045886,-0.0429473638737822,-0.021539406850934));
#4477=CARTESIAN_POINT('',(0.00978225019004331,-0.0429201225371979,-0.021539406850934));
#4478=CARTESIAN_POINT('',(0.0146723184734583,-0.0428007453033344,-0.021539406850934));
#4479=CARTESIAN_POINT('',(0.0146723184734583,-0.0428007453033344,-0.021539406850934));
#4480=CARTESIAN_POINT('',(0.043247502297163,-0.046083774943926,0.0214804566720705));
#4481=CARTESIAN_POINT('',(0.043247502297163,-0.0459259149257682,0.0134669477721887));
#4482=CARTESIAN_POINT('',(0.043247502297163,-0.0457131834966144,0.0054565620252829));
#4483=CARTESIAN_POINT('',(0.043247502297163,-0.0447183334227914,-0.00250930734910071));
#4484=CARTESIAN_POINT('',(0.043247502297163,-0.0447183334227914,-0.00250930734910071));
#4485=CARTESIAN_POINT('',(0.043247502297163,-0.0447183334227914,-0.00250930734910071));
#4486=CARTESIAN_POINT('',(0.043247502297163,-0.0446086666267457,-0.00338742094128255));
#4487=CARTESIAN_POINT('',(0.0430210327402927,-0.0444076989962579,-0.00511217016854822));
#4488=CARTESIAN_POINT('',(0.042018696400925,-0.0441690561500096,-0.00756374421988828));
#4489=CARTESIAN_POINT('',(0.0404031719941712,-0.0440199284580133,-0.00967635803761956));
#4490=CARTESIAN_POINT('',(0.0390256608045743,-0.0439906029275039,-0.0107440942946912));
#4491=CARTESIAN_POINT('',(0.0382610304624979,-0.0439950524367957,-0.0111900366162886));
#4492=CARTESIAN_POINT('',(0.0382610304624979,-0.0439950524367957,-0.0111900366162886));
#4493=CARTESIAN_POINT('',(0.038261030462498,-0.0439950524367957,-0.0111900366162886));
#4494=CARTESIAN_POINT('',(0.0343151224066638,-0.0441364836185308,-0.0129212741421303));
#4495=CARTESIAN_POINT('',(0.0264406632244275,-0.0440105396103894,-0.0163761339713754));
#4496=CARTESIAN_POINT('',(0.0185910385654137,-0.0432996700617586,-0.0198200978400633));
#4497=CARTESIAN_POINT('',(0.0146723184734583,-0.0428007453033344,-0.021539406850934));
#4498=CARTESIAN_POINT('',(0.0464812342302946,0.0308031836829707,-0.0281610237468377));
#4499=CARTESIAN_POINT('',(0.047414402980416,0.0316391836766007,-0.0276822111379922));
#4500=CARTESIAN_POINT('',(0.0487770804572524,0.0325212181525862,-0.0270189095209681));
#4501=CARTESIAN_POINT('',(0.0506822310751937,0.0332293960022448,-0.0261381495760921));
#4502=CARTESIAN_POINT('',(0.0518602833166415,0.0335230325447217,-0.0256045924531427));
#4503=CARTESIAN_POINT('',(0.0530471005048878,0.0336835945732156,-0.0250765175581342));
#4504=CARTESIAN_POINT('',(0.0543781682130016,0.0337182044534492,-0.0244928824366879));
#4505=CARTESIAN_POINT('',(0.0559910335185564,0.0335550662314441,-0.0237964430883304));
#4506=CARTESIAN_POINT('',(0.0579081674815703,0.0330468542213746,-0.0229838076299586));
#4507=CARTESIAN_POINT('',(0.0599920675612176,0.032056585967586,-0.0221224148179384));
#4508=CARTESIAN_POINT('',(0.0619350780506464,0.0306239780104287,-0.0213506318174554));
#4509=CARTESIAN_POINT('',(0.0635402322262758,0.0289196472761687,-0.0207531345749568));
#4510=CARTESIAN_POINT('',(0.0646916783852061,0.0272286123080501,-0.0203668133269825));
#4511=CARTESIAN_POINT('',(0.0655176606239721,0.0256122871059102,-0.0201291251729185));
#4512=CARTESIAN_POINT('',(0.0661527770703564,0.0239416160260374,-0.0199896847057135));
#4513=CARTESIAN_POINT('',(0.0666581664716876,0.0219098494069035,-0.0199511409551555));
#4514=CARTESIAN_POINT('',(0.0668689628688892,0.0196676804957095,-0.0200793655374473));
#4515=CARTESIAN_POINT('',(0.0667534984638371,0.017614331670426,-0.0203469706579787));
#4516=CARTESIAN_POINT('',(0.0664387807174155,0.0158694627628284,-0.0206776817731841));
#4517=CARTESIAN_POINT('',(0.0659588830744307,0.0142810717030454,-0.0210690801809103));
#4518=CARTESIAN_POINT('',(0.0651527045836638,0.0124348023329957,-0.0216367497823278));
#4519=CARTESIAN_POINT('',(0.0643335805888089,0.0111770143678592,-0.022142905575464));
#4520=CARTESIAN_POINT('',(0.0637335059832553,0.0104558212769865,-0.0224886589665303));
#4521=CARTESIAN_POINT('',(0.0468423913280802,0.0303431609588325,-0.0314779010712948));
#4522=CARTESIAN_POINT('',(0.0477249562721307,0.0311395148471574,-0.030999088462267));
#4523=CARTESIAN_POINT('',(0.0490118917020594,0.0319798159919045,-0.030335786845415));
#4524=CARTESIAN_POINT('',(0.0508118145442998,0.0326578150988528,-0.0294550269005741));
#4525=CARTESIAN_POINT('',(0.0519253950263551,0.0329406158443793,-0.0289214697775006));
#4526=CARTESIAN_POINT('',(0.0530484049048305,0.0330976012040688,-0.0283933948825957));
#4527=CARTESIAN_POINT('',(0.0543095210757775,0.0331358351611159,-0.0278097597611477));
#4528=CARTESIAN_POINT('',(0.0558406194756352,0.0329874128482304,-0.0271133204127858));
#4529=CARTESIAN_POINT('',(0.0576659748183854,0.0325110704535278,-0.0263006849544117));
#4530=CARTESIAN_POINT('',(0.0596578866183369,0.0315726499388517,-0.0254392921424162));
#4531=CARTESIAN_POINT('',(0.0615227503879495,0.0302053103804984,-0.0246675091418913));
#4532=CARTESIAN_POINT('',(0.0630684881839905,0.0285704420591186,-0.0240700118994808));
#4533=CARTESIAN_POINT('',(0.0641797693231208,0.0269430858342803,-0.0236836906514561));
#4534=CARTESIAN_POINT('',(0.0649778044977912,0.0253848137426242,-0.0234460024973381));
#4535=CARTESIAN_POINT('',(0.0655916932758763,0.0237724506421935,-0.023306562030331));
#4536=CARTESIAN_POINT('',(0.0660800000278506,0.0218104105856829,-0.023268018279519));
#4537=CARTESIAN_POINT('',(0.0662826992242888,0.0196453977992533,-0.0233962428620798));
#4538=CARTESIAN_POINT('',(0.0661695781871524,0.0176649126099811,-0.0236638479824538));
#4539=CARTESIAN_POINT('',(0.0658642481364174,0.0159845602290652,-0.0239945590975863));
#4540=CARTESIAN_POINT('',(0.0654001284742005,0.0144578291478233,-0.0243859575055747));
#4541=CARTESIAN_POINT('',(0.0646225534480778,0.0126874419946103,-0.0249536271067096));
#4542=CARTESIAN_POINT('',(0.0638352467916828,0.0114861519153283,-0.0254597828999418));
#4543=CARTESIAN_POINT('',(0.0632602362686789,0.0107994383249893,-0.0258055362909995));
#4544=CARTESIAN_POINT('',(0.0472035484270596,0.0298831382356315,-0.0347947783957519));
#4545=CARTESIAN_POINT('',(0.0480355130336729,0.0306398474347347,-0.0343159657865006));
#4546=CARTESIAN_POINT('',(0.049246701644425,0.0314384134252655,-0.0336526641698593));
#4547=CARTESIAN_POINT('',(0.0509413984797505,0.032086234277426,-0.0327719042250618));
#4548=CARTESIAN_POINT('',(0.0519905053118813,0.0323581989921009,-0.0322383471018356));
#4549=CARTESIAN_POINT('',(0.0530497102096818,0.0325116078747806,-0.0317102722070584));
#4550=CARTESIAN_POINT('',(0.0542408735179532,0.0325534658611445,-0.0311266370856077));
#4551=CARTESIAN_POINT('',(0.0556902057275824,0.0324197594677429,-0.0304301977372412));
#4552=CARTESIAN_POINT('',(0.0574237819758673,0.0319752867341618,-0.0296175622788643));
#4553=CARTESIAN_POINT('',(0.0593237059755894,0.0310887137091619,-0.028756169466896));
#4554=CARTESIAN_POINT('',(0.0611104225117497,0.0297866429562555,-0.0279843864663255));
#4555=CARTESIAN_POINT('',(0.0625967444590029,0.028221236456714,-0.0273868892240103));
#4556=CARTESIAN_POINT('',(0.0636678602955922,0.0266575592187874,-0.0270005679759308));
#4557=CARTESIAN_POINT('',(0.0644379482751067,0.0251573406580707,-0.0267628798217549));
#4558=CARTESIAN_POINT('',(0.0650306097517248,0.0236032844523029,-0.0266234393549598));
#4559=CARTESIAN_POINT('',(0.0655018334801129,0.0217109721856881,-0.0265848956038757));
#4560=CARTESIAN_POINT('',(0.0656964356403492,0.0196231143997355,-0.0267131201867252));
#4561=CARTESIAN_POINT('',(0.065585657857149,0.0177154934250341,-0.0269807253069309));
#4562=CARTESIAN_POINT('',(0.0652897156282341,0.0160996579413439,-0.0273114364219835));
#4563=CARTESIAN_POINT('',(0.0648413736383973,0.0146345857643716,-0.0277028348302581));
#4564=CARTESIAN_POINT('',(0.0640924023284591,0.0129400818282329,-0.0282705044310846));
#4565=CARTESIAN_POINT('',(0.0633369130145133,0.0117952894455685,-0.0287766602244212));
#4566=CARTESIAN_POINT('',(0.0627869665159252,0.0111430553203939,-0.0291224136154704));
#4567=CARTESIAN_POINT('',(0.0475647055281476,0.0294231155140859,-0.038111655720209));
#4568=CARTESIAN_POINT('',(0.0483460761020059,0.0301401825962997,-0.0376328431106423));
#4569=CARTESIAN_POINT('',(0.0494815092136408,0.0308970101192446,-0.0369695414942979));
#4570=CARTESIAN_POINT('',(0.0510709832648137,0.0315146536053262,-0.0360887815495624));
#4571=CARTESIAN_POINT('',(0.0520556130015311,0.0317757818625824,-0.0355552244261189));
#4572=CARTESIAN_POINT('',(0.0530510171560682,0.0319256146183053,-0.0350271495315243));
#4573=CARTESIAN_POINT('',(0.0541722251994046,0.031971096546737,-0.0344435144100677));
#4574=CARTESIAN_POINT('',(0.0555397925119994,0.0318521060934901,-0.0337470750616965));
#4575=CARTESIAN_POINT('',(0.0571815888239954,0.0314395030914694,-0.0329344396033163));
#4576=CARTESIAN_POINT('',(0.0589895258159668,0.0306047771621835,-0.0320730467913785));
#4577=CARTESIAN_POINT('',(0.060698094305807,0.0293679758456157,-0.0313012637907576));
#4578=CARTESIAN_POINT('',(0.0621250012078594,0.0278720302785853,-0.0307037665485462));
#4579=CARTESIAN_POINT('',(0.0631559513153871,0.0263720324034178,-0.0303174453004066));
#4580=CARTESIAN_POINT('',(0.063898091915133,0.0249298679708003,-0.0300797571461689));
#4581=CARTESIAN_POINT('',(0.0644695266126598,0.0234341171137413,-0.0299403166796013));
#4582=CARTESIAN_POINT('',(0.0649236667840734,0.0216115343859587,-0.0299017729282248));
#4583=CARTESIAN_POINT('',(0.0651101721441128,0.0196008299985653,-0.0300299975113855));
#4584=CARTESIAN_POINT('',(0.0650017374479147,0.0177660740504763,-0.0302976026314106));
#4585=CARTESIAN_POINT('',(0.0647151832288212,0.0162147560225827,-0.030628313746374));
#4586=CARTESIAN_POINT('',(0.0642826184500938,0.0148113411401849,-0.0310197121549656));
#4587=CARTESIAN_POINT('',(0.0635622512274664,0.0131927219095652,-0.0315873817554511));
#4588=CARTESIAN_POINT('',(0.0628385792716965,0.0121044269574802,-0.0320935375489026));
#4589=CARTESIAN_POINT('',(0.062313696700966,0.0114866722300959,-0.0324392909399439));
#4590=CARTESIAN_POINT('',(0.0661634187895911,0.0209039108189169,-0.0232411040221807));
#4591=CARTESIAN_POINT('',(0.0661642755233677,0.0211982285762469,-0.0230449735943735));
#4592=CARTESIAN_POINT('',(0.0661451274226137,0.0217827866148976,-0.0226806391568871));
#4593=CARTESIAN_POINT('',(0.0660649689449792,0.022613475223192,-0.0222286012393526));
#4594=CARTESIAN_POINT('',(0.065907824307241,0.0235559579120231,-0.0217970562007478));
#4595=CARTESIAN_POINT('',(0.0656026155109789,0.0247951912050076,-0.0213464419705686));
#4596=CARTESIAN_POINT('',(0.0651412396100291,0.0260520077567158,-0.0210578393644132));
#4597=CARTESIAN_POINT('',(0.0645230844951104,0.0272702924637244,-0.0209424701000011));
#4598=CARTESIAN_POINT('',(0.0639654402603542,0.0281821602409781,-0.0209379858433309));
#4599=CARTESIAN_POINT('',(0.0633471029509199,0.0290237056176382,-0.02102361085989));
#4600=CARTESIAN_POINT('',(0.0626978516763597,0.0297750545409273,-0.0211868528158276));
#4601=CARTESIAN_POINT('',(0.0619384413708641,0.0305152061111504,-0.0214573177154103));
#4602=CARTESIAN_POINT('',(0.0609398697607871,0.031325217910571,-0.0219171605864432));
#4603=CARTESIAN_POINT('',(0.0599389947955692,0.031945454813972,-0.0225216871412343));
#4604=CARTESIAN_POINT('',(0.0590161093628975,0.0323644686475444,-0.023217459784507));
#4605=CARTESIAN_POINT('',(0.0584917310850611,0.0325630035102641,-0.0236509152427705));
#4606=CARTESIAN_POINT('',(0.0580790284807819,0.0326972857231341,-0.0240153232061335));
#4607=CARTESIAN_POINT('',(0.0577466712560022,0.0327901468317686,-0.024325408702683));
#4608=CARTESIAN_POINT('',(0.0573840244145639,0.0328775113376249,-0.0246787492970253));
#4609=CARTESIAN_POINT('',(0.0570207797397473,0.0329490925139743,-0.0250497077282225));
#4610=CARTESIAN_POINT('',(0.0566508990311752,0.0330069083375788,-0.0254436070372315));
#4611=CARTESIAN_POINT('',(0.0563344416468625,0.0330428805303842,-0.0257948878010754));
#4612=CARTESIAN_POINT('',(0.056086340885896,0.0330637476486168,-0.0260778764236131));
#4613=CARTESIAN_POINT('',(0.0558767544987898,0.03307632438233,-0.0263221255877015));
#4614=CARTESIAN_POINT('',(0.0557678975202203,0.0330808107272745,-0.0264513403681745));
#4615=CARTESIAN_POINT('',(0.0555757444281363,0.0330867002249373,-0.0266818165791363));
#4616=CARTESIAN_POINT('',(0.0552331665028056,0.0330888213248152,-0.0271017162019355));
#4617=CARTESIAN_POINT('',(0.0547748384635966,0.0330702540304604,-0.0276811078917531));
#4618=CARTESIAN_POINT('',(0.0543392622776675,0.0330271130538438,-0.0282523996518479));
#4619=CARTESIAN_POINT('',(0.0540694729271835,0.0329913458446589,-0.0286132825302722));
#4620=CARTESIAN_POINT('',(0.0539191349080969,0.0329687268429494,-0.028817198173702));
#4621=CARTESIAN_POINT('',(0.0537273541499265,0.0329359452783843,-0.0290795877333856));
#4622=CARTESIAN_POINT('',(0.0535571138682436,0.0329042286834512,-0.0293137888280691));
#4623=CARTESIAN_POINT('',(0.0532711105749751,0.0328453773782301,-0.0297100981686714));
#4624=CARTESIAN_POINT('',(0.0529179539512868,0.0327587427311614,-0.0302067158555349));
#4625=CARTESIAN_POINT('',(0.0525722778229842,0.0326593741342083,-0.0307005567258272));
#4626=CARTESIAN_POINT('',(0.0523028122640347,0.0325724325839158,-0.0310903871624307));
#4627=CARTESIAN_POINT('',(0.0521410226279634,0.0325159847640628,-0.0313262744187669));
#4628=CARTESIAN_POINT('',(0.0520562081001088,0.0324853930314993,-0.0314499171600605));
#4629=CARTESIAN_POINT('',(0.0520255544429074,0.0324742245340941,-0.0314945254474276));
#4630=CARTESIAN_POINT('',(0.0520065323206531,0.0324672524078195,-0.0315221240153963));
#4631=CARTESIAN_POINT('',(0.0520052890821221,0.0324668037117062,-0.03152393024096));
#4632=CARTESIAN_POINT('',(0.0519527360062153,0.0324474809061113,-0.0316000526006437));
#4633=CARTESIAN_POINT('',(0.051890766805594,0.0324242238379594,-0.031689909036676));
#4634=CARTESIAN_POINT('',(0.051770109027219,0.0323779018746433,-0.0318648178276449));
#4635=CARTESIAN_POINT('',(0.0515689121552061,0.0322975050343504,-0.0321566461164063));
#4636=CARTESIAN_POINT('',(0.0512909049143663,0.0321781815996429,-0.0325602870455254));
#4637=CARTESIAN_POINT('',(0.0509770967094633,0.0320314577126903,-0.0330149800747371));
#4638=CARTESIAN_POINT('',(0.0506820844316683,0.0318824000547393,-0.0334418298894657));
#4639=CARTESIAN_POINT('',(0.0504542251514387,0.0317589334671066,-0.0337713588694023));
#4640=CARTESIAN_POINT('',(0.0502791259114826,0.0316594148118641,-0.034023463442468));
#4641=CARTESIAN_POINT('',(0.0501583509806935,0.0315891037165825,-0.0341967476795276));
#4642=CARTESIAN_POINT('',(0.04997805460655,0.0314803329854862,-0.0344541846028477));
#4643=CARTESIAN_POINT('',(0.0497614098904959,0.0313440468331846,-0.0347619539200119));
#4644=CARTESIAN_POINT('',(0.049378380447411,0.0310900879634894,-0.0353020888054833));
#4645=CARTESIAN_POINT('',(0.0486420828694135,0.0305468087006127,-0.0363205980960471));
#4646=CARTESIAN_POINT('',(0.0480439659620826,0.0300069627294207,-0.0371110351869042));
#4647=CARTESIAN_POINT('',(0.0476667298367134,0.0296165812913403,-0.0375942533578447));
#4648=CARTESIAN_POINT('',(0.0661634577938733,0.0209038039330504,-0.0232409537483628));
#4649=CARTESIAN_POINT('',(0.0661664898656102,0.0217454487683103,-0.0226780671486802));
#4650=CARTESIAN_POINT('',(0.0660436365137624,0.0230975266355514,-0.0219362731904296));
#4651=CARTESIAN_POINT('',(0.0655521094479373,0.0249514449645231,-0.021303569277022));
#4652=CARTESIAN_POINT('',(0.0650138011663866,0.0263346600252106,-0.02101627353004));
#4653=CARTESIAN_POINT('',(0.0642992070386636,0.0276888735862026,-0.0209130026607337));
#4654=CARTESIAN_POINT('',(0.0634082638970589,0.0289760677707889,-0.0209960131503459));
#4655=CARTESIAN_POINT('',(0.0622917550096654,0.030225011456837,-0.021299148214223));
#4656=CARTESIAN_POINT('',(0.0608023818504717,0.0314677419714319,-0.0219569940438158));
#4657=CARTESIAN_POINT('',(0.0588294235275111,0.0325332493008007,-0.0232714730200989));
#4658=CARTESIAN_POINT('',(0.056698838921445,0.0330828085318443,-0.0253008059840706));
#4659=CARTESIAN_POINT('',(0.0546491018341028,0.0331250801902751,-0.0277871194262054));
#4660=CARTESIAN_POINT('',(0.052749258505974,0.0327697303906749,-0.0304308718909916));
#4661=CARTESIAN_POINT('',(0.0509294560761634,0.0320742669211176,-0.033090039157323));
#4662=CARTESIAN_POINT('',(0.0491444784313449,0.0309967924106974,-0.0356609793845112));
#4663=CARTESIAN_POINT('',(0.0473649448506377,0.0294285377059146,-0.0380197834289787));
#4664=CARTESIAN_POINT('',(0.0456989746101509,0.0271829850812894,-0.0399898314583408));
#4665=CARTESIAN_POINT('',(0.0444004863654883,0.0241107438839318,-0.0413550048439917));
#4666=CARTESIAN_POINT('',(0.0439436867656558,0.0205736173827353,-0.0419020800409497));
#4667=CARTESIAN_POINT('',(0.044345316369377,0.0174570375899632,-0.041796415453654));
#4668=CARTESIAN_POINT('',(0.0450591853894632,0.0153862078805402,-0.0414700794887888));
#4669=CARTESIAN_POINT('',(0.0456833410590213,0.0140901908524579,-0.0411694108266804));
#4670=CARTESIAN_POINT('',(0.046058422769078,0.0134643675448836,-0.0409947697584323));
#4671=CARTESIAN_POINT('',(0.0462286909019569,0.0131931898764788,-0.0409066568269964));
#4672=CARTESIAN_POINT('',(0.0662402968415775,0.020754673964237,-0.0229048990202446));
#4673=CARTESIAN_POINT('',(0.066248818546646,0.0216219660047373,-0.0223401926652906));
#4674=CARTESIAN_POINT('',(0.0661288136794845,0.0230145601936283,-0.0215957515750215));
#4675=CARTESIAN_POINT('',(0.065630699465372,0.0249187196478338,-0.0209578000587167));
#4676=CARTESIAN_POINT('',(0.0650828368823272,0.0263358734949439,-0.0206662703864454));
#4677=CARTESIAN_POINT('',(0.0643544430120151,0.0277198548499705,-0.0205594472644992));
#4678=CARTESIAN_POINT('',(0.063444663982325,0.02903353594119,-0.0206404347297488));
#4679=CARTESIAN_POINT('',(0.0623021783531551,0.0303077501557883,-0.0209415311606965));
#4680=CARTESIAN_POINT('',(0.0607717129478246,0.0315773195109664,-0.0215972338579643));
#4681=CARTESIAN_POINT('',(0.0587296875455905,0.0326679634752589,-0.0229069960363813));
#4682=CARTESIAN_POINT('',(0.0565032876624672,0.0332258242587398,-0.0249253466428355));
#4683=CARTESIAN_POINT('',(0.0543505300219287,0.0332453283442756,-0.0273952938646601));
#4684=CARTESIAN_POINT('',(0.0523648822921463,0.0328348069714855,-0.0300210419973531));
#4685=CARTESIAN_POINT('',(0.0504945560691873,0.0320545745651547,-0.0326665949995694));
#4686=CARTESIAN_POINT('',(0.0487111227200731,0.0308781286252966,-0.0352327403986004));
#4687=CARTESIAN_POINT('',(0.0470013105493375,0.0292218585357241,-0.0376005164636363));
#4688=CARTESIAN_POINT('',(0.0454562559603651,0.0269382929990931,-0.0396062740527821));
#4689=CARTESIAN_POINT('',(0.0442891140987114,0.0239033438810084,-0.0410397929456991));
#4690=CARTESIAN_POINT('',(0.043912082834882,0.0204430851038762,-0.0416838049321422));
#4691=CARTESIAN_POINT('',(0.0443432884306261,0.017383069965256,-0.0416714364749838));
#4692=CARTESIAN_POINT('',(0.0450689466400667,0.01533835625064,-0.0414063575768674));
#4693=CARTESIAN_POINT('',(0.0456981481701008,0.0140556633871829,-0.0411431174017675));
#4694=CARTESIAN_POINT('',(0.0460765907688141,0.0134347885982326,-0.0409850300503918));
#4695=CARTESIAN_POINT('',(0.0462466399440609,0.0131660819444775,-0.0409050490850088));
#4696=CARTESIAN_POINT('',(0.0664021077052519,0.0205028711704236,-0.022331238227557));
#4697=CARTESIAN_POINT('',(0.0664174536999529,0.0214154137454687,-0.0217634444335651));
#4698=CARTESIAN_POINT('',(0.066299369720052,0.0228789872054478,-0.0210144706060197));
#4699=CARTESIAN_POINT('',(0.0657876490764727,0.0248713472524233,-0.0203675520063389));
#4700=CARTESIAN_POINT('',(0.0652222336876,0.0263483705866582,-0.0200687991739471));
#4701=CARTESIAN_POINT('',(0.0644692932475637,0.0277852406455222,-0.0199559208576824));
#4702=CARTESIAN_POINT('',(0.0635262641512825,0.0291465247370783,-0.0200334663755109));
#4703=CARTESIAN_POINT('',(0.0623382227512812,0.0304666823762986,-0.0203311086126496));
#4704=CARTESIAN_POINT('',(0.0607360692967469,0.0317859796130391,-0.0209832123030518));
#4705=CARTESIAN_POINT('',(0.0585743124047131,0.0329261498997047,-0.022285041495206));
#4706=CARTESIAN_POINT('',(0.0561817568119858,0.0335101478188295,-0.0242848905498389));
#4707=CARTESIAN_POINT('',(0.0538470555079756,0.0335102382306195,-0.0267267889322729));
#4708=CARTESIAN_POINT('',(0.0517001840719069,0.0330303890094094,-0.0293211647179099));
#4709=CARTESIAN_POINT('',(0.0497162002851417,0.032131274192402,-0.0319406516835752));
#4710=CARTESIAN_POINT('',(0.0478927747870475,0.030801613550251,-0.0344924335550846));
#4711=CARTESIAN_POINT('',(0.0462501357489549,0.0289865460843671,-0.0368657096355312));
#4712=CARTESIAN_POINT('',(0.04487603522354,0.0265945815287935,-0.0389188457450294));
#4713=CARTESIAN_POINT('',(0.043944500713216,0.0235634831424033,-0.0404593568318996));
#4714=CARTESIAN_POINT('',(0.0437560355307566,0.0202019592068123,-0.0412715817353379));
#4715=CARTESIAN_POINT('',(0.0442877524734845,0.0172380298452869,-0.0414319889644028));
#4716=CARTESIAN_POINT('',(0.0450618121685548,0.0152470929881038,-0.0412825207342824));
#4717=CARTESIAN_POINT('',(0.0457161120911858,0.0139941049314882,-0.0410915936077058));
#4718=CARTESIAN_POINT('',(0.0461060037919226,0.0133866369277512,-0.0409645598527428));
#4719=CARTESIAN_POINT('',(0.0462802194979735,0.0131225234538482,-0.0409014608470359));
#4720=CARTESIAN_POINT('',(0.0667028564418992,0.0201590443300262,-0.0215342030249864));
#4721=CARTESIAN_POINT('',(0.0667216085628923,0.0211377185024703,-0.0209609699987829));
#4722=CARTESIAN_POINT('',(0.0665992053314306,0.0227044612730212,-0.0202044389773304));
#4723=CARTESIAN_POINT('',(0.0660628159527272,0.0248259069947716,-0.0195442050900095));
#4724=CARTESIAN_POINT('',(0.0654698584700353,0.026391344444517,-0.019235110894599));
#4725=CARTESIAN_POINT('',(0.0646801773104106,0.0279072369033357,-0.0191137678137955));
#4726=CARTESIAN_POINT('',(0.0636880036780316,0.0293408593134203,-0.0191866794369293));
#4727=CARTESIAN_POINT('',(0.0624333532184964,0.0307320212104421,-0.0194798950875947));
#4728=CARTESIAN_POINT('',(0.0607273652844568,0.0321302007103973,-0.0201278451333935));
#4729=CARTESIAN_POINT('',(0.0583943801635818,0.0333552499535359,-0.0214207198826514));
#4730=CARTESIAN_POINT('',(0.0557659031267774,0.0340037696277001,-0.0233996632413023));
#4731=CARTESIAN_POINT('',(0.0531699620873174,0.0340231088960076,-0.025811064539596));
#4732=CARTESIAN_POINT('',(0.0507784401798609,0.0335092193406672,-0.0283757128235095));
#4733=CARTESIAN_POINT('',(0.0485951990084926,0.0325197190162843,-0.03097740608737));
#4734=CARTESIAN_POINT('',(0.0466443070103076,0.0310484604637088,-0.0335319783776594));
#4735=CARTESIAN_POINT('',(0.0449862135203093,0.0290524794911008,-0.0359406219488931));
#4736=CARTESIAN_POINT('',(0.0437344788086211,0.0264790327344461,-0.0380786134516673));
#4737=CARTESIAN_POINT('',(0.0430727331322263,0.0233292496455546,-0.0397714909108118));
#4738=CARTESIAN_POINT('',(0.0432108724001596,0.0199616163276103,-0.0407943252410227));
#4739=CARTESIAN_POINT('',(0.044007096759724,0.0170633891543145,-0.0411581808880433));
#4740=CARTESIAN_POINT('',(0.0449331504378112,0.0151409543992585,-0.0411416034670275));
#4741=CARTESIAN_POINT('',(0.045677142023951,0.0139357473058444,-0.041032729165977));
#4742=CARTESIAN_POINT('',(0.0461016342624057,0.0133548385341861,-0.0409410301890874));
#4743=CARTESIAN_POINT('',(0.0462975854842997,0.0130990833589451,-0.0408963355755885));
#4744=CARTESIAN_POINT('',(0.0670613403938954,0.0198279894322674,-0.0207558556196651));
#4745=CARTESIAN_POINT('',(0.0670784828812145,0.0208738153116072,-0.0201756399174193));
#4746=CARTESIAN_POINT('',(0.0669461481614941,0.0225452412062554,-0.0194099496765738));
#4747=CARTESIAN_POINT('',(0.0663808376008411,0.0247986395585413,-0.0187355031009857));
#4748=CARTESIAN_POINT('',(0.0657582579484069,0.0264551533909396,-0.0184158675890281));
#4749=CARTESIAN_POINT('',(0.0649303368972305,0.0280531918269414,-0.0182861721888004));
#4750=CARTESIAN_POINT('',(0.0638875035424352,0.0295629267530177,-0.0183547552353671));
#4751=CARTESIAN_POINT('',(0.0625647704493189,0.0310296831417328,-0.0186441457914238));
#4752=CARTESIAN_POINT('',(0.0607534902146938,0.0325132941650967,-0.0192891680709939));
#4753=CARTESIAN_POINT('',(0.0582488678499622,0.0338346595018556,-0.0205760845162212));
#4754=CARTESIAN_POINT('',(0.0553863242946236,0.0345690432098983,-0.0225411147763602));
#4755=CARTESIAN_POINT('',(0.0525316644676109,0.0346440391051302,-0.0249350111802692));
#4756=CARTESIAN_POINT('',(0.0498931113746416,0.0341464879396039,-0.0274912926563692));
#4757=CARTESIAN_POINT('',(0.047498057030565,0.0331297897279271,-0.030105947026741));
#4758=CARTESIAN_POINT('',(0.0453907792363676,0.0315827496296705,-0.0327053502105766));
#4759=CARTESIAN_POINT('',(0.0436627369306258,0.0294564037656026,-0.0352038998888215));
#4760=CARTESIAN_POINT('',(0.0424654339282669,0.0267069072159124,-0.0374789672485204));
#4761=CARTESIAN_POINT('',(0.04201839431199,0.0233646851790415,-0.0393506420888692));
#4762=CARTESIAN_POINT('',(0.0424929280388591,0.0198720984474973,-0.0405473067994218));
#4763=CARTESIAN_POINT('',(0.0436097388692818,0.0169614052928023,-0.0410334119170296));
#4764=CARTESIAN_POINT('',(0.0447293491756229,0.0150841669111544,-0.0410851209038335));
#4765=CARTESIAN_POINT('',(0.0455892984698171,0.0139191833403022,-0.0410132248901526));
#4766=CARTESIAN_POINT('',(0.0460577758309469,0.0133657937182448,-0.0409385648587228));
#4767=CARTESIAN_POINT('',(0.0462821143016033,0.0131166364017381,-0.0408995271477611));
#4768=CARTESIAN_POINT('',(0.067361080034776,0.0196067400059534,-0.020226820631043));
#4769=CARTESIAN_POINT('',(0.0673731368708773,0.0207002663208214,-0.0196398595790191));
#4770=CARTESIAN_POINT('',(0.0672293631675143,0.0224463010822156,-0.0188658330668056));
#4771=CARTESIAN_POINT('',(0.0666403104486157,0.0247947594949999,-0.018180290112988));
#4772=CARTESIAN_POINT('',(0.06599521488933,0.0265175098112278,-0.0178529591022459));
#4773=CARTESIAN_POINT('',(0.0651391643116726,0.0281759059606949,-0.0177174785771955));
#4774=CARTESIAN_POINT('',(0.0640594511140651,0.0297422687632796,-0.0177833478575386));
#4775=CARTESIAN_POINT('',(0.0626876269470526,0.031265937638384,-0.0180707174147198));
#4776=CARTESIAN_POINT('',(0.0608011511137845,0.0328149135414586,-0.0187150592254837));
#4777=CARTESIAN_POINT('',(0.0581757736086424,0.0342130697149086,-0.0200011670703562));
#4778=CARTESIAN_POINT('',(0.0551513775342909,0.0350243379733643,-0.0219642915692983));
#4779=CARTESIAN_POINT('',(0.0521204598507466,0.0351659736640378,-0.0243608320904326));
#4780=CARTESIAN_POINT('',(0.0493144177794204,0.0347167760017042,-0.0269357454124684));
#4781=CARTESIAN_POINT('',(0.0467752202460009,0.0337256739715879,-0.02959515818523));
#4782=CARTESIAN_POINT('',(0.0445595620807841,0.0321687612879315,-0.0322742687961521));
#4783=CARTESIAN_POINT('',(0.0427749934545962,0.0299806553599504,-0.0348943458534404));
#4784=CARTESIAN_POINT('',(0.0416041893654581,0.0271033167055438,-0.0373149640703568));
#4785=CARTESIAN_POINT('',(0.0412925419740947,0.023574723600182,-0.0393213265060647));
#4786=CARTESIAN_POINT('',(0.041994743505935,0.0199253836097738,-0.0405845707155126));
#4787=CARTESIAN_POINT('',(0.0433305744328819,0.0169577125005538,-0.041073833102347));
#4788=CARTESIAN_POINT('',(0.044580063992051,0.0150910177592985,-0.041112818035163));
#4789=CARTESIAN_POINT('',(0.0455160278664969,0.0139415956880583,-0.041028274564515));
#4790=CARTESIAN_POINT('',(0.0460129445696271,0.0134043768621936,-0.0409485768289548));
#4791=CARTESIAN_POINT('',(0.0462555246999019,0.0131553577186983,-0.0409047898648966));
#4792=CARTESIAN_POINT('',(0.0675504396742746,0.0194826031564932,-0.0199271419433795));
#4793=CARTESIAN_POINT('',(0.0675583908473378,0.0206037972764255,-0.0193354243974143));
#4794=CARTESIAN_POINT('',(0.0674066467787358,0.0223933316557051,-0.018555686795613));
#4795=CARTESIAN_POINT('',(0.0668027777600752,0.0247976442695472,-0.0178631833502289));
#4796=CARTESIAN_POINT('',(0.0661440896470714,0.026559539014565,-0.0175312419133523));
#4797=CARTESIAN_POINT('',(0.0652713139424648,0.0282538077133902,-0.0173924317968206));
#4798=CARTESIAN_POINT('',(0.064169786850582,0.0298540339336879,-0.0174568700666167));
#4799=CARTESIAN_POINT('',(0.0627690766849044,0.0314119269664497,-0.0177433639470198));
#4800=CARTESIAN_POINT('',(0.0608386054000531,0.0330004830075517,-0.0183879268854014));
#4801=CARTESIAN_POINT('',(0.0581432479881353,0.0344459197647738,-0.0196750747935104));
#4802=CARTESIAN_POINT('',(0.0550263329325717,0.0353064942328572,-0.0216405768972275));
#4803=CARTESIAN_POINT('',(0.0518964799660801,0.0354940545966883,-0.0240452408760342));
#4804=CARTESIAN_POINT('',(0.0489986232432456,0.0350814632903498,-0.0266413469230044));
#4805=CARTESIAN_POINT('',(0.0463833717622277,0.034113644739439,-0.0293409767296792));
#4806=CARTESIAN_POINT('',(0.0441148483797279,0.0325554402509484,-0.0320833329231551));
#4807=CARTESIAN_POINT('',(0.0423084323991604,0.0303294111808435,-0.0347894088003021));
#4808=CARTESIAN_POINT('',(0.0411622778086593,0.027367556026825,-0.0372993484041778));
#4809=CARTESIAN_POINT('',(0.0409295768012734,0.0237187851017003,-0.0393707954532964));
#4810=CARTESIAN_POINT('',(0.0417510411624179,0.0199719581137453,-0.0406475453935576));
#4811=CARTESIAN_POINT('',(0.0431950259212675,0.0169668340533633,-0.0411178169666856));
#4812=CARTESIAN_POINT('',(0.0445064095967913,0.0151015708655087,-0.0411372368318381));
#4813=CARTESIAN_POINT('',(0.0454781465890441,0.0139576770973849,-0.041039110130045));
#4814=CARTESIAN_POINT('',(0.0459880345380114,0.013427907217285,-0.040953341602249));
#4815=CARTESIAN_POINT('',(0.0462394666441183,0.0131781010216442,-0.0409061809085492));
#4816=CARTESIAN_POINT('',(-0.0470935296590592,0.0300232648599811,-0.028025634656519));
#4817=CARTESIAN_POINT('',(-0.0471607121872672,0.0300845283975877,-0.0279876308217045));
#4818=CARTESIAN_POINT('',(-0.0472287030183645,0.0301449783364075,-0.0279493409777619));
#4819=CARTESIAN_POINT('',(-0.0474446154840895,0.0303320838764289,-0.0278282818634138));
#4820=CARTESIAN_POINT('',(-0.0475955465614228,0.0304558271489084,-0.0277444323727551));
#4821=CARTESIAN_POINT('',(-0.0483604044697913,0.0310486205852113,-0.027323240043923));
#4822=CARTESIAN_POINT('',(-0.0490111779846113,0.0314463815692473,-0.0269764946590309));
#4823=CARTESIAN_POINT('',(-0.0500416909193792,0.0319282575960979,-0.026442026304942));
#4824=CARTESIAN_POINT('',(-0.0503942980746666,0.0320696358045621,-0.0262614613787155));
#4825=CARTESIAN_POINT('',(-0.0509367911595438,0.0322517449296824,-0.0259868835435864));
#4826=CARTESIAN_POINT('',(-0.0511195656157683,0.0323073032847249,-0.0258949014727931));
#4827=CARTESIAN_POINT('',(-0.0514855559933012,0.0324072360581311,-0.0257117015073584));
#4828=CARTESIAN_POINT('',(-0.0516692385721767,0.0324517724263177,-0.0256202469225952));
#4829=CARTESIAN_POINT('',(-0.0525908100773289,0.0326477595133731,-0.0251636896229033));
#4830=CARTESIAN_POINT('',(-0.0533380200348242,0.0327197542835622,-0.0248007133334928));
#4831=CARTESIAN_POINT('',(-0.0544702161214592,0.0327016281071802,-0.024259685421512));
#4832=CARTESIAN_POINT('',(-0.0548514285877018,0.0326740618196693,-0.024079042304589));
#4833=CARTESIAN_POINT('',(-0.0556024126447072,0.0325776885857071,-0.0237260354245797));
#4834=CARTESIAN_POINT('',(-0.0559733947573273,0.0325090806040692,-0.0235530783743358));
#4835=CARTESIAN_POINT('',(-0.0570729217411567,0.0322443427809252,-0.0230446113085202));
#4836=CARTESIAN_POINT('',(-0.0577882705527873,0.0319898094235279,-0.022719320200478));
#4837=CARTESIAN_POINT('',(-0.0591824673238803,0.031323539450262,-0.022097796281009));
#4838=CARTESIAN_POINT('',(-0.0598384629683261,0.0309228524671926,-0.0218117766033781));
#4839=CARTESIAN_POINT('',(-0.0607659769410291,0.0302268806651895,-0.0214183593526412));
#4840=CARTESIAN_POINT('',(-0.0610656716396006,0.0299789276995349,-0.0212931997453096));
#4841=CARTESIAN_POINT('',(-0.0615010765829019,0.0295826358357507,-0.0211146364609767));
#4842=CARTESIAN_POINT('',(-0.0616441159791643,0.0294462031401545,-0.0210565413531409));
#4843=CARTESIAN_POINT('',(-0.0619242335398323,0.0291662355072136,-0.0209439679259855));
#4844=CARTESIAN_POINT('',(-0.0620607449612847,0.0290232941097851,-0.0208897149644462));
#4845=CARTESIAN_POINT('',(-0.0627260908667742,0.0282941011831917,-0.0206284136142187));
#4846=CARTESIAN_POINT('',(-0.0632038085918901,0.0276648681595308,-0.0204509718944843));
#4847=CARTESIAN_POINT('',(-0.0637357356857678,0.0268208335751702,-0.0202683347909547));
#4848=CARTESIAN_POINT('',(-0.063838828217517,0.0266491224517742,-0.0202337832569679));
#4849=CARTESIAN_POINT('',(-0.0640383733846089,0.0262997677580531,-0.0201686956690272));
#4850=CARTESIAN_POINT('',(-0.0641350733340193,0.0261216327803779,-0.0201380851340621));
#4851=CARTESIAN_POINT('',(-0.0644130532804485,0.0255820094702925,-0.0200530232820144));
#4852=CARTESIAN_POINT('',(-0.0645819120465223,0.0252162206989785,-0.0200054003804665));
#4853=CARTESIAN_POINT('',(-0.0650411066734718,0.0241008141811472,-0.019888942594673));
#4854=CARTESIAN_POINT('',(-0.0652845444759496,0.0233333559066604,-0.0198462682788543));
#4855=CARTESIAN_POINT('',(-0.0655095411860911,0.0223415076990709,-0.0198376982614494));
#4856=CARTESIAN_POINT('',(-0.0655506027712785,0.0221410850237044,-0.0198382534689177));
#4857=CARTESIAN_POINT('',(-0.0656240447177811,0.0217396594493715,-0.0198439354402502));
#4858=CARTESIAN_POINT('',(-0.0656564766095316,0.0215385181653899,-0.0198490505481311));
#4859=CARTESIAN_POINT('',(-0.0657409877168208,0.0209337334554115,-0.0198711782562221));
#4860=CARTESIAN_POINT('',(-0.0657803167822472,0.0205287331059378,-0.019894956584761));
#4861=CARTESIAN_POINT('',(-0.0658024424620155,0.0201216782520448,-0.0199278544794218));
#4862=CARTESIAN_POINT('',(-0.0658466938215522,0.0193075685442589,-0.0199936502687435));
#4863=CARTESIAN_POINT('',(-0.0658214912032669,0.0185073629461647,-0.020093865084094));
#4864=CARTESIAN_POINT('',(-0.0656840156326184,0.0173243572091225,-0.0202930805837929));
#4865=CARTESIAN_POINT('',(-0.0656214424013518,0.0169329352932061,-0.0203676968251661));
#4866=CARTESIAN_POINT('',(-0.0655018220314142,0.0163499704595368,-0.0204921363487813));
#4867=CARTESIAN_POINT('',(-0.0654576468678187,0.0161563450909987,-0.020535705727509));
#4868=CARTESIAN_POINT('',(-0.0653604804748386,0.0157704727448607,-0.020627103423134));
#4869=CARTESIAN_POINT('',(-0.0653073269793678,0.015577700715638,-0.0206750711051219));
#4870=CARTESIAN_POINT('',(-0.0650208569374027,0.0146240057824754,-0.0209240643245152));
#4871=CARTESIAN_POINT('',(-0.0647282696712335,0.0138989234522283,-0.0211505540497569));
#4872=CARTESIAN_POINT('',(-0.0641944803319503,0.0128652173609554,-0.0215298326927626));
#4873=CARTESIAN_POINT('',(-0.0640006135850482,0.0125297152582176,-0.0216628978169538));
#4874=CARTESIAN_POINT('',(-0.0636848364228955,0.0120404472913766,-0.0218727169387663));
#4875=CARTESIAN_POINT('',(-0.0635750820564642,0.0118792610419937,-0.0219445704781525));
#4876=CARTESIAN_POINT('',(-0.0633490181502332,0.0115644972884597,-0.0220904505108439));
#4877=CARTESIAN_POINT('',(-0.0632326787084121,0.0114108134793538,-0.0221645041324393));
#4878=CARTESIAN_POINT('',(-0.0630527355488504,0.0111851121533267,-0.0222775454487847));
#4879=CARTESIAN_POINT('',(-0.0629915853463173,0.0111103673380119,-0.0223157156464756));
#4880=CARTESIAN_POINT('',(-0.0629296036488449,0.0110365425978081,-0.0223541612350386));
#4881=CARTESIAN_POINT('',(-0.0481728110974219,0.0286485349076779,-0.0379377806101086));
#4882=CARTESIAN_POINT('',(-0.0482279742894538,0.0287003622374013,-0.0378997767752941));
#4883=CARTESIAN_POINT('',(-0.0482837800036629,0.02875150065183,-0.0378614869313515));
#4884=CARTESIAN_POINT('',(-0.0484609325245497,0.0289097923846847,-0.0377404278170032));
#4885=CARTESIAN_POINT('',(-0.0485846750135271,0.0290144906791052,-0.0376565783263445));
#4886=CARTESIAN_POINT('',(-0.0492113465761494,0.0295162522192768,-0.037235385997513));
#4887=CARTESIAN_POINT('',(-0.0497431925667426,0.0298536608161345,-0.0368886406126209));
#4888=CARTESIAN_POINT('',(-0.0505856313753884,0.0302659315348458,-0.0363541722585313));
#4889=CARTESIAN_POINT('',(-0.050873942158234,0.0303876032323358,-0.0361736073323051));
#4890=CARTESIAN_POINT('',(-0.0513180115788423,0.0305457138735965,-0.035899029497176));
#4891=CARTESIAN_POINT('',(-0.0514677081813856,0.030594220391247,-0.0358070474263826));
#4892=CARTESIAN_POINT('',(-0.0517676977397424,0.0306820542471125,-0.035623847460948));
#4893=CARTESIAN_POINT('',(-0.0519183726399977,0.0307215219272851,-0.0355323928761847));
#4894=CARTESIAN_POINT('',(-0.0526750909033925,0.0308969623894585,-0.0350758355764929));
#4895=CARTESIAN_POINT('',(-0.0532910689575217,0.0309678648230383,-0.0347128592870819));
#4896=CARTESIAN_POINT('',(-0.0542310312054263,0.0309690956212458,-0.0341718313751018));
#4897=CARTESIAN_POINT('',(-0.0545486228425234,0.030951568419407,-0.0339911882581786));
#4898=CARTESIAN_POINT('',(-0.0551767587300806,0.0308813709329497,-0.0336381813781692));
#4899=CARTESIAN_POINT('',(-0.05548829579697,0.030828883647461,-0.0334652243279254));
#4900=CARTESIAN_POINT('',(-0.0564154790463427,0.0306204251434697,-0.0329567572621098));
#4901=CARTESIAN_POINT('',(-0.0570239279532579,0.0304138864803341,-0.032631466154068));
#4902=CARTESIAN_POINT('',(-0.0582196996805609,0.0298603814960033,-0.0320099422345981));
#4903=CARTESIAN_POINT('',(-0.05878736511664,0.0295225546948051,-0.0317239225569677));
#4904=CARTESIAN_POINT('',(-0.059595410063187,0.0289279459907586,-0.0313305053062307));
#4905=CARTESIAN_POINT('',(-0.0598574624768569,0.0287149891836195,-0.0312053456988991));
#4906=CARTESIAN_POINT('',(-0.0602393514247152,0.0283729147601157,-0.0310267824145663));
#4907=CARTESIAN_POINT('',(-0.0603650122739186,0.0282548786441843,-0.0309686873067305));
#4908=CARTESIAN_POINT('',(-0.0606114545759554,0.0280121247084644,-0.030856113879575));
#4909=CARTESIAN_POINT('',(-0.0607317364428961,0.027887922609627,-0.0308018609180358));
#4910=CARTESIAN_POINT('',(-0.0613187488146661,0.0272530717069805,-0.0305405595678083));
#4911=CARTESIAN_POINT('',(-0.0617426988139226,0.0267012968207407,-0.0303631178480743));
#4912=CARTESIAN_POINT('',(-0.0622160836174595,0.0259571643562484,-0.0301804807445441));
#4913=CARTESIAN_POINT('',(-0.0623079074387936,0.0258055926103359,-0.0301459292105574));
#4914=CARTESIAN_POINT('',(-0.0624857576641636,0.0254968696021263,-0.0300808416226168));
#4915=CARTESIAN_POINT('',(-0.0625720048293799,0.0253392830080158,-0.0300502310876516));
#4916=CARTESIAN_POINT('',(-0.0628200629728591,0.0248614490791083,-0.029965169235604));
#4917=CARTESIAN_POINT('',(-0.0629709170779351,0.0245369448981581,-0.0299175463340558));
#4918=CARTESIAN_POINT('',(-0.0633812820163675,0.0235461324267732,-0.029801088548263));
#4919=CARTESIAN_POINT('',(-0.0635989960286798,0.022862688664282,-0.0297584142324436));
#4920=CARTESIAN_POINT('',(-0.0637996205650585,0.0219790245888963,-0.029749844215039));
#4921=CARTESIAN_POINT('',(-0.0638361961814391,0.0218004446229623,-0.0297503994225072));
#4922=CARTESIAN_POINT('',(-0.0639015209610609,0.0214427794307461,-0.0297560813938398));
#4923=CARTESIAN_POINT('',(-0.0639303162540381,0.021263570973907,-0.0297611965017207));
#4924=CARTESIAN_POINT('',(-0.0640051689504161,0.0207248232715685,-0.0297833242098116));
#4925=CARTESIAN_POINT('',(-0.0640397215438639,0.0203641644600088,-0.0298071025383511));
#4926=CARTESIAN_POINT('',(-0.0640587664496317,0.0200019928858109,-0.0298400004330114));
#4927=CARTESIAN_POINT('',(-0.0640968562611673,0.019277649737415,-0.029905796222332));
#4928=CARTESIAN_POINT('',(-0.0640723490155953,0.0185669515552081,-0.0300060110376839));
#4929=CARTESIAN_POINT('',(-0.0639466505730839,0.0175202472695611,-0.0302052265373822));
#4930=CARTESIAN_POINT('',(-0.063889814876454,0.0171745944013406,-0.0302798427787551));
#4931=CARTESIAN_POINT('',(-0.0637817920159657,0.0166610620304208,-0.0304042823023711));
#4932=CARTESIAN_POINT('',(-0.0637419828079405,0.0164907105211925,-0.0304478516810986));
#4933=CARTESIAN_POINT('',(-0.0636546151275945,0.0161516902996592,-0.0305392493767234));
#4934=CARTESIAN_POINT('',(-0.0636069113867607,0.0159825618974443,-0.0305872170587114));
#4935=CARTESIAN_POINT('',(-0.0633503472250966,0.0151471216207574,-0.0308362102781052));
#4936=CARTESIAN_POINT('',(-0.0630898392971738,0.0145160949534204,-0.0310627000033465));
#4937=CARTESIAN_POINT('',(-0.0626189741837327,0.0136236150349638,-0.0314419786463521));
#4938=CARTESIAN_POINT('',(-0.0624485708515474,0.0133351979215811,-0.0315750437705436));
#4939=CARTESIAN_POINT('',(-0.0621722533073236,0.0129165466164478,-0.0317848628923558));
#4940=CARTESIAN_POINT('',(-0.0620764067070543,0.0127789614486918,-0.0318567164317421));
#4941=CARTESIAN_POINT('',(-0.0618794243513553,0.0125109552594575,-0.0320025964644334));
#4942=CARTESIAN_POINT('',(-0.0617782611209327,0.0123804410031732,-0.0320766500860288));
#4943=CARTESIAN_POINT('',(-0.0616221376830905,0.0121892625737645,-0.0321896914023742));
#4944=CARTESIAN_POINT('',(-0.0615691394456056,0.0121260370406332,-0.0322278616000651));
#4945=CARTESIAN_POINT('',(-0.0615154801962568,0.0120636743765966,-0.0322663071886282));
#4946=CARTESIAN_POINT('',(-0.0616539153125697,0.0121858319398897,-0.0320290661186746));
#4947=CARTESIAN_POINT('',(-0.0618827652126895,0.0124225404240904,-0.0317351589857813));
#4948=CARTESIAN_POINT('',(-0.0623323022493938,0.0129294031045897,-0.0311163379156066));
#4949=CARTESIAN_POINT('',(-0.0628510822993638,0.0136255527105277,-0.0302815691713349));
#4950=CARTESIAN_POINT('',(-0.0632389158673526,0.0142199655997066,-0.0295782276845346));
#4951=CARTESIAN_POINT('',(-0.063470007496211,0.0146088288908423,-0.0291230965711368));
#4952=CARTESIAN_POINT('',(-0.0636471388500935,0.0149290764185463,-0.0287516736094078));
#4953=CARTESIAN_POINT('',(-0.0637775086217632,0.0151784039434485,-0.0284647442553244));
#4954=CARTESIAN_POINT('',(-0.0638507478920416,0.01532419365428,-0.0282974841469864));
#4955=CARTESIAN_POINT('',(-0.0639760427708053,0.0155809802899749,-0.028004239699784));
#4956=CARTESIAN_POINT('',(-0.0641349702626418,0.0159293554269551,-0.0276127209824472));
#4957=CARTESIAN_POINT('',(-0.0643031614896751,0.0163377689851821,-0.0271635086615427));
#4958=CARTESIAN_POINT('',(-0.0644201382751065,0.0166507896247246,-0.0268260927342283));
#4959=CARTESIAN_POINT('',(-0.0644870321779257,0.0168397408925924,-0.0266248571345667));
#4960=CARTESIAN_POINT('',(-0.064527544377682,0.0169583254458578,-0.0264995318417161));
#4961=CARTESIAN_POINT('',(-0.0645577128800008,0.0170495604609477,-0.026403802017193));
#4962=CARTESIAN_POINT('',(-0.0645717297131958,0.0170924153490219,-0.0263589291260139));
#4963=CARTESIAN_POINT('',(-0.0646131568155153,0.0172209990374859,-0.0262248146916598));
#4964=CARTESIAN_POINT('',(-0.0646845850552095,0.0174536016107768,-0.0259853704335319));
#4965=CARTESIAN_POINT('',(-0.0648224381654917,0.017948821348905,-0.0254882645245888));
#4966=CARTESIAN_POINT('',(-0.0649484158899845,0.0185145737584756,-0.0249482768586819));
#4967=CARTESIAN_POINT('',(-0.065018102911587,0.0189090461508023,-0.0245875965486119));
#4968=CARTESIAN_POINT('',(-0.0650500454778706,0.0191119333785536,-0.0244055419983293));
#4969=CARTESIAN_POINT('',(-0.0650615856882393,0.0191901508806582,-0.0243360644897528));
#4970=CARTESIAN_POINT('',(-0.0650662778380623,0.019222692512178,-0.0243073335271381));
#4971=CARTESIAN_POINT('',(-0.0650672492915802,0.019229580498915,-0.0243012609964002));
#4972=CARTESIAN_POINT('',(-0.0650693182544975,0.0192439169106681,-0.0242887266520995));
#4973=CARTESIAN_POINT('',(-0.0650807646318205,0.0193277055303914,-0.0242162533157204));
#4974=CARTESIAN_POINT('',(-0.0650920007570002,0.0194146464495157,-0.0241418144840176));
#4975=CARTESIAN_POINT('',(-0.0651117016706829,0.0195765862945697,-0.0240046282896933));
#4976=CARTESIAN_POINT('',(-0.0651348485107256,0.0198010805051112,-0.023819466511521));
#4977=CARTESIAN_POINT('',(-0.0651630514714867,0.0201397297952313,-0.0235483568503342));
#4978=CARTESIAN_POINT('',(-0.0651880417387655,0.0206554723994401,-0.0231579821882804));
#4979=CARTESIAN_POINT('',(-0.0651862432108821,0.0212247081024938,-0.0227644543282439));
#4980=CARTESIAN_POINT('',(-0.0651574118924543,0.0217983128289113,-0.0224029150068674));
#4981=CARTESIAN_POINT('',(-0.0651051811398867,0.0223408540530701,-0.0220935250808544));
#4982=CARTESIAN_POINT('',(-0.0649851092374836,0.0231664278282981,-0.0216749692680422));
#4983=CARTESIAN_POINT('',(-0.0646595487417026,0.0245916964723653,-0.0211015499960206));
#4984=CARTESIAN_POINT('',(-0.0640081281363389,0.0262361681638762,-0.020764321800675));
#4985=CARTESIAN_POINT('',(-0.0630254079478817,0.0278319820859344,-0.0207629805778357));
#4986=CARTESIAN_POINT('',(-0.0622040184796121,0.0288742257113816,-0.0209261814582207));
#4987=CARTESIAN_POINT('',(-0.0612368619980376,0.0298394326570851,-0.0212751860353828));
#4988=CARTESIAN_POINT('',(-0.0602515429141091,0.0305997489901273,-0.0217820806755916));
#4989=CARTESIAN_POINT('',(-0.0592683025475499,0.0311855725039596,-0.0224352071880643));
#4990=CARTESIAN_POINT('',(-0.0584223507099245,0.0315605023970109,-0.0231190650593866));
#4991=CARTESIAN_POINT('',(-0.0577140863513762,0.0317941091267477,-0.0237789671657613));
#4992=CARTESIAN_POINT('',(-0.0572718301746065,0.0319103573893455,-0.0242263791081512));
#4993=CARTESIAN_POINT('',(-0.0568034501068197,0.0320074302441429,-0.0247306731050386));
#4994=CARTESIAN_POINT('',(-0.0564070387825154,0.0320651955008574,-0.0251859993293596));
#4995=CARTESIAN_POINT('',(-0.0560856937389822,0.032097981513646,-0.0255715482027498));
#4996=CARTESIAN_POINT('',(-0.0558799585065349,0.0321126696416906,-0.0258257195311362));
#4997=CARTESIAN_POINT('',(-0.0557410749105638,0.0321196108125027,-0.0260007578293166));
#4998=CARTESIAN_POINT('',(-0.0556519002767103,0.0321229549369581,-0.0261144332480528));
#4999=CARTESIAN_POINT('',(-0.0555716820529487,0.0321254036002331,-0.0262173674969047));
#5000=CARTESIAN_POINT('',(-0.0553825201056123,0.0321289554779928,-0.0264631983816959));
#5001=CARTESIAN_POINT('',(-0.0550656692458503,0.0321246536892093,-0.0268874289335712));
#5002=CARTESIAN_POINT('',(-0.0546324331736321,0.0320979665017211,-0.0274871729779107));
#5003=CARTESIAN_POINT('',(-0.0542404118703777,0.0320535202152806,-0.0280483983959431));
#5004=CARTESIAN_POINT('',(-0.0539600837310331,0.0320083473432975,-0.0284627890655076));
#5005=CARTESIAN_POINT('',(-0.0538389953549398,0.0319865881921214,-0.028643916314731));
#5006=CARTESIAN_POINT('',(-0.0537301835186285,0.0319661320494634,-0.0288075191069077));
#5007=CARTESIAN_POINT('',(-0.0535287949571038,0.0319251541962623,-0.0291122568272618));
#5008=CARTESIAN_POINT('',(-0.05327549858721,0.0318659192635945,-0.0295005439570165));
#5009=CARTESIAN_POINT('',(-0.0529140446414669,0.0317689197539092,-0.0300627899164258));
#5010=CARTESIAN_POINT('',(-0.052625828757301,0.0316768745010162,-0.0305207870497844));
#5011=CARTESIAN_POINT('',(-0.052403724394991,0.0315988275748522,-0.030878118372129));
#5012=CARTESIAN_POINT('',(-0.0522705263525841,0.0315494074309815,-0.0310938486443439));
#5013=CARTESIAN_POINT('',(-0.0521838310848438,0.0315159210482348,-0.031234684070313));
#5014=CARTESIAN_POINT('',(-0.0521412045711265,0.0314991944107501,-0.0313038603558566));
#5015=CARTESIAN_POINT('',(-0.0521173263553007,0.0314897515922369,-0.03134248558314));
#5016=CARTESIAN_POINT('',(-0.0521142515009437,0.0314885419480222,-0.0313474623548646));
#5017=CARTESIAN_POINT('',(-0.0520756883198286,0.0314732359203265,-0.0314096955407624));
#5018=CARTESIAN_POINT('',(-0.0520288688391969,0.0314543669748763,-0.0314853174679292));
#5019=CARTESIAN_POINT('',(-0.0519541562265865,0.0314237452205678,-0.0316060861441451));
#5020=CARTESIAN_POINT('',(-0.0518256791168037,0.031369688802027,-0.0318140153640456));
#5021=CARTESIAN_POINT('',(-0.0516476351312291,0.0312909570040061,-0.0321027266448011));
#5022=CARTESIAN_POINT('',(-0.051442801256636,0.0311946745501737,-0.0324354042310194));
#5023=CARTESIAN_POINT('',(-0.0511807040717454,0.0310644377517132,-0.0328607609503821));
#5024=CARTESIAN_POINT('',(-0.050935444833559,0.030932338833197,-0.0332590800882042));
#5025=CARTESIAN_POINT('',(-0.050709932366969,0.0308023971843732,-0.0336254586964052));
#5026=CARTESIAN_POINT('',(-0.0505719433121002,0.030719286072428,-0.0338489799981431));
#5027=CARTESIAN_POINT('',(-0.0504747834229149,0.0306593232108209,-0.0340058326635736));
#5028=CARTESIAN_POINT('',(-0.0503253376317571,0.0305648986227488,-0.034246379056283));
#5029=CARTESIAN_POINT('',(-0.0500914460053508,0.0304108362337869,-0.0346210722775527));
#5030=CARTESIAN_POINT('',(-0.0496168055743783,0.0300754119851085,-0.0353740180213604));
#5031=CARTESIAN_POINT('',(-0.0489786840310461,0.0295547286219311,-0.0363625596226657));
#5032=CARTESIAN_POINT('',(-0.0484919569531494,0.029079581178697,-0.0370826307334821));
#5033=CARTESIAN_POINT('',(-0.0482587342266009,0.0288295776593766,-0.0374205982809494));
#5034=CARTESIAN_POINT('',(-0.0651851387320713,0.0207909408454582,-0.0230673054348839));
#5035=CARTESIAN_POINT('',(-0.0651919687320392,0.0214436349660639,-0.0226046059058424));
#5036=CARTESIAN_POINT('',(-0.0651449013329175,0.022135640415777,-0.0221849025767937));
#5037=CARTESIAN_POINT('',(-0.0649135290611631,0.0235506610521026,-0.0214998346100605));
#5038=CARTESIAN_POINT('',(-0.064728742619894,0.0242739980169204,-0.0212346163560094));
#5039=CARTESIAN_POINT('',(-0.0642105890919371,0.0257065566473017,-0.020876983248644));
#5040=CARTESIAN_POINT('',(-0.0638782399622419,0.0264146289846912,-0.0207828730976237));
#5041=CARTESIAN_POINT('',(-0.0632635229319448,0.0274420175117505,-0.0207654640420908));
#5042=CARTESIAN_POINT('',(-0.0630424412653499,0.0277735174835404,-0.0207800981652021));
#5043=CARTESIAN_POINT('',(-0.062565701289907,0.0284138541561194,-0.020855433892409));
#5044=CARTESIAN_POINT('',(-0.0623155368117684,0.0287156191736897,-0.0209143678263215));
#5045=CARTESIAN_POINT('',(-0.0615344303721881,0.0295668450593915,-0.0211533312777568));
#5046=CARTESIAN_POINT('',(-0.0609695023228453,0.0300637337677363,-0.0213987580727582));
#5047=CARTESIAN_POINT('',(-0.0597915132699112,0.0308983553270357,-0.0220660561183574));
#5048=CARTESIAN_POINT('',(-0.0591912897415098,0.0312255624470958,-0.0224901028826401));
#5049=CARTESIAN_POINT('',(-0.0580048658205517,0.0317221132513755,-0.0234813847191354));
#5050=CARTESIAN_POINT('',(-0.0574259948995082,0.0318882405299658,-0.0240483191514161));
#5051=CARTESIAN_POINT('',(-0.0563131498564163,0.0320932749448478,-0.0252769264286215));
#5052=CARTESIAN_POINT('',(-0.0557780301318037,0.0321336054860242,-0.0259362204469857));
#5053=CARTESIAN_POINT('',(-0.0542394551165253,0.0321134160231022,-0.0279861271690679));
#5054=CARTESIAN_POINT('',(-0.05329555424464,0.0319199649981911,-0.0294508187934867));
#5055=CARTESIAN_POINT('',(-0.0514778617171237,0.0312632748214552,-0.0323672309430047));
#5056=CARTESIAN_POINT('',(-0.050600244472857,0.0307996174455308,-0.0338220889929615));
#5057=CARTESIAN_POINT('',(-0.0488660385415324,0.0295039785686381,-0.0365567817519625));
#5058=CARTESIAN_POINT('',(-0.0479978032832756,0.0286674076044059,-0.0378348983942727));
#5059=CARTESIAN_POINT('',(-0.0468071018315074,0.0269395692287536,-0.0394219511924023));
#5060=CARTESIAN_POINT('',(-0.0464324331557396,0.0262847372120027,-0.0398913407693582));
#5061=CARTESIAN_POINT('',(-0.0457865924174168,0.0248068880569376,-0.0406791733139989));
#5062=CARTESIAN_POINT('',(-0.0455162712056688,0.0239804363438335,-0.0409965694003022));
#5063=CARTESIAN_POINT('',(-0.0451538993664363,0.0222075217697155,-0.0414492945125775));
#5064=CARTESIAN_POINT('',(-0.0450618391674712,0.0212576998767253,-0.0415857159298885));
#5065=CARTESIAN_POINT('',(-0.0451005994870877,0.019325971613793,-0.0416832174467935));
#5066=CARTESIAN_POINT('',(-0.0452310606436108,0.0183456772753192,-0.041645057201332));
#5067=CARTESIAN_POINT('',(-0.0457059489553004,0.0164606746714647,-0.041427874600013));
#5068=CARTESIAN_POINT('',(-0.0460499317771833,0.015556260145317,-0.0412494601732155));
#5069=CARTESIAN_POINT('',(-0.0469101414687061,0.0138935167531675,-0.0408007710790311));
#5070=CARTESIAN_POINT('',(-0.0474249050665558,0.013136462158869,-0.0405311204199428));
#5071=CARTESIAN_POINT('',(-0.0485828434755999,0.0118012781653378,-0.0399432368058992));
#5072=CARTESIAN_POINT('',(-0.0492256652617351,0.0112233729630956,-0.0396252728579081));
#5073=CARTESIAN_POINT('',(-0.0506101920307578,0.0102628184255541,-0.0389590051898374));
#5074=CARTESIAN_POINT('',(-0.0513522435887442,0.00987895914405923,-0.0386076221012556));
#5075=CARTESIAN_POINT('',(-0.0529217351500281,0.00933964204700903,-0.0379356591598741));
#5076=CARTESIAN_POINT('',(-0.0537468987947347,0.00918615960967703,-0.0375984693922545));
#5077=CARTESIAN_POINT('',(-0.055374360204974,0.00912051456780084,-0.0368694699949569));
#5078=CARTESIAN_POINT('',(-0.0561723514666864,0.00920773990613729,-0.0364781194654142));
#5079=CARTESIAN_POINT('',(-0.0584050502147194,0.00974804072741111,-0.0352082700086885));
#5080=CARTESIAN_POINT('',(-0.0596522699937625,0.0104567655232094,-0.0342339909398335));
#5081=CARTESIAN_POINT('',(-0.0616751358209464,0.0120970334312416,-0.0321197155647917));
#5082=CARTESIAN_POINT('',(-0.0624669890728249,0.0130334323816619,-0.0309822107954346));
#5083=CARTESIAN_POINT('',(-0.0637503965457403,0.015011631292531,-0.0286443800033946));
#5084=CARTESIAN_POINT('',(-0.0642418377657679,0.016054968444798,-0.0274382650771954));
#5085=CARTESIAN_POINT('',(-0.0647728166223881,0.0177237239752862,-0.0257018913041243));
#5086=CARTESIAN_POINT('',(-0.0649149892659337,0.0183001302662692,-0.0251348859826508));
#5087=CARTESIAN_POINT('',(-0.0651183603267687,0.019505329992526,-0.0240470020977767));
#5088=CARTESIAN_POINT('',(-0.0651783087321034,0.0201382467248524,-0.0235300049639254));
#5089=CARTESIAN_POINT('',(-0.0651851387320713,0.0207909408454582,-0.0230673054348839));
#5090=CARTESIAN_POINT('',(-0.0656184577834528,0.0199618059768961,-0.021164922625089));
#5091=CARTESIAN_POINT('',(-0.0656485164647307,0.0207334825643862,-0.0207025354339893));
#5092=CARTESIAN_POINT('',(-0.0656117129039887,0.0215507096274821,-0.0202810890613373));
#5093=CARTESIAN_POINT('',(-0.0653747052212922,0.023205746711851,-0.0195859766260671));
#5094=CARTESIAN_POINT('',(-0.065174064319296,0.0240456734132983,-0.0193118112043523));
#5095=CARTESIAN_POINT('',(-0.064602943388418,0.0256878236530625,-0.0189337299010247));
#5096=CARTESIAN_POINT('',(-0.0642329274214073,0.0264916779592897,-0.018828083805914));
#5097=CARTESIAN_POINT('',(-0.0635463453005056,0.0276458447052182,-0.0187981114192334));
#5098=CARTESIAN_POINT('',(-0.0632978806381792,0.0280181742726121,-0.018809539868156));
#5099=CARTESIAN_POINT('',(-0.062759739520575,0.0287366315178621,-0.0188777813357415));
#5100=CARTESIAN_POINT('',(-0.0624770123912027,0.0290739015737716,-0.0189333057662553));
#5101=CARTESIAN_POINT('',(-0.0615859499111122,0.0300289983168367,-0.0191623048876235));
#5102=CARTESIAN_POINT('',(-0.0609315790643212,0.0305902450601304,-0.0194012764831252));
#5103=CARTESIAN_POINT('',(-0.059543585968347,0.0315352643092409,-0.0200503362659075));
#5104=CARTESIAN_POINT('',(-0.0588151782405205,0.0319127849908357,-0.0204624714951013));
#5105=CARTESIAN_POINT('',(-0.0573526696598369,0.0324782322633305,-0.0214188877724061));
#5106=CARTESIAN_POINT('',(-0.0566196937037472,0.0326656526666664,-0.021963715131944));
#5107=CARTESIAN_POINT('',(-0.055187941773965,0.0328764734012358,-0.0231347176871266));
#5108=CARTESIAN_POINT('',(-0.0544878860222614,0.0329009041135341,-0.0237603318559923));
#5109=CARTESIAN_POINT('',(-0.052458266799734,0.0327719358339897,-0.0256975458535222));
#5110=CARTESIAN_POINT('',(-0.0511931630328186,0.0324141150085158,-0.0270746945264124));
#5111=CARTESIAN_POINT('',(-0.0489078851622845,0.031280312790434,-0.0297692534601232));
#5112=CARTESIAN_POINT('',(-0.0478710433024951,0.0304759686739535,-0.0311131361474491));
#5113=CARTESIAN_POINT('',(-0.0461466705905613,0.0284896639583043,-0.0335869325104712));
#5114=CARTESIAN_POINT('',(-0.0454634460376589,0.0272599844257201,-0.0347293985316971));
#5115=CARTESIAN_POINT('',(-0.0448021567615195,0.0252868852579287,-0.0361463644434121));
#5116=CARTESIAN_POINT('',(-0.0446388751821335,0.0245827072105014,-0.0365825375316482));
#5117=CARTESIAN_POINT('',(-0.0444258959433426,0.0231342134174008,-0.0373706399132272));
#5118=CARTESIAN_POINT('',(-0.0443802218586019,0.0223883161456345,-0.0377190182752023));
#5119=CARTESIAN_POINT('',(-0.0443993274399204,0.0208689971082904,-0.0383337245848173));
#5120=CARTESIAN_POINT('',(-0.0444666825325291,0.0200963919040792,-0.0385963134982224));
#5121=CARTESIAN_POINT('',(-0.0447270539366447,0.0185166267134208,-0.0390372773796477));
#5122=CARTESIAN_POINT('',(-0.0449236278108323,0.0177186632069517,-0.0392092346324444));
#5123=CARTESIAN_POINT('',(-0.045470493922209,0.016122258089188,-0.0394473783595015));
#5124=CARTESIAN_POINT('',(-0.0458210211449561,0.015336589702293,-0.0395089473854675));
#5125=CARTESIAN_POINT('',(-0.0466877404618189,0.0138240721252365,-0.0395053890721251));
#5126=CARTESIAN_POINT('',(-0.0471969195028723,0.0131128685570395,-0.0394392512611465));
#5127=CARTESIAN_POINT('',(-0.0483584997311589,0.0118176649959126,-0.039169652665996));
#5128=CARTESIAN_POINT('',(-0.0489978215363689,0.0112453197229087,-0.0389702697169552));
#5129=CARTESIAN_POINT('',(-0.0503720160892098,0.0102774543078293,-0.0384378683374863));
#5130=CARTESIAN_POINT('',(-0.0510929592865478,0.00988597389866346,-0.0381124273109959));
#5131=CARTESIAN_POINT('',(-0.0525596524776403,0.00930247614593763,-0.0373541420908472));
#5132=CARTESIAN_POINT('',(-0.0532956241417966,0.00910559299449884,-0.0369303652669687));
#5133=CARTESIAN_POINT('',(-0.0547434595114958,0.00889160695381129,-0.0360045796284477));
#5134=CARTESIAN_POINT('',(-0.0554521723250217,0.00886587831752833,-0.0355091868168665));
#5135=CARTESIAN_POINT('',(-0.05744510273178,0.00901818428547982,-0.0339828281314282));
#5136=CARTESIAN_POINT('',(-0.0587268305700928,0.00939504627752582,-0.0328317359586668));
#5137=CARTESIAN_POINT('',(-0.0609449736992229,0.0105911061072412,-0.0304728349505335));
#5138=CARTESIAN_POINT('',(-0.061931264191493,0.0113982870034967,-0.029236333669258));
#5139=CARTESIAN_POINT('',(-0.0635663215836071,0.0133242575859523,-0.0267907837732947));
#5140=CARTESIAN_POINT('',(-0.0642450137618679,0.0144516683708462,-0.0255536946784923));
#5141=CARTESIAN_POINT('',(-0.0649875254487448,0.0163522181439549,-0.0237989623810652));
#5142=CARTESIAN_POINT('',(-0.0651904437168951,0.0170209788519224,-0.0232304820812987));
#5143=CARTESIAN_POINT('',(-0.0654915812621953,0.0184382035074251,-0.0221442888700752));
#5144=CARTESIAN_POINT('',(-0.0655883234006098,0.0191881859533405,-0.0216284743195025));
#5145=CARTESIAN_POINT('',(-0.0656184577834528,0.0199618059768961,-0.021164922625089));
#5146=CARTESIAN_POINT('',(-0.0666875541018595,0.0192514586644534,-0.0194776970494076));
#5147=CARTESIAN_POINT('',(-0.0666952512702049,0.0201565336681016,-0.0189974493474427));
#5148=CARTESIAN_POINT('',(-0.0666317604994067,0.0211097294170847,-0.0185622866715099));
#5149=CARTESIAN_POINT('',(-0.066333312465189,0.023030668734359,-0.0178395031421609));
#5150=CARTESIAN_POINT('',(-0.0660974846592542,0.024000953830454,-0.0175517368995364));
#5151=CARTESIAN_POINT('',(-0.0654442545255211,0.0258868021954013,-0.0171481600050292));
#5152=CARTESIAN_POINT('',(-0.0650265325047626,0.026805689095129,-0.0170309295500966));
#5153=CARTESIAN_POINT('',(-0.0642531524407356,0.0281195771562352,-0.0169899865938844));
#5154=CARTESIAN_POINT('',(-0.0639723925922329,0.0285441769343826,-0.0169990207040421));
#5155=CARTESIAN_POINT('',(-0.0633633746105224,0.0293651012363512,-0.0170625673151194));
#5156=CARTESIAN_POINT('',(-0.0630436112914114,0.0297502773490709,-0.0171161724876127));
#5157=CARTESIAN_POINT('',(-0.0620297175162745,0.0308482935487477,-0.0173407944082928));
#5158=CARTESIAN_POINT('',(-0.0612783823486012,0.0315024726564882,-0.0175783467352283));
#5159=CARTESIAN_POINT('',(-0.0596688089267678,0.0326267363197031,-0.0182255761641788));
#5160=CARTESIAN_POINT('',(-0.0588101086655789,0.0330959912440292,-0.0186367772025894));
#5161=CARTESIAN_POINT('',(-0.057071361800388,0.0338349515901374,-0.019591765871756));
#5162=CARTESIAN_POINT('',(-0.0561884051809521,0.0341081758125843,-0.0201355029039382));
#5163=CARTESIAN_POINT('',(-0.0544454650190109,0.0344862455434101,-0.0213089247400976));
#5164=CARTESIAN_POINT('',(-0.053586295537729,0.0345920476409272,-0.0219368518054607));
#5165=CARTESIAN_POINT('',(-0.0510798845883689,0.0346997919609624,-0.0238935217455379));
#5166=CARTESIAN_POINT('',(-0.0494950141107318,0.0344980122000923,-0.0252992849709071));
#5167=CARTESIAN_POINT('',(-0.0465852794804715,0.033615356705704,-0.0281747269614822));
#5168=CARTESIAN_POINT('',(-0.0452548628354674,0.032932213214552,-0.0296499569404436));
#5169=CARTESIAN_POINT('',(-0.0429836003567663,0.0309951455500744,-0.0325751171019935));
#5170=CARTESIAN_POINT('',(-0.0420449687122311,0.0297330875822094,-0.0340266191241026));
#5171=CARTESIAN_POINT('',(-0.04115783200682,0.0273413796074997,-0.0360088119872416));
#5172=CARTESIAN_POINT('',(-0.0409531821828592,0.0264653662268784,-0.0366318861154584));
#5173=CARTESIAN_POINT('',(-0.0407643018024441,0.0245792346404301,-0.0377615280580217));
#5174=CARTESIAN_POINT('',(-0.0407821321872968,0.0235689133471889,-0.0382668518348748));
#5175=CARTESIAN_POINT('',(-0.0410642435587995,0.0215010384019604,-0.0391100492226875));
#5176=CARTESIAN_POINT('',(-0.0413281409017122,0.0204429353485549,-0.0394486123287463));
#5177=CARTESIAN_POINT('',(-0.0420796894487096,0.0183816832146257,-0.0399407635451057));
#5178=CARTESIAN_POINT('',(-0.0425664899543572,0.0173790514258436,-0.0400949625467829));
#5179=CARTESIAN_POINT('',(-0.0436982260391069,0.015516821884945,-0.0402317449928472));
#5180=CARTESIAN_POINT('',(-0.0443425357960355,0.0146571619305267,-0.0402148888655901));
#5181=CARTESIAN_POINT('',(-0.0457126222889017,0.0131120922713032,-0.0400434487919214));
#5182=CARTESIAN_POINT('',(-0.0464370977160672,0.0124271797708733,-0.0398894973543161));
#5183=CARTESIAN_POINT('',(-0.047913264962781,0.0112157181662442,-0.039477676170521));
#5184=CARTESIAN_POINT('',(-0.0486649530638369,0.0106885622543394,-0.0392200939887958));
#5185=CARTESIAN_POINT('',(-0.0501812605768135,0.00976333926818825,-0.0386147225922288));
#5186=CARTESIAN_POINT('',(-0.0509466719857889,0.00936781277747992,-0.038266132205931));
#5187=CARTESIAN_POINT('',(-0.0524775550943557,0.00863228324309665,-0.0374916098800906));
#5188=CARTESIAN_POINT('',(-0.0532539220413424,0.00830506429527557,-0.0370575790029979));
#5189=CARTESIAN_POINT('',(-0.0548265883439931,0.00779826302337263,-0.0360759739937977));
#5190=CARTESIAN_POINT('',(-0.0556203223777886,0.00762083529743652,-0.035529078282821));
#5191=CARTESIAN_POINT('',(-0.0579462556290517,0.00736765793661919,-0.0337551719756743));
#5192=CARTESIAN_POINT('',(-0.0594097516630459,0.00757693726468182,-0.0323993245863557));
#5193=CARTESIAN_POINT('',(-0.0619266689897348,0.00861913695193483,-0.0296227559830877));
#5194=CARTESIAN_POINT('',(-0.0629898785194984,0.00944129864593591,-0.0282024682965393));
#5195=CARTESIAN_POINT('',(-0.064730321942541,0.0115390402810941,-0.025444435670563));
#5196=CARTESIAN_POINT('',(-0.0654124917855467,0.0128208035142076,-0.024100867973595));
#5197=CARTESIAN_POINT('',(-0.0661384943205007,0.0150217989756256,-0.0222307496701935));
#5198=CARTESIAN_POINT('',(-0.066330916914412,0.0158027940193212,-0.0216310578702769));
#5199=CARTESIAN_POINT('',(-0.0666023081103865,0.0174667767288849,-0.0204930886331393));
#5200=CARTESIAN_POINT('',(-0.066679856933514,0.0183463836608052,-0.0199579447513725));
#5201=CARTESIAN_POINT('',(-0.0666875541018595,0.0192514586644534,-0.0194776970494076));
#5202=CARTESIAN_POINT('',(0.,-0.0465,0.0215));
#5203=CARTESIAN_POINT('',(-0.00872923781528192,-0.0465,0.0215));
#5204=CARTESIAN_POINT('',(-0.0165267290497043,-0.0464964184840501,0.0215));
#5205=CARTESIAN_POINT('',(-0.0303874232348592,-0.0461715172210557,0.0215));
#5206=CARTESIAN_POINT('',(-0.0425128811731041,-0.0455288777269667,0.0215));
#5207=CARTESIAN_POINT('',(-0.0559653192657367,-0.0429378473433542,0.0215));
#5208=CARTESIAN_POINT('',(-0.06524284543052,-0.0383037585164576,0.0215));
#5209=CARTESIAN_POINT('',(-0.0709971735152291,-0.0314684930938618,0.0215));
#5210=CARTESIAN_POINT('',(-0.0739708943285292,-0.0225318020715416,0.0215));
#5211=CARTESIAN_POINT('',(-0.0746552818694933,-0.0154114710864217,0.0215));
#5212=CARTESIAN_POINT('',(-0.0749987378199876,-0.00791503471376676,0.0215));
#5213=CARTESIAN_POINT('',(-0.075,-0.00398010878659461,0.0215));
#5214=CARTESIAN_POINT('',(-0.075,-7.80625564189563E-18,0.0215));
#5215=CARTESIAN_POINT('',(0.,-0.0464554875954419,0.019375));
#5216=CARTESIAN_POINT('',(-0.00872765442725609,-0.0464554875954419,0.019375));
#5217=CARTESIAN_POINT('',(-0.0165233716405081,-0.0464523646415561,0.0193802048550119));
#5218=CARTESIAN_POINT('',(-0.0303802813144817,-0.04612912758185,0.0193984218475536));
#5219=CARTESIAN_POINT('',(-0.0425017182727044,-0.0454888993702095,0.0194244461226133));
#5220=CARTESIAN_POINT('',(-0.0559478498811254,-0.0429032170128476,0.0194790971002385));
#5221=CARTESIAN_POINT('',(-0.0652192289398626,-0.0382756971798764,0.0195415553603817));
#5222=CARTESIAN_POINT('',(-0.0709680036890352,-0.0314477115839778,0.0196040136205248));
#5223=CARTESIAN_POINT('',(-0.0739371993296527,-0.0225185010862233,0.01965866459815));
#5224=CARTESIAN_POINT('',(-0.0746195451256268,-0.0154029508261243,0.0196846888732097));
#5225=CARTESIAN_POINT('',(-0.0749615916469786,-0.00791102198784433,0.0197029058657515));
#5226=CARTESIAN_POINT('',(-0.0749624652703433,-0.00397821323253678,0.0197081107207634));
#5227=CARTESIAN_POINT('',(-0.0749624652703433,-7.80625564189563E-18,0.0197081107207634));
#5228=CARTESIAN_POINT('',(0.,-0.0464165392414537,0.01725));
#5229=CARTESIAN_POINT('',(-0.00871879761200027,-0.0464165392414537,0.01725));
#5230=CARTESIAN_POINT('',(-0.0165070831473419,-0.0464127659595302,0.0172573742866516));
#5231=CARTESIAN_POINT('',(-0.0303517934771876,-0.0460880816191125,0.0172831842899322));
#5232=CARTESIAN_POINT('',(-0.0424636988059566,-0.0454462595021241,0.0173200557231903));
#5233=CARTESIAN_POINT('',(-0.0559026556639289,-0.0428602012057874,0.0173974857330323));
#5234=CARTESIAN_POINT('',(-0.0651727472275302,-0.0382357678444834,0.0174859771728515));
#5235=CARTESIAN_POINT('',(-0.0709245313103323,-0.0314147713211281,0.0175744686126709));
#5236=CARTESIAN_POINT('',(-0.0738990876986683,-0.0224958853856666,0.0176518986225128));
#5237=CARTESIAN_POINT('',(-0.0745850413339779,-0.0153883922186041,0.0176887700557709));
#5238=CARTESIAN_POINT('',(-0.0749298275681158,-0.00790424692783169,0.0177145800590515));
#5239=CARTESIAN_POINT('',(-0.0749316369845987,-0.00397518791979112,0.0177219543457031));
#5240=CARTESIAN_POINT('',(-0.0749316369845987,-7.77576245579448E-18,0.0177219543457031));
#5241=CARTESIAN_POINT('',(0.,-0.0463260222970098,0.0130166015625));
#5242=CARTESIAN_POINT('',(-0.00868472141862327,-0.0463260222970098,0.0130166015625));
#5243=CARTESIAN_POINT('',(-0.0164444972696469,-0.0463191698588067,0.0130240330696106));
#5244=CARTESIAN_POINT('',(-0.0302425386137301,-0.0459867598800555,0.0130500433444977));
#5245=CARTESIAN_POINT('',(-0.0423181392257903,-0.0453356447989594,0.0130872008800507));
#5246=CARTESIAN_POINT('',(-0.0557301776802661,-0.0427409406593903,0.0131652317047119));
#5247=CARTESIAN_POINT('',(-0.0649960041708614,-0.0381193732579315,0.0132544097900391));
#5248=CARTESIAN_POINT('',(-0.07075995996459,-0.0313151953175441,0.0133435878753662));
#5249=CARTESIAN_POINT('',(-0.0737555770957453,-0.0224257440281147,0.0134216187000275));
#5250=CARTESIAN_POINT('',(-0.0744555779425153,-0.0153428753736752,0.0134587762355804));
#5251=CARTESIAN_POINT('',(-0.0748110113585696,-0.00788289152973861,0.0134847865104675));
#5252=CARTESIAN_POINT('',(-0.0748164443512387,-0.00396566201076331,0.0134922180175781));
#5253=CARTESIAN_POINT('',(-0.0748164443512387,-7.66141300791515E-18,0.0134922180175781));
#5254=CARTESIAN_POINT('',(0.,-0.0462744537065542,0.010908203125));
#5255=CARTESIAN_POINT('',(-0.00865945765408434,-0.0462744537065542,0.010908203125));
#5256=CARTESIAN_POINT('',(-0.0163981222817474,-0.0462651724401091,0.0109135258992513));
#5257=CARTESIAN_POINT('',(-0.0301616456915632,-0.045926484103736,0.0109321556091309));
#5258=CARTESIAN_POINT('',(-0.0422104430650084,-0.0452676699638801,0.0109587694803874));
#5259=CARTESIAN_POINT('',(-0.0556027344702443,-0.0426646959200535,0.011014658610026));
#5260=CARTESIAN_POINT('',(-0.0648656092246548,-0.0380429080067727,0.0110785319010417));
#5261=CARTESIAN_POINT('',(-0.0706387698822726,-0.0312485595768096,0.0111424051920573));
#5262=CARTESIAN_POINT('',(-0.0736501335470566,-0.0223782183711194,0.011198294321696));
#5263=CARTESIAN_POINT('',(-0.0743605990976137,-0.0153119171362667,0.0112249081929525));
#5264=CARTESIAN_POINT('',(-0.0747239582697921,-0.00786831119165815,0.011243537902832));
#5265=CARTESIAN_POINT('',(-0.0747320846666918,-0.00395916141448117,0.0112488606770833));
#5266=CARTESIAN_POINT('',(-0.0747320846666918,-7.57755674613697E-18,0.0112488606770833));
#5267=CARTESIAN_POINT('',(0.,-0.0461349479515689,0.006724609375));
#5268=CARTESIAN_POINT('',(-0.00858952542565309,-0.0461349479515689,0.006724609375));
#5269=CARTESIAN_POINT('',(-0.0162691984385436,-0.0461194698084342,0.00672302500406901));
#5270=CARTESIAN_POINT('',(-0.0299350816328262,-0.0457647855709964,0.00671747970581055));
#5271=CARTESIAN_POINT('',(-0.0419066077256195,-0.0450863733823901,0.0067095578511556));
#5272=CARTESIAN_POINT('',(-0.0552372327455304,-0.0424625195299338,0.00669292195638021));
#5273=CARTESIAN_POINT('',(-0.0644833304643777,-0.0378406416705468,0.00667390950520833));
#5274=CARTESIAN_POINT('',(-0.0702727673334042,-0.0310722146455018,0.00665489705403646));
#5275=CARTESIAN_POINT('',(-0.0733191394368794,-0.0222519765747284,0.00663826115926107));
#5276=CARTESIAN_POINT('',(-0.07405422814036,-0.0152292780961182,0.00663033930460613));
#5277=CARTESIAN_POINT('',(-0.0744364222778636,-0.00782906462754203,0.00662479400634767));
#5278=CARTESIAN_POINT('',(-0.0744510720636269,-0.00394146917221955,0.00662320963541667));
#5279=CARTESIAN_POINT('',(-0.0744510720636269,-7.36410444342889E-18,0.00662320963541667));
#5280=CARTESIAN_POINT('',(0.,-0.0459590736225094,0.00257421875));
#5281=CARTESIAN_POINT('',(-0.00849996567155287,-0.0459590736225094,0.00257421875));
#5282=CARTESIAN_POINT('',(-0.0161037107818825,-0.0459360471460458,0.00256303755442301));
#5283=CARTESIAN_POINT('',(-0.029643105697351,-0.0455618880533121,0.00252390336990355));
#5284=CARTESIAN_POINT('',(-0.0415135425129788,-0.0448596228207718,0.00246799739201863));
#5285=CARTESIAN_POINT('',(-0.054760307970752,-0.0422104482089918,0.00235059483846027));
#5286=CARTESIAN_POINT('',(-0.0639788804306451,-0.0375887397077821,0.00221642049153645));
#5287=CARTESIAN_POINT('',(-0.0697826688943816,-0.0308524414077717,0.00208224614461262));
#5288=CARTESIAN_POINT('',(-0.0728677945976199,-0.0220941986166789,0.00196484359105428));
#5289=CARTESIAN_POINT('',(-0.0736313255391754,-0.0151256381117671,0.00190893761316935));
#5290=CARTESIAN_POINT('',(-0.0740354286182721,-0.00777956086539591,0.0018698034286499));
#5291=CARTESIAN_POINT('',(-0.074057766226591,-0.00391898798878932,0.00185862223307292));
#5292=CARTESIAN_POINT('',(-0.074057766226591,-7.10491236156907E-18,0.00185862223307292));
#5293=CARTESIAN_POINT('',(0.,-0.0456629654700879,-0.0014765625));
#5294=CARTESIAN_POINT('',(-0.0083633111316476,-0.0456629654700879,-0.0014765625));
#5295=CARTESIAN_POINT('',(-0.0158499480244546,-0.0456303928769254,-0.0015));
#5296=CARTESIAN_POINT('',(-0.0291914612750007,-0.045232021154823,-0.00158203125));
#5297=CARTESIAN_POINT('',(-0.0409003919286239,-0.0445004228969432,-0.00169921875));
#5298=CARTESIAN_POINT('',(-0.0540022127539566,-0.0418227227565533,-0.0019453125));
#5299=CARTESIAN_POINT('',(-0.0631574384243747,-0.0372077176184747,-0.0022265625));
#5300=CARTESIAN_POINT('',(-0.0689598563045881,-0.0305220261407083,-0.0025078125));
#5301=CARTESIAN_POINT('',(-0.0720820611238281,-0.0218558878833744,-0.00275390625));
#5302=CARTESIAN_POINT('',(-0.0728776570251746,-0.0149674048335998,-0.00287109375));
#5303=CARTESIAN_POINT('',(-0.0733070524235394,-0.00770255346616896,-0.002953125));
#5304=CARTESIAN_POINT('',(-0.0733386498712308,-0.00388310994998815,-0.0029765625));
#5305=CARTESIAN_POINT('',(-0.0733386498712308,-6.76948731445637E-18,-0.0029765625));
#5306=CARTESIAN_POINT('',(0.,-0.0452829920683786,-0.0054609375));
#5307=CARTESIAN_POINT('',(-0.00819918933160624,-0.0452829920683787,-0.0054609375));
#5308=CARTESIAN_POINT('',(-0.0155446013933579,-0.0452402270317865,-0.005496826171875));
#5309=CARTESIAN_POINT('',(-0.0286461336038994,-0.0448163838604738,-0.0056224365234375));
#5310=CARTESIAN_POINT('',(-0.0401575962753997,-0.0440542275910325,-0.0058018798828125));
#5311=CARTESIAN_POINT('',(-0.0530769184180355,-0.0413492381034407,-0.0061787109375));
#5312=CARTESIAN_POINT('',(-0.062145252955545,-0.0367472110291635,-0.006609375));
#5313=CARTESIAN_POINT('',(-0.0679340316543971,-0.0301243971507339,-0.0070400390625));
#5314=CARTESIAN_POINT('',(-0.0710892337880402,-0.0215685805364734,-0.0074168701171875));
#5315=CARTESIAN_POINT('',(-0.0719173353539489,-0.0147755792058193,-0.0075963134765625));
#5316=CARTESIAN_POINT('',(-0.0723727784207337,-0.00760829962789117,-0.007721923828125));
#5317=CARTESIAN_POINT('',(-0.0724141707045642,-0.00383862399698466,-0.0077578125));
#5318=CARTESIAN_POINT('',(-0.0724141707045642,-6.40356908124251E-18,-0.0077578125));
#5319=CARTESIAN_POINT('',(0.,-0.0450510727428801,-0.00741992187500002));
#5320=CARTESIAN_POINT('',(-0.00810327546099814,-0.0450510727428801,-0.00741992187500002));
#5321=CARTESIAN_POINT('',(-0.0153659272950665,-0.0450028798766663,-0.00746213356653851));
#5322=CARTESIAN_POINT('',(-0.0283262887693713,-0.0445656441260677,-0.00760987448692323));
#5323=CARTESIAN_POINT('',(-0.0397209544931439,-0.0437875583572978,-0.00782093294461568));
#5324=CARTESIAN_POINT('',(-0.0525302390811294,-0.0410694726193416,-0.00826415570576986));
#5325=CARTESIAN_POINT('',(-0.0615434230095101,-0.0364770085932388,-0.00877069600423177));
#5326=CARTESIAN_POINT('',(-0.0673193597004992,-0.029891730902587,-0.00927723630269369));
#5327=CARTESIAN_POINT('',(-0.0704891426604553,-0.0214001899979266,-0.00972045906384786));
#5328=CARTESIAN_POINT('',(-0.0713337845400726,-0.0146626781038027,-0.00993151752154032));
#5329=CARTESIAN_POINT('',(-0.0718026775977295,-0.00755243126564556,-0.010079258441925));
#5330=CARTESIAN_POINT('',(-0.0718492497155776,-0.00381200950704958,-0.0101214701334635));
#5331=CARTESIAN_POINT('',(-0.0718492497155776,-6.205363371585E-18,-0.0101214701334635));
#5332=CARTESIAN_POINT('',(0.,-0.0444796205049884,-0.0112548828125));
#5333=CARTESIAN_POINT('',(-0.00788038225416893,-0.0444796205049884,-0.0112548828125));
#5334=CARTESIAN_POINT('',(-0.0149502392232453,-0.0444202458611733,-0.0113090256055196));
#5335=CARTESIAN_POINT('',(-0.0275805549332574,-0.0439559710404651,-0.0114985253810883));
#5336=CARTESIAN_POINT('',(-0.0387007697744214,-0.0431461706866791,-0.0117692393461863));
#5337=CARTESIAN_POINT('',(-0.0512467816867694,-0.0404057002536538,-0.0123377386728922));
#5338=CARTESIAN_POINT('',(-0.0601218345042435,-0.0358414020484004,-0.0129874521891276));
#5339=CARTESIAN_POINT('',(-0.0658566384787463,-0.0293463536342673,-0.013637165705363));
#5340=CARTESIAN_POINT('',(-0.0690492628595589,-0.0210047680078334,-0.0142056650320689));
#5341=CARTESIAN_POINT('',(-0.0699265115487467,-0.0143962517352164,-0.0144763789971669));
#5342=CARTESIAN_POINT('',(-0.0704224388702701,-0.00741950048944866,-0.0146658787727356));
#5343=CARTESIAN_POINT('',(-0.0704797418471997,-0.00374800427380633,-0.0147200215657552));
#5344=CARTESIAN_POINT('',(-0.0704797418471997,-5.78608206269413E-18,-0.0147200215657552));
#5345=CARTESIAN_POINT('',(0.,-0.0441400875925953,-0.013130859375));
#5346=CARTESIAN_POINT('',(-0.0077533512618824,-0.0441400875925953,-0.013130859375));
#5347=CARTESIAN_POINT('',(-0.0147131348516012,-0.0440749590008004,-0.0131906102498372));
#5348=CARTESIAN_POINT('',(-0.0271545190347355,-0.0435970376892687,-0.0133997383117676));
#5349=CARTESIAN_POINT('',(-0.0381170444274738,-0.042771452249795,-0.0136984926859538));
#5350=CARTESIAN_POINT('',(-0.0505098163760783,-0.0400216933720651,-0.0143258768717448));
#5351=CARTESIAN_POINT('',(-0.0593019177483116,-0.0354759979394867,-0.0150428873697917));
#5352=CARTESIAN_POINT('',(-0.0650084794417523,-0.0290336426140945,-0.0157598978678385));
#5353=CARTESIAN_POINT('',(-0.0682094176874261,-0.0207777365562869,-0.0163872820536296));
#5354=CARTESIAN_POINT('',(-0.0691027619290123,-0.0142427264686465,-0.0166860364278158));
#5355=CARTESIAN_POINT('',(-0.0696122945088069,-0.00734243807549739,-0.0168951644897461));
#5356=CARTESIAN_POINT('',(-0.0696751549678083,-0.00371061353049815,-0.0169549153645834));
#5357=CARTESIAN_POINT('',(-0.0696751549678083,-5.56500646346075E-18,-0.0169549153645834));
#5358=CARTESIAN_POINT('',(0.,-0.0433296598433074,-0.016783203125));
#5359=CARTESIAN_POINT('',(-0.00746568504096166,-0.0433296598433075,-0.016783203125));
#5360=CARTESIAN_POINT('',(-0.0141758116559455,-0.0432530343346509,-0.0168527704874675));
#5361=CARTESIAN_POINT('',(-0.0261876282812614,-0.0427486259277585,-0.0170962562561035));
#5362=CARTESIAN_POINT('',(-0.0367903880525528,-0.0418930601312871,-0.0174440930684408));
#5363=CARTESIAN_POINT('',(-0.0488292761564937,-0.0391312431289947,-0.0181745503743489));
#5364=CARTESIAN_POINT('',(-0.0574242922280352,-0.03463468465822,-0.0190093587239584));
#5365=CARTESIAN_POINT('',(-0.0630562762992942,-0.0283158345360161,-0.0198441670735677));
#5366=CARTESIAN_POINT('',(-0.066265528913907,-0.0202558655573868,-0.0205746243794759));
#5367=CARTESIAN_POINT('',(-0.067189717055989,-0.0138884041826531,-0.0209224611918132));
#5368=CARTESIAN_POINT('',(-0.0677259889197996,-0.007163408030397,-0.0211659469604492));
#5369=CARTESIAN_POINT('',(-0.0678001667125693,-0.00362302256400227,-0.0212355143229166));
#5370=CARTESIAN_POINT('',(-0.0678001667125693,-5.10760867194343E-18,-0.0212355143229166));
#5371=CARTESIAN_POINT('',(0.,-0.0428587650064128,-0.0185595703125));
#5372=CARTESIAN_POINT('',(-0.00730502507545152,-0.0428587650064128,-0.0185595703125));
#5373=CARTESIAN_POINT('',(-0.013875549542401,-0.0427763896861297,-0.0186333460807801));
#5374=CARTESIAN_POINT('',(-0.0256467030808183,-0.0422591184357808,-0.0188915612697601));
#5375=CARTESIAN_POINT('',(-0.0360473696724862,-0.041389326575649,-0.0192604401111603));
#5376=CARTESIAN_POINT('',(-0.0478856115764249,-0.0386246834408569,-0.0200350856781006));
#5377=CARTESIAN_POINT('',(-0.0563665077070082,-0.0341586078386273,-0.0209203948974609));
#5378=CARTESIAN_POINT('',(-0.0619521796279687,-0.027910539038521,-0.0218057041168213));
#5379=CARTESIAN_POINT('',(-0.0651614582565627,-0.019960832702502,-0.0225803496837616));
#5380=CARTESIAN_POINT('',(-0.0661004086612347,-0.0136874514907926,-0.0229492285251617));
#5381=CARTESIAN_POINT('',(-0.0666498246001461,-0.00706134460082526,-0.0232074437141419));
#5382=CARTESIAN_POINT('',(-0.0667297653367216,-0.00357276759885877,-0.0232812194824219));
#5383=CARTESIAN_POINT('',(-0.0667297653367216,-4.87128647965948E-18,-0.0232812194824219));
#5384=CARTESIAN_POINT('',(0.,-0.0417618650705153,-0.02199609375));
#5385=CARTESIAN_POINT('',(-0.00694915933380449,-0.0417618650705153,-0.02199609375));
#5386=CARTESIAN_POINT('',(-0.013210058793254,-0.0416683773009931,-0.0220764269828797));
#5387=CARTESIAN_POINT('',(-0.024446374322936,-0.0411273731145887,-0.0223575932979584));
#5388=CARTESIAN_POINT('',(-0.0343966732340893,-0.0402323402808238,-0.0227592594623565));
#5389=CARTESIAN_POINT('',(-0.0457835000504089,-0.0374715971591165,-0.0236027584075928));
#5390=CARTESIAN_POINT('',(-0.0540022519119943,-0.0330816036333394,-0.0245667572021485));
#5391=CARTESIAN_POINT('',(-0.0594745937050224,-0.026996354566452,-0.0255307559967041));
#5392=CARTESIAN_POINT('',(-0.0626733086061705,-0.019294896217383,-0.0263742549419404));
#5393=CARTESIAN_POINT('',(-0.0636393015904677,-0.0132325162331483,-0.0267759211063385));
#5394=CARTESIAN_POINT('',(-0.0642137260190905,-0.00682914872344169,-0.0270570874214172));
#5395=CARTESIAN_POINT('',(-0.0643051539555646,-0.00345772774187152,-0.0271374206542969));
#5396=CARTESIAN_POINT('',(-0.0643051539555646,-4.3910187985663E-18,-0.0271374206542969));
#5397=CARTESIAN_POINT('',(0.,-0.0411358599715123,-0.02365625));
#5398=CARTESIAN_POINT('',(-0.00675393402844461,-0.0411358599715123,-0.02365625));
#5399=CARTESIAN_POINT('',(-0.0128447959815113,-0.0410370095643778,-0.0237389322916666));
#5400=CARTESIAN_POINT('',(-0.0237869152292689,-0.0404851352853744,-0.0240283203125));
#5401=CARTESIAN_POINT('',(-0.0334889262131899,-0.0395790875416366,-0.0244417317708333));
#5402=CARTESIAN_POINT('',(-0.0446249823110282,-0.0368250705655141,-0.0253098958333333));
#5403=CARTESIAN_POINT('',(-0.0526957208297619,-0.0324806762476442,-0.0263020833333334));
#5404=CARTESIAN_POINT('',(-0.0581010629538026,-0.0264874655918782,-0.0272942708333333));
#5405=CARTESIAN_POINT('',(-0.0612892082530348,-0.018923992587149,-0.0281624348958333));
#5406=CARTESIAN_POINT('',(-0.0622674925395554,-0.0129785336673645,-0.0285758463541666));
#5407=CARTESIAN_POINT('',(-0.0628537893165354,-0.00669901627562986,-0.028865234375));
#5408=CARTESIAN_POINT('',(-0.0629509439502552,-0.00339294285002776,-0.0289479166666667));
#5409=CARTESIAN_POINT('',(-0.0629509439502552,-4.14707330975706E-18,-0.0289479166666667));
#5410=CARTESIAN_POINT('',(0.,-0.0397049911737913,-0.02684375));
#5411=CARTESIAN_POINT('',(-0.00632994820580856,-0.0397049911737913,-0.02684375));
#5412=CARTESIAN_POINT('',(-0.01205099548265,-0.0395961925458512,-0.0269290364583333));
#5413=CARTESIAN_POINT('',(-0.0223519841376979,-0.039025802174918,-0.0272275390625));
#5414=CARTESIAN_POINT('',(-0.0315114225363512,-0.038102618688932,-0.0276539713541667));
#5415=CARTESIAN_POINT('',(-0.0420946165986266,-0.0353747527005848,-0.0285494791666667));
#5416=CARTESIAN_POINT('',(-0.0498331329340932,-0.0311399607019672,-0.0295729166666667));
#5417=CARTESIAN_POINT('',(-0.0550808559270643,-0.0253552836054853,-0.0305963541666667));
#5418=CARTESIAN_POINT('',(-0.0582342685372704,-0.0180986384868525,-0.0314918619791667));
#5419=CARTESIAN_POINT('',(-0.0592330577123294,-0.0124120918856775,-0.0319182942708334));
#5420=CARTESIAN_POINT('',(-0.0598406639750374,-0.00640771015756915,-0.032216796875));
#5421=CARTESIAN_POINT('',(-0.059948875650216,-0.00324723217673079,-0.0323020833333333));
#5422=CARTESIAN_POINT('',(-0.059948875650216,-3.65918233213858E-18,-0.0323020833333333));
#5423=CARTESIAN_POINT('',(0.,-0.0389001274750733,-0.02837109375));
#5424=CARTESIAN_POINT('',(-0.0061011741946129,-0.0389001274750733,-0.02837109375));
#5425=CARTESIAN_POINT('',(-0.0116224341811724,-0.038786745667158,-0.028456635316213));
#5426=CARTESIAN_POINT('',(-0.0215764737664605,-0.0382087171073524,-0.0287560307979584));
#5427=CARTESIAN_POINT('',(-0.0304416182300086,-0.0372794236035718,-0.0291837386290232));
#5428=CARTESIAN_POINT('',(-0.0407227197101473,-0.0345710022839636,-0.0300819250742594));
#5429=CARTESIAN_POINT('',(-0.0482770347955284,-0.0304002314208259,-0.0311084238688151));
#5430=CARTESIAN_POINT('',(-0.0534341509769669,-0.0247320602869874,-0.0321349226633708));
#5431=CARTESIAN_POINT('',(-0.0565634144156672,-0.0176442559076976,-0.033033109108607));
#5432=CARTESIAN_POINT('',(-0.0575704247673711,-0.0120996873429833,-0.0334608169396719));
#5433=CARTESIAN_POINT('',(-0.0581874736493545,-0.00624657013237186,-0.0337602124214173));
#5434=CARTESIAN_POINT('',(-0.0583010173554861,-0.00316632562102136,-0.0338457539876302));
#5435=CARTESIAN_POINT('',(-0.0583010173554861,-3.41523684332934E-18,-0.0338457539876302));
#5436=CARTESIAN_POINT('',(0.,-0.0370877931403152,-0.0312763671875));
#5437=CARTESIAN_POINT('',(-0.00561335342076002,-0.0370877931403152,-0.0312763671875));
#5438=CARTESIAN_POINT('',(-0.0107077965212178,-0.036966494708828,-0.0313603154818217));
#5439=CARTESIAN_POINT('',(-0.0199188826657293,-0.0363779143120057,-0.0316541345119477));
#5440=CARTESIAN_POINT('',(-0.0281518123418839,-0.0354433503813353,-0.0320738759835561));
#5441=CARTESIAN_POINT('',(-0.0377777591034364,-0.0327903466271507,-0.0329553330739339));
#5442=CARTESIAN_POINT('',(-0.0449254473720661,-0.0287699305141389,-0.0339627126057943));
#5443=CARTESIAN_POINT('',(-0.0498742340148961,-0.023362800297638,-0.0349700921376546));
#5444=CARTESIAN_POINT('',(-0.0529376435064147,-0.0166466069889727,-0.0358515492280325));
#5445=CARTESIAN_POINT('',(-0.0539547931211225,-0.0114128385666267,-0.0362712906996409));
#5446=CARTESIAN_POINT('',(-0.0545866676090849,-0.00589143587709538,-0.0365651097297668));
#5447=CARTESIAN_POINT('',(-0.0547099672896933,-0.0029874230695137,-0.0366490580240885));
#5448=CARTESIAN_POINT('',(-0.0547099672896933,-2.93496916223615E-18,-0.0366490580240885));
#5449=CARTESIAN_POINT('',(0.,-0.0360803225042752,-0.032654296875));
#5450=CARTESIAN_POINT('',(-0.00535430008792459,-0.0360803225042752,-0.032654296875));
#5451=CARTESIAN_POINT('',(-0.0102217086649288,-0.035955689411761,-0.0327363967895508));
#5452=CARTESIAN_POINT('',(-0.0190367832522914,-0.0353641914101454,-0.0330237464904785));
#5453=CARTESIAN_POINT('',(-0.0269317875591603,-0.0344304615919429,-0.0334342460632324));
#5454=CARTESIAN_POINT('',(-0.0362046715683087,-0.0318134206906422,-0.0342962951660156));
#5455=CARTESIAN_POINT('',(-0.0431299379659979,-0.0278793290615485,-0.035281494140625));
#5456=CARTESIAN_POINT('',(-0.0479610080412939,-0.0226167283213047,-0.0362666931152344));
#5457=CARTESIAN_POINT('',(-0.0509827195326329,-0.0161033062569936,-0.0371287422180176));
#5458=CARTESIAN_POINT('',(-0.0520017909294251,-0.0110383666364226,-0.0375392417907715));
#5459=CARTESIAN_POINT('',(-0.0526390510732258,-0.00569742460299049,-0.0378265914916992));
#5460=CARTESIAN_POINT('',(-0.0527667755186304,-0.0028894173342722,-0.03790869140625));
#5461=CARTESIAN_POINT('',(-0.0527667755186304,-2.6986469699522E-18,-0.03790869140625));
#5462=CARTESIAN_POINT('',(0.,-0.0338390259572664,-0.035244140625));
#5463=CARTESIAN_POINT('',(-0.00481161910157298,-0.0338390259572664,-0.035244140625));
#5464=CARTESIAN_POINT('',(-0.00920216807543961,-0.0337095011328658,-0.0353206558227539));
#5465=CARTESIAN_POINT('',(-0.0171829572651406,-0.033118572218301,-0.0355884590148926));
#5466=CARTESIAN_POINT('',(-0.0243631655276816,-0.0321957640379725,-0.0359710350036621));
#5467=CARTESIAN_POINT('',(-0.0328808717374478,-0.0296714617693267,-0.0367744445800781));
#5468=CARTESIAN_POINT('',(-0.0393211999880467,-0.0259366539516923,-0.0376926269531249));
#5469=CARTESIAN_POINT('',(-0.0438854701317987,-0.0209949616842596,-0.0386108093261719));
#5470=CARTESIAN_POINT('',(-0.046801093648468,-0.0149240427162445,-0.0394142189025879));
#5471=CARTESIAN_POINT('',(-0.0478147469796634,-0.0102250752033412,-0.0397967948913574));
#5472=CARTESIAN_POINT('',(-0.0484565507157833,-0.00527550727308066,-0.0400645980834961));
#5473=CARTESIAN_POINT('',(-0.0485915277863056,-0.00267580924786486,-0.04014111328125));
#5474=CARTESIAN_POINT('',(-0.0485915277863056,-2.24124917843488E-18,-0.04014111328125));
#5475=CARTESIAN_POINT('',(0.,-0.0326052000462976,-0.0364560546875));
#5476=CARTESIAN_POINT('',(-0.00452799278926396,-0.0326052000462976,-0.0364560546875));
#5477=CARTESIAN_POINT('',(-0.00866871768935191,-0.0324741176587321,-0.036528833548228));
#5478=CARTESIAN_POINT('',(-0.0162112345054857,-0.0318866738360173,-0.0367835595607758));
#5479=CARTESIAN_POINT('',(-0.0230145730150644,-0.0309739509657188,-0.0371474538644155));
#5480=CARTESIAN_POINT('',(-0.0311301643035906,-0.0285064204153211,-0.0379116319020589));
#5481=CARTESIAN_POINT('',(-0.0373079755236106,-0.0248845682329344,-0.0387849782307942));
#5482=CARTESIAN_POINT('',(-0.041723161045971,-0.0201192527466793,-0.0396583245595297));
#5483=CARTESIAN_POINT('',(-0.0445743932050301,-0.0142880659998354,-0.040422502597173));
#5484=CARTESIAN_POINT('',(-0.0455807059341155,-0.00978624450050662,-0.0407863969008128));
#5485=CARTESIAN_POINT('',(-0.0462216670618509,-0.00504759432499438,-0.0410411229133606));
#5486=CARTESIAN_POINT('',(-0.0463594718250437,-0.00256020295825253,-0.0411139017740885));
#5487=CARTESIAN_POINT('',(-0.0463594718250437,-2.02017357920151E-18,-0.0411139017740885));
#5488=CARTESIAN_POINT('',(0.,-0.0298874446118245,-0.038697265625));
#5489=CARTESIAN_POINT('',(-0.00394435209843183,-0.0298874446118245,-0.038697265625));
#5490=CARTESIAN_POINT('',(-0.00756908332544496,-0.0297556299443498,-0.0387611244519552));
#5491=CARTESIAN_POINT('',(-0.0142027531338753,-0.0291834919158869,-0.0389846303462983));
#5492=CARTESIAN_POINT('',(-0.0202204358901899,-0.0283028451939104,-0.039303924481074));
#5493=CARTESIAN_POINT('',(-0.0274862333781061,-0.0259745942761593,-0.0399744421641032));
#5494=CARTESIAN_POINT('',(-0.0330971756060028,-0.0226101910908235,-0.0407407480875651));
#5495=CARTESIAN_POINT('',(-0.0371777708371613,-0.0182336475265513,-0.041507054011027));
#5496=CARTESIAN_POINT('',(-0.0398711642116077,-0.0129218587934388,-0.0421775716940562));
#5497=CARTESIAN_POINT('',(-0.0408498132346116,-0.00884368854649889,-0.042496865828832));
#5498=CARTESIAN_POINT('',(-0.0414801286088074,-0.00455791670478984,-0.0427203717231751));
#5499=CARTESIAN_POINT('',(-0.0416211194715012,-0.00231150580697439,-0.0427842305501302));
#5500=CARTESIAN_POINT('',(-0.0416211194715012,-1.60089227031063E-18,-0.0427842305501302));
#5501=CARTESIAN_POINT('',(0.,-0.02840351508832,-0.0397265625));
#5502=CARTESIAN_POINT('',(-0.003644348106565,-0.02840351508832,-0.0397265625));
#5503=CARTESIAN_POINT('',(-0.00700291752427423,-0.0282725253363107,-0.0397852376302084));
#5504=CARTESIAN_POINT('',(-0.0131660240589736,-0.0277122068149308,-0.0399906005859375));
#5505=CARTESIAN_POINT('',(-0.0187749279558128,-0.0268535492761892,-0.0402839762369792));
#5506=CARTESIAN_POINT('',(-0.0255930475381079,-0.0246078032385654,-0.0409000651041667));
#5507=CARTESIAN_POINT('',(-0.0308996319619659,-0.021387890656604,-0.0416041666666667));
#5508=CARTESIAN_POINT('',(-0.034794711785824,-0.0172237405780802,-0.0423082682291666));
#5509=CARTESIAN_POINT('',(-0.0373946470220284,-0.0121916179133707,-0.0429243570963542));
#5510=CARTESIAN_POINT('',(-0.0383529670985668,-0.00833995492809264,-0.0432177327473958));
#5511=CARTESIAN_POINT('',(-0.0389734751080283,-0.00429614688360505,-0.043423095703125));
#5512=CARTESIAN_POINT('',(-0.0391148230792207,-0.00217841200298484,-0.0434817708333333));
#5513=CARTESIAN_POINT('',(-0.0391148230792207,-1.40268656065312E-18,-0.0434817708333333));
#5514=CARTESIAN_POINT('',(0.,-0.0251618040911688,-0.0415859375));
#5515=CARTESIAN_POINT('',(-0.00303852688427715,-0.0251618040911688,-0.0415859375));
#5516=CARTESIAN_POINT('',(-0.00585679103211057,-0.0250355362368135,-0.0416334635416667));
#5517=CARTESIAN_POINT('',(-0.0110594872312481,-0.0245093965372272,-0.0417998046875));
#5518=CARTESIAN_POINT('',(-0.0158282254324913,-0.0237096528467651,-0.0420374348958333));
#5519=CARTESIAN_POINT('',(-0.0217104753538288,-0.0216602687382192,-0.0425364583333334));
#5520=CARTESIAN_POINT('',(-0.0263649541041633,-0.018766407702866,-0.0431067708333333));
#5521=CARTESIAN_POINT('',(-0.0298468174893874,-0.0150676096330212,-0.0436770833333334));
#5522=CARTESIAN_POINT('',(-0.0322232909117615,-0.0106376626672712,-0.0441761067708334));
#5523=CARTESIAN_POINT('',(-0.0331235432171971,-0.00726895634940571,-0.0444137369791667));
#5524=CARTESIAN_POINT('',(-0.0337122187328912,-0.00373997407156658,-0.044580078125));
#5525=CARTESIAN_POINT('',(-0.0338507680958677,-0.00189552357922026,-0.0446276041666667));
#5526=CARTESIAN_POINT('',(-0.0338507680958677,-1.03676832743926E-18,-0.0446276041666667));
#5527=CARTESIAN_POINT('',(0.,-0.023404022617522,-0.042416015625));
#5528=CARTESIAN_POINT('',(-0.00273273039894447,-0.023404022617522,-0.042416015625));
#5529=CARTESIAN_POINT('',(-0.00527686664502223,-0.0232816515199387,-0.0424575762748718));
#5530=CARTESIAN_POINT('',(-0.00998973847226934,-0.0227778704024588,-0.0426030385494232));
#5531=CARTESIAN_POINT('',(-0.0143271040996402,-0.0220150503626658,-0.0428108417987824));
#5532=CARTESIAN_POINT('',(-0.0197211642104933,-0.0200795214433829,-0.0432472286224365));
#5533=CARTESIAN_POINT('',(-0.0240278834222305,-0.0173672196606381,-0.0437459564208985));
#5534=CARTESIAN_POINT('',(-0.0272820263276007,-0.0139213790993488,-0.0442446842193603));
#5535=CARTESIAN_POINT('',(-0.0295284746810143,-0.00981394193321781,-0.0446810710430146));
#5536=CARTESIAN_POINT('',(-0.0303909764927003,-0.00670168626089493,-0.0448888742923736));
#5537=CARTESIAN_POINT('',(-0.0309576184516693,-0.00344556792487897,-0.0450343365669251));
#5538=CARTESIAN_POINT('',(-0.0310930095047953,-0.00174572715611157,-0.0450758972167969));
#5539=CARTESIAN_POINT('',(-0.0310930095047953,-8.69055803882912E-19,-0.0450758972167969));
#5540=CARTESIAN_POINT('',(0.,-0.019590859382479,-0.0438603515625));
#5541=CARTESIAN_POINT('',(-0.00212801538377065,-0.019590859382479,-0.0438603515625));
#5542=CARTESIAN_POINT('',(-0.0041259927377492,-0.0194801324499871,-0.0438900904655457));
#5543=CARTESIAN_POINT('',(-0.00785571122906393,-0.0190341029361203,-0.0439941766262054));
#5544=CARTESIAN_POINT('',(-0.0113191240728364,-0.0183634977733702,-0.0441428711414338));
#5545=CARTESIAN_POINT('',(-0.0157028770740032,-0.0166933846314144,-0.0444551296234131));
#5546=CARTESIAN_POINT('',(-0.0192694705162223,-0.0143874745409636,-0.044811996459961));
#5547=CARTESIAN_POINT('',(-0.0220197671324466,-0.0114930628518701,-0.0451688632965088));
#5548=CARTESIAN_POINT('',(-0.023961285683038,-0.00807633181450328,-0.0454811217784882));
#5549=CARTESIAN_POINT('',(-0.0247258958648575,-0.00550701099133387,-0.0456298162937164));
#5550=CARTESIAN_POINT('',(-0.0252325818924496,-0.00282659211950304,-0.0457339024543762));
#5551=CARTESIAN_POINT('',(-0.0253569628291318,-0.00143093216655105,-0.0457636413574219));
#5552=CARTESIAN_POINT('',(-0.0253569628291318,-5.71747239396653E-19,-0.0457636413574219));
#5553=CARTESIAN_POINT('',(0.,-0.0175354776210829,-0.044474609375));
#5554=CARTESIAN_POINT('',(-0.0018291293664754,-0.0175354776210829,-0.044474609375));
#5555=CARTESIAN_POINT('',(-0.00355510011451982,-0.0174324980266885,-0.0444984919230143));
#5556=CARTESIAN_POINT('',(-0.00679152520238971,-0.0170218613061064,-0.0445820808410645));
#5557=CARTESIAN_POINT('',(-0.00981238018881138,-0.016406547053731,-0.0447014935811361));
#5558=CARTESIAN_POINT('',(-0.0136740189388276,-0.0148879939205076,-0.0449522603352864));
#5559=CARTESIAN_POINT('',(-0.0168482278618188,-0.012806915743077,-0.0452388509114584));
#5560=CARTESIAN_POINT('',(-0.0193223681882392,-0.0102109751016247,-0.0455254414876302));
#5561=CARTESIAN_POINT('',(-0.021088948476406,-0.00716244044606964,-0.0457762082417806));
#5562=CARTESIAN_POINT('',(-0.0217933992338015,-0.00487960421273227,-0.0458956209818522));
#5563=CARTESIAN_POINT('',(-0.02226214967852,-0.00250202147770619,-0.0459792098999024));
#5564=CARTESIAN_POINT('',(-0.0223786747445407,-0.00126593303832293,-0.0460030924479167));
#5565=CARTESIAN_POINT('',(-0.0223786747445407,-4.42151198466745E-19,-0.0460030924479167));
#5566=CARTESIAN_POINT('',(0.,-0.0131033654729346,-0.045470703125));
#5567=CARTESIAN_POINT('',(-0.0012525728226367,-0.0131033654729346,-0.045470703125));
#5568=CARTESIAN_POINT('',(-0.00244806800245738,-0.0130206018682701,-0.0454840977986654));
#5569=CARTESIAN_POINT('',(-0.00471242752068273,-0.0126965790562095,-0.0455309791564941));
#5570=CARTESIAN_POINT('',(-0.00685012842513212,-0.0122140606414173,-0.045597952524821));
#5571=CARTESIAN_POINT('',(-0.00964168973285031,-0.0110434457910339,-0.0457385965983073));
#5572=CARTESIAN_POINT('',(-0.0119859091949482,-0.00946219805266167,-0.0458993326822917));
#5573=CARTESIAN_POINT('',(-0.0138530974257251,-0.00751407652671339,-0.0460600687662761));
#5574=CARTESIAN_POINT('',(-0.0152162274504436,-0.00525039507380876,-0.0462007128397623));
#5575=CARTESIAN_POINT('',(-0.0157726989537013,-0.00357014656778572,-0.0462676862080892));
#5576=CARTESIAN_POINT('',(-0.0161457954827448,-0.00182647542006374,-0.046314567565918));
#5577=CARTESIAN_POINT('',(-0.0162406562601596,-0.000922967928270943,-0.0463279622395833));
#5578=CARTESIAN_POINT('',(-0.0162406562601596,-2.28698895758661E-19,-0.0463279622395833));
#5579=CARTESIAN_POINT('',(0.,-0.0107266350861824,-0.0458525390625));
#5580=CARTESIAN_POINT('',(-0.000974947595781108,-0.0107266350861824,-0.0458525390625));
#5581=CARTESIAN_POINT('',(-0.00191200778807804,-0.0106563402245605,-0.0458613022168477));
#5582=CARTESIAN_POINT('',(-0.00369764468663727,-0.0103835388248197,-0.0458919732570648));
#5583=CARTESIAN_POINT('',(-0.00539478051000055,-0.00997852574858194,-0.0459357890288035));
#5584=CARTESIAN_POINT('',(-0.00763838287341717,-0.00900428992643996,-0.0460278021494547));
#5585=CARTESIAN_POINT('',(-0.00954497191277532,-0.0076980413996822,-0.0461329600016276));
#5586=CARTESIAN_POINT('',(-0.0110813218692551,-0.00609926835294246,-0.0462381178538005));
#5587=CARTESIAN_POINT('',(-0.0122158931776468,-0.00425224365231888,-0.0463301309744517));
#5588=CARTESIAN_POINT('',(-0.0126845193701163,-0.00288809778102219,-0.0463739467461904));
#5589=CARTESIAN_POINT('',(-0.0129998791633603,-0.00147550128396056,-0.0464046177864075));
#5590=CARTESIAN_POINT('',(-0.0130809258603695,-0.000745002677728457,-0.0464133809407552));
#5591=CARTESIAN_POINT('',(-0.0130809258603695,-1.44842633980485E-19,-0.0464133809407552));
#5592=CARTESIAN_POINT('',(0.,-0.00562807734971512,-0.0463671875));
#5593=CARTESIAN_POINT('',(-0.000456204651767234,-0.00562807734971512,-0.0463671875));
#5594=CARTESIAN_POINT('',(-0.000902216521298857,-0.00558840387505325,-0.0463692533175151));
#5595=CARTESIAN_POINT('',(-0.00176444516144302,-0.00543696626185187,-0.0463764836788178));
#5596=CARTESIAN_POINT('',(-0.00259687499968677,-0.00521343798477285,-0.046386812766393));
#5597=CARTESIAN_POINT('',(-0.00372821640930408,-0.00468464973522072,-0.0464085038503011));
#5598=CARTESIAN_POINT('',(-0.00471470251725449,-0.00398614911079515,-0.0464332936604818));
#5599=CARTESIAN_POINT('',(-0.00552913635774788,-0.0031427268719172,-0.0464580834706624));
#5600=CARTESIAN_POINT('',(-0.00614467595312259,-0.00218018108036882,-0.0464797745545705));
#5601=CARTESIAN_POINT('',(-0.00640478152693786,-0.00147693842631821,-0.0464901036421458));
#5602=CARTESIAN_POINT('',(-0.00658104935540094,-0.000752193930592997,-0.0464973340034485));
#5603=CARTESIAN_POINT('',(-0.0066272643969564,-0.000379076015615448,-0.0464993998209635));
#5604=CARTESIAN_POINT('',(-0.0066272643969564,-3.04931861011548E-20,-0.0464993998209635));
#5605=CARTESIAN_POINT('',(0.,-0.00290625,-0.0465));
#5606=CARTESIAN_POINT('',(-0.000215137815021861,-0.00290625,-0.0465));
#5607=CARTESIAN_POINT('',(-0.000428576503253054,-0.00288473019207942,-0.0465));
#5608=CARTESIAN_POINT('',(-0.000846182132810007,-0.00280343827727503,-0.0465));
#5609=CARTESIAN_POINT('',(-0.00125451601546153,-0.00268389406350742,-0.0465));
#5610=CARTESIAN_POINT('',(-0.00182158111875021,-0.00240418279660013,-0.0465));
#5611=CARTESIAN_POINT('',(-0.00232559002137799,-0.00203843853407079,-0.0465));
#5612=CARTESIAN_POINT('',(-0.00274892224337257,-0.00160102322655318,-0.0465));
#5613=CARTESIAN_POINT('',(-0.00307395730476166,-0.00110629882468111,-0.0465));
#5614=CARTESIAN_POINT('',(-0.00321336891863585,-0.000747851127619306,-0.0465));
#5615=CARTESIAN_POINT('',(-0.00330826782566001,-0.00037987503286188,-0.0465));
#5616=CARTESIAN_POINT('',(-0.00333346092574708,-0.000191122786635361,-0.0465));
#5617=CARTESIAN_POINT('',(-0.00333346092574708,0.,-0.0465));
#5618=CARTESIAN_POINT('',(0.,0.,-0.0465));
#5619=CARTESIAN_POINT('',(0.,0.,-0.0465));
#5620=CARTESIAN_POINT('',(0.,0.,-0.0465));
#5621=CARTESIAN_POINT('',(0.,0.,-0.0465));
#5622=CARTESIAN_POINT('',(0.,0.,-0.0465));
#5623=CARTESIAN_POINT('',(0.,0.,-0.0465));
#5624=CARTESIAN_POINT('',(0.,0.,-0.0465));
#5625=CARTESIAN_POINT('',(0.,0.,-0.0465));
#5626=CARTESIAN_POINT('',(0.,0.,-0.0465));
#5627=CARTESIAN_POINT('',(0.,0.,-0.0465));
#5628=CARTESIAN_POINT('',(0.,0.,-0.0465));
#5629=CARTESIAN_POINT('',(0.,0.,-0.0465));
#5630=CARTESIAN_POINT('',(0.,0.,-0.0465));
#5631=CARTESIAN_POINT('',(-0.0382610304624979,-0.0429653853098819,-0.0111900366162886));
#5632=CARTESIAN_POINT('',(-0.0343144814474872,-0.0431082027338225,-0.0129215553581554));
#5633=CARTESIAN_POINT('',(-0.026439499397514,-0.0429776065873516,-0.0163766445916934));
#5634=CARTESIAN_POINT('',(-0.018590420779237,-0.0422518557154194,-0.0198203688891087));
#5635=CARTESIAN_POINT('',(-0.0146723184734583,-0.0417410843167741,-0.021539406850934));
#5636=CARTESIAN_POINT('',(-0.0382610304624979,-0.0429653853098819,-0.0111900366162886));
#5637=CARTESIAN_POINT('',(-0.0146723184734583,-0.0417410843167741,-0.021539406850934));
#5638=CARTESIAN_POINT('',(-0.0146723184734583,-0.0417410843167741,-0.021539406850934));
#5639=CARTESIAN_POINT('',(-0.00978227134083608,-0.0418622454150529,-0.021539406850934));
#5640=CARTESIAN_POINT('',(-0.00489127562695853,-0.0418898520351386,-0.021539406850934));
#5641=CARTESIAN_POINT('',(0.,-0.0418898520351386,-0.021539406850934));
#5642=CARTESIAN_POINT('',(0.,-0.0418898520350532,-0.0215394068510568));
#5643=CARTESIAN_POINT('',(0.,0.,-0.0465));
#5644=CARTESIAN_POINT('',(0.,-0.0465,-0.0465));
#5645=CARTESIAN_POINT('',(0.,-0.0457878015270715,-0.0125));
#5646=CARTESIAN_POINT('',(0.,-0.0465,0.0215));
#5647=CARTESIAN_POINT('',(-0.0432475022971642,-0.0450761090619672,0.0215));
#5648=CARTESIAN_POINT('',(-0.0432475022971642,-0.0449181508333264,0.0134796232202054));
#5649=CARTESIAN_POINT('',(-0.043247502297163,-0.0447062274261897,0.0054623421137421));
#5650=CARTESIAN_POINT('',(-0.043247502297163,-0.0436988325563233,-0.00250930734910071));
#5651=CARTESIAN_POINT('',(-0.043247502297163,-0.0436988325563233,-0.00250930734910071));
#5652=CARTESIAN_POINT('',(-0.043247502297163,-0.0436988325563233,-0.0025093073491007));
#5653=CARTESIAN_POINT('',(-0.043247502297163,-0.0435878748062945,-0.0033873307685886));
#5654=CARTESIAN_POINT('',(-0.0430210800189969,-0.0433844222434968,-0.0051119399496629));
#5655=CARTESIAN_POINT('',(-0.0420188530022556,-0.0431425286366142,-0.00756347288009532));
#5656=CARTESIAN_POINT('',(-0.040403335013709,-0.0429910602037285,-0.00967621406144877));
#5657=CARTESIAN_POINT('',(-0.0390257287349756,-0.0429610278669926,-0.0107440546768011));
#5658=CARTESIAN_POINT('',(-0.0382610304624979,-0.0429653853098819,-0.0111900366162886));
#5659=CARTESIAN_POINT('',(0.,-0.0465,0.0215));
#5660=CARTESIAN_POINT('',(0.00872923781528192,-0.0465,0.0215));
#5661=CARTESIAN_POINT('',(0.0165267290497043,-0.0464964184840501,0.0215));
#5662=CARTESIAN_POINT('',(0.0303874232348592,-0.0461715172210557,0.0215));
#5663=CARTESIAN_POINT('',(0.0425128811731041,-0.0455288777269667,0.0215));
#5664=CARTESIAN_POINT('',(0.0559653192657367,-0.0429378473433542,0.0215));
#5665=CARTESIAN_POINT('',(0.06524284543052,-0.0383037585164576,0.0215));
#5666=CARTESIAN_POINT('',(0.0709971735152291,-0.0314684930938618,0.0215));
#5667=CARTESIAN_POINT('',(0.0739708943285292,-0.0225318020715416,0.0215));
#5668=CARTESIAN_POINT('',(0.0746552818694933,-0.0154114710864217,0.0215));
#5669=CARTESIAN_POINT('',(0.0749987378199876,-0.00791503471376676,0.0215));
#5670=CARTESIAN_POINT('',(0.075,-0.00398010878659461,0.0215));
#5671=CARTESIAN_POINT('',(0.075,-7.80625564189563E-18,0.0215));
#5672=CARTESIAN_POINT('',(0.,-0.0464554875954419,0.019375));
#5673=CARTESIAN_POINT('',(0.00872765442725609,-0.0464554875954419,0.019375));
#5674=CARTESIAN_POINT('',(0.0165233716405081,-0.0464523646415561,0.0193802048550119));
#5675=CARTESIAN_POINT('',(0.0303802813144817,-0.04612912758185,0.0193984218475536));
#5676=CARTESIAN_POINT('',(0.0425017182727044,-0.0454888993702095,0.0194244461226133));
#5677=CARTESIAN_POINT('',(0.0559478498811254,-0.0429032170128476,0.0194790971002385));
#5678=CARTESIAN_POINT('',(0.0652192289398626,-0.0382756971798764,0.0195415553603817));
#5679=CARTESIAN_POINT('',(0.0709680036890352,-0.0314477115839778,0.0196040136205248));
#5680=CARTESIAN_POINT('',(0.0739371993296527,-0.0225185010862233,0.01965866459815));
#5681=CARTESIAN_POINT('',(0.0746195451256268,-0.0154029508261243,0.0196846888732097));
#5682=CARTESIAN_POINT('',(0.0749615916469786,-0.00791102198784433,0.0197029058657515));
#5683=CARTESIAN_POINT('',(0.0749624652703433,-0.00397821323253678,0.0197081107207634));
#5684=CARTESIAN_POINT('',(0.0749624652703433,-7.80625564189563E-18,0.0197081107207634));
#5685=CARTESIAN_POINT('',(0.,-0.0464165392414537,0.01725));
#5686=CARTESIAN_POINT('',(0.00871879761200027,-0.0464165392414537,0.01725));
#5687=CARTESIAN_POINT('',(0.0165070831473419,-0.0464127659595302,0.0172573742866516));
#5688=CARTESIAN_POINT('',(0.0303517934771876,-0.0460880816191125,0.0172831842899322));
#5689=CARTESIAN_POINT('',(0.0424636988059566,-0.0454462595021241,0.0173200557231903));
#5690=CARTESIAN_POINT('',(0.0559026556639289,-0.0428602012057874,0.0173974857330323));
#5691=CARTESIAN_POINT('',(0.0651727472275302,-0.0382357678444834,0.0174859771728515));
#5692=CARTESIAN_POINT('',(0.0709245313103323,-0.0314147713211281,0.0175744686126709));
#5693=CARTESIAN_POINT('',(0.0738990876986683,-0.0224958853856666,0.0176518986225128));
#5694=CARTESIAN_POINT('',(0.0745850413339779,-0.0153883922186041,0.0176887700557709));
#5695=CARTESIAN_POINT('',(0.0749298275681158,-0.00790424692783169,0.0177145800590515));
#5696=CARTESIAN_POINT('',(0.0749316369845987,-0.00397518791979112,0.0177219543457031));
#5697=CARTESIAN_POINT('',(0.0749316369845987,-7.77576245579448E-18,0.0177219543457031));
#5698=CARTESIAN_POINT('',(0.,-0.0463260222970098,0.0130166015625));
#5699=CARTESIAN_POINT('',(0.00868472141862327,-0.0463260222970098,0.0130166015625));
#5700=CARTESIAN_POINT('',(0.0164444972696469,-0.0463191698588067,0.0130240330696106));
#5701=CARTESIAN_POINT('',(0.0302425386137301,-0.0459867598800555,0.0130500433444977));
#5702=CARTESIAN_POINT('',(0.0423181392257903,-0.0453356447989594,0.0130872008800507));
#5703=CARTESIAN_POINT('',(0.0557301776802661,-0.0427409406593903,0.0131652317047119));
#5704=CARTESIAN_POINT('',(0.0649960041708614,-0.0381193732579315,0.0132544097900391));
#5705=CARTESIAN_POINT('',(0.07075995996459,-0.0313151953175441,0.0133435878753662));
#5706=CARTESIAN_POINT('',(0.0737555770957453,-0.0224257440281147,0.0134216187000275));
#5707=CARTESIAN_POINT('',(0.0744555779425153,-0.0153428753736752,0.0134587762355804));
#5708=CARTESIAN_POINT('',(0.0748110113585696,-0.00788289152973861,0.0134847865104675));
#5709=CARTESIAN_POINT('',(0.0748164443512387,-0.00396566201076331,0.0134922180175781));
#5710=CARTESIAN_POINT('',(0.0748164443512387,-7.66141300791515E-18,0.0134922180175781));
#5711=CARTESIAN_POINT('',(0.,-0.0462744537065542,0.010908203125));
#5712=CARTESIAN_POINT('',(0.00865945765408434,-0.0462744537065542,0.010908203125));
#5713=CARTESIAN_POINT('',(0.0163981222817474,-0.0462651724401091,0.0109135258992513));
#5714=CARTESIAN_POINT('',(0.0301616456915632,-0.045926484103736,0.0109321556091309));
#5715=CARTESIAN_POINT('',(0.0422104430650084,-0.0452676699638801,0.0109587694803874));
#5716=CARTESIAN_POINT('',(0.0556027344702443,-0.0426646959200535,0.011014658610026));
#5717=CARTESIAN_POINT('',(0.0648656092246548,-0.0380429080067727,0.0110785319010417));
#5718=CARTESIAN_POINT('',(0.0706387698822726,-0.0312485595768096,0.0111424051920573));
#5719=CARTESIAN_POINT('',(0.0736501335470566,-0.0223782183711194,0.011198294321696));
#5720=CARTESIAN_POINT('',(0.0743605990976137,-0.0153119171362667,0.0112249081929525));
#5721=CARTESIAN_POINT('',(0.0747239582697921,-0.00786831119165815,0.011243537902832));
#5722=CARTESIAN_POINT('',(0.0747320846666918,-0.00395916141448117,0.0112488606770833));
#5723=CARTESIAN_POINT('',(0.0747320846666918,-7.57755674613697E-18,0.0112488606770833));
#5724=CARTESIAN_POINT('',(0.,-0.0461349479515689,0.006724609375));
#5725=CARTESIAN_POINT('',(0.00858952542565309,-0.0461349479515689,0.006724609375));
#5726=CARTESIAN_POINT('',(0.0162691984385436,-0.0461194698084342,0.00672302500406901));
#5727=CARTESIAN_POINT('',(0.0299350816328262,-0.0457647855709964,0.00671747970581055));
#5728=CARTESIAN_POINT('',(0.0419066077256195,-0.0450863733823901,0.0067095578511556));
#5729=CARTESIAN_POINT('',(0.0552372327455304,-0.0424625195299338,0.00669292195638021));
#5730=CARTESIAN_POINT('',(0.0644833304643777,-0.0378406416705468,0.00667390950520833));
#5731=CARTESIAN_POINT('',(0.0702727673334042,-0.0310722146455018,0.00665489705403646));
#5732=CARTESIAN_POINT('',(0.0733191394368794,-0.0222519765747284,0.00663826115926107));
#5733=CARTESIAN_POINT('',(0.07405422814036,-0.0152292780961182,0.00663033930460613));
#5734=CARTESIAN_POINT('',(0.0744364222778636,-0.00782906462754203,0.00662479400634767));
#5735=CARTESIAN_POINT('',(0.0744510720636269,-0.00394146917221955,0.00662320963541667));
#5736=CARTESIAN_POINT('',(0.0744510720636269,-7.36410444342889E-18,0.00662320963541667));
#5737=CARTESIAN_POINT('',(0.,-0.0459590736225094,0.00257421875));
#5738=CARTESIAN_POINT('',(0.00849996567155287,-0.0459590736225094,0.00257421875));
#5739=CARTESIAN_POINT('',(0.0161037107818825,-0.0459360471460458,0.00256303755442301));
#5740=CARTESIAN_POINT('',(0.029643105697351,-0.0455618880533121,0.00252390336990355));
#5741=CARTESIAN_POINT('',(0.0415135425129788,-0.0448596228207718,0.00246799739201863));
#5742=CARTESIAN_POINT('',(0.054760307970752,-0.0422104482089918,0.00235059483846027));
#5743=CARTESIAN_POINT('',(0.0639788804306451,-0.0375887397077821,0.00221642049153645));
#5744=CARTESIAN_POINT('',(0.0697826688943816,-0.0308524414077717,0.00208224614461262));
#5745=CARTESIAN_POINT('',(0.0728677945976199,-0.0220941986166789,0.00196484359105428));
#5746=CARTESIAN_POINT('',(0.0736313255391754,-0.0151256381117671,0.00190893761316935));
#5747=CARTESIAN_POINT('',(0.0740354286182721,-0.00777956086539591,0.0018698034286499));
#5748=CARTESIAN_POINT('',(0.074057766226591,-0.00391898798878932,0.00185862223307292));
#5749=CARTESIAN_POINT('',(0.074057766226591,-7.10491236156907E-18,0.00185862223307292));
#5750=CARTESIAN_POINT('',(0.,-0.0456629654700879,-0.0014765625));
#5751=CARTESIAN_POINT('',(0.0083633111316476,-0.0456629654700879,-0.0014765625));
#5752=CARTESIAN_POINT('',(0.0158499480244546,-0.0456303928769254,-0.0015));
#5753=CARTESIAN_POINT('',(0.0291914612750007,-0.045232021154823,-0.00158203125));
#5754=CARTESIAN_POINT('',(0.0409003919286239,-0.0445004228969432,-0.00169921875));
#5755=CARTESIAN_POINT('',(0.0540022127539566,-0.0418227227565533,-0.0019453125));
#5756=CARTESIAN_POINT('',(0.0631574384243747,-0.0372077176184747,-0.0022265625));
#5757=CARTESIAN_POINT('',(0.0689598563045881,-0.0305220261407083,-0.0025078125));
#5758=CARTESIAN_POINT('',(0.0720820611238281,-0.0218558878833744,-0.00275390625));
#5759=CARTESIAN_POINT('',(0.0728776570251746,-0.0149674048335998,-0.00287109375));
#5760=CARTESIAN_POINT('',(0.0733070524235394,-0.00770255346616896,-0.002953125));
#5761=CARTESIAN_POINT('',(0.0733386498712308,-0.00388310994998815,-0.0029765625));
#5762=CARTESIAN_POINT('',(0.0733386498712308,-6.76948731445637E-18,-0.0029765625));
#5763=CARTESIAN_POINT('',(0.,-0.0452829920683786,-0.0054609375));
#5764=CARTESIAN_POINT('',(0.00819918933160624,-0.0452829920683787,-0.0054609375));
#5765=CARTESIAN_POINT('',(0.0155446013933579,-0.0452402270317865,-0.005496826171875));
#5766=CARTESIAN_POINT('',(0.0286461336038994,-0.0448163838604738,-0.0056224365234375));
#5767=CARTESIAN_POINT('',(0.0401575962753997,-0.0440542275910325,-0.0058018798828125));
#5768=CARTESIAN_POINT('',(0.0530769184180355,-0.0413492381034407,-0.0061787109375));
#5769=CARTESIAN_POINT('',(0.062145252955545,-0.0367472110291635,-0.006609375));
#5770=CARTESIAN_POINT('',(0.0679340316543971,-0.0301243971507339,-0.0070400390625));
#5771=CARTESIAN_POINT('',(0.0710892337880402,-0.0215685805364734,-0.0074168701171875));
#5772=CARTESIAN_POINT('',(0.0719173353539489,-0.0147755792058193,-0.0075963134765625));
#5773=CARTESIAN_POINT('',(0.0723727784207337,-0.00760829962789117,-0.007721923828125));
#5774=CARTESIAN_POINT('',(0.0724141707045642,-0.00383862399698466,-0.0077578125));
#5775=CARTESIAN_POINT('',(0.0724141707045642,-6.40356908124251E-18,-0.0077578125));
#5776=CARTESIAN_POINT('',(0.,-0.0450510727428801,-0.00741992187500002));
#5777=CARTESIAN_POINT('',(0.00810327546099814,-0.0450510727428801,-0.00741992187500002));
#5778=CARTESIAN_POINT('',(0.0153659272950665,-0.0450028798766663,-0.00746213356653851));
#5779=CARTESIAN_POINT('',(0.0283262887693713,-0.0445656441260677,-0.00760987448692323));
#5780=CARTESIAN_POINT('',(0.0397209544931439,-0.0437875583572978,-0.00782093294461568));
#5781=CARTESIAN_POINT('',(0.0525302390811294,-0.0410694726193416,-0.00826415570576986));
#5782=CARTESIAN_POINT('',(0.0615434230095101,-0.0364770085932388,-0.00877069600423177));
#5783=CARTESIAN_POINT('',(0.0673193597004992,-0.029891730902587,-0.00927723630269369));
#5784=CARTESIAN_POINT('',(0.0704891426604553,-0.0214001899979266,-0.00972045906384786));
#5785=CARTESIAN_POINT('',(0.0713337845400726,-0.0146626781038027,-0.00993151752154032));
#5786=CARTESIAN_POINT('',(0.0718026775977295,-0.00755243126564556,-0.010079258441925));
#5787=CARTESIAN_POINT('',(0.0718492497155776,-0.00381200950704958,-0.0101214701334635));
#5788=CARTESIAN_POINT('',(0.0718492497155776,-6.205363371585E-18,-0.0101214701334635));
#5789=CARTESIAN_POINT('',(0.,-0.0444796205049884,-0.0112548828125));
#5790=CARTESIAN_POINT('',(0.00788038225416893,-0.0444796205049884,-0.0112548828125));
#5791=CARTESIAN_POINT('',(0.0149502392232453,-0.0444202458611733,-0.0113090256055196));
#5792=CARTESIAN_POINT('',(0.0275805549332574,-0.0439559710404651,-0.0114985253810883));
#5793=CARTESIAN_POINT('',(0.0387007697744214,-0.0431461706866791,-0.0117692393461863));
#5794=CARTESIAN_POINT('',(0.0512467816867694,-0.0404057002536538,-0.0123377386728922));
#5795=CARTESIAN_POINT('',(0.0601218345042435,-0.0358414020484004,-0.0129874521891276));
#5796=CARTESIAN_POINT('',(0.0658566384787463,-0.0293463536342673,-0.013637165705363));
#5797=CARTESIAN_POINT('',(0.0690492628595589,-0.0210047680078334,-0.0142056650320689));
#5798=CARTESIAN_POINT('',(0.0699265115487467,-0.0143962517352164,-0.0144763789971669));
#5799=CARTESIAN_POINT('',(0.0704224388702701,-0.00741950048944866,-0.0146658787727356));
#5800=CARTESIAN_POINT('',(0.0704797418471997,-0.00374800427380633,-0.0147200215657552));
#5801=CARTESIAN_POINT('',(0.0704797418471997,-5.78608206269413E-18,-0.0147200215657552));
#5802=CARTESIAN_POINT('',(0.,-0.0441400875925953,-0.013130859375));
#5803=CARTESIAN_POINT('',(0.0077533512618824,-0.0441400875925953,-0.013130859375));
#5804=CARTESIAN_POINT('',(0.0147131348516012,-0.0440749590008004,-0.0131906102498372));
#5805=CARTESIAN_POINT('',(0.0271545190347355,-0.0435970376892687,-0.0133997383117676));
#5806=CARTESIAN_POINT('',(0.0381170444274738,-0.042771452249795,-0.0136984926859538));
#5807=CARTESIAN_POINT('',(0.0505098163760783,-0.0400216933720651,-0.0143258768717448));
#5808=CARTESIAN_POINT('',(0.0593019177483116,-0.0354759979394867,-0.0150428873697917));
#5809=CARTESIAN_POINT('',(0.0650084794417523,-0.0290336426140945,-0.0157598978678385));
#5810=CARTESIAN_POINT('',(0.0682094176874261,-0.0207777365562869,-0.0163872820536296));
#5811=CARTESIAN_POINT('',(0.0691027619290123,-0.0142427264686465,-0.0166860364278158));
#5812=CARTESIAN_POINT('',(0.0696122945088069,-0.00734243807549739,-0.0168951644897461));
#5813=CARTESIAN_POINT('',(0.0696751549678083,-0.00371061353049815,-0.0169549153645834));
#5814=CARTESIAN_POINT('',(0.0696751549678083,-5.56500646346075E-18,-0.0169549153645834));
#5815=CARTESIAN_POINT('',(0.,-0.0433296598433074,-0.016783203125));
#5816=CARTESIAN_POINT('',(0.00746568504096166,-0.0433296598433075,-0.016783203125));
#5817=CARTESIAN_POINT('',(0.0141758116559455,-0.0432530343346509,-0.0168527704874675));
#5818=CARTESIAN_POINT('',(0.0261876282812614,-0.0427486259277585,-0.0170962562561035));
#5819=CARTESIAN_POINT('',(0.0367903880525528,-0.0418930601312871,-0.0174440930684408));
#5820=CARTESIAN_POINT('',(0.0488292761564937,-0.0391312431289947,-0.0181745503743489));
#5821=CARTESIAN_POINT('',(0.0574242922280352,-0.03463468465822,-0.0190093587239584));
#5822=CARTESIAN_POINT('',(0.0630562762992942,-0.0283158345360161,-0.0198441670735677));
#5823=CARTESIAN_POINT('',(0.066265528913907,-0.0202558655573868,-0.0205746243794759));
#5824=CARTESIAN_POINT('',(0.067189717055989,-0.0138884041826531,-0.0209224611918132));
#5825=CARTESIAN_POINT('',(0.0677259889197996,-0.007163408030397,-0.0211659469604492));
#5826=CARTESIAN_POINT('',(0.0678001667125693,-0.00362302256400227,-0.0212355143229166));
#5827=CARTESIAN_POINT('',(0.0678001667125693,-5.10760867194343E-18,-0.0212355143229166));
#5828=CARTESIAN_POINT('',(0.,-0.0428587650064128,-0.0185595703125));
#5829=CARTESIAN_POINT('',(0.00730502507545152,-0.0428587650064128,-0.0185595703125));
#5830=CARTESIAN_POINT('',(0.013875549542401,-0.0427763896861297,-0.0186333460807801));
#5831=CARTESIAN_POINT('',(0.0256467030808183,-0.0422591184357808,-0.0188915612697601));
#5832=CARTESIAN_POINT('',(0.0360473696724862,-0.041389326575649,-0.0192604401111603));
#5833=CARTESIAN_POINT('',(0.0478856115764249,-0.0386246834408569,-0.0200350856781006));
#5834=CARTESIAN_POINT('',(0.0563665077070082,-0.0341586078386273,-0.0209203948974609));
#5835=CARTESIAN_POINT('',(0.0619521796279687,-0.027910539038521,-0.0218057041168213));
#5836=CARTESIAN_POINT('',(0.0651614582565627,-0.019960832702502,-0.0225803496837616));
#5837=CARTESIAN_POINT('',(0.0661004086612347,-0.0136874514907926,-0.0229492285251617));
#5838=CARTESIAN_POINT('',(0.0666498246001461,-0.00706134460082526,-0.0232074437141419));
#5839=CARTESIAN_POINT('',(0.0667297653367216,-0.00357276759885877,-0.0232812194824219));
#5840=CARTESIAN_POINT('',(0.0667297653367216,-4.87128647965948E-18,-0.0232812194824219));
#5841=CARTESIAN_POINT('',(0.,-0.0417618650705153,-0.02199609375));
#5842=CARTESIAN_POINT('',(0.00694915933380449,-0.0417618650705153,-0.02199609375));
#5843=CARTESIAN_POINT('',(0.013210058793254,-0.0416683773009931,-0.0220764269828797));
#5844=CARTESIAN_POINT('',(0.024446374322936,-0.0411273731145887,-0.0223575932979584));
#5845=CARTESIAN_POINT('',(0.0343966732340893,-0.0402323402808238,-0.0227592594623565));
#5846=CARTESIAN_POINT('',(0.0457835000504089,-0.0374715971591165,-0.0236027584075928));
#5847=CARTESIAN_POINT('',(0.0540022519119943,-0.0330816036333394,-0.0245667572021485));
#5848=CARTESIAN_POINT('',(0.0594745937050224,-0.026996354566452,-0.0255307559967041));
#5849=CARTESIAN_POINT('',(0.0626733086061705,-0.019294896217383,-0.0263742549419404));
#5850=CARTESIAN_POINT('',(0.0636393015904677,-0.0132325162331483,-0.0267759211063385));
#5851=CARTESIAN_POINT('',(0.0642137260190905,-0.00682914872344169,-0.0270570874214172));
#5852=CARTESIAN_POINT('',(0.0643051539555646,-0.00345772774187152,-0.0271374206542969));
#5853=CARTESIAN_POINT('',(0.0643051539555646,-4.3910187985663E-18,-0.0271374206542969));
#5854=CARTESIAN_POINT('',(0.,-0.0411358599715123,-0.02365625));
#5855=CARTESIAN_POINT('',(0.00675393402844461,-0.0411358599715123,-0.02365625));
#5856=CARTESIAN_POINT('',(0.0128447959815113,-0.0410370095643778,-0.0237389322916666));
#5857=CARTESIAN_POINT('',(0.0237869152292689,-0.0404851352853744,-0.0240283203125));
#5858=CARTESIAN_POINT('',(0.0334889262131899,-0.0395790875416366,-0.0244417317708333));
#5859=CARTESIAN_POINT('',(0.0446249823110282,-0.0368250705655141,-0.0253098958333333));
#5860=CARTESIAN_POINT('',(0.0526957208297619,-0.0324806762476442,-0.0263020833333334));
#5861=CARTESIAN_POINT('',(0.0581010629538026,-0.0264874655918782,-0.0272942708333333));
#5862=CARTESIAN_POINT('',(0.0612892082530348,-0.018923992587149,-0.0281624348958333));
#5863=CARTESIAN_POINT('',(0.0622674925395554,-0.0129785336673645,-0.0285758463541666));
#5864=CARTESIAN_POINT('',(0.0628537893165354,-0.00669901627562986,-0.028865234375));
#5865=CARTESIAN_POINT('',(0.0629509439502552,-0.00339294285002776,-0.0289479166666667));
#5866=CARTESIAN_POINT('',(0.0629509439502552,-4.14707330975706E-18,-0.0289479166666667));
#5867=CARTESIAN_POINT('',(0.,-0.0397049911737913,-0.02684375));
#5868=CARTESIAN_POINT('',(0.00632994820580856,-0.0397049911737913,-0.02684375));
#5869=CARTESIAN_POINT('',(0.01205099548265,-0.0395961925458512,-0.0269290364583333));
#5870=CARTESIAN_POINT('',(0.0223519841376979,-0.039025802174918,-0.0272275390625));
#5871=CARTESIAN_POINT('',(0.0315114225363512,-0.038102618688932,-0.0276539713541667));
#5872=CARTESIAN_POINT('',(0.0420946165986266,-0.0353747527005848,-0.0285494791666667));
#5873=CARTESIAN_POINT('',(0.0498331329340932,-0.0311399607019672,-0.0295729166666667));
#5874=CARTESIAN_POINT('',(0.0550808559270643,-0.0253552836054853,-0.0305963541666667));
#5875=CARTESIAN_POINT('',(0.0582342685372704,-0.0180986384868525,-0.0314918619791667));
#5876=CARTESIAN_POINT('',(0.0592330577123294,-0.0124120918856775,-0.0319182942708334));
#5877=CARTESIAN_POINT('',(0.0598406639750374,-0.00640771015756915,-0.032216796875));
#5878=CARTESIAN_POINT('',(0.059948875650216,-0.00324723217673079,-0.0323020833333333));
#5879=CARTESIAN_POINT('',(0.059948875650216,-3.65918233213858E-18,-0.0323020833333333));
#5880=CARTESIAN_POINT('',(0.,-0.0389001274750733,-0.02837109375));
#5881=CARTESIAN_POINT('',(0.0061011741946129,-0.0389001274750733,-0.02837109375));
#5882=CARTESIAN_POINT('',(0.0116224341811724,-0.038786745667158,-0.028456635316213));
#5883=CARTESIAN_POINT('',(0.0215764737664605,-0.0382087171073524,-0.0287560307979584));
#5884=CARTESIAN_POINT('',(0.0304416182300086,-0.0372794236035718,-0.0291837386290232));
#5885=CARTESIAN_POINT('',(0.0407227197101473,-0.0345710022839636,-0.0300819250742594));
#5886=CARTESIAN_POINT('',(0.0482770347955284,-0.0304002314208259,-0.0311084238688151));
#5887=CARTESIAN_POINT('',(0.0534341509769669,-0.0247320602869874,-0.0321349226633708));
#5888=CARTESIAN_POINT('',(0.0565634144156672,-0.0176442559076976,-0.033033109108607));
#5889=CARTESIAN_POINT('',(0.0575704247673711,-0.0120996873429833,-0.0334608169396719));
#5890=CARTESIAN_POINT('',(0.0581874736493545,-0.00624657013237186,-0.0337602124214173));
#5891=CARTESIAN_POINT('',(0.0583010173554861,-0.00316632562102136,-0.0338457539876302));
#5892=CARTESIAN_POINT('',(0.0583010173554861,-3.41523684332934E-18,-0.0338457539876302));
#5893=CARTESIAN_POINT('',(0.,-0.0370877931403152,-0.0312763671875));
#5894=CARTESIAN_POINT('',(0.00561335342076002,-0.0370877931403152,-0.0312763671875));
#5895=CARTESIAN_POINT('',(0.0107077965212178,-0.036966494708828,-0.0313603154818217));
#5896=CARTESIAN_POINT('',(0.0199188826657293,-0.0363779143120057,-0.0316541345119477));
#5897=CARTESIAN_POINT('',(0.0281518123418839,-0.0354433503813353,-0.0320738759835561));
#5898=CARTESIAN_POINT('',(0.0377777591034364,-0.0327903466271507,-0.0329553330739339));
#5899=CARTESIAN_POINT('',(0.0449254473720661,-0.0287699305141389,-0.0339627126057943));
#5900=CARTESIAN_POINT('',(0.0498742340148961,-0.023362800297638,-0.0349700921376546));
#5901=CARTESIAN_POINT('',(0.0529376435064147,-0.0166466069889727,-0.0358515492280325));
#5902=CARTESIAN_POINT('',(0.0539547931211225,-0.0114128385666267,-0.0362712906996409));
#5903=CARTESIAN_POINT('',(0.0545866676090849,-0.00589143587709538,-0.0365651097297668));
#5904=CARTESIAN_POINT('',(0.0547099672896933,-0.0029874230695137,-0.0366490580240885));
#5905=CARTESIAN_POINT('',(0.0547099672896933,-2.93496916223615E-18,-0.0366490580240885));
#5906=CARTESIAN_POINT('',(0.,-0.0360803225042752,-0.032654296875));
#5907=CARTESIAN_POINT('',(0.00535430008792459,-0.0360803225042752,-0.032654296875));
#5908=CARTESIAN_POINT('',(0.0102217086649288,-0.035955689411761,-0.0327363967895508));
#5909=CARTESIAN_POINT('',(0.0190367832522914,-0.0353641914101454,-0.0330237464904785));
#5910=CARTESIAN_POINT('',(0.0269317875591603,-0.0344304615919429,-0.0334342460632324));
#5911=CARTESIAN_POINT('',(0.0362046715683087,-0.0318134206906422,-0.0342962951660156));
#5912=CARTESIAN_POINT('',(0.0431299379659979,-0.0278793290615485,-0.035281494140625));
#5913=CARTESIAN_POINT('',(0.0479610080412939,-0.0226167283213047,-0.0362666931152344));
#5914=CARTESIAN_POINT('',(0.0509827195326329,-0.0161033062569936,-0.0371287422180176));
#5915=CARTESIAN_POINT('',(0.0520017909294251,-0.0110383666364226,-0.0375392417907715));
#5916=CARTESIAN_POINT('',(0.0526390510732258,-0.00569742460299049,-0.0378265914916992));
#5917=CARTESIAN_POINT('',(0.0527667755186304,-0.0028894173342722,-0.03790869140625));
#5918=CARTESIAN_POINT('',(0.0527667755186304,-2.6986469699522E-18,-0.03790869140625));
#5919=CARTESIAN_POINT('',(0.,-0.0338390259572664,-0.035244140625));
#5920=CARTESIAN_POINT('',(0.00481161910157298,-0.0338390259572664,-0.035244140625));
#5921=CARTESIAN_POINT('',(0.00920216807543961,-0.0337095011328658,-0.0353206558227539));
#5922=CARTESIAN_POINT('',(0.0171829572651406,-0.033118572218301,-0.0355884590148926));
#5923=CARTESIAN_POINT('',(0.0243631655276816,-0.0321957640379725,-0.0359710350036621));
#5924=CARTESIAN_POINT('',(0.0328808717374478,-0.0296714617693267,-0.0367744445800781));
#5925=CARTESIAN_POINT('',(0.0393211999880467,-0.0259366539516923,-0.0376926269531249));
#5926=CARTESIAN_POINT('',(0.0438854701317987,-0.0209949616842596,-0.0386108093261719));
#5927=CARTESIAN_POINT('',(0.046801093648468,-0.0149240427162445,-0.0394142189025879));
#5928=CARTESIAN_POINT('',(0.0478147469796634,-0.0102250752033412,-0.0397967948913574));
#5929=CARTESIAN_POINT('',(0.0484565507157833,-0.00527550727308066,-0.0400645980834961));
#5930=CARTESIAN_POINT('',(0.0485915277863056,-0.00267580924786486,-0.04014111328125));
#5931=CARTESIAN_POINT('',(0.0485915277863056,-2.24124917843488E-18,-0.04014111328125));
#5932=CARTESIAN_POINT('',(0.,-0.0326052000462976,-0.0364560546875));
#5933=CARTESIAN_POINT('',(0.00452799278926396,-0.0326052000462976,-0.0364560546875));
#5934=CARTESIAN_POINT('',(0.00866871768935191,-0.0324741176587321,-0.036528833548228));
#5935=CARTESIAN_POINT('',(0.0162112345054857,-0.0318866738360173,-0.0367835595607758));
#5936=CARTESIAN_POINT('',(0.0230145730150644,-0.0309739509657188,-0.0371474538644155));
#5937=CARTESIAN_POINT('',(0.0311301643035906,-0.0285064204153211,-0.0379116319020589));
#5938=CARTESIAN_POINT('',(0.0373079755236106,-0.0248845682329344,-0.0387849782307942));
#5939=CARTESIAN_POINT('',(0.041723161045971,-0.0201192527466793,-0.0396583245595297));
#5940=CARTESIAN_POINT('',(0.0445743932050301,-0.0142880659998354,-0.040422502597173));
#5941=CARTESIAN_POINT('',(0.0455807059341155,-0.00978624450050662,-0.0407863969008128));
#5942=CARTESIAN_POINT('',(0.0462216670618509,-0.00504759432499438,-0.0410411229133606));
#5943=CARTESIAN_POINT('',(0.0463594718250437,-0.00256020295825253,-0.0411139017740885));
#5944=CARTESIAN_POINT('',(0.0463594718250437,-2.02017357920151E-18,-0.0411139017740885));
#5945=CARTESIAN_POINT('',(0.,-0.0298874446118245,-0.038697265625));
#5946=CARTESIAN_POINT('',(0.00394435209843183,-0.0298874446118245,-0.038697265625));
#5947=CARTESIAN_POINT('',(0.00756908332544496,-0.0297556299443498,-0.0387611244519552));
#5948=CARTESIAN_POINT('',(0.0142027531338753,-0.0291834919158869,-0.0389846303462983));
#5949=CARTESIAN_POINT('',(0.0202204358901899,-0.0283028451939104,-0.039303924481074));
#5950=CARTESIAN_POINT('',(0.0274862333781061,-0.0259745942761593,-0.0399744421641032));
#5951=CARTESIAN_POINT('',(0.0330971756060028,-0.0226101910908235,-0.0407407480875651));
#5952=CARTESIAN_POINT('',(0.0371777708371613,-0.0182336475265513,-0.041507054011027));
#5953=CARTESIAN_POINT('',(0.0398711642116077,-0.0129218587934388,-0.0421775716940562));
#5954=CARTESIAN_POINT('',(0.0408498132346116,-0.00884368854649889,-0.042496865828832));
#5955=CARTESIAN_POINT('',(0.0414801286088074,-0.00455791670478984,-0.0427203717231751));
#5956=CARTESIAN_POINT('',(0.0416211194715012,-0.00231150580697439,-0.0427842305501302));
#5957=CARTESIAN_POINT('',(0.0416211194715012,-1.60089227031063E-18,-0.0427842305501302));
#5958=CARTESIAN_POINT('',(0.,-0.02840351508832,-0.0397265625));
#5959=CARTESIAN_POINT('',(0.003644348106565,-0.02840351508832,-0.0397265625));
#5960=CARTESIAN_POINT('',(0.00700291752427423,-0.0282725253363107,-0.0397852376302084));
#5961=CARTESIAN_POINT('',(0.0131660240589736,-0.0277122068149308,-0.0399906005859375));
#5962=CARTESIAN_POINT('',(0.0187749279558128,-0.0268535492761892,-0.0402839762369792));
#5963=CARTESIAN_POINT('',(0.0255930475381079,-0.0246078032385654,-0.0409000651041667));
#5964=CARTESIAN_POINT('',(0.0308996319619659,-0.021387890656604,-0.0416041666666667));
#5965=CARTESIAN_POINT('',(0.034794711785824,-0.0172237405780802,-0.0423082682291666));
#5966=CARTESIAN_POINT('',(0.0373946470220284,-0.0121916179133707,-0.0429243570963542));
#5967=CARTESIAN_POINT('',(0.0383529670985668,-0.00833995492809264,-0.0432177327473958));
#5968=CARTESIAN_POINT('',(0.0389734751080283,-0.00429614688360505,-0.043423095703125));
#5969=CARTESIAN_POINT('',(0.0391148230792207,-0.00217841200298484,-0.0434817708333333));
#5970=CARTESIAN_POINT('',(0.0391148230792207,-1.40268656065312E-18,-0.0434817708333333));
#5971=CARTESIAN_POINT('',(0.,-0.0251618040911688,-0.0415859375));
#5972=CARTESIAN_POINT('',(0.00303852688427715,-0.0251618040911688,-0.0415859375));
#5973=CARTESIAN_POINT('',(0.00585679103211057,-0.0250355362368135,-0.0416334635416667));
#5974=CARTESIAN_POINT('',(0.0110594872312481,-0.0245093965372272,-0.0417998046875));
#5975=CARTESIAN_POINT('',(0.0158282254324913,-0.0237096528467651,-0.0420374348958333));
#5976=CARTESIAN_POINT('',(0.0217104753538288,-0.0216602687382192,-0.0425364583333334));
#5977=CARTESIAN_POINT('',(0.0263649541041633,-0.018766407702866,-0.0431067708333333));
#5978=CARTESIAN_POINT('',(0.0298468174893874,-0.0150676096330212,-0.0436770833333334));
#5979=CARTESIAN_POINT('',(0.0322232909117615,-0.0106376626672712,-0.0441761067708334));
#5980=CARTESIAN_POINT('',(0.0331235432171971,-0.00726895634940571,-0.0444137369791667));
#5981=CARTESIAN_POINT('',(0.0337122187328912,-0.00373997407156658,-0.044580078125));
#5982=CARTESIAN_POINT('',(0.0338507680958677,-0.00189552357922026,-0.0446276041666667));
#5983=CARTESIAN_POINT('',(0.0338507680958677,-1.03676832743926E-18,-0.0446276041666667));
#5984=CARTESIAN_POINT('',(0.,-0.023404022617522,-0.042416015625));
#5985=CARTESIAN_POINT('',(0.00273273039894447,-0.023404022617522,-0.042416015625));
#5986=CARTESIAN_POINT('',(0.00527686664502223,-0.0232816515199387,-0.0424575762748718));
#5987=CARTESIAN_POINT('',(0.00998973847226934,-0.0227778704024588,-0.0426030385494232));
#5988=CARTESIAN_POINT('',(0.0143271040996402,-0.0220150503626658,-0.0428108417987824));
#5989=CARTESIAN_POINT('',(0.0197211642104933,-0.0200795214433829,-0.0432472286224365));
#5990=CARTESIAN_POINT('',(0.0240278834222305,-0.0173672196606381,-0.0437459564208985));
#5991=CARTESIAN_POINT('',(0.0272820263276007,-0.0139213790993488,-0.0442446842193603));
#5992=CARTESIAN_POINT('',(0.0295284746810143,-0.00981394193321781,-0.0446810710430146));
#5993=CARTESIAN_POINT('',(0.0303909764927003,-0.00670168626089493,-0.0448888742923736));
#5994=CARTESIAN_POINT('',(0.0309576184516693,-0.00344556792487897,-0.0450343365669251));
#5995=CARTESIAN_POINT('',(0.0310930095047953,-0.00174572715611157,-0.0450758972167969));
#5996=CARTESIAN_POINT('',(0.0310930095047953,-8.69055803882912E-19,-0.0450758972167969));
#5997=CARTESIAN_POINT('',(0.,-0.019590859382479,-0.0438603515625));
#5998=CARTESIAN_POINT('',(0.00212801538377065,-0.019590859382479,-0.0438603515625));
#5999=CARTESIAN_POINT('',(0.0041259927377492,-0.0194801324499871,-0.0438900904655457));
#6000=CARTESIAN_POINT('',(0.00785571122906393,-0.0190341029361203,-0.0439941766262054));
#6001=CARTESIAN_POINT('',(0.0113191240728364,-0.0183634977733702,-0.0441428711414338));
#6002=CARTESIAN_POINT('',(0.0157028770740032,-0.0166933846314144,-0.0444551296234131));
#6003=CARTESIAN_POINT('',(0.0192694705162223,-0.0143874745409636,-0.044811996459961));
#6004=CARTESIAN_POINT('',(0.0220197671324466,-0.0114930628518701,-0.0451688632965088));
#6005=CARTESIAN_POINT('',(0.023961285683038,-0.00807633181450328,-0.0454811217784882));
#6006=CARTESIAN_POINT('',(0.0247258958648575,-0.00550701099133387,-0.0456298162937164));
#6007=CARTESIAN_POINT('',(0.0252325818924496,-0.00282659211950304,-0.0457339024543762));
#6008=CARTESIAN_POINT('',(0.0253569628291318,-0.00143093216655105,-0.0457636413574219));
#6009=CARTESIAN_POINT('',(0.0253569628291318,-5.71747239396653E-19,-0.0457636413574219));
#6010=CARTESIAN_POINT('',(0.,-0.0175354776210829,-0.044474609375));
#6011=CARTESIAN_POINT('',(0.0018291293664754,-0.0175354776210829,-0.044474609375));
#6012=CARTESIAN_POINT('',(0.00355510011451982,-0.0174324980266885,-0.0444984919230143));
#6013=CARTESIAN_POINT('',(0.00679152520238971,-0.0170218613061064,-0.0445820808410645));
#6014=CARTESIAN_POINT('',(0.00981238018881138,-0.016406547053731,-0.0447014935811361));
#6015=CARTESIAN_POINT('',(0.0136740189388276,-0.0148879939205076,-0.0449522603352864));
#6016=CARTESIAN_POINT('',(0.0168482278618188,-0.012806915743077,-0.0452388509114584));
#6017=CARTESIAN_POINT('',(0.0193223681882392,-0.0102109751016247,-0.0455254414876302));
#6018=CARTESIAN_POINT('',(0.021088948476406,-0.00716244044606964,-0.0457762082417806));
#6019=CARTESIAN_POINT('',(0.0217933992338015,-0.00487960421273227,-0.0458956209818522));
#6020=CARTESIAN_POINT('',(0.02226214967852,-0.00250202147770619,-0.0459792098999024));
#6021=CARTESIAN_POINT('',(0.0223786747445407,-0.00126593303832293,-0.0460030924479167));
#6022=CARTESIAN_POINT('',(0.0223786747445407,-4.42151198466745E-19,-0.0460030924479167));
#6023=CARTESIAN_POINT('',(0.,-0.0131033654729346,-0.045470703125));
#6024=CARTESIAN_POINT('',(0.0012525728226367,-0.0131033654729346,-0.045470703125));
#6025=CARTESIAN_POINT('',(0.00244806800245738,-0.0130206018682701,-0.0454840977986654));
#6026=CARTESIAN_POINT('',(0.00471242752068273,-0.0126965790562095,-0.0455309791564941));
#6027=CARTESIAN_POINT('',(0.00685012842513212,-0.0122140606414173,-0.045597952524821));
#6028=CARTESIAN_POINT('',(0.00964168973285031,-0.0110434457910339,-0.0457385965983073));
#6029=CARTESIAN_POINT('',(0.0119859091949482,-0.00946219805266167,-0.0458993326822917));
#6030=CARTESIAN_POINT('',(0.0138530974257251,-0.00751407652671339,-0.0460600687662761));
#6031=CARTESIAN_POINT('',(0.0152162274504436,-0.00525039507380876,-0.0462007128397623));
#6032=CARTESIAN_POINT('',(0.0157726989537013,-0.00357014656778572,-0.0462676862080892));
#6033=CARTESIAN_POINT('',(0.0161457954827448,-0.00182647542006374,-0.046314567565918));
#6034=CARTESIAN_POINT('',(0.0162406562601596,-0.000922967928270943,-0.0463279622395833));
#6035=CARTESIAN_POINT('',(0.0162406562601596,-2.28698895758661E-19,-0.0463279622395833));
#6036=CARTESIAN_POINT('',(0.,-0.0107266350861824,-0.0458525390625));
#6037=CARTESIAN_POINT('',(0.000974947595781108,-0.0107266350861824,-0.0458525390625));
#6038=CARTESIAN_POINT('',(0.00191200778807804,-0.0106563402245605,-0.0458613022168477));
#6039=CARTESIAN_POINT('',(0.00369764468663727,-0.0103835388248197,-0.0458919732570648));
#6040=CARTESIAN_POINT('',(0.00539478051000055,-0.00997852574858194,-0.0459357890288035));
#6041=CARTESIAN_POINT('',(0.00763838287341717,-0.00900428992643996,-0.0460278021494547));
#6042=CARTESIAN_POINT('',(0.00954497191277532,-0.0076980413996822,-0.0461329600016276));
#6043=CARTESIAN_POINT('',(0.0110813218692551,-0.00609926835294246,-0.0462381178538005));
#6044=CARTESIAN_POINT('',(0.0122158931776468,-0.00425224365231888,-0.0463301309744517));
#6045=CARTESIAN_POINT('',(0.0126845193701163,-0.00288809778102219,-0.0463739467461904));
#6046=CARTESIAN_POINT('',(0.0129998791633603,-0.00147550128396056,-0.0464046177864075));
#6047=CARTESIAN_POINT('',(0.0130809258603695,-0.000745002677728457,-0.0464133809407552));
#6048=CARTESIAN_POINT('',(0.0130809258603695,-1.44842633980485E-19,-0.0464133809407552));
#6049=CARTESIAN_POINT('',(0.,-0.00562807734971512,-0.0463671875));
#6050=CARTESIAN_POINT('',(0.000456204651767234,-0.00562807734971512,-0.0463671875));
#6051=CARTESIAN_POINT('',(0.000902216521298857,-0.00558840387505325,-0.0463692533175151));
#6052=CARTESIAN_POINT('',(0.00176444516144302,-0.00543696626185187,-0.0463764836788178));
#6053=CARTESIAN_POINT('',(0.00259687499968677,-0.00521343798477285,-0.046386812766393));
#6054=CARTESIAN_POINT('',(0.00372821640930408,-0.00468464973522072,-0.0464085038503011));
#6055=CARTESIAN_POINT('',(0.00471470251725449,-0.00398614911079515,-0.0464332936604818));
#6056=CARTESIAN_POINT('',(0.00552913635774788,-0.0031427268719172,-0.0464580834706624));
#6057=CARTESIAN_POINT('',(0.00614467595312259,-0.00218018108036882,-0.0464797745545705));
#6058=CARTESIAN_POINT('',(0.00640478152693786,-0.00147693842631821,-0.0464901036421458));
#6059=CARTESIAN_POINT('',(0.00658104935540094,-0.000752193930592997,-0.0464973340034485));
#6060=CARTESIAN_POINT('',(0.0066272643969564,-0.000379076015615448,-0.0464993998209635));
#6061=CARTESIAN_POINT('',(0.0066272643969564,-3.04931861011548E-20,-0.0464993998209635));
#6062=CARTESIAN_POINT('',(0.,-0.00290625,-0.0465));
#6063=CARTESIAN_POINT('',(0.000215137815021861,-0.00290625,-0.0465));
#6064=CARTESIAN_POINT('',(0.000428576503253054,-0.00288473019207942,-0.0465));
#6065=CARTESIAN_POINT('',(0.000846182132810007,-0.00280343827727503,-0.0465));
#6066=CARTESIAN_POINT('',(0.00125451601546153,-0.00268389406350742,-0.0465));
#6067=CARTESIAN_POINT('',(0.00182158111875021,-0.00240418279660013,-0.0465));
#6068=CARTESIAN_POINT('',(0.00232559002137799,-0.00203843853407079,-0.0465));
#6069=CARTESIAN_POINT('',(0.00274892224337257,-0.00160102322655318,-0.0465));
#6070=CARTESIAN_POINT('',(0.00307395730476166,-0.00110629882468111,-0.0465));
#6071=CARTESIAN_POINT('',(0.00321336891863585,-0.000747851127619306,-0.0465));
#6072=CARTESIAN_POINT('',(0.00330826782566001,-0.00037987503286188,-0.0465));
#6073=CARTESIAN_POINT('',(0.00333346092574708,-0.000191122786635361,-0.0465));
#6074=CARTESIAN_POINT('',(0.00333346092574708,0.,-0.0465));
#6075=CARTESIAN_POINT('',(0.,0.,-0.0465));
#6076=CARTESIAN_POINT('',(0.,0.,-0.0465));
#6077=CARTESIAN_POINT('',(0.,0.,-0.0465));
#6078=CARTESIAN_POINT('',(0.,0.,-0.0465));
#6079=CARTESIAN_POINT('',(0.,0.,-0.0465));
#6080=CARTESIAN_POINT('',(0.,0.,-0.0465));
#6081=CARTESIAN_POINT('',(0.,0.,-0.0465));
#6082=CARTESIAN_POINT('',(0.,0.,-0.0465));
#6083=CARTESIAN_POINT('',(0.,0.,-0.0465));
#6084=CARTESIAN_POINT('',(0.,0.,-0.0465));
#6085=CARTESIAN_POINT('',(0.,0.,-0.0465));
#6086=CARTESIAN_POINT('',(0.,0.,-0.0465));
#6087=CARTESIAN_POINT('',(0.,0.,-0.0465));
#6088=CARTESIAN_POINT('',(0.,-0.0418898520350532,-0.0215394068510568));
#6089=CARTESIAN_POINT('',(0.00489127562695825,-0.0418898520350532,-0.0215394068510568));
#6090=CARTESIAN_POINT('',(0.00978227134083567,-0.0418622454150529,-0.021539406850934));
#6091=CARTESIAN_POINT('',(0.0146723184734583,-0.041741084316774,-0.021539406850934));
#6092=CARTESIAN_POINT('',(0.0146723184734583,-0.0417410843167741,-0.021539406850934));
#6093=CARTESIAN_POINT('',(0.038261030462498,-0.0429653853098819,-0.0111900366162886));
#6094=CARTESIAN_POINT('',(0.0343144814474873,-0.0431082027338225,-0.0129215553581555));
#6095=CARTESIAN_POINT('',(0.026439499397514,-0.0429776065873516,-0.0163766445916935));
#6096=CARTESIAN_POINT('',(0.018590420779237,-0.0422518557154194,-0.0198203688891088));
#6097=CARTESIAN_POINT('',(0.0146723184734583,-0.041741084316774,-0.021539406850934));
#6098=CARTESIAN_POINT('',(0.0382610304624979,-0.0429653853098819,-0.0111900366162886));
#6099=CARTESIAN_POINT('',(0.043247502297163,-0.0436988325563233,-0.00250930734910071));
#6100=CARTESIAN_POINT('',(0.043247502297163,-0.0435878748062945,-0.0033873307685886));
#6101=CARTESIAN_POINT('',(0.043021080018997,-0.0433844222434969,-0.0051119399496629));
#6102=CARTESIAN_POINT('',(0.0420188530022555,-0.0431425286366142,-0.00756347288009532));
#6103=CARTESIAN_POINT('',(0.040403335013709,-0.0429910602037285,-0.00967621406144878));
#6104=CARTESIAN_POINT('',(0.0390257287349756,-0.0429610278669926,-0.0107440546768011));
#6105=CARTESIAN_POINT('',(0.0382610304624979,-0.0429653853098819,-0.0111900366162886));
#6106=CARTESIAN_POINT('',(0.043247502297163,-0.0436988325563233,-0.00250930734910071));
#6107=CARTESIAN_POINT('',(0.0432475022971642,-0.0450761090619672,0.0215));
#6108=CARTESIAN_POINT('',(0.0432475022971642,-0.0449181508333264,0.0134796232202054));
#6109=CARTESIAN_POINT('',(0.043247502297163,-0.0447062274261897,0.0054623421137421));
#6110=CARTESIAN_POINT('',(0.043247502297163,-0.0436988325563233,-0.00250930734910071));
#6111=CARTESIAN_POINT('',(0.0470935333124536,0.030023268141239,-0.0280256328140631));
#6112=CARTESIAN_POINT('',(0.0471607146593915,0.0300845305458187,-0.0279876296534935));
#6113=CARTESIAN_POINT('',(0.047228704280213,0.030144979380731,-0.0279493404940542));
#6114=CARTESIAN_POINT('',(0.0474446155057433,0.0303320838461255,-0.027828282074603));
#6115=CARTESIAN_POINT('',(0.0475955465824973,0.0304558271181992,-0.0277444325839443));
#6116=CARTESIAN_POINT('',(0.0483604044879216,0.0310486205525625,-0.0273232402551122));
#6117=CARTESIAN_POINT('',(0.0490111780002077,0.0314463815353126,-0.0269764948702201));
#6118=CARTESIAN_POINT('',(0.0500416909309685,0.0319282575606802,-0.0264420265161312));
#6119=CARTESIAN_POINT('',(0.050394298084886,0.0320696357687245,-0.0262614615899048));
#6120=CARTESIAN_POINT('',(0.0509367911676662,0.0322517448933335,-0.0259868837547757));
#6121=CARTESIAN_POINT('',(0.0511195656231859,0.0323073032482258,-0.0258949016839824));
#6122=CARTESIAN_POINT('',(0.0514855559993126,0.0324072360213742,-0.0257117017185476));
#6123=CARTESIAN_POINT('',(0.0516692385774847,0.0324517723894528,-0.0256202471337844));
#6124=CARTESIAN_POINT('',(0.0525908100791246,0.0326477594760705,-0.0251636898340926));
#6125=CARTESIAN_POINT('',(0.0533380200338238,0.0327197542462363,-0.024800713544682));
#6126=CARTESIAN_POINT('',(0.0544702161163631,0.0327016280702666,-0.0242596856327013));
#6127=CARTESIAN_POINT('',(0.0548514285812502,0.0326740617829697,-0.0240790425157783));
#6128=CARTESIAN_POINT('',(0.0556024126356382,0.0325776885495652,-0.0237260356357689));
#6129=CARTESIAN_POINT('',(0.0559733947469917,0.0325090805682708,-0.0235530785855251));
#6130=CARTESIAN_POINT('',(0.0570729217271492,0.0322443427463258,-0.0230446115197095));
#6131=CARTESIAN_POINT('',(0.0577882705365022,0.0319898093899511,-0.0227193204116672));
#6132=CARTESIAN_POINT('',(0.0591824673033674,0.0313235394190878,-0.0220977964921982));
#6133=CARTESIAN_POINT('',(0.0598384629459313,0.0309228524373577,-0.0218117768145674));
#6134=CARTESIAN_POINT('',(0.0607659769160889,0.0302268806375142,-0.0214183595638304));
#6135=CARTESIAN_POINT('',(0.0610656716138584,0.0299789276726053,-0.0212931999564988));
#6136=CARTESIAN_POINT('',(0.0615010765560195,0.0295826358099762,-0.021114636672166));
#6137=CARTESIAN_POINT('',(0.0616441159519116,0.029446203114772,-0.0210565415643302));
#6138=CARTESIAN_POINT('',(0.0619242335118621,0.029166235482624,-0.0209439681371747));
#6139=CARTESIAN_POINT('',(0.0620607449329687,0.0290232940855948,-0.0208897151756355));
#6140=CARTESIAN_POINT('',(0.0627260908367892,0.0282941011610114,-0.020628413825408));
#6141=CARTESIAN_POINT('',(0.0632038085607596,0.0276648681390008,-0.0204509721056735));
#6142=CARTESIAN_POINT('',(0.0637357356533899,0.0268208335567688,-0.0202683350021439));
#6143=CARTESIAN_POINT('',(0.0638388281848991,0.0266491224338019,-0.0202337834681571));
#6144=CARTESIAN_POINT('',(0.0640383733515287,0.0262997677409465,-0.0201686958802165));
#6145=CARTESIAN_POINT('',(0.0641350733007164,0.0261216327637091,-0.0201380853452514));
#6146=CARTESIAN_POINT('',(0.064413053246508,0.0255820094549401,-0.0200530234932036));
#6147=CARTESIAN_POINT('',(0.0645819120121983,0.0252162206845058,-0.0200054005916557));
#6148=CARTESIAN_POINT('',(0.0650411066381074,0.0241008141693291,-0.0198889428058622));
#6149=CARTESIAN_POINT('',(0.0652845444400371,0.0233333558966324,-0.0198462684900435));
#6150=CARTESIAN_POINT('',(0.0655095411496594,0.0223415076913478,-0.0198376984726386));
#6151=CARTESIAN_POINT('',(0.0655506027347512,0.0221410850164467,-0.0198382536801069));
#6152=CARTESIAN_POINT('',(0.0656240446810809,0.0217396594430461,-0.0198439356514394));
#6153=CARTESIAN_POINT('',(0.0656564765727538,0.0215385181595318,-0.0198490507593204));
#6154=CARTESIAN_POINT('',(0.0657409876798373,0.0209337334509604,-0.0198711784674113));
#6155=CARTESIAN_POINT('',(0.0657803167451619,0.0205287331024315,-0.0198949567959502));
#6156=CARTESIAN_POINT('',(0.0658024424248646,0.0201216782494948,-0.0199278546906111));
#6157=CARTESIAN_POINT('',(0.0658466937842699,0.0193075685436214,-0.0199936504799327));
#6158=CARTESIAN_POINT('',(0.0658214911659995,0.0185073629474343,-0.0200938652952832));
#6159=CARTESIAN_POINT('',(0.0656840155956019,0.0173243572132961,-0.0202930807949821));
#6160=CARTESIAN_POINT('',(0.0656214423644576,0.0169329352983549,-0.0203676970363553));
#6161=CARTESIAN_POINT('',(0.0655018219947671,0.0163499704661649,-0.0204921365599706));
#6162=CARTESIAN_POINT('',(0.0654576468312646,0.0161563450981227,-0.0205357059386982));
#6163=CARTESIAN_POINT('',(0.0653604804384933,0.0157704727529829,-0.0206271036343232));
#6164=CARTESIAN_POINT('',(0.0653073269431386,0.0155777007242641,-0.0206750713163112));
#6165=CARTESIAN_POINT('',(0.0650208569018106,0.014624005793621,-0.0209240645357044));
#6166=CARTESIAN_POINT('',(0.064728269636325,0.0138989234653778,-0.0211505542609462));
#6167=CARTESIAN_POINT('',(0.0641944802983824,0.0128652173771139,-0.0215298329039518));
#6168=CARTESIAN_POINT('',(0.0640006135519802,0.0125297152753793,-0.0216628980281431));
#6169=CARTESIAN_POINT('',(0.0636848363906682,0.0120404473100428,-0.0218727171499556));
#6170=CARTESIAN_POINT('',(0.0635750820245332,0.0118792610611629,-0.0219445706893418));
#6171=CARTESIAN_POINT('',(0.0633490181189219,0.011564497308625,-0.0220904507220331));
#6172=CARTESIAN_POINT('',(0.0632326786774241,0.0114108135000128,-0.0221645043436285));
#6173=CARTESIAN_POINT('',(0.0630531886985916,0.0111856805952001,-0.0222772609695802));
#6174=CARTESIAN_POINT('',(0.0629925040710487,0.011111490476668,-0.0223151423535191));
#6175=CARTESIAN_POINT('',(0.0629310004208105,0.0110382066367397,-0.0223532950065612));
#6176=CARTESIAN_POINT('',(0.0481728102227814,0.0286485426192963,-0.0379377431470682));
#6177=CARTESIAN_POINT('',(0.048227972487263,0.0287003690243648,-0.0378997399864986));
#6178=CARTESIAN_POINT('',(0.0482837772514683,0.0287515065384017,-0.0378614508270593));
#6179=CARTESIAN_POINT('',(0.0484609288939361,0.0289097974655705,-0.037740392407608));
#6180=CARTESIAN_POINT('',(0.0485846714800399,0.0290144958280258,-0.0376565429169493));
#6181=CARTESIAN_POINT('',(0.0492113435363087,0.0295162576933929,-0.0372353505881177));
#6182=CARTESIAN_POINT('',(0.0497431899517495,0.0298536665058488,-0.0368886052032256));
#6183=CARTESIAN_POINT('',(0.050585629432257,0.0302659374732128,-0.0363541368491361));
#6184=CARTESIAN_POINT('',(0.05087394044479,0.0303876092411009,-0.0361735719229098));
#6185=CARTESIAN_POINT('',(0.0513180102169996,0.0305457199680919,-0.0358989940877807));
#6186=CARTESIAN_POINT('',(0.0514677069377076,0.0305942265109339,-0.0358070120169873));
#6187=CARTESIAN_POINT('',(0.0517676967318407,0.0306820604100206,-0.0356238120515528));
#6188=CARTESIAN_POINT('',(0.0519183717500101,0.0307215281083002,-0.0355323574667895));
#6189=CARTESIAN_POINT('',(0.0526750906023142,0.0308969686438728,-0.0350758001670976));
#6190=CARTESIAN_POINT('',(0.0532910691252462,0.0309678710813547,-0.0347128238776867));
#6191=CARTESIAN_POINT('',(0.0542310320598723,0.0309691018104129,-0.0341717959657065));
#6192=CARTESIAN_POINT('',(0.0545486239242436,0.0309515745727112,-0.0339911528487833));
#6193=CARTESIAN_POINT('',(0.0551767602506543,0.0308813769927456,-0.033638145968774));
#6194=CARTESIAN_POINT('',(0.0554882975299006,0.0308288896496686,-0.0334651889185301));
#6195=CARTESIAN_POINT('',(0.0564154813949409,0.0306204309446294,-0.0329567218527145));
#6196=CARTESIAN_POINT('',(0.0570239306837372,0.0304138921100412,-0.0326314307446727));
#6197=CARTESIAN_POINT('',(0.0582197031198787,0.0298603867228774,-0.0320099068252029));
#6198=CARTESIAN_POINT('',(0.0587873688715019,0.0295225596971222,-0.0317238871475724));
#6199=CARTESIAN_POINT('',(0.0595954142448309,0.0289279506309739,-0.0313304698968355));
#6200=CARTESIAN_POINT('',(0.0598574667929713,0.0287149936988172,-0.0312053102895039));
#6201=CARTESIAN_POINT('',(0.060239355932006,0.0283729190816312,-0.0310267470051711));
#6202=CARTESIAN_POINT('',(0.0603650168432912,0.0282548828999812,-0.0309686518973353));
#6203=CARTESIAN_POINT('',(0.060611459265627,0.028012128831322,-0.0308560784701797));
#6204=CARTESIAN_POINT('',(0.0607317411905449,0.0278879266655416,-0.0308018255086406));
#6205=CARTESIAN_POINT('',(0.0613187538421477,0.0272530754258749,-0.030540524158413));
#6206=CARTESIAN_POINT('',(0.0617427040334799,0.0267013002629295,-0.030363082438679));
#6207=CARTESIAN_POINT('',(0.0622160890461488,0.0259571674415545,-0.0301804453351489));
#6208=CARTESIAN_POINT('',(0.0623079129077384,0.0258055956236977,-0.0301458938011622));
#6209=CARTESIAN_POINT('',(0.0624857632106098,0.0254968724703385,-0.0300808062132215));
#6210=CARTESIAN_POINT('',(0.0625720104131667,0.0253392858028225,-0.0300501956782564));
#6211=CARTESIAN_POINT('',(0.0628200686635363,0.0248614516531834,-0.0299651338262088));
#6212=CARTESIAN_POINT('',(0.0629709228329308,0.0245369473247512,-0.0299175109246606));
#6213=CARTESIAN_POINT('',(0.0633812879457987,0.023546134408276,-0.0298010531388677));
#6214=CARTESIAN_POINT('',(0.0635990020500047,0.0228626903456578,-0.0297583788230484));
#6215=CARTESIAN_POINT('',(0.0637996266734487,0.0219790258838034,-0.0297498088056437));
#6216=CARTESIAN_POINT('',(0.0638362023058546,0.0218004458398401,-0.0297503640131119));
#6217=CARTESIAN_POINT('',(0.0639015271144736,0.0214427804912977,-0.0297560459844445));
#6218=CARTESIAN_POINT('',(0.0639303224204418,0.0212635719561074,-0.0297611610923254));
#6219=CARTESIAN_POINT('',(0.0640051751513229,0.0207248240178633,-0.0297832888004164));
#6220=CARTESIAN_POINT('',(0.0640397277618338,0.0203641650479013,-0.0298070671289558));
#6221=CARTESIAN_POINT('',(0.0640587726786071,0.0200019933133658,-0.0298399650236161));
#6222=CARTESIAN_POINT('',(0.0640968625121537,0.0192776498442946,-0.0299057608129367));
#6223=CARTESIAN_POINT('',(0.0640723552640976,0.0185669513423383,-0.0300059756282887));
#6224=CARTESIAN_POINT('',(0.0639466567795145,0.0175202465697784,-0.030205191127987));
#6225=CARTESIAN_POINT('',(0.0638898210623882,0.017174593538056,-0.0302798073693599));
#6226=CARTESIAN_POINT('',(0.06378179816047,0.016661060919101,-0.0304042468929759));
#6227=CARTESIAN_POINT('',(0.0637419889368481,0.0164907093267309,-0.0304478162717034));
#6228=CARTESIAN_POINT('',(0.0636546212214979,0.0161516889378266,-0.0305392139673282));
#6229=CARTESIAN_POINT('',(0.0636069174611958,0.015982560451149,-0.0305871816493161));
#6230=CARTESIAN_POINT('',(0.0633503531926983,0.0151471197520182,-0.0308361748687099));
#6231=CARTESIAN_POINT('',(0.0630898451501777,0.0145160927486839,-0.0310626645939512));
#6232=CARTESIAN_POINT('',(0.0626189798119509,0.0136236123257217,-0.0314419432369569));
#6233=CARTESIAN_POINT('',(0.0624485763959467,0.0133351950441362,-0.0315750083611483));
#6234=CARTESIAN_POINT('',(0.0621722587107603,0.0129165434867373,-0.0317848274829605));
#6235=CARTESIAN_POINT('',(0.062076412060808,0.0127789582346706,-0.0318566810223468));
#6236=CARTESIAN_POINT('',(0.0618794296012203,0.0125109518784032,-0.0320025610550382));
#6237=CARTESIAN_POINT('',(0.0617782663165833,0.0123804375393497,-0.0320766146766336));
#6238=CARTESIAN_POINT('',(0.0616225359849944,0.0121897404627611,-0.0321893713025852));
#6239=CARTESIAN_POINT('',(0.0615699408060026,0.0121269834459551,-0.0322272526865242));
#6240=CARTESIAN_POINT('',(0.0615166945083437,0.0120650763834807,-0.0322654053395663));
#6241=CARTESIAN_POINT('',(0.0616552170540625,0.0121871786008745,-0.0320273940894744));
#6242=CARTESIAN_POINT('',(0.0618840339032084,0.0124239296768457,-0.0317334485880936));
#6243=CARTESIAN_POINT('',(0.0623335544264829,0.0129309942223035,-0.0311144303479371));
#6244=CARTESIAN_POINT('',(0.0628520151097587,0.0136267814427959,-0.0302800837433481));
#6245=CARTESIAN_POINT('',(0.0632401614003223,0.0142220921628743,-0.0295757493628411));
#6246=CARTESIAN_POINT('',(0.0634701869692421,0.0146088580930781,-0.0291230058512186));
#6247=CARTESIAN_POINT('',(0.0636269541550824,0.0148929323954996,-0.0287936638112785));
#6248=CARTESIAN_POINT('',(0.0637007985694822,0.0150316792012747,-0.0286335750541298));
#6249=CARTESIAN_POINT('',(0.0637472094232006,0.0151207447145049,-0.0285311035153624));
#6250=CARTESIAN_POINT('',(0.0637899021078014,0.0152036648329317,-0.0284358414378696));
#6251=CARTESIAN_POINT('',(0.0638538280460198,0.0153301089526872,-0.0282906698595928));
#6252=CARTESIAN_POINT('',(0.0639752214619616,0.0155795522617967,-0.0280059104327449));
#6253=CARTESIAN_POINT('',(0.0641361943177227,0.0159320295641064,-0.0276097259538183));
#6254=CARTESIAN_POINT('',(0.0643035262542976,0.0163386109142331,-0.0271625655426187));
#6255=CARTESIAN_POINT('',(0.0644210841892588,0.0166534827262034,-0.0268232305704812));
#6256=CARTESIAN_POINT('',(0.0644871281224659,0.0168399043628875,-0.0266246565252517));
#6257=CARTESIAN_POINT('',(0.0645297714512693,0.016965132085646,-0.0264924072596503));
#6258=CARTESIAN_POINT('',(0.0645598557565585,0.0170558747659666,-0.0263971366217672));
#6259=CARTESIAN_POINT('',(0.0646036080728071,0.0171906555618767,-0.0262562564523785));
#6260=CARTESIAN_POINT('',(0.0646888809546482,0.0174671520671724,-0.0259713011674734));
#6261=CARTESIAN_POINT('',(0.0648204748725663,0.0179433302441616,-0.0254941642506077));
#6262=CARTESIAN_POINT('',(0.0649496143674944,0.0185188823640604,-0.0249439494269085));
#6263=CARTESIAN_POINT('',(0.0650182557014745,0.0189103549214564,-0.0245864749172938));
#6264=CARTESIAN_POINT('',(0.0650500612302586,0.0191119147721937,-0.0244055321843712));
#6265=CARTESIAN_POINT('',(0.0650619936696426,0.0191930197923599,-0.0243335595899973));
#6266=CARTESIAN_POINT('',(0.0650658311679056,0.0192195488311395,-0.0243100701727006));
#6267=CARTESIAN_POINT('',(0.0650678288448239,0.0192336487257223,-0.0242977238496131));
#6268=CARTESIAN_POINT('',(0.0650671030767885,0.0192284473066166,-0.0243022274626694));
#6269=CARTESIAN_POINT('',(0.0650722567884554,0.0192651858088351,-0.0242702920405078));
#6270=CARTESIAN_POINT('',(0.0650807057899595,0.0193273962749677,-0.024216540102171));
#6271=CARTESIAN_POINT('',(0.0650923497348652,0.0194172915191968,-0.0241395415717252));
#6272=CARTESIAN_POINT('',(0.0651117629907739,0.019577348970052,-0.0240040196241418));
#6273=CARTESIAN_POINT('',(0.0651350237574633,0.0198028429857922,-0.0238180209645165));
#6274=CARTESIAN_POINT('',(0.0651631207545509,0.0201409725562317,-0.0235474040783374));
#6275=CARTESIAN_POINT('',(0.0651880878111896,0.020657197689004,-0.0231567240456363));
#6276=CARTESIAN_POINT('',(0.0651861981685511,0.0212262139486855,-0.0227634649170234));
#6277=CARTESIAN_POINT('',(0.0651573078028919,0.0217997459478862,-0.022402054180119));
#6278=CARTESIAN_POINT('',(0.0651049929386713,0.0223424254127332,-0.022092675523308));
#6279=CARTESIAN_POINT('',(0.0649848212561129,0.0231679186859226,-0.0216743057341685));
#6280=CARTESIAN_POINT('',(0.0646590746284906,0.0245931708729436,-0.021101121519804));
#6281=CARTESIAN_POINT('',(0.0640074811754204,0.0262374819406947,-0.0207641769069688));
#6282=CARTESIAN_POINT('',(0.0630245947617318,0.027833138060159,-0.020763069935476));
#6283=CARTESIAN_POINT('',(0.0622031972906452,0.0288751475566378,-0.0209264155817674));
#6284=CARTESIAN_POINT('',(0.0612359605048651,0.0298402199145109,-0.0212755832342552));
#6285=CARTESIAN_POINT('',(0.0602507353923051,0.0306002927181095,-0.0217825588635179));
#6286=CARTESIAN_POINT('',(0.059267518810415,0.0311859738623491,-0.0224357901327856));
#6287=CARTESIAN_POINT('',(0.0584216146194357,0.031560791754701,-0.0231196969062808));
#6288=CARTESIAN_POINT('',(0.0577133588159174,0.0317943216375749,-0.0237796777015889));
#6289=CARTESIAN_POINT('',(0.0572712564555018,0.0319104910899699,-0.0242269796082071));
#6290=CARTESIAN_POINT('',(0.0568028527725865,0.0320075359068257,-0.024731337435525));
#6291=CARTESIAN_POINT('',(0.0564064582301776,0.0320652680375341,-0.0251866802883034));
#6292=CARTESIAN_POINT('',(0.0560851350000087,0.0320980303914756,-0.0255722280676583));
#6293=CARTESIAN_POINT('',(0.055879378482737,0.0321127046169535,-0.025826443545545));
#6294=CARTESIAN_POINT('',(0.0557405529170821,0.0321196345525229,-0.0260014184844303));
#6295=CARTESIAN_POINT('',(0.0556512975192621,0.0321229750521689,-0.0261152044287742));
#6296=CARTESIAN_POINT('',(0.0555716006367309,0.0321254028758509,-0.026217476528217));
#6297=CARTESIAN_POINT('',(0.055381890185716,0.0321289633501978,-0.0264640215608425));
#6298=CARTESIAN_POINT('',(0.0550653398179142,0.0321246365228122,-0.0268878838040495));
#6299=CARTESIAN_POINT('',(0.0546319580552417,0.0320979259161093,-0.027487840437142));
#6300=CARTESIAN_POINT('',(0.054240017163296,0.0320534693851793,-0.028048969612542));
#6301=CARTESIAN_POINT('',(0.0539595803197114,0.0320082610082505,-0.0284635378747073));
#6302=CARTESIAN_POINT('',(0.0538385970540953,0.0319865153750544,-0.0286445135335664));
#6303=CARTESIAN_POINT('',(0.0537294759173019,0.0319659940994671,-0.0288085861587991));
#6304=CARTESIAN_POINT('',(0.0535283490149452,0.0319250524504372,-0.0291129386348264));
#6305=CARTESIAN_POINT('',(0.0532750021390307,0.0318657959607249,-0.0295013097266669));
#6306=CARTESIAN_POINT('',(0.0529136931635151,0.0317688124085051,-0.0300633451791944));
#6307=CARTESIAN_POINT('',(0.0526255446457217,0.0316767795978005,-0.0305212412114077));
#6308=CARTESIAN_POINT('',(0.0524035161517477,0.0315987518930546,-0.0308784548191118));
#6309=CARTESIAN_POINT('',(0.0522703773696309,0.0315493509834043,-0.0310940905467404));
#6310=CARTESIAN_POINT('',(0.0521836951209098,0.0315158678810633,-0.0312349047511333));
#6311=CARTESIAN_POINT('',(0.0521411408946476,0.03149916947155,-0.0313039637245022));
#6312=CARTESIAN_POINT('',(0.0521172093160778,0.0314897051538798,-0.0313426747711686));
#6313=CARTESIAN_POINT('',(0.0521142472069955,0.0314885404565083,-0.0313474692359309));
#6314=CARTESIAN_POINT('',(0.0520752571469207,0.0314730639080054,-0.0314103915898852));
#6315=CARTESIAN_POINT('',(0.0520286526506389,0.0314542785857761,-0.0314856668934168));
#6316=CARTESIAN_POINT('',(0.0519538660790187,0.0314236251037413,-0.0316065553694603));
#6317=CARTESIAN_POINT('',(0.0518254539076064,0.0313695904846565,-0.031814380429023));
#6318=CARTESIAN_POINT('',(0.0516474000352068,0.0312908500308187,-0.0321031082235691));
#6319=CARTESIAN_POINT('',(0.05144259657012,0.0311945752949165,-0.0324357365964489));
#6320=CARTESIAN_POINT('',(0.0511805218808926,0.0310643428199557,-0.0328610565345056));
#6321=CARTESIAN_POINT('',(0.0509352963628525,0.0309322564263183,-0.0332593215828892));
#6322=CARTESIAN_POINT('',(0.0507097907157912,0.030802313336052,-0.0336256884541964));
#6323=CARTESIAN_POINT('',(0.0505718548781696,0.0307192324795115,-0.0338491232171292));
#6324=CARTESIAN_POINT('',(0.0504746229143654,0.0306592231642807,-0.0340060913734857));
#6325=CARTESIAN_POINT('',(0.050325206812011,0.030564813632447,-0.0342465889971435));
#6326=CARTESIAN_POINT('',(0.0500913193619452,0.0304107495710149,-0.0346212741206123));
#6327=CARTESIAN_POINT('',(0.0496167194843416,0.0300753441513287,-0.0353741522443115));
#6328=CARTESIAN_POINT('',(0.0489786342883582,0.0295546822069033,-0.0363626342525892));
#6329=CARTESIAN_POINT('',(0.0484919382710622,0.0290795614680391,-0.0370826578916649));
#6330=CARTESIAN_POINT('',(0.0482587294662361,0.0288295725564919,-0.037420605179285));
#6331=CARTESIAN_POINT('',(0.0651851387320713,0.0207909408454582,-0.0230673054348839));
#6332=CARTESIAN_POINT('',(0.0651919687320392,0.0214436349660639,-0.0226046059058424));
#6333=CARTESIAN_POINT('',(0.0651449013329175,0.022135640415777,-0.0221849025767937));
#6334=CARTESIAN_POINT('',(0.0649135290611631,0.0235506610521026,-0.0214998346100605));
#6335=CARTESIAN_POINT('',(0.064728742619894,0.0242739980169204,-0.0212346163560094));
#6336=CARTESIAN_POINT('',(0.0642105890919371,0.0257065566473017,-0.020876983248644));
#6337=CARTESIAN_POINT('',(0.0638782399622419,0.0264146289846912,-0.0207828730976237));
#6338=CARTESIAN_POINT('',(0.0632635229319448,0.0274420175117505,-0.0207654640420908));
#6339=CARTESIAN_POINT('',(0.0630424412653499,0.0277735174835404,-0.0207800981652021));
#6340=CARTESIAN_POINT('',(0.062565701289907,0.0284138541561194,-0.020855433892409));
#6341=CARTESIAN_POINT('',(0.0623155368117684,0.0287156191736897,-0.0209143678263215));
#6342=CARTESIAN_POINT('',(0.0615344303721881,0.0295668450593915,-0.0211533312777568));
#6343=CARTESIAN_POINT('',(0.0609695023228453,0.0300637337677363,-0.0213987580727582));
#6344=CARTESIAN_POINT('',(0.0597915132699112,0.0308983553270357,-0.0220660561183574));
#6345=CARTESIAN_POINT('',(0.0591912897415098,0.0312255624470958,-0.0224901028826401));
#6346=CARTESIAN_POINT('',(0.0580048658205517,0.0317221132513755,-0.0234813847191354));
#6347=CARTESIAN_POINT('',(0.0574259948995082,0.0318882405299658,-0.0240483191514161));
#6348=CARTESIAN_POINT('',(0.0563131498564163,0.0320932749448478,-0.0252769264286215));
#6349=CARTESIAN_POINT('',(0.0557780301318037,0.0321336054860242,-0.0259362204469857));
#6350=CARTESIAN_POINT('',(0.0542394551165253,0.0321134160231022,-0.0279861271690679));
#6351=CARTESIAN_POINT('',(0.05329555424464,0.0319199649981911,-0.0294508187934867));
#6352=CARTESIAN_POINT('',(0.0514778617171237,0.0312632748214552,-0.0323672309430047));
#6353=CARTESIAN_POINT('',(0.050600244472857,0.0307996174455308,-0.0338220889929615));
#6354=CARTESIAN_POINT('',(0.0488660385415324,0.0295039785686381,-0.0365567817519625));
#6355=CARTESIAN_POINT('',(0.0479978032832756,0.0286674076044059,-0.0378348983942727));
#6356=CARTESIAN_POINT('',(0.0468071018315074,0.0269395692287536,-0.0394219511924023));
#6357=CARTESIAN_POINT('',(0.0464324331557396,0.0262847372120027,-0.0398913407693582));
#6358=CARTESIAN_POINT('',(0.0457865924174168,0.0248068880569376,-0.0406791733139989));
#6359=CARTESIAN_POINT('',(0.0455162712056688,0.0239804363438335,-0.0409965694003022));
#6360=CARTESIAN_POINT('',(0.0451538993664363,0.0222075217697155,-0.0414492945125775));
#6361=CARTESIAN_POINT('',(0.0450618391674712,0.0212576998767253,-0.0415857159298885));
#6362=CARTESIAN_POINT('',(0.0451005994870877,0.019325971613793,-0.0416832174467935));
#6363=CARTESIAN_POINT('',(0.0452310606436108,0.0183456772753192,-0.041645057201332));
#6364=CARTESIAN_POINT('',(0.0457059489553004,0.0164606746714647,-0.041427874600013));
#6365=CARTESIAN_POINT('',(0.0460499317771833,0.015556260145317,-0.0412494601732155));
#6366=CARTESIAN_POINT('',(0.0469101414687061,0.0138935167531675,-0.0408007710790311));
#6367=CARTESIAN_POINT('',(0.0474249050665558,0.013136462158869,-0.0405311204199428));
#6368=CARTESIAN_POINT('',(0.0485828434755999,0.0118012781653378,-0.0399432368058992));
#6369=CARTESIAN_POINT('',(0.0492256652617351,0.0112233729630956,-0.0396252728579081));
#6370=CARTESIAN_POINT('',(0.0506101920307578,0.0102628184255541,-0.0389590051898374));
#6371=CARTESIAN_POINT('',(0.0513522435887442,0.00987895914405923,-0.0386076221012556));
#6372=CARTESIAN_POINT('',(0.0529217351500281,0.00933964204700903,-0.0379356591598741));
#6373=CARTESIAN_POINT('',(0.0537468987947347,0.00918615960967703,-0.0375984693922545));
#6374=CARTESIAN_POINT('',(0.055374360204974,0.00912051456780084,-0.0368694699949569));
#6375=CARTESIAN_POINT('',(0.0561723514666864,0.00920773990613729,-0.0364781194654142));
#6376=CARTESIAN_POINT('',(0.0584050502147194,0.00974804072741111,-0.0352082700086885));
#6377=CARTESIAN_POINT('',(0.0596522699937625,0.0104567655232094,-0.0342339909398335));
#6378=CARTESIAN_POINT('',(0.0616751358209464,0.0120970334312416,-0.0321197155647917));
#6379=CARTESIAN_POINT('',(0.0624669890728249,0.0130334323816619,-0.0309822107954346));
#6380=CARTESIAN_POINT('',(0.0637503965457403,0.015011631292531,-0.0286443800033946));
#6381=CARTESIAN_POINT('',(0.0642418377657679,0.016054968444798,-0.0274382650771954));
#6382=CARTESIAN_POINT('',(0.0647728166223881,0.0177237239752862,-0.0257018913041243));
#6383=CARTESIAN_POINT('',(0.0649149892659337,0.0183001302662692,-0.0251348859826508));
#6384=CARTESIAN_POINT('',(0.0651183603267687,0.019505329992526,-0.0240470020977767));
#6385=CARTESIAN_POINT('',(0.0651783087321034,0.0201382467248524,-0.0235300049639254));
#6386=CARTESIAN_POINT('',(0.0651851387320713,0.0207909408454582,-0.0230673054348839));
#6387=CARTESIAN_POINT('',(0.0656184577834528,0.0199618059768961,-0.021164922625089));
#6388=CARTESIAN_POINT('',(0.0656485164647307,0.0207334825643862,-0.0207025354339893));
#6389=CARTESIAN_POINT('',(0.0656117129039887,0.0215507096274821,-0.0202810890613373));
#6390=CARTESIAN_POINT('',(0.0653747052212922,0.023205746711851,-0.0195859766260671));
#6391=CARTESIAN_POINT('',(0.065174064319296,0.0240456734132983,-0.0193118112043523));
#6392=CARTESIAN_POINT('',(0.064602943388418,0.0256878236530625,-0.0189337299010247));
#6393=CARTESIAN_POINT('',(0.0642329274214073,0.0264916779592897,-0.018828083805914));
#6394=CARTESIAN_POINT('',(0.0635463453005056,0.0276458447052182,-0.0187981114192334));
#6395=CARTESIAN_POINT('',(0.0632978806381792,0.0280181742726121,-0.018809539868156));
#6396=CARTESIAN_POINT('',(0.062759739520575,0.0287366315178621,-0.0188777813357415));
#6397=CARTESIAN_POINT('',(0.0624770123912027,0.0290739015737716,-0.0189333057662553));
#6398=CARTESIAN_POINT('',(0.0615859499111122,0.0300289983168367,-0.0191623048876235));
#6399=CARTESIAN_POINT('',(0.0609315790643212,0.0305902450601304,-0.0194012764831252));
#6400=CARTESIAN_POINT('',(0.059543585968347,0.0315352643092409,-0.0200503362659075));
#6401=CARTESIAN_POINT('',(0.0588151782405205,0.0319127849908357,-0.0204624714951013));
#6402=CARTESIAN_POINT('',(0.0573526696598369,0.0324782322633305,-0.0214188877724061));
#6403=CARTESIAN_POINT('',(0.0566196937037472,0.0326656526666664,-0.021963715131944));
#6404=CARTESIAN_POINT('',(0.055187941773965,0.0328764734012358,-0.0231347176871266));
#6405=CARTESIAN_POINT('',(0.0544878860222614,0.0329009041135341,-0.0237603318559923));
#6406=CARTESIAN_POINT('',(0.052458266799734,0.0327719358339897,-0.0256975458535222));
#6407=CARTESIAN_POINT('',(0.0511931630328186,0.0324141150085158,-0.0270746945264124));
#6408=CARTESIAN_POINT('',(0.0489078851622845,0.031280312790434,-0.0297692534601232));
#6409=CARTESIAN_POINT('',(0.0478710433024951,0.0304759686739535,-0.0311131361474491));
#6410=CARTESIAN_POINT('',(0.0461466705905613,0.0284896639583043,-0.0335869325104712));
#6411=CARTESIAN_POINT('',(0.0454634460376589,0.0272599844257201,-0.0347293985316971));
#6412=CARTESIAN_POINT('',(0.0448021567615195,0.0252868852579287,-0.0361463644434121));
#6413=CARTESIAN_POINT('',(0.0446388751821335,0.0245827072105014,-0.0365825375316482));
#6414=CARTESIAN_POINT('',(0.0444258959433426,0.0231342134174008,-0.0373706399132272));
#6415=CARTESIAN_POINT('',(0.0443802218586019,0.0223883161456345,-0.0377190182752023));
#6416=CARTESIAN_POINT('',(0.0443993274399204,0.0208689971082904,-0.0383337245848173));
#6417=CARTESIAN_POINT('',(0.0444666825325291,0.0200963919040792,-0.0385963134982224));
#6418=CARTESIAN_POINT('',(0.0447270539366447,0.0185166267134208,-0.0390372773796477));
#6419=CARTESIAN_POINT('',(0.0449236278108323,0.0177186632069517,-0.0392092346324444));
#6420=CARTESIAN_POINT('',(0.045470493922209,0.016122258089188,-0.0394473783595015));
#6421=CARTESIAN_POINT('',(0.0458210211449561,0.015336589702293,-0.0395089473854675));
#6422=CARTESIAN_POINT('',(0.0466877404618189,0.0138240721252365,-0.0395053890721251));
#6423=CARTESIAN_POINT('',(0.0471969195028723,0.0131128685570395,-0.0394392512611465));
#6424=CARTESIAN_POINT('',(0.0483584997311589,0.0118176649959126,-0.039169652665996));
#6425=CARTESIAN_POINT('',(0.0489978215363689,0.0112453197229087,-0.0389702697169552));
#6426=CARTESIAN_POINT('',(0.0503720160892098,0.0102774543078293,-0.0384378683374863));
#6427=CARTESIAN_POINT('',(0.0510929592865478,0.00988597389866346,-0.0381124273109959));
#6428=CARTESIAN_POINT('',(0.0525596524776403,0.00930247614593763,-0.0373541420908472));
#6429=CARTESIAN_POINT('',(0.0532956241417966,0.00910559299449884,-0.0369303652669687));
#6430=CARTESIAN_POINT('',(0.0547434595114958,0.00889160695381129,-0.0360045796284477));
#6431=CARTESIAN_POINT('',(0.0554521723250217,0.00886587831752833,-0.0355091868168665));
#6432=CARTESIAN_POINT('',(0.05744510273178,0.00901818428547982,-0.0339828281314282));
#6433=CARTESIAN_POINT('',(0.0587268305700928,0.00939504627752582,-0.0328317359586668));
#6434=CARTESIAN_POINT('',(0.0609449736992229,0.0105911061072412,-0.0304728349505335));
#6435=CARTESIAN_POINT('',(0.061931264191493,0.0113982870034967,-0.029236333669258));
#6436=CARTESIAN_POINT('',(0.0635663215836071,0.0133242575859523,-0.0267907837732947));
#6437=CARTESIAN_POINT('',(0.0642450137618679,0.0144516683708462,-0.0255536946784923));
#6438=CARTESIAN_POINT('',(0.0649875254487448,0.0163522181439549,-0.0237989623810652));
#6439=CARTESIAN_POINT('',(0.0651904437168951,0.0170209788519224,-0.0232304820812987));
#6440=CARTESIAN_POINT('',(0.0654915812621953,0.0184382035074251,-0.0221442888700752));
#6441=CARTESIAN_POINT('',(0.0655883234006098,0.0191881859533405,-0.0216284743195025));
#6442=CARTESIAN_POINT('',(0.0656184577834528,0.0199618059768961,-0.021164922625089));
#6443=CARTESIAN_POINT('',(0.0666875541018595,0.0192514586644534,-0.0194776970494076));
#6444=CARTESIAN_POINT('',(0.0666952512702049,0.0201565336681016,-0.0189974493474427));
#6445=CARTESIAN_POINT('',(0.0666317604994067,0.0211097294170847,-0.0185622866715099));
#6446=CARTESIAN_POINT('',(0.066333312465189,0.023030668734359,-0.0178395031421609));
#6447=CARTESIAN_POINT('',(0.0660974846592542,0.024000953830454,-0.0175517368995364));
#6448=CARTESIAN_POINT('',(0.0654442545255211,0.0258868021954013,-0.0171481600050292));
#6449=CARTESIAN_POINT('',(0.0650265325047626,0.026805689095129,-0.0170309295500966));
#6450=CARTESIAN_POINT('',(0.0642531524407356,0.0281195771562352,-0.0169899865938844));
#6451=CARTESIAN_POINT('',(0.0639723925922329,0.0285441769343826,-0.0169990207040421));
#6452=CARTESIAN_POINT('',(0.0633633746105224,0.0293651012363512,-0.0170625673151194));
#6453=CARTESIAN_POINT('',(0.0630436112914114,0.0297502773490709,-0.0171161724876127));
#6454=CARTESIAN_POINT('',(0.0620297175162745,0.0308482935487477,-0.0173407944082928));
#6455=CARTESIAN_POINT('',(0.0612783823486012,0.0315024726564882,-0.0175783467352283));
#6456=CARTESIAN_POINT('',(0.0596688089267678,0.0326267363197031,-0.0182255761641788));
#6457=CARTESIAN_POINT('',(0.0588101086655789,0.0330959912440292,-0.0186367772025894));
#6458=CARTESIAN_POINT('',(0.057071361800388,0.0338349515901374,-0.019591765871756));
#6459=CARTESIAN_POINT('',(0.0561884051809521,0.0341081758125843,-0.0201355029039382));
#6460=CARTESIAN_POINT('',(0.0544454650190109,0.0344862455434101,-0.0213089247400976));
#6461=CARTESIAN_POINT('',(0.053586295537729,0.0345920476409272,-0.0219368518054607));
#6462=CARTESIAN_POINT('',(0.0510798845883689,0.0346997919609624,-0.0238935217455379));
#6463=CARTESIAN_POINT('',(0.0494950141107318,0.0344980122000923,-0.0252992849709071));
#6464=CARTESIAN_POINT('',(0.0465852794804715,0.033615356705704,-0.0281747269614822));
#6465=CARTESIAN_POINT('',(0.0452548628354674,0.032932213214552,-0.0296499569404436));
#6466=CARTESIAN_POINT('',(0.0429836003567663,0.0309951455500744,-0.0325751171019935));
#6467=CARTESIAN_POINT('',(0.0420449687122311,0.0297330875822094,-0.0340266191241026));
#6468=CARTESIAN_POINT('',(0.04115783200682,0.0273413796074997,-0.0360088119872416));
#6469=CARTESIAN_POINT('',(0.0409531821828592,0.0264653662268784,-0.0366318861154584));
#6470=CARTESIAN_POINT('',(0.0407643018024441,0.0245792346404301,-0.0377615280580217));
#6471=CARTESIAN_POINT('',(0.0407821321872968,0.0235689133471889,-0.0382668518348748));
#6472=CARTESIAN_POINT('',(0.0410642435587995,0.0215010384019604,-0.0391100492226875));
#6473=CARTESIAN_POINT('',(0.0413281409017122,0.0204429353485549,-0.0394486123287463));
#6474=CARTESIAN_POINT('',(0.0420796894487096,0.0183816832146257,-0.0399407635451057));
#6475=CARTESIAN_POINT('',(0.0425664899543572,0.0173790514258436,-0.0400949625467829));
#6476=CARTESIAN_POINT('',(0.0436982260391069,0.015516821884945,-0.0402317449928472));
#6477=CARTESIAN_POINT('',(0.0443425357960355,0.0146571619305267,-0.0402148888655901));
#6478=CARTESIAN_POINT('',(0.0457126222889017,0.0131120922713032,-0.0400434487919214));
#6479=CARTESIAN_POINT('',(0.0464370977160672,0.0124271797708733,-0.0398894973543161));
#6480=CARTESIAN_POINT('',(0.047913264962781,0.0112157181662442,-0.039477676170521));
#6481=CARTESIAN_POINT('',(0.0486649530638369,0.0106885622543394,-0.0392200939887958));
#6482=CARTESIAN_POINT('',(0.0501812605768135,0.00976333926818825,-0.0386147225922288));
#6483=CARTESIAN_POINT('',(0.0509466719857889,0.00936781277747992,-0.038266132205931));
#6484=CARTESIAN_POINT('',(0.0524775550943557,0.00863228324309665,-0.0374916098800906));
#6485=CARTESIAN_POINT('',(0.0532539220413424,0.00830506429527557,-0.0370575790029979));
#6486=CARTESIAN_POINT('',(0.0548265883439931,0.00779826302337263,-0.0360759739937977));
#6487=CARTESIAN_POINT('',(0.0556203223777886,0.00762083529743652,-0.035529078282821));
#6488=CARTESIAN_POINT('',(0.0579462556290517,0.00736765793661919,-0.0337551719756743));
#6489=CARTESIAN_POINT('',(0.0594097516630459,0.00757693726468182,-0.0323993245863557));
#6490=CARTESIAN_POINT('',(0.0619266689897348,0.00861913695193483,-0.0296227559830877));
#6491=CARTESIAN_POINT('',(0.0629898785194984,0.00944129864593591,-0.0282024682965393));
#6492=CARTESIAN_POINT('',(0.064730321942541,0.0115390402810941,-0.025444435670563));
#6493=CARTESIAN_POINT('',(0.0654124917855467,0.0128208035142076,-0.024100867973595));
#6494=CARTESIAN_POINT('',(0.0661384943205007,0.0150217989756256,-0.0222307496701935));
#6495=CARTESIAN_POINT('',(0.066330916914412,0.0158027940193212,-0.0216310578702769));
#6496=CARTESIAN_POINT('',(0.0666023081103865,0.0174667767288849,-0.0204930886331393));
#6497=CARTESIAN_POINT('',(0.066679856933514,0.0183463836608052,-0.0199579447513725));
#6498=CARTESIAN_POINT('',(0.0666875541018595,0.0192514586644534,-0.0194776970494076));
#6499=CARTESIAN_POINT('',(0.0490000000000041,0.358583852067841,0.0148799996886906));
#6500=CARTESIAN_POINT('',(0.0160000000000041,0.358583852067841,0.0148799996886906));
#6501=CARTESIAN_POINT('',(-0.0169999999999959,0.358583852067841,0.0148799996886906));
#6502=CARTESIAN_POINT('',(-0.0499999999999959,0.358583852067841,0.0148799996886906));
#6503=CARTESIAN_POINT('',(-0.0264666744679781,-0.0309936547734211,-0.0163647217336113));
#6504=CARTESIAN_POINT('',(-0.0146723184734583,-0.0309936547734211,-0.021539406850934));
#6505=CARTESIAN_POINT('',(-0.0382610304624979,-0.0309936547734211,-0.0111900366162886));
#6506=CARTESIAN_POINT('',(-0.0331983166914799,-0.0309936547734211,-0.00250930734910073));
#6507=CARTESIAN_POINT('',(-0.043247502297163,-0.0309936547734211,-0.00250930734910071));
#6508=CARTESIAN_POINT('',(0.,-0.0309936547734211,-0.021539406850934));
#6509=CARTESIAN_POINT('',(0.0146723184734583,-0.0309936547734211,-0.021539406850934));
#6510=CARTESIAN_POINT('',(0.0264666744679781,-0.0309936547734211,-0.0163647217336114));
#6511=CARTESIAN_POINT('',(0.0382610304624979,-0.0309936547734211,-0.0111900366162886));
#6512=CARTESIAN_POINT('',(0.0331983166914799,-0.0309936547734211,-0.00250930734910073));
#6513=CARTESIAN_POINT('',(0.043247502297163,-0.0309936547734211,-0.00250930734910071));
#6514=CARTESIAN_POINT('',(0.043247502297163,-0.0309936547734211,0.0143423472074792));
#6515=CARTESIAN_POINT('',(-0.043247502297163,-0.0309936547734211,0.0143423472074792));
#6516=MECHANICAL_DESIGN_GEOMETRIC_PRESENTATION_REPRESENTATION('',(#657),
#6517);
#6517=(
GEOMETRIC_REPRESENTATION_CONTEXT(3)
GLOBAL_UNCERTAINTY_ASSIGNED_CONTEXT((#6518))
GLOBAL_UNIT_ASSIGNED_CONTEXT((#6521,#6520,#6519))
REPRESENTATION_CONTEXT('Back Skin','TOP_LEVEL_ASSEMBLY_PART')
);
#6518=UNCERTAINTY_MEASURE_WITH_UNIT(LENGTH_MEASURE(2.12243433076318E-5),
#6521,'DISTANCE_ACCURACY_VALUE','Maximum Tolerance applied to model');
#6519=(
NAMED_UNIT(*)
SI_UNIT($,.STERADIAN.)
SOLID_ANGLE_UNIT()
);
#6520=(
NAMED_UNIT(*)
PLANE_ANGLE_UNIT()
SI_UNIT($,.RADIAN.)
);
#6521=(
LENGTH_UNIT()
NAMED_UNIT(*)
SI_UNIT($,.METRE.)
);
#6522=PRODUCT_DEFINITION_SHAPE('','',#6523);
#6523=PRODUCT_DEFINITION('','',#6525,#6524);
#6524=PRODUCT_DEFINITION_CONTEXT('',#6531,'design');
#6525=PRODUCT_DEFINITION_FORMATION_WITH_SPECIFIED_SOURCE('','',#6527,
 .NOT_KNOWN.);
#6526=PRODUCT_RELATED_PRODUCT_CATEGORY('','',(#6527));
#6527=PRODUCT('Back Skin','Back Skin','Back Skin',(#6529));
#6528=PRODUCT_CATEGORY('','');
#6529=PRODUCT_CONTEXT('',#6531,'mechanical');
#6530=APPLICATION_PROTOCOL_DEFINITION('international standard',
'ap242_managed_model_based_3d_engineering',2020,#6531);
#6531=APPLICATION_CONTEXT('managed model based 3d engineering');
ENDSEC;
END-ISO-10303-21;
