ISO-10303-21;
HEADER;
/* Generated by software containing ST-Developer
 * from STEP Tools, Inc. (www.steptools.com) 
 */
/* OPTION: using custom renumber hook */

FILE_DESCRIPTION(
/* description */ ('STEP AP242 Edition 2',
'CAx-IF Rec.Pracs.---Representation and Presentation of Product Manufa
cturing Information (PMI)---4.0---2014-10-13',
'CAx-IF Rec.Pracs.---3D Tessellated Geometry---0.4---2014-09-14','2;1',
'CAx-IF Rec.Pracs.---User Defined Attributes---1.5---2016-08-15'),
/* implementation_level */ '2;1');

FILE_NAME(
/* name */ 'RM_Lite_Proto (BETA) - hf_front',
/* time_stamp */ '2026-03-25T08:53:54Z',
/* author */ (''),
/* organization */ (''),
/* preprocessor_version */ 'ST-DEVELOPER v20',
/* originating_system */ 'ONSHAPE BY PTC INC, 1.212',
/* authorisation */ '  ');

FILE_SCHEMA (('AP242_MANAGED_MODEL_BASED_3D_ENGINEERING_MIM_LF { 1 0 10303 442 3 1 4 }'));
ENDSEC;

DATA;
#10=SHAPE_REPRESENTATION_RELATIONSHIP('','',#1110,#11);
#11=ADVANCED_BREP_SHAPE_REPRESENTATION('',(#1108),#4047);
#12=(
BOUNDED_SURFACE()
B_SPLINE_SURFACE(3,2,((#3775,#3776,#3777),(#3778,#3779,#3780),(#3781,#3782,
#3783),(#3784,#3785,#3786),(#3787,#3788,#3789),(#3790,#3791,#3792),(#3793,
#3794,#3795),(#3796,#3797,#3798),(#3799,#3800,#3801),(#3802,#3803,#3804),
(#3805,#3806,#3807),(#3808,#3809,#3810),(#3811,#3812,#3813),(#3814,#3815,
#3816)),.UNSPECIFIED.,.F.,.F.,.F.)
B_SPLINE_SURFACE_WITH_KNOTS((4,1,1,1,1,1,1,1,1,1,1,4),(3,3),(0.0324762159691239,
0.0357318998930619,0.0389875838169998,0.0422432677409378,0.0454989516648758,
0.0487546355888138,0.0520103195127517,0.0585216873606277,0.0650330552085036,
0.0715444230563796,0.0780557909042555,0.0845671587521315),(0.,1.),
 .UNSPECIFIED.)
GEOMETRIC_REPRESENTATION_ITEM()
RATIONAL_B_SPLINE_SURFACE(((1.,0.765890232636122,1.),(1.,0.764646036296929,
1.),(1.,0.760982940912507,1.),(1.,0.751626988787411,1.),(1.,0.739424165812076,
1.),(1.,0.725180011386296,1.),(1.,0.709777233076811,1.),(1.,0.690655741819089,
1.),(1.,0.669503292157335,1.),(1.,0.652347722915941,1.),(1.,0.641197964370658,
1.),(1.,0.636118476758503,1.),(1.,0.636768975076935,1.),(1.,0.637333802715834,
1.)))
REPRESENTATION_ITEM('')
SURFACE()
);
#13=(
BOUNDED_SURFACE()
B_SPLINE_SURFACE(3,2,((#3830,#3831,#3832),(#3833,#3834,#3835),(#3836,#3837,
#3838),(#3839,#3840,#3841),(#3842,#3843,#3844),(#3845,#3846,#3847),(#3848,
#3849,#3850),(#3851,#3852,#3853),(#3854,#3855,#3856),(#3857,#3858,#3859),
(#3860,#3861,#3862),(#3863,#3864,#3865),(#3866,#3867,#3868),(#3869,#3870,
#3871),(#3872,#3873,#3874),(#3875,#3876,#3877),(#3878,#3879,#3880),(#3881,
#3882,#3883),(#3884,#3885,#3886),(#3887,#3888,#3889),(#3890,#3891,#3892),
(#3893,#3894,#3895),(#3896,#3897,#3898),(#3899,#3900,#3901),(#3902,#3903,
#3904),(#3905,#3906,#3907),(#3908,#3909,#3910)),.UNSPECIFIED.,.F.,.F.,.F.)
B_SPLINE_SURFACE_WITH_KNOTS((4,1,1,1,1,1,1,1,1,1,1,1,1,1,1,1,1,1,1,1,1,
1,1,1,4),(3,3),(0.11817076646515,0.128243234513238,0.133279468537282,0.138315702561326,
0.14335193658537,0.148388170609414,0.153424404633459,0.158460638657503,
0.163496872681547,0.168533106705591,0.178605574753679,0.188678042801767,
0.198750510849856,0.208822978897944,0.218895446946032,0.223931680970076,
0.22896791499412,0.239040383042209,0.244076617066253,0.249112851090297,
0.254149085114341,0.259185319138385,0.264221553162429,0.269257787186473,
0.279330255234562),(0.,1.),.UNSPECIFIED.)
GEOMETRIC_REPRESENTATION_ITEM()
RATIONAL_B_SPLINE_SURFACE(((1.,0.637057758716088,1.),(1.,0.637665202103047,
1.),(1.,0.642094419975363,1.),(1.,0.65203208398744,1.),(1.,0.663690904414136,
1.),(1.,0.674845486485652,1.),(1.,0.69352949391393,1.),(1.,0.709549386080033,
1.),(1.,0.730561530810281,1.),(1.,0.7530559640039,1.),(1.,0.78304316425584,
1.),(1.,0.820001539486025,1.),(1.,0.85144908601024,1.),(1.,0.862463619533444,
1.),(1.,0.851253983910833,1.),(1.,0.82509605366184,1.),(1.,0.797122346114544,
1.),(1.,0.767370857424722,1.),(1.,0.737147241088399,1.),(1.,0.709034411700324,
1.),(1.,0.692954620625735,1.),(1.,0.674373991176733,1.),(1.,0.66351169867159,
1.),(1.,0.651963980652297,1.),(1.,0.642059896069842,1.),(1.,0.637663943165159,
1.),(1.,0.637058439170875,1.)))
REPRESENTATION_ITEM('')
SURFACE()
);
#14=(
BOUNDED_SURFACE()
B_SPLINE_SURFACE(3,2,((#3924,#3925,#3926),(#3927,#3928,#3929),(#3930,#3931,
#3932),(#3933,#3934,#3935),(#3936,#3937,#3938),(#3939,#3940,#3941),(#3942,
#3943,#3944),(#3945,#3946,#3947),(#3948,#3949,#3950),(#3951,#3952,#3953),
(#3954,#3955,#3956),(#3957,#3958,#3959),(#3960,#3961,#3962),(#3963,#3964,
#3965)),.UNSPECIFIED.,.F.,.F.,.F.)
B_SPLINE_SURFACE_WITH_KNOTS((4,1,1,1,1,1,1,1,1,1,1,4),(3,3),(0.041145157143259,
0.044366511709998,0.0475878662767371,0.0508092208434762,0.0540305754102153,
0.0572519299769543,0.0604732845436934,0.0669159936771716,0.0733587028106497,
0.0798014119441279,0.086244121077606,0.0926868302110842),(0.,1.),
 .UNSPECIFIED.)
GEOMETRIC_REPRESENTATION_ITEM()
RATIONAL_B_SPLINE_SURFACE(((1.,0.765884402682472,1.),(1.,0.764650136775495,
1.),(1.,0.761001589280697,1.),(1.,0.751533893333145,1.),(1.,0.739499113548984,
1.),(1.,0.725159631985843,1.),(1.,0.709802719339584,1.),(1.,0.690675720164804,
1.),(1.,0.669410524943551,1.),(1.,0.652369839396884,1.),(1.,0.64119708420047,
1.),(1.,0.63611408428597,1.),(1.,0.636770617081302,1.),(1.,0.637333547017299,
1.)))
REPRESENTATION_ITEM('')
SURFACE()
);
#15=CYLINDRICAL_SURFACE('',#1128,0.0015);
#16=CYLINDRICAL_SURFACE('',#1132,0.0015);
#17=CYLINDRICAL_SURFACE('',#1136,0.0015);
#18=CYLINDRICAL_SURFACE('',#1140,0.0015);
#19=CYLINDRICAL_SURFACE('',#1144,0.0025);
#20=CYLINDRICAL_SURFACE('',#1148,0.0025);
#21=CYLINDRICAL_SURFACE('',#1152,0.0025);
#22=CYLINDRICAL_SURFACE('',#1155,0.0025);
#23=CYLINDRICAL_SURFACE('',#1159,0.0025);
#24=CYLINDRICAL_SURFACE('',#1163,0.0025);
#25=CYLINDRICAL_SURFACE('',#1175,0.002);
#26=CYLINDRICAL_SURFACE('',#1178,0.002);
#27=CYLINDRICAL_SURFACE('',#1181,0.002);
#28=CYLINDRICAL_SURFACE('',#1184,0.002);
#29=CYLINDRICAL_SURFACE('',#1190,0.00135);
#30=CYLINDRICAL_SURFACE('',#1192,0.002);
#31=CYLINDRICAL_SURFACE('',#1195,0.002);
#32=CYLINDRICAL_SURFACE('',#1198,0.002);
#33=CYLINDRICAL_SURFACE('',#1201,0.002);
#34=CYLINDRICAL_SURFACE('',#1207,0.00135);
#35=VERTEX_LOOP('',#670);
#36=VERTEX_LOOP('',#673);
#37=VERTEX_LOOP('',#676);
#38=VERTEX_LOOP('',#679);
#39=VERTEX_LOOP('',#682);
#40=VERTEX_LOOP('',#685);
#41=VERTEX_LOOP('',#688);
#42=VERTEX_LOOP('',#690);
#43=VERTEX_LOOP('',#693);
#44=VERTEX_LOOP('',#696);
#45=VERTEX_LOOP('',#708);
#46=VERTEX_LOOP('',#719);
#47=CONICAL_SURFACE('',#1126,0.0015,1.02974425867665);
#48=CONICAL_SURFACE('',#1130,0.0015,1.02974425867665);
#49=CONICAL_SURFACE('',#1134,0.0015,1.02974425867665);
#50=CONICAL_SURFACE('',#1138,0.0015,1.02974425867665);
#51=CONICAL_SURFACE('',#1142,0.0025,1.02974425867665);
#52=CONICAL_SURFACE('',#1146,0.0025,1.02974425867665);
#53=CONICAL_SURFACE('',#1150,0.0025,1.02974425867665);
#54=CONICAL_SURFACE('',#1153,0.0025,1.02974425867665);
#55=CONICAL_SURFACE('',#1157,0.0025,1.02974425867665);
#56=CONICAL_SURFACE('',#1161,0.0025,1.02974425867665);
#57=CONICAL_SURFACE('',#1165,0.0027,0.785398163397462);
#58=CONICAL_SURFACE('',#1166,0.0027,0.785398163397462);
#59=CONICAL_SURFACE('',#1167,0.0027,0.785398163397462);
#60=CONICAL_SURFACE('',#1168,0.0027,0.785398163397462);
#61=CONICAL_SURFACE('',#1169,0.0027,0.785398163397462);
#62=CONICAL_SURFACE('',#1170,0.0017,0.785398163397462);
#63=CONICAL_SURFACE('',#1171,0.0017,0.785398163397462);
#64=CONICAL_SURFACE('',#1172,0.0017,0.785398163397462);
#65=CONICAL_SURFACE('',#1173,0.0017,0.785398163397462);
#66=CONICAL_SURFACE('',#1188,0.00135,1.02974425867665);
#67=CONICAL_SURFACE('',#1205,0.00135,1.02974425867665);
#68=PLANE('',#1113);
#69=PLANE('',#1114);
#70=PLANE('',#1120);
#71=PLANE('',#1174);
#72=PLANE('',#1177);
#73=PLANE('',#1180);
#74=PLANE('',#1183);
#75=PLANE('',#1186);
#76=PLANE('',#1191);
#77=PLANE('',#1194);
#78=PLANE('',#1197);
#79=PLANE('',#1200);
#80=PLANE('',#1203);
#81=LINE('',#2103,#116);
#82=LINE('',#2128,#117);
#83=LINE('',#2254,#118);
#84=LINE('',#2255,#119);
#85=LINE('',#2272,#120);
#86=LINE('',#2285,#121);
#87=LINE('',#2606,#122);
#88=LINE('',#2608,#123);
#89=LINE('',#3650,#124);
#90=LINE('',#3680,#125);
#91=LINE('',#3689,#126);
#92=LINE('',#3967,#127);
#93=LINE('',#3969,#128);
#94=LINE('',#3971,#129);
#95=LINE('',#3973,#130);
#96=LINE('',#3977,#131);
#97=LINE('',#3979,#132);
#98=LINE('',#3981,#133);
#99=LINE('',#3985,#134);
#100=LINE('',#3987,#135);
#101=LINE('',#3989,#136);
#102=LINE('',#3993,#137);
#103=LINE('',#3995,#138);
#104=LINE('',#4007,#139);
#105=LINE('',#4009,#140);
#106=LINE('',#4011,#141);
#107=LINE('',#4013,#142);
#108=LINE('',#4017,#143);
#109=LINE('',#4019,#144);
#110=LINE('',#4021,#145);
#111=LINE('',#4025,#146);
#112=LINE('',#4027,#147);
#113=LINE('',#4029,#148);
#114=LINE('',#4033,#149);
#115=LINE('',#4035,#150);
#116=VECTOR('',#1212,1.);
#117=VECTOR('',#1213,1.);
#118=VECTOR('',#1216,1.);
#119=VECTOR('',#1217,1.);
#120=VECTOR('',#1230,1.);
#121=VECTOR('',#1231,1.);
#122=VECTOR('',#1232,1.);
#123=VECTOR('',#1233,1.);
#124=VECTOR('',#1234,1.);
#125=VECTOR('',#1247,1.);
#126=VECTOR('',#1248,1.);
#127=VECTOR('',#1347,1.);
#128=VECTOR('',#1348,1.);
#129=VECTOR('',#1349,1.);
#130=VECTOR('',#1352,1.);
#131=VECTOR('',#1357,1.);
#132=VECTOR('',#1358,1.);
#133=VECTOR('',#1361,1.);
#134=VECTOR('',#1366,1.);
#135=VECTOR('',#1367,1.);
#136=VECTOR('',#1370,1.);
#137=VECTOR('',#1375,1.);
#138=VECTOR('',#1376,1.);
#139=VECTOR('',#1393,1.);
#140=VECTOR('',#1394,1.);
#141=VECTOR('',#1395,1.);
#142=VECTOR('',#1398,1.);
#143=VECTOR('',#1403,1.);
#144=VECTOR('',#1404,1.);
#145=VECTOR('',#1407,1.);
#146=VECTOR('',#1412,1.);
#147=VECTOR('',#1413,1.);
#148=VECTOR('',#1416,1.);
#149=VECTOR('',#1421,1.);
#150=VECTOR('',#1422,1.);
#151=CIRCLE('',#1112,0.1);
#152=CIRCLE('',#1115,0.0027);
#153=CIRCLE('',#1116,0.0027);
#154=CIRCLE('',#1117,0.0027);
#155=CIRCLE('',#1118,0.0017);
#156=CIRCLE('',#1119,0.0017);
#157=CIRCLE('',#1121,0.0027);
#158=CIRCLE('',#1122,0.0027);
#159=CIRCLE('',#1123,0.0017);
#160=CIRCLE('',#1124,0.0017);
#161=CIRCLE('',#1125,0.0025);
#162=CIRCLE('',#1127,0.0015);
#163=CIRCLE('',#1129,0.0015);
#164=CIRCLE('',#1131,0.0015);
#165=CIRCLE('',#1133,0.0015);
#166=CIRCLE('',#1135,0.0015);
#167=CIRCLE('',#1137,0.0015);
#168=CIRCLE('',#1139,0.0015);
#169=CIRCLE('',#1141,0.0015);
#170=CIRCLE('',#1143,0.0025);
#171=CIRCLE('',#1145,0.0025);
#172=CIRCLE('',#1147,0.0025);
#173=CIRCLE('',#1149,0.0025);
#174=CIRCLE('',#1151,0.0025);
#175=CIRCLE('',#1154,0.0025);
#176=CIRCLE('',#1156,0.0025);
#177=CIRCLE('',#1158,0.0025);
#178=CIRCLE('',#1160,0.0025);
#179=CIRCLE('',#1162,0.0025);
#180=CIRCLE('',#1164,0.0025);
#181=CIRCLE('',#1176,0.002);
#182=CIRCLE('',#1179,0.002);
#183=CIRCLE('',#1182,0.002);
#184=CIRCLE('',#1185,0.002);
#185=CIRCLE('',#1187,0.00135);
#186=CIRCLE('',#1189,0.00135);
#187=CIRCLE('',#1193,0.002);
#188=CIRCLE('',#1196,0.002);
#189=CIRCLE('',#1199,0.002);
#190=CIRCLE('',#1202,0.002);
#191=CIRCLE('',#1204,0.00135);
#192=CIRCLE('',#1206,0.00135);
#193=ORIENTED_EDGE('',*,*,#469,.F.);
#194=ORIENTED_EDGE('',*,*,#470,.T.);
#195=ORIENTED_EDGE('',*,*,#471,.F.);
#196=ORIENTED_EDGE('',*,*,#472,.T.);
#197=ORIENTED_EDGE('',*,*,#473,.T.);
#198=ORIENTED_EDGE('',*,*,#474,.T.);
#199=ORIENTED_EDGE('',*,*,#475,.T.);
#200=ORIENTED_EDGE('',*,*,#476,.T.);
#201=ORIENTED_EDGE('',*,*,#477,.F.);
#202=ORIENTED_EDGE('',*,*,#478,.F.);
#203=ORIENTED_EDGE('',*,*,#479,.F.);
#204=ORIENTED_EDGE('',*,*,#480,.F.);
#205=ORIENTED_EDGE('',*,*,#481,.F.);
#206=ORIENTED_EDGE('',*,*,#482,.T.);
#207=ORIENTED_EDGE('',*,*,#483,.F.);
#208=ORIENTED_EDGE('',*,*,#484,.F.);
#209=ORIENTED_EDGE('',*,*,#485,.F.);
#210=ORIENTED_EDGE('',*,*,#486,.F.);
#211=ORIENTED_EDGE('',*,*,#487,.F.);
#212=ORIENTED_EDGE('',*,*,#488,.T.);
#213=ORIENTED_EDGE('',*,*,#489,.F.);
#214=ORIENTED_EDGE('',*,*,#490,.T.);
#215=ORIENTED_EDGE('',*,*,#491,.F.);
#216=ORIENTED_EDGE('',*,*,#492,.F.);
#217=ORIENTED_EDGE('',*,*,#493,.T.);
#218=ORIENTED_EDGE('',*,*,#494,.T.);
#219=ORIENTED_EDGE('',*,*,#495,.F.);
#220=ORIENTED_EDGE('',*,*,#496,.T.);
#221=ORIENTED_EDGE('',*,*,#497,.F.);
#222=ORIENTED_EDGE('',*,*,#498,.F.);
#223=ORIENTED_EDGE('',*,*,#499,.T.);
#224=ORIENTED_EDGE('',*,*,#480,.T.);
#225=ORIENTED_EDGE('',*,*,#500,.T.);
#226=ORIENTED_EDGE('',*,*,#501,.T.);
#227=ORIENTED_EDGE('',*,*,#502,.T.);
#228=ORIENTED_EDGE('',*,*,#503,.T.);
#229=ORIENTED_EDGE('',*,*,#504,.T.);
#230=ORIENTED_EDGE('',*,*,#505,.T.);
#231=ORIENTED_EDGE('',*,*,#506,.T.);
#232=ORIENTED_EDGE('',*,*,#507,.F.);
#233=ORIENTED_EDGE('',*,*,#508,.T.);
#234=ORIENTED_EDGE('',*,*,#509,.T.);
#235=ORIENTED_EDGE('',*,*,#477,.T.);
#236=ORIENTED_EDGE('',*,*,#499,.F.);
#237=ORIENTED_EDGE('',*,*,#510,.F.);
#238=ORIENTED_EDGE('',*,*,#511,.F.);
#239=ORIENTED_EDGE('',*,*,#512,.F.);
#240=ORIENTED_EDGE('',*,*,#513,.T.);
#241=ORIENTED_EDGE('',*,*,#514,.F.);
#242=ORIENTED_EDGE('',*,*,#515,.F.);
#243=ORIENTED_EDGE('',*,*,#516,.F.);
#244=ORIENTED_EDGE('',*,*,#514,.T.);
#245=ORIENTED_EDGE('',*,*,#513,.F.);
#246=ORIENTED_EDGE('',*,*,#517,.F.);
#247=ORIENTED_EDGE('',*,*,#518,.F.);
#248=ORIENTED_EDGE('',*,*,#519,.F.);
#249=ORIENTED_EDGE('',*,*,#520,.F.);
#250=ORIENTED_EDGE('',*,*,#521,.T.);
#251=ORIENTED_EDGE('',*,*,#519,.T.);
#252=ORIENTED_EDGE('',*,*,#496,.F.);
#253=ORIENTED_EDGE('',*,*,#522,.T.);
#254=ORIENTED_EDGE('',*,*,#523,.T.);
#255=ORIENTED_EDGE('',*,*,#524,.T.);
#256=ORIENTED_EDGE('',*,*,#525,.F.);
#257=ORIENTED_EDGE('',*,*,#526,.F.);
#258=ORIENTED_EDGE('',*,*,#511,.T.);
#259=ORIENTED_EDGE('',*,*,#527,.T.);
#260=ORIENTED_EDGE('',*,*,#493,.F.);
#261=ORIENTED_EDGE('',*,*,#497,.T.);
#262=ORIENTED_EDGE('',*,*,#518,.T.);
#263=ORIENTED_EDGE('',*,*,#491,.T.);
#264=ORIENTED_EDGE('',*,*,#528,.T.);
#265=ORIENTED_EDGE('',*,*,#529,.T.);
#266=ORIENTED_EDGE('',*,*,#521,.F.);
#267=ORIENTED_EDGE('',*,*,#530,.F.);
#268=ORIENTED_EDGE('',*,*,#531,.T.);
#269=ORIENTED_EDGE('',*,*,#529,.F.);
#270=ORIENTED_EDGE('',*,*,#532,.T.);
#271=ORIENTED_EDGE('',*,*,#523,.F.);
#272=ORIENTED_EDGE('',*,*,#533,.F.);
#273=ORIENTED_EDGE('',*,*,#515,.T.);
#274=ORIENTED_EDGE('',*,*,#516,.T.);
#275=ORIENTED_EDGE('',*,*,#534,.F.);
#276=ORIENTED_EDGE('',*,*,#522,.F.);
#277=ORIENTED_EDGE('',*,*,#517,.T.);
#278=ORIENTED_EDGE('',*,*,#512,.T.);
#279=ORIENTED_EDGE('',*,*,#526,.T.);
#280=ORIENTED_EDGE('',*,*,#535,.T.);
#281=ORIENTED_EDGE('',*,*,#507,.T.);
#282=ORIENTED_EDGE('',*,*,#533,.T.);
#283=ORIENTED_EDGE('',*,*,#536,.T.);
#284=ORIENTED_EDGE('',*,*,#537,.T.);
#285=ORIENTED_EDGE('',*,*,#538,.F.);
#286=ORIENTED_EDGE('',*,*,#478,.T.);
#287=ORIENTED_EDGE('',*,*,#509,.F.);
#288=ORIENTED_EDGE('',*,*,#539,.T.);
#289=ORIENTED_EDGE('',*,*,#540,.T.);
#290=ORIENTED_EDGE('',*,*,#541,.T.);
#291=ORIENTED_EDGE('',*,*,#492,.T.);
#292=ORIENTED_EDGE('',*,*,#531,.F.);
#293=ORIENTED_EDGE('',*,*,#542,.T.);
#294=ORIENTED_EDGE('',*,*,#543,.T.);
#295=ORIENTED_EDGE('',*,*,#544,.T.);
#296=ORIENTED_EDGE('',*,*,#545,.T.);
#297=ORIENTED_EDGE('',*,*,#546,.T.);
#298=ORIENTED_EDGE('',*,*,#538,.T.);
#299=ORIENTED_EDGE('',*,*,#547,.T.);
#300=ORIENTED_EDGE('',*,*,#540,.F.);
#301=ORIENTED_EDGE('',*,*,#530,.T.);
#302=ORIENTED_EDGE('',*,*,#520,.T.);
#303=ORIENTED_EDGE('',*,*,#534,.T.);
#304=ORIENTED_EDGE('',*,*,#495,.T.);
#305=ORIENTED_EDGE('',*,*,#548,.T.);
#306=ORIENTED_EDGE('',*,*,#500,.F.);
#307=ORIENTED_EDGE('',*,*,#479,.T.);
#308=ORIENTED_EDGE('',*,*,#510,.T.);
#309=ORIENTED_EDGE('',*,*,#498,.T.);
#310=ORIENTED_EDGE('',*,*,#549,.F.);
#311=ORIENTED_EDGE('',*,*,#527,.F.);
#312=ORIENTED_EDGE('',*,*,#549,.T.);
#313=ORIENTED_EDGE('',*,*,#501,.F.);
#314=ORIENTED_EDGE('',*,*,#548,.F.);
#315=ORIENTED_EDGE('',*,*,#494,.F.);
#316=ORIENTED_EDGE('',*,*,#550,.F.);
#317=ORIENTED_EDGE('',*,*,#551,.T.);
#318=ORIENTED_EDGE('',*,*,#550,.T.);
#319=ORIENTED_EDGE('',*,*,#552,.F.);
#320=ORIENTED_EDGE('',*,*,#553,.T.);
#321=ORIENTED_EDGE('',*,*,#552,.T.);
#322=ORIENTED_EDGE('',*,*,#554,.F.);
#323=ORIENTED_EDGE('',*,*,#555,.T.);
#324=ORIENTED_EDGE('',*,*,#554,.T.);
#325=ORIENTED_EDGE('',*,*,#556,.F.);
#326=ORIENTED_EDGE('',*,*,#557,.T.);
#327=ORIENTED_EDGE('',*,*,#556,.T.);
#328=ORIENTED_EDGE('',*,*,#558,.F.);
#329=ORIENTED_EDGE('',*,*,#559,.T.);
#330=ORIENTED_EDGE('',*,*,#558,.T.);
#331=ORIENTED_EDGE('',*,*,#560,.F.);
#332=ORIENTED_EDGE('',*,*,#561,.T.);
#333=ORIENTED_EDGE('',*,*,#560,.T.);
#334=ORIENTED_EDGE('',*,*,#562,.F.);
#335=ORIENTED_EDGE('',*,*,#562,.T.);
#336=ORIENTED_EDGE('',*,*,#546,.F.);
#337=ORIENTED_EDGE('',*,*,#563,.F.);
#338=ORIENTED_EDGE('',*,*,#564,.T.);
#339=ORIENTED_EDGE('',*,*,#563,.T.);
#340=ORIENTED_EDGE('',*,*,#565,.F.);
#341=ORIENTED_EDGE('',*,*,#566,.T.);
#342=ORIENTED_EDGE('',*,*,#565,.T.);
#343=ORIENTED_EDGE('',*,*,#567,.F.);
#344=ORIENTED_EDGE('',*,*,#568,.T.);
#345=ORIENTED_EDGE('',*,*,#567,.T.);
#346=ORIENTED_EDGE('',*,*,#561,.F.);
#347=ORIENTED_EDGE('',*,*,#542,.F.);
#348=ORIENTED_EDGE('',*,*,#559,.F.);
#349=ORIENTED_EDGE('',*,*,#543,.F.);
#350=ORIENTED_EDGE('',*,*,#568,.F.);
#351=ORIENTED_EDGE('',*,*,#502,.F.);
#352=ORIENTED_EDGE('',*,*,#566,.F.);
#353=ORIENTED_EDGE('',*,*,#503,.F.);
#354=ORIENTED_EDGE('',*,*,#564,.F.);
#355=ORIENTED_EDGE('',*,*,#504,.F.);
#356=ORIENTED_EDGE('',*,*,#551,.F.);
#357=ORIENTED_EDGE('',*,*,#544,.F.);
#358=ORIENTED_EDGE('',*,*,#553,.F.);
#359=ORIENTED_EDGE('',*,*,#545,.F.);
#360=ORIENTED_EDGE('',*,*,#555,.F.);
#361=ORIENTED_EDGE('',*,*,#505,.F.);
#362=ORIENTED_EDGE('',*,*,#557,.F.);
#363=ORIENTED_EDGE('',*,*,#506,.F.);
#364=ORIENTED_EDGE('',*,*,#535,.F.);
#365=ORIENTED_EDGE('',*,*,#525,.T.);
#366=ORIENTED_EDGE('',*,*,#569,.F.);
#367=ORIENTED_EDGE('',*,*,#539,.F.);
#368=ORIENTED_EDGE('',*,*,#508,.F.);
#369=ORIENTED_EDGE('',*,*,#528,.F.);
#370=ORIENTED_EDGE('',*,*,#490,.F.);
#371=ORIENTED_EDGE('',*,*,#570,.F.);
#372=ORIENTED_EDGE('',*,*,#536,.F.);
#373=ORIENTED_EDGE('',*,*,#569,.T.);
#374=ORIENTED_EDGE('',*,*,#524,.F.);
#375=ORIENTED_EDGE('',*,*,#532,.F.);
#376=ORIENTED_EDGE('',*,*,#547,.F.);
#377=ORIENTED_EDGE('',*,*,#537,.F.);
#378=ORIENTED_EDGE('',*,*,#570,.T.);
#379=ORIENTED_EDGE('',*,*,#489,.T.);
#380=ORIENTED_EDGE('',*,*,#541,.F.);
#381=ORIENTED_EDGE('',*,*,#571,.F.);
#382=ORIENTED_EDGE('',*,*,#572,.T.);
#383=ORIENTED_EDGE('',*,*,#573,.T.);
#384=ORIENTED_EDGE('',*,*,#482,.F.);
#385=ORIENTED_EDGE('',*,*,#481,.T.);
#386=ORIENTED_EDGE('',*,*,#574,.F.);
#387=ORIENTED_EDGE('',*,*,#575,.F.);
#388=ORIENTED_EDGE('',*,*,#571,.T.);
#389=ORIENTED_EDGE('',*,*,#576,.F.);
#390=ORIENTED_EDGE('',*,*,#577,.T.);
#391=ORIENTED_EDGE('',*,*,#574,.T.);
#392=ORIENTED_EDGE('',*,*,#488,.F.);
#393=ORIENTED_EDGE('',*,*,#487,.T.);
#394=ORIENTED_EDGE('',*,*,#578,.F.);
#395=ORIENTED_EDGE('',*,*,#579,.F.);
#396=ORIENTED_EDGE('',*,*,#576,.T.);
#397=ORIENTED_EDGE('',*,*,#486,.T.);
#398=ORIENTED_EDGE('',*,*,#580,.F.);
#399=ORIENTED_EDGE('',*,*,#581,.F.);
#400=ORIENTED_EDGE('',*,*,#578,.T.);
#401=ORIENTED_EDGE('',*,*,#485,.T.);
#402=ORIENTED_EDGE('',*,*,#582,.F.);
#403=ORIENTED_EDGE('',*,*,#583,.F.);
#404=ORIENTED_EDGE('',*,*,#580,.T.);
#405=ORIENTED_EDGE('',*,*,#484,.T.);
#406=ORIENTED_EDGE('',*,*,#584,.F.);
#407=ORIENTED_EDGE('',*,*,#585,.F.);
#408=ORIENTED_EDGE('',*,*,#582,.T.);
#409=ORIENTED_EDGE('',*,*,#483,.T.);
#410=ORIENTED_EDGE('',*,*,#573,.F.);
#411=ORIENTED_EDGE('',*,*,#586,.F.);
#412=ORIENTED_EDGE('',*,*,#584,.T.);
#413=ORIENTED_EDGE('',*,*,#587,.T.);
#414=ORIENTED_EDGE('',*,*,#572,.F.);
#415=ORIENTED_EDGE('',*,*,#575,.T.);
#416=ORIENTED_EDGE('',*,*,#577,.F.);
#417=ORIENTED_EDGE('',*,*,#579,.T.);
#418=ORIENTED_EDGE('',*,*,#581,.T.);
#419=ORIENTED_EDGE('',*,*,#583,.T.);
#420=ORIENTED_EDGE('',*,*,#585,.T.);
#421=ORIENTED_EDGE('',*,*,#586,.T.);
#422=ORIENTED_EDGE('',*,*,#588,.F.);
#423=ORIENTED_EDGE('',*,*,#587,.F.);
#424=ORIENTED_EDGE('',*,*,#588,.T.);
#425=ORIENTED_EDGE('',*,*,#469,.T.);
#426=ORIENTED_EDGE('',*,*,#589,.F.);
#427=ORIENTED_EDGE('',*,*,#590,.F.);
#428=ORIENTED_EDGE('',*,*,#591,.T.);
#429=ORIENTED_EDGE('',*,*,#592,.F.);
#430=ORIENTED_EDGE('',*,*,#593,.T.);
#431=ORIENTED_EDGE('',*,*,#589,.T.);
#432=ORIENTED_EDGE('',*,*,#476,.F.);
#433=ORIENTED_EDGE('',*,*,#594,.F.);
#434=ORIENTED_EDGE('',*,*,#595,.T.);
#435=ORIENTED_EDGE('',*,*,#592,.T.);
#436=ORIENTED_EDGE('',*,*,#475,.F.);
#437=ORIENTED_EDGE('',*,*,#596,.F.);
#438=ORIENTED_EDGE('',*,*,#597,.T.);
#439=ORIENTED_EDGE('',*,*,#594,.T.);
#440=ORIENTED_EDGE('',*,*,#474,.F.);
#441=ORIENTED_EDGE('',*,*,#598,.F.);
#442=ORIENTED_EDGE('',*,*,#599,.T.);
#443=ORIENTED_EDGE('',*,*,#596,.T.);
#444=ORIENTED_EDGE('',*,*,#473,.F.);
#445=ORIENTED_EDGE('',*,*,#600,.F.);
#446=ORIENTED_EDGE('',*,*,#601,.T.);
#447=ORIENTED_EDGE('',*,*,#598,.T.);
#448=ORIENTED_EDGE('',*,*,#472,.F.);
#449=ORIENTED_EDGE('',*,*,#471,.T.);
#450=ORIENTED_EDGE('',*,*,#602,.F.);
#451=ORIENTED_EDGE('',*,*,#603,.F.);
#452=ORIENTED_EDGE('',*,*,#600,.T.);
#453=ORIENTED_EDGE('',*,*,#591,.F.);
#454=ORIENTED_EDGE('',*,*,#604,.T.);
#455=ORIENTED_EDGE('',*,*,#602,.T.);
#456=ORIENTED_EDGE('',*,*,#470,.F.);
#457=ORIENTED_EDGE('',*,*,#605,.T.);
#458=ORIENTED_EDGE('',*,*,#590,.T.);
#459=ORIENTED_EDGE('',*,*,#593,.F.);
#460=ORIENTED_EDGE('',*,*,#595,.F.);
#461=ORIENTED_EDGE('',*,*,#597,.F.);
#462=ORIENTED_EDGE('',*,*,#599,.F.);
#463=ORIENTED_EDGE('',*,*,#601,.F.);
#464=ORIENTED_EDGE('',*,*,#603,.T.);
#465=ORIENTED_EDGE('',*,*,#604,.F.);
#466=ORIENTED_EDGE('',*,*,#606,.F.);
#467=ORIENTED_EDGE('',*,*,#605,.F.);
#468=ORIENTED_EDGE('',*,*,#606,.T.);
#469=EDGE_CURVE('',#607,#608,#721,.T.);
#470=EDGE_CURVE('',#607,#609,#722,.T.);
#471=EDGE_CURVE('',#610,#609,#723,.T.);
#472=EDGE_CURVE('',#610,#611,#724,.T.);
#473=EDGE_CURVE('',#611,#612,#725,.T.);
#474=EDGE_CURVE('',#612,#613,#726,.T.);
#475=EDGE_CURVE('',#613,#614,#727,.T.);
#476=EDGE_CURVE('',#614,#608,#728,.T.);
#477=EDGE_CURVE('',#615,#616,#729,.T.);
#478=EDGE_CURVE('',#617,#615,#151,.T.);
#479=EDGE_CURVE('',#618,#617,#730,.T.);
#480=EDGE_CURVE('',#616,#618,#731,.T.);
#481=EDGE_CURVE('',#619,#620,#732,.F.);
#482=EDGE_CURVE('',#619,#621,#733,.T.);
#483=EDGE_CURVE('',#622,#621,#734,.F.);
#484=EDGE_CURVE('',#623,#622,#735,.T.);
#485=EDGE_CURVE('',#624,#623,#736,.F.);
#486=EDGE_CURVE('',#625,#624,#737,.T.);
#487=EDGE_CURVE('',#626,#625,#738,.F.);
#488=EDGE_CURVE('',#626,#620,#739,.T.);
#489=EDGE_CURVE('',#627,#628,#81,.T.);
#490=EDGE_CURVE('',#627,#629,#740,.T.);
#491=EDGE_CURVE('',#630,#629,#741,.T.);
#492=EDGE_CURVE('',#628,#630,#82,.T.);
#493=EDGE_CURVE('',#631,#632,#742,.F.);
#494=EDGE_CURVE('',#632,#633,#743,.T.);
#495=EDGE_CURVE('',#634,#633,#744,.T.);
#496=EDGE_CURVE('',#634,#635,#745,.T.);
#497=EDGE_CURVE('',#631,#635,#746,.F.);
#498=EDGE_CURVE('',#636,#637,#747,.T.);
#499=EDGE_CURVE('',#636,#616,#83,.T.);
#500=EDGE_CURVE('',#618,#638,#84,.T.);
#501=EDGE_CURVE('',#638,#637,#748,.T.);
#502=EDGE_CURVE('',#639,#639,#152,.T.);
#503=EDGE_CURVE('',#640,#640,#153,.T.);
#504=EDGE_CURVE('',#641,#641,#154,.T.);
#505=EDGE_CURVE('',#642,#642,#155,.T.);
#506=EDGE_CURVE('',#643,#643,#156,.T.);
#507=EDGE_CURVE('',#644,#645,#85,.F.);
#508=EDGE_CURVE('',#644,#646,#749,.T.);
#509=EDGE_CURVE('',#646,#615,#750,.T.);
#510=EDGE_CURVE('',#647,#636,#86,.T.);
#511=EDGE_CURVE('',#648,#647,#751,.T.);
#512=EDGE_CURVE('',#649,#648,#752,.T.);
#513=EDGE_CURVE('',#649,#650,#753,.T.);
#514=EDGE_CURVE('',#651,#650,#754,.T.);
#515=EDGE_CURVE('',#645,#651,#755,.T.);
#516=EDGE_CURVE('',#651,#652,#756,.T.);
#517=EDGE_CURVE('',#648,#649,#757,.T.);
#518=EDGE_CURVE('',#635,#648,#758,.T.);
#519=EDGE_CURVE('',#652,#635,#759,.T.);
#520=EDGE_CURVE('',#653,#654,#760,.T.);
#521=EDGE_CURVE('',#653,#652,#761,.T.);
#522=EDGE_CURVE('',#634,#654,#762,.F.);
#523=EDGE_CURVE('',#655,#656,#763,.T.);
#524=EDGE_CURVE('',#656,#657,#764,.T.);
#525=EDGE_CURVE('',#658,#657,#87,.T.);
#526=EDGE_CURVE('',#655,#658,#88,.T.);
#527=EDGE_CURVE('',#647,#632,#765,.T.);
#528=EDGE_CURVE('',#629,#659,#766,.T.);
#529=EDGE_CURVE('',#659,#652,#767,.F.);
#530=EDGE_CURVE('',#660,#653,#768,.T.);
#531=EDGE_CURVE('',#660,#630,#769,.T.);
#532=EDGE_CURVE('',#659,#656,#770,.T.);
#533=EDGE_CURVE('',#645,#655,#771,.T.);
#534=EDGE_CURVE('',#654,#634,#772,.T.);
#535=EDGE_CURVE('',#658,#644,#773,.T.);
#536=EDGE_CURVE('',#661,#662,#774,.T.);
#537=EDGE_CURVE('',#662,#663,#775,.T.);
#538=EDGE_CURVE('',#617,#663,#776,.T.);
#539=EDGE_CURVE('',#646,#661,#777,.T.);
#540=EDGE_CURVE('',#660,#664,#89,.F.);
#541=EDGE_CURVE('',#664,#628,#778,.T.);
#542=EDGE_CURVE('',#665,#665,#157,.T.);
#543=EDGE_CURVE('',#666,#666,#158,.T.);
#544=EDGE_CURVE('',#667,#667,#159,.T.);
#545=EDGE_CURVE('',#668,#668,#160,.T.);
#546=EDGE_CURVE('',#669,#669,#161,.T.);
#547=EDGE_CURVE('',#663,#664,#779,.T.);
#548=EDGE_CURVE('',#633,#638,#90,.T.);
#549=EDGE_CURVE('',#632,#637,#91,.T.);
#550=EDGE_CURVE('',#671,#671,#162,.T.);
#551=EDGE_CURVE('',#672,#672,#163,.F.);
#552=EDGE_CURVE('',#674,#674,#164,.T.);
#553=EDGE_CURVE('',#675,#675,#165,.F.);
#554=EDGE_CURVE('',#677,#677,#166,.T.);
#555=EDGE_CURVE('',#678,#678,#167,.F.);
#556=EDGE_CURVE('',#680,#680,#168,.T.);
#557=EDGE_CURVE('',#681,#681,#169,.F.);
#558=EDGE_CURVE('',#683,#683,#170,.T.);
#559=EDGE_CURVE('',#684,#684,#171,.F.);
#560=EDGE_CURVE('',#686,#686,#172,.T.);
#561=EDGE_CURVE('',#687,#687,#173,.F.);
#562=EDGE_CURVE('',#689,#689,#174,.T.);
#563=EDGE_CURVE('',#691,#691,#175,.T.);
#564=EDGE_CURVE('',#692,#692,#176,.F.);
#565=EDGE_CURVE('',#694,#694,#177,.T.);
#566=EDGE_CURVE('',#695,#695,#178,.F.);
#567=EDGE_CURVE('',#697,#697,#179,.T.);
#568=EDGE_CURVE('',#698,#698,#180,.F.);
#569=EDGE_CURVE('',#661,#657,#780,.F.);
#570=EDGE_CURVE('',#662,#627,#781,.F.);
#571=EDGE_CURVE('',#699,#619,#92,.T.);
#572=EDGE_CURVE('',#699,#700,#93,.T.);
#573=EDGE_CURVE('',#700,#621,#94,.T.);
#574=EDGE_CURVE('',#701,#620,#95,.T.);
#575=EDGE_CURVE('',#699,#701,#181,.T.);
#576=EDGE_CURVE('',#702,#626,#96,.T.);
#577=EDGE_CURVE('',#702,#701,#97,.T.);
#578=EDGE_CURVE('',#703,#625,#98,.T.);
#579=EDGE_CURVE('',#702,#703,#182,.T.);
#580=EDGE_CURVE('',#704,#624,#99,.T.);
#581=EDGE_CURVE('',#703,#704,#100,.T.);
#582=EDGE_CURVE('',#705,#623,#101,.T.);
#583=EDGE_CURVE('',#704,#705,#183,.T.);
#584=EDGE_CURVE('',#706,#622,#102,.T.);
#585=EDGE_CURVE('',#705,#706,#103,.T.);
#586=EDGE_CURVE('',#706,#700,#184,.T.);
#587=EDGE_CURVE('',#707,#707,#185,.F.);
#588=EDGE_CURVE('',#709,#709,#186,.T.);
#589=EDGE_CURVE('',#710,#608,#104,.T.);
#590=EDGE_CURVE('',#711,#710,#105,.T.);
#591=EDGE_CURVE('',#711,#607,#106,.T.);
#592=EDGE_CURVE('',#712,#614,#107,.T.);
#593=EDGE_CURVE('',#712,#710,#187,.T.);
#594=EDGE_CURVE('',#713,#613,#108,.T.);
#595=EDGE_CURVE('',#713,#712,#109,.T.);
#596=EDGE_CURVE('',#714,#612,#110,.T.);
#597=EDGE_CURVE('',#714,#713,#188,.T.);
#598=EDGE_CURVE('',#715,#611,#111,.T.);
#599=EDGE_CURVE('',#715,#714,#112,.T.);
#600=EDGE_CURVE('',#716,#610,#113,.T.);
#601=EDGE_CURVE('',#716,#715,#189,.T.);
#602=EDGE_CURVE('',#717,#609,#114,.T.);
#603=EDGE_CURVE('',#716,#717,#115,.T.);
#604=EDGE_CURVE('',#711,#717,#190,.T.);
#605=EDGE_CURVE('',#718,#718,#191,.F.);
#606=EDGE_CURVE('',#720,#720,#192,.T.);
#607=VERTEX_POINT('',#1946);
#608=VERTEX_POINT('',#1947);
#609=VERTEX_POINT('',#1953);
#610=VERTEX_POINT('',#1958);
#611=VERTEX_POINT('',#1964);
#612=VERTEX_POINT('',#1969);
#613=VERTEX_POINT('',#1975);
#614=VERTEX_POINT('',#1980);
#615=VERTEX_POINT('',#1996);
#616=VERTEX_POINT('',#1997);
#617=VERTEX_POINT('',#1999);
#618=VERTEX_POINT('',#2010);
#619=VERTEX_POINT('',#2048);
#620=VERTEX_POINT('',#2049);
#621=VERTEX_POINT('',#2054);
#622=VERTEX_POINT('',#2060);
#623=VERTEX_POINT('',#2065);
#624=VERTEX_POINT('',#2071);
#625=VERTEX_POINT('',#2076);
#626=VERTEX_POINT('',#2082);
#627=VERTEX_POINT('',#2104);
#628=VERTEX_POINT('',#2105);
#629=VERTEX_POINT('',#2115);
#630=VERTEX_POINT('',#2127);
#631=VERTEX_POINT('',#2204);
#632=VERTEX_POINT('',#2205);
#633=VERTEX_POINT('',#2223);
#634=VERTEX_POINT('',#2230);
#635=VERTEX_POINT('',#2242);
#636=VERTEX_POINT('',#2252);
#637=VERTEX_POINT('',#2253);
#638=VERTEX_POINT('',#2256);
#639=VERTEX_POINT('',#2263);
#640=VERTEX_POINT('',#2265);
#641=VERTEX_POINT('',#2267);
#642=VERTEX_POINT('',#2269);
#643=VERTEX_POINT('',#2271);
#644=VERTEX_POINT('',#2273);
#645=VERTEX_POINT('',#2274);
#646=VERTEX_POINT('',#2280);
#647=VERTEX_POINT('',#2286);
#648=VERTEX_POINT('',#2293);
#649=VERTEX_POINT('',#2298);
#650=VERTEX_POINT('',#2303);
#651=VERTEX_POINT('',#2308);
#652=VERTEX_POINT('',#2423);
#653=VERTEX_POINT('',#2542);
#654=VERTEX_POINT('',#2543);
#655=VERTEX_POINT('',#2591);
#656=VERTEX_POINT('',#2592);
#657=VERTEX_POINT('',#2605);
#658=VERTEX_POINT('',#2607);
#659=VERTEX_POINT('',#2834);
#660=VERTEX_POINT('',#2844);
#661=VERTEX_POINT('',#3601);
#662=VERTEX_POINT('',#3602);
#663=VERTEX_POINT('',#3614);
#664=VERTEX_POINT('',#3651);
#665=VERTEX_POINT('',#3666);
#666=VERTEX_POINT('',#3668);
#667=VERTEX_POINT('',#3670);
#668=VERTEX_POINT('',#3672);
#669=VERTEX_POINT('',#3674);
#670=VERTEX_POINT('',#3699);
#671=VERTEX_POINT('',#3701);
#672=VERTEX_POINT('',#3704);
#673=VERTEX_POINT('',#3706);
#674=VERTEX_POINT('',#3708);
#675=VERTEX_POINT('',#3711);
#676=VERTEX_POINT('',#3713);
#677=VERTEX_POINT('',#3715);
#678=VERTEX_POINT('',#3718);
#679=VERTEX_POINT('',#3720);
#680=VERTEX_POINT('',#3722);
#681=VERTEX_POINT('',#3725);
#682=VERTEX_POINT('',#3727);
#683=VERTEX_POINT('',#3729);
#684=VERTEX_POINT('',#3732);
#685=VERTEX_POINT('',#3734);
#686=VERTEX_POINT('',#3736);
#687=VERTEX_POINT('',#3739);
#688=VERTEX_POINT('',#3741);
#689=VERTEX_POINT('',#3743);
#690=VERTEX_POINT('',#3746);
#691=VERTEX_POINT('',#3748);
#692=VERTEX_POINT('',#3751);
#693=VERTEX_POINT('',#3753);
#694=VERTEX_POINT('',#3755);
#695=VERTEX_POINT('',#3758);
#696=VERTEX_POINT('',#3760);
#697=VERTEX_POINT('',#3762);
#698=VERTEX_POINT('',#3765);
#699=VERTEX_POINT('',#3968);
#700=VERTEX_POINT('',#3970);
#701=VERTEX_POINT('',#3974);
#702=VERTEX_POINT('',#3978);
#703=VERTEX_POINT('',#3982);
#704=VERTEX_POINT('',#3986);
#705=VERTEX_POINT('',#3990);
#706=VERTEX_POINT('',#3994);
#707=VERTEX_POINT('',#4000);
#708=VERTEX_POINT('',#4002);
#709=VERTEX_POINT('',#4004);
#710=VERTEX_POINT('',#4008);
#711=VERTEX_POINT('',#4010);
#712=VERTEX_POINT('',#4014);
#713=VERTEX_POINT('',#4018);
#714=VERTEX_POINT('',#4022);
#715=VERTEX_POINT('',#4026);
#716=VERTEX_POINT('',#4030);
#717=VERTEX_POINT('',#4034);
#718=VERTEX_POINT('',#4040);
#719=VERTEX_POINT('',#4042);
#720=VERTEX_POINT('',#4044);
#721=B_SPLINE_CURVE_WITH_KNOTS('',3,(#1942,#1943,#1944,#1945),
 .UNSPECIFIED.,.F.,.F.,(4,4),(2.77555756156289E-17,0.0213181704623571),
 .UNSPECIFIED.);
#722=B_SPLINE_CURVE_WITH_KNOTS('',3,(#1948,#1949,#1950,#1951,#1952),
 .UNSPECIFIED.,.F.,.F.,(4,1,4),(2.8609792490764E-17,0.00158430134454541,
0.00316860268909079),.UNSPECIFIED.);
#723=B_SPLINE_CURVE_WITH_KNOTS('',3,(#1954,#1955,#1956,#1957),
 .UNSPECIFIED.,.F.,.F.,(4,4),(6.93889390390723E-18,0.0210082109333845),
 .UNSPECIFIED.);
#724=B_SPLINE_CURVE_WITH_KNOTS('',3,(#1959,#1960,#1961,#1962,#1963),
 .UNSPECIFIED.,.F.,.F.,(4,1,4),(6.93889390390723E-18,0.00157635556333933,
0.00315271112667865),.UNSPECIFIED.);
#725=B_SPLINE_CURVE_WITH_KNOTS('',3,(#1965,#1966,#1967,#1968),
 .UNSPECIFIED.,.F.,.F.,(4,4),(2.77555756156289E-17,0.0213221995981494),
 .UNSPECIFIED.);
#726=B_SPLINE_CURVE_WITH_KNOTS('',3,(#1970,#1971,#1972,#1973,#1974),
 .UNSPECIFIED.,.F.,.F.,(4,1,4),(0.,0.00157890710774291,0.00315781421548583),
 .UNSPECIFIED.);
#727=B_SPLINE_CURVE_WITH_KNOTS('',3,(#1976,#1977,#1978,#1979),
 .UNSPECIFIED.,.F.,.F.,(4,4),(0.,0.0210075664861139),.UNSPECIFIED.);
#728=B_SPLINE_CURVE_WITH_KNOTS('',3,(#1981,#1982,#1983,#1984,#1985),
 .UNSPECIFIED.,.F.,.F.,(4,1,4),(1.38777878078145E-17,0.00157704126744468,
0.00315408253488934),.UNSPECIFIED.);
#729=B_SPLINE_CURVE_WITH_KNOTS('',3,(#1986,#1987,#1988,#1989,#1990,#1991,
#1992,#1993,#1994,#1995),.UNSPECIFIED.,.F.,.F.,(4,1,1,1,1,1,1,4),(0.,0.0210021029082002,
0.0315031543623003,0.0420042058164005,0.0525052572705006,0.0630063087246007,
0.0735073601787008,0.0840084116328009),.UNSPECIFIED.);
#730=B_SPLINE_CURVE_WITH_KNOTS('',3,(#2000,#2001,#2002,#2003,#2004,#2005,
#2006,#2007,#2008,#2009),.UNSPECIFIED.,.F.,.F.,(4,1,1,1,1,1,1,4),(0.,0.0104781334722833,
0.0209562669445666,0.0314344004168499,0.0419125338891333,0.0523906673614166,
0.0628688008336999,0.0838250677782665),.UNSPECIFIED.);
#731=B_SPLINE_CURVE_WITH_KNOTS('',3,(#2011,#2012,#2013,#2014,#2015,#2016,
#2017,#2018,#2019,#2020,#2021,#2022,#2023,#2024,#2025,#2026,#2027,#2028,
#2029,#2030,#2031,#2032,#2033,#2034,#2035,#2036,#2037,#2038,#2039,#2040,
#2041,#2042),.UNSPECIFIED.,.F.,.F.,(4,1,1,1,1,1,1,1,1,1,1,1,1,1,1,1,1,1,
1,1,1,1,1,1,1,1,1,1,1,4),(0.082634047135079,0.0968888171531119,0.104016202162128,
0.111143587171145,0.118270972180161,0.125398357189178,0.132525742198194,
0.139653127207211,0.146780512216227,0.153907897225244,0.16103528223426,
0.168162667243276,0.182417437261309,0.189544822270326,0.196672207279342,
0.210926977297375,0.218054362306392,0.225181747315408,0.232309132324425,
0.239436517333441,0.246563902342458,0.253691287351474,0.26081867236049,
0.267946057369507,0.275073442378523,0.28220082738754,0.289328212396556,
0.296455597405573,0.303582982414589,0.310710367423606),.UNSPECIFIED.);
#732=B_SPLINE_CURVE_WITH_KNOTS('',3,(#2043,#2044,#2045,#2046,#2047),
 .UNSPECIFIED.,.F.,.F.,(4,1,4),(0.00943763368334004,0.0110210170575552,
0.0126044004317704),.UNSPECIFIED.);
#733=B_SPLINE_CURVE_WITH_KNOTS('',3,(#2050,#2051,#2052,#2053),
 .UNSPECIFIED.,.F.,.F.,(4,4),(2.77555756156289E-17,0.0213181704623571),
 .UNSPECIFIED.);
#734=B_SPLINE_CURVE_WITH_KNOTS('',3,(#2055,#2056,#2057,#2058,#2059),
 .UNSPECIFIED.,.F.,.F.,(4,1,4),(0.00959147233638043,0.0111664135222732,
0.0127413547081659),.UNSPECIFIED.);
#735=B_SPLINE_CURVE_WITH_KNOTS('',3,(#2061,#2062,#2063,#2064),
 .UNSPECIFIED.,.F.,.F.,(4,4),(6.93889390390723E-18,0.0210075664861116),
 .UNSPECIFIED.);
#736=B_SPLINE_CURVE_WITH_KNOTS('',3,(#2066,#2067,#2068,#2069,#2070),
 .UNSPECIFIED.,.F.,.F.,(4,1,4),(0.00955076324090592,0.0111263974892347,
0.0127020317375635),.UNSPECIFIED.);
#737=B_SPLINE_CURVE_WITH_KNOTS('',3,(#2072,#2073,#2074,#2075),
 .UNSPECIFIED.,.F.,.F.,(4,4),(0.,0.0213221995981494),.UNSPECIFIED.);
#738=B_SPLINE_CURVE_WITH_KNOTS('',3,(#2077,#2078,#2079,#2080,#2081),
 .UNSPECIFIED.,.F.,.F.,(4,1,4),(0.00941646768237776,0.0109917418189972,
0.0125670159556166),.UNSPECIFIED.);
#739=B_SPLINE_CURVE_WITH_KNOTS('',3,(#2083,#2084,#2085,#2086),
 .UNSPECIFIED.,.F.,.F.,(4,4),(6.93889390390723E-18,0.0210082109333807),
 .UNSPECIFIED.);
#740=B_SPLINE_CURVE_WITH_KNOTS('',3,(#2106,#2107,#2108,#2109,#2110,#2111,
#2112,#2113,#2114),.UNSPECIFIED.,.F.,.F.,(4,1,1,1,1,1,4),(0.0669821212475128,
0.0820870982796591,0.0896395867957323,0.0971920753118055,0.104744563827879,
0.112297052343952,0.127402029376098),.UNSPECIFIED.);
#741=B_SPLINE_CURVE_WITH_KNOTS('',3,(#2116,#2117,#2118,#2119,#2120,#2121,
#2122,#2123,#2124,#2125,#2126),.UNSPECIFIED.,.F.,.F.,(4,1,1,1,1,1,1,1,4),
(0.,0.00620575804888146,0.0124115160977629,0.0186172741466444,0.0248230321955259,
0.0310287902444073,0.0372345482932888,0.0434403063421702,0.0496460643910517),
 .UNSPECIFIED.);
#742=B_SPLINE_CURVE_WITH_KNOTS('',3,(#2199,#2200,#2201,#2202,#2203),
 .UNSPECIFIED.,.F.,.F.,(4,1,4),(0.0635531150679053,0.531776557533953,1.),
 .UNSPECIFIED.);
#743=B_SPLINE_CURVE_WITH_KNOTS('',3,(#2206,#2207,#2208,#2209,#2210,#2211,
#2212,#2213,#2214,#2215,#2216,#2217,#2218,#2219,#2220,#2221,#2222),
 .UNSPECIFIED.,.F.,.F.,(4,1,1,1,1,1,1,1,1,1,1,1,1,1,4),(0.,0.0129312502834825,
0.0258625005669651,0.0323281257087063,0.0387937508504476,0.0452593759921888,
0.0517250011339301,0.0581906262756714,0.0646562514174126,0.0711218765591539,
0.0775875017008952,0.0840531268426364,0.0905187519843777,0.0969843771261189,
0.10345000226786),.UNSPECIFIED.);
#744=B_SPLINE_CURVE_WITH_KNOTS('',3,(#2224,#2225,#2226,#2227,#2228,#2229),
 .UNSPECIFIED.,.F.,.F.,(4,1,1,4),(5.24357659247218E-5,0.0217967278853313,
0.0326688739450346,0.0435410200047379),.UNSPECIFIED.);
#745=B_SPLINE_CURVE_WITH_KNOTS('',3,(#2231,#2232,#2233,#2234,#2235,#2236,
#2237,#2238,#2239,#2240,#2241),.UNSPECIFIED.,.F.,.F.,(4,1,1,1,1,1,1,1,4),
(0.0522014644626026,0.0665204954952595,0.0808395265279163,0.0951585575605732,
0.10947758859323,0.123796619625887,0.138115650658544,0.152434681691201,
0.166753712723858),.UNSPECIFIED.);
#746=B_SPLINE_CURVE_WITH_KNOTS('',3,(#2243,#2244,#2245,#2246),
 .UNSPECIFIED.,.F.,.F.,(4,4),(0.,1.),.UNSPECIFIED.);
#747=B_SPLINE_CURVE_WITH_KNOTS('',3,(#2248,#2249,#2250,#2251),
 .UNSPECIFIED.,.F.,.F.,(4,4),(0.,1.),.PIECEWISE_BEZIER_KNOTS.);
#748=B_SPLINE_CURVE_WITH_KNOTS('',3,(#2257,#2258,#2259,#2260),
 .UNSPECIFIED.,.F.,.F.,(4,4),(0.,1.),.PIECEWISE_BEZIER_KNOTS.);
#749=B_SPLINE_CURVE_WITH_KNOTS('',3,(#2275,#2276,#2277,#2278,#2279),
 .UNSPECIFIED.,.F.,.F.,(4,1,4),(0.,0.00348804653359272,0.00697609306718543),
 .UNSPECIFIED.);
#750=B_SPLINE_CURVE_WITH_KNOTS('',3,(#2281,#2282,#2283,#2284),
 .UNSPECIFIED.,.F.,.F.,(4,4),(4.16333634234434E-17,0.0351117773891229),
 .UNSPECIFIED.);
#751=B_SPLINE_CURVE_WITH_KNOTS('',3,(#2287,#2288,#2289,#2290,#2291,#2292),
 .UNSPECIFIED.,.F.,.F.,(4,1,1,4),(5.24356436561193E-5,0.0217967277629368,
0.0326688738225771,0.0435410198822174),.UNSPECIFIED.);
#752=B_SPLINE_CURVE_WITH_KNOTS('',3,(#2294,#2295,#2296,#2297),
 .UNSPECIFIED.,.F.,.F.,(4,4),(0.0191046893783543,0.0519889276210756),
 .UNSPECIFIED.);
#753=B_SPLINE_CURVE_WITH_KNOTS('',3,(#2299,#2300,#2301,#2302),
 .UNSPECIFIED.,.F.,.F.,(4,4),(0.,1.),.UNSPECIFIED.);
#754=B_SPLINE_CURVE_WITH_KNOTS('',3,(#2304,#2305,#2306,#2307),
 .UNSPECIFIED.,.F.,.F.,(4,4),(0.0674466975056883,0.0728279448978289),
 .UNSPECIFIED.);
#755=B_SPLINE_CURVE_WITH_KNOTS('',3,(#2309,#2310,#2311,#2312),
 .UNSPECIFIED.,.F.,.F.,(4,4),(0.0373647397808513,0.0674466975056883),
 .UNSPECIFIED.);
#756=B_SPLINE_CURVE_WITH_KNOTS('',3,(#2408,#2409,#2410,#2411,#2412,#2413,
#2414,#2415,#2416,#2417,#2418,#2419,#2420,#2421,#2422),.UNSPECIFIED.,.F.,
 .F.,(4,1,1,1,1,1,1,1,1,1,1,1,4),(0.000879715177913953,0.0147913345262942,
0.0287029538746745,0.0356587635488646,0.0426145732230548,0.0495703828972449,
0.0565261925714351,0.0634820022456252,0.0704378119198154,0.0773936215940055,
0.0843494312681956,0.0982610506165759,0.112172669964956),.UNSPECIFIED.);
#757=B_SPLINE_CURVE_WITH_KNOTS('',3,(#2424,#2425,#2426,#2427),
 .UNSPECIFIED.,.F.,.F.,(4,4),(0.,0.4472629616335),.UNSPECIFIED.);
#758=B_SPLINE_CURVE_WITH_KNOTS('',3,(#2428,#2429,#2430,#2431,#2432,#2433,
#2434,#2435,#2436,#2437,#2438),.UNSPECIFIED.,.F.,.F.,(4,1,1,1,1,1,1,1,4),
(0.0877089872154199,0.102058448852152,0.116407910488884,0.130757372125617,
0.145106833762349,0.159456295399081,0.173805757035813,0.188155218672545,
0.202504680309277),.UNSPECIFIED.);
#759=B_SPLINE_CURVE_WITH_KNOTS('',3,(#2439,#2440,#2441,#2442),
 .UNSPECIFIED.,.F.,.F.,(4,4),(0.697482154795728,1.),.UNSPECIFIED.);
#760=B_SPLINE_CURVE_WITH_KNOTS('',3,(#2538,#2539,#2540,#2541),
 .UNSPECIFIED.,.F.,.F.,(4,4),(0.0674467262575377,0.0728352475093305),
 .UNSPECIFIED.);
#761=B_SPLINE_CURVE_WITH_KNOTS('',3,(#2544,#2545,#2546,#2547,#2548,#2549,
#2550,#2551,#2552,#2553,#2554,#2555,#2556,#2557,#2558),.UNSPECIFIED.,.F.,
 .F.,(4,1,1,1,1,1,1,1,1,1,1,1,4),(0.000879715167779037,0.0147913342833592,
0.0287029533989393,0.0356587629567293,0.0426145725145194,0.0495703820723095,
0.0565261916300995,0.0634820011878896,0.0704378107456796,0.0773936203034697,
0.0843494298612598,0.0982610489768399,0.11217266809242),.UNSPECIFIED.);
#762=B_SPLINE_CURVE_WITH_KNOTS('',3,(#2559,#2560,#2561,#2562,#2563),
 .UNSPECIFIED.,.F.,.F.,(4,1,4),(0.598743025168341,0.79937151258417,1.),
 .UNSPECIFIED.);
#763=B_SPLINE_CURVE_WITH_KNOTS('',3,(#2580,#2581,#2582,#2583,#2584,#2585,
#2586,#2587,#2588,#2589,#2590),.UNSPECIFIED.,.F.,.F.,(4,1,1,1,1,1,1,1,4),
(0.,0.00620575539080641,0.0124115107816128,0.0186172661724192,0.0248230215632257,
0.0310287769540321,0.0372345323448385,0.0434402877356449,0.0496460431264513),
 .UNSPECIFIED.);
#764=B_SPLINE_CURVE_WITH_KNOTS('',3,(#2593,#2594,#2595,#2596,#2597,#2598,
#2599,#2600,#2601,#2602,#2603,#2604),.UNSPECIFIED.,.F.,.F.,(4,1,1,1,1,1,
1,1,1,4),(0.166718901141698,0.174240597912204,0.18176229468271,0.189283991453217,
0.196805688223723,0.204327384994229,0.211849081764735,0.219370778535241,
0.223131626920494,0.226892475305748),.UNSPECIFIED.);
#765=B_SPLINE_CURVE_WITH_KNOTS('',3,(#2679,#2680,#2681,#2682,#2683,#2684,
#2685,#2686,#2687,#2688,#2689,#2690,#2691,#2692,#2693,#2694),
 .UNSPECIFIED.,.F.,.F.,(4,1,1,1,1,1,1,1,1,1,1,1,1,4),(0.,0.0129346671357252,
0.0194020007035877,0.0258693342714503,0.0323366678393129,0.0388040014071755,
0.045271334975038,0.0517386685429006,0.0582060021107632,0.0646733356786258,
0.0711406692464883,0.0776080028143509,0.0905426699500761,0.103477337085801),
 .UNSPECIFIED.);
#766=B_SPLINE_CURVE_WITH_KNOTS('',3,(#2830,#2831,#2832,#2833),
 .UNSPECIFIED.,.F.,.F.,(4,4),(0.,0.0196078814950993),.UNSPECIFIED.);
#767=B_SPLINE_CURVE_WITH_KNOTS('',3,(#2835,#2836,#2837,#2838,#2839),
 .UNSPECIFIED.,.F.,.F.,(4,1,4),(0.302517845204397,0.648415169777095,0.994312494349793),
 .UNSPECIFIED.);
#768=B_SPLINE_CURVE_WITH_KNOTS('',3,(#2840,#2841,#2842,#2843),
 .UNSPECIFIED.,.F.,.F.,(4,4),(0.0373647626645802,0.0674467262575377),
 .UNSPECIFIED.);
#769=B_SPLINE_CURVE_WITH_KNOTS('',3,(#2845,#2846,#2847,#2848,#2849,#2850,
#2851,#2852,#2853,#2854),.UNSPECIFIED.,.F.,.F.,(4,1,1,1,1,1,1,4),(0.00120479798197931,
0.00391335262167938,0.00662190726137945,0.0120390165407796,0.0174561258201797,
0.0228732350995799,0.0337074536583802,0.0445416722171805),.UNSPECIFIED.);
#770=B_SPLINE_CURVE_WITH_KNOTS('',3,(#2990,#2991,#2992,#2993),
 .UNSPECIFIED.,.F.,.F.,(4,4),(0.,0.0196160962306403),.UNSPECIFIED.);
#771=B_SPLINE_CURVE_WITH_KNOTS('',3,(#2994,#2995,#2996,#2997,#2998,#2999,
#3000,#3001,#3002,#3003),.UNSPECIFIED.,.F.,.F.,(4,1,1,1,1,1,1,4),(0.00120479798197929,
0.00391335262167934,0.00662190726137939,0.0120390165407795,0.0174561258201796,
0.0228732350995797,0.0337074536583799,0.0445416722171801),.UNSPECIFIED.);
#772=B_SPLINE_CURVE_WITH_KNOTS('',3,(#3024,#3025,#3026,#3027),
 .UNSPECIFIED.,.F.,.F.,(4,4),(0.0191067847237074,0.0519911717185795),
 .UNSPECIFIED.);
#773=B_SPLINE_CURVE_WITH_KNOTS('',3,(#3066,#3067,#3068,#3069,#3070,#3071,
#3072,#3073,#3074,#3075,#3076),.UNSPECIFIED.,.F.,.F.,(4,1,1,1,1,1,1,1,4),
(-6.00000000021587E-8,0.0116914139698613,0.0233828879397226,0.0292286249246532,
0.0350743619095839,0.0379972304020492,0.0409200988945145,0.0438429673869798,
0.0467658358794452),.UNSPECIFIED.);
#774=B_SPLINE_CURVE_WITH_KNOTS('',3,(#3581,#3582,#3583,#3584,#3585,#3586,
#3587,#3588,#3589,#3590,#3591,#3592,#3593,#3594,#3595,#3596,#3597,#3598,
#3599,#3600),.UNSPECIFIED.,.F.,.F.,(4,1,1,1,1,1,1,1,1,1,1,1,1,1,1,1,1,4),
(0.,0.0106449709345416,0.0212899418690832,0.0319349128036247,0.0425798837381663,
0.0479023692054371,0.0532248546727079,0.0638698256072495,0.0745147965417911,
0.0851597674763326,0.0958047384108742,0.106449709345416,0.117094680279957,
0.127739651214499,0.138384622149041,0.149029593083582,0.159674564018124,
0.170319534952665),.UNSPECIFIED.);
#775=B_SPLINE_CURVE_WITH_KNOTS('',3,(#3603,#3604,#3605,#3606,#3607,#3608,
#3609,#3610,#3611,#3612,#3613),.UNSPECIFIED.,.F.,.F.,(4,1,1,1,1,1,1,1,4),
(0.,0.0136217380126442,0.0272434760252884,0.0340543450316106,0.0374597795347716,
0.0408652140379327,0.0442706485410937,0.0476760830442548,0.0544869520505769),
 .UNSPECIFIED.);
#776=B_SPLINE_CURVE_WITH_KNOTS('',3,(#3615,#3616,#3617,#3618),
 .UNSPECIFIED.,.F.,.F.,(4,4),(2.18305145321548E-14,0.0351117773891447),
 .UNSPECIFIED.);
#777=B_SPLINE_CURVE_WITH_KNOTS('',3,(#3619,#3620,#3621,#3622,#3623,#3624,
#3625,#3626,#3627,#3628,#3629,#3630,#3631),.UNSPECIFIED.,.F.,.F.,(4,1,1,
1,1,1,1,1,1,1,4),(0.,0.00341221494098167,0.00682442988196334,0.0136488597639267,
0.0170610747049084,0.02047328964589,0.0238855045868717,0.0272977195278534,
0.0341221494098167,0.0409465792917801,0.0545954390557068),.UNSPECIFIED.);
#778=B_SPLINE_CURVE_WITH_KNOTS('',3,(#3652,#3653,#3654,#3655,#3656,#3657,
#3658,#3659,#3660,#3661,#3662,#3663),.UNSPECIFIED.,.F.,.F.,(4,1,1,1,1,1,
1,1,1,4),(0.,0.00589370906982337,0.00884056360473506,0.0117874181396467,
0.0176811272094701,0.0235748362792935,0.0294685453491169,0.0353622544189402,
0.0412559634887636,0.047149672558587),.UNSPECIFIED.);
#779=B_SPLINE_CURVE_WITH_KNOTS('',3,(#3675,#3676,#3677,#3678,#3679),
 .UNSPECIFIED.,.F.,.F.,(4,1,4),(1.38777878078145E-17,0.00348767140083033,
0.00697534280166064),.UNSPECIFIED.);
#780=B_SPLINE_CURVE_WITH_KNOTS('',3,(#3817,#3818,#3819,#3820,#3821,#3822,
#3823,#3824,#3825,#3826,#3827,#3828,#3829),.UNSPECIFIED.,.F.,.F.,(4,1,1,
1,1,1,1,1,1,1,4),(0.,0.0010424180780004,0.0015636271170006,0.0020848361560008,
0.0023454406755009,0.00260604519500099,0.00312725423400119,0.00416967231200159,
0.00521209039000199,0.00625450846800239,0.00833934462400318),
 .UNSPECIFIED.);
#781=B_SPLINE_CURVE_WITH_KNOTS('',3,(#3911,#3912,#3913,#3914,#3915,#3916,
#3917,#3918,#3919,#3920,#3921,#3922,#3923),.UNSPECIFIED.,.F.,.F.,(4,1,1,
1,1,1,1,1,1,1,4),(0.,0.00104241807067152,0.00156362710600727,0.00208483614134303,
0.00234544065901091,0.00260604517667879,0.00312725421201455,0.00416967228268606,
0.00521209035335758,0.00625450842402909,0.00833934456537212),
 .UNSPECIFIED.);
#782=EDGE_LOOP('',(#193,#194,#195,#196,#197,#198,#199,#200));
#783=EDGE_LOOP('',(#201,#202,#203,#204));
#784=EDGE_LOOP('',(#205,#206,#207,#208,#209,#210,#211,#212));
#785=EDGE_LOOP('',(#213,#214,#215,#216));
#786=EDGE_LOOP('',(#217,#218,#219,#220,#221));
#787=EDGE_LOOP('',(#222,#223,#224,#225,#226));
#788=EDGE_LOOP('',(#227));
#789=EDGE_LOOP('',(#228));
#790=EDGE_LOOP('',(#229));
#791=EDGE_LOOP('',(#230));
#792=EDGE_LOOP('',(#231));
#793=EDGE_LOOP('',(#232,#233,#234,#235,#236,#237,#238,#239,#240,#241,#242));
#794=EDGE_LOOP('',(#243,#244,#245,#246,#247,#248));
#795=EDGE_LOOP('',(#249,#250,#251,#252,#253));
#796=EDGE_LOOP('',(#254,#255,#256,#257));
#797=EDGE_LOOP('',(#258,#259,#260,#261,#262));
#798=EDGE_LOOP('',(#263,#264,#265,#266,#267,#268));
#799=EDGE_LOOP('',(#269,#270,#271,#272,#273,#274));
#800=EDGE_LOOP('',(#275,#276));
#801=EDGE_LOOP('',(#277,#278));
#802=EDGE_LOOP('',(#279,#280,#281,#282));
#803=EDGE_LOOP('',(#283,#284,#285,#286,#287,#288));
#804=EDGE_LOOP('',(#289,#290,#291,#292));
#805=EDGE_LOOP('',(#293));
#806=EDGE_LOOP('',(#294));
#807=EDGE_LOOP('',(#295));
#808=EDGE_LOOP('',(#296));
#809=EDGE_LOOP('',(#297));
#810=EDGE_LOOP('',(#298,#299,#300,#301,#302,#303,#304,#305,#306,#307));
#811=EDGE_LOOP('',(#308,#309,#310,#311));
#812=EDGE_LOOP('',(#312,#313,#314,#315));
#813=EDGE_LOOP('',(#316));
#814=EDGE_LOOP('',(#317));
#815=EDGE_LOOP('',(#318));
#816=EDGE_LOOP('',(#319));
#817=EDGE_LOOP('',(#320));
#818=EDGE_LOOP('',(#321));
#819=EDGE_LOOP('',(#322));
#820=EDGE_LOOP('',(#323));
#821=EDGE_LOOP('',(#324));
#822=EDGE_LOOP('',(#325));
#823=EDGE_LOOP('',(#326));
#824=EDGE_LOOP('',(#327));
#825=EDGE_LOOP('',(#328));
#826=EDGE_LOOP('',(#329));
#827=EDGE_LOOP('',(#330));
#828=EDGE_LOOP('',(#331));
#829=EDGE_LOOP('',(#332));
#830=EDGE_LOOP('',(#333));
#831=EDGE_LOOP('',(#334));
#832=EDGE_LOOP('',(#335));
#833=EDGE_LOOP('',(#336));
#834=EDGE_LOOP('',(#337));
#835=EDGE_LOOP('',(#338));
#836=EDGE_LOOP('',(#339));
#837=EDGE_LOOP('',(#340));
#838=EDGE_LOOP('',(#341));
#839=EDGE_LOOP('',(#342));
#840=EDGE_LOOP('',(#343));
#841=EDGE_LOOP('',(#344));
#842=EDGE_LOOP('',(#345));
#843=EDGE_LOOP('',(#346));
#844=EDGE_LOOP('',(#347));
#845=EDGE_LOOP('',(#348));
#846=EDGE_LOOP('',(#349));
#847=EDGE_LOOP('',(#350));
#848=EDGE_LOOP('',(#351));
#849=EDGE_LOOP('',(#352));
#850=EDGE_LOOP('',(#353));
#851=EDGE_LOOP('',(#354));
#852=EDGE_LOOP('',(#355));
#853=EDGE_LOOP('',(#356));
#854=EDGE_LOOP('',(#357));
#855=EDGE_LOOP('',(#358));
#856=EDGE_LOOP('',(#359));
#857=EDGE_LOOP('',(#360));
#858=EDGE_LOOP('',(#361));
#859=EDGE_LOOP('',(#362));
#860=EDGE_LOOP('',(#363));
#861=EDGE_LOOP('',(#364,#365,#366,#367,#368));
#862=EDGE_LOOP('',(#369,#370,#371,#372,#373,#374,#375));
#863=EDGE_LOOP('',(#376,#377,#378,#379,#380));
#864=EDGE_LOOP('',(#381,#382,#383,#384));
#865=EDGE_LOOP('',(#385,#386,#387,#388));
#866=EDGE_LOOP('',(#389,#390,#391,#392));
#867=EDGE_LOOP('',(#393,#394,#395,#396));
#868=EDGE_LOOP('',(#397,#398,#399,#400));
#869=EDGE_LOOP('',(#401,#402,#403,#404));
#870=EDGE_LOOP('',(#405,#406,#407,#408));
#871=EDGE_LOOP('',(#409,#410,#411,#412));
#872=EDGE_LOOP('',(#413));
#873=EDGE_LOOP('',(#414,#415,#416,#417,#418,#419,#420,#421));
#874=EDGE_LOOP('',(#422));
#875=EDGE_LOOP('',(#423));
#876=EDGE_LOOP('',(#424));
#877=EDGE_LOOP('',(#425,#426,#427,#428));
#878=EDGE_LOOP('',(#429,#430,#431,#432));
#879=EDGE_LOOP('',(#433,#434,#435,#436));
#880=EDGE_LOOP('',(#437,#438,#439,#440));
#881=EDGE_LOOP('',(#441,#442,#443,#444));
#882=EDGE_LOOP('',(#445,#446,#447,#448));
#883=EDGE_LOOP('',(#449,#450,#451,#452));
#884=EDGE_LOOP('',(#453,#454,#455,#456));
#885=EDGE_LOOP('',(#457));
#886=EDGE_LOOP('',(#458,#459,#460,#461,#462,#463,#464,#465));
#887=EDGE_LOOP('',(#466));
#888=EDGE_LOOP('',(#467));
#889=EDGE_LOOP('',(#468));
#890=FACE_BOUND('',#782,.T.);
#891=FACE_BOUND('',#783,.T.);
#892=FACE_BOUND('',#784,.T.);
#893=FACE_BOUND('',#785,.T.);
#894=FACE_BOUND('',#786,.T.);
#895=FACE_BOUND('',#787,.T.);
#896=FACE_BOUND('',#788,.T.);
#897=FACE_BOUND('',#789,.T.);
#898=FACE_BOUND('',#790,.T.);
#899=FACE_BOUND('',#791,.T.);
#900=FACE_BOUND('',#792,.T.);
#901=FACE_BOUND('',#793,.T.);
#902=FACE_BOUND('',#794,.T.);
#903=FACE_BOUND('',#795,.T.);
#904=FACE_BOUND('',#796,.T.);
#905=FACE_BOUND('',#797,.T.);
#906=FACE_BOUND('',#798,.T.);
#907=FACE_BOUND('',#799,.T.);
#908=FACE_BOUND('',#800,.T.);
#909=FACE_BOUND('',#801,.T.);
#910=FACE_BOUND('',#802,.T.);
#911=FACE_BOUND('',#803,.T.);
#912=FACE_BOUND('',#804,.T.);
#913=FACE_BOUND('',#805,.T.);
#914=FACE_BOUND('',#806,.T.);
#915=FACE_BOUND('',#807,.T.);
#916=FACE_BOUND('',#808,.T.);
#917=FACE_BOUND('',#809,.T.);
#918=FACE_BOUND('',#810,.T.);
#919=FACE_BOUND('',#811,.T.);
#920=FACE_BOUND('',#812,.T.);
#921=FACE_BOUND('',#35,.T.);
#922=FACE_BOUND('',#813,.T.);
#923=FACE_BOUND('',#814,.T.);
#924=FACE_BOUND('',#815,.T.);
#925=FACE_BOUND('',#36,.T.);
#926=FACE_BOUND('',#816,.T.);
#927=FACE_BOUND('',#817,.T.);
#928=FACE_BOUND('',#818,.T.);
#929=FACE_BOUND('',#37,.T.);
#930=FACE_BOUND('',#819,.T.);
#931=FACE_BOUND('',#820,.T.);
#932=FACE_BOUND('',#821,.T.);
#933=FACE_BOUND('',#38,.T.);
#934=FACE_BOUND('',#822,.T.);
#935=FACE_BOUND('',#823,.T.);
#936=FACE_BOUND('',#824,.T.);
#937=FACE_BOUND('',#39,.T.);
#938=FACE_BOUND('',#825,.T.);
#939=FACE_BOUND('',#826,.T.);
#940=FACE_BOUND('',#827,.T.);
#941=FACE_BOUND('',#40,.T.);
#942=FACE_BOUND('',#828,.T.);
#943=FACE_BOUND('',#829,.T.);
#944=FACE_BOUND('',#830,.T.);
#945=FACE_BOUND('',#41,.T.);
#946=FACE_BOUND('',#831,.T.);
#947=FACE_BOUND('',#832,.T.);
#948=FACE_BOUND('',#833,.T.);
#949=FACE_BOUND('',#42,.T.);
#950=FACE_BOUND('',#834,.T.);
#951=FACE_BOUND('',#835,.T.);
#952=FACE_BOUND('',#836,.T.);
#953=FACE_BOUND('',#43,.T.);
#954=FACE_BOUND('',#837,.T.);
#955=FACE_BOUND('',#838,.T.);
#956=FACE_BOUND('',#839,.T.);
#957=FACE_BOUND('',#44,.T.);
#958=FACE_BOUND('',#840,.T.);
#959=FACE_BOUND('',#841,.T.);
#960=FACE_BOUND('',#842,.T.);
#961=FACE_BOUND('',#843,.T.);
#962=FACE_BOUND('',#844,.T.);
#963=FACE_BOUND('',#845,.T.);
#964=FACE_BOUND('',#846,.T.);
#965=FACE_BOUND('',#847,.T.);
#966=FACE_BOUND('',#848,.T.);
#967=FACE_BOUND('',#849,.T.);
#968=FACE_BOUND('',#850,.T.);
#969=FACE_BOUND('',#851,.T.);
#970=FACE_BOUND('',#852,.T.);
#971=FACE_BOUND('',#853,.T.);
#972=FACE_BOUND('',#854,.T.);
#973=FACE_BOUND('',#855,.T.);
#974=FACE_BOUND('',#856,.T.);
#975=FACE_BOUND('',#857,.T.);
#976=FACE_BOUND('',#858,.T.);
#977=FACE_BOUND('',#859,.T.);
#978=FACE_BOUND('',#860,.T.);
#979=FACE_BOUND('',#861,.T.);
#980=FACE_BOUND('',#862,.T.);
#981=FACE_BOUND('',#863,.T.);
#982=FACE_BOUND('',#864,.T.);
#983=FACE_BOUND('',#865,.T.);
#984=FACE_BOUND('',#866,.T.);
#985=FACE_BOUND('',#867,.T.);
#986=FACE_BOUND('',#868,.T.);
#987=FACE_BOUND('',#869,.T.);
#988=FACE_BOUND('',#870,.T.);
#989=FACE_BOUND('',#871,.T.);
#990=FACE_BOUND('',#872,.T.);
#991=FACE_BOUND('',#873,.T.);
#992=FACE_BOUND('',#45,.T.);
#993=FACE_BOUND('',#874,.T.);
#994=FACE_BOUND('',#875,.T.);
#995=FACE_BOUND('',#876,.T.);
#996=FACE_BOUND('',#877,.T.);
#997=FACE_BOUND('',#878,.T.);
#998=FACE_BOUND('',#879,.T.);
#999=FACE_BOUND('',#880,.T.);
#1000=FACE_BOUND('',#881,.T.);
#1001=FACE_BOUND('',#882,.T.);
#1002=FACE_BOUND('',#883,.T.);
#1003=FACE_BOUND('',#884,.T.);
#1004=FACE_BOUND('',#885,.T.);
#1005=FACE_BOUND('',#886,.T.);
#1006=FACE_BOUND('',#46,.T.);
#1007=FACE_BOUND('',#887,.T.);
#1008=FACE_BOUND('',#888,.T.);
#1009=FACE_BOUND('',#889,.T.);
#1010=B_SPLINE_SURFACE_WITH_KNOTS('',3,3,((#1438,#1439,#1440,#1441),(#1442,
#1443,#1444,#1445),(#1446,#1447,#1448,#1449),(#1450,#1451,#1452,#1453),
(#1454,#1455,#1456,#1457),(#1458,#1459,#1460,#1461),(#1462,#1463,#1464,
#1465),(#1466,#1467,#1468,#1469),(#1470,#1471,#1472,#1473),(#1474,#1475,
#1476,#1477),(#1478,#1479,#1480,#1481),(#1482,#1483,#1484,#1485),(#1486,
#1487,#1488,#1489),(#1490,#1491,#1492,#1493),(#1494,#1495,#1496,#1497),
(#1498,#1499,#1500,#1501),(#1502,#1503,#1504,#1505),(#1506,#1507,#1508,
#1509),(#1510,#1511,#1512,#1513),(#1514,#1515,#1516,#1517),(#1518,#1519,
#1520,#1521),(#1522,#1523,#1524,#1525),(#1526,#1527,#1528,#1529),(#1530,
#1531,#1532,#1533),(#1534,#1535,#1536,#1537),(#1538,#1539,#1540,#1541),
(#1542,#1543,#1544,#1545),(#1546,#1547,#1548,#1549),(#1550,#1551,#1552,
#1553),(#1554,#1555,#1556,#1557),(#1558,#1559,#1560,#1561),(#1562,#1563,
#1564,#1565),(#1566,#1567,#1568,#1569),(#1570,#1571,#1572,#1573),(#1574,
#1575,#1576,#1577),(#1578,#1579,#1580,#1581),(#1582,#1583,#1584,#1585),
(#1586,#1587,#1588,#1589),(#1590,#1591,#1592,#1593),(#1594,#1595,#1596,
#1597),(#1598,#1599,#1600,#1601),(#1602,#1603,#1604,#1605),(#1606,#1607,
#1608,#1609),(#1610,#1611,#1612,#1613),(#1614,#1615,#1616,#1617),(#1618,
#1619,#1620,#1621),(#1622,#1623,#1624,#1625),(#1626,#1627,#1628,#1629),
(#1630,#1631,#1632,#1633),(#1634,#1635,#1636,#1637),(#1638,#1639,#1640,
#1641),(#1642,#1643,#1644,#1645),(#1646,#1647,#1648,#1649),(#1650,#1651,
#1652,#1653),(#1654,#1655,#1656,#1657),(#1658,#1659,#1660,#1661),(#1662,
#1663,#1664,#1665),(#1666,#1667,#1668,#1669),(#1670,#1671,#1672,#1673),
(#1674,#1675,#1676,#1677),(#1678,#1679,#1680,#1681),(#1682,#1683,#1684,
#1685),(#1686,#1687,#1688,#1689),(#1690,#1691,#1692,#1693),(#1694,#1695,
#1696,#1697),(#1698,#1699,#1700,#1701),(#1702,#1703,#1704,#1705),(#1706,
#1707,#1708,#1709),(#1710,#1711,#1712,#1713),(#1714,#1715,#1716,#1717),
(#1718,#1719,#1720,#1721),(#1722,#1723,#1724,#1725),(#1726,#1727,#1728,
#1729),(#1730,#1731,#1732,#1733),(#1734,#1735,#1736,#1737),(#1738,#1739,
#1740,#1741),(#1742,#1743,#1744,#1745),(#1746,#1747,#1748,#1749),(#1750,
#1751,#1752,#1753),(#1754,#1755,#1756,#1757),(#1758,#1759,#1760,#1761),
(#1762,#1763,#1764,#1765),(#1766,#1767,#1768,#1769),(#1770,#1771,#1772,
#1773),(#1774,#1775,#1776,#1777),(#1778,#1779,#1780,#1781),(#1782,#1783,
#1784,#1785),(#1786,#1787,#1788,#1789),(#1790,#1791,#1792,#1793),(#1794,
#1795,#1796,#1797),(#1798,#1799,#1800,#1801),(#1802,#1803,#1804,#1805),
(#1806,#1807,#1808,#1809),(#1810,#1811,#1812,#1813),(#1814,#1815,#1816,
#1817),(#1818,#1819,#1820,#1821),(#1822,#1823,#1824,#1825),(#1826,#1827,
#1828,#1829),(#1830,#1831,#1832,#1833),(#1834,#1835,#1836,#1837),(#1838,
#1839,#1840,#1841),(#1842,#1843,#1844,#1845),(#1846,#1847,#1848,#1849),
(#1850,#1851,#1852,#1853),(#1854,#1855,#1856,#1857),(#1858,#1859,#1860,
#1861),(#1862,#1863,#1864,#1865),(#1866,#1867,#1868,#1869),(#1870,#1871,
#1872,#1873),(#1874,#1875,#1876,#1877),(#1878,#1879,#1880,#1881),(#1882,
#1883,#1884,#1885),(#1886,#1887,#1888,#1889),(#1890,#1891,#1892,#1893),
(#1894,#1895,#1896,#1897),(#1898,#1899,#1900,#1901),(#1902,#1903,#1904,
#1905),(#1906,#1907,#1908,#1909),(#1910,#1911,#1912,#1913),(#1914,#1915,
#1916,#1917),(#1918,#1919,#1920,#1921),(#1922,#1923,#1924,#1925),(#1926,
#1927,#1928,#1929),(#1930,#1931,#1932,#1933),(#1934,#1935,#1936,#1937),
(#1938,#1939,#1940,#1941)),.UNSPECIFIED.,.F.,.F.,.F.,(4,2,2,2,2,2,2,2,2,
2,2,2,2,2,2,2,2,2,2,2,2,2,2,2,2,2,2,2,2,2,2,2,2,2,2,2,2,2,2,2,2,2,2,2,2,
2,2,2,2,2,2,2,2,2,2,2,2,2,2,2,2,2,4),(4,4),(0.514636775199244,0.515625,
0.5234375,0.53125,0.5390625,0.546875,0.5546875,0.5625,0.5703125,0.578125,
0.5859375,0.59375,0.6015625,0.609375,0.6171875,0.625,0.6328125,0.640625,
0.6484375,0.65625,0.6640625,0.671875,0.6796875,0.6875,0.6953125,0.703125,
0.7109375,0.71875,0.7265625,0.734375,0.7421875,0.75,0.7578125,0.765625,
0.7734375,0.78125,0.7890625,0.796875,0.8046875,0.8125,0.8203125,0.828125,
0.8359375,0.84375,0.8515625,0.859375,0.8671875,0.875,0.8828125,0.890625,
0.8984375,0.90625,0.9140625,0.921875,0.9296875,0.9375,0.9453125,0.953125,
0.9609375,0.96875,0.9765625,0.984375,0.985363224800756),(0.,0.712715682747735),
 .UNSPECIFIED.);
#1011=B_SPLINE_SURFACE_WITH_KNOTS('',3,1,((#2087,#2088),(#2089,#2090),(#2091,
#2092),(#2093,#2094),(#2095,#2096),(#2097,#2098),(#2099,#2100),(#2101,#2102)),
 .SURF_OF_LINEAR_EXTRUSION.,.F.,.F.,.F.,(4,1,1,1,1,4),(2,2),(0.0486922127523045,
0.167605661229855,0.286519109707406,0.524346006662508,0.76217290361761,
0.999999800572712),(0.,1.),.UNSPECIFIED.);
#1012=B_SPLINE_SURFACE_WITH_KNOTS('',3,3,((#2129,#2130,#2131,#2132,#2133),
(#2134,#2135,#2136,#2137,#2138),(#2139,#2140,#2141,#2142,#2143),(#2144,
#2145,#2146,#2147,#2148),(#2149,#2150,#2151,#2152,#2153),(#2154,#2155,#2156,
#2157,#2158),(#2159,#2160,#2161,#2162,#2163),(#2164,#2165,#2166,#2167,#2168),
(#2169,#2170,#2171,#2172,#2173),(#2174,#2175,#2176,#2177,#2178),(#2179,
#2180,#2181,#2182,#2183),(#2184,#2185,#2186,#2187,#2188),(#2189,#2190,#2191,
#2192,#2193),(#2194,#2195,#2196,#2197,#2198)),.UNSPECIFIED.,.F.,.F.,.F.,
(4,1,1,1,1,1,1,1,1,1,1,4),(4,1,4),(-6.38900588561021E-9,0.0692111915097925,
0.118647761437506,0.168084331365219,0.207633587307389,0.237295529264017,
0.266957471220645,0.296619413177273,0.326281355133901,0.365830611076072,
0.405379867018242,0.474591064917041),(0.0668942148163361,0.204625299485668,
0.342356384155),.UNSPECIFIED.);
#1013=B_SPLINE_SURFACE_WITH_KNOTS('',3,3,((#2313,#2314,#2315,#2316,#2317),
(#2318,#2319,#2320,#2321,#2322),(#2323,#2324,#2325,#2326,#2327),(#2328,
#2329,#2330,#2331,#2332),(#2333,#2334,#2335,#2336,#2337),(#2338,#2339,#2340,
#2341,#2342),(#2343,#2344,#2345,#2346,#2347),(#2348,#2349,#2350,#2351,#2352),
(#2353,#2354,#2355,#2356,#2357),(#2358,#2359,#2360,#2361,#2362),(#2363,
#2364,#2365,#2366,#2367),(#2368,#2369,#2370,#2371,#2372),(#2373,#2374,#2375,
#2376,#2377),(#2378,#2379,#2380,#2381,#2382),(#2383,#2384,#2385,#2386,#2387),
(#2388,#2389,#2390,#2391,#2392),(#2393,#2394,#2395,#2396,#2397),(#2398,
#2399,#2400,#2401,#2402),(#2403,#2404,#2405,#2406,#2407)),.UNSPECIFIED.,
 .F.,.F.,.F.,(4,1,1,1,1,1,1,1,1,1,1,1,1,1,1,1,4),(4,1,4),(-5.34284786466353E-9,
0.0346015015945345,0.0593168636926647,0.088975298210421,0.118633732728177,
0.148292167245934,0.17795060176369,0.207609036281446,0.232324398379576,
0.252096688058081,0.271868977736585,0.296584339834715,0.326242774352471,
0.36578735370948,0.405331933066488,0.43993344000387,0.474534946941253),
(0.340266435482127,0.445584656655983,0.550902877829839),.UNSPECIFIED.);
#1014=B_SPLINE_SURFACE_WITH_KNOTS('',3,3,((#2443,#2444,#2445,#2446,#2447),
(#2448,#2449,#2450,#2451,#2452),(#2453,#2454,#2455,#2456,#2457),(#2458,
#2459,#2460,#2461,#2462),(#2463,#2464,#2465,#2466,#2467),(#2468,#2469,#2470,
#2471,#2472),(#2473,#2474,#2475,#2476,#2477),(#2478,#2479,#2480,#2481,#2482),
(#2483,#2484,#2485,#2486,#2487),(#2488,#2489,#2490,#2491,#2492),(#2493,
#2494,#2495,#2496,#2497),(#2498,#2499,#2500,#2501,#2502),(#2503,#2504,#2505,
#2506,#2507),(#2508,#2509,#2510,#2511,#2512),(#2513,#2514,#2515,#2516,#2517),
(#2518,#2519,#2520,#2521,#2522),(#2523,#2524,#2525,#2526,#2527),(#2528,
#2529,#2530,#2531,#2532),(#2533,#2534,#2535,#2536,#2537)),.UNSPECIFIED.,
 .F.,.F.,.F.,(4,1,1,1,1,1,1,1,1,1,1,1,1,1,1,1,4),(4,1,4),(7.3167155492823E-10,
0.0346015072234607,0.0593168690033102,0.0889753031391295,0.118633737274949,
0.148292171410768,0.177950605546587,0.207609039682407,0.232324401462256,
0.252096690886136,0.271868980310015,0.296584342089865,0.326242776225684,
0.365787355073443,0.405331933921202,0.439933440412991,0.47453494690478),
(0.340240384619566,0.44557170891117,0.550903033202773),.UNSPECIFIED.);
#1015=B_SPLINE_SURFACE_WITH_KNOTS('',3,1,((#2564,#2565),(#2566,#2567),(#2568,
#2569),(#2570,#2571),(#2572,#2573),(#2574,#2575),(#2576,#2577),(#2578,#2579)),
 .SURF_OF_LINEAR_EXTRUSION.,.F.,.F.,.F.,(4,1,1,1,1,4),(2,2),(0.0486922127522412,
0.1676056612298,0.286519109707359,0.524346006662477,0.762172903617595,0.999999800572713),
(0.,1.),.UNSPECIFIED.);
#1016=B_SPLINE_SURFACE_WITH_KNOTS('',3,3,((#2609,#2610,#2611,#2612,#2613),
(#2614,#2615,#2616,#2617,#2618),(#2619,#2620,#2621,#2622,#2623),(#2624,
#2625,#2626,#2627,#2628),(#2629,#2630,#2631,#2632,#2633),(#2634,#2635,#2636,
#2637,#2638),(#2639,#2640,#2641,#2642,#2643),(#2644,#2645,#2646,#2647,#2648),
(#2649,#2650,#2651,#2652,#2653),(#2654,#2655,#2656,#2657,#2658),(#2659,
#2660,#2661,#2662,#2663),(#2664,#2665,#2666,#2667,#2668),(#2669,#2670,#2671,
#2672,#2673),(#2674,#2675,#2676,#2677,#2678)),.UNSPECIFIED.,.F.,.F.,.F.,
(4,1,1,1,1,1,1,1,1,1,1,4),(4,1,4),(-7.23906999360554E-10,0.0692111963437735,
0.118647765677831,0.168084335011888,0.207633590479134,0.237295532079569,
0.266957473680003,0.296619415280438,0.326281356880872,0.365830612348118,
0.405379867815364,0.474591064883045),(0.0668177508721669,0.204587067133983,
0.3423563833958),.UNSPECIFIED.);
#1017=B_SPLINE_SURFACE_WITH_KNOTS('',3,3,((#2695,#2696,#2697,#2698,#2699),
(#2700,#2701,#2702,#2703,#2704),(#2705,#2706,#2707,#2708,#2709),(#2710,
#2711,#2712,#2713,#2714),(#2715,#2716,#2717,#2718,#2719),(#2720,#2721,#2722,
#2723,#2724),(#2725,#2726,#2727,#2728,#2729),(#2730,#2731,#2732,#2733,#2734),
(#2735,#2736,#2737,#2738,#2739),(#2740,#2741,#2742,#2743,#2744),(#2745,
#2746,#2747,#2748,#2749),(#2750,#2751,#2752,#2753,#2754),(#2755,#2756,#2757,
#2758,#2759),(#2760,#2761,#2762,#2763,#2764),(#2765,#2766,#2767,#2768,#2769),
(#2770,#2771,#2772,#2773,#2774),(#2775,#2776,#2777,#2778,#2779),(#2780,
#2781,#2782,#2783,#2784),(#2785,#2786,#2787,#2788,#2789),(#2790,#2791,#2792,
#2793,#2794),(#2795,#2796,#2797,#2798,#2799),(#2800,#2801,#2802,#2803,#2804),
(#2805,#2806,#2807,#2808,#2809),(#2810,#2811,#2812,#2813,#2814),(#2815,
#2816,#2817,#2818,#2819),(#2820,#2821,#2822,#2823,#2824),(#2825,#2826,#2827,
#2828,#2829)),.UNSPECIFIED.,.F.,.F.,.F.,(4,1,1,1,1,1,1,1,1,1,1,1,1,1,1,
1,1,1,1,1,1,1,1,1,4),(4,1,4),(7.31671558242473E-10,0.0296364031235278,0.0444546043194559,
0.0642122059140268,0.0889092079072403,0.118545610299097,0.148182012690953,
0.172879014684166,0.192636616278737,0.207454817474665,0.222273018670593,
0.237091219866522,0.249439720863128,0.259318521660414,0.269197322457699,
0.281545823454306,0.301303425048877,0.32600042704209,0.355636829433947,
0.38033383142716,0.400091433021731,0.414909634217659,0.429727835413587,
0.444546036609515,0.474182439001372),(0.531025562016141,0.754134950771826,
0.977244339527512),.UNSPECIFIED.);
#1018=B_SPLINE_SURFACE_WITH_KNOTS('',3,3,((#2855,#2856,#2857,#2858,#2859),
(#2860,#2861,#2862,#2863,#2864),(#2865,#2866,#2867,#2868,#2869),(#2870,
#2871,#2872,#2873,#2874),(#2875,#2876,#2877,#2878,#2879),(#2880,#2881,#2882,
#2883,#2884),(#2885,#2886,#2887,#2888,#2889),(#2890,#2891,#2892,#2893,#2894),
(#2895,#2896,#2897,#2898,#2899),(#2900,#2901,#2902,#2903,#2904),(#2905,
#2906,#2907,#2908,#2909),(#2910,#2911,#2912,#2913,#2914),(#2915,#2916,#2917,
#2918,#2919),(#2920,#2921,#2922,#2923,#2924),(#2925,#2926,#2927,#2928,#2929),
(#2930,#2931,#2932,#2933,#2934),(#2935,#2936,#2937,#2938,#2939),(#2940,
#2941,#2942,#2943,#2944),(#2945,#2946,#2947,#2948,#2949),(#2950,#2951,#2952,
#2953,#2954),(#2955,#2956,#2957,#2958,#2959),(#2960,#2961,#2962,#2963,#2964),
(#2965,#2966,#2967,#2968,#2969),(#2970,#2971,#2972,#2973,#2974),(#2975,
#2976,#2977,#2978,#2979),(#2980,#2981,#2982,#2983,#2984),(#2985,#2986,#2987,
#2988,#2989)),.UNSPECIFIED.,.F.,.F.,.F.,(4,1,1,1,1,1,1,1,1,1,1,1,1,1,1,
1,1,1,1,1,1,1,1,1,4),(4,1,4),(-0.00282814572422827,0.0269850158287958,0.0418915966053079,
0.0617670376406573,0.0866113389348441,0.116424500487868,0.146237662040892,
0.171081963335079,0.190957404370428,0.205863985146941,0.220770565923453,
0.235677146699965,0.248099297347058,0.258037017864733,0.267974738382407,
0.280396889029501,0.30027233006485,0.325116631359037,0.354929792912061,
0.379774094206248,0.399649535241597,0.414556116018109,0.429462696794621,
0.444369277571133,0.474182439124158),(0.5310255617975,0.754134969001993,
0.977244376206487),.UNSPECIFIED.);
#1019=B_SPLINE_SURFACE_WITH_KNOTS('',3,3,((#3004,#3005,#3006,#3007,#3008),
(#3009,#3010,#3011,#3012,#3013),(#3014,#3015,#3016,#3017,#3018),(#3019,
#3020,#3021,#3022,#3023)),.UNSPECIFIED.,.F.,.F.,.F.,(4,4),(4,1,4),(0.471701848803293,
0.472175119841794),(0.340509747086529,0.430068744687453,0.519627742288377),
 .UNSPECIFIED.);
#1020=B_SPLINE_SURFACE_WITH_KNOTS('',3,3,((#3028,#3029,#3030,#3031,#3032),
(#3033,#3034,#3035,#3036,#3037),(#3038,#3039,#3040,#3041,#3042),(#3043,
#3044,#3045,#3046,#3047)),.UNSPECIFIED.,.F.,.F.,.F.,(4,4),(4,1,4),(0.471701857273408,
0.472175118505551),(0.340509752283299,0.430068311627883,0.519626870972468),
 .UNSPECIFIED.);
#1021=B_SPLINE_SURFACE_WITH_KNOTS('',3,1,((#3048,#3049),(#3050,#3051),(#3052,
#3053),(#3054,#3055),(#3056,#3057),(#3058,#3059),(#3060,#3061),(#3062,#3063),
(#3064,#3065)),.SURF_OF_LINEAR_EXTRUSION.,.F.,.F.,.F.,(4,1,1,1,1,1,4),(2,
2),(-1.64721814761491E-12,0.242988038485613,0.485976076972872,0.607470096216502,
0.728964115460132,0.850458134703762,0.971952153947392),(0.,1.),
 .UNSPECIFIED.);
#1022=B_SPLINE_SURFACE_WITH_KNOTS('',3,3,((#3077,#3078,#3079,#3080),(#3081,
#3082,#3083,#3084),(#3085,#3086,#3087,#3088),(#3089,#3090,#3091,#3092),
(#3093,#3094,#3095,#3096),(#3097,#3098,#3099,#3100),(#3101,#3102,#3103,
#3104),(#3105,#3106,#3107,#3108),(#3109,#3110,#3111,#3112),(#3113,#3114,
#3115,#3116),(#3117,#3118,#3119,#3120),(#3121,#3122,#3123,#3124),(#3125,
#3126,#3127,#3128),(#3129,#3130,#3131,#3132),(#3133,#3134,#3135,#3136),
(#3137,#3138,#3139,#3140),(#3141,#3142,#3143,#3144),(#3145,#3146,#3147,
#3148),(#3149,#3150,#3151,#3152),(#3153,#3154,#3155,#3156),(#3157,#3158,
#3159,#3160),(#3161,#3162,#3163,#3164),(#3165,#3166,#3167,#3168),(#3169,
#3170,#3171,#3172),(#3173,#3174,#3175,#3176),(#3177,#3178,#3179,#3180),
(#3181,#3182,#3183,#3184),(#3185,#3186,#3187,#3188),(#3189,#3190,#3191,
#3192),(#3193,#3194,#3195,#3196),(#3197,#3198,#3199,#3200),(#3201,#3202,
#3203,#3204),(#3205,#3206,#3207,#3208),(#3209,#3210,#3211,#3212),(#3213,
#3214,#3215,#3216),(#3217,#3218,#3219,#3220),(#3221,#3222,#3223,#3224),
(#3225,#3226,#3227,#3228),(#3229,#3230,#3231,#3232),(#3233,#3234,#3235,
#3236),(#3237,#3238,#3239,#3240),(#3241,#3242,#3243,#3244),(#3245,#3246,
#3247,#3248),(#3249,#3250,#3251,#3252),(#3253,#3254,#3255,#3256),(#3257,
#3258,#3259,#3260),(#3261,#3262,#3263,#3264),(#3265,#3266,#3267,#3268),
(#3269,#3270,#3271,#3272),(#3273,#3274,#3275,#3276),(#3277,#3278,#3279,
#3280),(#3281,#3282,#3283,#3284),(#3285,#3286,#3287,#3288),(#3289,#3290,
#3291,#3292),(#3293,#3294,#3295,#3296),(#3297,#3298,#3299,#3300),(#3301,
#3302,#3303,#3304),(#3305,#3306,#3307,#3308),(#3309,#3310,#3311,#3312),
(#3313,#3314,#3315,#3316),(#3317,#3318,#3319,#3320),(#3321,#3322,#3323,
#3324),(#3325,#3326,#3327,#3328),(#3329,#3330,#3331,#3332),(#3333,#3334,
#3335,#3336),(#3337,#3338,#3339,#3340),(#3341,#3342,#3343,#3344),(#3345,
#3346,#3347,#3348),(#3349,#3350,#3351,#3352),(#3353,#3354,#3355,#3356),
(#3357,#3358,#3359,#3360),(#3361,#3362,#3363,#3364),(#3365,#3366,#3367,
#3368),(#3369,#3370,#3371,#3372),(#3373,#3374,#3375,#3376),(#3377,#3378,
#3379,#3380),(#3381,#3382,#3383,#3384),(#3385,#3386,#3387,#3388),(#3389,
#3390,#3391,#3392),(#3393,#3394,#3395,#3396),(#3397,#3398,#3399,#3400),
(#3401,#3402,#3403,#3404),(#3405,#3406,#3407,#3408),(#3409,#3410,#3411,
#3412),(#3413,#3414,#3415,#3416),(#3417,#3418,#3419,#3420),(#3421,#3422,
#3423,#3424),(#3425,#3426,#3427,#3428),(#3429,#3430,#3431,#3432),(#3433,
#3434,#3435,#3436),(#3437,#3438,#3439,#3440),(#3441,#3442,#3443,#3444),
(#3445,#3446,#3447,#3448),(#3449,#3450,#3451,#3452),(#3453,#3454,#3455,
#3456),(#3457,#3458,#3459,#3460),(#3461,#3462,#3463,#3464),(#3465,#3466,
#3467,#3468),(#3469,#3470,#3471,#3472),(#3473,#3474,#3475,#3476),(#3477,
#3478,#3479,#3480),(#3481,#3482,#3483,#3484),(#3485,#3486,#3487,#3488),
(#3489,#3490,#3491,#3492),(#3493,#3494,#3495,#3496),(#3497,#3498,#3499,
#3500),(#3501,#3502,#3503,#3504),(#3505,#3506,#3507,#3508),(#3509,#3510,
#3511,#3512),(#3513,#3514,#3515,#3516),(#3517,#3518,#3519,#3520),(#3521,
#3522,#3523,#3524),(#3525,#3526,#3527,#3528),(#3529,#3530,#3531,#3532),
(#3533,#3534,#3535,#3536),(#3537,#3538,#3539,#3540),(#3541,#3542,#3543,
#3544),(#3545,#3546,#3547,#3548),(#3549,#3550,#3551,#3552),(#3553,#3554,
#3555,#3556),(#3557,#3558,#3559,#3560),(#3561,#3562,#3563,#3564),(#3565,
#3566,#3567,#3568),(#3569,#3570,#3571,#3572),(#3573,#3574,#3575,#3576),
(#3577,#3578,#3579,#3580)),.UNSPECIFIED.,.F.,.F.,.F.,(4,2,2,2,2,2,2,2,2,
2,2,2,2,2,2,2,2,2,2,2,2,2,2,2,2,2,2,2,2,2,2,2,2,2,2,2,2,2,2,2,2,2,2,2,2,
2,2,2,2,2,2,2,2,2,2,2,2,2,2,2,2,2,4),(4,4),(0.514636775199244,0.515625,
0.5234375,0.53125,0.5390625,0.546875,0.5546875,0.5625,0.5703125,0.578125,
0.5859375,0.59375,0.6015625,0.609375,0.6171875,0.625,0.6328125,0.640625,
0.6484375,0.65625,0.6640625,0.671875,0.6796875,0.6875,0.6953125,0.703125,
0.7109375,0.71875,0.7265625,0.734375,0.7421875,0.75,0.7578125,0.765625,
0.7734375,0.78125,0.7890625,0.796875,0.8046875,0.8125,0.8203125,0.828125,
0.8359375,0.84375,0.8515625,0.859375,0.8671875,0.875,0.8828125,0.890625,
0.8984375,0.90625,0.9140625,0.921875,0.9296875,0.9375,0.9453125,0.953125,
0.9609375,0.96875,0.9765625,0.984375,0.985363224800756),(0.,0.992330052696187),
 .UNSPECIFIED.);
#1023=B_SPLINE_SURFACE_WITH_KNOTS('',3,1,((#3632,#3633),(#3634,#3635),(#3636,
#3637),(#3638,#3639),(#3640,#3641),(#3642,#3643),(#3644,#3645),(#3646,#3647),
(#3648,#3649)),.SURF_OF_LINEAR_EXTRUSION.,.F.,.F.,.F.,(4,1,1,1,1,1,4),(2,
2),(-1.64772993787534E-12,0.242988038485612,0.485976076972872,0.607470096216502,
0.728964115460132,0.850458134703762,0.971952153947392),(0.,1.),
 .UNSPECIFIED.);
#1024=B_SPLINE_SURFACE_WITH_KNOTS('',3,1,((#3681,#3682),(#3683,#3684),(#3685,
#3686),(#3687,#3688)),.SURF_OF_LINEAR_EXTRUSION.,.F.,.F.,.F.,(4,4),(2,2),
(0.,1.),(0.,1.),.PIECEWISE_BEZIER_KNOTS.);
#1025=B_SPLINE_SURFACE_WITH_KNOTS('',3,1,((#3690,#3691),(#3692,#3693),(#3694,
#3695),(#3696,#3697)),.SURF_OF_LINEAR_EXTRUSION.,.F.,.F.,.F.,(4,4),(2,2),
(0.,1.),(0.,1.),.PIECEWISE_BEZIER_KNOTS.);
#1026=ADVANCED_FACE('',(#890,#891,#892),#1010,.F.);
#1027=ADVANCED_FACE('',(#893),#1011,.F.);
#1028=ADVANCED_FACE('',(#894),#1012,.T.);
#1029=ADVANCED_FACE('',(#895),#68,.F.);
#1030=ADVANCED_FACE('',(#896,#897,#898,#899,#900,#901),#69,.F.);
#1031=ADVANCED_FACE('',(#902),#1013,.F.);
#1032=ADVANCED_FACE('',(#903),#1014,.T.);
#1033=ADVANCED_FACE('',(#904),#1015,.F.);
#1034=ADVANCED_FACE('',(#905),#1016,.F.);
#1035=ADVANCED_FACE('',(#906),#1017,.T.);
#1036=ADVANCED_FACE('',(#907),#1018,.F.);
#1037=ADVANCED_FACE('',(#908),#1019,.T.);
#1038=ADVANCED_FACE('',(#909),#1020,.F.);
#1039=ADVANCED_FACE('',(#910),#1021,.F.);
#1040=ADVANCED_FACE('',(#911),#1022,.T.);
#1041=ADVANCED_FACE('',(#912),#1023,.F.);
#1042=ADVANCED_FACE('',(#913,#914,#915,#916,#917,#918),#70,.F.);
#1043=ADVANCED_FACE('',(#919),#1024,.F.);
#1044=ADVANCED_FACE('',(#920),#1025,.T.);
#1045=ADVANCED_FACE('',(#921,#922),#47,.F.);
#1046=ADVANCED_FACE('',(#923,#924),#15,.F.);
#1047=ADVANCED_FACE('',(#925,#926),#48,.F.);
#1048=ADVANCED_FACE('',(#927,#928),#16,.F.);
#1049=ADVANCED_FACE('',(#929,#930),#49,.F.);
#1050=ADVANCED_FACE('',(#931,#932),#17,.F.);
#1051=ADVANCED_FACE('',(#933,#934),#50,.F.);
#1052=ADVANCED_FACE('',(#935,#936),#18,.F.);
#1053=ADVANCED_FACE('',(#937,#938),#51,.F.);
#1054=ADVANCED_FACE('',(#939,#940),#19,.F.);
#1055=ADVANCED_FACE('',(#941,#942),#52,.F.);
#1056=ADVANCED_FACE('',(#943,#944),#20,.F.);
#1057=ADVANCED_FACE('',(#945,#946),#53,.F.);
#1058=ADVANCED_FACE('',(#947,#948),#21,.F.);
#1059=ADVANCED_FACE('',(#949,#950),#54,.F.);
#1060=ADVANCED_FACE('',(#951,#952),#22,.F.);
#1061=ADVANCED_FACE('',(#953,#954),#55,.F.);
#1062=ADVANCED_FACE('',(#955,#956),#23,.F.);
#1063=ADVANCED_FACE('',(#957,#958),#56,.F.);
#1064=ADVANCED_FACE('',(#959,#960),#24,.F.);
#1065=ADVANCED_FACE('',(#961,#962),#57,.F.);
#1066=ADVANCED_FACE('',(#963,#964),#58,.F.);
#1067=ADVANCED_FACE('',(#965,#966),#59,.F.);
#1068=ADVANCED_FACE('',(#967,#968),#60,.F.);
#1069=ADVANCED_FACE('',(#969,#970),#61,.F.);
#1070=ADVANCED_FACE('',(#971,#972),#62,.F.);
#1071=ADVANCED_FACE('',(#973,#974),#63,.F.);
#1072=ADVANCED_FACE('',(#975,#976),#64,.F.);
#1073=ADVANCED_FACE('',(#977,#978),#65,.F.);
#1074=ADVANCED_FACE('',(#979),#12,.T.);
#1075=ADVANCED_FACE('',(#980),#13,.T.);
#1076=ADVANCED_FACE('',(#981),#14,.T.);
#1077=ADVANCED_FACE('',(#982),#71,.T.);
#1078=ADVANCED_FACE('',(#983),#25,.F.);
#1079=ADVANCED_FACE('',(#984),#72,.T.);
#1080=ADVANCED_FACE('',(#985),#26,.F.);
#1081=ADVANCED_FACE('',(#986),#73,.F.);
#1082=ADVANCED_FACE('',(#987),#27,.F.);
#1083=ADVANCED_FACE('',(#988),#74,.F.);
#1084=ADVANCED_FACE('',(#989),#28,.F.);
#1085=ADVANCED_FACE('',(#990,#991),#75,.T.);
#1086=ADVANCED_FACE('',(#992,#993),#66,.F.);
#1087=ADVANCED_FACE('',(#994,#995),#29,.F.);
#1088=ADVANCED_FACE('',(#996),#76,.F.);
#1089=ADVANCED_FACE('',(#997),#30,.F.);
#1090=ADVANCED_FACE('',(#998),#77,.T.);
#1091=ADVANCED_FACE('',(#999),#31,.F.);
#1092=ADVANCED_FACE('',(#1000),#78,.T.);
#1093=ADVANCED_FACE('',(#1001),#32,.F.);
#1094=ADVANCED_FACE('',(#1002),#79,.F.);
#1095=ADVANCED_FACE('',(#1003),#33,.F.);
#1096=ADVANCED_FACE('',(#1004,#1005),#80,.T.);
#1097=ADVANCED_FACE('',(#1006,#1007),#67,.F.);
#1098=ADVANCED_FACE('',(#1008,#1009),#34,.F.);
#1099=CLOSED_SHELL('',(#1026,#1027,#1028,#1029,#1030,#1031,#1032,#1033,
#1034,#1035,#1036,#1037,#1038,#1039,#1040,#1041,#1042,#1043,#1044,#1045,
#1046,#1047,#1048,#1049,#1050,#1051,#1052,#1053,#1054,#1055,#1056,#1057,
#1058,#1059,#1060,#1061,#1062,#1063,#1064,#1065,#1066,#1067,#1068,#1069,
#1070,#1071,#1072,#1073,#1074,#1075,#1076,#1077,#1078,#1079,#1080,#1081,
#1082,#1083,#1084,#1085,#1086,#1087,#1088,#1089,#1090,#1091,#1092,#1093,
#1094,#1095,#1096,#1097,#1098));
#1100=STYLED_ITEM('',(#1101),#1108);
#1101=PRESENTATION_STYLE_ASSIGNMENT((#1102));
#1102=SURFACE_STYLE_USAGE(.BOTH.,#1103);
#1103=SURFACE_SIDE_STYLE('',(#1104));
#1104=SURFACE_STYLE_FILL_AREA(#1105);
#1105=FILL_AREA_STYLE('',(#1106));
#1106=FILL_AREA_STYLE_COLOUR('',#1107);
#1107=COLOUR_RGB('',0.992156862745098,0.847058823529412,0.207843137254902);
#1108=MANIFOLD_SOLID_BREP('hf_front',#1099);
#1109=SHAPE_DEFINITION_REPRESENTATION(#4052,#1110);
#1110=SHAPE_REPRESENTATION('hf_front',(#1111),#4047);
#1111=AXIS2_PLACEMENT_3D('',#1437,#1208,#1209);
#1112=AXIS2_PLACEMENT_3D('',#1998,#1210,#1211);
#1113=AXIS2_PLACEMENT_3D('',#2247,#1214,#1215);
#1114=AXIS2_PLACEMENT_3D('',#2261,#1218,#1219);
#1115=AXIS2_PLACEMENT_3D('',#2262,#1220,#1221);
#1116=AXIS2_PLACEMENT_3D('',#2264,#1222,#1223);
#1117=AXIS2_PLACEMENT_3D('',#2266,#1224,#1225);
#1118=AXIS2_PLACEMENT_3D('',#2268,#1226,#1227);
#1119=AXIS2_PLACEMENT_3D('',#2270,#1228,#1229);
#1120=AXIS2_PLACEMENT_3D('',#3664,#1235,#1236);
#1121=AXIS2_PLACEMENT_3D('',#3665,#1237,#1238);
#1122=AXIS2_PLACEMENT_3D('',#3667,#1239,#1240);
#1123=AXIS2_PLACEMENT_3D('',#3669,#1241,#1242);
#1124=AXIS2_PLACEMENT_3D('',#3671,#1243,#1244);
#1125=AXIS2_PLACEMENT_3D('',#3673,#1245,#1246);
#1126=AXIS2_PLACEMENT_3D('',#3698,#1249,#1250);
#1127=AXIS2_PLACEMENT_3D('',#3700,#1251,#1252);
#1128=AXIS2_PLACEMENT_3D('',#3702,#1253,#1254);
#1129=AXIS2_PLACEMENT_3D('',#3703,#1255,#1256);
#1130=AXIS2_PLACEMENT_3D('',#3705,#1257,#1258);
#1131=AXIS2_PLACEMENT_3D('',#3707,#1259,#1260);
#1132=AXIS2_PLACEMENT_3D('',#3709,#1261,#1262);
#1133=AXIS2_PLACEMENT_3D('',#3710,#1263,#1264);
#1134=AXIS2_PLACEMENT_3D('',#3712,#1265,#1266);
#1135=AXIS2_PLACEMENT_3D('',#3714,#1267,#1268);
#1136=AXIS2_PLACEMENT_3D('',#3716,#1269,#1270);
#1137=AXIS2_PLACEMENT_3D('',#3717,#1271,#1272);
#1138=AXIS2_PLACEMENT_3D('',#3719,#1273,#1274);
#1139=AXIS2_PLACEMENT_3D('',#3721,#1275,#1276);
#1140=AXIS2_PLACEMENT_3D('',#3723,#1277,#1278);
#1141=AXIS2_PLACEMENT_3D('',#3724,#1279,#1280);
#1142=AXIS2_PLACEMENT_3D('',#3726,#1281,#1282);
#1143=AXIS2_PLACEMENT_3D('',#3728,#1283,#1284);
#1144=AXIS2_PLACEMENT_3D('',#3730,#1285,#1286);
#1145=AXIS2_PLACEMENT_3D('',#3731,#1287,#1288);
#1146=AXIS2_PLACEMENT_3D('',#3733,#1289,#1290);
#1147=AXIS2_PLACEMENT_3D('',#3735,#1291,#1292);
#1148=AXIS2_PLACEMENT_3D('',#3737,#1293,#1294);
#1149=AXIS2_PLACEMENT_3D('',#3738,#1295,#1296);
#1150=AXIS2_PLACEMENT_3D('',#3740,#1297,#1298);
#1151=AXIS2_PLACEMENT_3D('',#3742,#1299,#1300);
#1152=AXIS2_PLACEMENT_3D('',#3744,#1301,#1302);
#1153=AXIS2_PLACEMENT_3D('',#3745,#1303,#1304);
#1154=AXIS2_PLACEMENT_3D('',#3747,#1305,#1306);
#1155=AXIS2_PLACEMENT_3D('',#3749,#1307,#1308);
#1156=AXIS2_PLACEMENT_3D('',#3750,#1309,#1310);
#1157=AXIS2_PLACEMENT_3D('',#3752,#1311,#1312);
#1158=AXIS2_PLACEMENT_3D('',#3754,#1313,#1314);
#1159=AXIS2_PLACEMENT_3D('',#3756,#1315,#1316);
#1160=AXIS2_PLACEMENT_3D('',#3757,#1317,#1318);
#1161=AXIS2_PLACEMENT_3D('',#3759,#1319,#1320);
#1162=AXIS2_PLACEMENT_3D('',#3761,#1321,#1322);
#1163=AXIS2_PLACEMENT_3D('',#3763,#1323,#1324);
#1164=AXIS2_PLACEMENT_3D('',#3764,#1325,#1326);
#1165=AXIS2_PLACEMENT_3D('',#3766,#1327,#1328);
#1166=AXIS2_PLACEMENT_3D('',#3767,#1329,#1330);
#1167=AXIS2_PLACEMENT_3D('',#3768,#1331,#1332);
#1168=AXIS2_PLACEMENT_3D('',#3769,#1333,#1334);
#1169=AXIS2_PLACEMENT_3D('',#3770,#1335,#1336);
#1170=AXIS2_PLACEMENT_3D('',#3771,#1337,#1338);
#1171=AXIS2_PLACEMENT_3D('',#3772,#1339,#1340);
#1172=AXIS2_PLACEMENT_3D('',#3773,#1341,#1342);
#1173=AXIS2_PLACEMENT_3D('',#3774,#1343,#1344);
#1174=AXIS2_PLACEMENT_3D('',#3966,#1345,#1346);
#1175=AXIS2_PLACEMENT_3D('',#3972,#1350,#1351);
#1176=AXIS2_PLACEMENT_3D('',#3975,#1353,#1354);
#1177=AXIS2_PLACEMENT_3D('',#3976,#1355,#1356);
#1178=AXIS2_PLACEMENT_3D('',#3980,#1359,#1360);
#1179=AXIS2_PLACEMENT_3D('',#3983,#1362,#1363);
#1180=AXIS2_PLACEMENT_3D('',#3984,#1364,#1365);
#1181=AXIS2_PLACEMENT_3D('',#3988,#1368,#1369);
#1182=AXIS2_PLACEMENT_3D('',#3991,#1371,#1372);
#1183=AXIS2_PLACEMENT_3D('',#3992,#1373,#1374);
#1184=AXIS2_PLACEMENT_3D('',#3996,#1377,#1378);
#1185=AXIS2_PLACEMENT_3D('',#3997,#1379,#1380);
#1186=AXIS2_PLACEMENT_3D('',#3998,#1381,#1382);
#1187=AXIS2_PLACEMENT_3D('',#3999,#1383,#1384);
#1188=AXIS2_PLACEMENT_3D('',#4001,#1385,#1386);
#1189=AXIS2_PLACEMENT_3D('',#4003,#1387,#1388);
#1190=AXIS2_PLACEMENT_3D('',#4005,#1389,#1390);
#1191=AXIS2_PLACEMENT_3D('',#4006,#1391,#1392);
#1192=AXIS2_PLACEMENT_3D('',#4012,#1396,#1397);
#1193=AXIS2_PLACEMENT_3D('',#4015,#1399,#1400);
#1194=AXIS2_PLACEMENT_3D('',#4016,#1401,#1402);
#1195=AXIS2_PLACEMENT_3D('',#4020,#1405,#1406);
#1196=AXIS2_PLACEMENT_3D('',#4023,#1408,#1409);
#1197=AXIS2_PLACEMENT_3D('',#4024,#1410,#1411);
#1198=AXIS2_PLACEMENT_3D('',#4028,#1414,#1415);
#1199=AXIS2_PLACEMENT_3D('',#4031,#1417,#1418);
#1200=AXIS2_PLACEMENT_3D('',#4032,#1419,#1420);
#1201=AXIS2_PLACEMENT_3D('',#4036,#1423,#1424);
#1202=AXIS2_PLACEMENT_3D('',#4037,#1425,#1426);
#1203=AXIS2_PLACEMENT_3D('',#4038,#1427,#1428);
#1204=AXIS2_PLACEMENT_3D('',#4039,#1429,#1430);
#1205=AXIS2_PLACEMENT_3D('',#4041,#1431,#1432);
#1206=AXIS2_PLACEMENT_3D('',#4043,#1433,#1434);
#1207=AXIS2_PLACEMENT_3D('',#4045,#1435,#1436);
#1208=DIRECTION('',(0.,0.,1.));
#1209=DIRECTION('',(1.,0.,0.));
#1210=DIRECTION('',(0.,1.,0.));
#1211=DIRECTION('',(1.,0.,0.));
#1212=DIRECTION('',(1.,0.,0.));
#1213=DIRECTION('',(1.,0.,0.));
#1214=DIRECTION('',(0.,1.,-6.12323399573677E-17));
#1215=DIRECTION('',(1.,0.,0.));
#1216=DIRECTION('',(1.,0.,0.));
#1217=DIRECTION('',(1.,0.,0.));
#1218=DIRECTION('',(0.,0.,1.));
#1219=DIRECTION('',(1.,0.,0.));
#1220=DIRECTION('',(0.,0.,1.));
#1221=DIRECTION('',(0.,-1.,0.));
#1222=DIRECTION('',(0.,0.,1.));
#1223=DIRECTION('',(0.,-1.,0.));
#1224=DIRECTION('',(0.,0.,1.));
#1225=DIRECTION('',(0.,-1.,0.));
#1226=DIRECTION('',(0.,0.,1.));
#1227=DIRECTION('',(0.,-1.,0.));
#1228=DIRECTION('',(0.,0.,1.));
#1229=DIRECTION('',(0.,-1.,0.));
#1230=DIRECTION('',(1.,0.,0.));
#1231=DIRECTION('',(0.,-1.,6.12323399573677E-17));
#1232=DIRECTION('',(1.,0.,0.));
#1233=DIRECTION('',(1.,0.,0.));
#1234=DIRECTION('',(1.,0.,0.));
#1235=DIRECTION('',(0.,0.,1.));
#1236=DIRECTION('',(1.,0.,0.));
#1237=DIRECTION('',(0.,0.,1.));
#1238=DIRECTION('',(0.,-1.,0.));
#1239=DIRECTION('',(0.,0.,1.));
#1240=DIRECTION('',(0.,-1.,0.));
#1241=DIRECTION('',(0.,0.,1.));
#1242=DIRECTION('',(0.,-1.,0.));
#1243=DIRECTION('',(0.,0.,1.));
#1244=DIRECTION('',(0.,-1.,0.));
#1245=DIRECTION('',(0.,0.,1.));
#1246=DIRECTION('',(0.,-1.,0.));
#1247=DIRECTION('',(0.,-1.,6.12323399573677E-17));
#1248=DIRECTION('',(0.,-1.,6.12323399573677E-17));
#1249=DIRECTION('',(0.,0.,-1.));
#1250=DIRECTION('',(0.,1.,0.));
#1251=DIRECTION('',(0.,0.,1.));
#1252=DIRECTION('',(0.,-1.,0.));
#1253=DIRECTION('',(0.,0.,1.));
#1254=DIRECTION('',(0.,-1.,0.));
#1255=DIRECTION('',(0.,0.,1.));
#1256=DIRECTION('',(0.,-1.,0.));
#1257=DIRECTION('',(0.,0.,-1.));
#1258=DIRECTION('',(0.,1.,0.));
#1259=DIRECTION('',(0.,0.,1.));
#1260=DIRECTION('',(0.,-1.,0.));
#1261=DIRECTION('',(0.,0.,1.));
#1262=DIRECTION('',(0.,-1.,0.));
#1263=DIRECTION('',(0.,0.,1.));
#1264=DIRECTION('',(0.,-1.,0.));
#1265=DIRECTION('',(0.,0.,-1.));
#1266=DIRECTION('',(0.,1.,0.));
#1267=DIRECTION('',(0.,0.,1.));
#1268=DIRECTION('',(0.,-1.,0.));
#1269=DIRECTION('',(0.,0.,1.));
#1270=DIRECTION('',(0.,-1.,0.));
#1271=DIRECTION('',(0.,0.,1.));
#1272=DIRECTION('',(0.,-1.,0.));
#1273=DIRECTION('',(0.,0.,-1.));
#1274=DIRECTION('',(0.,1.,0.));
#1275=DIRECTION('',(0.,0.,1.));
#1276=DIRECTION('',(0.,-1.,0.));
#1277=DIRECTION('',(0.,0.,1.));
#1278=DIRECTION('',(0.,-1.,0.));
#1279=DIRECTION('',(0.,0.,1.));
#1280=DIRECTION('',(0.,-1.,0.));
#1281=DIRECTION('',(0.,0.,-1.));
#1282=DIRECTION('',(0.,1.,0.));
#1283=DIRECTION('',(0.,0.,1.));
#1284=DIRECTION('',(0.,-1.,0.));
#1285=DIRECTION('',(0.,0.,1.));
#1286=DIRECTION('',(0.,-1.,0.));
#1287=DIRECTION('',(0.,0.,1.));
#1288=DIRECTION('',(0.,-1.,0.));
#1289=DIRECTION('',(0.,0.,-1.));
#1290=DIRECTION('',(0.,1.,0.));
#1291=DIRECTION('',(0.,0.,1.));
#1292=DIRECTION('',(0.,-1.,0.));
#1293=DIRECTION('',(0.,0.,1.));
#1294=DIRECTION('',(0.,-1.,0.));
#1295=DIRECTION('',(0.,0.,1.));
#1296=DIRECTION('',(0.,-1.,0.));
#1297=DIRECTION('',(0.,0.,-1.));
#1298=DIRECTION('',(0.,1.,0.));
#1299=DIRECTION('',(0.,0.,1.));
#1300=DIRECTION('',(0.,-1.,0.));
#1301=DIRECTION('',(0.,0.,1.));
#1302=DIRECTION('',(0.,-1.,0.));
#1303=DIRECTION('',(0.,0.,-1.));
#1304=DIRECTION('',(0.,1.,0.));
#1305=DIRECTION('',(0.,0.,1.));
#1306=DIRECTION('',(0.,-1.,0.));
#1307=DIRECTION('',(0.,0.,1.));
#1308=DIRECTION('',(0.,-1.,0.));
#1309=DIRECTION('',(0.,0.,1.));
#1310=DIRECTION('',(0.,-1.,0.));
#1311=DIRECTION('',(0.,0.,-1.));
#1312=DIRECTION('',(0.,1.,0.));
#1313=DIRECTION('',(0.,0.,1.));
#1314=DIRECTION('',(0.,-1.,0.));
#1315=DIRECTION('',(0.,0.,1.));
#1316=DIRECTION('',(0.,-1.,0.));
#1317=DIRECTION('',(0.,0.,1.));
#1318=DIRECTION('',(0.,-1.,0.));
#1319=DIRECTION('',(0.,0.,-1.));
#1320=DIRECTION('',(0.,1.,0.));
#1321=DIRECTION('',(0.,0.,1.));
#1322=DIRECTION('',(0.,-1.,0.));
#1323=DIRECTION('',(0.,0.,1.));
#1324=DIRECTION('',(0.,-1.,0.));
#1325=DIRECTION('',(0.,0.,1.));
#1326=DIRECTION('',(0.,-1.,0.));
#1327=DIRECTION('',(0.,0.,-1.));
#1328=DIRECTION('',(0.,1.,0.));
#1329=DIRECTION('',(0.,0.,-1.));
#1330=DIRECTION('',(0.,1.,0.));
#1331=DIRECTION('',(0.,0.,-1.));
#1332=DIRECTION('',(0.,1.,0.));
#1333=DIRECTION('',(0.,0.,-1.));
#1334=DIRECTION('',(0.,1.,0.));
#1335=DIRECTION('',(0.,0.,-1.));
#1336=DIRECTION('',(0.,1.,0.));
#1337=DIRECTION('',(0.,0.,-1.));
#1338=DIRECTION('',(0.,1.,0.));
#1339=DIRECTION('',(0.,0.,-1.));
#1340=DIRECTION('',(0.,1.,0.));
#1341=DIRECTION('',(0.,0.,-1.));
#1342=DIRECTION('',(0.,1.,0.));
#1343=DIRECTION('',(0.,0.,-1.));
#1344=DIRECTION('',(0.,1.,0.));
#1345=DIRECTION('',(-0.866025403784439,0.,-0.5));
#1346=DIRECTION('',(-0.5,0.,0.866025403784439));
#1347=DIRECTION('',(-0.5,0.,0.866025403784439));
#1348=DIRECTION('',(0.,-1.,0.));
#1349=DIRECTION('',(-0.5,0.,0.866025403784439));
#1350=DIRECTION('',(-0.5,0.,0.866025403784439));
#1351=DIRECTION('',(0.866025403784439,0.,0.5));
#1352=DIRECTION('',(-0.5,0.,0.866025403784439));
#1353=DIRECTION('',(-0.5,0.,0.866025403784439));
#1354=DIRECTION('',(0.866025403784439,0.,0.5));
#1355=DIRECTION('',(0.,-1.,0.));
#1356=DIRECTION('',(-1.,0.,0.));
#1357=DIRECTION('',(-0.5,0.,0.866025403784439));
#1358=DIRECTION('',(0.866025403784439,0.,0.5));
#1359=DIRECTION('',(-0.5,0.,0.866025403784439));
#1360=DIRECTION('',(0.866025403784439,0.,0.5));
#1361=DIRECTION('',(-0.5,0.,0.866025403784439));
#1362=DIRECTION('',(-0.5,0.,0.866025403784439));
#1363=DIRECTION('',(0.866025403784439,0.,0.5));
#1364=DIRECTION('',(-0.866025403784439,0.,-0.5));
#1365=DIRECTION('',(-0.5,0.,0.866025403784439));
#1366=DIRECTION('',(-0.5,0.,0.866025403784439));
#1367=DIRECTION('',(0.,-1.,0.));
#1368=DIRECTION('',(-0.5,0.,0.866025403784439));
#1369=DIRECTION('',(0.866025403784439,0.,0.5));
#1370=DIRECTION('',(-0.5,0.,0.866025403784439));
#1371=DIRECTION('',(-0.5,0.,0.866025403784439));
#1372=DIRECTION('',(0.866025403784439,0.,0.5));
#1373=DIRECTION('',(0.,-1.,0.));
#1374=DIRECTION('',(-1.,0.,0.));
#1375=DIRECTION('',(-0.5,0.,0.866025403784439));
#1376=DIRECTION('',(0.866025403784439,0.,0.5));
#1377=DIRECTION('',(-0.5,0.,0.866025403784439));
#1378=DIRECTION('',(0.866025403784439,0.,0.5));
#1379=DIRECTION('',(-0.5,0.,0.866025403784439));
#1380=DIRECTION('',(0.866025403784439,0.,0.5));
#1381=DIRECTION('',(-0.5,0.,0.866025403784439));
#1382=DIRECTION('',(0.866025403784439,0.,0.5));
#1383=DIRECTION('',(-0.5,0.,0.866025403784439));
#1384=DIRECTION('',(0.866025403784439,0.,0.5));
#1385=DIRECTION('',(-0.5,0.,0.866025403784439));
#1386=DIRECTION('',(0.866025403784439,0.,0.5));
#1387=DIRECTION('',(0.5,0.,-0.866025403784439));
#1388=DIRECTION('',(-0.866025403784439,0.,-0.5));
#1389=DIRECTION('',(0.5,0.,-0.866025403784439));
#1390=DIRECTION('',(-0.866025403784439,0.,-0.5));
#1391=DIRECTION('',(-0.866025403784439,0.,0.5));
#1392=DIRECTION('',(0.5,0.,0.866025403784439));
#1393=DIRECTION('',(0.5,0.,0.866025403784439));
#1394=DIRECTION('',(0.,-1.,0.));
#1395=DIRECTION('',(0.5,0.,0.866025403784439));
#1396=DIRECTION('',(0.5,0.,0.866025403784439));
#1397=DIRECTION('',(0.866025403784439,0.,-0.5));
#1398=DIRECTION('',(0.5,0.,0.866025403784439));
#1399=DIRECTION('',(-0.5,0.,-0.866025403784439));
#1400=DIRECTION('',(-0.866025403784439,0.,0.5));
#1401=DIRECTION('',(0.,1.,0.));
#1402=DIRECTION('',(1.,0.,0.));
#1403=DIRECTION('',(0.5,0.,0.866025403784439));
#1404=DIRECTION('',(-0.866025403784439,0.,0.5));
#1405=DIRECTION('',(0.5,0.,0.866025403784439));
#1406=DIRECTION('',(0.866025403784439,0.,-0.5));
#1407=DIRECTION('',(0.5,0.,0.866025403784439));
#1408=DIRECTION('',(-0.5,0.,-0.866025403784439));
#1409=DIRECTION('',(-0.866025403784439,0.,0.5));
#1410=DIRECTION('',(-0.866025403784439,0.,0.5));
#1411=DIRECTION('',(0.5,0.,0.866025403784439));
#1412=DIRECTION('',(0.5,0.,0.866025403784439));
#1413=DIRECTION('',(0.,-1.,0.));
#1414=DIRECTION('',(0.5,0.,0.866025403784439));
#1415=DIRECTION('',(0.866025403784439,0.,-0.5));
#1416=DIRECTION('',(0.5,0.,0.866025403784439));
#1417=DIRECTION('',(-0.5,0.,-0.866025403784439));
#1418=DIRECTION('',(-0.866025403784439,0.,0.5));
#1419=DIRECTION('',(0.,1.,0.));
#1420=DIRECTION('',(1.,0.,0.));
#1421=DIRECTION('',(0.5,0.,0.866025403784439));
#1422=DIRECTION('',(-0.866025403784439,0.,0.5));
#1423=DIRECTION('',(0.5,0.,0.866025403784439));
#1424=DIRECTION('',(0.866025403784439,0.,-0.5));
#1425=DIRECTION('',(-0.5,0.,-0.866025403784439));
#1426=DIRECTION('',(-0.866025403784439,0.,0.5));
#1427=DIRECTION('',(0.5,0.,0.866025403784439));
#1428=DIRECTION('',(-0.866025403784439,0.,0.5));
#1429=DIRECTION('',(0.5,0.,0.866025403784439));
#1430=DIRECTION('',(0.866025403784439,0.,-0.5));
#1431=DIRECTION('',(0.5,0.,0.866025403784439));
#1432=DIRECTION('',(0.866025403784439,0.,-0.5));
#1433=DIRECTION('',(-0.5,0.,-0.866025403784439));
#1434=DIRECTION('',(-0.866025403784439,0.,0.5));
#1435=DIRECTION('',(-0.5,0.,-0.866025403784439));
#1436=DIRECTION('',(-0.866025403784439,0.,0.5));
#1437=CARTESIAN_POINT('',(0.,0.,0.));
#1438=CARTESIAN_POINT('',(-0.0995774143606943,-0.134,0.00918359897742447));
#1439=CARTESIAN_POINT('',(-0.0995774143606943,-0.166374702857529,0.00918359897742447));
#1440=CARTESIAN_POINT('',(-0.0928221410782289,-0.198318216812452,0.00850585794976915));
#1441=CARTESIAN_POINT('',(-0.0793352120056391,-0.214,0.00726957710826935));
#1442=CARTESIAN_POINT('',(-0.0995584069289909,-0.134,0.00938969766967089));
#1443=CARTESIAN_POINT('',(-0.0995584069289909,-0.166374702857529,0.00938969766967089));
#1444=CARTESIAN_POINT('',(-0.0928039525582634,-0.198318216812452,0.00869676100328761));
#1445=CARTESIAN_POINT('',(-0.0793196628874279,-0.214,0.00743273352923243));
#1446=CARTESIAN_POINT('',(-0.0995387596000017,-0.134,0.00959573734777835));
#1447=CARTESIAN_POINT('',(-0.0995387596000017,-0.166374702857529,0.00959573734777835));
#1448=CARTESIAN_POINT('',(-0.0927851545262393,-0.198318216812452,0.00888761083752712));
#1449=CARTESIAN_POINT('',(-0.0793035927252701,-0.214,0.00759584447641556));
#1450=CARTESIAN_POINT('',(-0.099358092496394,-0.134,0.0114300812341426));
#1451=CARTESIAN_POINT('',(-0.099358092496394,-0.166374702857529,0.0114300812341426));
#1452=CARTESIAN_POINT('',(-0.0926123247058771,-0.198318216812452,0.0105867352845595));
#1453=CARTESIAN_POINT('',(-0.0791558432361516,-0.214,0.0090480114006938));
#1454=CARTESIAN_POINT('',(-0.0991577381738774,-0.134,0.0130545111659482));
#1455=CARTESIAN_POINT('',(-0.0991577381738774,-0.166374702857529,0.0130545111659482));
#1456=CARTESIAN_POINT('',(-0.0924208490639464,-0.198318216812452,0.0120915160499478));
#1457=CARTESIAN_POINT('',(-0.0789921550338283,-0.214,0.0103340820226211));
#1458=CARTESIAN_POINT('',(-0.0986775638190788,-0.134,0.0162915837251242));
#1459=CARTESIAN_POINT('',(-0.0986775638190788,-0.166374702857529,0.0162915837251242));
#1460=CARTESIAN_POINT('',(-0.0919625902726448,-0.198318216812452,0.0150904451395204));
#1461=CARTESIAN_POINT('',(-0.0786004043829266,-0.214,0.0128971382446913));
#1462=CARTESIAN_POINT('',(-0.0983977438332566,-0.134,0.0179042260392878));
#1463=CARTESIAN_POINT('',(-0.0983977438332566,-0.166374702857529,0.0179042260392878));
#1464=CARTESIAN_POINT('',(-0.0916958071602937,-0.198318216812452,0.0165845932141371));
#1465=CARTESIAN_POINT('',(-0.0783723419659441,-0.214,0.0141741236318315));
#1466=CARTESIAN_POINT('',(-0.0977593122473895,-0.134,0.0211138383639377));
#1467=CARTESIAN_POINT('',(-0.0977593122473895,-0.166374702857529,0.0211138383639377));
#1468=CARTESIAN_POINT('',(-0.0910878839391547,-0.198318216812452,0.0195587479164017));
#1469=CARTESIAN_POINT('',(-0.0778526575926378,-0.214,0.0167160110363646));
#1470=CARTESIAN_POINT('',(-0.0974007007091169,-0.134,0.022710808063874));
#1471=CARTESIAN_POINT('',(-0.0974007007091169,-0.166374702857529,0.022710808063874));
#1472=CARTESIAN_POINT('',(-0.0907467438795878,-0.198318216812452,0.021038754296599));
#1473=CARTESIAN_POINT('',(-0.0775610356783235,-0.214,0.0179809128425618));
#1474=CARTESIAN_POINT('',(-0.0966055499297919,-0.134,0.0258852279167787));
#1475=CARTESIAN_POINT('',(-0.0966055499297919,-0.166374702857529,0.0258852279167787));
#1476=CARTESIAN_POINT('',(-0.0899912085230901,-0.198318216812452,0.0239811466887512));
#1477=CARTESIAN_POINT('',(-0.0769151761054715,-0.214,0.020495660413957));
#1478=CARTESIAN_POINT('',(-0.0961690107656752,-0.134,0.0274626777626025));
#1479=CARTESIAN_POINT('',(-0.0961690107656752,-0.166374702857529,0.0274626777626025));
#1480=CARTESIAN_POINT('',(-0.0895768132874628,-0.198318216812452,0.025443532455969));
#1481=CARTESIAN_POINT('',(-0.0765609384992554,-0.214,0.021745505970275));
#1482=CARTESIAN_POINT('',(-0.0952190563807666,-0.134,0.03059425768829));
#1483=CARTESIAN_POINT('',(-0.0952190563807666,-0.166374702857529,0.03059425768829));
#1484=CARTESIAN_POINT('',(-0.0886760189276258,-0.198318216812452,0.0283472421705336));
#1485=CARTESIAN_POINT('',(-0.0757909190105325,-0.214,0.0242272003505009));
#1486=CARTESIAN_POINT('',(-0.0947056412518885,-0.134,0.0321483874651542));
#1487=CARTESIAN_POINT('',(-0.0947056412518885,-0.166374702857529,0.0321483874651542));
#1488=CARTESIAN_POINT('',(-0.0881896198766544,-0.198318216812452,0.0297885658764461));
#1489=CARTESIAN_POINT('',(-0.0753751371905336,-0.214,0.0254590489683476));
#1490=CARTESIAN_POINT('',(-0.0936031717847156,-0.134,0.0352295832132897));
#1491=CARTESIAN_POINT('',(-0.0936031717847156,-0.166374702857529,0.0352295832132897));
#1492=CARTESIAN_POINT('',(-0.0871462168058834,-0.198318216812452,0.0326467547813019));
#1493=CARTESIAN_POINT('',(-0.0744832266920285,-0.214,0.027901846986147));
#1494=CARTESIAN_POINT('',(-0.0930141175530915,-0.134,0.0367566488864364));
#1495=CARTESIAN_POINT('',(-0.0930141175530915,-0.166374702857529,0.0367566488864364));
#1496=CARTESIAN_POINT('',(-0.0865892128710806,-0.198318216812452,0.0340636197426952));
#1497=CARTESIAN_POINT('',(-0.0740070980860658,-0.214,0.029112796183354));
#1498=CARTESIAN_POINT('',(-0.0917617889491658,-0.134,0.0397800375865816));
#1499=CARTESIAN_POINT('',(-0.0917617889491658,-0.166374702857529,0.0397800375865816));
#1500=CARTESIAN_POINT('',(-0.0854061441491267,-0.198318216812452,0.0368695464229877));
#1501=CARTESIAN_POINT('',(-0.0729958153568797,-0.214,0.0315109372143633));
#1502=CARTESIAN_POINT('',(-0.0910985146980347,-0.134,0.0412763603210488));
#1503=CARTESIAN_POINT('',(-0.0910985146980347,-0.166374702857529,0.0412763603210488));
#1504=CARTESIAN_POINT('',(-0.0847800794585261,-0.198318216812452,0.0382586079087936));
#1505=CARTESIAN_POINT('',(-0.0724606613160606,-0.214,0.0326981288492236));
#1506=CARTESIAN_POINT('',(-0.089699343926654,-0.134,0.0442346583650075));
#1507=CARTESIAN_POINT('',(-0.089699343926654,-0.166374702857529,0.0442346583650075));
#1508=CARTESIAN_POINT('',(-0.0834605758141434,-0.198318216812452,0.041005641915848));
#1509=CARTESIAN_POINT('',(-0.0713327706569402,-0.214,0.0350459469772286));
#1510=CARTESIAN_POINT('',(-0.0889634475417828,-0.134,0.0456966333882657));
#1511=CARTESIAN_POINT('',(-0.0889634475417828,-0.166374702857529,0.0456966333882657));
#1512=CARTESIAN_POINT('',(-0.0827671369682328,-0.198318216812452,0.0423636142090216));
#1513=CARTESIAN_POINT('',(-0.0707400341307056,-0.214,0.0362065732757144));
#1514=CARTESIAN_POINT('',(-0.0874208053278882,-0.134,0.0485827139769338));
#1515=CARTESIAN_POINT('',(-0.0874208053278882,-0.166374702857529,0.0485827139769338));
#1516=CARTESIAN_POINT('',(-0.0813147110078165,-0.198318216812452,0.0450452500419279));
#1517=CARTESIAN_POINT('',(-0.0694985404211928,-0.214,0.0384985092257468));
#1518=CARTESIAN_POINT('',(-0.086614059648125,-0.134,0.0500068192630979));
#1519=CARTESIAN_POINT('',(-0.086614059648125,-0.166374702857529,0.0500068192630979));
#1520=CARTESIAN_POINT('',(-0.0805557240122434,-0.198318216812452,0.0463689133591537));
#1521=CARTESIAN_POINT('',(-0.068849783339422,-0.214,0.0396298186873865));
#1522=CARTESIAN_POINT('',(-0.0849316623519294,-0.134,0.0528137295755465));
#1523=CARTESIAN_POINT('',(-0.0849316623519294,-0.166374702857529,0.0528137295755465));
#1524=CARTESIAN_POINT('',(-0.0789741637493993,-0.198318216812452,0.0489787841453422));
#1525=CARTESIAN_POINT('',(-0.0674979265154286,-0.214,0.0418604315019114));
#1526=CARTESIAN_POINT('',(-0.0840560108982793,-0.134,0.0541965343302451));
#1527=CARTESIAN_POINT('',(-0.0840560108982793,-0.166374702857529,0.0541965343302451));
#1528=CARTESIAN_POINT('',(-0.0781515906118357,-0.198318216812452,0.0502649913979014));
#1529=CARTESIAN_POINT('',(-0.0667948268839095,-0.214,0.0429597346700991));
#1530=CARTESIAN_POINT('',(-0.0822379115622298,-0.134,0.0569175122736752));
#1531=CARTESIAN_POINT('',(-0.0822379115622298,-0.166374702857529,0.0569175122736752));
#1532=CARTESIAN_POINT('',(-0.0764449523334703,-0.198318216812452,0.0527968822397498));
#1533=CARTESIAN_POINT('',(-0.0653360758490199,-0.214,0.0451237131001661));
#1534=CARTESIAN_POINT('',(-0.0812954638557426,-0.134,0.0582556851991352));
#1535=CARTESIAN_POINT('',(-0.0812954638557426,-0.166374702857529,0.0582556851991352));
#1536=CARTESIAN_POINT('',(-0.0755608873328379,-0.198318216812452,0.0540425656192605));
#1537=CARTESIAN_POINT('',(-0.0645804245652822,-0.214,0.0461883881830022));
#1538=CARTESIAN_POINT('',(-0.0793460424403863,-0.134,0.0608841756993515));
#1539=CARTESIAN_POINT('',(-0.0793460424403863,-0.166374702857529,0.0608841756993515));
#1540=CARTESIAN_POINT('',(-0.0737334878189536,-0.198318216812452,0.0564904265745803));
#1541=CARTESIAN_POINT('',(-0.0630184705504534,-0.214,0.0482805617669167));
#1542=CARTESIAN_POINT('',(-0.0783390689201358,-0.134,0.0621744930197851));
#1543=CARTESIAN_POINT('',(-0.0783390689201358,-0.166374702857529,0.0621744930197851));
#1544=CARTESIAN_POINT('',(-0.0727901534559958,-0.198318216812452,0.0576926039477415));
#1545=CARTESIAN_POINT('',(-0.0622121679476362,-0.214,0.0493080600950378));
#1546=CARTESIAN_POINT('',(-0.0762630217524116,-0.134,0.0647041638129439));
#1547=CARTESIAN_POINT('',(-0.0762630217524116,-0.166374702857529,0.0647041638129439));
#1548=CARTESIAN_POINT('',(-0.0708465615719367,-0.198318216812452,0.0600505626128728));
#1549=CARTESIAN_POINT('',(-0.0605509173352913,-0.214,0.0513234098978641));
#1550=CARTESIAN_POINT('',(-0.0751939483058083,-0.134,0.065943517040908));
#1551=CARTESIAN_POINT('',(-0.0751939483058083,-0.166374702857529,0.065943517040908));
#1552=CARTESIAN_POINT('',(-0.0698463042108921,-0.198318216812452,0.0612063437098136));
#1553=CARTESIAN_POINT('',(-0.0596959694623697,-0.214,0.0523112612061144));
#1554=CARTESIAN_POINT('',(-0.0729962767651835,-0.134,0.0683682739284957));
#1555=CARTESIAN_POINT('',(-0.0729962767651835,-0.166374702857529,0.0683682739284957));
#1556=CARTESIAN_POINT('',(-0.0677913318922933,-0.198318216812452,0.0634687173750132));
#1557=CARTESIAN_POINT('',(-0.0579395360921732,-0.214,0.0542449301941367));
#1558=CARTESIAN_POINT('',(-0.0718676788838002,-0.134,0.0695536773535093));
#1559=CARTESIAN_POINT('',(-0.0718676788838002,-0.166374702857529,0.0695536773535093));
#1560=CARTESIAN_POINT('',(-0.0667366171041724,-0.198318216812452,0.0645753097563314));
#1561=CARTESIAN_POINT('',(-0.0570380507395074,-0.214,0.0551907477143573));
#1562=CARTESIAN_POINT('',(-0.0695536773535094,-0.134,0.0718676788838001));
#1563=CARTESIAN_POINT('',(-0.0695536773535094,-0.166374702857529,0.0718676788838001));
#1564=CARTESIAN_POINT('',(-0.0645753097563315,-0.198318216812452,0.0667366171041723));
#1565=CARTESIAN_POINT('',(-0.0551907477143573,-0.214,0.0570380507395073));
#1566=CARTESIAN_POINT('',(-0.0683682739284957,-0.134,0.0729962767651835));
#1567=CARTESIAN_POINT('',(-0.0683682739284957,-0.166374702857529,0.0729962767651835));
#1568=CARTESIAN_POINT('',(-0.0634687173750132,-0.198318216812452,0.0677913318922933));
#1569=CARTESIAN_POINT('',(-0.0542449301941367,-0.214,0.0579395360921732));
#1570=CARTESIAN_POINT('',(-0.065943517040908,-0.134,0.0751939483058083));
#1571=CARTESIAN_POINT('',(-0.065943517040908,-0.166374702857529,0.0751939483058083));
#1572=CARTESIAN_POINT('',(-0.0612063437098136,-0.198318216812452,0.0698463042108921));
#1573=CARTESIAN_POINT('',(-0.0523112612061144,-0.214,0.0596959694623697));
#1574=CARTESIAN_POINT('',(-0.064704163812944,-0.134,0.0762630217524116));
#1575=CARTESIAN_POINT('',(-0.064704163812944,-0.166374702857529,0.0762630217524116));
#1576=CARTESIAN_POINT('',(-0.0600505626128729,-0.198318216812452,0.0708465615719367));
#1577=CARTESIAN_POINT('',(-0.0513234098978641,-0.214,0.0605509173352913));
#1578=CARTESIAN_POINT('',(-0.0621744930197852,-0.134,0.0783390689201358));
#1579=CARTESIAN_POINT('',(-0.0621744930197852,-0.166374702857529,0.0783390689201358));
#1580=CARTESIAN_POINT('',(-0.0576926039477416,-0.198318216812452,0.0727901534559957));
#1581=CARTESIAN_POINT('',(-0.0493080600950379,-0.214,0.0622121679476361));
#1582=CARTESIAN_POINT('',(-0.0608841756993514,-0.134,0.0793460424403864));
#1583=CARTESIAN_POINT('',(-0.0608841756993514,-0.166374702857529,0.0793460424403864));
#1584=CARTESIAN_POINT('',(-0.0564904265745802,-0.198318216812452,0.0737334878189537));
#1585=CARTESIAN_POINT('',(-0.0482805617669167,-0.214,0.0630184705504534));
#1586=CARTESIAN_POINT('',(-0.0582556851991352,-0.134,0.0812954638557426));
#1587=CARTESIAN_POINT('',(-0.0582556851991352,-0.166374702857529,0.0812954638557426));
#1588=CARTESIAN_POINT('',(-0.0540425656192604,-0.198318216812452,0.0755608873328379));
#1589=CARTESIAN_POINT('',(-0.0461883881830022,-0.214,0.0645804245652822));
#1590=CARTESIAN_POINT('',(-0.0569175122736752,-0.134,0.0822379115622298));
#1591=CARTESIAN_POINT('',(-0.0569175122736752,-0.166374702857529,0.0822379115622298));
#1592=CARTESIAN_POINT('',(-0.0527968822397498,-0.198318216812452,0.0764449523334703));
#1593=CARTESIAN_POINT('',(-0.0451237131001661,-0.214,0.0653360758490199));
#1594=CARTESIAN_POINT('',(-0.0541965343302452,-0.134,0.0840560108982793));
#1595=CARTESIAN_POINT('',(-0.0541965343302452,-0.166374702857529,0.0840560108982793));
#1596=CARTESIAN_POINT('',(-0.0502649913979015,-0.198318216812452,0.0781515906118357));
#1597=CARTESIAN_POINT('',(-0.0429597346700992,-0.214,0.0667948268839094));
#1598=CARTESIAN_POINT('',(-0.0528137295755465,-0.134,0.0849316623519294));
#1599=CARTESIAN_POINT('',(-0.0528137295755465,-0.166374702857529,0.0849316623519294));
#1600=CARTESIAN_POINT('',(-0.0489787841453422,-0.198318216812452,0.0789741637493993));
#1601=CARTESIAN_POINT('',(-0.0418604315019114,-0.214,0.0674979265154286));
#1602=CARTESIAN_POINT('',(-0.0500068192630979,-0.134,0.086614059648125));
#1603=CARTESIAN_POINT('',(-0.0500068192630979,-0.166374702857529,0.086614059648125));
#1604=CARTESIAN_POINT('',(-0.0463689133591537,-0.198318216812452,0.0805557240122434));
#1605=CARTESIAN_POINT('',(-0.0396298186873865,-0.214,0.068849783339422));
#1606=CARTESIAN_POINT('',(-0.0485827139769339,-0.134,0.0874208053278882));
#1607=CARTESIAN_POINT('',(-0.0485827139769339,-0.166374702857529,0.0874208053278882));
#1608=CARTESIAN_POINT('',(-0.045045250041928,-0.198318216812452,0.0813147110078165));
#1609=CARTESIAN_POINT('',(-0.0384985092257469,-0.214,0.0694985404211928));
#1610=CARTESIAN_POINT('',(-0.0456966333882657,-0.134,0.0889634475417828));
#1611=CARTESIAN_POINT('',(-0.0456966333882657,-0.166374702857529,0.0889634475417828));
#1612=CARTESIAN_POINT('',(-0.0423636142090216,-0.198318216812452,0.0827671369682328));
#1613=CARTESIAN_POINT('',(-0.0362065732757144,-0.214,0.0707400341307056));
#1614=CARTESIAN_POINT('',(-0.0442346583650077,-0.134,0.089699343926654));
#1615=CARTESIAN_POINT('',(-0.0442346583650077,-0.166374702857529,0.089699343926654));
#1616=CARTESIAN_POINT('',(-0.0410056419158481,-0.198318216812452,0.0834605758141434));
#1617=CARTESIAN_POINT('',(-0.0350459469772287,-0.214,0.0713327706569401));
#1618=CARTESIAN_POINT('',(-0.0412763603210489,-0.134,0.0910985146980347));
#1619=CARTESIAN_POINT('',(-0.0412763603210489,-0.166374702857529,0.0910985146980347));
#1620=CARTESIAN_POINT('',(-0.0382586079087937,-0.198318216812452,0.0847800794585261));
#1621=CARTESIAN_POINT('',(-0.0326981288492236,-0.214,0.0724606613160606));
#1622=CARTESIAN_POINT('',(-0.0397800375865816,-0.134,0.0917617889491658));
#1623=CARTESIAN_POINT('',(-0.0397800375865816,-0.166374702857529,0.0917617889491658));
#1624=CARTESIAN_POINT('',(-0.0368695464229877,-0.198318216812452,0.0854061441491267));
#1625=CARTESIAN_POINT('',(-0.0315109372143633,-0.214,0.0729958153568797));
#1626=CARTESIAN_POINT('',(-0.0367566488864364,-0.134,0.0930141175530915));
#1627=CARTESIAN_POINT('',(-0.0367566488864364,-0.166374702857529,0.0930141175530915));
#1628=CARTESIAN_POINT('',(-0.0340636197426952,-0.198318216812452,0.0865892128710806));
#1629=CARTESIAN_POINT('',(-0.029112796183354,-0.214,0.0740070980860658));
#1630=CARTESIAN_POINT('',(-0.0352295832132897,-0.134,0.0936031717847157));
#1631=CARTESIAN_POINT('',(-0.0352295832132897,-0.166374702857529,0.0936031717847157));
#1632=CARTESIAN_POINT('',(-0.0326467547813019,-0.198318216812452,0.0871462168058835));
#1633=CARTESIAN_POINT('',(-0.027901846986147,-0.214,0.0744832266920285));
#1634=CARTESIAN_POINT('',(-0.0321483874651542,-0.134,0.0947056412518885));
#1635=CARTESIAN_POINT('',(-0.0321483874651542,-0.166374702857529,0.0947056412518885));
#1636=CARTESIAN_POINT('',(-0.0297885658764461,-0.198318216812452,0.0881896198766544));
#1637=CARTESIAN_POINT('',(-0.0254590489683476,-0.214,0.0753751371905336));
#1638=CARTESIAN_POINT('',(-0.03059425768829,-0.134,0.0952190563807666));
#1639=CARTESIAN_POINT('',(-0.03059425768829,-0.166374702857529,0.0952190563807666));
#1640=CARTESIAN_POINT('',(-0.0283472421705336,-0.198318216812452,0.0886760189276258));
#1641=CARTESIAN_POINT('',(-0.0242272003505009,-0.214,0.0757909190105325));
#1642=CARTESIAN_POINT('',(-0.0274626777626025,-0.134,0.0961690107656752));
#1643=CARTESIAN_POINT('',(-0.0274626777626025,-0.166374702857529,0.0961690107656752));
#1644=CARTESIAN_POINT('',(-0.025443532455969,-0.198318216812452,0.0895768132874628));
#1645=CARTESIAN_POINT('',(-0.021745505970275,-0.214,0.0765609384992554));
#1646=CARTESIAN_POINT('',(-0.0258852279167788,-0.134,0.0966055499297919));
#1647=CARTESIAN_POINT('',(-0.0258852279167788,-0.166374702857529,0.0966055499297919));
#1648=CARTESIAN_POINT('',(-0.0239811466887513,-0.198318216812452,0.0899912085230901));
#1649=CARTESIAN_POINT('',(-0.0204956604139571,-0.214,0.0769151761054715));
#1650=CARTESIAN_POINT('',(-0.0227108080638741,-0.134,0.0974007007091169));
#1651=CARTESIAN_POINT('',(-0.0227108080638741,-0.166374702857529,0.0974007007091169));
#1652=CARTESIAN_POINT('',(-0.0210387542965991,-0.198318216812452,0.0907467438795878));
#1653=CARTESIAN_POINT('',(-0.0179809128425618,-0.214,0.0775610356783235));
#1654=CARTESIAN_POINT('',(-0.0211138383639377,-0.134,0.0977593122473896));
#1655=CARTESIAN_POINT('',(-0.0211138383639377,-0.166374702857529,0.0977593122473896));
#1656=CARTESIAN_POINT('',(-0.0195587479164017,-0.198318216812452,0.0910878839391547));
#1657=CARTESIAN_POINT('',(-0.0167160110363646,-0.214,0.0778526575926379));
#1658=CARTESIAN_POINT('',(-0.0179042260392879,-0.134,0.0983977438332566));
#1659=CARTESIAN_POINT('',(-0.0179042260392879,-0.166374702857529,0.0983977438332566));
#1660=CARTESIAN_POINT('',(-0.0165845932141372,-0.198318216812452,0.0916958071602937));
#1661=CARTESIAN_POINT('',(-0.0141741236318315,-0.214,0.0783723419659441));
#1662=CARTESIAN_POINT('',(-0.0162915837251243,-0.134,0.0986775638190788));
#1663=CARTESIAN_POINT('',(-0.0162915837251243,-0.166374702857529,0.0986775638190788));
#1664=CARTESIAN_POINT('',(-0.0150904451395205,-0.198318216812452,0.0919625902726448));
#1665=CARTESIAN_POINT('',(-0.0128971382446914,-0.214,0.0786004043829266));
#1666=CARTESIAN_POINT('',(-0.0130545111659483,-0.134,0.0991577381738774));
#1667=CARTESIAN_POINT('',(-0.0130545111659483,-0.166374702857529,0.0991577381738774));
#1668=CARTESIAN_POINT('',(-0.0120915160499479,-0.198318216812452,0.0924208490639464));
#1669=CARTESIAN_POINT('',(-0.0103340820226212,-0.214,0.0789921550338283));
#1670=CARTESIAN_POINT('',(-0.0114300812341426,-0.134,0.099358092496394));
#1671=CARTESIAN_POINT('',(-0.0114300812341426,-0.166374702857529,0.099358092496394));
#1672=CARTESIAN_POINT('',(-0.0105867352845595,-0.198318216812452,0.0926123247058771));
#1673=CARTESIAN_POINT('',(-0.00904801140069376,-0.214,0.0791558432361516));
#1674=CARTESIAN_POINT('',(-0.00817334683176951,-0.134,0.0996788528380453));
#1675=CARTESIAN_POINT('',(-0.00817334683176951,-0.166374702857529,0.0996788528380453));
#1676=CARTESIAN_POINT('',(-0.00757007244303998,-0.198318216812452,0.0929191705628145));
#1677=CARTESIAN_POINT('',(-0.00646980236614958,-0.214,0.0794181609224492));
#1678=CARTESIAN_POINT('',(-0.00654104267631109,-0.134,0.0997992588261445));
#1679=CARTESIAN_POINT('',(-0.00654104267631109,-0.166374702857529,0.0997992588261445));
#1680=CARTESIAN_POINT('',(-0.0060581906179922,-0.198318216812452,0.0930345407530916));
#1681=CARTESIAN_POINT('',(-0.00517766416782906,-0.214,0.0795167903853173));
#1682=CARTESIAN_POINT('',(-0.00327249218917252,-0.134,0.09995983241489));
#1683=CARTESIAN_POINT('',(-0.00327249218917252,-0.166374702857529,0.09995983241489));
#1684=CARTESIAN_POINT('',(-0.00303087240268303,-0.198318216812452,0.0931885311816437));
#1685=CARTESIAN_POINT('',(-0.00259035053884531,-0.214,0.0796484370406843));
#1686=CARTESIAN_POINT('',(-0.0016362461737447,-0.134,0.1));
#1687=CARTESIAN_POINT('',(-0.0016362461737447,-0.166374702857529,0.1));
#1688=CARTESIAN_POINT('',(-0.00151543626441611,-0.198318216812452,0.0932271514075391));
#1689=CARTESIAN_POINT('',(-0.00129517532325598,-0.214,0.0796814542226172));
#1690=CARTESIAN_POINT('',(0.00163624617374467,-0.134,0.1));
#1691=CARTESIAN_POINT('',(0.00163624617374468,-0.166374702857529,0.1));
#1692=CARTESIAN_POINT('',(0.0015154362644161,-0.198318216812452,0.0932271514075391));
#1693=CARTESIAN_POINT('',(0.00129517532325597,-0.214,0.0796814542226172));
#1694=CARTESIAN_POINT('',(0.00327249218917248,-0.134,0.09995983241489));
#1695=CARTESIAN_POINT('',(0.00327249218917248,-0.166374702857529,0.09995983241489));
#1696=CARTESIAN_POINT('',(0.003030872402683,-0.198318216812452,0.0931885311816437));
#1697=CARTESIAN_POINT('',(0.00259035053884529,-0.214,0.0796484370406843));
#1698=CARTESIAN_POINT('',(0.00654104267631106,-0.134,0.0997992588261445));
#1699=CARTESIAN_POINT('',(0.00654104267631106,-0.166374702857529,0.0997992588261445));
#1700=CARTESIAN_POINT('',(0.00605819061799218,-0.198318216812452,0.0930345407530916));
#1701=CARTESIAN_POINT('',(0.00517766416782904,-0.214,0.0795167903853173));
#1702=CARTESIAN_POINT('',(0.00817334683176949,-0.134,0.0996788528380453));
#1703=CARTESIAN_POINT('',(0.00817334683176949,-0.166374702857529,0.0996788528380453));
#1704=CARTESIAN_POINT('',(0.00757007244303997,-0.198318216812452,0.0929191705628145));
#1705=CARTESIAN_POINT('',(0.00646980236614956,-0.214,0.0794181609224492));
#1706=CARTESIAN_POINT('',(0.0114300812341425,-0.134,0.099358092496394));
#1707=CARTESIAN_POINT('',(0.0114300812341425,-0.166374702857529,0.099358092496394));
#1708=CARTESIAN_POINT('',(0.0105867352845595,-0.198318216812452,0.0926123247058771));
#1709=CARTESIAN_POINT('',(0.00904801140069375,-0.214,0.0791558432361516));
#1710=CARTESIAN_POINT('',(0.0130545111659483,-0.134,0.0991577381738774));
#1711=CARTESIAN_POINT('',(0.0130545111659483,-0.166374702857529,0.0991577381738774));
#1712=CARTESIAN_POINT('',(0.0120915160499479,-0.198318216812452,0.0924208490639464));
#1713=CARTESIAN_POINT('',(0.0103340820226212,-0.214,0.0789921550338283));
#1714=CARTESIAN_POINT('',(0.0162915837251243,-0.134,0.0986775638190788));
#1715=CARTESIAN_POINT('',(0.0162915837251243,-0.166374702857529,0.0986775638190788));
#1716=CARTESIAN_POINT('',(0.0150904451395205,-0.198318216812452,0.0919625902726448));
#1717=CARTESIAN_POINT('',(0.0128971382446913,-0.214,0.0786004043829266));
#1718=CARTESIAN_POINT('',(0.0179042260392878,-0.134,0.0983977438332566));
#1719=CARTESIAN_POINT('',(0.0179042260392878,-0.166374702857529,0.0983977438332566));
#1720=CARTESIAN_POINT('',(0.0165845932141371,-0.198318216812452,0.0916958071602937));
#1721=CARTESIAN_POINT('',(0.0141741236318315,-0.214,0.0783723419659441));
#1722=CARTESIAN_POINT('',(0.0211138383639377,-0.134,0.0977593122473896));
#1723=CARTESIAN_POINT('',(0.0211138383639377,-0.166374702857529,0.0977593122473896));
#1724=CARTESIAN_POINT('',(0.0195587479164017,-0.198318216812452,0.0910878839391547));
#1725=CARTESIAN_POINT('',(0.0167160110363646,-0.214,0.0778526575926378));
#1726=CARTESIAN_POINT('',(0.022710808063874,-0.134,0.0974007007091169));
#1727=CARTESIAN_POINT('',(0.022710808063874,-0.166374702857529,0.0974007007091169));
#1728=CARTESIAN_POINT('',(0.021038754296599,-0.198318216812452,0.0907467438795878));
#1729=CARTESIAN_POINT('',(0.0179809128425618,-0.214,0.0775610356783235));
#1730=CARTESIAN_POINT('',(0.0258852279167787,-0.134,0.0966055499297919));
#1731=CARTESIAN_POINT('',(0.0258852279167787,-0.166374702857529,0.0966055499297919));
#1732=CARTESIAN_POINT('',(0.0239811466887513,-0.198318216812452,0.0899912085230901));
#1733=CARTESIAN_POINT('',(0.020495660413957,-0.214,0.0769151761054715));
#1734=CARTESIAN_POINT('',(0.0274626777626025,-0.134,0.0961690107656752));
#1735=CARTESIAN_POINT('',(0.0274626777626025,-0.166374702857529,0.0961690107656752));
#1736=CARTESIAN_POINT('',(0.025443532455969,-0.198318216812452,0.0895768132874628));
#1737=CARTESIAN_POINT('',(0.021745505970275,-0.214,0.0765609384992554));
#1738=CARTESIAN_POINT('',(0.03059425768829,-0.134,0.0952190563807666));
#1739=CARTESIAN_POINT('',(0.03059425768829,-0.166374702857529,0.0952190563807666));
#1740=CARTESIAN_POINT('',(0.0283472421705336,-0.198318216812452,0.0886760189276258));
#1741=CARTESIAN_POINT('',(0.0242272003505009,-0.214,0.0757909190105325));
#1742=CARTESIAN_POINT('',(0.0321483874651542,-0.134,0.0947056412518885));
#1743=CARTESIAN_POINT('',(0.0321483874651542,-0.166374702857529,0.0947056412518885));
#1744=CARTESIAN_POINT('',(0.0297885658764461,-0.198318216812452,0.0881896198766544));
#1745=CARTESIAN_POINT('',(0.0254590489683476,-0.214,0.0753751371905336));
#1746=CARTESIAN_POINT('',(0.0352295832132897,-0.134,0.0936031717847157));
#1747=CARTESIAN_POINT('',(0.0352295832132897,-0.166374702857529,0.0936031717847157));
#1748=CARTESIAN_POINT('',(0.0326467547813019,-0.198318216812452,0.0871462168058835));
#1749=CARTESIAN_POINT('',(0.027901846986147,-0.214,0.0744832266920285));
#1750=CARTESIAN_POINT('',(0.0367566488864364,-0.134,0.0930141175530915));
#1751=CARTESIAN_POINT('',(0.0367566488864364,-0.166374702857529,0.0930141175530915));
#1752=CARTESIAN_POINT('',(0.0340636197426952,-0.198318216812452,0.0865892128710806));
#1753=CARTESIAN_POINT('',(0.029112796183354,-0.214,0.0740070980860658));
#1754=CARTESIAN_POINT('',(0.0397800375865816,-0.134,0.0917617889491658));
#1755=CARTESIAN_POINT('',(0.0397800375865816,-0.166374702857529,0.0917617889491658));
#1756=CARTESIAN_POINT('',(0.0368695464229877,-0.198318216812452,0.0854061441491267));
#1757=CARTESIAN_POINT('',(0.0315109372143633,-0.214,0.0729958153568797));
#1758=CARTESIAN_POINT('',(0.0412763603210488,-0.134,0.0910985146980347));
#1759=CARTESIAN_POINT('',(0.0412763603210488,-0.166374702857529,0.0910985146980347));
#1760=CARTESIAN_POINT('',(0.0382586079087936,-0.198318216812452,0.0847800794585261));
#1761=CARTESIAN_POINT('',(0.0326981288492236,-0.214,0.0724606613160606));
#1762=CARTESIAN_POINT('',(0.0442346583650075,-0.134,0.089699343926654));
#1763=CARTESIAN_POINT('',(0.0442346583650075,-0.166374702857529,0.089699343926654));
#1764=CARTESIAN_POINT('',(0.041005641915848,-0.198318216812452,0.0834605758141434));
#1765=CARTESIAN_POINT('',(0.0350459469772286,-0.214,0.0713327706569402));
#1766=CARTESIAN_POINT('',(0.0456966333882657,-0.134,0.0889634475417828));
#1767=CARTESIAN_POINT('',(0.0456966333882657,-0.166374702857529,0.0889634475417828));
#1768=CARTESIAN_POINT('',(0.0423636142090216,-0.198318216812452,0.0827671369682328));
#1769=CARTESIAN_POINT('',(0.0362065732757144,-0.214,0.0707400341307056));
#1770=CARTESIAN_POINT('',(0.0485827139769338,-0.134,0.0874208053278882));
#1771=CARTESIAN_POINT('',(0.0485827139769338,-0.166374702857529,0.0874208053278882));
#1772=CARTESIAN_POINT('',(0.045045250041928,-0.198318216812452,0.0813147110078165));
#1773=CARTESIAN_POINT('',(0.0384985092257469,-0.214,0.0694985404211928));
#1774=CARTESIAN_POINT('',(0.0500068192630979,-0.134,0.086614059648125));
#1775=CARTESIAN_POINT('',(0.0500068192630979,-0.166374702857529,0.086614059648125));
#1776=CARTESIAN_POINT('',(0.0463689133591537,-0.198318216812452,0.0805557240122434));
#1777=CARTESIAN_POINT('',(0.0396298186873865,-0.214,0.068849783339422));
#1778=CARTESIAN_POINT('',(0.0528137295755465,-0.134,0.0849316623519294));
#1779=CARTESIAN_POINT('',(0.0528137295755465,-0.166374702857529,0.0849316623519294));
#1780=CARTESIAN_POINT('',(0.0489787841453422,-0.198318216812452,0.0789741637493993));
#1781=CARTESIAN_POINT('',(0.0418604315019114,-0.214,0.0674979265154286));
#1782=CARTESIAN_POINT('',(0.0541965343302452,-0.134,0.0840560108982793));
#1783=CARTESIAN_POINT('',(0.0541965343302452,-0.166374702857529,0.0840560108982793));
#1784=CARTESIAN_POINT('',(0.0502649913979015,-0.198318216812452,0.0781515906118357));
#1785=CARTESIAN_POINT('',(0.0429597346700991,-0.214,0.0667948268839094));
#1786=CARTESIAN_POINT('',(0.0569175122736752,-0.134,0.0822379115622298));
#1787=CARTESIAN_POINT('',(0.0569175122736752,-0.166374702857529,0.0822379115622298));
#1788=CARTESIAN_POINT('',(0.0527968822397498,-0.198318216812452,0.0764449523334703));
#1789=CARTESIAN_POINT('',(0.0451237131001661,-0.214,0.0653360758490199));
#1790=CARTESIAN_POINT('',(0.0582556851991351,-0.134,0.0812954638557427));
#1791=CARTESIAN_POINT('',(0.0582556851991351,-0.166374702857529,0.0812954638557427));
#1792=CARTESIAN_POINT('',(0.0540425656192604,-0.198318216812452,0.0755608873328379));
#1793=CARTESIAN_POINT('',(0.0461883881830021,-0.214,0.0645804245652822));
#1794=CARTESIAN_POINT('',(0.0608841756993514,-0.134,0.0793460424403865));
#1795=CARTESIAN_POINT('',(0.0608841756993514,-0.166374702857529,0.0793460424403865));
#1796=CARTESIAN_POINT('',(0.0564904265745802,-0.198318216812452,0.0737334878189537));
#1797=CARTESIAN_POINT('',(0.0482805617669167,-0.214,0.0630184705504535));
#1798=CARTESIAN_POINT('',(0.0621744930197851,-0.134,0.0783390689201358));
#1799=CARTESIAN_POINT('',(0.0621744930197851,-0.166374702857529,0.0783390689201358));
#1800=CARTESIAN_POINT('',(0.0576926039477416,-0.198318216812452,0.0727901534559957));
#1801=CARTESIAN_POINT('',(0.0493080600950378,-0.214,0.0622121679476361));
#1802=CARTESIAN_POINT('',(0.064704163812944,-0.134,0.0762630217524116));
#1803=CARTESIAN_POINT('',(0.064704163812944,-0.166374702857529,0.0762630217524116));
#1804=CARTESIAN_POINT('',(0.0600505626128729,-0.198318216812452,0.0708465615719367));
#1805=CARTESIAN_POINT('',(0.0513234098978641,-0.214,0.0605509173352913));
#1806=CARTESIAN_POINT('',(0.0659435170409079,-0.134,0.0751939483058084));
#1807=CARTESIAN_POINT('',(0.0659435170409079,-0.166374702857529,0.0751939483058084));
#1808=CARTESIAN_POINT('',(0.0612063437098135,-0.198318216812452,0.0698463042108921));
#1809=CARTESIAN_POINT('',(0.0523112612061144,-0.214,0.0596959694623697));
#1810=CARTESIAN_POINT('',(0.0683682739284957,-0.134,0.0729962767651836));
#1811=CARTESIAN_POINT('',(0.0683682739284957,-0.166374702857529,0.0729962767651836));
#1812=CARTESIAN_POINT('',(0.0634687173750132,-0.198318216812452,0.0677913318922933));
#1813=CARTESIAN_POINT('',(0.0542449301941367,-0.214,0.0579395360921733));
#1814=CARTESIAN_POINT('',(0.0695536773535093,-0.134,0.0718676788838002));
#1815=CARTESIAN_POINT('',(0.0695536773535093,-0.166374702857529,0.0718676788838002));
#1816=CARTESIAN_POINT('',(0.0645753097563314,-0.198318216812452,0.0667366171041723));
#1817=CARTESIAN_POINT('',(0.0551907477143573,-0.214,0.0570380507395073));
#1818=CARTESIAN_POINT('',(0.0718676788838002,-0.134,0.0695536773535094));
#1819=CARTESIAN_POINT('',(0.0718676788838002,-0.166374702857529,0.0695536773535094));
#1820=CARTESIAN_POINT('',(0.0667366171041723,-0.198318216812452,0.0645753097563314));
#1821=CARTESIAN_POINT('',(0.0570380507395073,-0.214,0.0551907477143573));
#1822=CARTESIAN_POINT('',(0.0729962767651835,-0.134,0.0683682739284957));
#1823=CARTESIAN_POINT('',(0.0729962767651835,-0.166374702857529,0.0683682739284957));
#1824=CARTESIAN_POINT('',(0.0677913318922933,-0.198318216812452,0.0634687173750132));
#1825=CARTESIAN_POINT('',(0.0579395360921732,-0.214,0.0542449301941367));
#1826=CARTESIAN_POINT('',(0.0751939483058083,-0.134,0.065943517040908));
#1827=CARTESIAN_POINT('',(0.0751939483058083,-0.166374702857529,0.065943517040908));
#1828=CARTESIAN_POINT('',(0.0698463042108921,-0.198318216812452,0.0612063437098136));
#1829=CARTESIAN_POINT('',(0.0596959694623697,-0.214,0.0523112612061144));
#1830=CARTESIAN_POINT('',(0.0762630217524116,-0.134,0.064704163812944));
#1831=CARTESIAN_POINT('',(0.0762630217524116,-0.166374702857529,0.064704163812944));
#1832=CARTESIAN_POINT('',(0.0708465615719367,-0.198318216812452,0.0600505626128729));
#1833=CARTESIAN_POINT('',(0.0605509173352913,-0.214,0.0513234098978641));
#1834=CARTESIAN_POINT('',(0.0783390689201358,-0.134,0.0621744930197852));
#1835=CARTESIAN_POINT('',(0.0783390689201358,-0.166374702857529,0.0621744930197852));
#1836=CARTESIAN_POINT('',(0.0727901534559957,-0.198318216812452,0.0576926039477416));
#1837=CARTESIAN_POINT('',(0.0622121679476361,-0.214,0.0493080600950379));
#1838=CARTESIAN_POINT('',(0.0793460424403864,-0.134,0.0608841756993515));
#1839=CARTESIAN_POINT('',(0.0793460424403864,-0.166374702857529,0.0608841756993515));
#1840=CARTESIAN_POINT('',(0.0737334878189537,-0.198318216812452,0.0564904265745803));
#1841=CARTESIAN_POINT('',(0.0630184705504534,-0.214,0.0482805617669167));
#1842=CARTESIAN_POINT('',(0.0812954638557426,-0.134,0.0582556851991352));
#1843=CARTESIAN_POINT('',(0.0812954638557426,-0.166374702857529,0.0582556851991352));
#1844=CARTESIAN_POINT('',(0.0755608873328379,-0.198318216812452,0.0540425656192605));
#1845=CARTESIAN_POINT('',(0.0645804245652822,-0.214,0.0461883881830022));
#1846=CARTESIAN_POINT('',(0.0822379115622298,-0.134,0.0569175122736752));
#1847=CARTESIAN_POINT('',(0.0822379115622298,-0.166374702857529,0.0569175122736752));
#1848=CARTESIAN_POINT('',(0.0764449523334703,-0.198318216812452,0.0527968822397498));
#1849=CARTESIAN_POINT('',(0.0653360758490199,-0.214,0.0451237131001661));
#1850=CARTESIAN_POINT('',(0.0840560108982793,-0.134,0.0541965343302451));
#1851=CARTESIAN_POINT('',(0.0840560108982793,-0.166374702857529,0.0541965343302451));
#1852=CARTESIAN_POINT('',(0.0781515906118357,-0.198318216812452,0.0502649913979014));
#1853=CARTESIAN_POINT('',(0.0667948268839095,-0.214,0.0429597346700991));
#1854=CARTESIAN_POINT('',(0.0849316623519295,-0.134,0.0528137295755464));
#1855=CARTESIAN_POINT('',(0.0849316623519295,-0.166374702857529,0.0528137295755464));
#1856=CARTESIAN_POINT('',(0.0789741637493994,-0.198318216812452,0.0489787841453421));
#1857=CARTESIAN_POINT('',(0.0674979265154286,-0.214,0.0418604315019114));
#1858=CARTESIAN_POINT('',(0.0866140596481251,-0.134,0.0500068192630978));
#1859=CARTESIAN_POINT('',(0.0866140596481251,-0.166374702857529,0.0500068192630978));
#1860=CARTESIAN_POINT('',(0.0805557240122435,-0.198318216812452,0.0463689133591536));
#1861=CARTESIAN_POINT('',(0.068849783339422,-0.214,0.0396298186873865));
#1862=CARTESIAN_POINT('',(0.0874208053278882,-0.134,0.0485827139769339));
#1863=CARTESIAN_POINT('',(0.0874208053278882,-0.166374702857529,0.0485827139769339));
#1864=CARTESIAN_POINT('',(0.0813147110078165,-0.198318216812452,0.045045250041928));
#1865=CARTESIAN_POINT('',(0.0694985404211928,-0.214,0.0384985092257469));
#1866=CARTESIAN_POINT('',(0.0889634475417828,-0.134,0.0456966333882657));
#1867=CARTESIAN_POINT('',(0.0889634475417828,-0.166374702857529,0.0456966333882657));
#1868=CARTESIAN_POINT('',(0.0827671369682328,-0.198318216812452,0.0423636142090216));
#1869=CARTESIAN_POINT('',(0.0707400341307056,-0.214,0.0362065732757145));
#1870=CARTESIAN_POINT('',(0.0896993439266539,-0.134,0.0442346583650077));
#1871=CARTESIAN_POINT('',(0.0896993439266539,-0.166374702857529,0.0442346583650077));
#1872=CARTESIAN_POINT('',(0.0834605758141434,-0.198318216812452,0.0410056419158482));
#1873=CARTESIAN_POINT('',(0.0713327706569401,-0.214,0.0350459469772288));
#1874=CARTESIAN_POINT('',(0.0910985146980346,-0.134,0.0412763603210489));
#1875=CARTESIAN_POINT('',(0.0910985146980346,-0.166374702857529,0.0412763603210489));
#1876=CARTESIAN_POINT('',(0.084780079458526,-0.198318216812452,0.0382586079087938));
#1877=CARTESIAN_POINT('',(0.0724606613160606,-0.214,0.0326981288492237));
#1878=CARTESIAN_POINT('',(0.0917617889491658,-0.134,0.0397800375865816));
#1879=CARTESIAN_POINT('',(0.0917617889491658,-0.166374702857529,0.0397800375865816));
#1880=CARTESIAN_POINT('',(0.0854061441491267,-0.198318216812452,0.0368695464229877));
#1881=CARTESIAN_POINT('',(0.0729958153568797,-0.214,0.0315109372143633));
#1882=CARTESIAN_POINT('',(0.0930141175530915,-0.134,0.0367566488864364));
#1883=CARTESIAN_POINT('',(0.0930141175530915,-0.166374702857529,0.0367566488864364));
#1884=CARTESIAN_POINT('',(0.0865892128710806,-0.198318216812452,0.0340636197426952));
#1885=CARTESIAN_POINT('',(0.0740070980860658,-0.214,0.029112796183354));
#1886=CARTESIAN_POINT('',(0.0936031717847157,-0.134,0.0352295832132897));
#1887=CARTESIAN_POINT('',(0.0936031717847157,-0.166374702857529,0.0352295832132897));
#1888=CARTESIAN_POINT('',(0.0871462168058836,-0.198318216812452,0.0326467547813019));
#1889=CARTESIAN_POINT('',(0.0744832266920285,-0.214,0.027901846986147));
#1890=CARTESIAN_POINT('',(0.0947056412518885,-0.134,0.0321483874651542));
#1891=CARTESIAN_POINT('',(0.0947056412518885,-0.166374702857529,0.0321483874651542));
#1892=CARTESIAN_POINT('',(0.0881896198766545,-0.198318216812452,0.0297885658764461));
#1893=CARTESIAN_POINT('',(0.0753751371905337,-0.214,0.0254590489683476));
#1894=CARTESIAN_POINT('',(0.0952190563807666,-0.134,0.03059425768829));
#1895=CARTESIAN_POINT('',(0.0952190563807666,-0.166374702857529,0.03059425768829));
#1896=CARTESIAN_POINT('',(0.0886760189276258,-0.198318216812452,0.0283472421705337));
#1897=CARTESIAN_POINT('',(0.0757909190105325,-0.214,0.0242272003505009));
#1898=CARTESIAN_POINT('',(0.0961690107656752,-0.134,0.0274626777626025));
#1899=CARTESIAN_POINT('',(0.0961690107656752,-0.166374702857529,0.0274626777626025));
#1900=CARTESIAN_POINT('',(0.0895768132874628,-0.198318216812452,0.025443532455969));
#1901=CARTESIAN_POINT('',(0.0765609384992554,-0.214,0.0217455059702751));
#1902=CARTESIAN_POINT('',(0.0966055499297919,-0.134,0.0258852279167787));
#1903=CARTESIAN_POINT('',(0.0966055499297919,-0.166374702857529,0.0258852279167787));
#1904=CARTESIAN_POINT('',(0.0899912085230901,-0.198318216812452,0.0239811466887513));
#1905=CARTESIAN_POINT('',(0.0769151761054715,-0.214,0.020495660413957));
#1906=CARTESIAN_POINT('',(0.0974007007091169,-0.134,0.0227108080638741));
#1907=CARTESIAN_POINT('',(0.0974007007091169,-0.166374702857529,0.0227108080638741));
#1908=CARTESIAN_POINT('',(0.0907467438795878,-0.198318216812452,0.021038754296599));
#1909=CARTESIAN_POINT('',(0.0775610356783235,-0.214,0.0179809128425618));
#1910=CARTESIAN_POINT('',(0.0977593122473895,-0.134,0.0211138383639378));
#1911=CARTESIAN_POINT('',(0.0977593122473895,-0.166374702857529,0.0211138383639378));
#1912=CARTESIAN_POINT('',(0.0910878839391547,-0.198318216812452,0.0195587479164018));
#1913=CARTESIAN_POINT('',(0.0778526575926379,-0.214,0.0167160110363647));
#1914=CARTESIAN_POINT('',(0.0983977438332566,-0.134,0.017904226039288));
#1915=CARTESIAN_POINT('',(0.0983977438332566,-0.166374702857529,0.017904226039288));
#1916=CARTESIAN_POINT('',(0.0916958071602937,-0.198318216812452,0.0165845932141373));
#1917=CARTESIAN_POINT('',(0.0783723419659441,-0.214,0.0141741236318316));
#1918=CARTESIAN_POINT('',(0.0986775638190788,-0.134,0.0162915837251243));
#1919=CARTESIAN_POINT('',(0.0986775638190788,-0.166374702857529,0.0162915837251243));
#1920=CARTESIAN_POINT('',(0.0919625902726448,-0.198318216812452,0.0150904451395205));
#1921=CARTESIAN_POINT('',(0.0786004043829267,-0.214,0.0128971382446913));
#1922=CARTESIAN_POINT('',(0.0991577381738774,-0.134,0.0130545111659482));
#1923=CARTESIAN_POINT('',(0.0991577381738774,-0.166374702857529,0.0130545111659482));
#1924=CARTESIAN_POINT('',(0.0924208490639465,-0.198318216812452,0.0120915160499479));
#1925=CARTESIAN_POINT('',(0.0789921550338284,-0.214,0.0103340820226211));
#1926=CARTESIAN_POINT('',(0.0993580924963941,-0.134,0.0114300812341426));
#1927=CARTESIAN_POINT('',(0.0993580924963941,-0.166374702857529,0.0114300812341426));
#1928=CARTESIAN_POINT('',(0.0926123247058772,-0.198318216812452,0.0105867352845595));
#1929=CARTESIAN_POINT('',(0.0791558432361516,-0.214,0.00904801140069378));
#1930=CARTESIAN_POINT('',(0.0995387596000017,-0.134,0.00959573734777836));
#1931=CARTESIAN_POINT('',(0.0995387596000017,-0.166374702857529,0.00959573734777836));
#1932=CARTESIAN_POINT('',(0.0927851545262393,-0.198318216812452,0.00888761083752714));
#1933=CARTESIAN_POINT('',(0.0793035927252701,-0.214,0.00759584447641556));
#1934=CARTESIAN_POINT('',(0.099558406928991,-0.134,0.00938969766967093));
#1935=CARTESIAN_POINT('',(0.099558406928991,-0.166374702857529,0.00938969766967093));
#1936=CARTESIAN_POINT('',(0.0928039525582634,-0.198318216812452,0.00869676100328764));
#1937=CARTESIAN_POINT('',(0.0793196628874279,-0.214,0.00743273352923246));
#1938=CARTESIAN_POINT('',(0.0995774143606943,-0.134,0.00918359897742452));
#1939=CARTESIAN_POINT('',(0.0995774143606943,-0.166374702857529,0.00918359897742452));
#1940=CARTESIAN_POINT('',(0.0928221410782289,-0.198318216812452,0.00850585794976921));
#1941=CARTESIAN_POINT('',(0.0793352120056391,-0.214,0.00726957710826939));
#1942=CARTESIAN_POINT('',(0.0354415203851934,-0.1585,0.0920531950958838));
#1943=CARTESIAN_POINT('',(0.0350350358005809,-0.165571668244149,0.0913491431428414));
#1944=CARTESIAN_POINT('',(0.0344456649099198,-0.172579424068557,0.0903283228157144));
#1945=CARTESIAN_POINT('',(0.0336068275047557,-0.1795,0.0888754138106809));
#1946=CARTESIAN_POINT('',(0.0354415203851934,-0.1585,0.0920531950958838));
#1947=CARTESIAN_POINT('',(0.0336068275047557,-0.1795,0.0888754138106809));
#1948=CARTESIAN_POINT('',(0.0354415203851934,-0.1585,0.0920531950958838));
#1949=CARTESIAN_POINT('',(0.035472117720047,-0.157967693955857,0.0921061912344265));
#1950=CARTESIAN_POINT('',(0.0359414881794496,-0.1569347961366,0.0920465985396582));
#1951=CARTESIAN_POINT('',(0.0369401682083561,-0.156500000000001,0.091696038928899));
#1952=CARTESIAN_POINT('',(0.0374289423005874,-0.1565,0.0914955108294298));
#1953=CARTESIAN_POINT('',(0.0374289423005873,-0.1565,0.0914955108294298));
#1954=CARTESIAN_POINT('',(0.0559091280495155,-0.1565,0.081504131479876));
#1955=CARTESIAN_POINT('',(0.0501042099612404,-0.1565,0.0854914699261605));
#1956=CARTESIAN_POINT('',(0.0439444154423182,-0.1565,0.088822424291045));
#1957=CARTESIAN_POINT('',(0.0374289423005874,-0.1565,0.0914955108294298));
#1958=CARTESIAN_POINT('',(0.0559091280495155,-0.1565,0.081504131479876));
#1959=CARTESIAN_POINT('',(0.0559091280495155,-0.1565,0.081504131479876));
#1960=CARTESIAN_POINT('',(0.0563485414074287,-0.1565,0.0812023029701236));
#1961=CARTESIAN_POINT('',(0.0571764254749686,-0.156936487967999,0.0805663244625816));
#1962=CARTESIAN_POINT('',(0.0574719468982,-0.157977613278567,0.0802110131288238));
#1963=CARTESIAN_POINT('',(0.0574416428709146,-0.1585,0.0801585250138915));
#1964=CARTESIAN_POINT('',(0.0574416428709146,-0.1585,0.0801585250138915));
#1965=CARTESIAN_POINT('',(0.0574416428709146,-0.1585,0.0801585250138915));
#1966=CARTESIAN_POINT('',(0.0570313815992842,-0.165572163663243,0.0794479316470499));
#1967=CARTESIAN_POINT('',(0.0564374239431807,-0.17257972354757,0.0784191668091342));
#1968=CARTESIAN_POINT('',(0.0555952818753802,-0.1795,0.0769605339605126));
#1969=CARTESIAN_POINT('',(0.0555952818753802,-0.1795,0.0769605339605126));
#1970=CARTESIAN_POINT('',(0.0555952818753802,-0.1795,0.0769605339605126));
#1971=CARTESIAN_POINT('',(0.0555321776117039,-0.180018557339271,0.076851234169651));
#1972=CARTESIAN_POINT('',(0.0550640213337925,-0.181051904208725,0.076874764180674));
#1973=CARTESIAN_POINT('',(0.0541398199592118,-0.1815,0.0773885315437546));
#1974=CARTESIAN_POINT('',(0.0537067176346536,-0.1815,0.0776894447422163));
#1975=CARTESIAN_POINT('',(0.0537067176346536,-0.1815,0.0776894447422163));
#1976=CARTESIAN_POINT('',(0.0537067176346536,-0.1815,0.0776894447422163));
#1977=CARTESIAN_POINT('',(0.0479207128522802,-0.1815,0.081709476745404));
#1978=CARTESIAN_POINT('',(0.0417656964203104,-0.1815,0.0850488022647642));
#1979=CARTESIAN_POINT('',(0.0352382933658243,-0.1815,0.0877011955728659));
#1980=CARTESIAN_POINT('',(0.0352382933658243,-0.1815,0.0877011955728659));
#1981=CARTESIAN_POINT('',(0.0352382933658243,-0.1815,0.0877011955728659));
#1982=CARTESIAN_POINT('',(0.0347444030691105,-0.1815,0.0879018866144647));
#1983=CARTESIAN_POINT('',(0.0338139729168145,-0.181057551515299,0.0883909092041857));
#1984=CARTESIAN_POINT('',(0.0335445634487345,-0.180013690883169,0.0887675693021671));
#1985=CARTESIAN_POINT('',(0.0336068275047556,-0.1795,0.088875413810681));
#1986=CARTESIAN_POINT('',(0.0994010733616205,-0.134,0.0109282414950078));
#1987=CARTESIAN_POINT('',(0.0994010733616205,-0.141015868375469,0.0109282414950078));
#1988=CARTESIAN_POINT('',(0.0989295114227836,-0.151502653773549,0.0109282414960279));
#1989=CARTESIAN_POINT('',(0.0972540598667532,-0.165439932972411,0.0109282414958048));
#1990=CARTESIAN_POINT('',(0.0954144733671542,-0.175782398044739,0.0109282414958498));
#1991=CARTESIAN_POINT('',(0.0929029570947408,-0.185974324757956,0.0109282414958376));
#1992=CARTESIAN_POINT('',(0.0895407731760803,-0.195976766848229,0.0109282414958409));
#1993=CARTESIAN_POINT('',(0.0851662155749256,-0.205442829676839,0.0109282414958401));
#1994=CARTESIAN_POINT('',(0.081222834005283,-0.211335149891263,0.0109282414958402));
#1995=CARTESIAN_POINT('',(0.0788981907217025,-0.214,0.0109282414958402));
#1996=CARTESIAN_POINT('',(0.0994010733617098,-0.134,0.0109282414941949));
#1997=CARTESIAN_POINT('',(0.0788981907217025,-0.214,0.0109282414958402));
#1998=CARTESIAN_POINT('',(6.93889390390723E-18,-0.134,0.));
#1999=CARTESIAN_POINT('',(-0.0994010733617098,-0.134,0.0109282414941948));
#2000=CARTESIAN_POINT('',(-0.0788981907217026,-0.214,0.0109282414958402));
#2001=CARTESIAN_POINT('',(-0.081237436871831,-0.211318409924842,0.0109282414958402));
#2002=CARTESIAN_POINT('',(-0.0851277289550058,-0.205509067753218,0.0109282414958403));
#2003=CARTESIAN_POINT('',(-0.0895659904862208,-0.195925831417154,0.0109282414958403));
#2004=CARTESIAN_POINT('',(-0.0929152615859615,-0.185924029038652,0.0109282414958402));
#2005=CARTESIAN_POINT('',(-0.0954146738121662,-0.175777582863002,0.0109282414958403));
#2006=CARTESIAN_POINT('',(-0.0972484365120906,-0.165474184358646,0.0109282414958402));
#2007=CARTESIAN_POINT('',(-0.0989267016647712,-0.151545894372845,0.0109282414958403));
#2008=CARTESIAN_POINT('',(-0.099401073361348,-0.141022272842644,0.0109282414958402));
#2009=CARTESIAN_POINT('',(-0.099401073361348,-0.134,0.0109282414958402));
#2010=CARTESIAN_POINT('',(-0.0788981907217026,-0.214,0.0109282414958402));
#2011=CARTESIAN_POINT('',(0.0788981907217025,-0.214,0.0109282414958402));
#2012=CARTESIAN_POINT('',(0.0782163585105329,-0.214,0.0156735817967773));
#2013=CARTESIAN_POINT('',(0.0765537622197774,-0.214,0.0225892344068442));
#2014=CARTESIAN_POINT('',(0.0731448153087015,-0.214,0.0314104647629844));
#2015=CARTESIAN_POINT('',(0.0699617484006914,-0.214,0.0378630852873924));
#2016=CARTESIAN_POINT('',(0.0662512988951485,-0.214,0.0439505494327992));
#2017=CARTESIAN_POINT('',(0.0620470000349737,-0.214,0.049661213929189));
#2018=CARTESIAN_POINT('',(0.05735166465285,-0.214,0.0550015125687486));
#2019=CARTESIAN_POINT('',(0.0521396436348554,-0.214,0.0599716881634995));
#2020=CARTESIAN_POINT('',(0.0465889837002499,-0.214,0.0644033395673282));
#2021=CARTESIAN_POINT('',(0.0406891024480918,-0.214,0.0683285820984681));
#2022=CARTESIAN_POINT('',(0.0344383342669226,-0.214,0.071741053424358));
#2023=CARTESIAN_POINT('',(0.0256374273984258,-0.214,0.0755664402854722));
#2024=CARTESIAN_POINT('',(0.0165702569392152,-0.214,0.0781299081877713));
#2025=CARTESIAN_POINT('',(0.0071438550127377,-0.214,0.0794597602346288));
#2026=CARTESIAN_POINT('',(-0.00243097027428165,-0.214,0.0799021285427336));
#2027=CARTESIAN_POINT('',(-0.0118041860070409,-0.214,0.0790234769664654));
#2028=CARTESIAN_POINT('',(-0.021124557428508,-0.214,0.0768422946017));
#2029=CARTESIAN_POINT('',(-0.0279087051374333,-0.214,0.0745825369656286));
#2030=CARTESIAN_POINT('',(-0.03441136121772,-0.214,0.0717507490345938));
#2031=CARTESIAN_POINT('',(-0.0406535780837948,-0.214,0.0683527415647093));
#2032=CARTESIAN_POINT('',(-0.0466490985119502,-0.214,0.0643627727392237));
#2033=CARTESIAN_POINT('',(-0.0521984758957641,-0.214,0.0599171211161197));
#2034=CARTESIAN_POINT('',(-0.0573278494764861,-0.214,0.0550229899625792));
#2035=CARTESIAN_POINT('',(-0.0620357442724719,-0.214,0.0496795091913539));
#2036=CARTESIAN_POINT('',(-0.066299986918131,-0.214,0.043880906962964));
#2037=CARTESIAN_POINT('',(-0.069982425896921,-0.214,0.037818732189911));
#2038=CARTESIAN_POINT('',(-0.0731185557227016,-0.214,0.0314662309291056));
#2039=CARTESIAN_POINT('',(-0.0756985812296574,-0.214,0.0248145853997986));
#2040=CARTESIAN_POINT('',(-0.0776802973284489,-0.214,0.0179020126338644));
#2041=CARTESIAN_POINT('',(-0.07856248639194,-0.214,0.0132646393062168));
#2042=CARTESIAN_POINT('',(-0.0788981907217025,-0.214,0.0109282414958401));
#2043=CARTESIAN_POINT('',(-0.0374289423005909,-0.1565,0.0914955108294284));
#2044=CARTESIAN_POINT('',(-0.0369344250408079,-0.1565,0.0916983951635926));
#2045=CARTESIAN_POINT('',(-0.0359440756869205,-0.156934838813306,0.0920455292924872));
#2046=CARTESIAN_POINT('',(-0.0354720881536445,-0.15796820832663,0.0921061400239152));
#2047=CARTESIAN_POINT('',(-0.0354415203851933,-0.1585,0.0920531950958839));
#2048=CARTESIAN_POINT('',(-0.0354415203851934,-0.1585,0.0920531950958838));
#2049=CARTESIAN_POINT('',(-0.0374289423005909,-0.1565,0.0914955108294283));
#2050=CARTESIAN_POINT('',(-0.0354415203851934,-0.1585,0.0920531950958838));
#2051=CARTESIAN_POINT('',(-0.0350350358005808,-0.165571668244149,0.0913491431428414));
#2052=CARTESIAN_POINT('',(-0.0344456649099198,-0.172579424068557,0.0903283228157144));
#2053=CARTESIAN_POINT('',(-0.0336068275047557,-0.1795,0.088875413810681));
#2054=CARTESIAN_POINT('',(-0.0336068275047557,-0.1795,0.0888754138106809));
#2055=CARTESIAN_POINT('',(-0.0336068275047557,-0.1795,0.0888754138106809));
#2056=CARTESIAN_POINT('',(-0.0335444171664814,-0.180014897740939,0.0887673159338724));
#2057=CARTESIAN_POINT('',(-0.0338131326657283,-0.181055913838763,0.0883916699465424));
#2058=CARTESIAN_POINT('',(-0.0347445608691207,-0.181500000000001,0.0879018224928395));
#2059=CARTESIAN_POINT('',(-0.0352382933658264,-0.1815,0.087701195572865));
#2060=CARTESIAN_POINT('',(-0.0352382933658264,-0.1815,0.087701195572865));
#2061=CARTESIAN_POINT('',(-0.0537067176346536,-0.1815,0.0776894447422163));
#2062=CARTESIAN_POINT('',(-0.047920712852281,-0.1815,0.0817094767454037));
#2063=CARTESIAN_POINT('',(-0.0417656964203118,-0.1815,0.0850488022647634));
#2064=CARTESIAN_POINT('',(-0.0352382933658264,-0.1815,0.0877011955728649));
#2065=CARTESIAN_POINT('',(-0.0537067176346536,-0.1815,0.0776894447422163));
#2066=CARTESIAN_POINT('',(-0.0537067176346536,-0.1815,0.0776894447422163));
#2067=CARTESIAN_POINT('',(-0.0541409608938257,-0.1815,0.0773877388389723));
#2068=CARTESIAN_POINT('',(-0.0550634192943097,-0.181052250286276,0.0768750801955492));
#2069=CARTESIAN_POINT('',(-0.0555322650013706,-0.180017839217383,0.0768513855329936));
#2070=CARTESIAN_POINT('',(-0.0555952818753803,-0.1795,0.0769605339605125));
#2071=CARTESIAN_POINT('',(-0.0555952818753802,-0.1795,0.0769605339605126));
#2072=CARTESIAN_POINT('',(-0.0574416428709146,-0.1585,0.0801585250138915));
#2073=CARTESIAN_POINT('',(-0.0570313815992842,-0.165572163663243,0.0794479316470499));
#2074=CARTESIAN_POINT('',(-0.0564374239431807,-0.17257972354757,0.0784191668091341));
#2075=CARTESIAN_POINT('',(-0.0555952818753802,-0.1795,0.0769605339605126));
#2076=CARTESIAN_POINT('',(-0.0574416428709146,-0.1585,0.0801585250138915));
#2077=CARTESIAN_POINT('',(-0.0574416428709146,-0.1585,0.0801585250138914));
#2078=CARTESIAN_POINT('',(-0.0574723173115734,-0.15797122802073,0.0802116547036062));
#2079=CARTESIAN_POINT('',(-0.0571762622376425,-0.156939443386278,0.080566023930346));
#2080=CARTESIAN_POINT('',(-0.0563481354348583,-0.1565,0.0812025818285009));
#2081=CARTESIAN_POINT('',(-0.0559091280495155,-0.1565,0.081504131479876));
#2082=CARTESIAN_POINT('',(-0.0559091280495155,-0.1565,0.081504131479876));
#2083=CARTESIAN_POINT('',(-0.0559091280495155,-0.1565,0.081504131479876));
#2084=CARTESIAN_POINT('',(-0.0501042099612416,-0.1565,0.0854914699261599));
#2085=CARTESIAN_POINT('',(-0.0439444154423205,-0.1565,0.0888224242910437));
#2086=CARTESIAN_POINT('',(-0.037428942300591,-0.1565,0.0914955108294283));
#2087=CARTESIAN_POINT('',(-0.0714651875323847,-0.0466144956782835,0.0564638497108992));
#2088=CARTESIAN_POINT('',(-0.0192441807834661,-0.0466144956782835,0.0564638497108992));
#2089=CARTESIAN_POINT('',(-0.0714651875323847,-0.0475981304649027,0.0558620559643499));
#2090=CARTESIAN_POINT('',(-0.0192441807834661,-0.0475981304649027,0.0558620559643499));
#2091=CARTESIAN_POINT('',(-0.0714651875323848,-0.0494678696065681,0.0545737096704081));
#2092=CARTESIAN_POINT('',(-0.0192441807834662,-0.0494678696065681,0.0545737096704081));
#2093=CARTESIAN_POINT('',(-0.0714651875323847,-0.0531555605159507,0.051943441511755));
#2094=CARTESIAN_POINT('',(-0.0192441807834661,-0.0531555605159507,0.051943441511755));
#2095=CARTESIAN_POINT('',(-0.0714651875323847,-0.0577335013226824,0.0486391027994633));
#2096=CARTESIAN_POINT('',(-0.0192441807834661,-0.0577335013226824,0.0486391027994633));
#2097=CARTESIAN_POINT('',(-0.0714651875323847,-0.0632856666756034,0.0447575207932083));
#2098=CARTESIAN_POINT('',(-0.0192441807834661,-0.0632856666756034,0.0447575207932083));
#2099=CARTESIAN_POINT('',(-0.0714651875323847,-0.0670203111999204,0.0422140160619516));
#2100=CARTESIAN_POINT('',(-0.0192441807834661,-0.0670203111999204,0.0422140160619516));
#2101=CARTESIAN_POINT('',(-0.0714651875323847,-0.0688916636559226,0.0409479359447818));
#2102=CARTESIAN_POINT('',(-0.0192441807834661,-0.0688916636559226,0.0409479359447818));
#2103=CARTESIAN_POINT('',(-0.15,-0.0688916636559019,0.0409479359447568));
#2104=CARTESIAN_POINT('',(-0.0711555768204346,-0.0688916636559019,0.0409479359447568));
#2105=CARTESIAN_POINT('',(-0.0711555384806371,-0.0688916636559019,0.0409479359447568));
#2106=CARTESIAN_POINT('',(-0.0711555806907939,-0.0688916611503019,0.0409479376399817));
#2107=CARTESIAN_POINT('',(-0.0680458686804729,-0.0655873181871506,0.0431835202219966));
#2108=CARTESIAN_POINT('',(-0.0628578664548029,-0.0609812628808359,0.0463488256089144));
#2109=CARTESIAN_POINT('',(-0.0548500925038194,-0.0558957737431553,0.0499635934715985));
#2110=CARTESIAN_POINT('',(-0.0484167810750117,-0.0526761232708288,0.052281227206221));
#2111=CARTESIAN_POINT('',(-0.041445605143427,-0.0501459041560367,0.0540938991335097));
#2112=CARTESIAN_POINT('',(-0.0319596345119457,-0.0477494078533025,0.0557592280803273));
#2113=CARTESIAN_POINT('',(-0.0245501768853465,-0.0470079468272291,0.0562203852964485));
#2114=CARTESIAN_POINT('',(-0.0195537914954162,-0.0467548570217306,0.056377370223961));
#2115=CARTESIAN_POINT('',(-0.0195537914954162,-0.0467548570217307,0.056377370223961));
#2116=CARTESIAN_POINT('',(-0.0586164024267859,-0.0688916636559226,0.0409479359447818));
#2117=CARTESIAN_POINT('',(-0.0576855018230286,-0.0673466615635569,0.0419932208262353));
#2118=CARTESIAN_POINT('',(-0.0556863399634993,-0.0643374799236897,0.0440411017223374));
#2119=CARTESIAN_POINT('',(-0.0521308879282258,-0.06015849926935,0.0469386609495605));
#2120=CARTESIAN_POINT('',(-0.0478133769026537,-0.0564130867997382,0.0495959151228685));
#2121=CARTESIAN_POINT('',(-0.0429284490794959,-0.0533568327057616,0.0517862330674064));
#2122=CARTESIAN_POINT('',(-0.0374203278156136,-0.0508927277212982,0.0535641292555901));
#2123=CARTESIAN_POINT('',(-0.0316445900221351,-0.049052207531918,0.0548575324650729));
#2124=CARTESIAN_POINT('',(-0.0256871690111924,-0.0476893681723437,0.0557857321763226));
#2125=CARTESIAN_POINT('',(-0.0216053323819237,-0.0470299345506807,0.05620674689183));
#2126=CARTESIAN_POINT('',(-0.0195537914954162,-0.0467548570217307,0.056377370223961));
#2127=CARTESIAN_POINT('',(-0.0586164024267859,-0.0688916636559019,0.0409479359447568));
#2128=CARTESIAN_POINT('',(-0.15,-0.0688916636559019,0.0409479359447568));
#2129=CARTESIAN_POINT('',(1.42735772126947E-9,-0.208893603012327,0.0680078650907422));
#2130=CARTESIAN_POINT('',(1.4756792969648E-9,-0.203099862894757,0.0712881257680236));
#2131=CARTESIAN_POINT('',(1.6808334090817E-9,-0.189501606393231,0.0761842480374208));
#2132=CARTESIAN_POINT('',(1.89956496285268E-9,-0.172168936950702,0.0777272624549966));
#2133=CARTESIAN_POINT('',(1.97089068764354E-9,-0.162692462210415,0.0776993355770291));
#2134=CARTESIAN_POINT('',(-0.00555373441437001,-0.208893497357145,0.0680110550011486));
#2135=CARTESIAN_POINT('',(-0.00590118532612537,-0.203099726727372,0.0712908087926819));
#2136=CARTESIAN_POINT('',(-0.00655814010628353,-0.189501427579508,0.07618593116668));
#2137=CARTESIAN_POINT('',(-0.00698877321499394,-0.172168845161511,0.0777279934080661));
#2138=CARTESIAN_POINT('',(-0.00711011129334566,-0.162692475447302,0.0776996059362701));
#2139=CARTESIAN_POINT('',(-0.0153715394174405,-0.208900525186591,0.0677053799650765));
#2140=CARTESIAN_POINT('',(-0.0161628821505014,-0.203113713409591,0.0708102087106625));
#2141=CARTESIAN_POINT('',(-0.0175610811743083,-0.189526285028835,0.0754475592232395));
#2142=CARTESIAN_POINT('',(-0.0183257394717389,-0.172182811477017,0.0768996675202773));
#2143=CARTESIAN_POINT('',(-0.0184871888909704,-0.162692048096864,0.0768613366189882));
#2144=CARTESIAN_POINT('',(-0.0285645358538365,-0.208912776571334,0.0656724070765703));
#2145=CARTESIAN_POINT('',(-0.0297658928711665,-0.203138840597135,0.0683566840964445));
#2146=CARTESIAN_POINT('',(-0.0317019963424454,-0.189571482942986,0.0723855096509415));
#2147=CARTESIAN_POINT('',(-0.0324991403839925,-0.172208135408056,0.0736600801054528));
#2148=CARTESIAN_POINT('',(-0.0325730739555867,-0.162690842869949,0.0736254127610425));
#2149=CARTESIAN_POINT('',(-0.0383952439697961,-0.208916946098433,0.0626242509853349));
#2150=CARTESIAN_POINT('',(-0.0398496780099818,-0.203149102115403,0.0649412810459253));
#2151=CARTESIAN_POINT('',(-0.0420619421173589,-0.189591576075306,0.0684396384041297));
#2152=CARTESIAN_POINT('',(-0.0427800953102131,-0.172219441269658,0.0695761432833178));
#2153=CARTESIAN_POINT('',(-0.0427587231409248,-0.162689927850123,0.0695608817594623));
#2154=CARTESIAN_POINT('',(-0.0456975435330324,-0.208908278137855,0.0588510950356491));
#2155=CARTESIAN_POINT('',(-0.0473285353795756,-0.20313639498411,0.0608960498203579));
#2156=CARTESIAN_POINT('',(-0.0497452886797159,-0.189573776539086,0.0639892945016008));
#2157=CARTESIAN_POINT('',(-0.050449476928873,-0.172210023435655,0.0650113445311376));
#2158=CARTESIAN_POINT('',(-0.0503905407045229,-0.162690092866981,0.0650108513982528));
#2159=CARTESIAN_POINT('',(-0.0509477408617586,-0.208890400875809,0.054953516919888));
#2160=CARTESIAN_POINT('',(-0.052709234945947,-0.203107595146268,0.0568182808270209));
#2161=CARTESIAN_POINT('',(-0.0553137828420362,-0.189529377421227,0.0596241936286024));
#2162=CARTESIAN_POINT('',(-0.0560850959494964,-0.172186017097753,0.0605408229794344));
#2163=CARTESIAN_POINT('',(-0.0560379067658568,-0.162691314034783,0.0605403062330778));
#2164=CARTESIAN_POINT('',(-0.0549694865246386,-0.20886114217508,0.050901728294964));
#2165=CARTESIAN_POINT('',(-0.0568278165492484,-0.203060465568436,0.0526550850363895));
#2166=CARTESIAN_POINT('',(-0.059624719353084,-0.189457197398395,0.0552477809607539));
#2167=CARTESIAN_POINT('',(-0.0605561895302411,-0.172147784002611,0.0560318002279396));
#2168=CARTESIAN_POINT('',(-0.0605727177246327,-0.162693823912951,0.0560009705106795));
#2169=CARTESIAN_POINT('',(-0.0584159901647647,-0.208838750329799,0.0462180435280981));
#2170=CARTESIAN_POINT('',(-0.0604245973221794,-0.203021892034655,0.0478486949675867));
#2171=CARTESIAN_POINT('',(-0.0634618863884383,-0.189380740950857,0.0502644322196781));
#2172=CARTESIAN_POINT('',(-0.0645030720375629,-0.172096020487336,0.0510010133615749));
#2173=CARTESIAN_POINT('',(-0.0645481758402488,-0.162697268168437,0.0509753688370966));
#2174=CARTESIAN_POINT('',(-0.061604955168137,-0.208822228512747,0.0403750088100955));
#2175=CARTESIAN_POINT('',(-0.0638265345919841,-0.202989968788762,0.041861843690922));
#2176=CARTESIAN_POINT('',(-0.0671831845344422,-0.189299800674806,0.0441037123000965));
#2177=CARTESIAN_POINT('',(-0.0683184965294091,-0.172032648766871,0.0448432798942994));
#2178=CARTESIAN_POINT('',(-0.0683679029170409,-0.16270116752995,0.0448474177289297));
#2179=CARTESIAN_POINT('',(-0.0643170823954423,-0.20881641986749,0.0331977471889671));
#2180=CARTESIAN_POINT('',(-0.0668177649845246,-0.202972095395897,0.0345063866327696));
#2181=CARTESIAN_POINT('',(-0.070577531700652,-0.189225697288176,0.0365547461973441));
#2182=CARTESIAN_POINT('',(-0.0717921971025432,-0.171963748944088,0.0373415306035425));
#2183=CARTESIAN_POINT('',(-0.0718210170338154,-0.162704943361158,0.0374033454279508));
#2184=CARTESIAN_POINT('',(-0.066851237440195,-0.208823189835424,0.022441099173228));
#2185=CARTESIAN_POINT('',(-0.0697514112667201,-0.202969591283061,0.0234541372702386));
#2186=CARTESIAN_POINT('',(-0.0740835760650765,-0.189153130355799,0.0251552545395607));
#2187=CARTESIAN_POINT('',(-0.0753990722854355,-0.171881987548973,0.0259809677337067));
#2188=CARTESIAN_POINT('',(-0.0753910363548431,-0.162708747207572,0.0261262668364508));
#2189=CARTESIAN_POINT('',(-0.0676584080443081,-0.208835329549446,0.0138172889623901));
#2190=CARTESIAN_POINT('',(-0.0708104300076964,-0.202980376900106,0.0145271781609912));
#2191=CARTESIAN_POINT('',(-0.0755066248187417,-0.189126928030613,0.0157880221847326));
#2192=CARTESIAN_POINT('',(-0.076896031982011,-0.171841391205421,0.0165047935250412));
#2193=CARTESIAN_POINT('',(-0.0768715756250118,-0.162710142976829,0.0166737675386316));
#2194=CARTESIAN_POINT('',(-0.0678811582533431,-0.208839856563685,0.00826155547791486));
#2195=CARTESIAN_POINT('',(-0.0711232630124886,-0.202984570215012,0.0087108928538118));
#2196=CARTESIAN_POINT('',(-0.0759515765785286,-0.189118571511622,0.00952454840189585));
#2197=CARTESIAN_POINT('',(-0.0773728802185162,-0.171827777764479,0.0100087708870661));
#2198=CARTESIAN_POINT('',(-0.0773458139468242,-0.162710563480086,0.0101301456764159));
#2199=CARTESIAN_POINT('',(6.29559626758557E-10,-0.207973566933083,0.0685169085022968));
#2200=CARTESIAN_POINT('',(6.33980173682105E-10,-0.202277702807064,0.0715986704914721));
#2201=CARTESIAN_POINT('',(7.43688507015889E-10,-0.189022367959579,0.076213597905869));
#2202=CARTESIAN_POINT('',(8.9276741796561E-10,-0.172287902749114,0.0777000000065961));
#2203=CARTESIAN_POINT('',(9.45538011258674E-10,-0.163166666544555,0.0776999999999973));
#2204=CARTESIAN_POINT('',(9.45536042496569E-10,-0.163167764895704,0.0776999999928472));
#2205=CARTESIAN_POINT('',(0.,-0.207973566932894,0.0685169085024028));
#2206=CARTESIAN_POINT('',(1.43546406721637E-9,-0.207973566932888,0.0685169085024027));
#2207=CARTESIAN_POINT('',(-0.00434251062675362,-0.207973561875805,0.0685169083947449));
#2208=CARTESIAN_POINT('',(-0.0129926066696219,-0.208104577276386,0.0682238567932881));
#2209=CARTESIAN_POINT('',(-0.0236589835568018,-0.208425384602924,0.0667974622250278));
#2210=CARTESIAN_POINT('',(-0.032112180178968,-0.208636524193348,0.0647206297111068));
#2211=CARTESIAN_POINT('',(-0.0383001081276334,-0.208691625267293,0.0626076056658218));
#2212=CARTESIAN_POINT('',(-0.0441835176447834,-0.208543723041219,0.0598964654804395));
#2213=CARTESIAN_POINT('',(-0.0497827435461758,-0.208064466498772,0.0564304118870496));
#2214=CARTESIAN_POINT('',(-0.0547001737847242,-0.20715681807219,0.0523518916480617));
#2215=CARTESIAN_POINT('',(-0.0589767807181105,-0.205900919727945,0.0476189244471215));
#2216=CARTESIAN_POINT('',(-0.0625504682859463,-0.204717203866599,0.0422304077611797));
#2217=CARTESIAN_POINT('',(-0.0653131836456853,-0.203940926087137,0.0364376948411768));
#2218=CARTESIAN_POINT('',(-0.0673656066297299,-0.203674738602993,0.0301750955663751));
#2219=CARTESIAN_POINT('',(-0.0686791665175019,-0.203882778649378,0.0238485954326048));
#2220=CARTESIAN_POINT('',(-0.0694049837373425,-0.204438715003851,0.0174197712978922));
#2221=CARTESIAN_POINT('',(-0.0695490241085602,-0.204982038185792,0.0130868833075548));
#2222=CARTESIAN_POINT('',(-0.0695490241085602,-0.205284869407271,0.0109282414958403));
#2223=CARTESIAN_POINT('',(-0.0695490241085532,-0.205284869407285,0.0109282414958402));
#2224=CARTESIAN_POINT('',(-0.0772856805009951,-0.162866783381943,0.0109282414958403));
#2225=CARTESIAN_POINT('',(-0.0772890193735025,-0.170123636646039,0.0109282414958403));
#2226=CARTESIAN_POINT('',(-0.0766264417918053,-0.18100945106317,0.0109282414958403));
#2227=CARTESIAN_POINT('',(-0.0735457242059489,-0.195208876173108,0.0109282414958402));
#2228=CARTESIAN_POINT('',(-0.071071338208629,-0.202013850360413,0.0109282414958402));
#2229=CARTESIAN_POINT('',(-0.0695490241085532,-0.205284869407285,0.0109282414958402));
#2230=CARTESIAN_POINT('',(-0.0772851390880225,-0.162866783700568,0.0109361063802227));
#2231=CARTESIAN_POINT('',(-0.077285217424657,-0.162866783665647,0.010936112555481));
#2232=CARTESIAN_POINT('',(-0.0769103696573203,-0.162866997677688,0.0156912691992399));
#2233=CARTESIAN_POINT('',(-0.0756313161623419,-0.162867618126797,0.0251112866807661));
#2234=CARTESIAN_POINT('',(-0.0715125628666702,-0.162868385598871,0.0389921678516141));
#2235=CARTESIAN_POINT('',(-0.0646025023472244,-0.16286752569037,0.051755176784238));
#2236=CARTESIAN_POINT('',(-0.054670566420753,-0.162865953288322,0.0623803847340697));
#2237=CARTESIAN_POINT('',(-0.0423379905714893,-0.162866719648757,0.070055708541714));
#2238=CARTESIAN_POINT('',(-0.0286649222143347,-0.162866943913041,0.0748268604916584));
#2239=CARTESIAN_POINT('',(-0.0144183123891282,-0.162866690517517,0.0772576833476188));
#2240=CARTESIAN_POINT('',(-0.00480528118024511,-0.162866516627618,0.0776998874450189));
#2241=CARTESIAN_POINT('',(-2.24219419130643E-10,-0.162866516608374,0.0776998874231576));
#2242=CARTESIAN_POINT('',(-2.24219399111791E-10,-0.162866516608375,0.0776998874231565));
#2243=CARTESIAN_POINT('',(3.61522756888831E-10,-0.162866516881445,0.0776997334931561));
#2244=CARTESIAN_POINT('',(3.61059109243401E-10,-0.162966656718236,0.077699911140643));
#2245=CARTESIAN_POINT('',(3.60593833883981E-10,-0.163066706664792,0.077699999999925));
#2246=CARTESIAN_POINT('',(3.60126964812991E-10,-0.163166666544555,0.0776999999999973));
#2247=CARTESIAN_POINT('',(-1.110223024625E-16,-0.214,1.31037207508767E-17));
#2248=CARTESIAN_POINT('',(0.0695490241085602,-0.214,0.0109282414958402));
#2249=CARTESIAN_POINT('',(0.0695490241085602,-0.214,0.0615382519050414));
#2250=CARTESIAN_POINT('',(0.0300202741629959,-0.214,0.0685169085024028));
#2251=CARTESIAN_POINT('',(-6.23780767141046E-9,-0.214,0.0685169085024028));
#2252=CARTESIAN_POINT('',(0.0695490241085602,-0.214,0.0109282414958402));
#2253=CARTESIAN_POINT('',(0.,-0.214,0.0685169085024028));
#2254=CARTESIAN_POINT('',(-1.110223024625E-16,-0.214,0.0109282414958402));
#2255=CARTESIAN_POINT('',(-1.110223024625E-16,-0.214,0.0109282414958402));
#2256=CARTESIAN_POINT('',(-0.0695490241085602,-0.214,0.0109282414958402));
#2257=CARTESIAN_POINT('',(-0.0695490241085602,-0.214,0.0109282414958402));
#2258=CARTESIAN_POINT('',(-0.0695490241085602,-0.214,0.0615382519050414));
#2259=CARTESIAN_POINT('',(-0.0300202741629959,-0.214,0.0685169085024028));
#2260=CARTESIAN_POINT('',(6.23780767141046E-9,-0.214,0.0685169085024028));
#2261=CARTESIAN_POINT('',(-0.0770852172331731,-0.1628666666667,0.0109282414958402));
#2262=CARTESIAN_POINT('',(0.088598967190758,-0.155177099625584,0.0109282414958402));
#2263=CARTESIAN_POINT('',(0.088598967190758,-0.157877099625584,0.0109282414958402));
#2264=CARTESIAN_POINT('',(0.0857967376751372,-0.105849731962982,0.0109282414958402));
#2265=CARTESIAN_POINT('',(0.0857967376751372,-0.108549731962982,0.0109282414958402));
#2266=CARTESIAN_POINT('',(0.079505300644854,-0.200098352673512,0.0109282414958402));
#2267=CARTESIAN_POINT('',(0.079505300644854,-0.202798352673512,0.0109282414958402));
#2268=CARTESIAN_POINT('',(0.0839264170523011,-0.184734421000928,0.0109282414958402));
#2269=CARTESIAN_POINT('',(0.0839264170523011,-0.186434421000928,0.0109282414958402));
#2270=CARTESIAN_POINT('',(0.0881608751406652,-0.121899813911979,0.0109282414958402));
#2271=CARTESIAN_POINT('',(0.0881608751406652,-0.123599813911979,0.0109282414958402));
#2272=CARTESIAN_POINT('',(0.0772823361351474,-0.0948522353179228,0.0109282414958402));
#2273=CARTESIAN_POINT('',(0.0916506506223771,-0.0948522353179228,0.0109282414958402));
#2274=CARTESIAN_POINT('',(0.0708396120642473,-0.0948522353179233,0.0109282414958402));
#2275=CARTESIAN_POINT('',(0.0916506506223771,-0.0948522353179228,0.0109282414958402));
#2276=CARTESIAN_POINT('',(0.0928299399556159,-0.0948522353179228,0.0109282414958402));
#2277=CARTESIAN_POINT('',(0.0951492183725839,-0.0956992379086898,0.0109282414958402));
#2278=CARTESIAN_POINT('',(0.0963908995425153,-0.0978381461930199,0.0109282414958402));
#2279=CARTESIAN_POINT('',(0.0965878889970967,-0.0990011013722424,0.0109282414958402));
#2280=CARTESIAN_POINT('',(0.0965878889970967,-0.0990011013722424,0.0109282414958402));
#2281=CARTESIAN_POINT('',(0.0965878889970967,-0.0990011013722424,0.0109282414958402));
#2282=CARTESIAN_POINT('',(0.098550060143016,-0.110585056977973,0.0109282414958402));
#2283=CARTESIAN_POINT('',(0.0994010733613481,-0.122258326597307,0.0109282414958402));
#2284=CARTESIAN_POINT('',(0.0994010733613481,-0.134,0.0109282414958402));
#2285=CARTESIAN_POINT('',(0.0695490241085602,-0.189,0.0109282414958402));
#2286=CARTESIAN_POINT('',(0.0695490241085602,-0.205284869407306,0.0109282414958402));
#2287=CARTESIAN_POINT('',(0.0772856805009966,-0.162866783381926,0.0109282414958403));
#2288=CARTESIAN_POINT('',(0.0772890193735055,-0.17012363664621,0.0109282414958403));
#2289=CARTESIAN_POINT('',(0.0766264417917383,-0.181009451063369,0.0109282414958403));
#2290=CARTESIAN_POINT('',(0.0735457242060539,-0.195208876172752,0.0109282414958402));
#2291=CARTESIAN_POINT('',(0.0710713382086285,-0.202013850360418,0.0109282414958402));
#2292=CARTESIAN_POINT('',(0.0695490241085601,-0.205284869407292,0.0109282414958402));
#2293=CARTESIAN_POINT('',(0.07728540979451,-0.162866783541243,0.0109321739380315));
#2294=CARTESIAN_POINT('',(0.0759174809187192,-0.129999447577556,0.0109282414958402));
#2295=CARTESIAN_POINT('',(0.0768688606044484,-0.140921431206644,0.0109282414958402));
#2296=CARTESIAN_POINT('',(0.0772922656247154,-0.151879442071192,0.0109282414958402));
#2297=CARTESIAN_POINT('',(0.0772858376479146,-0.162866783310106,0.0109282414958402));
#2298=CARTESIAN_POINT('',(0.0759174767182822,-0.129999447038574,0.0109282992776226));
#2299=CARTESIAN_POINT('',(0.0759174809187519,-0.129999447577938,0.0109282414958402));
#2300=CARTESIAN_POINT('',(0.0759172684144229,-0.129996976487818,0.0109282414958402));
#2301=CARTESIAN_POINT('',(0.0759170559100939,-0.129994505397697,0.0109282414958402));
#2302=CARTESIAN_POINT('',(0.0759168434057649,-0.129992034307577,0.0109282414958402));
#2303=CARTESIAN_POINT('',(0.0759168392036215,-0.129992033767665,0.0109281836895426));
#2304=CARTESIAN_POINT('',(0.0754054204852759,-0.124622821807861,0.0109282414958402));
#2305=CARTESIAN_POINT('',(0.0755904094419427,-0.126410494700801,0.0109282414958402));
#2306=CARTESIAN_POINT('',(0.0757607375641318,-0.128200465803564,0.0109282414958402));
#2307=CARTESIAN_POINT('',(0.0759168350014266,-0.129992033227152,0.0109282414958402));
#2308=CARTESIAN_POINT('',(0.0754054204852759,-0.124622821807861,0.0109282414958402));
#2309=CARTESIAN_POINT('',(0.0708396120642474,-0.0948522353179233,0.0109282414958402));
#2310=CARTESIAN_POINT('',(0.0728795562482896,-0.104695262159732,0.0109282414958402));
#2311=CARTESIAN_POINT('',(0.0743713052386623,-0.114629469621565,0.0109282414958402));
#2312=CARTESIAN_POINT('',(0.0754054204852759,-0.124622821807861,0.0109282414958402));
#2313=CARTESIAN_POINT('',(-1.6454424772502E-9,-0.163123257849145,0.0776999976461712));
#2314=CARTESIAN_POINT('',(-1.69691319478795E-9,-0.155904316017038,0.077699175490244));
#2315=CARTESIAN_POINT('',(-1.78375778809855E-9,-0.141749597934574,0.0773072461109346));
#2316=CARTESIAN_POINT('',(-1.80486806474973E-9,-0.128112706626793,0.0761554341868918));
#2317=CARTESIAN_POINT('',(-1.79039920800954E-9,-0.121412495622785,0.0753930102037334));
#2318=CARTESIAN_POINT('',(0.00355171537763518,-0.16312325922703,0.0777000041165192));
#2319=CARTESIAN_POINT('',(0.00360036339973294,-0.155904328380286,0.0776991684792326));
#2320=CARTESIAN_POINT('',(0.00364421976510246,-0.141749642414931,0.0773072067876211));
#2321=CARTESIAN_POINT('',(0.00359822717683039,-0.128112800098559,0.0761553535639699));
#2322=CARTESIAN_POINT('',(0.00355702566210919,-0.121412616968897,0.0753929070809154));
#2323=CARTESIAN_POINT('',(0.00943981985010403,-0.163123322211097,0.0774909430650043));
#2324=CARTESIAN_POINT('',(0.00953583658362698,-0.155901707313906,0.0774875736804813));
#2325=CARTESIAN_POINT('',(0.00959965405699569,-0.14174253749576,0.0770933168832904));
#2326=CARTESIAN_POINT('',(0.00944614724624414,-0.128103595861355,0.0759454379327394));
#2327=CARTESIAN_POINT('',(0.00932480681994911,-0.121403128100008,0.075186754153187));
#2328=CARTESIAN_POINT('',(0.0177452980094657,-0.163123431678622,0.0766364275348651));
#2329=CARTESIAN_POINT('',(0.0178592173415846,-0.155893483815585,0.0766288266348415));
#2330=CARTESIAN_POINT('',(0.0178920687946134,-0.141721229079711,0.0762360247645272));
#2331=CARTESIAN_POINT('',(0.0175894344784676,-0.128078247746931,0.075111686521929));
#2332=CARTESIAN_POINT('',(0.0173677351315574,-0.121378540433527,0.0743709476174036));
#2333=CARTESIAN_POINT('',(0.02512773662542,-0.16312348777053,0.0753603079595281));
#2334=CARTESIAN_POINT('',(0.0252272819359211,-0.15588391681925,0.075350512260525));
#2335=CARTESIAN_POINT('',(0.0252012808344026,-0.141698081708622,0.0749668879355828));
#2336=CARTESIAN_POINT('',(0.0247815483253365,-0.128054954812827,0.0738815386825587));
#2337=CARTESIAN_POINT('',(0.0244871043783127,-0.121359120993039,0.0731685319580091));
#2338=CARTESIAN_POINT('',(0.0324045700382088,-0.163123431432245,0.0734673937570232));
#2339=CARTESIAN_POINT('',(0.0324668945462409,-0.155874014523586,0.0734595515714363));
#2340=CARTESIAN_POINT('',(0.0323595657492538,-0.14167726123908,0.0730986866273719));
#2341=CARTESIAN_POINT('',(0.0318375388133923,-0.128042762360677,0.0720764091601781));
#2342=CARTESIAN_POINT('',(0.0314847554709072,-0.121356706076445,0.0714058077668496));
#2343=CARTESIAN_POINT('',(0.0391365527534726,-0.163123250643563,0.0710347250176656));
#2344=CARTESIAN_POINT('',(0.0391554673070913,-0.155866981010233,0.0710329884011321));
#2345=CARTESIAN_POINT('',(0.0389702373416275,-0.141668481255278,0.0707074787337725));
#2346=CARTESIAN_POINT('',(0.0383756813148802,-0.128057240414055,0.0697682997990636));
#2347=CARTESIAN_POINT('',(0.0379847023432607,-0.121389417830886,0.0691516884916658));
#2348=CARTESIAN_POINT('',(0.045320108226716,-0.163123011140368,0.0680659536289358));
#2349=CARTESIAN_POINT('',(0.0453031311363231,-0.155865449722259,0.0680726437977518));
#2350=CARTESIAN_POINT('',(0.0450618331349375,-0.141679861489018,0.0677916477502195));
#2351=CARTESIAN_POINT('',(0.0444288180003769,-0.128112041419596,0.0669515617865576));
#2352=CARTESIAN_POINT('',(0.0440194042843086,-0.121473514378676,0.0663980895769016));
#2353=CARTESIAN_POINT('',(0.0506402880260159,-0.163122854974792,0.064760851877678));
#2354=CARTESIAN_POINT('',(0.0506077180080856,-0.155871951545736,0.0647730282158318));
#2355=CARTESIAN_POINT('',(0.0503477834258725,-0.141718191916599,0.0645335645405378));
#2356=CARTESIAN_POINT('',(0.0497107054719537,-0.128216644813996,0.0637923151761109));
#2357=CARTESIAN_POINT('',(0.0493001588975022,-0.121619276825959,0.0633017392742731));
#2358=CARTESIAN_POINT('',(0.0549131790878587,-0.163122914164545,0.0614454041856536));
#2359=CARTESIAN_POINT('',(0.0548859324238913,-0.155885840704902,0.0614572428894072));
#2360=CARTESIAN_POINT('',(0.0546392978915791,-0.141779246429997,0.0612469646982728));
#2361=CARTESIAN_POINT('',(0.054016282567558,-0.128359395322797,0.0605885559218796));
#2362=CARTESIAN_POINT('',(0.0536117496771589,-0.121810424358064,0.0601513648600381));
#2363=CARTESIAN_POINT('',(0.0583193996737555,-0.163123219862155,0.0582917046741166));
#2364=CARTESIAN_POINT('',(0.0583176134900999,-0.155904414916254,0.0582918501223015));
#2365=CARTESIAN_POINT('',(0.0581103374637478,-0.141853098479134,0.0580900781784375));
#2366=CARTESIAN_POINT('',(0.0575064138893116,-0.128520682855399,0.0574943002856856));
#2367=CARTESIAN_POINT('',(0.0571070864444439,-0.122022129937328,0.0570995490392306));
#2368=CARTESIAN_POINT('',(0.0614577621188119,-0.163123824310369,0.0548971258714625));
#2369=CARTESIAN_POINT('',(0.0614886138163197,-0.155930475546648,0.0548838853793064));
#2370=CARTESIAN_POINT('',(0.0613333157833817,-0.141951828343439,0.0546793227579963));
#2371=CARTESIAN_POINT('',(0.0607593187400384,-0.128727628502612,0.0541216104559746));
#2372=CARTESIAN_POINT('',(0.0603705342843446,-0.122290120840397,0.0537543244164129));
#2373=CARTESIAN_POINT('',(0.0647323168645633,-0.163124582703046,0.0506761275544901));
#2374=CARTESIAN_POINT('',(0.0647788485608128,-0.155965672505469,0.0506681612638014));
#2375=CARTESIAN_POINT('',(0.0646437760632418,-0.142082381299036,0.0504808257210999));
#2376=CARTESIAN_POINT('',(0.0640713221749637,-0.128994032829888,0.0499553601017754));
#2377=CARTESIAN_POINT('',(0.0636792516267179,-0.122631679755758,0.0496084297590932));
#2378=CARTESIAN_POINT('',(0.0683611254302103,-0.163125404649854,0.0448545405572984));
#2379=CARTESIAN_POINT('',(0.0684128147786833,-0.156014439897381,0.0448668804325034));
#2380=CARTESIAN_POINT('',(0.0682702606090278,-0.142260247316463,0.0447110623668399));
#2381=CARTESIAN_POINT('',(0.0676608033527432,-0.129348856036985,0.0442088660178187));
#2382=CARTESIAN_POINT('',(0.0672438292616382,-0.123082730614476,0.0438741156871538));
#2383=CARTESIAN_POINT('',(0.0718155243237093,-0.163125888084062,0.037409613196057));
#2384=CARTESIAN_POINT('',(0.0718530728138966,-0.156069303634864,0.0374651466648839));
#2385=CARTESIAN_POINT('',(0.0716575453903675,-0.14245722326979,0.0373730293597068));
#2386=CARTESIAN_POINT('',(0.070954109173711,-0.129731823246393,0.0369073792648326));
#2387=CARTESIAN_POINT('',(0.0704811732401147,-0.123564605064145,0.0365888547692941));
#2388=CARTESIAN_POINT('',(0.0745546270207448,-0.163125836211275,0.0287632003696828));
#2389=CARTESIAN_POINT('',(0.0745729626966973,-0.156118447762304,0.0288670562560316));
#2390=CARTESIAN_POINT('',(0.0743119967704807,-0.142631111382919,0.0288596631921432));
#2391=CARTESIAN_POINT('',(0.0734983554094807,-0.130061046150481,0.0284709888840863));
#2392=CARTESIAN_POINT('',(0.0729605348041142,-0.123974338127935,0.0281932325044051));
#2393=CARTESIAN_POINT('',(0.0763982948439038,-0.163125473348307,0.0196871425108363));
#2394=CARTESIAN_POINT('',(0.0764031073262102,-0.156154705184754,0.0198145785858408));
#2395=CARTESIAN_POINT('',(0.0760925409691746,-0.142758081340405,0.0198724909098452));
#2396=CARTESIAN_POINT('',(0.0751919395913675,-0.130296371061599,0.0195901009658453));
#2397=CARTESIAN_POINT('',(0.074602458461313,-0.124264544985666,0.0193770696724391));
#2398=CARTESIAN_POINT('',(0.0771080468611863,-0.163125204602717,0.0134107033010019));
#2399=CARTESIAN_POINT('',(0.0771090177444051,-0.1561696891467,0.0135267011190758));
#2400=CARTESIAN_POINT('',(0.0767801740069074,-0.142810063758576,0.0136046463350907));
#2401=CARTESIAN_POINT('',(0.0758437411998423,-0.130390839481754,0.0134192601732233));
#2402=CARTESIAN_POINT('',(0.0752325029199088,-0.124380039914058,0.013271844535613));
#2403=CARTESIAN_POINT('',(0.0773452105148644,-0.163125096599202,0.0101404479558821));
#2404=CARTESIAN_POINT('',(0.0773453200807894,-0.156174947207876,0.0102358422892739));
#2405=CARTESIAN_POINT('',(0.0770110317064999,-0.142828343998002,0.0103014030780084));
#2406=CARTESIAN_POINT('',(0.0760629864639734,-0.130424088433002,0.0101537841082901));
#2407=CARTESIAN_POINT('',(0.0754445922957221,-0.124420701795128,0.010035947098788));
#2408=CARTESIAN_POINT('',(0.0754054204852765,-0.124622821807861,0.0109282414958314));
#2409=CARTESIAN_POINT('',(0.0750743446197228,-0.124622821807861,0.0156075188572343));
#2410=CARTESIAN_POINT('',(0.0739303119310171,-0.124622821807861,0.0248619555080116));
#2411=CARTESIAN_POINT('',(0.0708905762429725,-0.124622821807861,0.0360426019399242));
#2412=CARTESIAN_POINT('',(0.066931349368382,-0.124622821807861,0.0446918945870515));
#2413=CARTESIAN_POINT('',(0.0632102354466621,-0.124622821807861,0.0506292732934918));
#2414=CARTESIAN_POINT('',(0.0586436587994531,-0.124622821807861,0.0560307827424247));
#2415=CARTESIAN_POINT('',(0.0533456350796208,-0.124622821807861,0.0607761263387959));
#2416=CARTESIAN_POINT('',(0.04757856503513,-0.124622821807861,0.0647698900571134));
#2417=CARTESIAN_POINT('',(0.0412760225152625,-0.124622821807861,0.0681107265221086));
#2418=CARTESIAN_POINT('',(0.0347500922800259,-0.124622821807861,0.0707201561636537));
#2419=CARTESIAN_POINT('',(0.0257931995205899,-0.124622821807861,0.0733725863866994));
#2420=CARTESIAN_POINT('',(0.0141219936120455,-0.124622821807861,0.0753247873037333));
#2421=CARTESIAN_POINT('',(0.00471905070171356,-0.124622821807861,0.0757430990317564));
#2422=CARTESIAN_POINT('',(-1.79547473098537E-9,-0.124622821807861,0.0757430956922874));
#2423=CARTESIAN_POINT('',(-3.53872497710607E-10,-0.124622821807861,0.0757430956922884));
#2424=CARTESIAN_POINT('',(0.0772845976750512,-0.162866784019194,0.0109439712646052));
#2425=CARTESIAN_POINT('',(0.0772784036580088,-0.151195749396855,0.0111095548098297));
#2426=CARTESIAN_POINT('',(0.0768034061862474,-0.140302703691541,0.0110889360400567));
#2427=CARTESIAN_POINT('',(0.0759174725178125,-0.129999446499211,0.0109283570593989));
#2428=CARTESIAN_POINT('',(-2.24219344138743E-10,-0.162866516608374,0.0776998874231554));
#2429=CARTESIAN_POINT('',(0.00478131094971863,-0.162866516627514,0.0776998874587265));
#2430=CARTESIAN_POINT('',(0.0143156816235346,-0.162866688202755,0.0772657307147021));
#2431=CARTESIAN_POINT('',(0.0285655117927954,-0.162866943118782,0.0748519009931186));
#2432=CARTESIAN_POINT('',(0.042235707752793,-0.162866724544285,0.0701024993634259));
#2433=CARTESIAN_POINT('',(0.0545769161513831,-0.162865954688394,0.0624555055505921));
#2434=CARTESIAN_POINT('',(0.0645267995101544,-0.162867506645905,0.0518608970127722));
#2435=CARTESIAN_POINT('',(0.071460268469843,-0.162868387908911,0.0391164091445458));
#2436=CARTESIAN_POINT('',(0.0756052630359464,-0.162867628553969,0.0252579049448833));
#2437=CARTESIAN_POINT('',(0.0769083527697156,-0.162866999003287,0.0157187821291105));
#2438=CARTESIAN_POINT('',(0.0772855271137134,-0.162866783488765,0.0109321831825508));
#2439=CARTESIAN_POINT('',(-3.63252608414243E-10,-0.124622821807861,0.0757430956922883));
#2440=CARTESIAN_POINT('',(-3.49847650058044E-10,-0.136946103291309,0.0770286471726405));
#2441=CARTESIAN_POINT('',(-2.82626985045407E-10,-0.149670051259707,0.0776899862229006));
#2442=CARTESIAN_POINT('',(-2.24219399734938E-10,-0.162866516608374,0.0776998874231554));
#2443=CARTESIAN_POINT('',(-2.25155881923397E-10,-0.163128614787302,0.0776999981912965));
#2444=CARTESIAN_POINT('',(-1.99362743916794E-10,-0.155908704711506,0.0776992725867544));
#2445=CARTESIAN_POINT('',(-1.35772756199298E-10,-0.141752126822078,0.0773074362032564));
#2446=CARTESIAN_POINT('',(-9.06801846538648E-11,-0.128113510237833,0.076155526200004));
#2447=CARTESIAN_POINT('',(-8.35899841123468E-11,-0.121412465969093,0.0753930068290503));
#2448=CARTESIAN_POINT('',(-0.00355168105669266,-0.16312861615705,0.0777000046288349));
#2449=CARTESIAN_POINT('',(-0.00360034836914706,-0.15590871706493,0.0776992655420518));
#2450=CARTESIAN_POINT('',(-0.00364422788618857,-0.141752171292394,0.0773073968434607));
#2451=CARTESIAN_POINT('',(-0.00359823395602323,-0.12811360370446,0.0761554455366466));
#2452=CARTESIAN_POINT('',(-0.00355702723800987,-0.121412587313518,0.0753929036637248));
#2453=CARTESIAN_POINT('',(-0.00943975022681309,-0.163128681133222,0.0774909453899566));
#2454=CARTESIAN_POINT('',(-0.00953581063517995,-0.155906097436308,0.0774876715528915));
#2455=CARTESIAN_POINT('',(-0.0095996786895337,-0.141745066850206,0.0770935063504633));
#2456=CARTESIAN_POINT('',(-0.00944616355188585,-0.128104399496862,0.0759455293825036));
#2457=CARTESIAN_POINT('',(-0.0093248078762851,-0.121403098440863,0.0751867506876567));
#2458=CARTESIAN_POINT('',(-0.017745214888706,-0.163128796785534,0.0766364329134163));
#2459=CARTESIAN_POINT('',(-0.0178591966393525,-0.155897878196742,0.0766289245756833));
#2460=CARTESIAN_POINT('',(-0.01789211762593,-0.1417237595116,0.0762362105429365));
#2461=CARTESIAN_POINT('',(-0.0175894626872002,-0.128079051283025,0.0751117757171416));
#2462=CARTESIAN_POINT('',(-0.0173677355359301,-0.121378510777715,0.0743709441491848));
#2463=CARTESIAN_POINT('',(-0.0251276639836586,-0.163128860019978,0.0753603148980723));
#2464=CARTESIAN_POINT('',(-0.0252272773746912,-0.155888315740197,0.0753506081256473));
#2465=CARTESIAN_POINT('',(-0.0252013493710195,-0.141700612640757,0.0749670674412016));
#2466=CARTESIAN_POINT('',(-0.0247815851179568,-0.12805575787461,0.0738816244604607));
#2467=CARTESIAN_POINT('',(-0.0244871042801078,-0.121359091356495,0.0731685285475186));
#2468=CARTESIAN_POINT('',(-0.0324045248330165,-0.163128810990146,0.0734673991879111));
#2469=CARTESIAN_POINT('',(-0.0324669145013046,-0.155878417353103,0.0734596415007091));
#2470=CARTESIAN_POINT('',(-0.0323596521039885,-0.141679791236324,0.0730988557442962));
#2471=CARTESIAN_POINT('',(-0.0318375824479721,-0.128043564237262,0.0720764897627057));
#2472=CARTESIAN_POINT('',(-0.0314847549404579,-0.121356676487416,0.0714058044888235));
#2473=CARTESIAN_POINT('',(-0.0391365395923117,-0.163128635289121,0.0710347258745232));
#2474=CARTESIAN_POINT('',(-0.0391555117089784,-0.155871385112066,0.0710330687827723));
#2475=CARTESIAN_POINT('',(-0.0389703366729596,-0.14167100775687,0.0707076339697742));
#2476=CARTESIAN_POINT('',(-0.0383757293797437,-0.128058040089149,0.0697683738437173));
#2477=CARTESIAN_POINT('',(-0.0379847014908101,-0.121389388328717,0.069151685408815));
#2478=CARTESIAN_POINT('',(-0.0453201215448126,-0.163128396747302,0.0680659482040428));
#2479=CARTESIAN_POINT('',(-0.0453031936756356,-0.155869850787705,0.0680727120956639));
#2480=CARTESIAN_POINT('',(-0.0450619395019808,-0.141682380893763,0.0677917863059204));
#2481=CARTESIAN_POINT('',(-0.0444288681309331,-0.128112837563518,0.0669516281843719));
#2482=CARTESIAN_POINT('',(-0.0440194032104381,-0.121473485012857,0.0663980867414925));
#2483=CARTESIAN_POINT('',(-0.0506403127824875,-0.163128235643819,0.0647608423686556));
#2484=CARTESIAN_POINT('',(-0.0506077869517285,-0.155876343919563,0.0647730855445703));
#2485=CARTESIAN_POINT('',(-0.0503478905234994,-0.141720700062733,0.0645336864605379));
#2486=CARTESIAN_POINT('',(-0.0497107556170222,-0.128217436002954,0.0637923739657516));
#2487=CARTESIAN_POINT('',(-0.0493001577034134,-0.12161924765048,0.0633017366932542));
#2488=CARTESIAN_POINT('',(-0.0549131997876144,-0.163128284573322,0.0614453949268854));
#2489=CARTESIAN_POINT('',(-0.0548859973229888,-0.155890219712161,0.0614572930342195));
#2490=CARTESIAN_POINT('',(-0.0546394021704531,-0.141781740414,0.0612470727659643));
#2491=CARTESIAN_POINT('',(-0.0540163318896713,-0.128360180685532,0.0605886082657571));
#2492=CARTESIAN_POINT('',(-0.0536117484049493,-0.121810395399829,0.0601513625094732));
#2493=CARTESIAN_POINT('',(-0.0583194013963904,-0.163128576716189,0.0582917040991198));
#2494=CARTESIAN_POINT('',(-0.0583176654431674,-0.155908778006764,0.0582918996026964));
#2495=CARTESIAN_POINT('',(-0.0581104376300762,-0.141855577142908,0.0580901760199915));
#2496=CARTESIAN_POINT('',(-0.0575064625313112,-0.128521462154151,0.0574943474951697));
#2497=CARTESIAN_POINT('',(-0.0571070851286377,-0.12202210120898,0.0570995468645353));
#2498=CARTESIAN_POINT('',(-0.061457739542869,-0.163129162277037,0.0548971352434007));
#2499=CARTESIAN_POINT('',(-0.0614886488196445,-0.155934817532221,0.0548839372125647));
#2500=CARTESIAN_POINT('',(-0.0613334098188006,-0.141954287877625,0.0546794146047317));
#2501=CARTESIAN_POINT('',(-0.0607593660390092,-0.128728400457862,0.0541216543612258));
#2502=CARTESIAN_POINT('',(-0.060370532923215,-0.122290092383425,0.053754322377646));
#2503=CARTESIAN_POINT('',(-0.0647322825682705,-0.163129895120335,0.0506761330352861));
#2504=CARTESIAN_POINT('',(-0.0647788765657926,-0.155969986662678,0.0506682082067041));
#2505=CARTESIAN_POINT('',(-0.0646438692575944,-0.14208481663176,0.0504809121497334));
#2506=CARTESIAN_POINT('',(-0.0640713697932276,-0.128994795747423,0.0499554015719207));
#2507=CARTESIAN_POINT('',(-0.0636792501658806,-0.122631651629779,0.0496084278280491));
#2508=CARTESIAN_POINT('',(-0.0683610872097998,-0.163130681498663,0.0448545310099859));
#2509=CARTESIAN_POINT('',(-0.0684128439355432,-0.156018716210368,0.0448669171173765));
#2510=CARTESIAN_POINT('',(-0.0682703597906731,-0.142262650916853,0.044711144614331));
#2511=CARTESIAN_POINT('',(-0.0676608538788352,-0.129349607384936,0.0442089060671287));
#2512=CARTESIAN_POINT('',(-0.0672438275957297,-0.123082702907731,0.0438741138503977));
#2513=CARTESIAN_POINT('',(-0.0718154965015183,-0.163131124593004,0.0374095716601627));
#2514=CARTESIAN_POINT('',(-0.0718531167675126,-0.156073538083696,0.0374651623360415));
#2515=CARTESIAN_POINT('',(-0.0716576607796444,-0.142459593239192,0.0373731046916013));
#2516=CARTESIAN_POINT('',(-0.0709541663530801,-0.129732562708824,0.0369074174385542));
#2517=CARTESIAN_POINT('',(-0.0704811712474185,-0.12356457778584,0.0365888530680527));
#2518=CARTESIAN_POINT('',(-0.0745546133781032,-0.163131036228102,0.0287631230642749));
#2519=CARTESIAN_POINT('',(-0.0745730251772053,-0.156122645276968,0.0288670451065265));
#2520=CARTESIAN_POINT('',(-0.0743121312869453,-0.142633453004817,0.028859724692452));
#2521=CARTESIAN_POINT('',(-0.0734984203365415,-0.130061775945597,0.0284710222460354));
#2522=CARTESIAN_POINT('',(-0.0729605324684575,-0.123974311197913,0.0281932310682574));
#2523=CARTESIAN_POINT('',(-0.0763982911838909,-0.163130646202094,0.0196870478145595));
#2524=CARTESIAN_POINT('',(-0.0764031837339449,-0.156158875733337,0.0198145484799002));
#2525=CARTESIAN_POINT('',(-0.0760926905357552,-0.142760403029412,0.0198725342989997));
#2526=CARTESIAN_POINT('',(-0.0751920106985955,-0.130297094271411,0.019590126629484));
#2527=CARTESIAN_POINT('',(-0.074602455863722,-0.124264518292895,0.0193770686229363));
#2528=CARTESIAN_POINT('',(-0.0771080460329747,-0.163130366143387,0.0134106171759128));
#2529=CARTESIAN_POINT('',(-0.077109099148978,-0.156173848656423,0.0135266675408838));
#2530=CARTESIAN_POINT('',(-0.0767803297234148,-0.142812377570853,0.0136046739576333));
#2531=CARTESIAN_POINT('',(-0.0758438149143767,-0.130391560170866,0.013419277989912));
#2532=CARTESIAN_POINT('',(-0.0752325002156508,-0.124380013312564,0.0132718438513991));
#2533=CARTESIAN_POINT('',(-0.0773452103204657,-0.163130254159801,0.0101403771653908));
#2534=CARTESIAN_POINT('',(-0.0773454029405146,-0.156179102832725,0.0102358143504056));
#2535=CARTESIAN_POINT('',(-0.0770111894048349,-0.142830655035937,0.0103014250558373));
#2536=CARTESIAN_POINT('',(-0.0760630610371197,-0.130424808233532,0.0101537983870434));
#2537=CARTESIAN_POINT('',(-0.0754445895572533,-0.124420675225968,0.0100359465874781));
#2538=CARTESIAN_POINT('',(-0.0754054204852747,-0.124622821807861,0.0109282414958402));
#2539=CARTESIAN_POINT('',(-0.0755906594201681,-0.126412910408789,0.0109282414958402));
#2540=CARTESIAN_POINT('',(-0.0757611980015315,-0.128205305078065,0.0109282414958402));
#2541=CARTESIAN_POINT('',(-0.0759174677462741,-0.129999296293522,0.0109282414958402));
#2542=CARTESIAN_POINT('',(-0.0754054204852747,-0.124622821807861,0.0109282414958402));
#2543=CARTESIAN_POINT('',(-0.0759174677533436,-0.129999296437432,0.0109282414958402));
#2544=CARTESIAN_POINT('',(-0.0754054204852753,-0.124622821807861,0.0109282414958318));
#2545=CARTESIAN_POINT('',(-0.0750743446252513,-0.124622821807861,0.0156075187789893));
#2546=CARTESIAN_POINT('',(-0.073930311963014,-0.124622821807861,0.0248619552783851));
#2547=CARTESIAN_POINT('',(-0.070890576372986,-0.124622821807861,0.0360426015272435));
#2548=CARTESIAN_POINT('',(-0.066931349645096,-0.124622821807861,0.0446918940607642));
#2549=CARTESIAN_POINT('',(-0.0632102358537561,-0.124622821807861,0.0506292727236486));
#2550=CARTESIAN_POINT('',(-0.0586436593857028,-0.124622821807861,0.0560307821356393));
#2551=CARTESIAN_POINT('',(-0.0533456358148777,-0.124622821807861,0.0607761257538371));
#2552=CARTESIAN_POINT('',(-0.0475785659435137,-0.124622821807861,0.0647698895002773));
#2553=CARTESIAN_POINT('',(-0.0412760235934692,-0.124622821807861,0.0681107260212479));
#2554=CARTESIAN_POINT('',(-0.0347500934972172,-0.124622821807861,0.0707201557400218));
#2555=CARTESIAN_POINT('',(-0.0257932009388459,-0.124622821807861,0.0733725860672399));
#2556=CARTESIAN_POINT('',(-0.0141219952656434,-0.124622821807861,0.0753247871298057));
#2557=CARTESIAN_POINT('',(-0.00471905250736218,-0.124622821807861,0.0757430989757293));
#2558=CARTESIAN_POINT('',(-8.80773722492813E-11,-0.124622821807861,0.0757430956922883));
#2559=CARTESIAN_POINT('',(-0.0759174677462597,-0.129999296293352,0.010928241495835));
#2560=CARTESIAN_POINT('',(-0.0761752701590207,-0.132997493644152,0.010974988689664));
#2561=CARTESIAN_POINT('',(-0.0768154741610936,-0.141231369078593,0.0110824059997156));
#2562=CARTESIAN_POINT('',(-0.0772802060574951,-0.154591908400069,0.0110613715881985));
#2563=CARTESIAN_POINT('',(-0.0772845976750507,-0.162866784019194,0.0109439712646054));
#2564=CARTESIAN_POINT('',(0.0192441807834746,-0.0466144956782819,0.0564638497109001));
#2565=CARTESIAN_POINT('',(0.0714651875255467,-0.0466144956782819,0.0564638497109001));
#2566=CARTESIAN_POINT('',(0.0192441807834746,-0.0475981304649013,0.0558620559643509));
#2567=CARTESIAN_POINT('',(0.0714651875255467,-0.0475981304649013,0.0558620559643509));
#2568=CARTESIAN_POINT('',(0.0192441807834745,-0.0494678696065668,0.054573709670409));
#2569=CARTESIAN_POINT('',(0.0714651875255467,-0.0494678696065668,0.054573709670409));
#2570=CARTESIAN_POINT('',(0.0192441807834746,-0.0531555605159497,0.0519434415117558));
#2571=CARTESIAN_POINT('',(0.0714651875255468,-0.0531555605159497,0.0519434415117558));
#2572=CARTESIAN_POINT('',(0.0192441807834746,-0.0577335013226816,0.0486391027994638));
#2573=CARTESIAN_POINT('',(0.0714651875255467,-0.0577335013226816,0.0486391027994638));
#2574=CARTESIAN_POINT('',(0.0192441807834745,-0.063285666675603,0.0447575207932086));
#2575=CARTESIAN_POINT('',(0.0714651875255467,-0.063285666675603,0.0447575207932086));
#2576=CARTESIAN_POINT('',(0.0192441807834745,-0.0670203111999203,0.0422140160619516));
#2577=CARTESIAN_POINT('',(0.0714651875255467,-0.0670203111999203,0.0422140160619516));
#2578=CARTESIAN_POINT('',(0.0192441807834745,-0.0688916636559226,0.0409479359447818));
#2579=CARTESIAN_POINT('',(0.0714651875255467,-0.0688916636559226,0.0409479359447818));
#2580=CARTESIAN_POINT('',(0.0586164024267864,-0.0688916636559226,0.0409479359447818));
#2581=CARTESIAN_POINT('',(0.0576855022217568,-0.067346662225318,0.041993220378515));
#2582=CARTESIAN_POINT('',(0.0556863412586531,-0.0643374818320565,0.0440411004225114));
#2583=CARTESIAN_POINT('',(0.0521308912223699,-0.0601585027690472,0.0469386585018697));
#2584=CARTESIAN_POINT('',(0.0478133826293252,-0.0564130912661688,0.0495959119453107));
#2585=CARTESIAN_POINT('',(0.0429284583072708,-0.0533568375320927,0.0517862295641733));
#2586=CARTESIAN_POINT('',(0.0374203385052811,-0.0508927322318819,0.0535641260308916));
#2587=CARTESIAN_POINT('',(0.0316446105957796,-0.0490522123385002,0.0548575291744218));
#2588=CARTESIAN_POINT('',(0.0256871664782473,-0.0476893691345415,0.0557857314107614));
#2589=CARTESIAN_POINT('',(0.0216053969716163,-0.0470299432110865,0.0562067415200088));
#2590=CARTESIAN_POINT('',(0.0195537914953842,-0.0467548570217291,0.0563773702239619));
#2591=CARTESIAN_POINT('',(0.0586164024267864,-0.0688916636559226,0.0409479359447818));
#2592=CARTESIAN_POINT('',(0.0195537914953841,-0.0467548570217291,0.0563773702239619));
#2593=CARTESIAN_POINT('',(0.0195537914953841,-0.0467548570217285,0.0563773702239622));
#2594=CARTESIAN_POINT('',(0.0220424795707579,-0.04688092047196,0.0562991763924976));
#2595=CARTESIAN_POINT('',(0.0270038757539431,-0.0472519499703581,0.0560677708013829));
#2596=CARTESIAN_POINT('',(0.0344838174106956,-0.0483724203403933,0.0553273139228758));
#2597=CARTESIAN_POINT('',(0.0416665343225072,-0.0502178928398297,0.0540428920077027));
#2598=CARTESIAN_POINT('',(0.0484784590216713,-0.0527046392279135,0.0522603651411405));
#2599=CARTESIAN_POINT('',(0.0549560382916887,-0.0559547550356892,0.0499213495764625));
#2600=CARTESIAN_POINT('',(0.0608925178368973,-0.0597389328685564,0.0472331472545198));
#2601=CARTESIAN_POINT('',(0.0654044010301776,-0.0633313584379128,0.0447363140064993));
#2602=CARTESIAN_POINT('',(0.06877592445811,-0.0664403840229654,0.0426103674641474));
#2603=CARTESIAN_POINT('',(0.0703848962628082,-0.068072741106497,0.0415019853505919));
#2604=CARTESIAN_POINT('',(0.0711555806922923,-0.0688916611518948,0.040947937638905));
#2605=CARTESIAN_POINT('',(0.0711555768136372,-0.0688916636559019,0.0409479359447568));
#2606=CARTESIAN_POINT('',(-0.15,-0.0688916636559019,0.0409479359447568));
#2607=CARTESIAN_POINT('',(0.0711555384806371,-0.0688916636559019,0.0409479359447568));
#2608=CARTESIAN_POINT('',(-0.15,-0.0688916636559019,0.0409479359447568));
#2609=CARTESIAN_POINT('',(-6.4868994500878E-11,-0.20890325435458,0.0680024036843667));
#2610=CARTESIAN_POINT('',(-2.80009706794561E-11,-0.203109014705101,0.0712844916914298));
#2611=CARTESIAN_POINT('',(-7.20428416453994E-11,-0.189508592957542,0.0761833790998563));
#2612=CARTESIAN_POINT('',(-1.84275358383938E-10,-0.172171569063791,0.0777272713951285));
#2613=CARTESIAN_POINT('',(-2.24977586118514E-10,-0.162692462367099,0.0776993355774704));
#2614=CARTESIAN_POINT('',(0.00555315708501829,-0.208903148751417,0.0680055944106157));
#2615=CARTESIAN_POINT('',(0.00590072546483042,-0.203108878570098,0.0712871753688401));
#2616=CARTESIAN_POINT('',(0.00655793622361639,-0.189508414126811,0.0761850625592995));
#2617=CARTESIAN_POINT('',(0.00698874109818639,-0.172171477246833,0.0777280023975853));
#2618=CARTESIAN_POINT('',(0.0071101128744494,-0.162692475603922,0.0776996058568107));
#2619=CARTESIAN_POINT('',(0.0153702228041723,-0.208910165019602,0.0677002104865901));
#2620=CARTESIAN_POINT('',(0.0161618869641853,-0.203122857229769,0.0708067672286196));
#2621=CARTESIAN_POINT('',(0.017560702436732,-0.189533273600449,0.0754467379356579));
#2622=CARTESIAN_POINT('',(0.0183256960578164,-0.172185447564994,0.0768996790856372));
#2623=CARTESIAN_POINT('',(0.0184871902094411,-0.162692048253692,0.0768613364218153));
#2624=CARTESIAN_POINT('',(0.0285625364254189,-0.20892239499997,0.0656679375946452));
#2625=CARTESIAN_POINT('',(0.0297644840800711,-0.203147969618829,0.0683536979020588));
#2626=CARTESIAN_POINT('',(0.0317015741602424,-0.189578475147908,0.0723847884741202));
#2627=CARTESIAN_POINT('',(0.0324991211612371,-0.172210778866726,0.0736600903634859));
#2628=CARTESIAN_POINT('',(0.0325730749495401,-0.162690843027223,0.0736254124462282));
#2629=CARTESIAN_POINT('',(0.0383928230851476,-0.208926554401198,0.0626203928202543));
#2630=CARTESIAN_POINT('',(0.03984804466937,-0.203158223943924,0.0649386919130599));
#2631=CARTESIAN_POINT('',(0.0420615363868701,-0.189598569741347,0.0684389997672613));
#2632=CARTESIAN_POINT('',(0.0427801024936377,-0.172222088124119,0.069576147942669));
#2633=CARTESIAN_POINT('',(0.0427587239008553,-0.162689928007693,0.0695608813819739));
#2634=CARTESIAN_POINT('',(0.0456948285721174,-0.208917893170895,0.0588476898020403));
#2635=CARTESIAN_POINT('',(0.0473267388473692,-0.203145520751621,0.0608937615417011));
#2636=CARTESIAN_POINT('',(0.0497448796263962,-0.189580768191395,0.0639887238586316));
#2637=CARTESIAN_POINT('',(0.0504494944829589,-0.172212667632653,0.065011344966676));
#2638=CARTESIAN_POINT('',(0.0503905412889936,-0.162690093024444,0.0650108509943277));
#2639=CARTESIAN_POINT('',(0.0509448084702524,-0.20890003410146,0.0549504117093226));
#2640=CARTESIAN_POINT('',(0.0527072975859497,-0.203116732603842,0.0568162022912011));
#2641=CARTESIAN_POINT('',(0.0553133394243191,-0.189536364729786,0.0596236816843436));
#2642=CARTESIAN_POINT('',(0.0560851101662441,-0.172188654297296,0.0605408233739549));
#2643=CARTESIAN_POINT('',(0.0560379072210486,-0.162691314191913,0.0605403058242565));
#2644=CARTESIAN_POINT('',(0.0549663926799256,-0.208870805150464,0.0508988086605134));
#2645=CARTESIAN_POINT('',(0.0568257455288278,-0.203069621936021,0.0526531557526076));
#2646=CARTESIAN_POINT('',(0.059624204672467,-0.189464177215391,0.0552473341892617));
#2647=CARTESIAN_POINT('',(0.0605561859355104,-0.172150409879282,0.056031809059475));
#2648=CARTESIAN_POINT('',(0.0605727180747244,-0.162693824069633,0.0560009701125654));
#2649=CARTESIAN_POINT('',(0.0584126464359458,-0.208848440780619,0.0462153282274637));
#2650=CARTESIAN_POINT('',(0.0604223500793045,-0.203031072965364,0.047846898158604));
#2651=CARTESIAN_POINT('',(0.0634613177583787,-0.189387721547554,0.0502640134316514));
#2652=CARTESIAN_POINT('',(0.0645030606615348,-0.172098631265748,0.0510010207222765));
#2653=CARTESIAN_POINT('',(0.0645481760999406,-0.162697268324027,0.0509753684619102));
#2654=CARTESIAN_POINT('',(0.0616012575811726,-0.208831945550811,0.0403725329556204));
#2655=CARTESIAN_POINT('',(0.0638240490271656,-0.202999179471293,0.0418601837047435));
#2656=CARTESIAN_POINT('',(0.0671825631475377,-0.189306788641296,0.0441033005133546));
#2657=CARTESIAN_POINT('',(0.0683184843072067,-0.172035241291632,0.0448432789290186));
#2658=CARTESIAN_POINT('',(0.0683679030925906,-0.162701167684395,0.0448474173914089));
#2659=CARTESIAN_POINT('',(0.0643129212506462,-0.208826158342574,0.0331955679939548));
#2660=CARTESIAN_POINT('',(0.0668149754168268,-0.202981338138345,0.0345048841245261));
#2661=CARTESIAN_POINT('',(0.0705768581347483,-0.189232700279462,0.0365543247814722));
#2662=CARTESIAN_POINT('',(0.0717921911462647,-0.171966321907359,0.0373415135473129));
#2663=CARTESIAN_POINT('',(0.0718210171360903,-0.162704943514321,0.0374033451478261));
#2664=CARTESIAN_POINT('',(0.0668464128753305,-0.208832945706773,0.0224394121365846));
#2665=CARTESIAN_POINT('',(0.0697481890572185,-0.20297887184611,0.023452910491265));
#2666=CARTESIAN_POINT('',(0.0740828328075897,-0.189160158900232,0.0251548355384596));
#2667=CARTESIAN_POINT('',(0.0753990773978924,-0.171884537654489,0.0259809274111701));
#2668=CARTESIAN_POINT('',(0.0753910363853032,-0.16270874735928,0.0261262666602141));
#2669=CARTESIAN_POINT('',(0.0676531652625667,-0.208845088865945,0.0138161067404633));
#2670=CARTESIAN_POINT('',(0.0708069333275326,-0.202989676143323,0.0145262805894155));
#2671=CARTESIAN_POINT('',(0.0755058338470324,-0.189133974200041,0.0157876708076108));
#2672=CARTESIAN_POINT('',(0.0768960421864586,-0.17184393020219,0.0165047466145043));
#2673=CARTESIAN_POINT('',(0.0768715756299063,-0.162710143127735,0.0166737674664152));
#2674=CARTESIAN_POINT('',(0.0678757658722876,-0.208849616841626,0.00826080719455276));
#2675=CARTESIAN_POINT('',(0.0711196671258347,-0.202993875758237,0.00871031617111409));
#2676=CARTESIAN_POINT('',(0.0759507664526986,-0.189125623804479,0.00952431315327631));
#2677=CARTESIAN_POINT('',(0.0773728913333364,-0.171830313052694,0.0100087372290694));
#2678=CARTESIAN_POINT('',(0.0773458139465071,-0.162710563630807,0.0101301456840501));
#2679=CARTESIAN_POINT('',(0.0695490241085602,-0.205284869407291,0.0109282414958402));
#2680=CARTESIAN_POINT('',(0.0695490241085602,-0.204680220826601,0.0152382981052931));
#2681=CARTESIAN_POINT('',(0.0691300412334829,-0.203958581858841,0.0216550990030709));
#2682=CARTESIAN_POINT('',(0.0673699993540252,-0.203674378924598,0.030159837858965));
#2683=CARTESIAN_POINT('',(0.0653352365225429,-0.203936851913001,0.0363765524709519));
#2684=CARTESIAN_POINT('',(0.062584079577418,-0.204706547333606,0.0421743472655034));
#2685=CARTESIAN_POINT('',(0.0590020101376155,-0.205891461575858,0.0475826705604475));
#2686=CARTESIAN_POINT('',(0.0547684445373038,-0.20714226163165,0.0522913289223969));
#2687=CARTESIAN_POINT('',(0.0497464373185846,-0.208069846686094,0.0564575486088788));
#2688=CARTESIAN_POINT('',(0.0442400469503141,-0.208539431065655,0.0598631508534311));
#2689=CARTESIAN_POINT('',(0.038309856072892,-0.208692509429564,0.0626064494532916));
#2690=CARTESIAN_POINT('',(0.0321308323338102,-0.208636407396644,0.0647128765962792));
#2691=CARTESIAN_POINT('',(0.0237733293494562,-0.208428829426693,0.0667746225692154));
#2692=CARTESIAN_POINT('',(0.0130385560318885,-0.208105293114427,0.0682247272131159));
#2693=CARTESIAN_POINT('',(0.00434492605212427,-0.20797356188716,0.0685169083638233));
#2694=CARTESIAN_POINT('',(-5.95629572943983E-11,-0.207973566932905,0.0685169085024027));
#2695=CARTESIAN_POINT('',(-8.91528470445047E-11,-0.125218907853307,0.0758047580706152));
#2696=CARTESIAN_POINT('',(-4.6919187168928E-11,-0.110930168916366,0.0743379087428317));
#2697=CARTESIAN_POINT('',(-2.10037381178868E-10,-0.0834275421561977,0.0697344876642279));
#2698=CARTESIAN_POINT('',(-8.22204854795276E-10,-0.0577141719746624,0.0617971163128202));
#2699=CARTESIAN_POINT('',(-2.13516099355744E-9,-0.0452323340284873,0.0569628941788017));
#2700=CARTESIAN_POINT('',(-0.00306515556254032,-0.125218963554838,0.0758047088175854));
#2701=CARTESIAN_POINT('',(-0.00300327559686408,-0.110930254012621,0.0743378365035101));
#2702=CARTESIAN_POINT('',(-0.00273348090253741,-0.0834277023844749,0.0697343673504028));
#2703=CARTESIAN_POINT('',(-0.00231004497306855,-0.0577144235588505,0.0617969438641994));
#2704=CARTESIAN_POINT('',(-0.00209443117554049,-0.0452326306484832,0.0569626950227613));
#2705=CARTESIAN_POINT('',(-0.00745374823369349,-0.125213152152959,0.0756710303537963));
#2706=CARTESIAN_POINT('',(-0.00728293272794282,-0.110923743703929,0.0742083266923599));
#2707=CARTESIAN_POINT('',(-0.00660574064650525,-0.0834240020127716,0.0696230531170833));
#2708=CARTESIAN_POINT('',(-0.00555827507692764,-0.0577267128182372,0.0617299374696162));
#2709=CARTESIAN_POINT('',(-0.00501657265462606,-0.0452575804297732,0.0569262878816467));
#2710=CARTESIAN_POINT('',(-0.0134440580654499,-0.125197507724566,0.0751989892584483));
#2711=CARTESIAN_POINT('',(-0.0131265904903346,-0.110907227126353,0.0737545949136423));
#2712=CARTESIAN_POINT('',(-0.0119533458485058,-0.0834195086076872,0.0692375847390273));
#2713=CARTESIAN_POINT('',(-0.0101433621329923,-0.0577758240776158,0.0614947752756292));
#2714=CARTESIAN_POINT('',(-0.00918733499549109,-0.0453479631894076,0.056792469798384));
#2715=CARTESIAN_POINT('',(-0.0187435089312271,-0.125181156517242,0.0745651685931886));
#2716=CARTESIAN_POINT('',(-0.0183055180230542,-0.11089150059928,0.0731468272330281));
#2717=CARTESIAN_POINT('',(-0.0167524584470656,-0.0834231672516457,0.0687219129817297));
#2718=CARTESIAN_POINT('',(-0.0143505088505961,-0.0578517152032113,0.0611740259081088));
#2719=CARTESIAN_POINT('',(-0.0130604107198532,-0.0454780279757831,0.0566018470374961));
#2720=CARTESIAN_POINT('',(-0.0250187152041023,-0.125163462790075,0.0734582804264538));
#2721=CARTESIAN_POINT('',(-0.0244572626514612,-0.110879063183692,0.0720878205408627));
#2722=CARTESIAN_POINT('',(-0.022550200959422,-0.0834520386978523,0.067823404750534));
#2723=CARTESIAN_POINT('',(-0.0195780340209733,-0.0580071294396189,0.0605991733771269));
#2724=CARTESIAN_POINT('',(-0.0179460323048118,-0.045725046127846,0.0562400221526309));
#2725=CARTESIAN_POINT('',(-0.0316544199569658,-0.125156490913445,0.0717742995277325));
#2726=CARTESIAN_POINT('',(-0.0309814094571158,-0.110887592258226,0.0704804634156432));
#2727=CARTESIAN_POINT('',(-0.0287941262720865,-0.0835364724650631,0.066459244518783));
#2728=CARTESIAN_POINT('',(-0.0253470223674248,-0.0582833648041952,0.0596962989607335));
#2729=CARTESIAN_POINT('',(-0.0234058448301043,-0.0461341458708311,0.0556345157971321));
#2730=CARTESIAN_POINT('',(-0.037810223260174,-0.125178065767849,0.0696212096271585));
#2731=CARTESIAN_POINT('',(-0.0370617217191444,-0.110940596912123,0.0684260963362443));
#2732=CARTESIAN_POINT('',(-0.0347130485861991,-0.0837071885175924,0.0647060610795241));
#2733=CARTESIAN_POINT('',(-0.0309553291729797,-0.0586999522976342,0.0584801249020225));
#2734=CARTESIAN_POINT('',(-0.0287865317292943,-0.0467118250270338,0.0547556928430721));
#2735=CARTESIAN_POINT('',(-0.042879643533399,-0.12523192830118,0.0673357000870714));
#2736=CARTESIAN_POINT('',(-0.0420953218870001,-0.111039626239768,0.0662413321322834));
#2737=CARTESIAN_POINT('',(-0.0396851805141264,-0.0839523192125134,0.0628228269971022));
#2738=CARTESIAN_POINT('',(-0.0357638861189429,-0.0592071785763315,0.0571068240080729));
#2739=CARTESIAN_POINT('',(-0.0334548871561429,-0.0473814241731257,0.05369383331971));
#2740=CARTESIAN_POINT('',(-0.0467049018622218,-0.125303936578828,0.0652480038531057));
#2741=CARTESIAN_POINT('',(-0.0459093608486158,-0.11116151605193,0.0642394126956425));
#2742=CARTESIAN_POINT('',(-0.0434865212751778,-0.084222997562632,0.0610769526114461));
#2743=CARTESIAN_POINT('',(-0.0394853895686272,-0.0597174547176535,0.0557765809922546));
#2744=CARTESIAN_POINT('',(-0.0370965675040844,-0.0480332027056798,0.0526104759719684));
#2745=CARTESIAN_POINT('',(-0.0497474006452238,-0.125386616610936,0.0633332303174861));
#2746=CARTESIAN_POINT('',(-0.0489531596965424,-0.11129629512163,0.062395584877746));
#2747=CARTESIAN_POINT('',(-0.0465376544432345,-0.0845057063992532,0.0594468359292172));
#2748=CARTESIAN_POINT('',(-0.0424959319004484,-0.0602207201362518,0.0544841577090372));
#2749=CARTESIAN_POINT('',(-0.0400595081982355,-0.0486617518072073,0.0515139612631126));
#2750=CARTESIAN_POINT('',(-0.0523735899617322,-0.125479811335074,0.0614715795759355));
#2751=CARTESIAN_POINT('',(-0.0515869552376382,-0.111444912192197,0.0605956919298068));
#2752=CARTESIAN_POINT('',(-0.0491848448164906,-0.0848064672170512,0.0578360060136839));
#2753=CARTESIAN_POINT('',(-0.0451178082532052,-0.0607353598602218,0.0531650131764296));
#2754=CARTESIAN_POINT('',(-0.0426496108134366,-0.0492939531873193,0.0503598115049167));
#2755=CARTESIAN_POINT('',(-0.0547416667282817,-0.125583937104637,0.0595822929195696));
#2756=CARTESIAN_POINT('',(-0.0539624735170277,-0.111608291185045,0.058763458101246));
#2757=CARTESIAN_POINT('',(-0.0515613900715373,-0.0851280966500575,0.056182827621362));
#2758=CARTESIAN_POINT('',(-0.0474592044887864,-0.0612680198891801,0.0517786716098403));
#2759=CARTESIAN_POINT('',(-0.0449619391374221,-0.0499388659636364,0.0491185566938436));
#2760=CARTESIAN_POINT('',(-0.0567426482157573,-0.125691164274282,0.0578039527120592));
#2761=CARTESIAN_POINT('',(-0.0559711520880671,-0.111774432406064,0.0570308591933765));
#2762=CARTESIAN_POINT('',(-0.0535636541202616,-0.0854479101668168,0.0545991970285057));
#2763=CARTESIAN_POINT('',(-0.0494246464075322,-0.0617830701253132,0.0504111765483511));
#2764=CARTESIAN_POINT('',(-0.046904391992275,-0.0505545067385539,0.0478640707589632));
#2765=CARTESIAN_POINT('',(-0.0584247933483517,-0.125799876641556,0.0561735253215812));
#2766=CARTESIAN_POINT('',(-0.0576667377139664,-0.111941380107623,0.0554305971940488));
#2767=CARTESIAN_POINT('',(-0.0552640059489634,-0.0857639950018282,0.0531054466904872));
#2768=CARTESIAN_POINT('',(-0.0511072189238959,-0.0622813627828125,0.0490720911710128));
#2769=CARTESIAN_POINT('',(-0.0485776533025444,-0.0511442125628058,0.0466033244387425));
#2770=CARTESIAN_POINT('',(-0.0600222339558976,-0.125916612589155,0.0544891187672987));
#2771=CARTESIAN_POINT('',(-0.0592727660948679,-0.112119527192098,0.053772189815088));
#2772=CARTESIAN_POINT('',(-0.056868766318274,-0.0860966826441741,0.0515339818891146));
#2773=CARTESIAN_POINT('',(-0.0526861881990045,-0.0627965121377031,0.0476341016275464));
#2774=CARTESIAN_POINT('',(-0.050139760073414,-0.0517494150009108,0.0452380762409261));
#2775=CARTESIAN_POINT('',(-0.061996045401733,-0.126079698709164,0.0521998959333515));
#2776=CARTESIAN_POINT('',(-0.061251796173545,-0.112367019299459,0.0515102173374775));
#2777=CARTESIAN_POINT('',(-0.0588358364941752,-0.0865532724114573,0.0493591425346866));
#2778=CARTESIAN_POINT('',(-0.0546065423380705,-0.0634919432705612,0.0456029601296305));
#2779=CARTESIAN_POINT('',(-0.0520285556309365,-0.0525605981270045,0.0432912315238171));
#2780=CARTESIAN_POINT('',(-0.06443876716138,-0.126314306821449,0.0489341106042513));
#2781=CARTESIAN_POINT('',(-0.0636863053480184,-0.112720718300521,0.0482693726763008));
#2782=CARTESIAN_POINT('',(-0.0612238526634245,-0.0871962699583058,0.0461891681717342));
#2783=CARTESIAN_POINT('',(-0.0568926607884726,-0.0644512845168707,0.0425735681262018));
#2784=CARTESIAN_POINT('',(-0.0542469086789997,-0.0536694091692769,0.0403574674062941));
#2785=CARTESIAN_POINT('',(-0.0672195555701993,-0.126625600724418,0.0443789389135146));
#2786=CARTESIAN_POINT('',(-0.0664258607857346,-0.113186435534525,0.0437353005698922));
#2787=CARTESIAN_POINT('',(-0.063836504373246,-0.0880280197399645,0.041695388451984));
#2788=CARTESIAN_POINT('',(-0.0592881625598007,-0.0656602358405977,0.0382061730487143));
#2789=CARTESIAN_POINT('',(-0.0565033377054336,-0.0550499768436531,0.0360989829626372));
#2790=CARTESIAN_POINT('',(-0.0696905144808222,-0.126939693562276,0.0391474167304779));
#2791=CARTESIAN_POINT('',(-0.0688218969700038,-0.113652215561408,0.0385292819224677));
#2792=CARTESIAN_POINT('',(-0.0660271844021094,-0.0888426054026865,0.0365234076237093));
#2793=CARTESIAN_POINT('',(-0.0611582215403221,-0.0668061623141443,0.0331671993383792));
#2794=CARTESIAN_POINT('',(-0.0581730268886744,-0.056338042045181,0.0311867547927633));
#2795=CARTESIAN_POINT('',(-0.0715873188396847,-0.127201523489032,0.0338916106195765));
#2796=CARTESIAN_POINT('',(-0.0706363204852521,-0.114037237759476,0.0333142663899115));
#2797=CARTESIAN_POINT('',(-0.0676217590836113,-0.0895021355028994,0.0313839396516131));
#2798=CARTESIAN_POINT('',(-0.0624173357783685,-0.0677028694177132,0.0282159764029116));
#2799=CARTESIAN_POINT('',(-0.0592236684772019,-0.0573286896605907,0.0263914366490213));
#2800=CARTESIAN_POINT('',(-0.0728499191575419,-0.127384975297032,0.0294468311481024));
#2801=CARTESIAN_POINT('',(-0.0718333511493655,-0.11430523124615,0.0289175857097877));
#2802=CARTESIAN_POINT('',(-0.0686443636047873,-0.0899535852033052,0.0270973356802305));
#2803=CARTESIAN_POINT('',(-0.0631738774772844,-0.068299229168681,0.0241492481111793));
#2804=CARTESIAN_POINT('',(-0.0598146229769236,-0.0579775110803891,0.0224846118504529));
#2805=CARTESIAN_POINT('',(-0.0737445286659817,-0.127519507146433,0.0255751963778571));
#2806=CARTESIAN_POINT('',(-0.0726769604834319,-0.114500823130561,0.0250953080447933));
#2807=CARTESIAN_POINT('',(-0.0693517236259118,-0.0902790092803132,0.0234024439569811));
#2808=CARTESIAN_POINT('',(-0.0636721100668698,-0.0687196611213348,0.0206879864144649));
#2809=CARTESIAN_POINT('',(-0.060182300452206,-0.0584293461183321,0.0191805964477589));
#2810=CARTESIAN_POINT('',(-0.0744309518207683,-0.127625428554368,0.021956627085928));
#2811=CARTESIAN_POINT('',(-0.0733217662909475,-0.114654194959362,0.0215294781036391));
#2812=CARTESIAN_POINT('',(-0.069884583638125,-0.0905314692077032,0.0199851808493731));
#2813=CARTESIAN_POINT('',(-0.0640317811860865,-0.0690394376499627,0.0175286192309026));
#2814=CARTESIAN_POINT('',(-0.0604335023572296,-0.0587691626481085,0.016184683327349));
#2815=CARTESIAN_POINT('',(-0.0751899371016718,-0.127744542158118,0.0169523960965652));
#2816=CARTESIAN_POINT('',(-0.074032332567045,-0.11482592075876,0.0166115376301315));
#2817=CARTESIAN_POINT('',(-0.0704636489534772,-0.0908108794020881,0.0153278746912427));
#2818=CARTESIAN_POINT('',(-0.0644055329501557,-0.0693856087022638,0.0133014962895188));
#2819=CARTESIAN_POINT('',(-0.0606783065708395,-0.0591322720171873,0.0122150477382819));
#2820=CARTESIAN_POINT('',(-0.0755858482751562,-0.127808718589657,0.0129791818126766));
#2821=CARTESIAN_POINT('',(-0.0744017448128979,-0.114917853707285,0.0127174800871987));
#2822=CARTESIAN_POINT('',(-0.0707594157553974,-0.0909578714224668,0.0116961816824115));
#2823=CARTESIAN_POINT('',(-0.0645838195681446,-0.069561482504143,0.010087253214116));
#2824=CARTESIAN_POINT('',(-0.0607823307890844,-0.0593128075907966,0.00923616003693218));
#2825=CARTESIAN_POINT('',(-0.0757726506519133,-0.127840205624632,0.0101972303941956));
#2826=CARTESIAN_POINT('',(-0.0745762942142577,-0.114962965828287,0.00998182488820568));
#2827=CARTESIAN_POINT('',(-0.0708993141965835,-0.091030019597416,0.00913744558873563));
#2828=CARTESIAN_POINT('',(-0.0646675545442823,-0.0696478436564133,0.00781657517247535));
#2829=CARTESIAN_POINT('',(-0.0608303765442642,-0.059401486830336,0.00712351256258829));
#2830=CARTESIAN_POINT('',(-0.019553791495416,-0.0467548570217305,0.056377370223961));
#2831=CARTESIAN_POINT('',(-0.0130889341726594,-0.045888027123748,0.0569150419347296));
#2832=CARTESIAN_POINT('',(-0.00654169895911102,-0.0456766839387058,0.0571345499223832));
#2833=CARTESIAN_POINT('',(-2.2682359592641E-9,-0.0456766364321529,0.0571345926282205));
#2834=CARTESIAN_POINT('',(-2.43226409098068E-10,-0.0456766364321513,0.0571345926282215));
#2835=CARTESIAN_POINT('',(-3.44492387953993E-10,-0.124622821807861,0.0757430956922884));
#2836=CARTESIAN_POINT('',(-3.14666076655603E-10,-0.110532446107205,0.0742732028423179));
#2837=CARTESIAN_POINT('',(-3.94276730509685E-10,-0.08339867061564,0.0697024637457532));
#2838=CARTESIAN_POINT('',(-1.09182614997624E-9,-0.0580059332981701,0.0618872799646118));
#2839=CARTESIAN_POINT('',(-2.26823595451714E-9,-0.0456766364321518,0.05713459262822));
#2840=CARTESIAN_POINT('',(-0.0708396120642455,-0.0948522353179232,0.0109282414958402));
#2841=CARTESIAN_POINT('',(-0.0728795566621118,-0.10469526415649,0.0109282414958402));
#2842=CARTESIAN_POINT('',(-0.0743713054405197,-0.114629471572237,0.0109282414958402));
#2843=CARTESIAN_POINT('',(-0.0754054204852747,-0.124622821807861,0.0109282414958402));
#2844=CARTESIAN_POINT('',(-0.0708396120642459,-0.0948522353179228,0.0109282414958402));
#2845=CARTESIAN_POINT('',(-0.0708396120642447,-0.0948522353179234,0.0109282414958543));
#2846=CARTESIAN_POINT('',(-0.0707923391988387,-0.094889289463248,0.0118338520933502));
#2847=CARTESIAN_POINT('',(-0.0706560673954737,-0.0948357150279233,0.0136303017873441));
#2848=CARTESIAN_POINT('',(-0.0702025106389608,-0.0941748577000296,0.017208736023267));
#2849=CARTESIAN_POINT('',(-0.0693412469854065,-0.0923766361751042,0.0213306620112953));
#2850=CARTESIAN_POINT('',(-0.0680029012202042,-0.0891570984399446,0.0255223146776217));
#2851=CARTESIAN_POINT('',(-0.0659596693145078,-0.0841084237748225,0.0303306405151091));
#2852=CARTESIAN_POINT('',(-0.0630433715459629,-0.077151397897695,0.0354046356790411));
#2853=CARTESIAN_POINT('',(-0.0602392240646004,-0.0715850722673904,0.0391257310938419));
#2854=CARTESIAN_POINT('',(-0.058616402426792,-0.0688916636559019,0.0409479359447568));
#2855=CARTESIAN_POINT('',(-0.00088157405193607,-0.125218796488244,0.0758023160311836));
#2856=CARTESIAN_POINT('',(-0.000864288044328205,-0.11093004090734,0.0743355394350305));
#2857=CARTESIAN_POINT('',(-0.000787439109220416,-0.0834274567105708,0.0697324435621204));
#2858=CARTESIAN_POINT('',(-0.000666423928722848,-0.0577143695256135,0.0617958749298411));
#2859=CARTESIAN_POINT('',(-0.000604953472088863,-0.0452327586175797,0.0569622088629103));
#2860=CARTESIAN_POINT('',(0.00222969931824489,-0.125219576179893,0.0758194648781201));
#2861=CARTESIAN_POINT('',(0.00218734149039543,-0.110930925612234,0.0743521687496771));
#2862=CARTESIAN_POINT('',(0.00199446245634209,-0.0834280149184004,0.0697467643460516));
#2863=CARTESIAN_POINT('',(0.00168969754919077,-0.0577129033548211,0.0618045132563394));
#2864=CARTESIAN_POINT('',(0.00153543422626389,-0.0452296761007833,0.0569669125007507));
#2865=CARTESIAN_POINT('',(0.00667801228483184,-0.125214675877096,0.0757093127237517));
#2866=CARTESIAN_POINT('',(0.00652661383431371,-0.110925428560514,0.0742452503795834));
#2867=CARTESIAN_POINT('',(0.00591888590315161,-0.0834248563133608,0.0696545445806826));
#2868=CARTESIAN_POINT('',(0.00497776316577553,-0.057723157238456,0.0617488835996633));
#2869=CARTESIAN_POINT('',(0.00449247505943731,-0.0452505576710003,0.0569366762215531));
#2870=CARTESIAN_POINT('',(0.0127438622379458,-0.125199570485586,0.0752672230619486));
#2871=CARTESIAN_POINT('',(0.0124432126622929,-0.110909339930529,0.0738201067153993));
#2872=CARTESIAN_POINT('',(0.0113248404746764,-0.0834197512575629,0.0692931878949105));
#2873=CARTESIAN_POINT('',(0.00959951591140214,-0.0577683258438508,0.0615289389719179));
#2874=CARTESIAN_POINT('',(0.0086902549828103,-0.0453345654730879,0.0568122411533063));
#2875=CARTESIAN_POINT('',(0.0181068182701013,-0.125183137116684,0.0746582988430175));
#2876=CARTESIAN_POINT('',(0.017682213908055,-0.110893223940742,0.0732360250340387));
#2877=CARTESIAN_POINT('',(0.0161695441467075,-0.0834217391476758,0.0687975823670376));
#2878=CARTESIAN_POINT('',(0.0138315807638171,-0.0578396298284087,0.0612216950411568));
#2879=CARTESIAN_POINT('',(0.012578661050244,-0.045458080739338,0.0566309358322995));
#2880=CARTESIAN_POINT('',(0.0244569785103173,-0.125164718696925,0.0735783583383762));
#2881=CARTESIAN_POINT('',(0.02390576634141,-0.110879497732987,0.0722025676288655));
#2882=CARTESIAN_POINT('',(0.0220261270050655,-0.0834475545952996,0.067920757063884));
#2883=CARTESIAN_POINT('',(0.0190991600602688,-0.0579889385646534,0.0606624385298757));
#2884=CARTESIAN_POINT('',(0.0174954038103068,-0.0456971320866265,0.05628106038915));
#2885=CARTESIAN_POINT('',(0.0311700627253273,-0.125156148117029,0.0719193457331022));
#2886=CARTESIAN_POINT('',(0.0305042914971317,-0.110885555944666,0.0706188261253657));
#2887=CARTESIAN_POINT('',(0.0283338339685036,-0.083527266990567,0.0665768593225033));
#2888=CARTESIAN_POINT('',(0.0249165529999546,-0.0582576425008154,0.0597757493616273));
#2889=CARTESIAN_POINT('',(0.0229958360857411,-0.0460972677616716,0.0556896554128947));
#2890=CARTESIAN_POINT('',(0.0373942409585937,-0.125175377663325,0.0697859724517488));
#2891=CARTESIAN_POINT('',(0.0366497792602428,-0.110935105751277,0.0685833912812821));
#2892=CARTESIAN_POINT('',(0.034308926148481,-0.0836919742712184,0.064840837153284));
#2893=CARTESIAN_POINT('',(0.0305682073311335,-0.0586658731245197,0.0585757484648127));
#2894=CARTESIAN_POINT('',(0.0284128261328144,-0.0466656985985405,0.0548270219724548));
#2895=CARTESIAN_POINT('',(0.0425186518610213,-0.125226843031687,0.0675137869933215));
#2896=CARTESIAN_POINT('',(0.0417361801578739,-0.111030683918949,0.0664117419935674));
#2897=CARTESIAN_POINT('',(0.0393287980712238,-0.0839313913932166,0.062970348994802));
#2898=CARTESIAN_POINT('',(0.0354170704906962,-0.059165813470646,0.0572164082683255));
#2899=CARTESIAN_POINT('',(0.0331168818883152,-0.0473276672579332,0.053780533540358));
#2900=CARTESIAN_POINT('',(0.0463846244358193,-0.125296802541764,0.0654344210193176));
#2901=CARTESIAN_POINT('',(0.0455895512183164,-0.111149659819894,0.0644184622405557));
#2902=CARTESIAN_POINT('',(0.0431669158239745,-0.0841973762517842,0.0612339495574168));
#2903=CARTESIAN_POINT('',(0.0391713401596358,-0.0596704234198017,0.0558982329718442));
#2904=CARTESIAN_POINT('',(0.0367884511843608,-0.0479737406680883,0.0527113500964567));
#2905=CARTESIAN_POINT('',(0.0494589756843251,-0.125377684422724,0.0635250856000274));
#2906=CARTESIAN_POINT('',(0.048664217675192,-0.111281893632855,0.0625806757597632));
#2907=CARTESIAN_POINT('',(0.0462474273705981,-0.0844760312273619,0.0596114389668007));
#2908=CARTESIAN_POINT('',(0.0422087800091841,-0.0601689043287312,0.0546167123074581));
#2909=CARTESIAN_POINT('',(0.0397762852364274,-0.048597549609586,0.0516281083805362));
#2910=CARTESIAN_POINT('',(0.0521127109844053,-0.125469493045729,0.0616670280872025));
#2911=CARTESIAN_POINT('',(0.0513251376056277,-0.111428589284795,0.060784985358137));
#2912=CARTESIAN_POINT('',(0.0489218325370318,-0.0847738807061588,0.0580062184426765));
#2913=CARTESIAN_POINT('',(0.0448574114666965,-0.060680479718978,0.0533062160076834));
#2914=CARTESIAN_POINT('',(0.0423921378295407,-0.0492270059206833,0.050484884076544));
#2915=CARTESIAN_POINT('',(0.0545067771979612,-0.125572767663004,0.0597791395957566));
#2916=CARTESIAN_POINT('',(0.0537270273054683,-0.11159086459677,0.058954551069367));
#2917=CARTESIAN_POINT('',(0.051326784166715,-0.0850941383156032,0.0563557740102572));
#2918=CARTESIAN_POINT('',(0.0472291941861477,-0.0612124836559148,0.0519249228251938));
#2919=CARTESIAN_POINT('',(0.044735160690261,-0.0498720047695491,0.0492504898395533));
#2920=CARTESIAN_POINT('',(0.0565265641605005,-0.125678520785906,0.0580031818178981));
#2921=CARTESIAN_POINT('',(0.0557536393323017,-0.111754921201083,0.0572256612128882));
#2922=CARTESIAN_POINT('',(0.0533460755393118,-0.0854106156067594,0.0547788051844201));
#2923=CARTESIAN_POINT('',(0.0492099469789223,-0.0617235555356273,0.0505690459340173));
#2924=CARTESIAN_POINT('',(0.0466912215266671,-0.0504836945119916,0.0480109628999997));
#2925=CARTESIAN_POINT('',(0.0582277245570645,-0.125786354285384,0.0563718191227781));
#2926=CARTESIAN_POINT('',(0.057468233264705,-0.111920675985835,0.0556255534932341));
#2927=CARTESIAN_POINT('',(0.0550650747999522,-0.0857250504211895,0.0532887974039915));
#2928=CARTESIAN_POINT('',(0.0509106427207376,-0.0622204867974911,0.0492381794002545));
#2929=CARTESIAN_POINT('',(0.0483824816923311,-0.0510724188963952,0.0467604087122202));
#2930=CARTESIAN_POINT('',(0.0598455347237573,-0.12590288832024,0.0546842191276181));
#2931=CARTESIAN_POINT('',(0.0590953888369175,-0.112098642139096,0.0539645799453245));
#2932=CARTESIAN_POINT('',(0.0566919994042853,-0.0860579249767537,0.0517175798333242));
#2933=CARTESIAN_POINT('',(0.0525129337772,-0.062737005351277,0.0478037605649317));
#2934=CARTESIAN_POINT('',(0.0499688760446595,-0.0516797571342897,0.0453998424943957));
#2935=CARTESIAN_POINT('',(0.0618432137062929,-0.126065930819052,0.0523909010610906));
#2936=CARTESIAN_POINT('',(0.0610989634630439,-0.112346201292625,0.0516994437672728));
#2937=CARTESIAN_POINT('',(0.0586847927976633,-0.0865151759234937,0.0495429286259523));
#2938=CARTESIAN_POINT('',(0.0544603341247432,-0.063434570684998,0.0457769842640921));
#2939=CARTESIAN_POINT('',(0.0518856010356949,-0.0524940104717746,0.0434591060931726));
#2940=CARTESIAN_POINT('',(0.0643162421519485,-0.126301397156817,0.0491168650275661));
#2941=CARTESIAN_POINT('',(0.0635649335002876,-0.112701337702026,0.0484511179125306));
#2942=CARTESIAN_POINT('',(0.0611064762729591,-0.0871613827261611,0.0463685483170008));
#2943=CARTESIAN_POINT('',(0.0567826732253948,-0.0643999750787965,0.0427469817606281));
#2944=CARTESIAN_POINT('',(0.0541417452690118,-0.0536104912100669,0.0405262062545661));
#2945=CARTESIAN_POINT('',(0.0671305841790225,-0.126614794020251,0.0445471407470637));
#2946=CARTESIAN_POINT('',(0.0663390014991138,-0.113170347787454,0.0439028008973292));
#2947=CARTESIAN_POINT('',(0.0637556157010657,-0.0879996247708608,0.0418619614805701));
#2948=CARTESIAN_POINT('',(0.0592168378522261,-0.0656197080186184,0.0383687235286344));
#2949=CARTESIAN_POINT('',(0.056438030229718,-0.0550040978596332,0.0362576675312565));
#2950=CARTESIAN_POINT('',(0.0696301345441858,-0.12693162279717,0.0392953058616006));
#2951=CARTESIAN_POINT('',(0.0687638249307053,-0.113640302840876,0.0386762569131657));
#2952=CARTESIAN_POINT('',(0.0659753092214431,-0.0888220117742609,0.0366689631317513));
#2953=CARTESIAN_POINT('',(0.0611158483401586,-0.0667777349478297,0.0333083802393853));
#2954=CARTESIAN_POINT('',(0.0581365636959912,-0.0563063906164043,0.031323999068399));
#2955=CARTESIAN_POINT('',(0.0715476529280084,-0.127195881681525,0.0340165160284547));
#2956=CARTESIAN_POINT('',(0.0705985765427199,-0.114028971396395,0.0334379862527556));
#2957=CARTESIAN_POINT('',(0.0675891277899426,-0.0894881075148918,0.0315051759638333));
#2958=CARTESIAN_POINT('',(0.062392492906666,-0.0676841012860797,0.028331840689285));
#2959=CARTESIAN_POINT('',(0.0592036675167814,-0.0573081302515297,0.0265031696195116));
#2960=CARTESIAN_POINT('',(0.0728234163624086,-0.127381047267939,0.02955088972806));
#2961=CARTESIAN_POINT('',(0.07180830680354,-0.114299507251139,0.0290204045417223));
#2962=CARTESIAN_POINT('',(0.0686232036661916,-0.0899440080487554,0.0271971235471388));
#2963=CARTESIAN_POINT('',(0.0631586565041312,-0.0682867318819802,0.0242432834448397));
#2964=CARTESIAN_POINT('',(0.0598031031624438,-0.0579640055121284,0.0225746399578403));
#2965=CARTESIAN_POINT('',(0.0737269434366228,-0.127516820559413,0.0256601445242068));
#2966=CARTESIAN_POINT('',(0.0726604154120919,-0.114496925337904,0.0251790942212703));
#2967=CARTESIAN_POINT('',(0.0693379678309638,-0.0902725632893896,0.02348307606816));
#2968=CARTESIAN_POINT('',(0.0636626549972047,-0.0687114272866219,0.0207630110372423));
#2969=CARTESIAN_POINT('',(0.0601755355479313,-0.0584205539356283,0.0192519713984333));
#2970=CARTESIAN_POINT('',(0.0744199393501055,-0.127623707462375,0.0220228260120857));
#2971=CARTESIAN_POINT('',(0.0733114447023134,-0.114651708237266,0.021594616576021));
#2972=CARTESIAN_POINT('',(0.0698761298243998,-0.0905274029871677,0.0200471974904567));
#2973=CARTESIAN_POINT('',(0.0640262316715138,-0.0690343535752857,0.0175853786433119));
#2974=CARTESIAN_POINT('',(0.0604297749345988,-0.0587638007189401,0.0162382236765703));
#2975=CARTESIAN_POINT('',(0.0751857719693821,-0.127743874830112,0.016991491977055));
#2976=CARTESIAN_POINT('',(0.0740284491404936,-0.114824964287338,0.0166498290253875));
#2977=CARTESIAN_POINT('',(0.0704605457283255,-0.0908093512628279,0.0153635688908096));
#2978=CARTESIAN_POINT('',(0.0644036693506278,-0.069383785123184,0.0133330764841846));
#2979=CARTESIAN_POINT('',(0.0606772252586306,-0.059130403207907,0.012244295622407));
#2980=CARTESIAN_POINT('',(0.075584730571655,-0.127808526702239,0.0129957725268983));
#2981=CARTESIAN_POINT('',(0.0744006985058079,-0.114917577248134,0.0127337941617008));
#2982=CARTESIAN_POINT('',(0.0707585718901835,-0.090957426099032,0.0117114394615987));
#2983=CARTESIAN_POINT('',(0.0645833053707248,-0.0695609437784884,0.0101007915344193));
#2984=CARTESIAN_POINT('',(0.0607820266538276,-0.0593122507658224,0.00924875473216792));
#2985=CARTESIAN_POINT('',(0.075772650657742,-0.127840205662886,0.0101972303602583));
#2986=CARTESIAN_POINT('',(0.0745762941215762,-0.114962964800742,0.00998182483742866));
#2987=CARTESIAN_POINT('',(0.0708993136990477,-0.0910300167357533,0.00913744543681667));
#2988=CARTESIAN_POINT('',(0.0646675532098052,-0.0696478393026272,0.00781657487051378));
#2989=CARTESIAN_POINT('',(0.0608303746509301,-0.0594014817793631,0.00712351219449075));
#2990=CARTESIAN_POINT('',(-2.26823595550707E-9,-0.045676636432121,0.0571345926282491));
#2991=CARTESIAN_POINT('',(0.00654158120851178,-0.0456766838220471,0.0571345500207332));
#2992=CARTESIAN_POINT('',(0.0130891639397049,-0.0458880579316951,0.0569150228253729));
#2993=CARTESIAN_POINT('',(0.0195537914953841,-0.0467548570217291,0.0563773702239619));
#2994=CARTESIAN_POINT('',(0.0708396120642465,-0.0948522353179234,0.0109282414958543));
#2995=CARTESIAN_POINT('',(0.0707923391988408,-0.094889289463248,0.0118338520933503));
#2996=CARTESIAN_POINT('',(0.0706560673954753,-0.0948357150279232,0.013630301787344));
#2997=CARTESIAN_POINT('',(0.0702025106389611,-0.0941748577000297,0.0172087360232669));
#2998=CARTESIAN_POINT('',(0.0693412469854065,-0.0923766361751043,0.0213306620112951));
#2999=CARTESIAN_POINT('',(0.0680029012202043,-0.0891570984399448,0.0255223146776214));
#3000=CARTESIAN_POINT('',(0.0659596693145078,-0.0841084237748226,0.0303306405151089));
#3001=CARTESIAN_POINT('',(0.0630433715459635,-0.0771513978976954,0.0354046356790408));
#3002=CARTESIAN_POINT('',(0.0602392240645997,-0.0715850722673908,0.0391257310938415));
#3003=CARTESIAN_POINT('',(0.0586164024267925,-0.0688916636559019,0.0409479359447568));
#3004=CARTESIAN_POINT('',(-0.0772845944056269,-0.163076948051068,0.0109417789757035));
#3005=CARTESIAN_POINT('',(-0.0772842801360311,-0.157166665783,0.0110266998797095));
#3006=CARTESIAN_POINT('',(-0.0770421320667342,-0.145746285530456,0.0111010056245109));
#3007=CARTESIAN_POINT('',(-0.0763521926297078,-0.135023784084085,0.0110082718750383));
#3008=CARTESIAN_POINT('',(-0.0759014188587182,-0.129813892090083,0.0109261202175633));
#3009=CARTESIAN_POINT('',(-0.0772881014740084,-0.163076947064684,0.0108973424139324));
#3010=CARTESIAN_POINT('',(-0.0772877748715189,-0.157166731410351,0.0109820521756505));
#3011=CARTESIAN_POINT('',(-0.0770455626125762,-0.145746508568839,0.01105620883549));
#3012=CARTESIAN_POINT('',(-0.0763554920144064,-0.135024188760953,0.0109638133691782));
#3013=CARTESIAN_POINT('',(-0.0759046378897196,-0.129814388453817,0.0108819381750851));
#3014=CARTESIAN_POINT('',(-0.0772915865291107,-0.163076946082686,0.010852881242861));
#3015=CARTESIAN_POINT('',(-0.0772912477168562,-0.157166796592967,0.010937379391683));
#3016=CARTESIAN_POINT('',(-0.0770489716925439,-0.145746730058844,0.0110113884431513));
#3017=CARTESIAN_POINT('',(-0.0763587706575877,-0.135024590523878,0.0109193368385421));
#3018=CARTESIAN_POINT('',(-0.07590783660791,-0.129814881188038,0.0108377417383812));
#3019=CARTESIAN_POINT('',(-0.0772950495640976,-0.163076945104967,0.0108083954418552));
#3020=CARTESIAN_POINT('',(-0.0772946986654999,-0.157166861333797,0.0108926814291836));
#3021=CARTESIAN_POINT('',(-0.0770523593032708,-0.14574695001277,0.0109665441459105));
#3022=CARTESIAN_POINT('',(-0.0763620285635561,-0.13502498940059,0.0108748416967689));
#3023=CARTESIAN_POINT('',(-0.0759110150224081,-0.129815370329589,0.0107935301612644));
#3024=CARTESIAN_POINT('',(-0.0759174677533436,-0.129999296437432,0.0109282414958402));
#3025=CARTESIAN_POINT('',(-0.0768688565783404,-0.14092132844925,0.0109282414958402));
#3026=CARTESIAN_POINT('',(-0.07729226565528,-0.151879389827003,0.0109282414958402));
#3027=CARTESIAN_POINT('',(-0.0772858376479148,-0.162866783310123,0.0109282414958402));
#3028=CARTESIAN_POINT('',(0.0772845945938778,-0.163076947022166,0.0109417766046452));
#3029=CARTESIAN_POINT('',(0.0772842803142891,-0.157166693699975,0.0110266970762515));
#3030=CARTESIAN_POINT('',(0.0770421345698971,-0.145746367437097,0.0111010029064071));
#3031=CARTESIAN_POINT('',(0.0763522016978153,-0.135023913618052,0.0110082707874465));
#3032=CARTESIAN_POINT('',(0.0759014321889558,-0.129814044176706,0.0109261202431415));
#3033=CARTESIAN_POINT('',(0.0772881015888014,-0.163076946035817,0.0108973409626993));
#3034=CARTESIAN_POINT('',(0.0772877749766384,-0.157166759325637,0.0109820502974244));
#3035=CARTESIAN_POINT('',(0.0770455650444443,-0.145746590469605,0.0110562070451839));
#3036=CARTESIAN_POINT('',(0.0763555010150712,-0.13502431828422,0.0109638131975106));
#3037=CARTESIAN_POINT('',(0.075904651154876,-0.129814540527349,0.010881939107548));
#3038=CARTESIAN_POINT('',(0.0772915865713579,-0.163076945053854,0.0108528807124723));
#3039=CARTESIAN_POINT('',(0.0772912477497438,-0.157166824506584,0.0109373784397288));
#3040=CARTESIAN_POINT('',(0.077048974054003,-0.145746811953809,0.011011387581599));
#3041=CARTESIAN_POINT('',(0.0763587795916602,-0.135024720036584,0.0109193375834636));
#3042=CARTESIAN_POINT('',(0.0759078498088149,-0.129815033248651,0.010837743578206));
#3043=CARTESIAN_POINT('',(0.0772950495347117,-0.163076944076169,0.0108083958333317));
#3044=CARTESIAN_POINT('',(0.0772946986270621,-0.157166889245766,0.0108926814045477));
#3045=CARTESIAN_POINT('',(0.0770523615952077,-0.145747031902005,0.0109665442140886));
#3046=CARTESIAN_POINT('',(0.0763620374318864,-0.13502511890287,0.0108748433589841));
#3047=CARTESIAN_POINT('',(0.0759110281598899,-0.129815522377453,0.0107935329089793));
#3048=CARTESIAN_POINT('',(0.0584181969376129,-0.0688916636559019,0.0409479359447568));
#3049=CARTESIAN_POINT('',(0.0918488561115506,-0.0688916636559019,0.0409479359447568));
#3050=CARTESIAN_POINT('',(0.0584181969376129,-0.0717227349784602,0.0390325964469741));
#3051=CARTESIAN_POINT('',(0.0918488561115506,-0.0717227349784602,0.0390325964469741));
#3052=CARTESIAN_POINT('',(0.0584181969376129,-0.0774097091993495,0.0352310861369904));
#3053=CARTESIAN_POINT('',(0.0918488561115507,-0.0774097091993495,0.0352310861369904));
#3054=CARTESIAN_POINT('',(0.0584181969376128,-0.0843436047199642,0.030141181266738));
#3055=CARTESIAN_POINT('',(0.0918488561115506,-0.0843436047199642,0.030141181266738));
#3056=CARTESIAN_POINT('',(0.0584181969376129,-0.0893330242035951,0.0253279929956618));
#3057=CARTESIAN_POINT('',(0.0918488561115507,-0.0893330242035951,0.0253279929956618));
#3058=CARTESIAN_POINT('',(0.0584181969376128,-0.0924943414022052,0.0211287567011501));
#3059=CARTESIAN_POINT('',(0.0918488561115506,-0.0924943414022052,0.0211287567011501));
#3060=CARTESIAN_POINT('',(0.0584181969376128,-0.0945658815112251,0.0162251326565204));
#3061=CARTESIAN_POINT('',(0.0918488561115506,-0.0945658815112251,0.0162251326565204));
#3062=CARTESIAN_POINT('',(0.0584181969376129,-0.0949240017968741,0.0126822283524446));
#3063=CARTESIAN_POINT('',(0.0918488561115506,-0.0949240017968741,0.0126822283524446));
#3064=CARTESIAN_POINT('',(0.0584181969376129,-0.0948522353179228,0.0109282414958402));
#3065=CARTESIAN_POINT('',(0.0918488561115506,-0.0948522353179228,0.0109282414958402));
#3066=CARTESIAN_POINT('',(0.0711555384806371,-0.0688916636559019,0.0409479359447568));
#3067=CARTESIAN_POINT('',(0.0735524283704362,-0.0714368172607858,0.0392260322359544));
#3068=CARTESIAN_POINT('',(0.0779358100889848,-0.0767803514075042,0.0356506922431497));
#3069=CARTESIAN_POINT('',(0.0825867832928744,-0.0836718161798663,0.0306756571775873));
#3070=CARTESIAN_POINT('',(0.0860057361244524,-0.0888205946542876,0.0258850115310505));
#3071=CARTESIAN_POINT('',(0.0879853678311115,-0.0915827304629784,0.022418212879695));
#3072=CARTESIAN_POINT('',(0.0894429823562945,-0.0933106934776225,0.0192023866983451));
#3073=CARTESIAN_POINT('',(0.0903809393382894,-0.0942579444688242,0.0166244528340835));
#3074=CARTESIAN_POINT('',(0.0911596946103175,-0.094823643924746,0.0138195417330007));
#3075=CARTESIAN_POINT('',(0.0915139393800247,-0.0948920976292714,0.0119024842231));
#3076=CARTESIAN_POINT('',(0.091650650622377,-0.0948522353179228,0.0109282414958402));
#3077=CARTESIAN_POINT('',(-0.0995774143606943,-0.134,0.00918359897742447));
#3078=CARTESIAN_POINT('',(-0.0995774143606943,-0.0889239740750776,0.00918359897742447));
#3079=CARTESIAN_POINT('',(-0.0864818994060621,-0.0446838344994195,0.0078697560887784));
#3080=CARTESIAN_POINT('',(-0.0603546155454731,-0.0440078471574863,0.00556380668671386));
#3081=CARTESIAN_POINT('',(-0.0995584069289909,-0.134,0.00938969766967089));
#3082=CARTESIAN_POINT('',(-0.0995584069289909,-0.0889239740750776,0.00938969766967089));
#3083=CARTESIAN_POINT('',(-0.086464479485398,-0.0446838344994195,0.00804639709576376));
#3084=CARTESIAN_POINT('',(-0.0603430740100043,-0.0440078471574863,0.00568867049263756));
#3085=CARTESIAN_POINT('',(-0.0995387596000017,-0.134,0.00959573734777835));
#3086=CARTESIAN_POINT('',(-0.0995387596000017,-0.0889239740750776,0.00959573734777835));
#3087=CARTESIAN_POINT('',(-0.08644647857109,-0.0446838344994195,0.00822299032230464));
#3088=CARTESIAN_POINT('',(-0.0603311440470105,-0.0440078471574863,0.00581349860955638));
#3089=CARTESIAN_POINT('',(-0.099358092496394,-0.134,0.0114300812341426));
#3090=CARTESIAN_POINT('',(-0.099358092496394,-0.0889239740750776,0.0114300812341426));
#3091=CARTESIAN_POINT('',(-0.0862810045256539,-0.0446838344994195,0.00979520296454536));
#3092=CARTESIAN_POINT('',(-0.0602214432474692,-0.0440078471574863,0.00692482736595039));
#3093=CARTESIAN_POINT('',(-0.0991577381738774,-0.134,0.0130545111659482));
#3094=CARTESIAN_POINT('',(-0.0991577381738774,-0.0889239740750776,0.0130545111659482));
#3095=CARTESIAN_POINT('',(-0.0860978620744456,-0.0446838344994195,0.0111876855890237));
#3096=CARTESIAN_POINT('',(-0.0600997967554764,-0.0440078471574863,0.00790898502317825));
#3097=CARTESIAN_POINT('',(-0.0986775638190788,-0.134,0.0162915837251242));
#3098=CARTESIAN_POINT('',(-0.0986775638190788,-0.0889239740750776,0.0162915837251242));
#3099=CARTESIAN_POINT('',(-0.0856601723945836,-0.0446838344994195,0.0139631023073274));
#3100=CARTESIAN_POINT('',(-0.0598082840244793,-0.0440078471574863,0.00987017180918116));
#3101=CARTESIAN_POINT('',(-0.0983977438332566,-0.134,0.0179042260392878));
#3102=CARTESIAN_POINT('',(-0.0983977438332566,-0.0889239740750776,0.0179042260392878));
#3103=CARTESIAN_POINT('',(-0.0854056251940899,-0.0446838344994195,0.0153460362113143));
#3104=CARTESIAN_POINT('',(-0.0596384178133541,-0.0440078471574863,0.0108472007500102));
#3105=CARTESIAN_POINT('',(-0.0977593122473895,-0.134,0.0211138383639377));
#3106=CARTESIAN_POINT('',(-0.0977593122473895,-0.0889239740750776,0.0211138383639377));
#3107=CARTESIAN_POINT('',(-0.0848263359596617,-0.0446838344994195,0.0180991993759972));
#3108=CARTESIAN_POINT('',(-0.0592508885880739,-0.0440078471574863,0.0127917803915035));
#3109=CARTESIAN_POINT('',(-0.0974007007091169,-0.134,0.022710808063874));
#3110=CARTESIAN_POINT('',(-0.0974007007091169,-0.0889239740750776,0.022710808063874));
#3111=CARTESIAN_POINT('',(-0.0845015939631683,-0.0446838344994195,0.0194694284484652));
#3112=CARTESIAN_POINT('',(-0.0590332256109865,-0.0440078471574863,0.0137593309058161));
#3113=CARTESIAN_POINT('',(-0.0966055499297919,-0.134,0.0258852279167787));
#3114=CARTESIAN_POINT('',(-0.0966055499297919,-0.0889239740750776,0.0258852279167787));
#3115=CARTESIAN_POINT('',(-0.0837832401305214,-0.0446838344994195,0.0221940487218242));
#3116=CARTESIAN_POINT('',(-0.0585506397006346,-0.0440078471574863,0.0156826266387876));
#3117=CARTESIAN_POINT('',(-0.0961690107656752,-0.134,0.0274626777626025));
#3118=CARTESIAN_POINT('',(-0.0961690107656752,-0.0889239740750776,0.0274626777626025));
#3119=CARTESIAN_POINT('',(-0.0833896283409996,-0.0446838344994195,0.0235484397365512));
#3120=CARTESIAN_POINT('',(-0.058285716813537,-0.0440078471574863,0.0166383716731381));
#3121=CARTESIAN_POINT('',(-0.0952190563807666,-0.134,0.03059425768829));
#3122=CARTESIAN_POINT('',(-0.0952190563807666,-0.0889239740750776,0.03059425768829));
#3123=CARTESIAN_POINT('',(-0.0825349737043879,-0.0446838344994195,0.0262382791681538));
#3124=CARTESIAN_POINT('',(-0.0577092605839998,-0.0440078471574863,0.0185357576085781));
#3125=CARTESIAN_POINT('',(-0.0947056412518885,-0.134,0.0321483874651542));
#3126=CARTESIAN_POINT('',(-0.0947056412518885,-0.0889239740750776,0.0321483874651542));
#3127=CARTESIAN_POINT('',(-0.0820739309130081,-0.0446838344994195,0.0275737274013777));
#3128=CARTESIAN_POINT('',(-0.057397727296715,-0.0440078471574863,0.0194773983278466));
#3129=CARTESIAN_POINT('',(-0.0936031717847156,-0.134,0.0352295832132897));
#3130=CARTESIAN_POINT('',(-0.0936031717847156,-0.0889239740750776,0.0352295832132897));
#3131=CARTESIAN_POINT('',(-0.0810859653074932,-0.0446838344994195,0.0302226105947072));
#3132=CARTESIAN_POINT('',(-0.056728810901338,-0.0440078471574863,0.021344310507076));
#3133=CARTESIAN_POINT('',(-0.0930141175530915,-0.134,0.0367566488864364));
#3134=CARTESIAN_POINT('',(-0.0930141175530915,-0.0889239740750776,0.0367566488864364));
#3135=CARTESIAN_POINT('',(-0.0805590425580126,-0.0446838344994195,0.0315360453741159));
#3136=CARTESIAN_POINT('',(-0.0563714278572557,-0.0440078471574863,0.0222695817881414));
#3137=CARTESIAN_POINT('',(-0.0917617889491658,-0.134,0.0397800375865816));
#3138=CARTESIAN_POINT('',(-0.0917617889491658,-0.0889239740750776,0.0397800375865816));
#3139=CARTESIAN_POINT('',(-0.0794409785178125,-0.0446838344994195,0.0341378705025197));
#3140=CARTESIAN_POINT('',(-0.0556116819285048,-0.0440078471574863,0.0241015290889443));
#3141=CARTESIAN_POINT('',(-0.0910985146980347,-0.134,0.0412763603210488));
#3142=CARTESIAN_POINT('',(-0.0910985146980347,-0.0889239740750776,0.0412763603210488));
#3143=CARTESIAN_POINT('',(-0.0788498373005361,-0.0446838344994195,0.0354262606742078));
#3144=CARTESIAN_POINT('',(-0.0552093191165468,-0.0440078471574863,0.0250082049331424));
#3145=CARTESIAN_POINT('',(-0.089699343926654,-0.134,0.0442346583650075));
#3146=CARTESIAN_POINT('',(-0.089699343926654,-0.0889239740750776,0.0442346583650075));
#3147=CARTESIAN_POINT('',(-0.0776051061808721,-0.0446838344994195,0.0379750103196084));
#3148=CARTESIAN_POINT('',(-0.0543605909265153,-0.0440078471574863,0.0268007798004286));
#3149=CARTESIAN_POINT('',(-0.0889634475417828,-0.134,0.0456966333882657));
#3150=CARTESIAN_POINT('',(-0.0889634475417828,-0.0889239740750776,0.0456966333882657));
#3151=CARTESIAN_POINT('',(-0.076951516360539,-0.0446838344994195,0.0392353696198311));
#3152=CARTESIAN_POINT('',(-0.0539142256296782,-0.0440078471574863,0.0276866786517564));
#3153=CARTESIAN_POINT('',(-0.0874208053278882,-0.134,0.0485827139769338));
#3154=CARTESIAN_POINT('',(-0.0874208053278882,-0.0889239740750776,0.0485827139769338));
#3155=CARTESIAN_POINT('',(-0.0755837639323237,-0.0446838344994195,0.0417251214080903));
#3156=CARTESIAN_POINT('',(-0.0529785747286905,-0.0440078471574863,0.0294355676269039));
#3157=CARTESIAN_POINT('',(-0.086614059648125,-0.134,0.0500068192630979));
#3158=CARTESIAN_POINT('',(-0.086614059648125,-0.0889239740750776,0.0500068192630979));
#3159=CARTESIAN_POINT('',(-0.0748696014149099,-0.0446838344994195,0.0429545137268724));
#3160=CARTESIAN_POINT('',(-0.0524892892141067,-0.0440078471574863,0.0302985575831564));
#3161=CARTESIAN_POINT('',(-0.0849316623519294,-0.134,0.0528137295755465));
#3162=CARTESIAN_POINT('',(-0.0849316623519294,-0.0889239740750776,0.0528137295755465));
#3163=CARTESIAN_POINT('',(-0.0733826829428891,-0.0446838344994195,0.0453794507341861));
#3164=CARTESIAN_POINT('',(-0.0514689825579256,-0.0440078471574863,0.0319995516066677));
#3165=CARTESIAN_POINT('',(-0.0840560108982793,-0.134,0.0541965343302451));
#3166=CARTESIAN_POINT('',(-0.0840560108982793,-0.0889239740750776,0.0541965343302451));
#3167=CARTESIAN_POINT('',(-0.0726099270869466,-0.0446838344994195,0.0465749952581063));
#3168=CARTESIAN_POINT('',(-0.0509379615140093,-0.0440078471574863,0.0328375555109559));
#3169=CARTESIAN_POINT('',(-0.0822379115622298,-0.134,0.0569175122736752));
#3170=CARTESIAN_POINT('',(-0.0822379115622298,-0.0889239740750776,0.0569175122736752));
#3171=CARTESIAN_POINT('',(-0.0710079019031523,-0.0446838344994195,0.0489294161633603));
#3172=CARTESIAN_POINT('',(-0.049835468091384,-0.0440078471574863,0.0344865599736065));
#3173=CARTESIAN_POINT('',(-0.0812954638557426,-0.134,0.0582556851991352));
#3174=CARTESIAN_POINT('',(-0.0812954638557426,-0.0889239740750776,0.0582556851991352));
#3175=CARTESIAN_POINT('',(-0.0701786326819231,-0.0446838344994195,0.050088292385122));
#3176=CARTESIAN_POINT('',(-0.0492639958182348,-0.0440078471574863,0.0352975603739877));
#3177=CARTESIAN_POINT('',(-0.0793460424403863,-0.134,0.0608841756993515));
#3178=CARTESIAN_POINT('',(-0.0793460424403863,-0.0889239740750776,0.0608841756993515));
#3179=CARTESIAN_POINT('',(-0.0684657582675101,-0.0446838344994195,0.0523666213437497));
#3180=CARTESIAN_POINT('',(-0.0480819807917348,-0.0440078471574863,0.0368906048922551));
#3181=CARTESIAN_POINT('',(-0.0783390689201358,-0.134,0.0621744930197851));
#3182=CARTESIAN_POINT('',(-0.0783390689201358,-0.0889239740750776,0.0621744930197851));
#3183=CARTESIAN_POINT('',(-0.0675821531886503,-0.0446838344994195,0.0534860739264677));
#3184=CARTESIAN_POINT('',(-0.0474714381515684,-0.0440078471574863,0.0376726488575297));
#3185=CARTESIAN_POINT('',(-0.0762630217524116,-0.134,0.0647041638129439));
#3186=CARTESIAN_POINT('',(-0.0762630217524116,-0.0889239740750776,0.0647041638129439));
#3187=CARTESIAN_POINT('',(-0.0657628787783747,-0.0446838344994195,0.0556828701420261));
#3188=CARTESIAN_POINT('',(-0.0462127565258177,-0.0440078471574863,0.0392058967497507));
#3189=CARTESIAN_POINT('',(-0.0751939483058083,-0.134,0.065943517040908));
#3190=CARTESIAN_POINT('',(-0.0751939483058083,-0.0889239740750776,0.065943517040908));
#3191=CARTESIAN_POINT('',(-0.064827209568709,-0.0446838344994195,0.0567602136265136));
#3192=CARTESIAN_POINT('',(-0.0455646176607696,-0.0440078471574863,0.0399571005298231));
#3193=CARTESIAN_POINT('',(-0.0729962767651835,-0.134,0.0683682739284957));
#3194=CARTESIAN_POINT('',(-0.0729962767651835,-0.0889239740750776,0.0683682739284957));
#3195=CARTESIAN_POINT('',(-0.0629061692934552,-0.0446838344994195,0.0588701805969141));
#3196=CARTESIAN_POINT('',(-0.0442323074933336,-0.0440078471574863,0.0414268579702525));
#3197=CARTESIAN_POINT('',(-0.0718676788838002,-0.134,0.0695536773535093));
#3198=CARTESIAN_POINT('',(-0.0718676788838002,-0.0889239740750776,0.0695536773535093));
#3199=CARTESIAN_POINT('',(-0.06192079835675,-0.0446838344994195,0.0599028039406269));
#3200=CARTESIAN_POINT('',(-0.0435481363185436,-0.0440078471574863,0.042145411489827));
#3201=CARTESIAN_POINT('',(-0.0695536773535094,-0.134,0.0718676788838001));
#3202=CARTESIAN_POINT('',(-0.0695536773535094,-0.0889239740750776,0.0718676788838001));
#3203=CARTESIAN_POINT('',(-0.059902803940627,-0.0446838344994195,0.0619207983567499));
#3204=CARTESIAN_POINT('',(-0.042145411489827,-0.0440078471574863,0.0435481363185436));
#3205=CARTESIAN_POINT('',(-0.0683682739284957,-0.134,0.0729962767651835));
#3206=CARTESIAN_POINT('',(-0.0683682739284957,-0.0889239740750776,0.0729962767651835));
#3207=CARTESIAN_POINT('',(-0.0588701805969141,-0.0446838344994195,0.0629061692934552));
#3208=CARTESIAN_POINT('',(-0.0414268579702525,-0.0440078471574863,0.0442323074933336));
#3209=CARTESIAN_POINT('',(-0.065943517040908,-0.134,0.0751939483058083));
#3210=CARTESIAN_POINT('',(-0.065943517040908,-0.0889239740750776,0.0751939483058083));
#3211=CARTESIAN_POINT('',(-0.0567602136265136,-0.0446838344994195,0.064827209568709));
#3212=CARTESIAN_POINT('',(-0.0399571005298231,-0.0440078471574863,0.0455646176607696));
#3213=CARTESIAN_POINT('',(-0.064704163812944,-0.134,0.0762630217524116));
#3214=CARTESIAN_POINT('',(-0.064704163812944,-0.0889239740750776,0.0762630217524116));
#3215=CARTESIAN_POINT('',(-0.0556828701420261,-0.0446838344994195,0.0657628787783747));
#3216=CARTESIAN_POINT('',(-0.0392058967497508,-0.0440078471574863,0.0462127565258177));
#3217=CARTESIAN_POINT('',(-0.0621744930197852,-0.134,0.0783390689201358));
#3218=CARTESIAN_POINT('',(-0.0621744930197852,-0.0889239740750776,0.0783390689201358));
#3219=CARTESIAN_POINT('',(-0.0534860739264678,-0.0446838344994195,0.0675821531886502));
#3220=CARTESIAN_POINT('',(-0.0376726488575298,-0.0440078471574863,0.0474714381515684));
#3221=CARTESIAN_POINT('',(-0.0608841756993514,-0.134,0.0793460424403864));
#3222=CARTESIAN_POINT('',(-0.0608841756993514,-0.0889239740750776,0.0793460424403864));
#3223=CARTESIAN_POINT('',(-0.0523666213437497,-0.0446838344994195,0.0684657582675101));
#3224=CARTESIAN_POINT('',(-0.036890604892255,-0.0440078471574863,0.0480819807917348));
#3225=CARTESIAN_POINT('',(-0.0582556851991352,-0.134,0.0812954638557426));
#3226=CARTESIAN_POINT('',(-0.0582556851991352,-0.0889239740750776,0.0812954638557426));
#3227=CARTESIAN_POINT('',(-0.0500882923851219,-0.0446838344994195,0.0701786326819231));
#3228=CARTESIAN_POINT('',(-0.0352975603739877,-0.0440078471574863,0.0492639958182348));
#3229=CARTESIAN_POINT('',(-0.0569175122736752,-0.134,0.0822379115622298));
#3230=CARTESIAN_POINT('',(-0.0569175122736752,-0.0889239740750776,0.0822379115622298));
#3231=CARTESIAN_POINT('',(-0.0489294161633603,-0.0446838344994195,0.0710079019031522));
#3232=CARTESIAN_POINT('',(-0.0344865599736065,-0.0440078471574863,0.049835468091384));
#3233=CARTESIAN_POINT('',(-0.0541965343302452,-0.134,0.0840560108982793));
#3234=CARTESIAN_POINT('',(-0.0541965343302452,-0.0889239740750776,0.0840560108982793));
#3235=CARTESIAN_POINT('',(-0.0465749952581065,-0.0446838344994195,0.0726099270869465));
#3236=CARTESIAN_POINT('',(-0.0328375555109559,-0.0440078471574863,0.0509379615140093));
#3237=CARTESIAN_POINT('',(-0.0528137295755465,-0.134,0.0849316623519294));
#3238=CARTESIAN_POINT('',(-0.0528137295755465,-0.0889239740750776,0.0849316623519294));
#3239=CARTESIAN_POINT('',(-0.0453794507341861,-0.0446838344994195,0.0733826829428891));
#3240=CARTESIAN_POINT('',(-0.0319995516066677,-0.0440078471574863,0.0514689825579256));
#3241=CARTESIAN_POINT('',(-0.0500068192630979,-0.134,0.086614059648125));
#3242=CARTESIAN_POINT('',(-0.0500068192630979,-0.0889239740750776,0.086614059648125));
#3243=CARTESIAN_POINT('',(-0.0429545137268724,-0.0446838344994195,0.0748696014149099));
#3244=CARTESIAN_POINT('',(-0.0302985575831564,-0.0440078471574863,0.0524892892141067));
#3245=CARTESIAN_POINT('',(-0.0485827139769339,-0.134,0.0874208053278882));
#3246=CARTESIAN_POINT('',(-0.0485827139769339,-0.0889239740750776,0.0874208053278882));
#3247=CARTESIAN_POINT('',(-0.0417251214080904,-0.0446838344994195,0.0755837639323237));
#3248=CARTESIAN_POINT('',(-0.0294355676269039,-0.0440078471574863,0.0529785747286905));
#3249=CARTESIAN_POINT('',(-0.0456966333882657,-0.134,0.0889634475417828));
#3250=CARTESIAN_POINT('',(-0.0456966333882657,-0.0889239740750776,0.0889634475417828));
#3251=CARTESIAN_POINT('',(-0.0392353696198311,-0.0446838344994195,0.076951516360539));
#3252=CARTESIAN_POINT('',(-0.0276866786517564,-0.0440078471574863,0.0539142256296782));
#3253=CARTESIAN_POINT('',(-0.0442346583650077,-0.134,0.089699343926654));
#3254=CARTESIAN_POINT('',(-0.0442346583650077,-0.0889239740750776,0.089699343926654));
#3255=CARTESIAN_POINT('',(-0.0379750103196084,-0.0446838344994195,0.077605106180872));
#3256=CARTESIAN_POINT('',(-0.0268007798004286,-0.0440078471574863,0.0543605909265153));
#3257=CARTESIAN_POINT('',(-0.0412763603210489,-0.134,0.0910985146980347));
#3258=CARTESIAN_POINT('',(-0.0412763603210489,-0.0889239740750776,0.0910985146980347));
#3259=CARTESIAN_POINT('',(-0.0354262606742079,-0.0446838344994195,0.0788498373005361));
#3260=CARTESIAN_POINT('',(-0.0250082049331425,-0.0440078471574863,0.0552093191165468));
#3261=CARTESIAN_POINT('',(-0.0397800375865816,-0.134,0.0917617889491658));
#3262=CARTESIAN_POINT('',(-0.0397800375865816,-0.0889239740750776,0.0917617889491658));
#3263=CARTESIAN_POINT('',(-0.0341378705025197,-0.0446838344994195,0.0794409785178125));
#3264=CARTESIAN_POINT('',(-0.0241015290889443,-0.0440078471574863,0.0556116819285048));
#3265=CARTESIAN_POINT('',(-0.0367566488864364,-0.134,0.0930141175530915));
#3266=CARTESIAN_POINT('',(-0.0367566488864364,-0.0889239740750776,0.0930141175530915));
#3267=CARTESIAN_POINT('',(-0.0315360453741159,-0.0446838344994195,0.0805590425580126));
#3268=CARTESIAN_POINT('',(-0.0222695817881414,-0.0440078471574863,0.0563714278572557));
#3269=CARTESIAN_POINT('',(-0.0352295832132897,-0.134,0.0936031717847157));
#3270=CARTESIAN_POINT('',(-0.0352295832132897,-0.0889239740750776,0.0936031717847157));
#3271=CARTESIAN_POINT('',(-0.0302226105947072,-0.0446838344994195,0.0810859653074932));
#3272=CARTESIAN_POINT('',(-0.0213443105070761,-0.0440078471574863,0.056728810901338));
#3273=CARTESIAN_POINT('',(-0.0321483874651542,-0.134,0.0947056412518885));
#3274=CARTESIAN_POINT('',(-0.0321483874651542,-0.0889239740750776,0.0947056412518885));
#3275=CARTESIAN_POINT('',(-0.0275737274013777,-0.0446838344994195,0.0820739309130081));
#3276=CARTESIAN_POINT('',(-0.0194773983278466,-0.0440078471574863,0.057397727296715));
#3277=CARTESIAN_POINT('',(-0.03059425768829,-0.134,0.0952190563807666));
#3278=CARTESIAN_POINT('',(-0.03059425768829,-0.0889239740750776,0.0952190563807666));
#3279=CARTESIAN_POINT('',(-0.0262382791681538,-0.0446838344994195,0.0825349737043879));
#3280=CARTESIAN_POINT('',(-0.0185357576085781,-0.0440078471574863,0.0577092605839998));
#3281=CARTESIAN_POINT('',(-0.0274626777626025,-0.134,0.0961690107656752));
#3282=CARTESIAN_POINT('',(-0.0274626777626025,-0.0889239740750776,0.0961690107656752));
#3283=CARTESIAN_POINT('',(-0.0235484397365512,-0.0446838344994195,0.0833896283409996));
#3284=CARTESIAN_POINT('',(-0.0166383716731381,-0.0440078471574863,0.058285716813537));
#3285=CARTESIAN_POINT('',(-0.0258852279167788,-0.134,0.0966055499297919));
#3286=CARTESIAN_POINT('',(-0.0258852279167788,-0.0889239740750776,0.0966055499297919));
#3287=CARTESIAN_POINT('',(-0.0221940487218243,-0.0446838344994195,0.0837832401305213));
#3288=CARTESIAN_POINT('',(-0.0156826266387877,-0.0440078471574863,0.0585506397006346));
#3289=CARTESIAN_POINT('',(-0.0227108080638741,-0.134,0.0974007007091169));
#3290=CARTESIAN_POINT('',(-0.0227108080638741,-0.0889239740750776,0.0974007007091169));
#3291=CARTESIAN_POINT('',(-0.0194694284484652,-0.0446838344994195,0.0845015939631683));
#3292=CARTESIAN_POINT('',(-0.0137593309058162,-0.0440078471574863,0.0590332256109865));
#3293=CARTESIAN_POINT('',(-0.0211138383639377,-0.134,0.0977593122473896));
#3294=CARTESIAN_POINT('',(-0.0211138383639377,-0.0889239740750776,0.0977593122473896));
#3295=CARTESIAN_POINT('',(-0.0180991993759971,-0.0446838344994195,0.0848263359596618));
#3296=CARTESIAN_POINT('',(-0.0127917803915035,-0.0440078471574863,0.0592508885880739));
#3297=CARTESIAN_POINT('',(-0.0179042260392879,-0.134,0.0983977438332566));
#3298=CARTESIAN_POINT('',(-0.0179042260392879,-0.0889239740750776,0.0983977438332566));
#3299=CARTESIAN_POINT('',(-0.0153460362113143,-0.0446838344994195,0.0854056251940899));
#3300=CARTESIAN_POINT('',(-0.0108472007500102,-0.0440078471574863,0.0596384178133541));
#3301=CARTESIAN_POINT('',(-0.0162915837251243,-0.134,0.0986775638190788));
#3302=CARTESIAN_POINT('',(-0.0162915837251243,-0.0889239740750776,0.0986775638190788));
#3303=CARTESIAN_POINT('',(-0.0139631023073275,-0.0446838344994195,0.0856601723945836));
#3304=CARTESIAN_POINT('',(-0.00987017180918124,-0.0440078471574863,0.0598082840244793));
#3305=CARTESIAN_POINT('',(-0.0130545111659483,-0.134,0.0991577381738774));
#3306=CARTESIAN_POINT('',(-0.0130545111659483,-0.0889239740750776,0.0991577381738774));
#3307=CARTESIAN_POINT('',(-0.0111876855890238,-0.0446838344994195,0.0860978620744456));
#3308=CARTESIAN_POINT('',(-0.00790898502317833,-0.0440078471574863,0.0600997967554764));
#3309=CARTESIAN_POINT('',(-0.0114300812341426,-0.134,0.099358092496394));
#3310=CARTESIAN_POINT('',(-0.0114300812341426,-0.0889239740750776,0.099358092496394));
#3311=CARTESIAN_POINT('',(-0.00979520296454532,-0.0446838344994195,0.0862810045256539));
#3312=CARTESIAN_POINT('',(-0.00692482736595037,-0.0440078471574863,0.0602214432474692));
#3313=CARTESIAN_POINT('',(-0.00817334683176951,-0.134,0.0996788528380453));
#3314=CARTESIAN_POINT('',(-0.00817334683176951,-0.0889239740750776,0.0996788528380453));
#3315=CARTESIAN_POINT('',(-0.00700386212715207,-0.0446838344994195,0.0865747907783176));
#3316=CARTESIAN_POINT('',(-0.0049517498965624,-0.0440078471574863,0.0604162084550672));
#3317=CARTESIAN_POINT('',(-0.00654104267631109,-0.134,0.0997992588261445));
#3318=CARTESIAN_POINT('',(-0.00654104267631109,-0.0889239740750776,0.0997992588261445));
#3319=CARTESIAN_POINT('',(-0.00560500410522869,-0.0446838344994195,0.0866854345609619));
#3320=CARTESIAN_POINT('',(-0.00396283027348985,-0.0440078471574863,0.0604893271520489));
#3321=CARTESIAN_POINT('',(-0.00327249218917252,-0.134,0.09995983241489));
#3322=CARTESIAN_POINT('',(-0.00327249218917252,-0.0889239740750776,0.09995983241489));
#3323=CARTESIAN_POINT('',(-0.00280409729306649,-0.0446838344994195,0.0868332462866182));
#3324=CARTESIAN_POINT('',(-0.00198260700542954,-0.0440078471574863,0.0605868442594964));
#3325=CARTESIAN_POINT('',(-0.0016362461737447,-0.134,0.1));
#3326=CARTESIAN_POINT('',(-0.0016362461737447,-0.0889239740750776,0.1));
#3327=CARTESIAN_POINT('',(-0.00140204869451217,-0.0446838344994195,0.0868704142202131));
#3328=CARTESIAN_POINT('',(-0.000991303550215397,-0.0440078471574863,0.0606112426606393));
#3329=CARTESIAN_POINT('',(0.00163624617374467,-0.134,0.1));
#3330=CARTESIAN_POINT('',(0.00163624617374468,-0.0889239740750776,0.1));
#3331=CARTESIAN_POINT('',(0.00140204869451215,-0.0446838344994195,0.0868704142202131));
#3332=CARTESIAN_POINT('',(0.000991303550215383,-0.0440078471574863,0.0606112426606393));
#3333=CARTESIAN_POINT('',(0.00327249218917248,-0.134,0.09995983241489));
#3334=CARTESIAN_POINT('',(0.00327249218917248,-0.0889239740750776,0.09995983241489));
#3335=CARTESIAN_POINT('',(0.00280409729306648,-0.0446838344994195,0.0868332462866182));
#3336=CARTESIAN_POINT('',(0.00198260700542953,-0.0440078471574863,0.0605868442594964));
#3337=CARTESIAN_POINT('',(0.00654104267631106,-0.134,0.0997992588261445));
#3338=CARTESIAN_POINT('',(0.00654104267631106,-0.0889239740750776,0.0997992588261445));
#3339=CARTESIAN_POINT('',(0.00560500410522868,-0.0446838344994195,0.0866854345609619));
#3340=CARTESIAN_POINT('',(0.00396283027348984,-0.0440078471574863,0.0604893271520489));
#3341=CARTESIAN_POINT('',(0.00817334683176949,-0.134,0.0996788528380453));
#3342=CARTESIAN_POINT('',(0.00817334683176949,-0.0889239740750776,0.0996788528380453));
#3343=CARTESIAN_POINT('',(0.00700386212715206,-0.0446838344994195,0.0865747907783175));
#3344=CARTESIAN_POINT('',(0.00495174989656238,-0.0440078471574863,0.0604162084550672));
#3345=CARTESIAN_POINT('',(0.0114300812341425,-0.134,0.099358092496394));
#3346=CARTESIAN_POINT('',(0.0114300812341425,-0.0889239740750776,0.099358092496394));
#3347=CARTESIAN_POINT('',(0.00979520296454531,-0.0446838344994195,0.0862810045256539));
#3348=CARTESIAN_POINT('',(0.00692482736595036,-0.0440078471574863,0.0602214432474692));
#3349=CARTESIAN_POINT('',(0.0130545111659483,-0.134,0.0991577381738774));
#3350=CARTESIAN_POINT('',(0.0130545111659483,-0.0889239740750776,0.0991577381738774));
#3351=CARTESIAN_POINT('',(0.0111876855890238,-0.0446838344994195,0.0860978620744456));
#3352=CARTESIAN_POINT('',(0.00790898502317831,-0.0440078471574863,0.0600997967554764));
#3353=CARTESIAN_POINT('',(0.0162915837251243,-0.134,0.0986775638190788));
#3354=CARTESIAN_POINT('',(0.0162915837251243,-0.0889239740750776,0.0986775638190788));
#3355=CARTESIAN_POINT('',(0.0139631023073275,-0.0446838344994195,0.0856601723945836));
#3356=CARTESIAN_POINT('',(0.00987017180918123,-0.0440078471574863,0.0598082840244793));
#3357=CARTESIAN_POINT('',(0.0179042260392878,-0.134,0.0983977438332566));
#3358=CARTESIAN_POINT('',(0.0179042260392878,-0.0889239740750776,0.0983977438332566));
#3359=CARTESIAN_POINT('',(0.0153460362113143,-0.0446838344994195,0.0854056251940899));
#3360=CARTESIAN_POINT('',(0.0108472007500102,-0.0440078471574863,0.0596384178133541));
#3361=CARTESIAN_POINT('',(0.0211138383639377,-0.134,0.0977593122473896));
#3362=CARTESIAN_POINT('',(0.0211138383639377,-0.0889239740750776,0.0977593122473896));
#3363=CARTESIAN_POINT('',(0.0180991993759971,-0.0446838344994195,0.0848263359596617));
#3364=CARTESIAN_POINT('',(0.0127917803915035,-0.0440078471574863,0.0592508885880739));
#3365=CARTESIAN_POINT('',(0.022710808063874,-0.134,0.0974007007091169));
#3366=CARTESIAN_POINT('',(0.022710808063874,-0.0889239740750776,0.0974007007091169));
#3367=CARTESIAN_POINT('',(0.0194694284484652,-0.0446838344994195,0.0845015939631683));
#3368=CARTESIAN_POINT('',(0.0137593309058161,-0.0440078471574863,0.0590332256109865));
#3369=CARTESIAN_POINT('',(0.0258852279167787,-0.134,0.0966055499297919));
#3370=CARTESIAN_POINT('',(0.0258852279167787,-0.0889239740750776,0.0966055499297919));
#3371=CARTESIAN_POINT('',(0.0221940487218242,-0.0446838344994195,0.0837832401305214));
#3372=CARTESIAN_POINT('',(0.0156826266387876,-0.0440078471574863,0.0585506397006346));
#3373=CARTESIAN_POINT('',(0.0274626777626025,-0.134,0.0961690107656752));
#3374=CARTESIAN_POINT('',(0.0274626777626025,-0.0889239740750776,0.0961690107656752));
#3375=CARTESIAN_POINT('',(0.0235484397365512,-0.0446838344994195,0.0833896283409996));
#3376=CARTESIAN_POINT('',(0.0166383716731381,-0.0440078471574863,0.058285716813537));
#3377=CARTESIAN_POINT('',(0.03059425768829,-0.134,0.0952190563807666));
#3378=CARTESIAN_POINT('',(0.03059425768829,-0.0889239740750776,0.0952190563807666));
#3379=CARTESIAN_POINT('',(0.0262382791681538,-0.0446838344994195,0.0825349737043879));
#3380=CARTESIAN_POINT('',(0.0185357576085781,-0.0440078471574863,0.0577092605839998));
#3381=CARTESIAN_POINT('',(0.0321483874651542,-0.134,0.0947056412518885));
#3382=CARTESIAN_POINT('',(0.0321483874651542,-0.0889239740750776,0.0947056412518885));
#3383=CARTESIAN_POINT('',(0.0275737274013777,-0.0446838344994195,0.0820739309130081));
#3384=CARTESIAN_POINT('',(0.0194773983278466,-0.0440078471574863,0.057397727296715));
#3385=CARTESIAN_POINT('',(0.0352295832132897,-0.134,0.0936031717847157));
#3386=CARTESIAN_POINT('',(0.0352295832132897,-0.0889239740750776,0.0936031717847157));
#3387=CARTESIAN_POINT('',(0.0302226105947072,-0.0446838344994195,0.0810859653074932));
#3388=CARTESIAN_POINT('',(0.021344310507076,-0.0440078471574863,0.056728810901338));
#3389=CARTESIAN_POINT('',(0.0367566488864364,-0.134,0.0930141175530915));
#3390=CARTESIAN_POINT('',(0.0367566488864364,-0.0889239740750776,0.0930141175530915));
#3391=CARTESIAN_POINT('',(0.0315360453741159,-0.0446838344994195,0.0805590425580126));
#3392=CARTESIAN_POINT('',(0.0222695817881414,-0.0440078471574863,0.0563714278572557));
#3393=CARTESIAN_POINT('',(0.0397800375865816,-0.134,0.0917617889491658));
#3394=CARTESIAN_POINT('',(0.0397800375865816,-0.0889239740750776,0.0917617889491658));
#3395=CARTESIAN_POINT('',(0.0341378705025197,-0.0446838344994195,0.0794409785178125));
#3396=CARTESIAN_POINT('',(0.0241015290889443,-0.0440078471574863,0.0556116819285048));
#3397=CARTESIAN_POINT('',(0.0412763603210488,-0.134,0.0910985146980347));
#3398=CARTESIAN_POINT('',(0.0412763603210488,-0.0889239740750776,0.0910985146980347));
#3399=CARTESIAN_POINT('',(0.0354262606742078,-0.0446838344994195,0.0788498373005361));
#3400=CARTESIAN_POINT('',(0.0250082049331424,-0.0440078471574863,0.0552093191165468));
#3401=CARTESIAN_POINT('',(0.0442346583650075,-0.134,0.089699343926654));
#3402=CARTESIAN_POINT('',(0.0442346583650075,-0.0889239740750776,0.089699343926654));
#3403=CARTESIAN_POINT('',(0.0379750103196084,-0.0446838344994195,0.0776051061808721));
#3404=CARTESIAN_POINT('',(0.0268007798004285,-0.0440078471574863,0.0543605909265153));
#3405=CARTESIAN_POINT('',(0.0456966333882657,-0.134,0.0889634475417828));
#3406=CARTESIAN_POINT('',(0.0456966333882657,-0.0889239740750776,0.0889634475417828));
#3407=CARTESIAN_POINT('',(0.0392353696198311,-0.0446838344994195,0.076951516360539));
#3408=CARTESIAN_POINT('',(0.0276866786517564,-0.0440078471574863,0.0539142256296782));
#3409=CARTESIAN_POINT('',(0.0485827139769338,-0.134,0.0874208053278882));
#3410=CARTESIAN_POINT('',(0.0485827139769338,-0.0889239740750776,0.0874208053278882));
#3411=CARTESIAN_POINT('',(0.0417251214080904,-0.0446838344994195,0.0755837639323237));
#3412=CARTESIAN_POINT('',(0.0294355676269039,-0.0440078471574863,0.0529785747286905));
#3413=CARTESIAN_POINT('',(0.0500068192630979,-0.134,0.086614059648125));
#3414=CARTESIAN_POINT('',(0.0500068192630979,-0.0889239740750776,0.086614059648125));
#3415=CARTESIAN_POINT('',(0.0429545137268724,-0.0446838344994195,0.0748696014149099));
#3416=CARTESIAN_POINT('',(0.0302985575831564,-0.0440078471574863,0.0524892892141067));
#3417=CARTESIAN_POINT('',(0.0528137295755465,-0.134,0.0849316623519294));
#3418=CARTESIAN_POINT('',(0.0528137295755465,-0.0889239740750776,0.0849316623519294));
#3419=CARTESIAN_POINT('',(0.0453794507341862,-0.0446838344994195,0.0733826829428891));
#3420=CARTESIAN_POINT('',(0.0319995516066677,-0.0440078471574863,0.0514689825579257));
#3421=CARTESIAN_POINT('',(0.0541965343302452,-0.134,0.0840560108982793));
#3422=CARTESIAN_POINT('',(0.0541965343302452,-0.0889239740750776,0.0840560108982793));
#3423=CARTESIAN_POINT('',(0.0465749952581064,-0.0446838344994195,0.0726099270869465));
#3424=CARTESIAN_POINT('',(0.0328375555109559,-0.0440078471574863,0.0509379615140093));
#3425=CARTESIAN_POINT('',(0.0569175122736752,-0.134,0.0822379115622298));
#3426=CARTESIAN_POINT('',(0.0569175122736752,-0.0889239740750776,0.0822379115622298));
#3427=CARTESIAN_POINT('',(0.0489294161633603,-0.0446838344994195,0.0710079019031522));
#3428=CARTESIAN_POINT('',(0.0344865599736065,-0.0440078471574863,0.049835468091384));
#3429=CARTESIAN_POINT('',(0.0582556851991351,-0.134,0.0812954638557427));
#3430=CARTESIAN_POINT('',(0.0582556851991351,-0.0889239740750776,0.0812954638557427));
#3431=CARTESIAN_POINT('',(0.0500882923851219,-0.0446838344994195,0.0701786326819231));
#3432=CARTESIAN_POINT('',(0.0352975603739876,-0.0440078471574863,0.0492639958182348));
#3433=CARTESIAN_POINT('',(0.0608841756993514,-0.134,0.0793460424403865));
#3434=CARTESIAN_POINT('',(0.0608841756993514,-0.0889239740750776,0.0793460424403865));
#3435=CARTESIAN_POINT('',(0.0523666213437497,-0.0446838344994195,0.0684657582675101));
#3436=CARTESIAN_POINT('',(0.036890604892255,-0.0440078471574863,0.0480819807917348));
#3437=CARTESIAN_POINT('',(0.0621744930197851,-0.134,0.0783390689201358));
#3438=CARTESIAN_POINT('',(0.0621744930197851,-0.0889239740750776,0.0783390689201358));
#3439=CARTESIAN_POINT('',(0.0534860739264678,-0.0446838344994195,0.0675821531886502));
#3440=CARTESIAN_POINT('',(0.0376726488575298,-0.0440078471574863,0.0474714381515684));
#3441=CARTESIAN_POINT('',(0.064704163812944,-0.134,0.0762630217524116));
#3442=CARTESIAN_POINT('',(0.064704163812944,-0.0889239740750776,0.0762630217524116));
#3443=CARTESIAN_POINT('',(0.0556828701420261,-0.0446838344994195,0.0657628787783747));
#3444=CARTESIAN_POINT('',(0.0392058967497508,-0.0440078471574863,0.0462127565258177));
#3445=CARTESIAN_POINT('',(0.0659435170409079,-0.134,0.0751939483058084));
#3446=CARTESIAN_POINT('',(0.0659435170409079,-0.0889239740750776,0.0751939483058084));
#3447=CARTESIAN_POINT('',(0.0567602136265136,-0.0446838344994195,0.064827209568709));
#3448=CARTESIAN_POINT('',(0.039957100529823,-0.0440078471574863,0.0455646176607696));
#3449=CARTESIAN_POINT('',(0.0683682739284957,-0.134,0.0729962767651836));
#3450=CARTESIAN_POINT('',(0.0683682739284957,-0.0889239740750776,0.0729962767651836));
#3451=CARTESIAN_POINT('',(0.0588701805969141,-0.0446838344994195,0.0629061692934552));
#3452=CARTESIAN_POINT('',(0.0414268579702525,-0.0440078471574863,0.0442323074933337));
#3453=CARTESIAN_POINT('',(0.0695536773535093,-0.134,0.0718676788838002));
#3454=CARTESIAN_POINT('',(0.0695536773535093,-0.0889239740750776,0.0718676788838002));
#3455=CARTESIAN_POINT('',(0.059902803940627,-0.0446838344994195,0.0619207983567499));
#3456=CARTESIAN_POINT('',(0.042145411489827,-0.0440078471574863,0.0435481363185436));
#3457=CARTESIAN_POINT('',(0.0718676788838002,-0.134,0.0695536773535094));
#3458=CARTESIAN_POINT('',(0.0718676788838002,-0.0889239740750776,0.0695536773535094));
#3459=CARTESIAN_POINT('',(0.0619207983567499,-0.0446838344994195,0.0599028039406269));
#3460=CARTESIAN_POINT('',(0.0435481363185436,-0.0440078471574863,0.042145411489827));
#3461=CARTESIAN_POINT('',(0.0729962767651835,-0.134,0.0683682739284957));
#3462=CARTESIAN_POINT('',(0.0729962767651835,-0.0889239740750776,0.0683682739284957));
#3463=CARTESIAN_POINT('',(0.0629061692934552,-0.0446838344994195,0.0588701805969141));
#3464=CARTESIAN_POINT('',(0.0442323074933336,-0.0440078471574863,0.0414268579702525));
#3465=CARTESIAN_POINT('',(0.0751939483058083,-0.134,0.065943517040908));
#3466=CARTESIAN_POINT('',(0.0751939483058083,-0.0889239740750776,0.065943517040908));
#3467=CARTESIAN_POINT('',(0.064827209568709,-0.0446838344994195,0.0567602136265136));
#3468=CARTESIAN_POINT('',(0.0455646176607696,-0.0440078471574863,0.0399571005298231));
#3469=CARTESIAN_POINT('',(0.0762630217524116,-0.134,0.064704163812944));
#3470=CARTESIAN_POINT('',(0.0762630217524116,-0.0889239740750776,0.064704163812944));
#3471=CARTESIAN_POINT('',(0.0657628787783747,-0.0446838344994195,0.0556828701420261));
#3472=CARTESIAN_POINT('',(0.0462127565258177,-0.0440078471574863,0.0392058967497508));
#3473=CARTESIAN_POINT('',(0.0783390689201358,-0.134,0.0621744930197852));
#3474=CARTESIAN_POINT('',(0.0783390689201358,-0.0889239740750776,0.0621744930197852));
#3475=CARTESIAN_POINT('',(0.0675821531886502,-0.0446838344994195,0.0534860739264678));
#3476=CARTESIAN_POINT('',(0.0474714381515684,-0.0440078471574863,0.0376726488575298));
#3477=CARTESIAN_POINT('',(0.0793460424403864,-0.134,0.0608841756993515));
#3478=CARTESIAN_POINT('',(0.0793460424403864,-0.0889239740750776,0.0608841756993515));
#3479=CARTESIAN_POINT('',(0.0684657582675101,-0.0446838344994195,0.0523666213437497));
#3480=CARTESIAN_POINT('',(0.0480819807917348,-0.0440078471574863,0.036890604892255));
#3481=CARTESIAN_POINT('',(0.0812954638557426,-0.134,0.0582556851991352));
#3482=CARTESIAN_POINT('',(0.0812954638557426,-0.0889239740750776,0.0582556851991352));
#3483=CARTESIAN_POINT('',(0.0701786326819231,-0.0446838344994195,0.050088292385122));
#3484=CARTESIAN_POINT('',(0.0492639958182348,-0.0440078471574863,0.0352975603739877));
#3485=CARTESIAN_POINT('',(0.0822379115622298,-0.134,0.0569175122736752));
#3486=CARTESIAN_POINT('',(0.0822379115622298,-0.0889239740750776,0.0569175122736752));
#3487=CARTESIAN_POINT('',(0.0710079019031523,-0.0446838344994195,0.0489294161633603));
#3488=CARTESIAN_POINT('',(0.049835468091384,-0.0440078471574863,0.0344865599736065));
#3489=CARTESIAN_POINT('',(0.0840560108982793,-0.134,0.0541965343302451));
#3490=CARTESIAN_POINT('',(0.0840560108982793,-0.0889239740750776,0.0541965343302451));
#3491=CARTESIAN_POINT('',(0.0726099270869466,-0.0446838344994195,0.0465749952581063));
#3492=CARTESIAN_POINT('',(0.0509379615140093,-0.0440078471574863,0.0328375555109559));
#3493=CARTESIAN_POINT('',(0.0849316623519295,-0.134,0.0528137295755464));
#3494=CARTESIAN_POINT('',(0.0849316623519295,-0.0889239740750776,0.0528137295755464));
#3495=CARTESIAN_POINT('',(0.0733826829428891,-0.0446838344994195,0.0453794507341861));
#3496=CARTESIAN_POINT('',(0.0514689825579257,-0.0440078471574863,0.0319995516066677));
#3497=CARTESIAN_POINT('',(0.0866140596481251,-0.134,0.0500068192630978));
#3498=CARTESIAN_POINT('',(0.0866140596481251,-0.0889239740750776,0.0500068192630978));
#3499=CARTESIAN_POINT('',(0.0748696014149099,-0.0446838344994195,0.0429545137268723));
#3500=CARTESIAN_POINT('',(0.0524892892141067,-0.0440078471574863,0.0302985575831564));
#3501=CARTESIAN_POINT('',(0.0874208053278882,-0.134,0.0485827139769339));
#3502=CARTESIAN_POINT('',(0.0874208053278882,-0.0889239740750776,0.0485827139769339));
#3503=CARTESIAN_POINT('',(0.0755837639323237,-0.0446838344994195,0.0417251214080904));
#3504=CARTESIAN_POINT('',(0.0529785747286905,-0.0440078471574863,0.0294355676269039));
#3505=CARTESIAN_POINT('',(0.0889634475417828,-0.134,0.0456966333882657));
#3506=CARTESIAN_POINT('',(0.0889634475417828,-0.0889239740750776,0.0456966333882657));
#3507=CARTESIAN_POINT('',(0.076951516360539,-0.0446838344994195,0.0392353696198312));
#3508=CARTESIAN_POINT('',(0.0539142256296782,-0.0440078471574863,0.0276866786517564));
#3509=CARTESIAN_POINT('',(0.0896993439266539,-0.134,0.0442346583650077));
#3510=CARTESIAN_POINT('',(0.0896993439266539,-0.0889239740750776,0.0442346583650077));
#3511=CARTESIAN_POINT('',(0.0776051061808721,-0.0446838344994195,0.0379750103196085));
#3512=CARTESIAN_POINT('',(0.0543605909265153,-0.0440078471574863,0.0268007798004287));
#3513=CARTESIAN_POINT('',(0.0910985146980346,-0.134,0.0412763603210489));
#3514=CARTESIAN_POINT('',(0.0910985146980346,-0.0889239740750776,0.0412763603210489));
#3515=CARTESIAN_POINT('',(0.0788498373005361,-0.0446838344994195,0.0354262606742079));
#3516=CARTESIAN_POINT('',(0.0552093191165468,-0.0440078471574863,0.0250082049331425));
#3517=CARTESIAN_POINT('',(0.0917617889491658,-0.134,0.0397800375865816));
#3518=CARTESIAN_POINT('',(0.0917617889491658,-0.0889239740750776,0.0397800375865816));
#3519=CARTESIAN_POINT('',(0.0794409785178125,-0.0446838344994195,0.0341378705025197));
#3520=CARTESIAN_POINT('',(0.0556116819285048,-0.0440078471574863,0.0241015290889443));
#3521=CARTESIAN_POINT('',(0.0930141175530915,-0.134,0.0367566488864364));
#3522=CARTESIAN_POINT('',(0.0930141175530915,-0.0889239740750776,0.0367566488864364));
#3523=CARTESIAN_POINT('',(0.0805590425580126,-0.0446838344994195,0.031536045374116));
#3524=CARTESIAN_POINT('',(0.0563714278572557,-0.0440078471574863,0.0222695817881414));
#3525=CARTESIAN_POINT('',(0.0936031717847157,-0.134,0.0352295832132897));
#3526=CARTESIAN_POINT('',(0.0936031717847157,-0.0889239740750776,0.0352295832132897));
#3527=CARTESIAN_POINT('',(0.0810859653074933,-0.0446838344994195,0.0302226105947073));
#3528=CARTESIAN_POINT('',(0.056728810901338,-0.0440078471574863,0.0213443105070761));
#3529=CARTESIAN_POINT('',(0.0947056412518885,-0.134,0.0321483874651542));
#3530=CARTESIAN_POINT('',(0.0947056412518885,-0.0889239740750776,0.0321483874651542));
#3531=CARTESIAN_POINT('',(0.0820739309130082,-0.0446838344994195,0.0275737274013777));
#3532=CARTESIAN_POINT('',(0.057397727296715,-0.0440078471574863,0.0194773983278466));
#3533=CARTESIAN_POINT('',(0.0952190563807666,-0.134,0.03059425768829));
#3534=CARTESIAN_POINT('',(0.0952190563807666,-0.0889239740750776,0.03059425768829));
#3535=CARTESIAN_POINT('',(0.0825349737043879,-0.0446838344994195,0.0262382791681538));
#3536=CARTESIAN_POINT('',(0.0577092605839998,-0.0440078471574863,0.0185357576085781));
#3537=CARTESIAN_POINT('',(0.0961690107656752,-0.134,0.0274626777626025));
#3538=CARTESIAN_POINT('',(0.0961690107656752,-0.0889239740750776,0.0274626777626025));
#3539=CARTESIAN_POINT('',(0.0833896283409996,-0.0446838344994195,0.0235484397365512));
#3540=CARTESIAN_POINT('',(0.058285716813537,-0.0440078471574863,0.0166383716731382));
#3541=CARTESIAN_POINT('',(0.0966055499297919,-0.134,0.0258852279167787));
#3542=CARTESIAN_POINT('',(0.0966055499297919,-0.0889239740750776,0.0258852279167787));
#3543=CARTESIAN_POINT('',(0.0837832401305214,-0.0446838344994195,0.0221940487218242));
#3544=CARTESIAN_POINT('',(0.0585506397006346,-0.0440078471574863,0.0156826266387876));
#3545=CARTESIAN_POINT('',(0.0974007007091169,-0.134,0.0227108080638741));
#3546=CARTESIAN_POINT('',(0.0974007007091169,-0.0889239740750776,0.0227108080638741));
#3547=CARTESIAN_POINT('',(0.0845015939631683,-0.0446838344994195,0.0194694284484652));
#3548=CARTESIAN_POINT('',(0.0590332256109865,-0.0440078471574863,0.0137593309058162));
#3549=CARTESIAN_POINT('',(0.0977593122473895,-0.134,0.0211138383639378));
#3550=CARTESIAN_POINT('',(0.0977593122473895,-0.0889239740750776,0.0211138383639378));
#3551=CARTESIAN_POINT('',(0.0848263359596618,-0.0446838344994195,0.0180991993759972));
#3552=CARTESIAN_POINT('',(0.0592508885880739,-0.0440078471574863,0.0127917803915036));
#3553=CARTESIAN_POINT('',(0.0983977438332566,-0.134,0.017904226039288));
#3554=CARTESIAN_POINT('',(0.0983977438332566,-0.0889239740750776,0.017904226039288));
#3555=CARTESIAN_POINT('',(0.0854056251940899,-0.0446838344994195,0.0153460362113144));
#3556=CARTESIAN_POINT('',(0.0596384178133541,-0.0440078471574863,0.0108472007500103));
#3557=CARTESIAN_POINT('',(0.0986775638190788,-0.134,0.0162915837251243));
#3558=CARTESIAN_POINT('',(0.0986775638190788,-0.0889239740750776,0.0162915837251243));
#3559=CARTESIAN_POINT('',(0.0856601723945837,-0.0446838344994195,0.0139631023073275));
#3560=CARTESIAN_POINT('',(0.0598082840244794,-0.0440078471574863,0.0098701718091812));
#3561=CARTESIAN_POINT('',(0.0991577381738774,-0.134,0.0130545111659482));
#3562=CARTESIAN_POINT('',(0.0991577381738774,-0.0889239740750776,0.0130545111659482));
#3563=CARTESIAN_POINT('',(0.0860978620744457,-0.0446838344994195,0.0111876855890238));
#3564=CARTESIAN_POINT('',(0.0600997967554764,-0.0440078471574863,0.00790898502317829));
#3565=CARTESIAN_POINT('',(0.0993580924963941,-0.134,0.0114300812341426));
#3566=CARTESIAN_POINT('',(0.0993580924963941,-0.0889239740750776,0.0114300812341426));
#3567=CARTESIAN_POINT('',(0.0862810045256539,-0.0446838344994195,0.00979520296454534));
#3568=CARTESIAN_POINT('',(0.0602214432474692,-0.0440078471574863,0.00692482736595038));
#3569=CARTESIAN_POINT('',(0.0995387596000017,-0.134,0.00959573734777836));
#3570=CARTESIAN_POINT('',(0.0995387596000017,-0.0889239740750776,0.00959573734777836));
#3571=CARTESIAN_POINT('',(0.08644647857109,-0.0446838344994195,0.00822299032230465));
#3572=CARTESIAN_POINT('',(0.0603311440470105,-0.0440078471574863,0.00581349860955638));
#3573=CARTESIAN_POINT('',(0.099558406928991,-0.134,0.00938969766967093));
#3574=CARTESIAN_POINT('',(0.099558406928991,-0.0889239740750776,0.00938969766967093));
#3575=CARTESIAN_POINT('',(0.086464479485398,-0.0446838344994195,0.00804639709576379));
#3576=CARTESIAN_POINT('',(0.0603430740100043,-0.0440078471574863,0.00568867049263757));
#3577=CARTESIAN_POINT('',(0.0995774143606943,-0.134,0.00918359897742452));
#3578=CARTESIAN_POINT('',(0.0995774143606943,-0.0889239740750776,0.00918359897742452));
#3579=CARTESIAN_POINT('',(0.0864818994060621,-0.0446838344994195,0.00786975608877845));
#3580=CARTESIAN_POINT('',(0.0603546155454731,-0.0440078471574863,0.00556380668671389));
#3581=CARTESIAN_POINT('',(0.0750209738900806,-0.0697105776435073,0.0475644461174867));
#3582=CARTESIAN_POINT('',(0.0728325986689884,-0.0673894649134324,0.0491224804599424));
#3583=CARTESIAN_POINT('',(0.0681212752560084,-0.062953817655198,0.0520916410621261));
#3584=CARTESIAN_POINT('',(0.0601825978577791,-0.057171542299722,0.0559304075583944));
#3585=CARTESIAN_POINT('',(0.0512044204069419,-0.0522423611709754,0.0590286660592848));
#3586=CARTESIAN_POINT('',(0.043223408798942,-0.0490800581764423,0.0607010479981327));
#3587=CARTESIAN_POINT('',(0.0365130663662532,-0.0471120865866528,0.0614641340120387));
#3588=CARTESIAN_POINT('',(0.0295708995690719,-0.0455427014092436,0.0618525431240993));
#3589=CARTESIAN_POINT('',(0.020884993996485,-0.0444195858343154,0.0617156886399559));
#3590=CARTESIAN_POINT('',(0.0104079103322758,-0.0440398068641356,0.0612319488589271));
#3591=CARTESIAN_POINT('',(-8.47562847043002E-5,-0.0440168596263973,0.0610051828975642));
#3592=CARTESIAN_POINT('',(-0.0105711802122081,-0.0440408599775442,0.0612384570664586));
#3593=CARTESIAN_POINT('',(-0.0211108633466565,-0.0444354340788739,0.0617254136251642));
#3594=CARTESIAN_POINT('',(-0.0314684700603393,-0.0458051755548644,0.0618724697352848));
#3595=CARTESIAN_POINT('',(-0.0416273398271209,-0.0484407941187584,0.061043136570749));
#3596=CARTESIAN_POINT('',(-0.0513520506270271,-0.0523121536615788,0.0589869879400071));
#3597=CARTESIAN_POINT('',(-0.0601901784894429,-0.0571801124248118,0.0559241018929862));
#3598=CARTESIAN_POINT('',(-0.068178259302435,-0.062998705553591,0.052061912153619));
#3599=CARTESIAN_POINT('',(-0.0728494925288229,-0.0674073834828272,0.0491104527173324));
#3600=CARTESIAN_POINT('',(-0.0750209738893251,-0.069710577642706,0.0475644461180245));
#3601=CARTESIAN_POINT('',(0.0750209738900806,-0.0697105776435073,0.0475644461174867));
#3602=CARTESIAN_POINT('',(-0.0750209738893253,-0.0697105776427062,0.0475644461180245));
#3603=CARTESIAN_POINT('',(-0.0750209738893253,-0.0697105776427062,0.0475644461180245));
#3604=CARTESIAN_POINT('',(-0.0778207949314266,-0.0726802572801651,0.0455711139147417));
#3605=CARTESIAN_POINT('',(-0.0828697346947184,-0.0789567462345694,0.0413581822208192));
#3606=CARTESIAN_POINT('',(-0.0879686462754916,-0.0869882923670661,0.0353393324871641));
#3607=CARTESIAN_POINT('',(-0.0910689525914084,-0.0921273287689603,0.0300306038809334));
#3608=CARTESIAN_POINT('',(-0.0926449963065963,-0.0946442824959338,0.0266279327692179));
#3609=CARTESIAN_POINT('',(-0.0937386919080253,-0.0963005200127853,0.0238320960670515));
#3610=CARTESIAN_POINT('',(-0.0947027200168081,-0.0976113515696871,0.0208269039955453));
#3611=CARTESIAN_POINT('',(-0.0957811622620519,-0.0988424538732305,0.0166314468048104));
#3612=CARTESIAN_POINT('',(-0.0963478162772884,-0.0991241032494184,0.013208902209102));
#3613=CARTESIAN_POINT('',(-0.0965878889970967,-0.0990011013722424,0.0109282414958402));
#3614=CARTESIAN_POINT('',(-0.0965878889970967,-0.0990011013722424,0.0109282414958402));
#3615=CARTESIAN_POINT('',(-0.0994010733616204,-0.134,0.0109282414950077));
#3616=CARTESIAN_POINT('',(-0.0994010733616204,-0.122258326597299,0.0109282414950077));
#3617=CARTESIAN_POINT('',(-0.0985500601430147,-0.110585056977965,0.0109282414958402));
#3618=CARTESIAN_POINT('',(-0.0965878889970967,-0.0990011013722424,0.0109282414958402));
#3619=CARTESIAN_POINT('',(0.0965878889970967,-0.0990011013722424,0.0109282414958402));
#3620=CARTESIAN_POINT('',(0.0964679138788527,-0.0990625709335079,0.012067990064384));
#3621=CARTESIAN_POINT('',(0.0961652863105765,-0.0990377618517055,0.0143218086427656));
#3622=CARTESIAN_POINT('',(0.0952964989749933,-0.0983687716467421,0.0187861096944464));
#3623=CARTESIAN_POINT('',(0.0941031622721011,-0.0968516710077977,0.0228988544676286));
#3624=CARTESIAN_POINT('',(0.0926393344200115,-0.0946357854965629,0.026642517478687));
#3625=CARTESIAN_POINT('',(0.0914545117651245,-0.0927426155901563,0.0291954314066257));
#3626=CARTESIAN_POINT('',(0.0901824075473338,-0.0906582496636786,0.0315512061373999));
#3627=CARTESIAN_POINT('',(0.0883649254481107,-0.0876734694765202,0.0344801927665837));
#3628=CARTESIAN_POINT('',(0.0859134862404499,-0.0837460784809457,0.0377514387909626));
#3629=CARTESIAN_POINT('',(0.0815905825758257,-0.0773691171558799,0.0424344593691781));
#3630=CARTESIAN_POINT('',(0.0778251737054066,-0.0726849017042044,0.0455679964471566));
#3631=CARTESIAN_POINT('',(0.0750209738900806,-0.0697105776435074,0.0475644461174867));
#3632=CARTESIAN_POINT('',(-0.0918488561115506,-0.0688916636559019,0.0409479359447568));
#3633=CARTESIAN_POINT('',(-0.0584181969376124,-0.0688916636559019,0.0409479359447568));
#3634=CARTESIAN_POINT('',(-0.0918488561115505,-0.0717227349784601,0.0390325964469741));
#3635=CARTESIAN_POINT('',(-0.0584181969376123,-0.0717227349784601,0.0390325964469741));
#3636=CARTESIAN_POINT('',(-0.0918488561115505,-0.0774097091993495,0.0352310861369904));
#3637=CARTESIAN_POINT('',(-0.0584181969376123,-0.0774097091993495,0.0352310861369904));
#3638=CARTESIAN_POINT('',(-0.0918488561115505,-0.084343604719964,0.0301411812667379));
#3639=CARTESIAN_POINT('',(-0.0584181969376123,-0.084343604719964,0.0301411812667379));
#3640=CARTESIAN_POINT('',(-0.0918488561115506,-0.0893330242035952,0.0253279929956618));
#3641=CARTESIAN_POINT('',(-0.0584181969376124,-0.0893330242035952,0.0253279929956618));
#3642=CARTESIAN_POINT('',(-0.0918488561115505,-0.0924943414022052,0.0211287567011501));
#3643=CARTESIAN_POINT('',(-0.0584181969376123,-0.0924943414022052,0.0211287567011501));
#3644=CARTESIAN_POINT('',(-0.0918488561115506,-0.0945658815112251,0.0162251326565204));
#3645=CARTESIAN_POINT('',(-0.0584181969376124,-0.0945658815112251,0.0162251326565204));
#3646=CARTESIAN_POINT('',(-0.0918488561115506,-0.0949240017968741,0.0126822283524446));
#3647=CARTESIAN_POINT('',(-0.0584181969376124,-0.0949240017968741,0.0126822283524446));
#3648=CARTESIAN_POINT('',(-0.0918488561115506,-0.0948522353179228,0.0109282414958402));
#3649=CARTESIAN_POINT('',(-0.0584181969376124,-0.0948522353179228,0.0109282414958402));
#3650=CARTESIAN_POINT('',(-0.0772823361351471,-0.0948522353179228,0.0109282414958402));
#3651=CARTESIAN_POINT('',(-0.091650650622377,-0.0948522353179228,0.0109282414958402));
#3652=CARTESIAN_POINT('',(-0.091650650622377,-0.0948522353179228,0.0109282414958402));
#3653=CARTESIAN_POINT('',(-0.0913767777334531,-0.0949320912696381,0.0128799366573847));
#3654=CARTESIAN_POINT('',(-0.0906945114128351,-0.0945746674651737,0.0157648355924343));
#3655=CARTESIAN_POINT('',(-0.0894455563916756,-0.0933135060817813,0.0191956379120985));
#3656=CARTESIAN_POINT('',(-0.08798457822341,-0.0915820476861535,0.0224206708612752));
#3657=CARTESIAN_POINT('',(-0.086005936983878,-0.0888202165552403,0.0258844266636311));
#3658=CARTESIAN_POINT('',(-0.0834365969998245,-0.0849538554550838,0.0294852868792046));
#3659=CARTESIAN_POINT('',(-0.0807304941400233,-0.08091312634443,0.0326568537083412));
#3660=CARTESIAN_POINT('',(-0.0778147807072469,-0.0768188521091083,0.0355731292439376));
#3661=CARTESIAN_POINT('',(-0.0746474184394263,-0.0727695711379023,0.0383327336169959));
#3662=CARTESIAN_POINT('',(-0.0723638182680525,-0.0701746836518294,0.0400799188297128));
#3663=CARTESIAN_POINT('',(-0.0711555384806371,-0.0688916636559019,0.0409479359447568));
#3664=CARTESIAN_POINT('',(-0.0770852172331731,-0.1628666666667,0.0109282414958402));
#3665=CARTESIAN_POINT('',(-0.079505300644854,-0.200098352673512,0.0109282414958402));
#3666=CARTESIAN_POINT('',(-0.079505300644854,-0.202798352673512,0.0109282414958402));
#3667=CARTESIAN_POINT('',(-0.0857967376751372,-0.105849731962982,0.0109282414958402));
#3668=CARTESIAN_POINT('',(-0.0857967376751372,-0.108549731962982,0.0109282414958402));
#3669=CARTESIAN_POINT('',(-0.0881608751406652,-0.121899813911979,0.0109282414958402));
#3670=CARTESIAN_POINT('',(-0.0881608751406652,-0.123599813911979,0.0109282414958402));
#3671=CARTESIAN_POINT('',(-0.0839264170523011,-0.184734421000928,0.0109282414958402));
#3672=CARTESIAN_POINT('',(-0.0839264170523011,-0.186434421000928,0.0109282414958402));
#3673=CARTESIAN_POINT('',(-0.088598967190758,-0.155177099625584,0.0109282414958402));
#3674=CARTESIAN_POINT('',(-0.088598967190758,-0.157677099625584,0.0109282414958402));
#3675=CARTESIAN_POINT('',(-0.0965878889970967,-0.0990011013722424,0.0109282414958402));
#3676=CARTESIAN_POINT('',(-0.0963909399014478,-0.0978383844577005,0.0109282414958402));
#3677=CARTESIAN_POINT('',(-0.0951505542544831,-0.0957001650224391,0.0109282414958402));
#3678=CARTESIAN_POINT('',(-0.0928297245259725,-0.0948522353179226,0.0109282414958402));
#3679=CARTESIAN_POINT('',(-0.091650650622377,-0.0948522353179229,0.0109282414958402));
#3680=CARTESIAN_POINT('',(-0.0695490241085602,-0.189,0.0109282414958402));
#3681=CARTESIAN_POINT('',(0.0695490241085602,-0.203635630305234,0.0109282414958402));
#3682=CARTESIAN_POINT('',(0.0695490241085602,-0.214,0.0109282414958402));
#3683=CARTESIAN_POINT('',(0.0695490241085602,-0.203635630305234,0.0615382519050414));
#3684=CARTESIAN_POINT('',(0.0695490241085602,-0.214,0.0615382519050414));
#3685=CARTESIAN_POINT('',(0.0300202741629959,-0.203635630305234,0.0685169085024028));
#3686=CARTESIAN_POINT('',(0.0300202741629959,-0.214,0.0685169085024028));
#3687=CARTESIAN_POINT('',(-6.23780767141046E-9,-0.203635630305234,0.0685169085024028));
#3688=CARTESIAN_POINT('',(-6.23780767141046E-9,-0.214,0.0685169085024028));
#3689=CARTESIAN_POINT('',(0.,-0.189,0.0685169085024028));
#3690=CARTESIAN_POINT('',(-0.0695490241085602,-0.203500040761215,0.0109282414958402));
#3691=CARTESIAN_POINT('',(-0.0695490241085602,-0.214,0.0109282414958402));
#3692=CARTESIAN_POINT('',(-0.0695490241085602,-0.203500040761215,0.0615382519050414));
#3693=CARTESIAN_POINT('',(-0.0695490241085602,-0.214,0.0615382519050414));
#3694=CARTESIAN_POINT('',(-0.0300202741629959,-0.203500040761215,0.0685169085024028));
#3695=CARTESIAN_POINT('',(-0.0300202741629959,-0.214,0.0685169085024028));
#3696=CARTESIAN_POINT('',(6.23780767141046E-9,-0.203500040761215,0.0685169085024028));
#3697=CARTESIAN_POINT('',(6.23780767141046E-9,-0.214,0.0685169085024028));
#3698=CARTESIAN_POINT('',(-0.0881608751406652,-0.121899813911979,0.0190282414958402));
#3699=CARTESIAN_POINT('',(-0.0881608751406652,-0.121899813911979,0.0199295324243816));
#3700=CARTESIAN_POINT('',(-0.0881608751406652,-0.121899813911979,0.0190282414958402));
#3701=CARTESIAN_POINT('',(-0.0881608751406652,-0.123399813911979,0.0190282414958402));
#3702=CARTESIAN_POINT('',(-0.0881608751406652,-0.121899813911979,0.0109282414958402));
#3703=CARTESIAN_POINT('',(-0.0881608751406652,-0.121899813911979,0.0111282414958402));
#3704=CARTESIAN_POINT('',(-0.0881608751406652,-0.123399813911979,0.0111282414958402));
#3705=CARTESIAN_POINT('',(-0.0839264170523011,-0.184734421000928,0.0190282414958402));
#3706=CARTESIAN_POINT('',(-0.0839264170523011,-0.184734421000928,0.0199295324243816));
#3707=CARTESIAN_POINT('',(-0.0839264170523011,-0.184734421000928,0.0190282414958402));
#3708=CARTESIAN_POINT('',(-0.0839264170523011,-0.186234421000928,0.0190282414958402));
#3709=CARTESIAN_POINT('',(-0.0839264170523011,-0.184734421000928,0.0109282414958402));
#3710=CARTESIAN_POINT('',(-0.0839264170523011,-0.184734421000928,0.0111282414958402));
#3711=CARTESIAN_POINT('',(-0.0839264170523011,-0.186234421000928,0.0111282414958402));
#3712=CARTESIAN_POINT('',(0.0839264170523011,-0.184734421000928,0.0190282414958402));
#3713=CARTESIAN_POINT('',(0.0839264170523011,-0.184734421000928,0.0199295324243816));
#3714=CARTESIAN_POINT('',(0.0839264170523011,-0.184734421000928,0.0190282414958402));
#3715=CARTESIAN_POINT('',(0.0839264170523011,-0.186234421000928,0.0190282414958402));
#3716=CARTESIAN_POINT('',(0.0839264170523011,-0.184734421000928,0.0109282414958402));
#3717=CARTESIAN_POINT('',(0.0839264170523011,-0.184734421000928,0.0111282414958402));
#3718=CARTESIAN_POINT('',(0.0839264170523011,-0.186234421000928,0.0111282414958402));
#3719=CARTESIAN_POINT('',(0.0881608751406652,-0.121899813911979,0.0190282414958402));
#3720=CARTESIAN_POINT('',(0.0881608751406652,-0.121899813911979,0.0199295324243816));
#3721=CARTESIAN_POINT('',(0.0881608751406652,-0.121899813911979,0.0190282414958402));
#3722=CARTESIAN_POINT('',(0.0881608751406652,-0.123399813911979,0.0190282414958402));
#3723=CARTESIAN_POINT('',(0.0881608751406652,-0.121899813911979,0.0109282414958402));
#3724=CARTESIAN_POINT('',(0.0881608751406652,-0.121899813911979,0.0111282414958402));
#3725=CARTESIAN_POINT('',(0.0881608751406652,-0.123399813911979,0.0111282414958402));
#3726=CARTESIAN_POINT('',(-0.0857967376751372,-0.105849731962982,0.0137282414958402));
#3727=CARTESIAN_POINT('',(-0.0857967376751372,-0.105849731962982,0.0152303930434091));
#3728=CARTESIAN_POINT('',(-0.0857967376751372,-0.105849731962982,0.0137282414958402));
#3729=CARTESIAN_POINT('',(-0.0857967376751372,-0.108349731962982,0.0137282414958402));
#3730=CARTESIAN_POINT('',(-0.0857967376751372,-0.105849731962982,0.0109282414958402));
#3731=CARTESIAN_POINT('',(-0.0857967376751372,-0.105849731962982,0.0111282414958402));
#3732=CARTESIAN_POINT('',(-0.0857967376751372,-0.108349731962982,0.0111282414958402));
#3733=CARTESIAN_POINT('',(-0.079505300644854,-0.200098352673512,0.0137282414958402));
#3734=CARTESIAN_POINT('',(-0.079505300644854,-0.200098352673512,0.0152303930434091));
#3735=CARTESIAN_POINT('',(-0.079505300644854,-0.200098352673512,0.0137282414958402));
#3736=CARTESIAN_POINT('',(-0.079505300644854,-0.202598352673512,0.0137282414958402));
#3737=CARTESIAN_POINT('',(-0.079505300644854,-0.200098352673512,0.0109282414958402));
#3738=CARTESIAN_POINT('',(-0.079505300644854,-0.200098352673512,0.0111282414958402));
#3739=CARTESIAN_POINT('',(-0.079505300644854,-0.202598352673512,0.0111282414958402));
#3740=CARTESIAN_POINT('',(-0.088598967190758,-0.155177099625584,0.0137282414958402));
#3741=CARTESIAN_POINT('',(-0.088598967190758,-0.155177099625584,0.0152303930434091));
#3742=CARTESIAN_POINT('',(-0.088598967190758,-0.155177099625584,0.0137282414958402));
#3743=CARTESIAN_POINT('',(-0.088598967190758,-0.157677099625584,0.0137282414958402));
#3744=CARTESIAN_POINT('',(-0.088598967190758,-0.155177099625584,0.0109282414958402));
#3745=CARTESIAN_POINT('',(0.079505300644854,-0.200098352673512,0.0137282414958402));
#3746=CARTESIAN_POINT('',(0.079505300644854,-0.200098352673512,0.0152303930434091));
#3747=CARTESIAN_POINT('',(0.079505300644854,-0.200098352673512,0.0137282414958402));
#3748=CARTESIAN_POINT('',(0.079505300644854,-0.202598352673512,0.0137282414958402));
#3749=CARTESIAN_POINT('',(0.079505300644854,-0.200098352673512,0.0109282414958402));
#3750=CARTESIAN_POINT('',(0.079505300644854,-0.200098352673512,0.0111282414958402));
#3751=CARTESIAN_POINT('',(0.079505300644854,-0.202598352673512,0.0111282414958402));
#3752=CARTESIAN_POINT('',(0.0857967376751372,-0.105849731962982,0.0137282414958402));
#3753=CARTESIAN_POINT('',(0.0857967376751372,-0.105849731962982,0.0152303930434091));
#3754=CARTESIAN_POINT('',(0.0857967376751372,-0.105849731962982,0.0137282414958402));
#3755=CARTESIAN_POINT('',(0.0857967376751372,-0.108349731962982,0.0137282414958402));
#3756=CARTESIAN_POINT('',(0.0857967376751372,-0.105849731962982,0.0109282414958402));
#3757=CARTESIAN_POINT('',(0.0857967376751372,-0.105849731962982,0.0111282414958402));
#3758=CARTESIAN_POINT('',(0.0857967376751372,-0.108349731962982,0.0111282414958402));
#3759=CARTESIAN_POINT('',(0.088598967190758,-0.155177099625584,0.0137282414958402));
#3760=CARTESIAN_POINT('',(0.088598967190758,-0.155177099625584,0.0152303930434091));
#3761=CARTESIAN_POINT('',(0.088598967190758,-0.155177099625584,0.0137282414958402));
#3762=CARTESIAN_POINT('',(0.088598967190758,-0.157677099625584,0.0137282414958402));
#3763=CARTESIAN_POINT('',(0.088598967190758,-0.155177099625584,0.0109282414958402));
#3764=CARTESIAN_POINT('',(0.088598967190758,-0.155177099625584,0.0111282414958402));
#3765=CARTESIAN_POINT('',(0.088598967190758,-0.157677099625584,0.0111282414958402));
#3766=CARTESIAN_POINT('',(-0.079505300644854,-0.200098352673512,0.0109282414958402));
#3767=CARTESIAN_POINT('',(-0.0857967376751372,-0.105849731962982,0.0109282414958402));
#3768=CARTESIAN_POINT('',(0.088598967190758,-0.155177099625584,0.0109282414958402));
#3769=CARTESIAN_POINT('',(0.0857967376751372,-0.105849731962982,0.0109282414958402));
#3770=CARTESIAN_POINT('',(0.079505300644854,-0.200098352673512,0.0109282414958402));
#3771=CARTESIAN_POINT('',(-0.0881608751406652,-0.121899813911979,0.0109282414958402));
#3772=CARTESIAN_POINT('',(-0.0839264170523011,-0.184734421000928,0.0109282414958402));
#3773=CARTESIAN_POINT('',(0.0839264170523011,-0.184734421000928,0.0109282414958402));
#3774=CARTESIAN_POINT('',(0.0881608751406652,-0.121899813911979,0.0109282414958402));
#3775=CARTESIAN_POINT('',(0.0917240224894282,-0.0948215300172872,0.0103726301443233));
#3776=CARTESIAN_POINT('',(0.0959013179468749,-0.0948500899054656,0.0107834211330676));
#3777=CARTESIAN_POINT('',(0.0966247239988538,-0.0989792020190045,0.0105678310585351));
#3778=CARTESIAN_POINT('',(0.0916165821525878,-0.0948818450578108,0.0112401711857354));
#3779=CARTESIAN_POINT('',(0.095802031110005,-0.0948981961284704,0.0117373558485648));
#3780=CARTESIAN_POINT('',(0.0965111158973471,-0.0990566382960908,0.0117137195207738));
#3781=CARTESIAN_POINT('',(0.0913402421486556,-0.0948860746218997,0.0129383127943798));
#3782=CARTESIAN_POINT('',(0.095551575469864,-0.0948535022274651,0.0136146571025483));
#3783=CARTESIAN_POINT('',(0.0962197261499166,-0.0990630445754585,0.0139867347075743));
#3784=CARTESIAN_POINT('',(0.0907307346676576,-0.0945385392872019,0.0154459213830406));
#3785=CARTESIAN_POINT('',(0.0950181377605574,-0.0943527790100223,0.0163725014665926));
#3786=CARTESIAN_POINT('',(0.0955789990443797,-0.0986015054184694,0.0173844167171843));
#3787=CARTESIAN_POINT('',(0.0899497308146548,-0.0938399770099995,0.0178668840011123));
#3788=CARTESIAN_POINT('',(0.0943427902001219,-0.0934397601367862,0.0190008398074481));
#3789=CARTESIAN_POINT('',(0.0947593359975246,-0.0976837093736826,0.0206335302037693));
#3790=CARTESIAN_POINT('',(0.0890325425469119,-0.0928423344337481,0.0201510158764437));
#3791=CARTESIAN_POINT('',(0.0935558525870015,-0.0921853748147753,0.0214412456951554));
#3792=CARTESIAN_POINT('',(0.0937976660876106,-0.0963859694089014,0.0236668351219514));
#3793=CARTESIAN_POINT('',(0.0879765657114557,-0.0915300379830805,0.0223507458046739));
#3794=CARTESIAN_POINT('',(0.0926477236522777,-0.0905941616196905,0.0237449675788649));
#3795=CARTESIAN_POINT('',(0.0926912134423747,-0.0947171599291028,0.0265222947988119));
#3796=CARTESIAN_POINT('',(0.0864591182857349,-0.089460971863034,0.0251085475970231));
#3797=CARTESIAN_POINT('',(0.0913063055283475,-0.0881561114605457,0.0266076503633954));
#3798=CARTESIAN_POINT('',(0.0911017750381358,-0.0921812884569497,0.0299695505755466));
#3799=CARTESIAN_POINT('',(0.0843413290616809,-0.0863300736949138,0.0283047309128654));
#3800=CARTESIAN_POINT('',(0.0893794564630108,-0.0845996289017922,0.0298651144550548));
#3801=CARTESIAN_POINT('',(0.0888839372157543,-0.0885060451881932,0.0337857271697408));
#3802=CARTESIAN_POINT('',(0.0815070423473742,-0.0820451447444663,0.0318167918436466));
#3803=CARTESIAN_POINT('',(0.0866639905127767,-0.079916506169306,0.0334464920063456));
#3804=CARTESIAN_POINT('',(0.0859138005957623,-0.0837448021899837,0.0377537106203552));
#3805=CARTESIAN_POINT('',(0.0783788850927471,-0.0775739679566262,0.0350540834941964));
#3806=CARTESIAN_POINT('',(0.0835362088878771,-0.0750800044258039,0.0367954093917444));
#3807=CARTESIAN_POINT('',(0.0826309239163796,-0.0789054019479521,0.0413073542919154));
#3808=CARTESIAN_POINT('',(0.0749054938769861,-0.0730647252680063,0.0381347553697159));
#3809=CARTESIAN_POINT('',(0.0799344660659437,-0.0702463719471878,0.0400338586087406));
#3810=CARTESIAN_POINT('',(0.078977927650758,-0.074113030468951,0.0446073502118153));
#3811=CARTESIAN_POINT('',(0.07231772527945,-0.0701100523204331,0.0401236444780484));
#3812=CARTESIAN_POINT('',(0.0771663118293328,-0.0671040710246159,0.0421573179711946));
#3813=CARTESIAN_POINT('',(0.0762487803666962,-0.0710028269174269,0.0466976874885433));
#3814=CARTESIAN_POINT('',(0.0709631987743881,-0.06868914478174,0.0410849485292289));
#3815=CARTESIAN_POINT('',(0.0757079271816967,-0.0655862855813219,0.0431841640224115));
#3816=CARTESIAN_POINT('',(0.0748177627645798,-0.0694958073606096,0.0477085573885251));
#3817=CARTESIAN_POINT('',(0.0711555768136374,-0.0688916570304821,0.0409479404272825));
#3818=CARTESIAN_POINT('',(0.0714330058674502,-0.0687115777208891,0.0410697746851254));
#3819=CARTESIAN_POINT('',(0.0718418292592944,-0.0684772594252099,0.0412952046642663));
#3820=CARTESIAN_POINT('',(0.0723723304450391,-0.0682335347990025,0.0416769074972485));
#3821=CARTESIAN_POINT('',(0.0726983904173973,-0.0681115212800048,0.0419525822742053));
#3822=CARTESIAN_POINT('',(0.0729451121081664,-0.0680345683777163,0.0421838995125122));
#3823=CARTESIAN_POINT('',(0.0732524205461164,-0.0679557589121057,0.0424972080494637));
#3824=CARTESIAN_POINT('',(0.0736941058149111,-0.0678866223469201,0.0430127508375596));
#3825=CARTESIAN_POINT('',(0.0742158345604201,-0.0679114837743239,0.04377917802523));
#3826=CARTESIAN_POINT('',(0.074670157103073,-0.0681070390250775,0.0447036323482647));
#3827=CARTESIAN_POINT('',(0.0750727362206487,-0.0685732310902942,0.0459557438104462));
#3828=CARTESIAN_POINT('',(0.0751497697759532,-0.0691474213908197,0.046912184154241));
#3829=CARTESIAN_POINT('',(0.075020973893031,-0.0697105776558257,0.0475644461227471));
#3830=CARTESIAN_POINT('',(-0.0756453337760006,-0.0703801736484109,0.0471145240296743));
#3831=CARTESIAN_POINT('',(-0.0765498157110176,-0.0664770191321172,0.0425815851118987));
#3832=CARTESIAN_POINT('',(-0.0717467847268816,-0.069523708841157,0.0405203201693503));
#3833=CARTESIAN_POINT('',(-0.0734670679164596,-0.0680181130124668,0.0487032526572544));
#3834=CARTESIAN_POINT('',(-0.0743377913874666,-0.0640980212162434,0.0441911172500224));
#3835=CARTESIAN_POINT('',(-0.0696836378285545,-0.0672925029111641,0.0420298623289783));
#3836=CARTESIAN_POINT('',(-0.0699471300057272,-0.0646213459814334,0.0509763211760618));
#3837=CARTESIAN_POINT('',(-0.0707363899216457,-0.0607184084056541,0.0465273360465934));
#3838=CARTESIAN_POINT('',(-0.0663573517396091,-0.0640750271837567,0.0442187291843433));
#3839=CARTESIAN_POINT('',(-0.064711652301302,-0.0604715424197795,0.0537389789623064));
#3840=CARTESIAN_POINT('',(-0.0653066025178754,-0.0566555696417978,0.0493922763394798));
#3841=CARTESIAN_POINT('',(-0.0614337971699534,-0.0602156760633163,0.0469041505171386));
#3842=CARTESIAN_POINT('',(-0.0605209147160892,-0.0575745346249664,0.055646454276193));
#3843=CARTESIAN_POINT('',(-0.0609480065532156,-0.0539009114436055,0.0513941638041243));
#3844=CARTESIAN_POINT('',(-0.0575061201277829,-0.0575371214694187,0.04879712115928));
#3845=CARTESIAN_POINT('',(-0.0560744112472359,-0.0549092678346062,0.0573498463029334));
#3846=CARTESIAN_POINT('',(-0.0563696141582041,-0.0514369244036578,0.0531356113060937));
#3847=CARTESIAN_POINT('',(-0.0533539242023441,-0.0551609404277894,0.0504899687105081));
#3848=CARTESIAN_POINT('',(-0.0514369184465961,-0.0525265031710119,0.058808340977145));
#3849=CARTESIAN_POINT('',(-0.0515657445273146,-0.049349857902896,0.054699779582669));
#3850=CARTESIAN_POINT('',(-0.0490387938166542,-0.0530259504803229,0.0520275133328792));
#3851=CARTESIAN_POINT('',(-0.0465879149142751,-0.0504132419523762,0.0600019681719249));
#3852=CARTESIAN_POINT('',(-0.0466084797288156,-0.0475701556894235,0.0559289812630046));
#3853=CARTESIAN_POINT('',(-0.0445408910890058,-0.0512528002053751,0.0533043847857622));
#3854=CARTESIAN_POINT('',(-0.0415366240642194,-0.0485786700985707,0.0608974255006098));
#3855=CARTESIAN_POINT('',(-0.0414761838342472,-0.0461513269152518,0.0569013499225994));
#3856=CARTESIAN_POINT('',(-0.0398651406540292,-0.0497447506026736,0.054371203341141));
#3857=CARTESIAN_POINT('',(-0.0362711490699528,-0.0470465882151121,0.0614872282655134));
#3858=CARTESIAN_POINT('',(-0.036164249169611,-0.0450751226957211,0.0575866229491998));
#3859=CARTESIAN_POINT('',(-0.0349888479566355,-0.0485504516677603,0.0552014171448201));
#3860=CARTESIAN_POINT('',(-0.0292261181401119,-0.0454810316748494,0.0618580680349736));
#3861=CARTESIAN_POINT('',(-0.0291851685603759,-0.0441284359637211,0.0581128356106343));
#3862=CARTESIAN_POINT('',(-0.0284364173520136,-0.0474048872283016,0.0559715108135256));
#3863=CARTESIAN_POINT('',(-0.0204279514936576,-0.0443865753882311,0.0616960997478111));
#3864=CARTESIAN_POINT('',(-0.0205096624083591,-0.0437052903394647,0.0582594091598329));
#3865=CARTESIAN_POINT('',(-0.0201328646282377,-0.0466744882530644,0.0564287761075071));
#3866=CARTESIAN_POINT('',(-0.0100947114317861,-0.0440404480056849,0.061221300361138));
#3867=CARTESIAN_POINT('',(-0.0101693617255695,-0.0438144797390772,0.0581468839433684));
#3868=CARTESIAN_POINT('',(-0.0100571839089482,-0.0464566823387235,0.0565594592700445));
#3869=CARTESIAN_POINT('',(3.97715635470928E-5,-0.0440167537896594,0.061011363272585));
#3870=CARTESIAN_POINT('',(4.02200456049947E-5,-0.0439248497913001,0.0580793201801566));
#3871=CARTESIAN_POINT('',(3.97061773526344E-5,-0.0464401021631088,0.0565696364792745));
#3872=CARTESIAN_POINT('',(0.0101655846807475,-0.0440406266935044,0.0612243197341711));
#3873=CARTESIAN_POINT('',(0.0102403992965961,-0.0438126304748214,0.0581473615549908));
#3874=CARTESIAN_POINT('',(0.0101274519692923,-0.0464574463702072,0.0565588362586323));
#3875=CARTESIAN_POINT('',(0.0187825618304327,-0.0443349386683377,0.0616196893216262));
#3876=CARTESIAN_POINT('',(0.0188071142816204,-0.0437260278504048,0.0582417710824928));
#3877=CARTESIAN_POINT('',(0.0185271527185292,-0.0466400005052631,0.0564499748795845));
#3878=CARTESIAN_POINT('',(0.0258311349818648,-0.0450542724970924,0.0617967138031752));
#3879=CARTESIAN_POINT('',(0.0257476929819939,-0.0439564524546854,0.0581690305639673));
#3880=CARTESIAN_POINT('',(0.0252339435499603,-0.0471238068495698,0.0561465714413103));
#3881=CARTESIAN_POINT('',(0.0329579458090173,-0.0461931566236282,0.0617496611989343));
#3882=CARTESIAN_POINT('',(0.0329084601133702,-0.0445241646564889,0.0579106913660974));
#3883=CARTESIAN_POINT('',(0.0319225290141515,-0.0479124741040282,0.0556361631778344));
#3884=CARTESIAN_POINT('',(0.0399428040569559,-0.0479945782479836,0.0611860796871935));
#3885=CARTESIAN_POINT('',(0.0399206873313986,-0.0457152183386205,0.0572015543287717));
#3886=CARTESIAN_POINT('',(0.0383893691015686,-0.0492635281312536,0.0547122845157756));
#3887=CARTESIAN_POINT('',(0.0467259258998215,-0.0504671084463473,0.0599738219065796));
#3888=CARTESIAN_POINT('',(0.0467501904126204,-0.0476138103963953,0.0558991360549369));
#3889=CARTESIAN_POINT('',(0.0446687848616115,-0.0512973006256005,0.0532726834734494));
#3890=CARTESIAN_POINT('',(0.0516016359877841,-0.052604345284111,0.0587619930875259));
#3891=CARTESIAN_POINT('',(0.0517350458362033,-0.0494169531323849,0.0546514143020194));
#3892=CARTESIAN_POINT('',(0.0491917897415798,-0.0530931971064633,0.0519786705206873));
#3893=CARTESIAN_POINT('',(0.0562169213016538,-0.0549901531238956,0.0572991858012471));
#3894=CARTESIAN_POINT('',(0.0565165404999169,-0.0515099253181003,0.0530826903579877));
#3895=CARTESIAN_POINT('',(0.0534868168445885,-0.0552335730198293,0.0504383281926112));
#3896=CARTESIAN_POINT('',(0.0605952196447403,-0.0576242131661897,0.0556136768711892));
#3897=CARTESIAN_POINT('',(0.0610240771322025,-0.0539475059447991,0.0513606445757243));
#3898=CARTESIAN_POINT('',(0.0575757099509015,-0.0575824236212692,0.0487648243350223));
#3899=CARTESIAN_POINT('',(0.0647434359120524,-0.0604957374484562,0.0537229881803756));
#3900=CARTESIAN_POINT('',(0.0653393838289221,-0.0566789081394672,0.0493757656310907));
#3901=CARTESIAN_POINT('',(0.0614636553848519,-0.0602381191739597,0.0468885290611333));
#3902=CARTESIAN_POINT('',(0.0699691157891966,-0.064641189656236,0.0509630005404279));
#3903=CARTESIAN_POINT('',(0.0707589720424533,-0.0607380275792942,0.0465135884551315));
#3904=CARTESIAN_POINT('',(0.0663780968780656,-0.0640937588595648,0.0442058482117844));
#3905=CARTESIAN_POINT('',(0.0734742442467828,-0.0680260991775214,0.0486978689034925));
#3906=CARTESIAN_POINT('',(0.0743450584392944,-0.0641060673761709,0.044185673549559));
#3907=CARTESIAN_POINT('',(0.0696904387179418,-0.0673000585449027,0.0420247504979646));
#3908=CARTESIAN_POINT('',(0.0756428951901361,-0.0703775294176539,0.047116302539843));
#3909=CARTESIAN_POINT('',(0.0765473369645921,-0.0664743534083907,0.0425833886309271));
#3910=CARTESIAN_POINT('',(0.0717444750197515,-0.0695212111035999,0.040522010035846));
#3911=CARTESIAN_POINT('',(-0.0711555768204346,-0.0688916570377047,0.0409479404223959));
#3912=CARTESIAN_POINT('',(-0.0714330058724405,-0.0687115777295284,0.0410697746792778));
#3913=CARTESIAN_POINT('',(-0.071841829251144,-0.0684772594341245,0.0412952046517427));
#3914=CARTESIAN_POINT('',(-0.0723723304434628,-0.0682335347934451,0.0416769075062877));
#3915=CARTESIAN_POINT('',(-0.0726983903757756,-0.0681115212996842,0.0419525822263579));
#3916=CARTESIAN_POINT('',(-0.0729451121697387,-0.0680345683719643,0.0421838995563141));
#3917=CARTESIAN_POINT('',(-0.0732524205672836,-0.0679557589190803,0.0424972080610626));
#3918=CARTESIAN_POINT('',(-0.0736941058392011,-0.0678866223529316,0.0430127508527319));
#3919=CARTESIAN_POINT('',(-0.0742158345632321,-0.0679114837819017,0.04377917801969));
#3920=CARTESIAN_POINT('',(-0.0746701571030603,-0.0681070390261716,0.0447036323369231));
#3921=CARTESIAN_POINT('',(-0.0750727362169001,-0.0685732310833116,0.0459557437948247));
#3922=CARTESIAN_POINT('',(-0.0751497697748667,-0.0691474213780547,0.0469121841452766));
#3923=CARTESIAN_POINT('',(-0.0750209738875793,-0.0697105776490708,0.0475644461258496));
#3924=CARTESIAN_POINT('',(-0.0966241918110486,-0.0989795640532444,0.0105731964166397));
#3925=CARTESIAN_POINT('',(-0.0959008536190002,-0.0948503142744728,0.0107878803963786));
#3926=CARTESIAN_POINT('',(-0.0917235191911576,-0.094821812002767,0.0103766921363484));
#3927=CARTESIAN_POINT('',(-0.0965115529887386,-0.0990560394059363,0.0117082666544569));
#3928=CARTESIAN_POINT('',(-0.0958024226050533,-0.0948977490002928,0.0117327715428996));
#3929=CARTESIAN_POINT('',(-0.0916169943048697,-0.0948813774665574,0.0112360137955734));
#3930=CARTESIAN_POINT('',(-0.096220869413141,-0.0990649380894423,0.0139842988491739));
#3931=CARTESIAN_POINT('',(-0.0955524465026762,-0.094855242805764,0.0136130216952683));
#3932=CARTESIAN_POINT('',(-0.0913413339371646,-0.0948875172183057,0.0129365659863014));
#3933=CARTESIAN_POINT('',(-0.095572764433764,-0.0985951162375962,0.0174110918453307));
#3934=CARTESIAN_POINT('',(-0.0950130439363307,-0.0943463982073533,0.0163938911710676));
#3935=CARTESIAN_POINT('',(-0.0907247963815545,-0.0945336920048712,0.015465678101138));
#3936=CARTESIAN_POINT('',(-0.0947643936609037,-0.0976896450414335,0.0206144682978394));
#3937=CARTESIAN_POINT('',(-0.0943469741291938,-0.0934456399463313,0.018985313937935));
#3938=CARTESIAN_POINT('',(-0.0899545510537471,-0.0938445160738397,0.0178526513846595));
#3939=CARTESIAN_POINT('',(-0.0937962818927565,-0.0963843039761638,0.0236719374118573));
#3940=CARTESIAN_POINT('',(-0.09355466794145,-0.0921836724049892,0.021445540230659));
#3941=CARTESIAN_POINT('',(-0.0890312231479113,-0.0928410559338132,0.0201548405301639));
#3942=CARTESIAN_POINT('',(-0.0926929939658196,-0.0947197516223881,0.0265172388517071));
#3943=CARTESIAN_POINT('',(-0.0926492396323912,-0.0905967388142487,0.0237407270572648));
#3944=CARTESIAN_POINT('',(-0.0879782647077943,-0.0915320597654477,0.0223468671413318));
#3945=CARTESIAN_POINT('',(-0.091104237235246,-0.0921854604785257,0.0299660714751184));
#3946=CARTESIAN_POINT('',(-0.0913083513905606,-0.088159928710409,0.026604859080232));
#3947=CARTESIAN_POINT('',(-0.086461469528452,-0.089464596004101,0.0251055092645042));
#3948=CARTESIAN_POINT('',(-0.0888719658292055,-0.0884864122257231,0.0338039578675021));
#3949=CARTESIAN_POINT('',(-0.0893687890204278,-0.0845804483799966,0.0298811090115773));
#3950=CARTESIAN_POINT('',(-0.0843299004480524,-0.0863128983239586,0.0283203978163939));
#3951=CARTESIAN_POINT('',(-0.0859158861337331,-0.0837484994812163,0.0377499585336536));
#3952=CARTESIAN_POINT('',(-0.0866659610020788,-0.0799204196210904,0.0334430239488187));
#3953=CARTESIAN_POINT('',(-0.0815090364950949,-0.0820482920288821,0.0318136350831204));
#3954=CARTESIAN_POINT('',(-0.0826334213477535,-0.0789085090983508,0.0413054940540066));
#3955=CARTESIAN_POINT('',(-0.0835386363045992,-0.0750830140214823,0.0367935936946998));
#3956=CARTESIAN_POINT('',(-0.0783812579062997,-0.0775769716914792,0.0350522645629612));
#3957=CARTESIAN_POINT('',(-0.0789722574155878,-0.0741058001780951,0.0446122150180243));
#3958=CARTESIAN_POINT('',(-0.0799288255271633,-0.0702390740361302,0.0400386935672264));
#3959=CARTESIAN_POINT('',(-0.074900104777724,-0.0730578734743912,0.0381393423889074));
#3960=CARTESIAN_POINT('',(-0.0762449475109998,-0.070998824699769,0.0467003698845555));
#3961=CARTESIAN_POINT('',(-0.0771623988349998,-0.0671000374073923,0.0421600468839651));
#3962=CARTESIAN_POINT('',(-0.0723140979788684,-0.0701062808735296,0.0401261960214026));
#3963=CARTESIAN_POINT('',(-0.0748184106632436,-0.0694964896772127,0.0477080997076263));
#3964=CARTESIAN_POINT('',(-0.0757085868852873,-0.0655869721637876,0.0431836995203325));
#3965=CARTESIAN_POINT('',(-0.0709638120415712,-0.0686897881108282,0.0410845132898894));
#3966=CARTESIAN_POINT('',(-0.0329239699957138,-0.169,0.0876926699106904));
#3967=CARTESIAN_POINT('',(-0.0329239699957138,-0.1585,0.0876926699106904));
#3968=CARTESIAN_POINT('',(-0.0329239699957138,-0.1585,0.0876926699106904));
#3969=CARTESIAN_POINT('',(-0.0329239699957138,-0.169,0.0876926699106904));
#3970=CARTESIAN_POINT('',(-0.0329239699957138,-0.1795,0.0876926699106904));
#3971=CARTESIAN_POINT('',(-0.0329239699957138,-0.1795,0.0876926699106904));
#3972=CARTESIAN_POINT('',(-0.0346560208032827,-0.1585,0.0866926699106904));
#3973=CARTESIAN_POINT('',(-0.0346560208032827,-0.1565,0.0866926699106904));
#3974=CARTESIAN_POINT('',(-0.0346560208032827,-0.1565,0.0866926699106904));
#3975=CARTESIAN_POINT('',(-0.0346560208032827,-0.1585,0.0866926699106904));
#3976=CARTESIAN_POINT('',(-0.0437492875430192,-0.1565,0.0814426699106904));
#3977=CARTESIAN_POINT('',(-0.0528425542827559,-0.1565,0.0761926699106904));
#3978=CARTESIAN_POINT('',(-0.0528425542827559,-0.1565,0.0761926699106904));
#3979=CARTESIAN_POINT('',(-0.0437492875430192,-0.1565,0.0814426699106904));
#3980=CARTESIAN_POINT('',(-0.0528425542827559,-0.1585,0.0761926699106904));
#3981=CARTESIAN_POINT('',(-0.0545746050903247,-0.1585,0.0751926699106904));
#3982=CARTESIAN_POINT('',(-0.0545746050903247,-0.1585,0.0751926699106904));
#3983=CARTESIAN_POINT('',(-0.0528425542827559,-0.1585,0.0761926699106904));
#3984=CARTESIAN_POINT('',(-0.0545746050903247,-0.169,0.0751926699106904));
#3985=CARTESIAN_POINT('',(-0.0545746050903247,-0.1795,0.0751926699106904));
#3986=CARTESIAN_POINT('',(-0.0545746050903247,-0.1795,0.0751926699106904));
#3987=CARTESIAN_POINT('',(-0.0545746050903247,-0.169,0.0751926699106904));
#3988=CARTESIAN_POINT('',(-0.0528425542827559,-0.1795,0.0761926699106904));
#3989=CARTESIAN_POINT('',(-0.0528425542827559,-0.1815,0.0761926699106904));
#3990=CARTESIAN_POINT('',(-0.0528425542827559,-0.1815,0.0761926699106904));
#3991=CARTESIAN_POINT('',(-0.0528425542827559,-0.1795,0.0761926699106904));
#3992=CARTESIAN_POINT('',(-0.0437492875430192,-0.1815,0.0814426699106904));
#3993=CARTESIAN_POINT('',(-0.0346560208032827,-0.1815,0.0866926699106904));
#3994=CARTESIAN_POINT('',(-0.0346560208032827,-0.1815,0.0866926699106904));
#3995=CARTESIAN_POINT('',(-0.0437492875430192,-0.1815,0.0814426699106904));
#3996=CARTESIAN_POINT('',(-0.0346560208032827,-0.1795,0.0866926699106904));
#3997=CARTESIAN_POINT('',(-0.0346560208032827,-0.1795,0.0866926699106904));
#3998=CARTESIAN_POINT('',(0.00881756906277921,-0.178440388292074,0.111792158722501));
#3999=CARTESIAN_POINT('',(-0.0437492875430192,-0.169,0.0814426699106904));
#4000=CARTESIAN_POINT('',(-0.0425801532479103,-0.169,0.0821176699106904));
#4001=CARTESIAN_POINT('',(-0.0415055323433485,-0.169,0.0775563719051137));
#4002=CARTESIAN_POINT('',(-0.0410999514255048,-0.169,0.0768538851488282));
#4003=CARTESIAN_POINT('',(-0.0415055323433485,-0.169,0.0775563719051137));
#4004=CARTESIAN_POINT('',(-0.0426746666384574,-0.169,0.0768813719051137));
#4005=CARTESIAN_POINT('',(-0.0567492875430193,-0.169,0.103959330409086));
#4006=CARTESIAN_POINT('',(0.0329239699957138,-0.169,0.0876926699106904));
#4007=CARTESIAN_POINT('',(0.0329239699957138,-0.1795,0.0876926699106904));
#4008=CARTESIAN_POINT('',(0.0329239699957138,-0.1795,0.0876926699106904));
#4009=CARTESIAN_POINT('',(0.0329239699957138,-0.169,0.0876926699106904));
#4010=CARTESIAN_POINT('',(0.0329239699957138,-0.1585,0.0876926699106904));
#4011=CARTESIAN_POINT('',(0.0329239699957138,-0.1585,0.0876926699106904));
#4012=CARTESIAN_POINT('',(0.0346560208032827,-0.1795,0.0866926699106904));
#4013=CARTESIAN_POINT('',(0.0346560208032827,-0.1815,0.0866926699106904));
#4014=CARTESIAN_POINT('',(0.0346560208032827,-0.1815,0.0866926699106904));
#4015=CARTESIAN_POINT('',(0.0346560208032827,-0.1795,0.0866926699106904));
#4016=CARTESIAN_POINT('',(0.0437492875430192,-0.1815,0.0814426699106904));
#4017=CARTESIAN_POINT('',(0.0528425542827559,-0.1815,0.0761926699106904));
#4018=CARTESIAN_POINT('',(0.0528425542827559,-0.1815,0.0761926699106904));
#4019=CARTESIAN_POINT('',(0.0437492875430192,-0.1815,0.0814426699106904));
#4020=CARTESIAN_POINT('',(0.0528425542827559,-0.1795,0.0761926699106904));
#4021=CARTESIAN_POINT('',(0.0545746050903247,-0.1795,0.0751926699106904));
#4022=CARTESIAN_POINT('',(0.0545746050903247,-0.1795,0.0751926699106904));
#4023=CARTESIAN_POINT('',(0.0528425542827559,-0.1795,0.0761926699106904));
#4024=CARTESIAN_POINT('',(0.0545746050903247,-0.169,0.0751926699106904));
#4025=CARTESIAN_POINT('',(0.0545746050903247,-0.1585,0.0751926699106904));
#4026=CARTESIAN_POINT('',(0.0545746050903247,-0.1585,0.0751926699106904));
#4027=CARTESIAN_POINT('',(0.0545746050903247,-0.169,0.0751926699106904));
#4028=CARTESIAN_POINT('',(0.0528425542827559,-0.1585,0.0761926699106904));
#4029=CARTESIAN_POINT('',(0.0528425542827559,-0.1565,0.0761926699106904));
#4030=CARTESIAN_POINT('',(0.0528425542827559,-0.1565,0.0761926699106904));
#4031=CARTESIAN_POINT('',(0.0528425542827559,-0.1585,0.0761926699106904));
#4032=CARTESIAN_POINT('',(0.0437492875430192,-0.1565,0.0814426699106904));
#4033=CARTESIAN_POINT('',(0.0346560208032827,-0.1565,0.0866926699106904));
#4034=CARTESIAN_POINT('',(0.0346560208032827,-0.1565,0.0866926699106904));
#4035=CARTESIAN_POINT('',(0.0437492875430192,-0.1565,0.0814426699106904));
#4036=CARTESIAN_POINT('',(0.0346560208032827,-0.1585,0.0866926699106904));
#4037=CARTESIAN_POINT('',(0.0346560208032827,-0.1585,0.0866926699106904));
#4038=CARTESIAN_POINT('',(-0.00881756906277921,-0.178440388292074,0.111792158722501));
#4039=CARTESIAN_POINT('',(0.0437492875430192,-0.169,0.0814426699106904));
#4040=CARTESIAN_POINT('',(0.0449184218381282,-0.169,0.0807676699106904));
#4041=CARTESIAN_POINT('',(0.0415055323433485,-0.169,0.0775563719051137));
#4042=CARTESIAN_POINT('',(0.0410999514255048,-0.169,0.0768538851488282));
#4043=CARTESIAN_POINT('',(0.0415055323433485,-0.169,0.0775563719051137));
#4044=CARTESIAN_POINT('',(0.0403363980482395,-0.169,0.0782313719051137));
#4045=CARTESIAN_POINT('',(0.0567492875430193,-0.169,0.103959330409086));
#4046=MECHANICAL_DESIGN_GEOMETRIC_PRESENTATION_REPRESENTATION('',(#1100),
#4047);
#4047=(
GEOMETRIC_REPRESENTATION_CONTEXT(3)
GLOBAL_UNCERTAINTY_ASSIGNED_CONTEXT((#4048))
GLOBAL_UNIT_ASSIGNED_CONTEXT((#4051,#4050,#4049))
REPRESENTATION_CONTEXT('hf_front','TOP_LEVEL_ASSEMBLY_PART')
);
#4048=UNCERTAINTY_MEASURE_WITH_UNIT(LENGTH_MEASURE(4.36504928092587E-5),
#4051,'DISTANCE_ACCURACY_VALUE','Maximum Tolerance applied to model');
#4049=(
NAMED_UNIT(*)
SI_UNIT($,.STERADIAN.)
SOLID_ANGLE_UNIT()
);
#4050=(
NAMED_UNIT(*)
PLANE_ANGLE_UNIT()
SI_UNIT($,.RADIAN.)
);
#4051=(
LENGTH_UNIT()
NAMED_UNIT(*)
SI_UNIT($,.METRE.)
);
#4052=PRODUCT_DEFINITION_SHAPE('','',#4053);
#4053=PRODUCT_DEFINITION('','',#4055,#4054);
#4054=PRODUCT_DEFINITION_CONTEXT('',#4061,'design');
#4055=PRODUCT_DEFINITION_FORMATION_WITH_SPECIFIED_SOURCE('','',#4057,
 .NOT_KNOWN.);
#4056=PRODUCT_RELATED_PRODUCT_CATEGORY('','',(#4057));
#4057=PRODUCT('hf_front','hf_front','hf_front',(#4059));
#4058=PRODUCT_CATEGORY('','');
#4059=PRODUCT_CONTEXT('',#4061,'mechanical');
#4060=APPLICATION_PROTOCOL_DEFINITION('international standard',
'ap242_managed_model_based_3d_engineering',2020,#4061);
#4061=APPLICATION_CONTEXT('managed model based 3d engineering');
ENDSEC;
END-ISO-10303-21;
