ISO-10303-21;
HEADER;
/* Generated by software containing ST-Developer
 * from STEP Tools, Inc. (www.steptools.com) 
 */
/* OPTION: using custom renumber hook */

FILE_DESCRIPTION(
/* description */ ('STEP AP242 Edition 2',
'CAx-IF Rec.Pracs.---Representation and Presentation of Product Manufa
cturing Information (PMI)---4.0---2014-10-13',
'CAx-IF Rec.Pracs.---3D Tessellated Geometry---0.4---2014-09-14','2;1',
'CAx-IF Rec.Pracs.---User Defined Attributes---1.5---2016-08-15'),
/* implementation_level */ '2;1');

FILE_NAME(
/* name */ 'RM_Lite_Proto (BETA) - hf_back',
/* time_stamp */ '2026-03-25T08:53:54Z',
/* author */ (''),
/* organization */ (''),
/* preprocessor_version */ 'ST-DEVELOPER v20',
/* originating_system */ 'ONSHAPE BY PTC INC, 1.212',
/* authorisation */ '  ');

FILE_SCHEMA (('AP242_MANAGED_MODEL_BASED_3D_ENGINEERING_MIM_LF { 1 0 10303 442 3 1 4 }'));
ENDSEC;

DATA;
#10=SHAPE_REPRESENTATION_RELATIONSHIP('','',#901,#11);
#11=ADVANCED_BREP_SHAPE_REPRESENTATION('',(#899),#4943);
#12=(
BOUNDED_SURFACE()
B_SPLINE_SURFACE(3,2,((#4119,#4120,#4121),(#4122,#4123,#4124),(#4125,#4126,
#4127),(#4128,#4129,#4130)),.UNSPECIFIED.,.F.,.F.,.F.)
B_SPLINE_SURFACE_WITH_KNOTS((4,4),(3,3),(-1.28369537222284E-16,0.00153003113719422),
(0.,1.),.PIECEWISE_BEZIER_KNOTS.)
GEOMETRIC_REPRESENTATION_ITEM()
RATIONAL_B_SPLINE_SURFACE(((1.,0.766718897432452,1.),(1.,0.766270983743151,
1.),(1.,0.765699439429258,1.),(1.,0.764997277082258,1.)))
REPRESENTATION_ITEM('')
SURFACE()
);
#13=(
BOUNDED_SURFACE()
B_SPLINE_SURFACE(3,2,((#4132,#4133,#4134),(#4135,#4136,#4137),(#4138,#4139,
#4140),(#4141,#4142,#4143),(#4144,#4145,#4146),(#4147,#4148,#4149),(#4150,
#4151,#4152),(#4153,#4154,#4155),(#4156,#4157,#4158),(#4159,#4160,#4161),
(#4162,#4163,#4164),(#4165,#4166,#4167),(#4168,#4169,#4170),(#4171,#4172,
#4173),(#4174,#4175,#4176),(#4177,#4178,#4179),(#4180,#4181,#4182),(#4183,
#4184,#4185),(#4186,#4187,#4188),(#4189,#4190,#4191),(#4192,#4193,#4194)),
 .UNSPECIFIED.,.F.,.F.,.F.)
B_SPLINE_SURFACE_WITH_KNOTS((4,1,1,1,1,1,1,1,1,1,1,1,1,1,1,1,1,1,4),(3,
3),(-6.47533300590641E-9,0.0020563327841088,0.00411267204355061,0.00616901130299242,
0.00822535056243423,0.00925352019215513,0.010281689821876,0.0123380290813178,
0.0143943683407597,0.0164507076002015,0.0185070468596433,0.0205633861190851,
0.0246760646379687,0.0329014216757359,0.0411267787135032,0.0493521357512704,
0.0575774927890376,0.0616901713079213,0.0658028498268049),(0.,1.),
 .UNSPECIFIED.)
GEOMETRIC_REPRESENTATION_ITEM()
RATIONAL_B_SPLINE_SURFACE(((1.,0.766718932286533,1.),(1.,0.767314792355546,
1.),(1.,0.768126869559992,1.),(1.,0.768024590441027,1.),(1.,0.766896339336466,
1.),(1.,0.765028349105119,1.),(1.,0.764277208342873,1.),(1.,0.763570867071132,
1.),(1.,0.762647340868562,1.),(1.,0.76169491250581,1.),(1.,0.760786805748765,
1.),(1.,0.760104944498633,1.),(1.,0.758764508482034,1.),(1.,0.756919941148234,
1.),(1.,0.754132919819925,1.),(1.,0.748880025062046,1.),(1.,0.740283069650018,
1.),(1.,0.727437481907401,1.),(1.,0.711404994610368,1.),(1.,0.70277459483741,
1.),(1.,0.696778432162184,1.)))
REPRESENTATION_ITEM('')
SURFACE()
);
#14=(
BOUNDED_SURFACE()
B_SPLINE_SURFACE(3,2,((#4479,#4480,#4481),(#4482,#4483,#4484),(#4485,#4486,
#4487),(#4488,#4489,#4490),(#4491,#4492,#4493)),.UNSPECIFIED.,.F.,.F.,.F.)
B_SPLINE_SURFACE_WITH_KNOTS((4,1,4),(3,3),(6.39679281766448E-18,0.00116980479996006,
0.00233960959992011),(0.,1.),.UNSPECIFIED.)
GEOMETRIC_REPRESENTATION_ITEM()
RATIONAL_B_SPLINE_SURFACE(((1.,0.547444364157806,1.),(1.,0.555130082528957,
1.),(1.,0.568857670124707,1.),(1.,0.576662718378452,1.),(1.,0.580730490681793,
1.)))
REPRESENTATION_ITEM('')
SURFACE()
);
#15=(
BOUNDED_SURFACE()
B_SPLINE_SURFACE(3,2,((#4495,#4496,#4497),(#4498,#4499,#4500),(#4501,#4502,
#4503),(#4504,#4505,#4506),(#4507,#4508,#4509),(#4510,#4511,#4512),(#4513,
#4514,#4515),(#4516,#4517,#4518),(#4519,#4520,#4521)),.UNSPECIFIED.,.F.,
 .F.,.F.)
B_SPLINE_SURFACE_WITH_KNOTS((4,1,1,1,1,1,4),(3,3),(-1.25593979660721E-15,
0.0123205053892653,0.0184807580838985,0.0246410107785318,0.0369615161677983,
0.0431217688624315,0.0492820215570648),(0.,1.),.UNSPECIFIED.)
GEOMETRIC_REPRESENTATION_ITEM()
RATIONAL_B_SPLINE_SURFACE(((1.,0.547444364157803,1.),(1.,0.553035797812097,
1.),(1.,0.566374311251708,1.),(1.,0.599355616382413,1.),(1.,0.643064951637008,
1.),(1.,0.696804295533949,1.),(1.,0.741190020988454,1.),(1.,0.757280931875785,
1.),(1.,0.763621329937289,1.)))
REPRESENTATION_ITEM('')
SURFACE()
);
#16=(
BOUNDED_SURFACE()
B_SPLINE_SURFACE(3,2,((#4523,#4524,#4525),(#4526,#4527,#4528),(#4529,#4530,
#4531),(#4532,#4533,#4534),(#4535,#4536,#4537)),.UNSPECIFIED.,.F.,.F.,.F.)
B_SPLINE_SURFACE_WITH_KNOTS((4,1,4),(3,3),(0.149295230938206,0.160659277420292,
0.172023323902378),(0.,1.),.UNSPECIFIED.)
GEOMETRIC_REPRESENTATION_ITEM()
RATIONAL_B_SPLINE_SURFACE(((1.,0.763621329937289,1.),(1.,0.775251442422787,
1.),(1.,0.787017974394917,1.),(1.,0.775245844049463,1.),(1.,0.763621329937289,
1.)))
REPRESENTATION_ITEM('')
SURFACE()
);
#17=(
BOUNDED_SURFACE()
B_SPLINE_SURFACE(3,2,((#4539,#4540,#4541),(#4542,#4543,#4544),(#4545,#4546,
#4547),(#4548,#4549,#4550),(#4551,#4552,#4553),(#4554,#4555,#4556),(#4557,
#4558,#4559),(#4560,#4561,#4562),(#4563,#4564,#4565),(#4566,#4567,#4568)),
 .UNSPECIFIED.,.F.,.F.,.F.)
B_SPLINE_SURFACE_WITH_KNOTS((4,1,1,1,1,1,1,4),(3,3),(-4.85722573273506E-17,
0.0123392728145463,0.0185089092218195,0.0246785456290927,0.0308481820363659,
0.0370178184436391,0.0431874548509123,0.0493570912581854),(0.,1.),
 .UNSPECIFIED.)
GEOMETRIC_REPRESENTATION_ITEM()
RATIONAL_B_SPLINE_SURFACE(((1.,0.763621329937294,1.),(1.,0.750929858889716,
1.),(1.,0.721018137796685,1.),(1.,0.670357154015751,1.),(1.,0.6324620177353,
1.),(1.,0.599647285883654,1.),(1.,0.57490922231942,1.),(1.,0.557569156526071,
1.),(1.,0.550244865244993,1.),(1.,0.547444364157819,1.)))
REPRESENTATION_ITEM('')
SURFACE()
);
#18=(
BOUNDED_SURFACE()
B_SPLINE_SURFACE(3,2,((#4570,#4571,#4572),(#4573,#4574,#4575),(#4576,#4577,
#4578),(#4579,#4580,#4581),(#4582,#4583,#4584)),.UNSPECIFIED.,.F.,.F.,.F.)
B_SPLINE_SURFACE_WITH_KNOTS((4,1,4),(3,3),(-6.94973592563208E-17,0.00116980479994982,
0.0023396095998997),(0.,1.),.UNSPECIFIED.)
GEOMETRIC_REPRESENTATION_ITEM()
RATIONAL_B_SPLINE_SURFACE(((1.,0.547444364157803,1.),(1.,0.555130082533909,
1.),(1.,0.568857670112079,1.),(1.,0.576662718398122,1.),(1.,0.580730490681575,
1.)))
REPRESENTATION_ITEM('')
SURFACE()
);
#19=(
BOUNDED_SURFACE()
B_SPLINE_SURFACE(3,2,((#4866,#4867,#4868),(#4869,#4870,#4871),(#4872,#4873,
#4874),(#4875,#4876,#4877),(#4878,#4879,#4880),(#4881,#4882,#4883),(#4884,
#4885,#4886),(#4887,#4888,#4889),(#4890,#4891,#4892),(#4893,#4894,#4895),
(#4896,#4897,#4898),(#4899,#4900,#4901),(#4902,#4903,#4904),(#4905,#4906,
#4907),(#4908,#4909,#4910),(#4911,#4912,#4913),(#4914,#4915,#4916),(#4917,
#4918,#4919),(#4920,#4921,#4922),(#4923,#4924,#4925),(#4926,#4927,#4928)),
 .UNSPECIFIED.,.F.,.F.,.F.)
B_SPLINE_SURFACE_WITH_KNOTS((4,1,1,1,1,1,1,1,1,1,1,1,1,1,1,1,1,1,4),(3,
3),(-6.47459327471345E-9,0.00205633260210241,0.00411267167879809,0.00616901075549377,
0.00822534983218945,0.00925351937053729,0.0102816889088851,0.0123380279855808,
0.0143943670622765,0.0164507061389722,0.0185070452156679,0.0205633842923635,
0.0246760624457549,0.0329014187525376,0.0411267750593203,0.0493521313661031,
0.0575774876728858,0.0616901658262771,0.0658028439796685),(0.,1.),
 .UNSPECIFIED.)
GEOMETRIC_REPRESENTATION_ITEM()
RATIONAL_B_SPLINE_SURFACE(((1.,0.766718932286396,1.),(1.,0.767314793121378,
1.),(1.,0.768126869098192,1.),(1.,0.768024590602372,1.),(1.,0.766896339785023,
1.),(1.,0.765028349791032,1.),(1.,0.764277208702695,1.),(1.,0.763570867621663,
1.),(1.,0.762647341389184,1.),(1.,0.761694913116885,1.),(1.,0.760786806241954,
1.),(1.,0.76010494542602,1.),(1.,0.758764507730661,1.),(1.,0.756919962138143,
1.),(1.,0.754132763360742,1.),(1.,0.748880603184202,1.),(1.,0.740280931727612,
1.),(1.,0.72744380198393,1.),(1.,0.711394085992683,1.),(1.,0.702798772795539,
1.),(1.,0.696778446051714,1.)))
REPRESENTATION_ITEM('')
SURFACE()
);
#20=(
BOUNDED_SURFACE()
B_SPLINE_SURFACE(3,2,((#4930,#4931,#4932),(#4933,#4934,#4935),(#4936,#4937,
#4938),(#4939,#4940,#4941)),.UNSPECIFIED.,.F.,.F.,.F.)
B_SPLINE_SURFACE_WITH_KNOTS((4,4),(3,3),(1.04083408558608E-17,0.00153003113719424),
(0.,1.),.PIECEWISE_BEZIER_KNOTS.)
GEOMETRIC_REPRESENTATION_ITEM()
RATIONAL_B_SPLINE_SURFACE(((1.,0.766718897432463,1.),(1.,0.766270983736245,
1.),(1.,0.765699439424806,1.),(1.,0.764997277082262,1.)))
REPRESENTATION_ITEM('')
SURFACE()
);
#21=CYLINDRICAL_SURFACE('',#920,0.0015);
#22=CYLINDRICAL_SURFACE('',#924,0.0015);
#23=CYLINDRICAL_SURFACE('',#928,0.0015);
#24=CYLINDRICAL_SURFACE('',#932,0.0015);
#25=CYLINDRICAL_SURFACE('',#940,0.0025);
#26=CYLINDRICAL_SURFACE('',#943,0.0025);
#27=CYLINDRICAL_SURFACE('',#946,0.0025);
#28=CYLINDRICAL_SURFACE('',#949,0.0025);
#29=CYLINDRICAL_SURFACE('',#952,0.0025);
#30=CYLINDRICAL_SURFACE('',#955,0.0025);
#31=VERTEX_LOOP('',#553);
#32=VERTEX_LOOP('',#556);
#33=VERTEX_LOOP('',#559);
#34=VERTEX_LOOP('',#562);
#35=VERTEX_LOOP('',#565);
#36=VERTEX_LOOP('',#567);
#37=VERTEX_LOOP('',#569);
#38=VERTEX_LOOP('',#571);
#39=VERTEX_LOOP('',#573);
#40=VERTEX_LOOP('',#575);
#41=CONICAL_SURFACE('',#918,0.0015,1.02974425867665);
#42=CONICAL_SURFACE('',#922,0.0015,1.02974425867665);
#43=CONICAL_SURFACE('',#926,0.0015,1.02974425867665);
#44=CONICAL_SURFACE('',#930,0.0015,1.02974425867665);
#45=CONICAL_SURFACE('',#934,0.0017,0.785398163397462);
#46=CONICAL_SURFACE('',#935,0.0017,0.785398163397462);
#47=CONICAL_SURFACE('',#936,0.0017,0.785398163397462);
#48=CONICAL_SURFACE('',#937,0.0017,0.785398163397462);
#49=CONICAL_SURFACE('',#938,0.0025,1.02974425867665);
#50=CONICAL_SURFACE('',#941,0.0025,1.02974425867665);
#51=CONICAL_SURFACE('',#944,0.0025,1.02974425867665);
#52=CONICAL_SURFACE('',#947,0.0025,1.02974425867665);
#53=CONICAL_SURFACE('',#950,0.0025,1.02974425867665);
#54=CONICAL_SURFACE('',#953,0.0025,1.02974425867665);
#55=CIRCLE('',#905,0.0025);
#56=CIRCLE('',#906,0.0025);
#57=CIRCLE('',#907,0.0025);
#58=CIRCLE('',#908,0.0017);
#59=CIRCLE('',#909,0.0017);
#60=CIRCLE('',#910,0.1);
#61=CIRCLE('',#913,0.0025);
#62=CIRCLE('',#914,0.0025);
#63=CIRCLE('',#915,0.0025);
#64=CIRCLE('',#916,0.0017);
#65=CIRCLE('',#917,0.0017);
#66=CIRCLE('',#919,0.0015);
#67=CIRCLE('',#921,0.0015);
#68=CIRCLE('',#923,0.0015);
#69=CIRCLE('',#925,0.0015);
#70=CIRCLE('',#927,0.0015);
#71=CIRCLE('',#929,0.0015);
#72=CIRCLE('',#931,0.0015);
#73=CIRCLE('',#933,0.0015);
#74=CIRCLE('',#939,0.0025);
#75=CIRCLE('',#942,0.0025);
#76=CIRCLE('',#945,0.0025);
#77=CIRCLE('',#948,0.0025);
#78=CIRCLE('',#951,0.0025);
#79=CIRCLE('',#954,0.0025);
#80=CIRCLE('',#956,0.005);
#81=CIRCLE('',#957,0.005);
#82=CIRCLE('',#958,0.005);
#83=CIRCLE('',#959,0.005);
#84=CIRCLE('',#960,0.005);
#85=CIRCLE('',#961,0.005);
#86=B_SPLINE_SURFACE_WITH_KNOTS('',3,3,((#1144,#1145,#1146,#1147,#1148,
#1149,#1150),(#1151,#1152,#1153,#1154,#1155,#1156,#1157),(#1158,#1159,#1160,
#1161,#1162,#1163,#1164),(#1165,#1166,#1167,#1168,#1169,#1170,#1171),(#1172,
#1173,#1174,#1175,#1176,#1177,#1178),(#1179,#1180,#1181,#1182,#1183,#1184,
#1185),(#1186,#1187,#1188,#1189,#1190,#1191,#1192),(#1193,#1194,#1195,#1196,
#1197,#1198,#1199),(#1200,#1201,#1202,#1203,#1204,#1205,#1206),(#1207,#1208,
#1209,#1210,#1211,#1212,#1213),(#1214,#1215,#1216,#1217,#1218,#1219,#1220),
(#1221,#1222,#1223,#1224,#1225,#1226,#1227),(#1228,#1229,#1230,#1231,#1232,
#1233,#1234),(#1235,#1236,#1237,#1238,#1239,#1240,#1241),(#1242,#1243,#1244,
#1245,#1246,#1247,#1248),(#1249,#1250,#1251,#1252,#1253,#1254,#1255),(#1256,
#1257,#1258,#1259,#1260,#1261,#1262),(#1263,#1264,#1265,#1266,#1267,#1268,
#1269),(#1270,#1271,#1272,#1273,#1274,#1275,#1276),(#1277,#1278,#1279,#1280,
#1281,#1282,#1283),(#1284,#1285,#1286,#1287,#1288,#1289,#1290),(#1291,#1292,
#1293,#1294,#1295,#1296,#1297)),.UNSPECIFIED.,.F.,.F.,.F.,(4,1,1,1,1,1,
1,1,1,1,1,1,1,1,1,1,1,1,1,4),(4,1,1,1,4),(0.461606719120984,0.495256299131566,
0.509276957469308,0.520493484139503,0.531710010809697,0.545730669147439,
0.568163722487827,0.596205039163312,0.629854619173894,0.663504199184477,
0.697153779195059,0.725195095870544,0.747628149210932,0.77006120255132,
0.798102519226805,0.831752099237387,0.865401679247969,0.899051259258552,
0.932700839269134,0.999999999290298),(0.0688505494575393,0.14847058742515,
0.2053420431163,0.26221349880745,0.341833536775061),.UNSPECIFIED.);
#87=B_SPLINE_SURFACE_WITH_KNOTS('',3,1,((#1410,#1411),(#1412,#1413),(#1414,
#1415),(#1416,#1417)),.SURF_OF_LINEAR_EXTRUSION.,.F.,.F.,.F.,(4,4),(2,2),
(0.971952153947067,1.00000001558576),(0.,1.),.PIECEWISE_BEZIER_KNOTS.);
#88=B_SPLINE_SURFACE_WITH_KNOTS('',3,3,((#1437,#1438,#1439,#1440),(#1441,
#1442,#1443,#1444),(#1445,#1446,#1447,#1448),(#1449,#1450,#1451,#1452),
(#1453,#1454,#1455,#1456),(#1457,#1458,#1459,#1460),(#1461,#1462,#1463,
#1464),(#1465,#1466,#1467,#1468),(#1469,#1470,#1471,#1472),(#1473,#1474,
#1475,#1476),(#1477,#1478,#1479,#1480),(#1481,#1482,#1483,#1484),(#1485,
#1486,#1487,#1488),(#1489,#1490,#1491,#1492),(#1493,#1494,#1495,#1496),
(#1497,#1498,#1499,#1500),(#1501,#1502,#1503,#1504),(#1505,#1506,#1507,
#1508),(#1509,#1510,#1511,#1512),(#1513,#1514,#1515,#1516),(#1517,#1518,
#1519,#1520),(#1521,#1522,#1523,#1524),(#1525,#1526,#1527,#1528),(#1529,
#1530,#1531,#1532),(#1533,#1534,#1535,#1536),(#1537,#1538,#1539,#1540),
(#1541,#1542,#1543,#1544),(#1545,#1546,#1547,#1548),(#1549,#1550,#1551,
#1552),(#1553,#1554,#1555,#1556),(#1557,#1558,#1559,#1560),(#1561,#1562,
#1563,#1564),(#1565,#1566,#1567,#1568),(#1569,#1570,#1571,#1572),(#1573,
#1574,#1575,#1576),(#1577,#1578,#1579,#1580),(#1581,#1582,#1583,#1584),
(#1585,#1586,#1587,#1588),(#1589,#1590,#1591,#1592),(#1593,#1594,#1595,
#1596),(#1597,#1598,#1599,#1600),(#1601,#1602,#1603,#1604),(#1605,#1606,
#1607,#1608),(#1609,#1610,#1611,#1612),(#1613,#1614,#1615,#1616),(#1617,
#1618,#1619,#1620),(#1621,#1622,#1623,#1624),(#1625,#1626,#1627,#1628),
(#1629,#1630,#1631,#1632),(#1633,#1634,#1635,#1636),(#1637,#1638,#1639,
#1640),(#1641,#1642,#1643,#1644),(#1645,#1646,#1647,#1648),(#1649,#1650,
#1651,#1652),(#1653,#1654,#1655,#1656),(#1657,#1658,#1659,#1660),(#1661,
#1662,#1663,#1664),(#1665,#1666,#1667,#1668),(#1669,#1670,#1671,#1672),
(#1673,#1674,#1675,#1676),(#1677,#1678,#1679,#1680),(#1681,#1682,#1683,
#1684),(#1685,#1686,#1687,#1688),(#1689,#1690,#1691,#1692),(#1693,#1694,
#1695,#1696),(#1697,#1698,#1699,#1700),(#1701,#1702,#1703,#1704),(#1705,
#1706,#1707,#1708),(#1709,#1710,#1711,#1712),(#1713,#1714,#1715,#1716),
(#1717,#1718,#1719,#1720),(#1721,#1722,#1723,#1724),(#1725,#1726,#1727,
#1728),(#1729,#1730,#1731,#1732),(#1733,#1734,#1735,#1736),(#1737,#1738,
#1739,#1740),(#1741,#1742,#1743,#1744),(#1745,#1746,#1747,#1748),(#1749,
#1750,#1751,#1752),(#1753,#1754,#1755,#1756),(#1757,#1758,#1759,#1760),
(#1761,#1762,#1763,#1764),(#1765,#1766,#1767,#1768),(#1769,#1770,#1771,
#1772),(#1773,#1774,#1775,#1776),(#1777,#1778,#1779,#1780),(#1781,#1782,
#1783,#1784),(#1785,#1786,#1787,#1788),(#1789,#1790,#1791,#1792),(#1793,
#1794,#1795,#1796),(#1797,#1798,#1799,#1800),(#1801,#1802,#1803,#1804),
(#1805,#1806,#1807,#1808),(#1809,#1810,#1811,#1812),(#1813,#1814,#1815,
#1816),(#1817,#1818,#1819,#1820),(#1821,#1822,#1823,#1824),(#1825,#1826,
#1827,#1828),(#1829,#1830,#1831,#1832),(#1833,#1834,#1835,#1836),(#1837,
#1838,#1839,#1840),(#1841,#1842,#1843,#1844),(#1845,#1846,#1847,#1848),
(#1849,#1850,#1851,#1852),(#1853,#1854,#1855,#1856),(#1857,#1858,#1859,
#1860),(#1861,#1862,#1863,#1864),(#1865,#1866,#1867,#1868),(#1869,#1870,
#1871,#1872),(#1873,#1874,#1875,#1876),(#1877,#1878,#1879,#1880),(#1881,
#1882,#1883,#1884),(#1885,#1886,#1887,#1888),(#1889,#1890,#1891,#1892),
(#1893,#1894,#1895,#1896),(#1897,#1898,#1899,#1900),(#1901,#1902,#1903,
#1904),(#1905,#1906,#1907,#1908),(#1909,#1910,#1911,#1912),(#1913,#1914,
#1915,#1916),(#1917,#1918,#1919,#1920),(#1921,#1922,#1923,#1924),(#1925,
#1926,#1927,#1928),(#1929,#1930,#1931,#1932),(#1933,#1934,#1935,#1936),
(#1937,#1938,#1939,#1940),(#1941,#1942,#1943,#1944),(#1945,#1946,#1947,
#1948),(#1949,#1950,#1951,#1952),(#1953,#1954,#1955,#1956),(#1957,#1958,
#1959,#1960),(#1961,#1962,#1963,#1964),(#1965,#1966,#1967,#1968),(#1969,
#1970,#1971,#1972),(#1973,#1974,#1975,#1976),(#1977,#1978,#1979,#1980),
(#1981,#1982,#1983,#1984),(#1985,#1986,#1987,#1988),(#1989,#1990,#1991,
#1992),(#1993,#1994,#1995,#1996),(#1997,#1998,#1999,#2000),(#2001,#2002,
#2003,#2004),(#2005,#2006,#2007,#2008)),.UNSPECIFIED.,.F.,.F.,.F.,(4,2,
2,3,2,2,2,2,2,2,2,2,2,2,2,2,2,2,2,2,2,2,2,2,2,2,2,2,2,2,2,2,2,2,2,2,2,2,
2,2,2,2,2,2,2,2,2,2,2,2,2,2,2,2,2,2,2,2,2,2,2,2,2,2,2,2,2,2,2,2,4),(4,4),
(0.978820720227081,0.984375,0.9921875,1.,1.0078125,1.015625,1.0234375,1.03125,
1.0390625,1.046875,1.0546875,1.0625,1.0703125,1.078125,1.0859375,1.09375,
1.1015625,1.109375,1.1171875,1.125,1.1328125,1.140625,1.1484375,1.15625,
1.1640625,1.171875,1.1796875,1.1875,1.1953125,1.203125,1.2109375,1.21875,
1.2265625,1.234375,1.2421875,1.25,1.2578125,1.265625,1.2734375,1.28125,
1.2890625,1.296875,1.3046875,1.3125,1.3203125,1.328125,1.3359375,1.34375,
1.3515625,1.359375,1.3671875,1.375,1.3828125,1.390625,1.3984375,1.40625,
1.4140625,1.421875,1.4296875,1.4375,1.4453125,1.453125,1.4609375,1.46875,
1.4765625,1.484375,1.4921875,1.5,1.5078125,1.515625,1.52117927977292),(0.,
0.967684227495046),.UNSPECIFIED.);
#89=B_SPLINE_SURFACE_WITH_KNOTS('',3,3,((#2105,#2106,#2107,#2108),(#2109,
#2110,#2111,#2112),(#2113,#2114,#2115,#2116),(#2117,#2118,#2119,#2120),
(#2121,#2122,#2123,#2124),(#2125,#2126,#2127,#2128),(#2129,#2130,#2131,
#2132),(#2133,#2134,#2135,#2136),(#2137,#2138,#2139,#2140),(#2141,#2142,
#2143,#2144),(#2145,#2146,#2147,#2148),(#2149,#2150,#2151,#2152),(#2153,
#2154,#2155,#2156),(#2157,#2158,#2159,#2160),(#2161,#2162,#2163,#2164),
(#2165,#2166,#2167,#2168),(#2169,#2170,#2171,#2172),(#2173,#2174,#2175,
#2176),(#2177,#2178,#2179,#2180),(#2181,#2182,#2183,#2184),(#2185,#2186,
#2187,#2188),(#2189,#2190,#2191,#2192),(#2193,#2194,#2195,#2196),(#2197,
#2198,#2199,#2200),(#2201,#2202,#2203,#2204),(#2205,#2206,#2207,#2208),
(#2209,#2210,#2211,#2212),(#2213,#2214,#2215,#2216),(#2217,#2218,#2219,
#2220),(#2221,#2222,#2223,#2224),(#2225,#2226,#2227,#2228),(#2229,#2230,
#2231,#2232),(#2233,#2234,#2235,#2236),(#2237,#2238,#2239,#2240),(#2241,
#2242,#2243,#2244),(#2245,#2246,#2247,#2248),(#2249,#2250,#2251,#2252),
(#2253,#2254,#2255,#2256),(#2257,#2258,#2259,#2260),(#2261,#2262,#2263,
#2264),(#2265,#2266,#2267,#2268),(#2269,#2270,#2271,#2272),(#2273,#2274,
#2275,#2276),(#2277,#2278,#2279,#2280),(#2281,#2282,#2283,#2284),(#2285,
#2286,#2287,#2288),(#2289,#2290,#2291,#2292),(#2293,#2294,#2295,#2296),
(#2297,#2298,#2299,#2300),(#2301,#2302,#2303,#2304),(#2305,#2306,#2307,
#2308),(#2309,#2310,#2311,#2312),(#2313,#2314,#2315,#2316),(#2317,#2318,
#2319,#2320),(#2321,#2322,#2323,#2324),(#2325,#2326,#2327,#2328),(#2329,
#2330,#2331,#2332),(#2333,#2334,#2335,#2336),(#2337,#2338,#2339,#2340),
(#2341,#2342,#2343,#2344),(#2345,#2346,#2347,#2348),(#2349,#2350,#2351,
#2352),(#2353,#2354,#2355,#2356),(#2357,#2358,#2359,#2360),(#2361,#2362,
#2363,#2364),(#2365,#2366,#2367,#2368),(#2369,#2370,#2371,#2372),(#2373,
#2374,#2375,#2376),(#2377,#2378,#2379,#2380),(#2381,#2382,#2383,#2384),
(#2385,#2386,#2387,#2388),(#2389,#2390,#2391,#2392),(#2393,#2394,#2395,
#2396),(#2397,#2398,#2399,#2400),(#2401,#2402,#2403,#2404),(#2405,#2406,
#2407,#2408),(#2409,#2410,#2411,#2412),(#2413,#2414,#2415,#2416),(#2417,
#2418,#2419,#2420),(#2421,#2422,#2423,#2424),(#2425,#2426,#2427,#2428),
(#2429,#2430,#2431,#2432),(#2433,#2434,#2435,#2436),(#2437,#2438,#2439,
#2440),(#2441,#2442,#2443,#2444),(#2445,#2446,#2447,#2448),(#2449,#2450,
#2451,#2452),(#2453,#2454,#2455,#2456),(#2457,#2458,#2459,#2460),(#2461,
#2462,#2463,#2464),(#2465,#2466,#2467,#2468),(#2469,#2470,#2471,#2472),
(#2473,#2474,#2475,#2476),(#2477,#2478,#2479,#2480),(#2481,#2482,#2483,
#2484),(#2485,#2486,#2487,#2488),(#2489,#2490,#2491,#2492),(#2493,#2494,
#2495,#2496),(#2497,#2498,#2499,#2500),(#2501,#2502,#2503,#2504),(#2505,
#2506,#2507,#2508),(#2509,#2510,#2511,#2512),(#2513,#2514,#2515,#2516),
(#2517,#2518,#2519,#2520),(#2521,#2522,#2523,#2524),(#2525,#2526,#2527,
#2528),(#2529,#2530,#2531,#2532),(#2533,#2534,#2535,#2536),(#2537,#2538,
#2539,#2540),(#2541,#2542,#2543,#2544),(#2545,#2546,#2547,#2548),(#2549,
#2550,#2551,#2552),(#2553,#2554,#2555,#2556),(#2557,#2558,#2559,#2560),
(#2561,#2562,#2563,#2564),(#2565,#2566,#2567,#2568),(#2569,#2570,#2571,
#2572),(#2573,#2574,#2575,#2576),(#2577,#2578,#2579,#2580),(#2581,#2582,
#2583,#2584),(#2585,#2586,#2587,#2588),(#2589,#2590,#2591,#2592),(#2593,
#2594,#2595,#2596),(#2597,#2598,#2599,#2600),(#2601,#2602,#2603,#2604),
(#2605,#2606,#2607,#2608),(#2609,#2610,#2611,#2612),(#2613,#2614,#2615,
#2616),(#2617,#2618,#2619,#2620),(#2621,#2622,#2623,#2624),(#2625,#2626,
#2627,#2628),(#2629,#2630,#2631,#2632),(#2633,#2634,#2635,#2636),(#2637,
#2638,#2639,#2640),(#2641,#2642,#2643,#2644),(#2645,#2646,#2647,#2648),
(#2649,#2650,#2651,#2652),(#2653,#2654,#2655,#2656),(#2657,#2658,#2659,
#2660),(#2661,#2662,#2663,#2664),(#2665,#2666,#2667,#2668),(#2669,#2670,
#2671,#2672),(#2673,#2674,#2675,#2676),(#2677,#2678,#2679,#2680),(#2681,
#2682,#2683,#2684),(#2685,#2686,#2687,#2688),(#2689,#2690,#2691,#2692)),
 .UNSPECIFIED.,.F.,.F.,.F.,(4,2,2,2,3,2,2,2,2,2,2,2,2,2,2,2,2,2,2,2,2,2,
2,2,2,2,2,2,2,2,2,2,2,2,2,2,2,2,2,2,2,2,2,2,2,2,2,2,2,2,2,2,2,2,2,2,2,2,
2,2,2,2,2,2,2,2,2,2,2,2,2,2,4),(4,4),(0.974693921980152,0.9765625,0.984375,
0.9921875,1.,1.0078125,1.015625,1.0234375,1.03125,1.0390625,1.046875,1.0546875,
1.0625,1.0703125,1.078125,1.0859375,1.09375,1.1015625,1.109375,1.1171875,
1.125,1.1328125,1.140625,1.1484375,1.15625,1.1640625,1.171875,1.1796875,
1.1875,1.1953125,1.203125,1.2109375,1.21875,1.2265625,1.234375,1.2421875,
1.25,1.2578125,1.265625,1.2734375,1.28125,1.2890625,1.296875,1.3046875,
1.3125,1.3203125,1.328125,1.3359375,1.34375,1.3515625,1.359375,1.3671875,
1.375,1.3828125,1.390625,1.3984375,1.40625,1.4140625,1.421875,1.4296875,
1.4375,1.4453125,1.453125,1.4609375,1.46875,1.4765625,1.484375,1.4921875,
1.5,1.5078125,1.515625,1.5234375,1.52530607801985),(0.,0.712715682747735),
 .UNSPECIFIED.);
#90=B_SPLINE_SURFACE_WITH_KNOTS('',3,1,((#2703,#2704),(#2705,#2706),(#2707,
#2708),(#2709,#2710)),.SURF_OF_LINEAR_EXTRUSION.,.F.,.F.,.F.,(4,4),(2,2),
(0.971952153947067,1.00000001558576),(0.,1.),.PIECEWISE_BEZIER_KNOTS.);
#91=B_SPLINE_SURFACE_WITH_KNOTS('',3,3,((#2727,#2728,#2729,#2730,#2731,
#2732,#2733,#2734,#2735),(#2736,#2737,#2738,#2739,#2740,#2741,#2742,#2743,
#2744),(#2745,#2746,#2747,#2748,#2749,#2750,#2751,#2752,#2753),(#2754,#2755,
#2756,#2757,#2758,#2759,#2760,#2761,#2762),(#2763,#2764,#2765,#2766,#2767,
#2768,#2769,#2770,#2771),(#2772,#2773,#2774,#2775,#2776,#2777,#2778,#2779,
#2780),(#2781,#2782,#2783,#2784,#2785,#2786,#2787,#2788,#2789),(#2790,#2791,
#2792,#2793,#2794,#2795,#2796,#2797,#2798),(#2799,#2800,#2801,#2802,#2803,
#2804,#2805,#2806,#2807),(#2808,#2809,#2810,#2811,#2812,#2813,#2814,#2815,
#2816),(#2817,#2818,#2819,#2820,#2821,#2822,#2823,#2824,#2825),(#2826,#2827,
#2828,#2829,#2830,#2831,#2832,#2833,#2834),(#2835,#2836,#2837,#2838,#2839,
#2840,#2841,#2842,#2843),(#2844,#2845,#2846,#2847,#2848,#2849,#2850,#2851,
#2852),(#2853,#2854,#2855,#2856,#2857,#2858,#2859,#2860,#2861),(#2862,#2863,
#2864,#2865,#2866,#2867,#2868,#2869,#2870),(#2871,#2872,#2873,#2874,#2875,
#2876,#2877,#2878,#2879),(#2880,#2881,#2882,#2883,#2884,#2885,#2886,#2887,
#2888),(#2889,#2890,#2891,#2892,#2893,#2894,#2895,#2896,#2897),(#2898,#2899,
#2900,#2901,#2902,#2903,#2904,#2905,#2906),(#2907,#2908,#2909,#2910,#2911,
#2912,#2913,#2914,#2915),(#2916,#2917,#2918,#2919,#2920,#2921,#2922,#2923,
#2924),(#2925,#2926,#2927,#2928,#2929,#2930,#2931,#2932,#2933)),
 .UNSPECIFIED.,.F.,.F.,.F.,(4,1,1,1,1,1,1,1,1,1,1,1,1,1,1,1,1,1,1,1,4),
(4,1,1,1,1,1,4),(0.469986493463715,0.478977066043422,0.483472352333276,
0.48796763862313,0.492462924912984,0.498456639966122,0.505948783782545,
0.514939356362253,0.52392992894196,0.532920501521668,0.544907931627944,
0.55989221926079,0.577873364420205,0.59585450957962,0.619829369792173,0.649797945057865,
0.679766520323557,0.70374138053611,0.721722525695525,0.736706813328371,
0.757684816014355),(0.33804043183194,0.48694272386986,0.561393869888821,
0.635845015907781,0.710296161926741,0.784747307945702,0.933649599983622),
 .UNSPECIFIED.);
#92=B_SPLINE_SURFACE_WITH_KNOTS('',3,3,((#3019,#3020,#3021,#3022,#3023,
#3024,#3025,#3026,#3027),(#3028,#3029,#3030,#3031,#3032,#3033,#3034,#3035,
#3036),(#3037,#3038,#3039,#3040,#3041,#3042,#3043,#3044,#3045),(#3046,#3047,
#3048,#3049,#3050,#3051,#3052,#3053,#3054),(#3055,#3056,#3057,#3058,#3059,
#3060,#3061,#3062,#3063),(#3064,#3065,#3066,#3067,#3068,#3069,#3070,#3071,
#3072),(#3073,#3074,#3075,#3076,#3077,#3078,#3079,#3080,#3081),(#3082,#3083,
#3084,#3085,#3086,#3087,#3088,#3089,#3090),(#3091,#3092,#3093,#3094,#3095,
#3096,#3097,#3098,#3099),(#3100,#3101,#3102,#3103,#3104,#3105,#3106,#3107,
#3108),(#3109,#3110,#3111,#3112,#3113,#3114,#3115,#3116,#3117),(#3118,#3119,
#3120,#3121,#3122,#3123,#3124,#3125,#3126),(#3127,#3128,#3129,#3130,#3131,
#3132,#3133,#3134,#3135),(#3136,#3137,#3138,#3139,#3140,#3141,#3142,#3143,
#3144),(#3145,#3146,#3147,#3148,#3149,#3150,#3151,#3152,#3153),(#3154,#3155,
#3156,#3157,#3158,#3159,#3160,#3161,#3162),(#3163,#3164,#3165,#3166,#3167,
#3168,#3169,#3170,#3171),(#3172,#3173,#3174,#3175,#3176,#3177,#3178,#3179,
#3180),(#3181,#3182,#3183,#3184,#3185,#3186,#3187,#3188,#3189),(#3190,#3191,
#3192,#3193,#3194,#3195,#3196,#3197,#3198),(#3199,#3200,#3201,#3202,#3203,
#3204,#3205,#3206,#3207),(#3208,#3209,#3210,#3211,#3212,#3213,#3214,#3215,
#3216),(#3217,#3218,#3219,#3220,#3221,#3222,#3223,#3224,#3225)),
 .UNSPECIFIED.,.F.,.F.,.F.,(4,1,1,1,1,1,1,1,1,1,1,1,1,1,1,1,1,1,1,1,4),
(4,1,1,1,1,1,4),(0.469986210433955,0.478976789004368,0.483472078289574,
0.487967367574781,0.492462656859987,0.498456375906929,0.505948524715607,
0.514939103286019,0.523929681856432,0.532920260426845,0.544907698520729,
0.559891996138084,0.57787315327891,0.595854310419735,0.619829186607503,
0.649797781842213,0.679766377076922,0.70374125326469,0.721722410405516,
0.73670670802287,0.757684724687167),(0.338040432127226,0.4869427117116,
0.561393851503787,0.635844991295974,0.710296131088162,0.784747270880349,
0.933649550464723),.UNSPECIFIED.);
#93=B_SPLINE_SURFACE_WITH_KNOTS('',3,3,((#3289,#3290,#3291,#3292,#3293),
(#3294,#3295,#3296,#3297,#3298),(#3299,#3300,#3301,#3302,#3303),(#3304,
#3305,#3306,#3307,#3308)),.UNSPECIFIED.,.F.,.F.,.F.,(4,4),(4,1,4),(0.46729396048733,
0.471730554367122),(0.517316565175469,0.626173635908118,0.735030706640766),
 .UNSPECIFIED.);
#94=B_SPLINE_SURFACE_WITH_KNOTS('',3,3,((#3309,#3310,#3311,#3312,#3313),
(#3314,#3315,#3316,#3317,#3318),(#3319,#3320,#3321,#3322,#3323),(#3324,
#3325,#3326,#3327,#3328)),.UNSPECIFIED.,.F.,.F.,.F.,(4,4),(4,1,4),(0.46729395486017,
0.471731497850845),(0.51727473349878,0.626152812037656,0.735030890576533),
 .UNSPECIFIED.);
#95=B_SPLINE_SURFACE_WITH_KNOTS('',3,3,((#3333,#3334,#3335,#3336,#3337,
#3338,#3339),(#3340,#3341,#3342,#3343,#3344,#3345,#3346),(#3347,#3348,#3349,
#3350,#3351,#3352,#3353),(#3354,#3355,#3356,#3357,#3358,#3359,#3360),(#3361,
#3362,#3363,#3364,#3365,#3366,#3367),(#3368,#3369,#3370,#3371,#3372,#3373,
#3374),(#3375,#3376,#3377,#3378,#3379,#3380,#3381),(#3382,#3383,#3384,#3385,
#3386,#3387,#3388),(#3389,#3390,#3391,#3392,#3393,#3394,#3395),(#3396,#3397,
#3398,#3399,#3400,#3401,#3402),(#3403,#3404,#3405,#3406,#3407,#3408,#3409),
(#3410,#3411,#3412,#3413,#3414,#3415,#3416),(#3417,#3418,#3419,#3420,#3421,
#3422,#3423),(#3424,#3425,#3426,#3427,#3428,#3429,#3430),(#3431,#3432,#3433,
#3434,#3435,#3436,#3437),(#3438,#3439,#3440,#3441,#3442,#3443,#3444),(#3445,
#3446,#3447,#3448,#3449,#3450,#3451),(#3452,#3453,#3454,#3455,#3456,#3457,
#3458),(#3459,#3460,#3461,#3462,#3463,#3464,#3465),(#3466,#3467,#3468,#3469,
#3470,#3471,#3472),(#3473,#3474,#3475,#3476,#3477,#3478,#3479),(#3480,#3481,
#3482,#3483,#3484,#3485,#3486)),.UNSPECIFIED.,.F.,.F.,.F.,(4,1,1,1,1,1,
1,1,1,1,1,1,1,1,1,1,1,1,1,4),(4,1,1,1,4),(0.46160671903921,0.495256299906684,
0.509276958601465,0.52049348555729,0.531710012513115,0.545730671207895,
0.568163725119545,0.596205042509106,0.62985462337658,0.663504204244054,
0.697153785111528,0.72519510250109,0.747628156412739,0.770061210324389,
0.79810252771395,0.831752108581424,0.865401689448898,0.899051270316372,
0.932700851183846,1.00000001291879),(0.0672344698266333,0.147325864533102,
0.204534003609152,0.261742142685201,0.34183353739167),.UNSPECIFIED.);
#96=B_SPLINE_SURFACE_WITH_KNOTS('',3,1,((#3524,#3525),(#3526,#3527),(#3528,
#3529),(#3530,#3531),(#3532,#3533),(#3534,#3535),(#3536,#3537),(#3538,#3539),
(#3540,#3541),(#3542,#3543),(#3544,#3545),(#3546,#3547),(#3548,#3549),(#3550,
#3551),(#3552,#3553)),.SURF_OF_LINEAR_EXTRUSION.,.F.,.F.,.F.,(4,1,1,1,1,
1,1,1,1,1,1,1,4),(2,2),(-2.47457880252165E-16,0.062500001405577,0.0937500021083656,
0.125000002811154,0.187500004216731,0.250000005622309,0.375000008433463,
0.500000011244618,0.625000014055772,0.750000016866927,0.875000019678081,
0.937500021083658,1.00000002248924),(0.,1.),.UNSPECIFIED.);
#97=B_SPLINE_SURFACE_WITH_KNOTS('',3,1,((#3576,#3577),(#3578,#3579),(#3580,
#3581),(#3582,#3583),(#3584,#3585),(#3586,#3587),(#3588,#3589),(#3590,#3591)),
 .SURF_OF_LINEAR_EXTRUSION.,.F.,.F.,.F.,(4,1,1,1,1,4),(2,2),(-2.48800091386815E-15,
0.250000721802003,0.500001443604009,0.750002165406014,0.875002526307017,
1.00000288720802),(0.,1.),.UNSPECIFIED.);
#98=B_SPLINE_SURFACE_WITH_KNOTS('',3,1,((#3611,#3612),(#3613,#3614),(#3615,
#3616),(#3617,#3618)),.SURF_OF_LINEAR_EXTRUSION.,.F.,.F.,.F.,(4,4),(2,2),
(-3.37230480149221E-5,1.00000000000004),(0.,1.),
 .PIECEWISE_BEZIER_KNOTS.);
#99=B_SPLINE_SURFACE_WITH_KNOTS('',3,1,((#3661,#3662),(#3663,#3664),(#3665,
#3666),(#3667,#3668),(#3669,#3670),(#3671,#3672),(#3673,#3674),(#3675,#3676),
(#3677,#3678),(#3679,#3680),(#3681,#3682),(#3683,#3684),(#3685,#3686),(#3687,
#3688),(#3689,#3690)),.SURF_OF_LINEAR_EXTRUSION.,.F.,.F.,.F.,(4,1,1,1,1,
1,1,1,1,1,1,1,4),(2,2),(-2.47457880252165E-16,0.062500001405577,0.0937500021083656,
0.125000002811154,0.187500004216731,0.250000005622309,0.375000008433463,
0.500000011244618,0.625000014055772,0.750000016866927,0.875000019678081,
0.937500021083658,1.00000002248924),(0.,1.),.UNSPECIFIED.);
#100=B_SPLINE_SURFACE_WITH_KNOTS('',3,1,((#3714,#3715),(#3716,#3717),(#3718,
#3719),(#3720,#3721),(#3722,#3723),(#3724,#3725),(#3726,#3727),(#3728,#3729)),
 .SURF_OF_LINEAR_EXTRUSION.,.F.,.F.,.F.,(4,1,1,1,1,4),(2,2),(-5.7304699416614E-15,
0.250000721802001,0.500001443604007,0.750002165406014,0.875002526307017,
1.00000288720802),(0.,1.),.UNSPECIFIED.);
#101=B_SPLINE_SURFACE_WITH_KNOTS('',3,3,((#3775,#3776,#3777,#3778,#3779,
#3780,#3781,#3782,#3783),(#3784,#3785,#3786,#3787,#3788,#3789,#3790,#3791,
#3792),(#3793,#3794,#3795,#3796,#3797,#3798,#3799,#3800,#3801),(#3802,#3803,
#3804,#3805,#3806,#3807,#3808,#3809,#3810),(#3811,#3812,#3813,#3814,#3815,
#3816,#3817,#3818,#3819),(#3820,#3821,#3822,#3823,#3824,#3825,#3826,#3827,
#3828),(#3829,#3830,#3831,#3832,#3833,#3834,#3835,#3836,#3837),(#3838,#3839,
#3840,#3841,#3842,#3843,#3844,#3845,#3846),(#3847,#3848,#3849,#3850,#3851,
#3852,#3853,#3854,#3855),(#3856,#3857,#3858,#3859,#3860,#3861,#3862,#3863,
#3864),(#3865,#3866,#3867,#3868,#3869,#3870,#3871,#3872,#3873),(#3874,#3875,
#3876,#3877,#3878,#3879,#3880,#3881,#3882)),.UNSPECIFIED.,.F.,.F.,.F.,(4,
1,1,1,1,1,1,1,1,4),(4,1,1,1,1,1,4),(0.75768472468854,0.766519135791602,
0.775353546894665,0.787974134184753,0.80311883893286,0.823311778597002,
0.84855295317718,0.888938832505465,0.92932471183375,1.00000000065825),(0.337880551490789,
0.504397603118595,0.587656128932498,0.670914654746401,0.754173180560305,
0.837431706374208,1.00394875800201),.UNSPECIFIED.);
#102=B_SPLINE_SURFACE_WITH_KNOTS('',3,3,((#3895,#3896,#3897,#3898,#3899,
#3900,#3901,#3902,#3903),(#3904,#3905,#3906,#3907,#3908,#3909,#3910,#3911,
#3912),(#3913,#3914,#3915,#3916,#3917,#3918,#3919,#3920,#3921),(#3922,#3923,
#3924,#3925,#3926,#3927,#3928,#3929,#3930),(#3931,#3932,#3933,#3934,#3935,
#3936,#3937,#3938,#3939),(#3940,#3941,#3942,#3943,#3944,#3945,#3946,#3947,
#3948),(#3949,#3950,#3951,#3952,#3953,#3954,#3955,#3956,#3957),(#3958,#3959,
#3960,#3961,#3962,#3963,#3964,#3965,#3966),(#3967,#3968,#3969,#3970,#3971,
#3972,#3973,#3974,#3975),(#3976,#3977,#3978,#3979,#3980,#3981,#3982,#3983,
#3984),(#3985,#3986,#3987,#3988,#3989,#3990,#3991,#3992,#3993),(#3994,#3995,
#3996,#3997,#3998,#3999,#4000,#4001,#4002)),.UNSPECIFIED.,.F.,.F.,.F.,(4,
1,1,1,1,1,1,1,1,4),(4,1,1,1,1,1,4),(0.757684816016012,0.766519223816696,
0.775353631617379,0.787974214189785,0.803118913276671,0.82331184539252,
0.84855301053733,0.888938874769027,0.929324739000724,1.00000000140619),
(0.33788055149112,0.504397603118353,0.58765612893197,0.670914654745586,
0.754173180559203,0.83743170637282,1.00394875800005),.UNSPECIFIED.);
#103=B_SPLINE_SURFACE_WITH_KNOTS('',3,3,((#4007,#4008,#4009,#4010),(#4011,
#4012,#4013,#4014),(#4015,#4016,#4017,#4018),(#4019,#4020,#4021,#4022)),
 .UNSPECIFIED.,.F.,.F.,.F.,(4,4),(4,4),(-0.0108737881018711,0.0108740348800596),
(-0.000247613244944248,0.000803825827873699),.PIECEWISE_BEZIER_KNOTS.);
#104=B_SPLINE_SURFACE_WITH_KNOTS('',3,1,((#4040,#4041),(#4042,#4043),(#4044,
#4045),(#4046,#4047)),.SURF_OF_LINEAR_EXTRUSION.,.F.,.F.,.F.,(4,4),(2,2),
(0.,1.),(0.,1.),.PIECEWISE_BEZIER_KNOTS.);
#105=B_SPLINE_SURFACE_WITH_KNOTS('',3,1,((#4049,#4050),(#4051,#4052),(#4053,
#4054),(#4055,#4056)),.SURF_OF_LINEAR_EXTRUSION.,.F.,.F.,.F.,(4,4),(2,2),
(-4.98585326899319E-13,1.),(0.,1.),.PIECEWISE_BEZIER_KNOTS.);
#106=B_SPLINE_SURFACE_WITH_KNOTS('',3,3,((#4200,#4201,#4202,#4203,#4204,
#4205,#4206,#4207,#4208,#4209,#4210,#4211,#4212),(#4213,#4214,#4215,#4216,
#4217,#4218,#4219,#4220,#4221,#4222,#4223,#4224,#4225),(#4226,#4227,#4228,
#4229,#4230,#4231,#4232,#4233,#4234,#4235,#4236,#4237,#4238),(#4239,#4240,
#4241,#4242,#4243,#4244,#4245,#4246,#4247,#4248,#4249,#4250,#4251),(#4252,
#4253,#4254,#4255,#4256,#4257,#4258,#4259,#4260,#4261,#4262,#4263,#4264),
(#4265,#4266,#4267,#4268,#4269,#4270,#4271,#4272,#4273,#4274,#4275,#4276,
#4277),(#4278,#4279,#4280,#4281,#4282,#4283,#4284,#4285,#4286,#4287,#4288,
#4289,#4290),(#4291,#4292,#4293,#4294,#4295,#4296,#4297,#4298,#4299,#4300,
#4301,#4302,#4303),(#4304,#4305,#4306,#4307,#4308,#4309,#4310,#4311,#4312,
#4313,#4314,#4315,#4316),(#4317,#4318,#4319,#4320,#4321,#4322,#4323,#4324,
#4325,#4326,#4327,#4328,#4329),(#4330,#4331,#4332,#4333,#4334,#4335,#4336,
#4337,#4338,#4339,#4340,#4341,#4342),(#4343,#4344,#4345,#4346,#4347,#4348,
#4349,#4350,#4351,#4352,#4353,#4354,#4355),(#4356,#4357,#4358,#4359,#4360,
#4361,#4362,#4363,#4364,#4365,#4366,#4367,#4368),(#4369,#4370,#4371,#4372,
#4373,#4374,#4375,#4376,#4377,#4378,#4379,#4380,#4381),(#4382,#4383,#4384,
#4385,#4386,#4387,#4388,#4389,#4390,#4391,#4392,#4393,#4394),(#4395,#4396,
#4397,#4398,#4399,#4400,#4401,#4402,#4403,#4404,#4405,#4406,#4407),(#4408,
#4409,#4410,#4411,#4412,#4413,#4414,#4415,#4416,#4417,#4418,#4419,#4420),
(#4421,#4422,#4423,#4424,#4425,#4426,#4427,#4428,#4429,#4430,#4431,#4432,
#4433),(#4434,#4435,#4436,#4437,#4438,#4439,#4440,#4441,#4442,#4443,#4444,
#4445,#4446),(#4447,#4448,#4449,#4450,#4451,#4452,#4453,#4454,#4455,#4456,
#4457,#4458,#4459)),.UNSPECIFIED.,.F.,.F.,.F.,(4,1,1,1,1,1,1,1,1,1,1,1,
1,1,1,1,1,4),(4,1,1,1,1,1,1,1,1,1,4),(0.0491296763312434,0.0492771583563529,
0.0494246403814624,0.0497196044316814,0.0503095325321194,0.0508994606325574,
0.0514893887329954,0.0538491011347474,0.0562088135364995,0.0585685259382515,
0.0609282383400035,0.0632879507417555,0.0656476631435075,0.0668275193443835,
0.0674174474448215,0.0677124114950405,0.06785989352015,0.0680073755452595),
(-0.00705239682295935,0.0558883779784756,0.118829152779911,0.244710702382781,
0.37059225198565,0.49647380158852,0.62235535119139,0.74823690079426,0.87411845039713,
0.937059225198565,1.),.UNSPECIFIED.);
#107=B_SPLINE_SURFACE_WITH_KNOTS('',3,3,((#4601,#4602,#4603,#4604,#4605,
#4606,#4607,#4608,#4609,#4610,#4611,#4612,#4613),(#4614,#4615,#4616,#4617,
#4618,#4619,#4620,#4621,#4622,#4623,#4624,#4625,#4626),(#4627,#4628,#4629,
#4630,#4631,#4632,#4633,#4634,#4635,#4636,#4637,#4638,#4639),(#4640,#4641,
#4642,#4643,#4644,#4645,#4646,#4647,#4648,#4649,#4650,#4651,#4652),(#4653,
#4654,#4655,#4656,#4657,#4658,#4659,#4660,#4661,#4662,#4663,#4664,#4665),
(#4666,#4667,#4668,#4669,#4670,#4671,#4672,#4673,#4674,#4675,#4676,#4677,
#4678),(#4679,#4680,#4681,#4682,#4683,#4684,#4685,#4686,#4687,#4688,#4689,
#4690,#4691),(#4692,#4693,#4694,#4695,#4696,#4697,#4698,#4699,#4700,#4701,
#4702,#4703,#4704),(#4705,#4706,#4707,#4708,#4709,#4710,#4711,#4712,#4713,
#4714,#4715,#4716,#4717),(#4718,#4719,#4720,#4721,#4722,#4723,#4724,#4725,
#4726,#4727,#4728,#4729,#4730),(#4731,#4732,#4733,#4734,#4735,#4736,#4737,
#4738,#4739,#4740,#4741,#4742,#4743),(#4744,#4745,#4746,#4747,#4748,#4749,
#4750,#4751,#4752,#4753,#4754,#4755,#4756),(#4757,#4758,#4759,#4760,#4761,
#4762,#4763,#4764,#4765,#4766,#4767,#4768,#4769),(#4770,#4771,#4772,#4773,
#4774,#4775,#4776,#4777,#4778,#4779,#4780,#4781,#4782),(#4783,#4784,#4785,
#4786,#4787,#4788,#4789,#4790,#4791,#4792,#4793,#4794,#4795),(#4796,#4797,
#4798,#4799,#4800,#4801,#4802,#4803,#4804,#4805,#4806,#4807,#4808),(#4809,
#4810,#4811,#4812,#4813,#4814,#4815,#4816,#4817,#4818,#4819,#4820,#4821),
(#4822,#4823,#4824,#4825,#4826,#4827,#4828,#4829,#4830,#4831,#4832,#4833,
#4834),(#4835,#4836,#4837,#4838,#4839,#4840,#4841,#4842,#4843,#4844,#4845,
#4846,#4847),(#4848,#4849,#4850,#4851,#4852,#4853,#4854,#4855,#4856,#4857,
#4858,#4859,#4860)),.UNSPECIFIED.,.F.,.F.,.F.,(4,1,1,1,1,1,1,1,1,1,1,1,
1,1,1,1,1,4),(4,1,1,1,1,1,1,1,1,1,4),(0.0491237502826282,0.0492712046304438,
0.0494186589782593,0.0497135676738904,0.0503033850651526,0.0508932024564148,
0.051483019847677,0.0538422894127258,0.0562015589777746,0.0585608285428233,
0.0609200981078721,0.0632793676729209,0.0656386372379697,0.0668182720204941,
0.0674080894117562,0.0677029981073873,0.0678504524552029,0.0679979068030184),
(0.,0.0629407748014019,0.125881549602804,0.251763099205608,0.377644648808412,
0.503526198411215,0.629407748014019,0.755289297616823,0.881170847219627,
0.944111622021029,1.00705239682243),.UNSPECIFIED.);
#108=LINE('',#1102,#120);
#109=LINE('',#1138,#121);
#110=LINE('',#1383,#122);
#111=LINE('',#1399,#123);
#112=LINE('',#1418,#124);
#113=LINE('',#1426,#125);
#114=LINE('',#2716,#126);
#115=LINE('',#3554,#127);
#116=LINE('',#3660,#128);
#117=LINE('',#3708,#129);
#118=LINE('',#4039,#130);
#119=LINE('',#4048,#131);
#120=VECTOR('',#966,1.);
#121=VECTOR('',#967,1.);
#122=VECTOR('',#980,1.);
#123=VECTOR('',#981,1.);
#124=VECTOR('',#982,1.);
#125=VECTOR('',#983,1.);
#126=VECTOR('',#986,1.);
#127=VECTOR('',#987,1.);
#128=VECTOR('',#988,1.);
#129=VECTOR('',#989,1.);
#130=VECTOR('',#1004,1.);
#131=VECTOR('',#1005,1.);
#132=ORIENTED_EDGE('',*,*,#366,.F.);
#133=ORIENTED_EDGE('',*,*,#367,.F.);
#134=ORIENTED_EDGE('',*,*,#368,.T.);
#135=ORIENTED_EDGE('',*,*,#369,.F.);
#136=ORIENTED_EDGE('',*,*,#370,.T.);
#137=ORIENTED_EDGE('',*,*,#371,.F.);
#138=ORIENTED_EDGE('',*,*,#372,.F.);
#139=ORIENTED_EDGE('',*,*,#373,.T.);
#140=ORIENTED_EDGE('',*,*,#374,.T.);
#141=ORIENTED_EDGE('',*,*,#375,.T.);
#142=ORIENTED_EDGE('',*,*,#376,.F.);
#143=ORIENTED_EDGE('',*,*,#377,.T.);
#144=ORIENTED_EDGE('',*,*,#378,.T.);
#145=ORIENTED_EDGE('',*,*,#379,.T.);
#146=ORIENTED_EDGE('',*,*,#380,.T.);
#147=ORIENTED_EDGE('',*,*,#381,.T.);
#148=ORIENTED_EDGE('',*,*,#382,.F.);
#149=ORIENTED_EDGE('',*,*,#383,.T.);
#150=ORIENTED_EDGE('',*,*,#384,.T.);
#151=ORIENTED_EDGE('',*,*,#385,.T.);
#152=ORIENTED_EDGE('',*,*,#386,.F.);
#153=ORIENTED_EDGE('',*,*,#387,.T.);
#154=ORIENTED_EDGE('',*,*,#372,.T.);
#155=ORIENTED_EDGE('',*,*,#388,.T.);
#156=ORIENTED_EDGE('',*,*,#369,.T.);
#157=ORIENTED_EDGE('',*,*,#389,.F.);
#158=ORIENTED_EDGE('',*,*,#390,.F.);
#159=ORIENTED_EDGE('',*,*,#391,.T.);
#160=ORIENTED_EDGE('',*,*,#392,.F.);
#161=ORIENTED_EDGE('',*,*,#393,.F.);
#162=ORIENTED_EDGE('',*,*,#394,.F.);
#163=ORIENTED_EDGE('',*,*,#395,.T.);
#164=ORIENTED_EDGE('',*,*,#396,.T.);
#165=ORIENTED_EDGE('',*,*,#382,.T.);
#166=ORIENTED_EDGE('',*,*,#397,.T.);
#167=ORIENTED_EDGE('',*,*,#398,.T.);
#168=ORIENTED_EDGE('',*,*,#399,.T.);
#169=ORIENTED_EDGE('',*,*,#400,.T.);
#170=ORIENTED_EDGE('',*,*,#401,.T.);
#171=ORIENTED_EDGE('',*,*,#402,.T.);
#172=ORIENTED_EDGE('',*,*,#403,.T.);
#173=ORIENTED_EDGE('',*,*,#404,.T.);
#174=ORIENTED_EDGE('',*,*,#405,.T.);
#175=ORIENTED_EDGE('',*,*,#406,.T.);
#176=ORIENTED_EDGE('',*,*,#407,.T.);
#177=ORIENTED_EDGE('',*,*,#397,.F.);
#178=ORIENTED_EDGE('',*,*,#389,.T.);
#179=ORIENTED_EDGE('',*,*,#368,.F.);
#180=ORIENTED_EDGE('',*,*,#408,.T.);
#181=ORIENTED_EDGE('',*,*,#384,.F.);
#182=ORIENTED_EDGE('',*,*,#409,.T.);
#183=ORIENTED_EDGE('',*,*,#410,.F.);
#184=ORIENTED_EDGE('',*,*,#411,.T.);
#185=ORIENTED_EDGE('',*,*,#412,.T.);
#186=ORIENTED_EDGE('',*,*,#387,.F.);
#187=ORIENTED_EDGE('',*,*,#386,.T.);
#188=ORIENTED_EDGE('',*,*,#413,.T.);
#189=ORIENTED_EDGE('',*,*,#411,.F.);
#190=ORIENTED_EDGE('',*,*,#414,.F.);
#191=ORIENTED_EDGE('',*,*,#415,.F.);
#192=ORIENTED_EDGE('',*,*,#373,.F.);
#193=ORIENTED_EDGE('',*,*,#416,.F.);
#194=ORIENTED_EDGE('',*,*,#417,.T.);
#195=ORIENTED_EDGE('',*,*,#418,.F.);
#196=ORIENTED_EDGE('',*,*,#419,.T.);
#197=ORIENTED_EDGE('',*,*,#420,.T.);
#198=ORIENTED_EDGE('',*,*,#394,.T.);
#199=ORIENTED_EDGE('',*,*,#385,.F.);
#200=ORIENTED_EDGE('',*,*,#412,.F.);
#201=ORIENTED_EDGE('',*,*,#413,.F.);
#202=ORIENTED_EDGE('',*,*,#393,.T.);
#203=ORIENTED_EDGE('',*,*,#421,.T.);
#204=ORIENTED_EDGE('',*,*,#416,.T.);
#205=ORIENTED_EDGE('',*,*,#422,.F.);
#206=ORIENTED_EDGE('',*,*,#376,.T.);
#207=ORIENTED_EDGE('',*,*,#375,.F.);
#208=ORIENTED_EDGE('',*,*,#423,.T.);
#209=ORIENTED_EDGE('',*,*,#418,.T.);
#210=ORIENTED_EDGE('',*,*,#424,.T.);
#211=ORIENTED_EDGE('',*,*,#425,.F.);
#212=ORIENTED_EDGE('',*,*,#426,.T.);
#213=ORIENTED_EDGE('',*,*,#390,.T.);
#214=ORIENTED_EDGE('',*,*,#420,.F.);
#215=ORIENTED_EDGE('',*,*,#427,.F.);
#216=ORIENTED_EDGE('',*,*,#428,.F.);
#217=ORIENTED_EDGE('',*,*,#429,.T.);
#218=ORIENTED_EDGE('',*,*,#425,.T.);
#219=ORIENTED_EDGE('',*,*,#430,.F.);
#220=ORIENTED_EDGE('',*,*,#431,.T.);
#221=ORIENTED_EDGE('',*,*,#432,.T.);
#222=ORIENTED_EDGE('',*,*,#428,.T.);
#223=ORIENTED_EDGE('',*,*,#433,.F.);
#224=ORIENTED_EDGE('',*,*,#434,.T.);
#225=ORIENTED_EDGE('',*,*,#435,.T.);
#226=ORIENTED_EDGE('',*,*,#436,.T.);
#227=ORIENTED_EDGE('',*,*,#437,.T.);
#228=ORIENTED_EDGE('',*,*,#438,.T.);
#229=ORIENTED_EDGE('',*,*,#439,.F.);
#230=ORIENTED_EDGE('',*,*,#410,.T.);
#231=ORIENTED_EDGE('',*,*,#440,.T.);
#232=ORIENTED_EDGE('',*,*,#441,.F.);
#233=ORIENTED_EDGE('',*,*,#442,.T.);
#234=ORIENTED_EDGE('',*,*,#414,.T.);
#235=ORIENTED_EDGE('',*,*,#441,.T.);
#236=ORIENTED_EDGE('',*,*,#443,.T.);
#237=ORIENTED_EDGE('',*,*,#436,.F.);
#238=ORIENTED_EDGE('',*,*,#444,.T.);
#239=ORIENTED_EDGE('',*,*,#445,.T.);
#240=ORIENTED_EDGE('',*,*,#446,.T.);
#241=ORIENTED_EDGE('',*,*,#439,.T.);
#242=ORIENTED_EDGE('',*,*,#447,.T.);
#243=ORIENTED_EDGE('',*,*,#427,.T.);
#244=ORIENTED_EDGE('',*,*,#419,.F.);
#245=ORIENTED_EDGE('',*,*,#423,.F.);
#246=ORIENTED_EDGE('',*,*,#448,.F.);
#247=ORIENTED_EDGE('',*,*,#449,.F.);
#248=ORIENTED_EDGE('',*,*,#433,.T.);
#249=ORIENTED_EDGE('',*,*,#430,.T.);
#250=ORIENTED_EDGE('',*,*,#444,.F.);
#251=ORIENTED_EDGE('',*,*,#435,.F.);
#252=ORIENTED_EDGE('',*,*,#450,.T.);
#253=ORIENTED_EDGE('',*,*,#448,.T.);
#254=ORIENTED_EDGE('',*,*,#374,.F.);
#255=ORIENTED_EDGE('',*,*,#415,.T.);
#256=ORIENTED_EDGE('',*,*,#442,.F.);
#257=ORIENTED_EDGE('',*,*,#449,.T.);
#258=ORIENTED_EDGE('',*,*,#450,.F.);
#259=ORIENTED_EDGE('',*,*,#434,.F.);
#260=ORIENTED_EDGE('',*,*,#451,.T.);
#261=ORIENTED_EDGE('',*,*,#452,.T.);
#262=ORIENTED_EDGE('',*,*,#453,.T.);
#263=ORIENTED_EDGE('',*,*,#454,.T.);
#264=ORIENTED_EDGE('',*,*,#455,.T.);
#265=ORIENTED_EDGE('',*,*,#392,.T.);
#266=ORIENTED_EDGE('',*,*,#456,.T.);
#267=ORIENTED_EDGE('',*,*,#398,.F.);
#268=ORIENTED_EDGE('',*,*,#408,.F.);
#269=ORIENTED_EDGE('',*,*,#367,.T.);
#270=ORIENTED_EDGE('',*,*,#457,.F.);
#271=ORIENTED_EDGE('',*,*,#424,.F.);
#272=ORIENTED_EDGE('',*,*,#417,.F.);
#273=ORIENTED_EDGE('',*,*,#421,.F.);
#274=ORIENTED_EDGE('',*,*,#371,.T.);
#275=ORIENTED_EDGE('',*,*,#458,.T.);
#276=ORIENTED_EDGE('',*,*,#370,.F.);
#277=ORIENTED_EDGE('',*,*,#388,.F.);
#278=ORIENTED_EDGE('',*,*,#422,.T.);
#279=ORIENTED_EDGE('',*,*,#457,.T.);
#280=ORIENTED_EDGE('',*,*,#366,.T.);
#281=ORIENTED_EDGE('',*,*,#458,.F.);
#282=ORIENTED_EDGE('',*,*,#459,.F.);
#283=ORIENTED_EDGE('',*,*,#460,.T.);
#284=ORIENTED_EDGE('',*,*,#459,.T.);
#285=ORIENTED_EDGE('',*,*,#461,.F.);
#286=ORIENTED_EDGE('',*,*,#462,.T.);
#287=ORIENTED_EDGE('',*,*,#461,.T.);
#288=ORIENTED_EDGE('',*,*,#463,.F.);
#289=ORIENTED_EDGE('',*,*,#464,.T.);
#290=ORIENTED_EDGE('',*,*,#463,.T.);
#291=ORIENTED_EDGE('',*,*,#465,.F.);
#292=ORIENTED_EDGE('',*,*,#466,.T.);
#293=ORIENTED_EDGE('',*,*,#465,.T.);
#294=ORIENTED_EDGE('',*,*,#460,.F.);
#295=ORIENTED_EDGE('',*,*,#454,.F.);
#296=ORIENTED_EDGE('',*,*,#462,.F.);
#297=ORIENTED_EDGE('',*,*,#455,.F.);
#298=ORIENTED_EDGE('',*,*,#464,.F.);
#299=ORIENTED_EDGE('',*,*,#380,.F.);
#300=ORIENTED_EDGE('',*,*,#466,.F.);
#301=ORIENTED_EDGE('',*,*,#381,.F.);
#302=ORIENTED_EDGE('',*,*,#467,.F.);
#303=ORIENTED_EDGE('',*,*,#467,.T.);
#304=ORIENTED_EDGE('',*,*,#453,.F.);
#305=ORIENTED_EDGE('',*,*,#468,.F.);
#306=ORIENTED_EDGE('',*,*,#468,.T.);
#307=ORIENTED_EDGE('',*,*,#452,.F.);
#308=ORIENTED_EDGE('',*,*,#469,.F.);
#309=ORIENTED_EDGE('',*,*,#469,.T.);
#310=ORIENTED_EDGE('',*,*,#451,.F.);
#311=ORIENTED_EDGE('',*,*,#470,.F.);
#312=ORIENTED_EDGE('',*,*,#470,.T.);
#313=ORIENTED_EDGE('',*,*,#379,.F.);
#314=ORIENTED_EDGE('',*,*,#471,.F.);
#315=ORIENTED_EDGE('',*,*,#471,.T.);
#316=ORIENTED_EDGE('',*,*,#378,.F.);
#317=ORIENTED_EDGE('',*,*,#472,.F.);
#318=ORIENTED_EDGE('',*,*,#472,.T.);
#319=ORIENTED_EDGE('',*,*,#377,.F.);
#320=ORIENTED_EDGE('',*,*,#456,.F.);
#321=ORIENTED_EDGE('',*,*,#391,.F.);
#322=ORIENTED_EDGE('',*,*,#473,.F.);
#323=ORIENTED_EDGE('',*,*,#399,.F.);
#324=ORIENTED_EDGE('',*,*,#473,.T.);
#325=ORIENTED_EDGE('',*,*,#426,.F.);
#326=ORIENTED_EDGE('',*,*,#474,.F.);
#327=ORIENTED_EDGE('',*,*,#400,.F.);
#328=ORIENTED_EDGE('',*,*,#429,.F.);
#329=ORIENTED_EDGE('',*,*,#432,.F.);
#330=ORIENTED_EDGE('',*,*,#475,.F.);
#331=ORIENTED_EDGE('',*,*,#401,.F.);
#332=ORIENTED_EDGE('',*,*,#474,.T.);
#333=ORIENTED_EDGE('',*,*,#475,.T.);
#334=ORIENTED_EDGE('',*,*,#431,.F.);
#335=ORIENTED_EDGE('',*,*,#476,.F.);
#336=ORIENTED_EDGE('',*,*,#402,.F.);
#337=ORIENTED_EDGE('',*,*,#476,.T.);
#338=ORIENTED_EDGE('',*,*,#446,.F.);
#339=ORIENTED_EDGE('',*,*,#477,.F.);
#340=ORIENTED_EDGE('',*,*,#403,.F.);
#341=ORIENTED_EDGE('',*,*,#477,.T.);
#342=ORIENTED_EDGE('',*,*,#445,.F.);
#343=ORIENTED_EDGE('',*,*,#478,.F.);
#344=ORIENTED_EDGE('',*,*,#404,.F.);
#345=ORIENTED_EDGE('',*,*,#478,.T.);
#346=ORIENTED_EDGE('',*,*,#447,.F.);
#347=ORIENTED_EDGE('',*,*,#479,.F.);
#348=ORIENTED_EDGE('',*,*,#405,.F.);
#349=ORIENTED_EDGE('',*,*,#479,.T.);
#350=ORIENTED_EDGE('',*,*,#438,.F.);
#351=ORIENTED_EDGE('',*,*,#480,.F.);
#352=ORIENTED_EDGE('',*,*,#406,.F.);
#353=ORIENTED_EDGE('',*,*,#437,.F.);
#354=ORIENTED_EDGE('',*,*,#443,.F.);
#355=ORIENTED_EDGE('',*,*,#481,.F.);
#356=ORIENTED_EDGE('',*,*,#407,.F.);
#357=ORIENTED_EDGE('',*,*,#480,.T.);
#358=ORIENTED_EDGE('',*,*,#481,.T.);
#359=ORIENTED_EDGE('',*,*,#440,.F.);
#360=ORIENTED_EDGE('',*,*,#482,.F.);
#361=ORIENTED_EDGE('',*,*,#395,.F.);
#362=ORIENTED_EDGE('',*,*,#383,.F.);
#363=ORIENTED_EDGE('',*,*,#396,.F.);
#364=ORIENTED_EDGE('',*,*,#482,.T.);
#365=ORIENTED_EDGE('',*,*,#409,.F.);
#366=EDGE_CURVE('',#483,#484,#577,.T.);
#367=EDGE_CURVE('',#485,#483,#108,.T.);
#368=EDGE_CURVE('',#485,#486,#578,.T.);
#369=EDGE_CURVE('',#487,#486,#109,.T.);
#370=EDGE_CURVE('',#487,#484,#579,.T.);
#371=EDGE_CURVE('',#488,#489,#580,.T.);
#372=EDGE_CURVE('',#490,#488,#581,.T.);
#373=EDGE_CURVE('',#490,#491,#582,.F.);
#374=EDGE_CURVE('',#491,#492,#583,.F.);
#375=EDGE_CURVE('',#492,#493,#584,.T.);
#376=EDGE_CURVE('',#489,#493,#585,.T.);
#377=EDGE_CURVE('',#494,#494,#55,.T.);
#378=EDGE_CURVE('',#495,#495,#56,.T.);
#379=EDGE_CURVE('',#496,#496,#57,.T.);
#380=EDGE_CURVE('',#497,#497,#58,.F.);
#381=EDGE_CURVE('',#498,#498,#59,.F.);
#382=EDGE_CURVE('',#499,#500,#586,.T.);
#383=EDGE_CURVE('',#499,#501,#587,.T.);
#384=EDGE_CURVE('',#501,#502,#110,.F.);
#385=EDGE_CURVE('',#502,#503,#588,.T.);
#386=EDGE_CURVE('',#504,#503,#589,.T.);
#387=EDGE_CURVE('',#504,#490,#590,.T.);
#388=EDGE_CURVE('',#488,#487,#111,.T.);
#389=EDGE_CURVE('',#500,#486,#591,.T.);
#390=EDGE_CURVE('',#505,#506,#112,.T.);
#391=EDGE_CURVE('',#505,#507,#592,.T.);
#392=EDGE_CURVE('',#508,#507,#113,.F.);
#393=EDGE_CURVE('',#509,#508,#593,.T.);
#394=EDGE_CURVE('',#506,#509,#594,.T.);
#395=EDGE_CURVE('',#510,#511,#595,.T.);
#396=EDGE_CURVE('',#511,#499,#596,.T.);
#397=EDGE_CURVE('',#500,#512,#60,.T.);
#398=EDGE_CURVE('',#512,#513,#597,.T.);
#399=EDGE_CURVE('',#513,#514,#598,.T.);
#400=EDGE_CURVE('',#514,#515,#599,.T.);
#401=EDGE_CURVE('',#515,#516,#600,.T.);
#402=EDGE_CURVE('',#516,#517,#601,.T.);
#403=EDGE_CURVE('',#517,#518,#602,.T.);
#404=EDGE_CURVE('',#518,#519,#603,.T.);
#405=EDGE_CURVE('',#519,#520,#604,.T.);
#406=EDGE_CURVE('',#520,#521,#605,.T.);
#407=EDGE_CURVE('',#521,#510,#606,.T.);
#408=EDGE_CURVE('',#485,#512,#607,.T.);
#409=EDGE_CURVE('',#501,#522,#608,.T.);
#410=EDGE_CURVE('',#523,#522,#114,.T.);
#411=EDGE_CURVE('',#523,#524,#609,.T.);
#412=EDGE_CURVE('',#524,#502,#610,.T.);
#413=EDGE_CURVE('',#503,#524,#611,.F.);
#414=EDGE_CURVE('',#525,#523,#612,.T.);
#415=EDGE_CURVE('',#491,#525,#613,.T.);
#416=EDGE_CURVE('',#526,#509,#614,.T.);
#417=EDGE_CURVE('',#526,#527,#615,.T.);
#418=EDGE_CURVE('',#528,#527,#616,.F.);
#419=EDGE_CURVE('',#528,#529,#617,.F.);
#420=EDGE_CURVE('',#529,#506,#618,.T.);
#421=EDGE_CURVE('',#508,#526,#619,.T.);
#422=EDGE_CURVE('',#489,#530,#620,.T.);
#423=EDGE_CURVE('',#492,#528,#621,.T.);
#424=EDGE_CURVE('',#527,#530,#622,.T.);
#425=EDGE_CURVE('',#531,#532,#115,.T.);
#426=EDGE_CURVE('',#531,#505,#623,.T.);
#427=EDGE_CURVE('',#532,#529,#624,.T.);
#428=EDGE_CURVE('',#533,#534,#625,.T.);
#429=EDGE_CURVE('',#533,#531,#626,.F.);
#430=EDGE_CURVE('',#534,#532,#627,.T.);
#431=EDGE_CURVE('',#535,#536,#628,.T.);
#432=EDGE_CURVE('',#536,#533,#629,.T.);
#433=EDGE_CURVE('',#537,#534,#630,.T.);
#434=EDGE_CURVE('',#537,#538,#631,.T.);
#435=EDGE_CURVE('',#538,#539,#632,.T.);
#436=EDGE_CURVE('',#539,#540,#633,.F.);
#437=EDGE_CURVE('',#540,#541,#634,.T.);
#438=EDGE_CURVE('',#541,#542,#635,.F.);
#439=EDGE_CURVE('',#535,#542,#116,.T.);
#440=EDGE_CURVE('',#522,#543,#636,.T.);
#441=EDGE_CURVE('',#544,#543,#117,.T.);
#442=EDGE_CURVE('',#544,#525,#637,.T.);
#443=EDGE_CURVE('',#543,#540,#638,.T.);
#444=EDGE_CURVE('',#539,#544,#639,.T.);
#445=EDGE_CURVE('',#545,#546,#640,.T.);
#446=EDGE_CURVE('',#546,#535,#641,.T.);
#447=EDGE_CURVE('',#542,#545,#642,.T.);
#448=EDGE_CURVE('',#547,#492,#643,.T.);
#449=EDGE_CURVE('',#537,#547,#644,.F.);
#450=EDGE_CURVE('',#538,#547,#645,.F.);
#451=EDGE_CURVE('',#548,#548,#61,.T.);
#452=EDGE_CURVE('',#549,#549,#62,.T.);
#453=EDGE_CURVE('',#550,#550,#63,.T.);
#454=EDGE_CURVE('',#551,#551,#64,.F.);
#455=EDGE_CURVE('',#552,#552,#65,.F.);
#456=EDGE_CURVE('',#507,#513,#646,.T.);
#457=EDGE_CURVE('',#530,#483,#118,.T.);
#458=EDGE_CURVE('',#489,#484,#119,.T.);
#459=EDGE_CURVE('',#554,#554,#66,.T.);
#460=EDGE_CURVE('',#555,#555,#67,.T.);
#461=EDGE_CURVE('',#557,#557,#68,.T.);
#462=EDGE_CURVE('',#558,#558,#69,.T.);
#463=EDGE_CURVE('',#560,#560,#70,.T.);
#464=EDGE_CURVE('',#561,#561,#71,.T.);
#465=EDGE_CURVE('',#563,#563,#72,.T.);
#466=EDGE_CURVE('',#564,#564,#73,.T.);
#467=EDGE_CURVE('',#566,#566,#74,.T.);
#468=EDGE_CURVE('',#568,#568,#75,.T.);
#469=EDGE_CURVE('',#570,#570,#76,.T.);
#470=EDGE_CURVE('',#572,#572,#77,.T.);
#471=EDGE_CURVE('',#574,#574,#78,.T.);
#472=EDGE_CURVE('',#576,#576,#79,.T.);
#473=EDGE_CURVE('',#514,#505,#80,.T.);
#474=EDGE_CURVE('',#515,#531,#647,.T.);
#475=EDGE_CURVE('',#516,#536,#648,.F.);
#476=EDGE_CURVE('',#517,#535,#81,.T.);
#477=EDGE_CURVE('',#518,#546,#82,.T.);
#478=EDGE_CURVE('',#519,#545,#83,.T.);
#479=EDGE_CURVE('',#520,#542,#84,.T.);
#480=EDGE_CURVE('',#521,#541,#649,.F.);
#481=EDGE_CURVE('',#510,#543,#650,.T.);
#482=EDGE_CURVE('',#511,#522,#85,.T.);
#483=VERTEX_POINT('',#1100);
#484=VERTEX_POINT('',#1101);
#485=VERTEX_POINT('',#1103);
#486=VERTEX_POINT('',#1137);
#487=VERTEX_POINT('',#1139);
#488=VERTEX_POINT('',#1321);
#489=VERTEX_POINT('',#1322);
#490=VERTEX_POINT('',#1329);
#491=VERTEX_POINT('',#1340);
#492=VERTEX_POINT('',#1348);
#493=VERTEX_POINT('',#1353);
#494=VERTEX_POINT('',#1362);
#495=VERTEX_POINT('',#1364);
#496=VERTEX_POINT('',#1366);
#497=VERTEX_POINT('',#1368);
#498=VERTEX_POINT('',#1370);
#499=VERTEX_POINT('',#1375);
#500=VERTEX_POINT('',#1376);
#501=VERTEX_POINT('',#1382);
#502=VERTEX_POINT('',#1384);
#503=VERTEX_POINT('',#1389);
#504=VERTEX_POINT('',#1394);
#505=VERTEX_POINT('',#1419);
#506=VERTEX_POINT('',#1420);
#507=VERTEX_POINT('',#1425);
#508=VERTEX_POINT('',#1427);
#509=VERTEX_POINT('',#1432);
#510=VERTEX_POINT('',#2025);
#511=VERTEX_POINT('',#2026);
#512=VERTEX_POINT('',#2032);
#513=VERTEX_POINT('',#2037);
#514=VERTEX_POINT('',#2042);
#515=VERTEX_POINT('',#2059);
#516=VERTEX_POINT('',#2064);
#517=VERTEX_POINT('',#2069);
#518=VERTEX_POINT('',#2078);
#519=VERTEX_POINT('',#2084);
#520=VERTEX_POINT('',#2095);
#521=VERTEX_POINT('',#2100);
#522=VERTEX_POINT('',#2715);
#523=VERTEX_POINT('',#2717);
#524=VERTEX_POINT('',#2722);
#525=VERTEX_POINT('',#3011);
#526=VERTEX_POINT('',#3251);
#527=VERTEX_POINT('',#3256);
#528=VERTEX_POINT('',#3265);
#529=VERTEX_POINT('',#3273);
#530=VERTEX_POINT('',#3510);
#531=VERTEX_POINT('',#3555);
#532=VERTEX_POINT('',#3556);
#533=VERTEX_POINT('',#3596);
#534=VERTEX_POINT('',#3597);
#535=VERTEX_POINT('',#3623);
#536=VERTEX_POINT('',#3624);
#537=VERTEX_POINT('',#3633);
#538=VERTEX_POINT('',#3639);
#539=VERTEX_POINT('',#3644);
#540=VERTEX_POINT('',#3649);
#541=VERTEX_POINT('',#3654);
#542=VERTEX_POINT('',#3659);
#543=VERTEX_POINT('',#3707);
#544=VERTEX_POINT('',#3709);
#545=VERTEX_POINT('',#3755);
#546=VERTEX_POINT('',#3756);
#547=VERTEX_POINT('',#3890);
#548=VERTEX_POINT('',#4025);
#549=VERTEX_POINT('',#4027);
#550=VERTEX_POINT('',#4029);
#551=VERTEX_POINT('',#4031);
#552=VERTEX_POINT('',#4033);
#553=VERTEX_POINT('',#4058);
#554=VERTEX_POINT('',#4060);
#555=VERTEX_POINT('',#4063);
#556=VERTEX_POINT('',#4065);
#557=VERTEX_POINT('',#4067);
#558=VERTEX_POINT('',#4070);
#559=VERTEX_POINT('',#4072);
#560=VERTEX_POINT('',#4074);
#561=VERTEX_POINT('',#4077);
#562=VERTEX_POINT('',#4079);
#563=VERTEX_POINT('',#4081);
#564=VERTEX_POINT('',#4084);
#565=VERTEX_POINT('',#4090);
#566=VERTEX_POINT('',#4092);
#567=VERTEX_POINT('',#4095);
#568=VERTEX_POINT('',#4097);
#569=VERTEX_POINT('',#4100);
#570=VERTEX_POINT('',#4102);
#571=VERTEX_POINT('',#4105);
#572=VERTEX_POINT('',#4107);
#573=VERTEX_POINT('',#4110);
#574=VERTEX_POINT('',#4112);
#575=VERTEX_POINT('',#4115);
#576=VERTEX_POINT('',#4117);
#577=B_SPLINE_CURVE_WITH_KNOTS('',3,(#1096,#1097,#1098,#1099),
 .UNSPECIFIED.,.F.,.F.,(4,4),(0.,1.),.PIECEWISE_BEZIER_KNOTS.);
#578=B_SPLINE_CURVE_WITH_KNOTS('',3,(#1104,#1105,#1106,#1107,#1108,#1109,
#1110,#1111,#1112,#1113,#1114,#1115,#1116,#1117,#1118,#1119,#1120,#1121,
#1122,#1123,#1124,#1125,#1126,#1127,#1128,#1129,#1130,#1131,#1132,#1133,
#1134,#1135,#1136),.UNSPECIFIED.,.F.,.F.,(4,1,1,1,1,1,1,1,1,1,1,1,1,1,1,
1,1,1,1,1,1,1,1,1,1,1,1,1,1,1,4),(0.23780925699984,0.246259357062797,0.254709457125755,
0.263159557188712,0.27160965725167,0.288509857377585,0.296959957440542,
0.3054100575035,0.313860157566457,0.322310257629415,0.330760357692372,0.339210457755329,
0.347660557818287,0.356110657881244,0.364560757944202,0.373010858007159,
0.381460958070117,0.389911058133074,0.398361158196032,0.406811258258989,
0.415261358321947,0.423711458384904,0.432161558447862,0.440611658510819,
0.449061758573777,0.457511858636734,0.474412058762649,0.482862158825606,
0.491312258888564,0.499762358951521,0.508212459014479),.UNSPECIFIED.);
#579=B_SPLINE_CURVE_WITH_KNOTS('',3,(#1140,#1141,#1142,#1143),
 .UNSPECIFIED.,.F.,.F.,(4,4),(0.,1.),.PIECEWISE_BEZIER_KNOTS.);
#580=B_SPLINE_CURVE_WITH_KNOTS('',3,(#1298,#1299,#1300,#1301,#1302,#1303,
#1304,#1305,#1306,#1307,#1308,#1309,#1310,#1311,#1312,#1313,#1314,#1315,
#1316,#1317,#1318,#1319,#1320),.UNSPECIFIED.,.F.,.F.,(4,1,1,1,1,1,1,1,1,
1,1,1,1,1,1,1,1,1,1,1,4),(0.,0.00804978678673729,0.0160995735734746,0.0321991471469492,
0.0402489339336864,0.0482987207204237,0.0523236141137924,0.056348507507161,
0.0603734009005297,0.0643982942938983,0.0724480810806356,0.0764729744740042,
0.0804978678673729,0.0845227612607415,0.0885476546541102,0.0925725480474788,
0.0965974414408474,0.104647228227585,0.112697015014322,0.120746801801059,
0.128796588587797),.UNSPECIFIED.);
#581=B_SPLINE_CURVE_WITH_KNOTS('',3,(#1323,#1324,#1325,#1326,#1327,#1328),
 .UNSPECIFIED.,.F.,.F.,(4,1,1,4),(5.24356436561193E-5,0.0217967277629368,
0.0326688738225771,0.0435410198822174),.UNSPECIFIED.);
#582=B_SPLINE_CURVE_WITH_KNOTS('',3,(#1330,#1331,#1332,#1333,#1334,#1335,
#1336,#1337,#1338,#1339),.UNSPECIFIED.,.F.,.F.,(4,1,1,1,1,1,1,4),(0.0464292004503402,
0.0555714895673363,0.0647137786843325,0.0738560678013286,0.0829983569183247,
0.101282935152317,0.110425224269313,0.119567513386309),.UNSPECIFIED.);
#583=B_SPLINE_CURVE_WITH_KNOTS('',3,(#1341,#1342,#1343,#1344,#1345,#1346,
#1347),.UNSPECIFIED.,.F.,.F.,(4,1,1,1,4),(0.0332437429690229,0.0490023303369582,
0.0647609177048934,0.0805195050728286,0.0962780924407638),.UNSPECIFIED.);
#584=B_SPLINE_CURVE_WITH_KNOTS('',3,(#1349,#1350,#1351,#1352),
 .UNSPECIFIED.,.F.,.F.,(4,4),(0.,1.),.UNSPECIFIED.);
#585=B_SPLINE_CURVE_WITH_KNOTS('',3,(#1354,#1355,#1356,#1357,#1358,#1359),
 .UNSPECIFIED.,.F.,.F.,(4,1,1,4),(0.109243682913301,0.331932762184975,0.55462184145665,
1.),.UNSPECIFIED.);
#586=B_SPLINE_CURVE_WITH_KNOTS('',3,(#1371,#1372,#1373,#1374),
 .UNSPECIFIED.,.F.,.F.,(4,4),(0.0723605591783201,0.107783531552032),
 .UNSPECIFIED.);
#587=B_SPLINE_CURVE_WITH_KNOTS('',3,(#1377,#1378,#1379,#1380,#1381),
 .UNSPECIFIED.,.F.,.F.,(4,1,4),(3.10316769155909E-17,0.00348767140083043,
0.00697534280166083),.UNSPECIFIED.);
#588=B_SPLINE_CURVE_WITH_KNOTS('',3,(#1385,#1386,#1387,#1388),
 .UNSPECIFIED.,.F.,.F.,(4,4),(0.0373647397808513,0.0728279448978289),
 .UNSPECIFIED.);
#589=B_SPLINE_CURVE_WITH_KNOTS('',3,(#1390,#1391,#1392,#1393),
 .UNSPECIFIED.,.F.,.F.,(4,4),(0.,1.),.UNSPECIFIED.);
#590=B_SPLINE_CURVE_WITH_KNOTS('',3,(#1395,#1396,#1397,#1398),
 .UNSPECIFIED.,.F.,.F.,(4,4),(0.0191046893783543,0.0519889276210756),
 .UNSPECIFIED.);
#591=B_SPLINE_CURVE_WITH_KNOTS('',3,(#1400,#1401,#1402,#1403,#1404,#1405,
#1406,#1407,#1408,#1409),.UNSPECIFIED.,.F.,.F.,(4,1,1,1,1,1,1,4),(0.,0.0208744643759205,
0.0313116965638807,0.0417489287518409,0.0521861609398011,0.0626233931277614,
0.0730606253157216,0.0834978575036818),.UNSPECIFIED.);
#592=B_SPLINE_CURVE_WITH_KNOTS('',3,(#1421,#1422,#1423,#1424),
 .UNSPECIFIED.,.F.,.F.,(4,4),(-6.00000000192424E-8,0.00122377223504868),
 .UNSPECIFIED.);
#593=B_SPLINE_CURVE_WITH_KNOTS('',3,(#1428,#1429,#1430,#1431),
 .UNSPECIFIED.,.F.,.F.,(4,4),(8.69662311918726E-5,0.00120479798197931),
 .UNSPECIFIED.);
#594=B_SPLINE_CURVE_WITH_KNOTS('',3,(#1433,#1434,#1435,#1436),
 .UNSPECIFIED.,.F.,.F.,(4,4),(0.,8.81363034873857E-5),.UNSPECIFIED.);
#595=B_SPLINE_CURVE_WITH_KNOTS('',3,(#2009,#2010,#2011,#2012,#2013,#2014,
#2015,#2016,#2017,#2018,#2019,#2020,#2021,#2022,#2023,#2024),
 .UNSPECIFIED.,.F.,.F.,(4,1,1,1,1,1,1,1,1,1,1,1,1,4),(0.,0.00872916432450613,
0.0174583286490123,0.0261874929735184,0.0349166572980245,0.0436458216225307,
0.0480104037847837,0.0523749859470368,0.0567395681092899,0.0589218591904164,
0.0611041502715429,0.0632864413526694,0.065468732433796,0.0698333145960491),
 .UNSPECIFIED.);
#596=B_SPLINE_CURVE_WITH_KNOTS('',3,(#2027,#2028,#2029,#2030),
 .UNSPECIFIED.,.F.,.F.,(4,4),(0.,0.00123376113612408),.UNSPECIFIED.);
#597=B_SPLINE_CURVE_WITH_KNOTS('',3,(#2033,#2034,#2035,#2036),
 .UNSPECIFIED.,.F.,.F.,(4,4),(0.,0.0350303616184983),.UNSPECIFIED.);
#598=B_SPLINE_CURVE_WITH_KNOTS('',3,(#2038,#2039,#2040,#2041),
 .UNSPECIFIED.,.F.,.F.,(4,4),(1.02284715539776E-15,0.00123376113612516),
 .UNSPECIFIED.);
#599=B_SPLINE_CURVE_WITH_KNOTS('',3,(#2043,#2044,#2045,#2046,#2047,#2048,
#2049,#2050,#2051,#2052,#2053,#2054,#2055,#2056,#2057,#2058),
 .UNSPECIFIED.,.F.,.F.,(4,1,1,1,1,1,1,1,1,1,1,1,1,4),(0.,0.00432264720594728,
0.00648397080892092,0.00864529441189456,0.0108066180148682,0.0129679416178418,
0.0172905888237891,0.0216132360297364,0.0259358832356837,0.0345811776475782,
0.0432264720594728,0.0518717664713674,0.0605170608832619,0.0691623552951565),
 .UNSPECIFIED.);
#600=B_SPLINE_CURVE_WITH_KNOTS('',3,(#2060,#2061,#2062,#2063),
 .UNSPECIFIED.,.F.,.F.,(4,4),(0.,0.0199105727421888),.UNSPECIFIED.);
#601=B_SPLINE_CURVE_WITH_KNOTS('',3,(#2065,#2066,#2067,#2068),
 .UNSPECIFIED.,.F.,.F.,(4,4),(0.,0.00248119426007823),.UNSPECIFIED.);
#602=B_SPLINE_CURVE_WITH_KNOTS('',3,(#2070,#2071,#2072,#2073,#2074,#2075,
#2076,#2077),.UNSPECIFIED.,.F.,.F.,(4,1,1,1,1,4),(0.,0.0131824547520869,
0.0197736821281303,0.0263649095041738,0.0395473642562607,0.0527298190083476),
 .UNSPECIFIED.);
#603=B_SPLINE_CURVE_WITH_KNOTS('',3,(#2079,#2080,#2081,#2082,#2083),
 .UNSPECIFIED.,.F.,.F.,(4,1,4),(0.,0.0115727550312476,0.0231455100624951),
 .UNSPECIFIED.);
#604=B_SPLINE_CURVE_WITH_KNOTS('',3,(#2085,#2086,#2087,#2088,#2089,#2090,
#2091,#2092,#2093,#2094),.UNSPECIFIED.,.F.,.F.,(4,1,1,1,1,1,1,4),(0.,0.0131845443638494,
0.0197768165457741,0.0263690887276988,0.0329613609096235,0.0395536330915482,
0.0461459052734729,0.0527381774553977),.UNSPECIFIED.);
#605=B_SPLINE_CURVE_WITH_KNOTS('',3,(#2096,#2097,#2098,#2099),
 .UNSPECIFIED.,.F.,.F.,(4,4),(0.,0.00248081429391474),.UNSPECIFIED.);
#606=B_SPLINE_CURVE_WITH_KNOTS('',3,(#2101,#2102,#2103,#2104),
 .UNSPECIFIED.,.F.,.F.,(4,4),(0.,0.019954735853905),.UNSPECIFIED.);
#607=B_SPLINE_CURVE_WITH_KNOTS('',3,(#2693,#2694,#2695,#2696,#2697,#2698,
#2699,#2700,#2701,#2702),.UNSPECIFIED.,.F.,.F.,(4,1,1,1,1,1,1,4),(6.20633538311818E-17,
0.01049092075455,0.0209818415091,0.03147276226365,0.0419636830182,0.0524546037727499,
0.0629455245272999,0.0839273660363999),.UNSPECIFIED.);
#608=B_SPLINE_CURVE_WITH_KNOTS('',3,(#2711,#2712,#2713,#2714),
 .UNSPECIFIED.,.F.,.F.,(4,4),(0.,0.00122383223504869),.UNSPECIFIED.);
#609=B_SPLINE_CURVE_WITH_KNOTS('',3,(#2718,#2719,#2720,#2721),
 .UNSPECIFIED.,.F.,.F.,(4,4),(0.,8.80630201872207E-5),.UNSPECIFIED.);
#610=B_SPLINE_CURVE_WITH_KNOTS('',3,(#2723,#2724,#2725,#2726),
 .UNSPECIFIED.,.F.,.F.,(4,4),(8.68662144163973E-5,0.00120479798197929),
 .UNSPECIFIED.);
#611=B_SPLINE_CURVE_WITH_KNOTS('',3,(#2934,#2935,#2936,#2937,#2938,#2939,
#2940,#2941,#2942,#2943,#2944,#2945,#2946,#2947,#2948,#2949,#2950,#2951,
#2952,#2953,#2954,#2955,#2956,#2957,#2958,#2959,#2960,#2961,#2962,#2963,
#2964,#2965,#2966,#2967,#2968,#2969,#2970,#2971,#2972,#2973,#2974,#2975,
#2976,#2977,#2978,#2979,#2980,#2981,#2982,#2983,#2984,#2985,#2986,#2987,
#2988,#2989,#2990,#2991,#2992,#2993,#2994,#2995),.UNSPECIFIED.,.F.,.F.,
(4,1,1,1,1,1,1,1,1,1,1,1,1,1,1,1,1,1,1,1,1,1,1,1,1,1,1,1,1,1,1,1,1,1,1,
1,1,1,1,1,1,1,1,1,1,1,1,1,1,1,1,1,1,1,1,1,1,1,1,4),(0.00898834977222176,
0.0458371343453166,0.0826859189184114,0.119534703491506,0.156383488064601,
0.174807880351148,0.193232272637696,0.211656664924243,0.220868861067517,
0.230081057210791,0.234687155282428,0.239293253354064,0.243899351425701,
0.24620240046152,0.248505449497338,0.249656974015247,0.250808498533157,
0.253111547568975,0.257717645640612,0.266929841783886,0.276142037927159,
0.285354234070433,0.30377862635698,0.322203018643528,0.340627410930075,
0.349839607073349,0.359051803216623,0.368263999359896,0.370567048395715,
0.372870097431533,0.374021621949442,0.375173146467352,0.376324670985261,
0.37747619550317,0.379779244538988,0.382082293574807,0.386688391646444,
0.391294489718081,0.395900587789717,0.405112783932991,0.414324980076265,
0.432749372362812,0.45117376464936,0.469598156935907,0.478810353079181,
0.488022549222455,0.492628647294091,0.497234745365728,0.499537794401547,
0.500113556660501,0.500689318919456,0.501840843437365,0.504143892473184,
0.506446941509002,0.515659137652276,0.524871333795549,0.534083529938823,
0.543295726082097,0.561720118368644,0.598568902941739),.UNSPECIFIED.);
#612=B_SPLINE_CURVE_WITH_KNOTS('',3,(#2996,#2997,#2998,#2999,#3000,#3001,
#3002,#3003,#3004,#3005,#3006,#3007,#3008,#3009,#3010),.UNSPECIFIED.,.F.,
 .F.,(4,1,1,1,1,1,1,1,1,1,1,1,4),(0.,0.00841541599773997,0.0168308319954799,
0.0210385399943499,0.0252462479932199,0.0336616639909599,0.0378693719898299,
0.0420770799886999,0.0504924959864398,0.0547002039853098,0.0589079119841798,
0.0631156199830498,0.0673233279819198),.UNSPECIFIED.);
#613=B_SPLINE_CURVE_WITH_KNOTS('',3,(#3012,#3013,#3014,#3015,#3016,#3017,
#3018),.UNSPECIFIED.,.F.,.F.,(4,1,1,1,4),(0.,0.248761261021779,0.497522522043557,
0.746283783065335,0.995045044087114),.UNSPECIFIED.);
#614=B_SPLINE_CURVE_WITH_KNOTS('',3,(#3226,#3227,#3228,#3229,#3230,#3231,
#3232,#3233,#3234,#3235,#3236,#3237,#3238,#3239,#3240,#3241,#3242,#3243,
#3244,#3245,#3246,#3247,#3248,#3249,#3250),.UNSPECIFIED.,.F.,.F.,(4,1,1,
1,1,1,1,1,1,1,1,1,1,1,1,1,1,1,1,1,1,1,4),(0.401254653599083,0.438114335071973,
0.456544175808418,0.474974016544863,0.484188936913086,0.493403857281308,
0.498011317465419,0.500315047557475,0.502618777649531,0.507226237833642,
0.511833698017753,0.521048618385976,0.530263538754198,0.548693379490643,
0.567123220227088,0.585553060963533,0.622412742436423,0.659272423909314,
0.696132105382203,0.769851468327984,0.843570831273764,0.917290194219544,
0.991009557165324),.UNSPECIFIED.);
#615=B_SPLINE_CURVE_WITH_KNOTS('',3,(#3252,#3253,#3254,#3255),
 .UNSPECIFIED.,.F.,.F.,(4,4),(0.0191067847237074,0.0519911717185795),
 .UNSPECIFIED.);
#616=B_SPLINE_CURVE_WITH_KNOTS('',3,(#3257,#3258,#3259,#3260,#3261,#3262,
#3263,#3264),.UNSPECIFIED.,.F.,.F.,(4,1,1,1,1,4),(0.0465901036996295,0.0558144295278002,
0.065038755355971,0.0834874070123124,0.101936058668654,0.120384710324995),
 .UNSPECIFIED.);
#617=B_SPLINE_CURVE_WITH_KNOTS('',3,(#3266,#3267,#3268,#3269,#3270,#3271,
#3272),.UNSPECIFIED.,.F.,.F.,(4,1,1,1,4),(0.00495506557436357,0.253716299180773,
0.502477532787182,0.751238766393591,1.),.UNSPECIFIED.);
#618=B_SPLINE_CURVE_WITH_KNOTS('',3,(#3274,#3275,#3276,#3277,#3278,#3279,
#3280,#3281,#3282,#3283,#3284,#3285,#3286,#3287,#3288),.UNSPECIFIED.,.F.,
 .F.,(4,1,1,1,1,1,1,1,1,1,1,1,4),(0.,0.00841541357533378,0.0168308271506676,
0.0210385339383344,0.0252462407260013,0.0336616543013351,0.037869361089002,
0.0420770678766689,0.0504924814520026,0.0547001882396695,0.0589078950273364,
0.0631156018150033,0.0673233086026702),.UNSPECIFIED.);
#619=B_SPLINE_CURVE_WITH_KNOTS('',3,(#3329,#3330,#3331,#3332),
 .UNSPECIFIED.,.F.,.F.,(4,4),(0.0373647626645802,0.0728352475093305),
 .UNSPECIFIED.);
#620=B_SPLINE_CURVE_WITH_KNOTS('',3,(#3487,#3488,#3489,#3490,#3491,#3492,
#3493,#3494,#3495,#3496,#3497,#3498,#3499,#3500,#3501,#3502,#3503,#3504,
#3505,#3506,#3507,#3508,#3509),.UNSPECIFIED.,.F.,.F.,(4,1,1,1,1,1,1,1,1,
1,1,1,1,1,1,1,1,1,1,1,4),(0.,0.00808478110206564,0.0161695622041313,0.0242543433061969,
0.0323391244082626,0.0363815149592954,0.0404239055103282,0.044466296061361,
0.0485086866123938,0.0565934677144595,0.0646782488165251,0.0687206393675579,
0.0727630299185907,0.0808478110206564,0.0848902015716892,0.088932592122722,
0.0970173732247877,0.105102154326853,0.113186935428919,0.121271716530985,
0.12935649763305),.UNSPECIFIED.);
#621=B_SPLINE_CURVE_WITH_KNOTS('',3,(#3511,#3512,#3513,#3514,#3515,#3516,
#3517),.UNSPECIFIED.,.F.,.F.,(4,1,1,1,4),(0.0332558847816829,0.0490145439235047,
0.0647732030653265,0.0805318622071483,0.0962905213489701),.UNSPECIFIED.);
#622=B_SPLINE_CURVE_WITH_KNOTS('',3,(#3518,#3519,#3520,#3521,#3522,#3523),
 .UNSPECIFIED.,.F.,.F.,(4,1,1,4),(5.24357659247218E-5,0.0217967278853313,
0.0326688739450346,0.0435410200047379),.UNSPECIFIED.);
#623=B_SPLINE_CURVE_WITH_KNOTS('',3,(#3557,#3558,#3559,#3560,#3561,#3562,
#3563,#3564,#3565,#3566,#3567,#3568,#3569,#3570,#3571),.UNSPECIFIED.,.F.,
 .F.,(4,1,1,1,1,1,1,1,1,1,1,1,4),(-5.7119842067064E-8,0.00399894891875241,
0.00799795495734688,0.0159959670345358,0.0239939791117248,0.0319919911889137,
0.0399900032661027,0.0439890093046971,0.0479880153432916,0.0519870213818861,
0.0559860274204805,0.059985033459075,0.0639840394976695),.UNSPECIFIED.);
#624=B_SPLINE_CURVE_WITH_KNOTS('',3,(#3572,#3573,#3574,#3575),
 .UNSPECIFIED.,.F.,.F.,(4,4),(0.,2.93060206304314E-5),.UNSPECIFIED.);
#625=B_SPLINE_CURVE_WITH_KNOTS('',3,(#3592,#3593,#3594,#3595),
 .UNSPECIFIED.,.F.,.F.,(4,4),(0.303672710707498,0.459625535441518),
 .UNSPECIFIED.);
#626=B_SPLINE_CURVE_WITH_KNOTS('',3,(#3598,#3599,#3600,#3601,#3602,#3603,
#3604,#3605),.UNSPECIFIED.,.F.,.F.,(4,1,1,1,1,4),(-5.99999999740958E-8,
0.00215117950415746,0.00430241900831489,0.00860489801662976,0.0129073770249446,
0.0172098560332595),.UNSPECIFIED.);
#627=B_SPLINE_CURVE_WITH_KNOTS('',3,(#3606,#3607,#3608,#3609,#3610),
 .UNSPECIFIED.,.F.,.F.,(4,1,4),(2.09944302115854E-7,0.0170508356792085,
0.0341014614141148),.UNSPECIFIED.);
#628=B_SPLINE_CURVE_WITH_KNOTS('',3,(#3619,#3620,#3621,#3622),
 .UNSPECIFIED.,.F.,.F.,(4,4),(-6.00000000296896E-8,0.00198066705001545),
 .UNSPECIFIED.);
#629=B_SPLINE_CURVE_WITH_KNOTS('',3,(#3625,#3626,#3627,#3628),
 .UNSPECIFIED.,.F.,.F.,(4,4),(0.,1.),.UNSPECIFIED.);
#630=B_SPLINE_CURVE_WITH_KNOTS('',3,(#3629,#3630,#3631,#3632),
 .UNSPECIFIED.,.F.,.F.,(4,4),(0.00508792279838023,0.00646002797759208),
 .UNSPECIFIED.);
#631=B_SPLINE_CURVE_WITH_KNOTS('',3,(#3634,#3635,#3636,#3637,#3638),
 .UNSPECIFIED.,.F.,.F.,(4,1,4),(0.,0.0107686103046422,0.0215372206092843),
 .UNSPECIFIED.);
#632=B_SPLINE_CURVE_WITH_KNOTS('',3,(#3640,#3641,#3642,#3643),
 .UNSPECIFIED.,.F.,.F.,(4,4),(0.00508804208899669,0.00646002797540139),
 .UNSPECIFIED.);
#633=B_SPLINE_CURVE_WITH_KNOTS('',3,(#3645,#3646,#3647,#3648),
 .UNSPECIFIED.,.F.,.F.,(4,4),(0.303672710707497,0.459625535441514),
 .UNSPECIFIED.);
#634=B_SPLINE_CURVE_WITH_KNOTS('',3,(#3650,#3651,#3652,#3653),
 .UNSPECIFIED.,.F.,.F.,(4,4),(0.,1.),.UNSPECIFIED.);
#635=B_SPLINE_CURVE_WITH_KNOTS('',3,(#3655,#3656,#3657,#3658),
 .UNSPECIFIED.,.F.,.F.,(4,4),(-6.00000000170159E-8,0.00198066705004802),
 .UNSPECIFIED.);
#636=B_SPLINE_CURVE_WITH_KNOTS('',3,(#3691,#3692,#3693,#3694,#3695,#3696,
#3697,#3698,#3699,#3700,#3701,#3702,#3703,#3704,#3705,#3706),
 .UNSPECIFIED.,.F.,.F.,(4,1,1,1,1,1,1,1,1,1,1,1,1,4),(-6.00000000062502E-8,
0.00394756730755051,0.00789519461510103,0.0118428219226516,0.0157904492302021,
0.0197380765377526,0.0236857038453031,0.0315809584604041,0.0394762130755052,
0.0473714676906062,0.0552667223057073,0.0592143496132578,0.061188163267033,
0.0631619769208083),.UNSPECIFIED.);
#637=B_SPLINE_CURVE_WITH_KNOTS('',3,(#3710,#3711,#3712,#3713),
 .UNSPECIFIED.,.F.,.F.,(4,4),(0.,2.92869241231543E-5),.UNSPECIFIED.);
#638=B_SPLINE_CURVE_WITH_KNOTS('',3,(#3730,#3731,#3732,#3733,#3734,#3735,
#3736,#3737,#3738,#3739,#3740,#3741,#3742,#3743),.UNSPECIFIED.,.F.,.F.,
(4,1,1,1,1,1,1,1,1,1,1,4),(-5.99999999869041E-8,0.00215450568536417,0.00430907137072832,
0.00861820274145663,0.0107727684268208,0.0129273341121849,0.014004616954867,
0.0150818997975491,0.0161591826402312,0.0166978240615722,0.0169671447722427,
0.0172364654829133),.UNSPECIFIED.);
#639=B_SPLINE_CURVE_WITH_KNOTS('',3,(#3744,#3745,#3746,#3747,#3748),
 .UNSPECIFIED.,.F.,.F.,(4,1,4),(2.09944302744633E-7,0.0170508356792075,
0.0341014614141123),.UNSPECIFIED.);
#640=B_SPLINE_CURVE_WITH_KNOTS('',3,(#3750,#3751,#3752,#3753,#3754),
 .UNSPECIFIED.,.F.,.F.,(4,1,4),(0.,0.0114002535191948,0.0228005070383897),
 .UNSPECIFIED.);
#641=B_SPLINE_CURVE_WITH_KNOTS('',3,(#3757,#3758,#3759,#3760,#3761,#3762,
#3763,#3764),.UNSPECIFIED.,.F.,.F.,(4,1,1,1,1,4),(0.,0.0124572218011177,
0.0249144436022355,0.0311430545027944,0.0373716654033532,0.049828887204471),
 .UNSPECIFIED.);
#642=B_SPLINE_CURVE_WITH_KNOTS('',3,(#3765,#3766,#3767,#3768,#3769,#3770,
#3771,#3772,#3773,#3774),.UNSPECIFIED.,.F.,.F.,(4,1,1,1,1,1,1,4),(0.,0.00625742997877926,
0.0125148599575585,0.0187722899363378,0.025029719915117,0.0312871498938963,
0.0375445798726755,0.0500594398302341),.UNSPECIFIED.);
#643=B_SPLINE_CURVE_WITH_KNOTS('',3,(#3883,#3884,#3885,#3886,#3887,#3888,
#3889),.UNSPECIFIED.,.F.,.F.,(4,1,1,1,4),(3.99572295286937E-7,0.250000299679221,
0.500000199786148,0.750000099893074,1.),.UNSPECIFIED.);
#644=B_SPLINE_CURVE_WITH_KNOTS('',3,(#3891,#3892,#3893,#3894),
 .UNSPECIFIED.,.F.,.F.,(4,4),(0.0525788086919482,0.0633595783473263),
 .UNSPECIFIED.);
#645=B_SPLINE_CURVE_WITH_KNOTS('',3,(#4003,#4004,#4005,#4006),
 .UNSPECIFIED.,.F.,.F.,(4,4),(0.0525785804868465,0.0633595188560928),
 .UNSPECIFIED.);
#646=B_SPLINE_CURVE_WITH_KNOTS('',3,(#4034,#4035,#4036,#4037,#4038),
 .UNSPECIFIED.,.F.,.F.,(4,1,4),(0.,0.0034880604464157,0.0069761208928314),
 .UNSPECIFIED.);
#647=B_SPLINE_CURVE_WITH_KNOTS('',3,(#4195,#4196,#4197,#4198,#4199),
 .UNSPECIFIED.,.F.,.F.,(4,1,4),(0.,0.5,1.),.UNSPECIFIED.);
#648=B_SPLINE_CURVE_WITH_KNOTS('',3,(#4460,#4461,#4462,#4463,#4464,#4465,
#4466,#4467,#4468,#4469,#4470,#4471,#4472,#4473,#4474,#4475,#4476,#4477,
#4478),.UNSPECIFIED.,.F.,.F.,(4,1,1,1,1,1,1,1,1,1,1,1,1,1,1,1,4),(0.,0.25,
0.375,0.4375,0.5,0.5625,0.625,0.6875,0.71875,0.734375,0.75,0.765625,0.78125,
0.8125,0.875,0.9375,1.),.UNSPECIFIED.);
#649=B_SPLINE_CURVE_WITH_KNOTS('',3,(#4585,#4586,#4587,#4588,#4589,#4590,
#4591,#4592,#4593,#4594,#4595,#4596,#4597,#4598,#4599,#4600),
 .UNSPECIFIED.,.F.,.F.,(4,1,1,1,1,1,1,1,1,1,1,1,1,4),(0.,0.25,0.375,0.4375,
0.46875,0.5,0.53125,0.5625,0.625,0.6875,0.75,0.8125,0.875,1.),
 .UNSPECIFIED.);
#650=B_SPLINE_CURVE_WITH_KNOTS('',3,(#4861,#4862,#4863,#4864,#4865),
 .UNSPECIFIED.,.F.,.F.,(4,1,4),(0.,0.5,1.),.UNSPECIFIED.);
#651=EDGE_LOOP('',(#132,#133,#134,#135,#136));
#652=EDGE_LOOP('',(#137,#138,#139,#140,#141,#142));
#653=EDGE_LOOP('',(#143));
#654=EDGE_LOOP('',(#144));
#655=EDGE_LOOP('',(#145));
#656=EDGE_LOOP('',(#146));
#657=EDGE_LOOP('',(#147));
#658=EDGE_LOOP('',(#148,#149,#150,#151,#152,#153,#154,#155,#156,#157));
#659=EDGE_LOOP('',(#158,#159,#160,#161,#162));
#660=EDGE_LOOP('',(#163,#164,#165,#166,#167,#168,#169,#170,#171,#172,#173,
#174,#175,#176));
#661=EDGE_LOOP('',(#177,#178,#179,#180));
#662=EDGE_LOOP('',(#181,#182,#183,#184,#185));
#663=EDGE_LOOP('',(#186,#187,#188,#189,#190,#191,#192));
#664=EDGE_LOOP('',(#193,#194,#195,#196,#197,#198));
#665=EDGE_LOOP('',(#199,#200,#201));
#666=EDGE_LOOP('',(#202,#203,#204));
#667=EDGE_LOOP('',(#205,#206,#207,#208,#209,#210));
#668=EDGE_LOOP('',(#211,#212,#213,#214,#215));
#669=EDGE_LOOP('',(#216,#217,#218,#219));
#670=EDGE_LOOP('',(#220,#221,#222,#223,#224,#225,#226,#227,#228,#229));
#671=EDGE_LOOP('',(#230,#231,#232,#233,#234));
#672=EDGE_LOOP('',(#235,#236,#237,#238));
#673=EDGE_LOOP('',(#239,#240,#241,#242));
#674=EDGE_LOOP('',(#243,#244,#245,#246,#247,#248,#249));
#675=EDGE_LOOP('',(#250,#251,#252,#253,#254,#255,#256));
#676=EDGE_LOOP('',(#257,#258,#259));
#677=EDGE_LOOP('',(#260));
#678=EDGE_LOOP('',(#261));
#679=EDGE_LOOP('',(#262));
#680=EDGE_LOOP('',(#263));
#681=EDGE_LOOP('',(#264));
#682=EDGE_LOOP('',(#265,#266,#267,#268,#269,#270,#271,#272,#273));
#683=EDGE_LOOP('',(#274,#275,#276,#277));
#684=EDGE_LOOP('',(#278,#279,#280,#281));
#685=EDGE_LOOP('',(#282));
#686=EDGE_LOOP('',(#283));
#687=EDGE_LOOP('',(#284));
#688=EDGE_LOOP('',(#285));
#689=EDGE_LOOP('',(#286));
#690=EDGE_LOOP('',(#287));
#691=EDGE_LOOP('',(#288));
#692=EDGE_LOOP('',(#289));
#693=EDGE_LOOP('',(#290));
#694=EDGE_LOOP('',(#291));
#695=EDGE_LOOP('',(#292));
#696=EDGE_LOOP('',(#293));
#697=EDGE_LOOP('',(#294));
#698=EDGE_LOOP('',(#295));
#699=EDGE_LOOP('',(#296));
#700=EDGE_LOOP('',(#297));
#701=EDGE_LOOP('',(#298));
#702=EDGE_LOOP('',(#299));
#703=EDGE_LOOP('',(#300));
#704=EDGE_LOOP('',(#301));
#705=EDGE_LOOP('',(#302));
#706=EDGE_LOOP('',(#303));
#707=EDGE_LOOP('',(#304));
#708=EDGE_LOOP('',(#305));
#709=EDGE_LOOP('',(#306));
#710=EDGE_LOOP('',(#307));
#711=EDGE_LOOP('',(#308));
#712=EDGE_LOOP('',(#309));
#713=EDGE_LOOP('',(#310));
#714=EDGE_LOOP('',(#311));
#715=EDGE_LOOP('',(#312));
#716=EDGE_LOOP('',(#313));
#717=EDGE_LOOP('',(#314));
#718=EDGE_LOOP('',(#315));
#719=EDGE_LOOP('',(#316));
#720=EDGE_LOOP('',(#317));
#721=EDGE_LOOP('',(#318));
#722=EDGE_LOOP('',(#319));
#723=EDGE_LOOP('',(#320,#321,#322,#323));
#724=EDGE_LOOP('',(#324,#325,#326,#327));
#725=EDGE_LOOP('',(#328,#329,#330,#331,#332));
#726=EDGE_LOOP('',(#333,#334,#335,#336));
#727=EDGE_LOOP('',(#337,#338,#339,#340));
#728=EDGE_LOOP('',(#341,#342,#343,#344));
#729=EDGE_LOOP('',(#345,#346,#347,#348));
#730=EDGE_LOOP('',(#349,#350,#351,#352));
#731=EDGE_LOOP('',(#353,#354,#355,#356,#357));
#732=EDGE_LOOP('',(#358,#359,#360,#361));
#733=EDGE_LOOP('',(#362,#363,#364,#365));
#734=FACE_BOUND('',#651,.T.);
#735=FACE_BOUND('',#652,.T.);
#736=FACE_BOUND('',#653,.T.);
#737=FACE_BOUND('',#654,.T.);
#738=FACE_BOUND('',#655,.T.);
#739=FACE_BOUND('',#656,.T.);
#740=FACE_BOUND('',#657,.T.);
#741=FACE_BOUND('',#658,.T.);
#742=FACE_BOUND('',#659,.T.);
#743=FACE_BOUND('',#660,.T.);
#744=FACE_BOUND('',#661,.T.);
#745=FACE_BOUND('',#662,.T.);
#746=FACE_BOUND('',#663,.T.);
#747=FACE_BOUND('',#664,.T.);
#748=FACE_BOUND('',#665,.T.);
#749=FACE_BOUND('',#666,.T.);
#750=FACE_BOUND('',#667,.T.);
#751=FACE_BOUND('',#668,.T.);
#752=FACE_BOUND('',#669,.T.);
#753=FACE_BOUND('',#670,.T.);
#754=FACE_BOUND('',#671,.T.);
#755=FACE_BOUND('',#672,.T.);
#756=FACE_BOUND('',#673,.T.);
#757=FACE_BOUND('',#674,.T.);
#758=FACE_BOUND('',#675,.T.);
#759=FACE_BOUND('',#676,.T.);
#760=FACE_BOUND('',#677,.T.);
#761=FACE_BOUND('',#678,.T.);
#762=FACE_BOUND('',#679,.T.);
#763=FACE_BOUND('',#680,.T.);
#764=FACE_BOUND('',#681,.T.);
#765=FACE_BOUND('',#682,.T.);
#766=FACE_BOUND('',#683,.T.);
#767=FACE_BOUND('',#684,.T.);
#768=FACE_BOUND('',#31,.T.);
#769=FACE_BOUND('',#685,.T.);
#770=FACE_BOUND('',#686,.T.);
#771=FACE_BOUND('',#687,.T.);
#772=FACE_BOUND('',#32,.T.);
#773=FACE_BOUND('',#688,.T.);
#774=FACE_BOUND('',#689,.T.);
#775=FACE_BOUND('',#690,.T.);
#776=FACE_BOUND('',#33,.T.);
#777=FACE_BOUND('',#691,.T.);
#778=FACE_BOUND('',#692,.T.);
#779=FACE_BOUND('',#693,.T.);
#780=FACE_BOUND('',#34,.T.);
#781=FACE_BOUND('',#694,.T.);
#782=FACE_BOUND('',#695,.T.);
#783=FACE_BOUND('',#696,.T.);
#784=FACE_BOUND('',#697,.T.);
#785=FACE_BOUND('',#698,.T.);
#786=FACE_BOUND('',#699,.T.);
#787=FACE_BOUND('',#700,.T.);
#788=FACE_BOUND('',#701,.T.);
#789=FACE_BOUND('',#702,.T.);
#790=FACE_BOUND('',#703,.T.);
#791=FACE_BOUND('',#704,.T.);
#792=FACE_BOUND('',#35,.T.);
#793=FACE_BOUND('',#705,.T.);
#794=FACE_BOUND('',#706,.T.);
#795=FACE_BOUND('',#707,.T.);
#796=FACE_BOUND('',#36,.T.);
#797=FACE_BOUND('',#708,.T.);
#798=FACE_BOUND('',#709,.T.);
#799=FACE_BOUND('',#710,.T.);
#800=FACE_BOUND('',#37,.T.);
#801=FACE_BOUND('',#711,.T.);
#802=FACE_BOUND('',#712,.T.);
#803=FACE_BOUND('',#713,.T.);
#804=FACE_BOUND('',#38,.T.);
#805=FACE_BOUND('',#714,.T.);
#806=FACE_BOUND('',#715,.T.);
#807=FACE_BOUND('',#716,.T.);
#808=FACE_BOUND('',#39,.T.);
#809=FACE_BOUND('',#717,.T.);
#810=FACE_BOUND('',#718,.T.);
#811=FACE_BOUND('',#719,.T.);
#812=FACE_BOUND('',#40,.T.);
#813=FACE_BOUND('',#720,.T.);
#814=FACE_BOUND('',#721,.T.);
#815=FACE_BOUND('',#722,.T.);
#816=FACE_BOUND('',#723,.T.);
#817=FACE_BOUND('',#724,.T.);
#818=FACE_BOUND('',#725,.T.);
#819=FACE_BOUND('',#726,.T.);
#820=FACE_BOUND('',#727,.T.);
#821=FACE_BOUND('',#728,.T.);
#822=FACE_BOUND('',#729,.T.);
#823=FACE_BOUND('',#730,.T.);
#824=FACE_BOUND('',#731,.T.);
#825=FACE_BOUND('',#732,.T.);
#826=FACE_BOUND('',#733,.T.);
#827=PLANE('',#903);
#828=PLANE('',#904);
#829=PLANE('',#911);
#830=PLANE('',#912);
#831=ADVANCED_FACE('',(#734),#827,.F.);
#832=ADVANCED_FACE('',(#735),#86,.F.);
#833=ADVANCED_FACE('',(#736,#737,#738,#739,#740,#741),#828,.T.);
#834=ADVANCED_FACE('',(#742),#87,.F.);
#835=ADVANCED_FACE('',(#743),#88,.T.);
#836=ADVANCED_FACE('',(#744),#89,.F.);
#837=ADVANCED_FACE('',(#745),#90,.F.);
#838=ADVANCED_FACE('',(#746),#91,.F.);
#839=ADVANCED_FACE('',(#747),#92,.T.);
#840=ADVANCED_FACE('',(#748),#93,.F.);
#841=ADVANCED_FACE('',(#749),#94,.T.);
#842=ADVANCED_FACE('',(#750),#95,.T.);
#843=ADVANCED_FACE('',(#751),#96,.F.);
#844=ADVANCED_FACE('',(#752),#97,.F.);
#845=ADVANCED_FACE('',(#753),#98,.F.);
#846=ADVANCED_FACE('',(#754),#99,.F.);
#847=ADVANCED_FACE('',(#755),#100,.F.);
#848=ADVANCED_FACE('',(#756),#829,.F.);
#849=ADVANCED_FACE('',(#757),#101,.T.);
#850=ADVANCED_FACE('',(#758),#102,.F.);
#851=ADVANCED_FACE('',(#759),#103,.F.);
#852=ADVANCED_FACE('',(#760,#761,#762,#763,#764,#765),#830,.T.);
#853=ADVANCED_FACE('',(#766),#104,.T.);
#854=ADVANCED_FACE('',(#767),#105,.F.);
#855=ADVANCED_FACE('',(#768,#769),#41,.F.);
#856=ADVANCED_FACE('',(#770,#771),#21,.F.);
#857=ADVANCED_FACE('',(#772,#773),#42,.F.);
#858=ADVANCED_FACE('',(#774,#775),#22,.F.);
#859=ADVANCED_FACE('',(#776,#777),#43,.F.);
#860=ADVANCED_FACE('',(#778,#779),#23,.F.);
#861=ADVANCED_FACE('',(#780,#781),#44,.F.);
#862=ADVANCED_FACE('',(#782,#783),#24,.F.);
#863=ADVANCED_FACE('',(#784,#785),#45,.F.);
#864=ADVANCED_FACE('',(#786,#787),#46,.F.);
#865=ADVANCED_FACE('',(#788,#789),#47,.F.);
#866=ADVANCED_FACE('',(#790,#791),#48,.F.);
#867=ADVANCED_FACE('',(#792,#793),#49,.F.);
#868=ADVANCED_FACE('',(#794,#795),#25,.F.);
#869=ADVANCED_FACE('',(#796,#797),#50,.F.);
#870=ADVANCED_FACE('',(#798,#799),#26,.F.);
#871=ADVANCED_FACE('',(#800,#801),#51,.F.);
#872=ADVANCED_FACE('',(#802,#803),#27,.F.);
#873=ADVANCED_FACE('',(#804,#805),#52,.F.);
#874=ADVANCED_FACE('',(#806,#807),#28,.F.);
#875=ADVANCED_FACE('',(#808,#809),#53,.F.);
#876=ADVANCED_FACE('',(#810,#811),#29,.F.);
#877=ADVANCED_FACE('',(#812,#813),#54,.F.);
#878=ADVANCED_FACE('',(#814,#815),#30,.F.);
#879=ADVANCED_FACE('',(#816),#12,.T.);
#880=ADVANCED_FACE('',(#817),#13,.T.);
#881=ADVANCED_FACE('',(#818),#106,.T.);
#882=ADVANCED_FACE('',(#819),#14,.T.);
#883=ADVANCED_FACE('',(#820),#15,.T.);
#884=ADVANCED_FACE('',(#821),#16,.T.);
#885=ADVANCED_FACE('',(#822),#17,.T.);
#886=ADVANCED_FACE('',(#823),#18,.T.);
#887=ADVANCED_FACE('',(#824),#107,.T.);
#888=ADVANCED_FACE('',(#825),#19,.T.);
#889=ADVANCED_FACE('',(#826),#20,.T.);
#890=CLOSED_SHELL('',(#831,#832,#833,#834,#835,#836,#837,#838,#839,#840,
#841,#842,#843,#844,#845,#846,#847,#848,#849,#850,#851,#852,#853,#854,#855,
#856,#857,#858,#859,#860,#861,#862,#863,#864,#865,#866,#867,#868,#869,#870,
#871,#872,#873,#874,#875,#876,#877,#878,#879,#880,#881,#882,#883,#884,#885,
#886,#887,#888,#889));
#891=STYLED_ITEM('',(#892),#899);
#892=PRESENTATION_STYLE_ASSIGNMENT((#893));
#893=SURFACE_STYLE_USAGE(.BOTH.,#894);
#894=SURFACE_SIDE_STYLE('',(#895));
#895=SURFACE_STYLE_FILL_AREA(#896);
#896=FILL_AREA_STYLE('',(#897));
#897=FILL_AREA_STYLE_COLOUR('',#898);
#898=COLOUR_RGB('',0.992156862745098,0.847058823529412,0.207843137254902);
#899=MANIFOLD_SOLID_BREP('hf_back',#890);
#900=SHAPE_DEFINITION_REPRESENTATION(#4948,#901);
#901=SHAPE_REPRESENTATION('hf_back',(#902),#4943);
#902=AXIS2_PLACEMENT_3D('',#1094,#962,#963);
#903=AXIS2_PLACEMENT_3D('',#1095,#964,#965);
#904=AXIS2_PLACEMENT_3D('',#1360,#968,#969);
#905=AXIS2_PLACEMENT_3D('',#1361,#970,#971);
#906=AXIS2_PLACEMENT_3D('',#1363,#972,#973);
#907=AXIS2_PLACEMENT_3D('',#1365,#974,#975);
#908=AXIS2_PLACEMENT_3D('',#1367,#976,#977);
#909=AXIS2_PLACEMENT_3D('',#1369,#978,#979);
#910=AXIS2_PLACEMENT_3D('',#2031,#984,#985);
#911=AXIS2_PLACEMENT_3D('',#3749,#990,#991);
#912=AXIS2_PLACEMENT_3D('',#4023,#992,#993);
#913=AXIS2_PLACEMENT_3D('',#4024,#994,#995);
#914=AXIS2_PLACEMENT_3D('',#4026,#996,#997);
#915=AXIS2_PLACEMENT_3D('',#4028,#998,#999);
#916=AXIS2_PLACEMENT_3D('',#4030,#1000,#1001);
#917=AXIS2_PLACEMENT_3D('',#4032,#1002,#1003);
#918=AXIS2_PLACEMENT_3D('',#4057,#1006,#1007);
#919=AXIS2_PLACEMENT_3D('',#4059,#1008,#1009);
#920=AXIS2_PLACEMENT_3D('',#4061,#1010,#1011);
#921=AXIS2_PLACEMENT_3D('',#4062,#1012,#1013);
#922=AXIS2_PLACEMENT_3D('',#4064,#1014,#1015);
#923=AXIS2_PLACEMENT_3D('',#4066,#1016,#1017);
#924=AXIS2_PLACEMENT_3D('',#4068,#1018,#1019);
#925=AXIS2_PLACEMENT_3D('',#4069,#1020,#1021);
#926=AXIS2_PLACEMENT_3D('',#4071,#1022,#1023);
#927=AXIS2_PLACEMENT_3D('',#4073,#1024,#1025);
#928=AXIS2_PLACEMENT_3D('',#4075,#1026,#1027);
#929=AXIS2_PLACEMENT_3D('',#4076,#1028,#1029);
#930=AXIS2_PLACEMENT_3D('',#4078,#1030,#1031);
#931=AXIS2_PLACEMENT_3D('',#4080,#1032,#1033);
#932=AXIS2_PLACEMENT_3D('',#4082,#1034,#1035);
#933=AXIS2_PLACEMENT_3D('',#4083,#1036,#1037);
#934=AXIS2_PLACEMENT_3D('',#4085,#1038,#1039);
#935=AXIS2_PLACEMENT_3D('',#4086,#1040,#1041);
#936=AXIS2_PLACEMENT_3D('',#4087,#1042,#1043);
#937=AXIS2_PLACEMENT_3D('',#4088,#1044,#1045);
#938=AXIS2_PLACEMENT_3D('',#4089,#1046,#1047);
#939=AXIS2_PLACEMENT_3D('',#4091,#1048,#1049);
#940=AXIS2_PLACEMENT_3D('',#4093,#1050,#1051);
#941=AXIS2_PLACEMENT_3D('',#4094,#1052,#1053);
#942=AXIS2_PLACEMENT_3D('',#4096,#1054,#1055);
#943=AXIS2_PLACEMENT_3D('',#4098,#1056,#1057);
#944=AXIS2_PLACEMENT_3D('',#4099,#1058,#1059);
#945=AXIS2_PLACEMENT_3D('',#4101,#1060,#1061);
#946=AXIS2_PLACEMENT_3D('',#4103,#1062,#1063);
#947=AXIS2_PLACEMENT_3D('',#4104,#1064,#1065);
#948=AXIS2_PLACEMENT_3D('',#4106,#1066,#1067);
#949=AXIS2_PLACEMENT_3D('',#4108,#1068,#1069);
#950=AXIS2_PLACEMENT_3D('',#4109,#1070,#1071);
#951=AXIS2_PLACEMENT_3D('',#4111,#1072,#1073);
#952=AXIS2_PLACEMENT_3D('',#4113,#1074,#1075);
#953=AXIS2_PLACEMENT_3D('',#4114,#1076,#1077);
#954=AXIS2_PLACEMENT_3D('',#4116,#1078,#1079);
#955=AXIS2_PLACEMENT_3D('',#4118,#1080,#1081);
#956=AXIS2_PLACEMENT_3D('',#4131,#1082,#1083);
#957=AXIS2_PLACEMENT_3D('',#4494,#1084,#1085);
#958=AXIS2_PLACEMENT_3D('',#4522,#1086,#1087);
#959=AXIS2_PLACEMENT_3D('',#4538,#1088,#1089);
#960=AXIS2_PLACEMENT_3D('',#4569,#1090,#1091);
#961=AXIS2_PLACEMENT_3D('',#4929,#1092,#1093);
#962=DIRECTION('',(0.,0.,1.));
#963=DIRECTION('',(1.,0.,0.));
#964=DIRECTION('',(0.,1.,-6.12323399573677E-17));
#965=DIRECTION('',(1.,0.,0.));
#966=DIRECTION('',(1.,0.,0.));
#967=DIRECTION('',(1.,0.,0.));
#968=DIRECTION('',(0.,0.,1.));
#969=DIRECTION('',(1.,0.,0.));
#970=DIRECTION('',(0.,0.,-1.));
#971=DIRECTION('',(0.,1.,0.));
#972=DIRECTION('',(0.,0.,-1.));
#973=DIRECTION('',(0.,1.,0.));
#974=DIRECTION('',(0.,0.,-1.));
#975=DIRECTION('',(0.,1.,0.));
#976=DIRECTION('',(0.,0.,1.));
#977=DIRECTION('',(0.,-1.,0.));
#978=DIRECTION('',(0.,0.,1.));
#979=DIRECTION('',(0.,-1.,0.));
#980=DIRECTION('',(1.,0.,0.));
#981=DIRECTION('',(0.,-1.,6.12323399573677E-17));
#982=DIRECTION('',(1.,0.,0.));
#983=DIRECTION('',(1.,0.,0.));
#984=DIRECTION('',(0.,1.,0.));
#985=DIRECTION('',(1.,0.,0.));
#986=DIRECTION('',(1.,0.,0.));
#987=DIRECTION('',(1.,0.,0.));
#988=DIRECTION('',(1.,0.,0.));
#989=DIRECTION('',(1.,0.,0.));
#990=DIRECTION('',(0.,-0.344155390852187,-0.938912704646911));
#991=DIRECTION('',(0.,0.938912704646912,-0.344155390852187));
#992=DIRECTION('',(0.,0.,1.));
#993=DIRECTION('',(1.,0.,0.));
#994=DIRECTION('',(0.,0.,-1.));
#995=DIRECTION('',(0.,1.,0.));
#996=DIRECTION('',(0.,0.,-1.));
#997=DIRECTION('',(0.,1.,0.));
#998=DIRECTION('',(0.,0.,-1.));
#999=DIRECTION('',(0.,1.,0.));
#1000=DIRECTION('',(0.,0.,1.));
#1001=DIRECTION('',(0.,-1.,0.));
#1002=DIRECTION('',(0.,0.,1.));
#1003=DIRECTION('',(0.,-1.,0.));
#1004=DIRECTION('',(0.,-1.,6.12323399573677E-17));
#1005=DIRECTION('',(0.,-1.,6.12323399573677E-17));
#1006=DIRECTION('',(0.,0.,1.));
#1007=DIRECTION('',(0.,-1.,0.));
#1008=DIRECTION('',(0.,0.,-1.));
#1009=DIRECTION('',(0.,1.,0.));
#1010=DIRECTION('',(0.,0.,-1.));
#1011=DIRECTION('',(0.,1.,0.));
#1012=DIRECTION('',(0.,0.,1.));
#1013=DIRECTION('',(0.,-1.,0.));
#1014=DIRECTION('',(0.,0.,1.));
#1015=DIRECTION('',(0.,-1.,0.));
#1016=DIRECTION('',(0.,0.,-1.));
#1017=DIRECTION('',(0.,1.,0.));
#1018=DIRECTION('',(0.,0.,-1.));
#1019=DIRECTION('',(0.,1.,0.));
#1020=DIRECTION('',(0.,0.,1.));
#1021=DIRECTION('',(0.,-1.,0.));
#1022=DIRECTION('',(0.,0.,1.));
#1023=DIRECTION('',(0.,-1.,0.));
#1024=DIRECTION('',(0.,0.,-1.));
#1025=DIRECTION('',(0.,1.,0.));
#1026=DIRECTION('',(0.,0.,-1.));
#1027=DIRECTION('',(0.,1.,0.));
#1028=DIRECTION('',(0.,0.,1.));
#1029=DIRECTION('',(0.,-1.,0.));
#1030=DIRECTION('',(0.,0.,1.));
#1031=DIRECTION('',(0.,-1.,0.));
#1032=DIRECTION('',(0.,0.,-1.));
#1033=DIRECTION('',(0.,1.,0.));
#1034=DIRECTION('',(0.,0.,-1.));
#1035=DIRECTION('',(0.,1.,0.));
#1036=DIRECTION('',(0.,0.,1.));
#1037=DIRECTION('',(0.,-1.,0.));
#1038=DIRECTION('',(0.,0.,1.));
#1039=DIRECTION('',(0.,-1.,0.));
#1040=DIRECTION('',(0.,0.,1.));
#1041=DIRECTION('',(0.,-1.,0.));
#1042=DIRECTION('',(0.,0.,1.));
#1043=DIRECTION('',(0.,-1.,0.));
#1044=DIRECTION('',(0.,0.,1.));
#1045=DIRECTION('',(0.,-1.,0.));
#1046=DIRECTION('',(0.,0.,1.));
#1047=DIRECTION('',(0.,-1.,0.));
#1048=DIRECTION('',(0.,0.,-1.));
#1049=DIRECTION('',(0.,1.,0.));
#1050=DIRECTION('',(0.,0.,-1.));
#1051=DIRECTION('',(0.,1.,0.));
#1052=DIRECTION('',(0.,0.,1.));
#1053=DIRECTION('',(0.,-1.,0.));
#1054=DIRECTION('',(0.,0.,-1.));
#1055=DIRECTION('',(0.,1.,0.));
#1056=DIRECTION('',(0.,0.,-1.));
#1057=DIRECTION('',(0.,1.,0.));
#1058=DIRECTION('',(0.,0.,1.));
#1059=DIRECTION('',(0.,-1.,0.));
#1060=DIRECTION('',(0.,0.,-1.));
#1061=DIRECTION('',(0.,1.,0.));
#1062=DIRECTION('',(0.,0.,-1.));
#1063=DIRECTION('',(0.,1.,0.));
#1064=DIRECTION('',(0.,0.,1.));
#1065=DIRECTION('',(0.,-1.,0.));
#1066=DIRECTION('',(0.,0.,-1.));
#1067=DIRECTION('',(0.,1.,0.));
#1068=DIRECTION('',(0.,0.,-1.));
#1069=DIRECTION('',(0.,1.,0.));
#1070=DIRECTION('',(0.,0.,1.));
#1071=DIRECTION('',(0.,-1.,0.));
#1072=DIRECTION('',(0.,0.,-1.));
#1073=DIRECTION('',(0.,1.,0.));
#1074=DIRECTION('',(0.,0.,-1.));
#1075=DIRECTION('',(0.,1.,0.));
#1076=DIRECTION('',(0.,0.,1.));
#1077=DIRECTION('',(0.,-1.,0.));
#1078=DIRECTION('',(0.,0.,-1.));
#1079=DIRECTION('',(0.,1.,0.));
#1080=DIRECTION('',(0.,0.,-1.));
#1081=DIRECTION('',(0.,1.,0.));
#1082=DIRECTION('',(-0.0833335361122275,0.101797791938657,-0.991308595400769));
#1083=DIRECTION('',(0.,0.994768687753707,0.102153109912361));
#1084=DIRECTION('',(0.742354806268141,0.629078057569577,-0.230586511086575));
#1085=DIRECTION('',(0.646500051855789,-0.762913942034397,0.));
#1086=DIRECTION('',(0.999405532032814,0.0323697905420168,-0.0118650411914325));
#1087=DIRECTION('',(0.0323720692792671,-0.999475887218185,0.));
#1088=DIRECTION('',(0.999405532032814,-0.0323697905420217,0.0118650411914267));
#1089=DIRECTION('',(-0.0323720692792721,-0.999475887218185,0.));
#1090=DIRECTION('',(0.742354806268137,-0.62907805756958,0.230586511086577));
#1091=DIRECTION('',(-0.646500051855792,-0.762913942034393,0.));
#1092=DIRECTION('',(-0.0833335357504349,-0.101797793857757,0.99130859523411));
#1093=DIRECTION('',(0.,-0.994768687556265,-0.102153111835058));
#1094=CARTESIAN_POINT('',(0.,0.,0.));
#1095=CARTESIAN_POINT('',(-1.110223024625E-16,-0.214,1.31037207508767E-17));
#1096=CARTESIAN_POINT('',(-0.0695490241085602,-0.214,0.0109282414953215));
#1097=CARTESIAN_POINT('',(-0.0695490241085602,-0.214,-0.0805213257363455));
#1098=CARTESIAN_POINT('',(-0.0243103239557671,-0.214,-0.0695070123897124));
#1099=CARTESIAN_POINT('',(-1.06551874754722E-9,-0.214,-0.0695070123897124));
#1100=CARTESIAN_POINT('',(-0.0695490241085602,-0.214,0.0109282414953215));
#1101=CARTESIAN_POINT('',(1.06551758264988E-9,-0.214,-0.0695070123897124));
#1102=CARTESIAN_POINT('',(-1.110223024625E-16,-0.214,0.0109282414958402));
#1103=CARTESIAN_POINT('',(-0.0788981907217026,-0.214,0.0109282414958402));
#1104=CARTESIAN_POINT('',(-0.0788981907217025,-0.214,0.0109282414958402));
#1105=CARTESIAN_POINT('',(-0.0793025592554479,-0.214,0.00811396216409501));
#1106=CARTESIAN_POINT('',(-0.0798010333907921,-0.214,0.00241851349447109));
#1107=CARTESIAN_POINT('',(-0.0795978506524175,-0.214,-0.00601779246997007));
#1108=CARTESIAN_POINT('',(-0.0784763037110556,-0.214,-0.0144099568746348));
#1109=CARTESIAN_POINT('',(-0.0757197396217511,-0.214,-0.0255232254306312));
#1110=CARTESIAN_POINT('',(-0.071297568289699,-0.214,-0.0358663320959157));
#1111=CARTESIAN_POINT('',(-0.0652015192918926,-0.214,-0.0455584353892744));
#1112=CARTESIAN_POINT('',(-0.0599670111709456,-0.214,-0.0522048875584749));
#1113=CARTESIAN_POINT('',(-0.054087166707349,-0.214,-0.0582756348141077));
#1114=CARTESIAN_POINT('',(-0.0475050482494293,-0.214,-0.063783658298496));
#1115=CARTESIAN_POINT('',(-0.0404704062823061,-0.214,-0.068509511791883));
#1116=CARTESIAN_POINT('',(-0.0330211867546961,-0.214,-0.0724646460923096));
#1117=CARTESIAN_POINT('',(-0.0250799941747947,-0.214,-0.0756568705462089));
#1118=CARTESIAN_POINT('',(-0.0168865607117626,-0.214,-0.0779591399319737));
#1119=CARTESIAN_POINT('',(-0.00857542441958308,-0.214,-0.0793544729935963));
#1120=CARTESIAN_POINT('',(-7.27038202180014E-5,-0.214,-0.0798416749153623));
#1121=CARTESIAN_POINT('',(0.00847327666513676,-0.214,-0.0793673838317423));
#1122=CARTESIAN_POINT('',(0.0167933391632738,-0.214,-0.0779795825150509));
#1123=CARTESIAN_POINT('',(0.024983420051823,-0.214,-0.0756898048727477));
#1124=CARTESIAN_POINT('',(0.0329384597324136,-0.214,-0.0725034824803175));
#1125=CARTESIAN_POINT('',(0.0404008516667909,-0.214,-0.0685518426896672));
#1126=CARTESIAN_POINT('',(0.0474550694250865,-0.214,-0.0638214827665351));
#1127=CARTESIAN_POINT('',(0.0540356585739208,-0.214,-0.0583229332838579));
#1128=CARTESIAN_POINT('',(0.0599168414870169,-0.214,-0.0522622450131434));
#1129=CARTESIAN_POINT('',(0.0651603932437156,-0.214,-0.0456170281274775));
#1130=CARTESIAN_POINT('',(0.0712649167880019,-0.214,-0.0359289571595779));
#1131=CARTESIAN_POINT('',(0.0756868838924795,-0.214,-0.0256130485331625));
#1132=CARTESIAN_POINT('',(0.0784553001599868,-0.214,-0.0145198375378354));
#1133=CARTESIAN_POINT('',(0.0795981196585729,-0.214,-0.0060786032005828));
#1134=CARTESIAN_POINT('',(0.0797999218312421,-0.214,0.002505480892816));
#1135=CARTESIAN_POINT('',(0.0792989242822336,-0.214,0.00813926044804853));
#1136=CARTESIAN_POINT('',(0.0788981907217025,-0.214,0.0109282414958403));
#1137=CARTESIAN_POINT('',(0.0788981907217025,-0.214,0.0109282414958402));
#1138=CARTESIAN_POINT('',(-1.110223024625E-16,-0.214,0.0109282414958402));
#1139=CARTESIAN_POINT('',(0.0695490241085602,-0.214,0.0109282414958402));
#1140=CARTESIAN_POINT('',(0.0695490241085602,-0.214,0.0109282414958402));
#1141=CARTESIAN_POINT('',(0.0695490241085602,-0.214,-0.080521325735825));
#1142=CARTESIAN_POINT('',(0.024310323955766,-0.214,-0.0695070123897124));
#1143=CARTESIAN_POINT('',(1.06551758264988E-9,-0.214,-0.0695070123897124));
#1144=CARTESIAN_POINT('',(0.0678585962996781,-0.208586663881942,0.0114039360054061));
#1145=CARTESIAN_POINT('',(0.0696843534640926,-0.205182267648147,0.0117433856092692));
#1146=CARTESIAN_POINT('',(0.0723567252520256,-0.198742101497217,0.0122879368671661));
#1147=CARTESIAN_POINT('',(0.074981930464716,-0.18828968233394,0.012929725689636));
#1148=CARTESIAN_POINT('',(0.0766466725815215,-0.176854407490543,0.0134411149116663));
#1149=CARTESIAN_POINT('',(0.077039155931492,-0.16808560315467,0.0136731644459392));
#1150=CARTESIAN_POINT('',(0.0770299257173144,-0.162814135772101,0.0137560817299401));
#1151=CARTESIAN_POINT('',(0.0680247801139721,-0.208589318526286,0.00871631519927286));
#1152=CARTESIAN_POINT('',(0.0698823735213959,-0.205184662254735,0.0089895008082616));
#1153=CARTESIAN_POINT('',(0.0726009382158023,-0.198742285572695,0.00943209067353529));
#1154=CARTESIAN_POINT('',(0.0752696251441766,-0.188285270876529,0.00996204775380687));
#1155=CARTESIAN_POINT('',(0.0769598975208253,-0.176847029251001,0.010391110889764));
#1156=CARTESIAN_POINT('',(0.0773563754940784,-0.168080749390736,0.0105918389949504));
#1157=CARTESIAN_POINT('',(0.0773457266789391,-0.162814306486595,0.0106663632860592));
#1158=CARTESIAN_POINT('',(0.0681535496311165,-0.208592389547666,0.00486304653358002));
#1159=CARTESIAN_POINT('',(0.0700447936972576,-0.205187436424106,0.00503144878622021));
#1160=CARTESIAN_POINT('',(0.0728124214918503,-0.198742472934659,0.00530905701911318));
#1161=CARTESIAN_POINT('',(0.0755278585997502,-0.188280065753942,0.0056512008374882));
#1162=CARTESIAN_POINT('',(0.0772462682457551,-0.176838347493489,0.00593645697643705));
#1163=CARTESIAN_POINT('',(0.0776481045554734,-0.168075047757903,0.00607756092861917));
#1164=CARTESIAN_POINT('',(0.0776367462686414,-0.16281451000211,0.0061336234099404));
#1165=CARTESIAN_POINT('',(0.0681824364176114,-0.208593591507606,0.000134093870080943));
#1166=CARTESIAN_POINT('',(0.0700837588946618,-0.205188844643441,0.000139021669416211));
#1167=CARTESIAN_POINT('',(0.0728661188646644,-0.198744014462123,0.000147169392918869));
#1168=CARTESIAN_POINT('',(0.0755959013068152,-0.188281314327064,0.00015710863170236));
#1169=CARTESIAN_POINT('',(0.0773232847656938,-0.176839005378811,0.00016529014460321));
#1170=CARTESIAN_POINT('',(0.0777271453402299,-0.168075186198871,0.000169283889867988));
#1171=CARTESIAN_POINT('',(0.0777157183089904,-0.162814433995944,0.000170895824499894));
#1172=CARTESIAN_POINT('',(0.0681661804043923,-0.208592508112846,-0.00279977801484345));
#1173=CARTESIAN_POINT('',(0.0700619913892446,-0.205187114933225,-0.00289821178744062));
#1174=CARTESIAN_POINT('',(0.0728363430577623,-0.198740542790762,-0.00306070062785937));
#1175=CARTESIAN_POINT('',(0.0755580784076441,-0.188275543909481,-0.00326087195508916));
#1176=CARTESIAN_POINT('',(0.0772801837868743,-0.176832687656502,-0.00342763412599117));
#1177=CARTESIAN_POINT('',(0.0776827712720918,-0.168071720027137,-0.00351018843046069));
#1178=CARTESIAN_POINT('',(0.0776715124401131,-0.162814722017959,-0.00354321415272623));
#1179=CARTESIAN_POINT('',(0.0681126913811636,-0.208589032860316,-0.00576762514122889));
#1180=CARTESIAN_POINT('',(0.0699938494327753,-0.205181196674486,-0.00595869461899169));
#1181=CARTESIAN_POINT('',(0.0727470101228763,-0.198727761635384,-0.00627034740873823));
#1182=CARTESIAN_POINT('',(0.0754472684471168,-0.188253394057818,-0.00664494083797218));
#1183=CARTESIAN_POINT('',(0.0771551741077894,-0.176807951897551,-0.0069490016600903));
#1184=CARTESIAN_POINT('',(0.0775545243789058,-0.16805799378078,-0.00709269320387067));
#1185=CARTESIAN_POINT('',(0.0775441557422788,-0.162815809088648,-0.00714761259908515));
#1186=CARTESIAN_POINT('',(0.0679788012818572,-0.208581815452227,-0.0096610448117971));
#1187=CARTESIAN_POINT('',(0.06982878945348,-0.205168990312929,-0.00996398676460743));
#1188=CARTESIAN_POINT('',(0.0725369200796454,-0.198701632945403,-0.0104526729233105));
#1189=CARTESIAN_POINT('',(0.075191828327479,-0.188208355430545,-0.0110269864142684));
#1190=CARTESIAN_POINT('',(0.0768700593378307,-0.176757786571649,-0.0114823470140186));
#1191=CARTESIAN_POINT('',(0.0772629576378561,-0.168030193166351,-0.011688991168563));
#1192=CARTESIAN_POINT('',(0.077254668407451,-0.162818008562468,-0.0117653035062828));
#1193=CARTESIAN_POINT('',(0.0676513288364873,-0.208567039020224,-0.0149308863292622));
#1194=CARTESIAN_POINT('',(0.0694396736094558,-0.205143951653524,-0.0153644885086114));
#1195=CARTESIAN_POINT('',(0.0720589573408635,-0.198648042518087,-0.0160526895204586));
#1196=CARTESIAN_POINT('',(0.07462460669115,-0.188116067295928,-0.0168350463201831));
#1197=CARTESIAN_POINT('',(0.0762446130155309,-0.176655056850965,-0.0174336976969355));
#1198=CARTESIAN_POINT('',(0.0766251261358105,-0.16797326372327,-0.0176887384061286));
#1199=CARTESIAN_POINT('',(0.0766212241793817,-0.162822460726566,-0.0177782357482027));
#1200=CARTESIAN_POINT('',(0.0669051384862316,-0.208540826900259,-0.0217121242914732));
#1201=CARTESIAN_POINT('',(0.0685878862840476,-0.205099614948799,-0.0222877078526138));
#1202=CARTESIAN_POINT('',(0.0710553638505672,-0.198553615233085,-0.0231818285519545));
#1203=CARTESIAN_POINT('',(0.0734690262799802,-0.187954091465783,-0.0241524918911095));
#1204=CARTESIAN_POINT('',(0.0749902873400885,-0.176475126346187,-0.024856962608908));
#1205=CARTESIAN_POINT('',(0.0753502398610717,-0.167873610297311,-0.0251273446599079));
#1206=CARTESIAN_POINT('',(0.0753541841171284,-0.162830117390825,-0.0252138837068162));
#1207=CARTESIAN_POINT('',(0.065532376075426,-0.208504970689288,-0.0291250871891834));
#1208=CARTESIAN_POINT('',(0.0670765575294501,-0.205039093486962,-0.02983262779739));
#1209=CARTESIAN_POINT('',(0.0693452522103589,-0.19842553971927,-0.0309062964480891));
#1210=CARTESIAN_POINT('',(0.0715603274858542,-0.187735532157965,-0.0320104556817555));
#1211=CARTESIAN_POINT('',(0.0729528234458933,-0.176232990738766,-0.0327578738884529));
#1212=CARTESIAN_POINT('',(0.0732862273794175,-0.167739585846429,-0.0330002948744285));
#1213=CARTESIAN_POINT('',(0.0733006623094294,-0.162840136850018,-0.0330638069026552));
#1214=CARTESIAN_POINT('',(0.0633783152052992,-0.208464848180787,-0.0364796535043484));
#1215=CARTESIAN_POINT('',(0.0647725734418893,-0.204971563188333,-0.0373042704435627));
#1216=CARTESIAN_POINT('',(0.0668259678418812,-0.19828399845992,-0.0385298412324188));
#1217=CARTESIAN_POINT('',(0.0688251682211235,-0.187495881137838,-0.039726447619388));
#1218=CARTESIAN_POINT('',(0.0700766794338631,-0.175968552238943,-0.0404772581474969));
#1219=CARTESIAN_POINT('',(0.0703795484393316,-0.167593335777885,-0.0406684072776629));
#1220=CARTESIAN_POINT('',(0.0704040291751585,-0.162850619218508,-0.0406987755416184));
#1221=CARTESIAN_POINT('',(0.0606245575431948,-0.208429302398381,-0.0428100383444982));
#1222=CARTESIAN_POINT('',(0.0618897863462254,-0.204912215672146,-0.0437303933804071));
#1223=CARTESIAN_POINT('',(0.0637560703907575,-0.19816203820524,-0.0450802547080009));
#1224=CARTESIAN_POINT('',(0.0655631735019443,-0.18729253871402,-0.0463528572462481));
#1225=CARTESIAN_POINT('',(0.0666840674648782,-0.175745945543481,-0.0471071327926621));
#1226=CARTESIAN_POINT('',(0.0669515246141326,-0.167470492002304,-0.0472571260531045));
#1227=CARTESIAN_POINT('',(0.0669783614241838,-0.162858880627831,-0.0472609578233175));
#1228=CARTESIAN_POINT('',(0.0575810286120977,-0.208403882097025,-0.047807267045197));
#1229=CARTESIAN_POINT('',(0.0587496572163696,-0.204870429658881,-0.048805262253442));
#1230=CARTESIAN_POINT('',(0.0604727845549094,-0.198078797189643,-0.0502615836553106));
#1231=CARTESIAN_POINT('',(0.0621273411349238,-0.187157040491729,-0.0516148879963868));
#1232=CARTESIAN_POINT('',(0.0631390701532479,-0.175599472249928,-0.0523963536870375));
#1233=CARTESIAN_POINT('',(0.0633700433999146,-0.16739002162439,-0.0525298522954805));
#1234=CARTESIAN_POINT('',(0.0633921077171945,-0.162863894884605,-0.0525189431424848));
#1235=CARTESIAN_POINT('',(0.0545145021159453,-0.208387353410142,-0.0516678139304655));
#1236=CARTESIAN_POINT('',(0.0556179160545025,-0.204844668750714,-0.0527265515036936));
#1237=CARTESIAN_POINT('',(0.0572396006383596,-0.198031865649289,-0.0542737664214788));
#1238=CARTESIAN_POINT('',(0.0587755340121193,-0.187085861584718,-0.0557170210461965));
#1239=CARTESIAN_POINT('',(0.0596914435394872,-0.175525516592154,-0.0565555549780166));
#1240=CARTESIAN_POINT('',(0.059876923256457,-0.167350095260678,-0.0567033371715283));
#1241=CARTESIAN_POINT('',(0.059881748238184,-0.162866038340034,-0.0566938348418221));
#1242=CARTESIAN_POINT('',(0.0510643319371713,-0.208378389123648,-0.0550927043417439));
#1243=CARTESIAN_POINT('',(0.0521172795861647,-0.204832790210703,-0.0562081517741215));
#1244=CARTESIAN_POINT('',(0.053654142111755,-0.198016439083749,-0.0578493854489804));
#1245=CARTESIAN_POINT('',(0.0550807435006654,-0.187070237402324,-0.0594070793113538));
#1246=CARTESIAN_POINT('',(0.0559003892498514,-0.175514031664268,-0.0603374389746906));
#1247=CARTESIAN_POINT('',(0.0560324449265435,-0.167345148091816,-0.0605246601012523));
#1248=CARTESIAN_POINT('',(0.056012705505958,-0.162865965251382,-0.0605264348192542));
#1249=CARTESIAN_POINT('',(0.0464610610174109,-0.208372455500805,-0.0585901072910436));
#1250=CARTESIAN_POINT('',(0.0474434879269891,-0.204824549073357,-0.0597985216661668));
#1251=CARTESIAN_POINT('',(0.0488783050859222,-0.198004458026735,-0.0615805162294363));
#1252=CARTESIAN_POINT('',(0.0502098302260836,-0.187055934525558,-0.0632799142093626));
#1253=CARTESIAN_POINT('',(0.0509724076857854,-0.175501619273621,-0.0643011631158299));
#1254=CARTESIAN_POINT('',(0.0510899614620018,-0.167339247803416,-0.0645103560285343));
#1255=CARTESIAN_POINT('',(0.0510658396192004,-0.162866431873353,-0.0645123983031452));
#1256=CARTESIAN_POINT('',(0.0404590457070738,-0.208371747744725,-0.0618611753852272));
#1257=CARTESIAN_POINT('',(0.0413524412255069,-0.204823103620473,-0.0632009357358068));
#1258=CARTESIAN_POINT('',(0.0426688289107468,-0.198001942234146,-0.0651760768401288));
#1259=CARTESIAN_POINT('',(0.043918154501076,-0.187052979369316,-0.0670569817775615));
#1260=CARTESIAN_POINT('',(0.0446602476058787,-0.175499338956634,-0.0681834884993987));
#1261=CARTESIAN_POINT('',(0.0448000180046131,-0.16733844979482,-0.0684088621112413));
#1262=CARTESIAN_POINT('',(0.0447905922522052,-0.162866808812153,-0.06840630921023));
#1263=CARTESIAN_POINT('',(0.0332908266023443,-0.208376204300211,-0.0645247252669532));
#1264=CARTESIAN_POINT('',(0.0340743674069508,-0.204827844596706,-0.0660249793440553));
#1265=CARTESIAN_POINT('',(0.0352496335098497,-0.198006805625142,-0.0682324494993927));
#1266=CARTESIAN_POINT('',(0.0364165075979908,-0.187057219406238,-0.0703237346812365));
#1267=CARTESIAN_POINT('',(0.0371603941816537,-0.175502276674299,-0.0715655263785006));
#1268=CARTESIAN_POINT('',(0.037350933738609,-0.167339833501498,-0.0718034153322454));
#1269=CARTESIAN_POINT('',(0.0373729972303353,-0.162867025075455,-0.0717940121802717));
#1270=CARTESIAN_POINT('',(0.0254563850848969,-0.208383864650971,-0.0664145619663732));
#1271=CARTESIAN_POINT('',(0.0261090545979872,-0.204836465561746,-0.0680803007919474));
#1272=CARTESIAN_POINT('',(0.0271113289047587,-0.198016524269825,-0.070526713430761));
#1273=CARTESIAN_POINT('',(0.0281644166877213,-0.187066614405591,-0.0728339404070393));
#1274=CARTESIAN_POINT('',(0.028891472531468,-0.175509306642934,-0.0741947636004912));
#1275=CARTESIAN_POINT('',(0.0291307587545868,-0.167342975353498,-0.0744479439997763));
#1276=CARTESIAN_POINT('',(0.0291867955850523,-0.1628668936253,-0.0744343808244477));
#1277=CARTESIAN_POINT('',(0.014364096598391,-0.208395169373084,-0.067996937881448));
#1278=CARTESIAN_POINT('',(0.0148004783775598,-0.204849309864866,-0.0698640178424295));
#1279=CARTESIAN_POINT('',(0.0154981651112367,-0.198031136363361,-0.0726016362038446));
#1280=CARTESIAN_POINT('',(0.0162990627801347,-0.187080759336954,-0.0751744121899776));
#1281=CARTESIAN_POINT('',(0.0169144554867935,-0.175519799683048,-0.0766852598641715));
#1282=CARTESIAN_POINT('',(0.0171730940310586,-0.167347475512999,-0.0769632669335129));
#1283=CARTESIAN_POINT('',(0.0172579851582727,-0.162866384227945,-0.07694939218221));
#1284=CARTESIAN_POINT('',(0.00564411517625108,-0.208401329628946,-0.0682868809650853));
#1285=CARTESIAN_POINT('',(0.00585102150502142,-0.20485631332263,-0.0702481338823791));
#1286=CARTESIAN_POINT('',(0.00619327403279824,-0.198039084840312,-0.0731230343795455));
#1287=CARTESIAN_POINT('',(0.00661388445414224,-0.18708840987299,-0.0758245868500187));
#1288=CARTESIAN_POINT('',(0.0069609881729299,-0.17552541355061,-0.0774127696753787));
#1289=CARTESIAN_POINT('',(0.00712690210352836,-0.167349770054113,-0.0777095247265824));
#1290=CARTESIAN_POINT('',(0.00718875854333871,-0.162865900953037,-0.0777002332469084));
#1291=CARTESIAN_POINT('',(-2.59325929430558E-10,-0.208401327119155,-0.0682829356122888));
#1292=CARTESIAN_POINT('',(-2.8818014854076E-10,-0.204856288249648,-0.0702445837638787));
#1293=CARTESIAN_POINT('',(-1.03543693474408E-10,-0.198039026111431,-0.0731201438035491));
#1294=CARTESIAN_POINT('',(2.71159487332661E-10,-0.187088330186408,-0.0758225580812675));
#1295=CARTESIAN_POINT('',(5.06083876262311E-10,-0.175525342213426,-0.0774115299169942));
#1296=CARTESIAN_POINT('',(4.0955616831845E-10,-0.1673497338098,-0.0777087701046578));
#1297=CARTESIAN_POINT('',(2.14354694591408E-10,-0.162865897451541,-0.0776997312623158));
#1298=CARTESIAN_POINT('',(0.0695490241085602,-0.205284869407291,0.0109282414958402));
#1299=CARTESIAN_POINT('',(0.0695490241085602,-0.205660021563154,0.00825408152827486));
#1300=CARTESIAN_POINT('',(0.0694721517784678,-0.20620155570906,0.00289751505083287));
#1301=CARTESIAN_POINT('',(0.0689526231300601,-0.207113213915383,-0.00779779236452851));
#1302=CARTESIAN_POINT('',(0.0678038436111418,-0.20793999087209,-0.018423196479467));
#1303=CARTESIAN_POINT('',(0.0656727207742186,-0.208275833572654,-0.0290442122616728));
#1304=CARTESIAN_POINT('',(0.0638390679410678,-0.208101865721304,-0.0355293663620782));
#1305=CARTESIAN_POINT('',(0.0620080973971646,-0.207607781797637,-0.0405585390185036));
#1306=CARTESIAN_POINT('',(0.0604175489391938,-0.207024878947671,-0.0442625582764423));
#1307=CARTESIAN_POINT('',(0.0586138106243969,-0.206213561967659,-0.0478126770457547));
#1308=CARTESIAN_POINT('',(0.0559444416002262,-0.204869750916244,-0.0522459575277307));
#1309=CARTESIAN_POINT('',(0.05284898813019,-0.203120094413981,-0.0562390709189239));
#1310=CARTESIAN_POINT('',(0.0491604034050841,-0.201272582980614,-0.0598101665354765));
#1311=CARTESIAN_POINT('',(0.0461353088532065,-0.20006810715345,-0.0621967224913295));
#1312=CARTESIAN_POINT('',(0.042752710245395,-0.199192799199987,-0.064327596485292));
#1313=CARTESIAN_POINT('',(0.0391154826602297,-0.198825817287231,-0.066099443458513));
#1314=CARTESIAN_POINT('',(0.035342686582936,-0.198977774251651,-0.0674851079930348));
#1315=CARTESIAN_POINT('',(0.0301145173120017,-0.199768126745101,-0.0688691637140321));
#1316=CARTESIAN_POINT('',(0.0236990174720655,-0.201416248775017,-0.0697626466590632));
#1317=CARTESIAN_POINT('',(0.0159143099982381,-0.203576465778468,-0.0700054320110306));
#1318=CARTESIAN_POINT('',(0.00804118911918864,-0.205379938858603,-0.0697475613741849));
#1319=CARTESIAN_POINT('',(0.00271922637268386,-0.206058050990109,-0.0695070123897124));
#1320=CARTESIAN_POINT('',(1.06551755847067E-9,-0.206058037427867,-0.0695070123897124));
#1321=CARTESIAN_POINT('',(0.0695490241085602,-0.205284869407291,0.0109282414958402));
#1322=CARTESIAN_POINT('',(1.06551758264988E-9,-0.206058037427867,-0.0695070123897124));
#1323=CARTESIAN_POINT('',(0.0772856805009966,-0.162866783381926,0.0109282414958403));
#1324=CARTESIAN_POINT('',(0.0772890193735055,-0.17012363664621,0.0109282414958403));
#1325=CARTESIAN_POINT('',(0.0766264417917383,-0.181009451063369,0.0109282414958403));
#1326=CARTESIAN_POINT('',(0.0735457242060539,-0.195208876172752,0.0109282414958402));
#1327=CARTESIAN_POINT('',(0.0710713382086285,-0.202013850360418,0.0109282414958402));
#1328=CARTESIAN_POINT('',(0.0695490241085601,-0.205284869407292,0.0109282414958402));
#1329=CARTESIAN_POINT('',(0.07728540979451,-0.162866783541243,0.0109321739380315));
#1330=CARTESIAN_POINT('',(0.0582661458076717,-0.162866302748423,-0.0582663103147326));
#1331=CARTESIAN_POINT('',(0.060418007578501,-0.162866540065751,-0.0561149569518104));
#1332=CARTESIAN_POINT('',(0.0643219575544768,-0.162867305391973,-0.0514997639959775));
#1333=CARTESIAN_POINT('',(0.0690595252794035,-0.162868161141799,-0.0436644966980848));
#1334=CARTESIAN_POINT('',(0.0726875054654687,-0.162868285809673,-0.0350412617728468));
#1335=CARTESIAN_POINT('',(0.0760396386487385,-0.162867671587346,-0.0230997846846135));
#1336=CARTESIAN_POINT('',(0.0775495683212295,-0.162866667710007,-0.0107468668696781));
#1337=CARTESIAN_POINT('',(0.0777841966715327,-0.162866458315102,0.00164778072243005));
#1338=CARTESIAN_POINT('',(0.0775288918021071,-0.162866644731379,0.00784371984322171));
#1339=CARTESIAN_POINT('',(0.0772855271137225,-0.162866783489336,0.0109321831825515));
#1340=CARTESIAN_POINT('',(0.0582661458076791,-0.162866302752948,-0.0582663103147405));
#1341=CARTESIAN_POINT('',(2.14372688253609E-10,-0.162866298337252,-0.0776997233670649));
#1342=CARTESIAN_POINT('',(0.00525284759253913,-0.162866298567664,-0.0776997237001899));
#1343=CARTESIAN_POINT('',(0.0157693020740878,-0.1628665303632,-0.0771718264618764));
#1344=CARTESIAN_POINT('',(0.0313051622378719,-0.162866865570258,-0.0742113736890581));
#1345=CARTESIAN_POINT('',(0.0460337324477252,-0.162866370922688,-0.0683112485340301));
#1346=CARTESIAN_POINT('',(0.0545522114881148,-0.162865893148735,-0.0619793671787555));
#1347=CARTESIAN_POINT('',(0.0582661458076753,-0.162866302748431,-0.0582663103147363));
#1348=CARTESIAN_POINT('',(2.1437269196742E-10,-0.162866298337253,-0.0776997233670684));
#1349=CARTESIAN_POINT('',(4.78644526696422E-10,-0.162866298321899,-0.0776997319775834));
#1350=CARTESIAN_POINT('',(4.8294012241873E-10,-0.16296627769668,-0.0776999102507814));
#1351=CARTESIAN_POINT('',(4.87166551289446E-10,-0.163066401569872,-0.0776999999999429));
#1352=CARTESIAN_POINT('',(4.91324372522635E-10,-0.163166666566082,-0.0777000000000029));
#1353=CARTESIAN_POINT('',(8.43012613138605E-10,-0.163167118593942,-0.0776999999975708));
#1354=CARTESIAN_POINT('',(1.57624185915595E-9,-0.206058037428573,-0.0695070123893654));
#1355=CARTESIAN_POINT('',(1.64797987716624E-9,-0.203086562937475,-0.0709735033878677));
#1356=CARTESIAN_POINT('',(1.93050412775472E-9,-0.196624445061998,-0.0735297783029307));
#1357=CARTESIAN_POINT('',(2.60535041190338E-9,-0.182137189453523,-0.0769713376917013));
#1358=CARTESIAN_POINT('',(2.78129352244084E-9,-0.170340135765039,-0.0777000000042892));
#1359=CARTESIAN_POINT('',(2.5123225814242E-9,-0.163166666566081,-0.0777000000000029));
#1360=CARTESIAN_POINT('',(-0.0770852172331731,-0.1628666666667,0.0109282414958402));
#1361=CARTESIAN_POINT('',(0.0857967376751372,-0.105849731962982,0.0109282414958402));
#1362=CARTESIAN_POINT('',(0.0857967376751372,-0.103349731962982,0.0109282414958402));
#1363=CARTESIAN_POINT('',(0.088598967190758,-0.155177099625584,0.0109282414958402));
#1364=CARTESIAN_POINT('',(0.088598967190758,-0.152677099625584,0.0109282414958402));
#1365=CARTESIAN_POINT('',(0.079505300644854,-0.200098352673512,0.0109282414958402));
#1366=CARTESIAN_POINT('',(0.079505300644854,-0.197598352673512,0.0109282414958402));
#1367=CARTESIAN_POINT('',(0.0881608751406652,-0.121899813911979,0.0109282414958402));
#1368=CARTESIAN_POINT('',(0.0881608751406652,-0.123599813911979,0.0109282414958402));
#1369=CARTESIAN_POINT('',(0.0839264170523011,-0.184734421000928,0.0109282414958402));
#1370=CARTESIAN_POINT('',(0.0839264170523011,-0.186434421000928,0.0109282414958402));
#1371=CARTESIAN_POINT('',(0.0965878889970968,-0.0990011013722424,0.0109282414958402));
#1372=CARTESIAN_POINT('',(0.0985406372250573,-0.110529427445586,0.0109282414958402));
#1373=CARTESIAN_POINT('',(0.099401073361348,-0.122206233423723,0.0109282414958402));
#1374=CARTESIAN_POINT('',(0.099401073361348,-0.134,0.0109282414958402));
#1375=CARTESIAN_POINT('',(0.0965878889970968,-0.0990011013722424,0.0109282414958402));
#1376=CARTESIAN_POINT('',(0.0994010741280425,-0.134,0.0109282414958402));
#1377=CARTESIAN_POINT('',(0.0965878889970967,-0.0990011013722424,0.0109282414958402));
#1378=CARTESIAN_POINT('',(0.0963909399014478,-0.0978383844577005,0.0109282414958402));
#1379=CARTESIAN_POINT('',(0.0951505542544832,-0.0957001650224394,0.0109282414958402));
#1380=CARTESIAN_POINT('',(0.0928297245259726,-0.0948522353179219,0.0109282414958402));
#1381=CARTESIAN_POINT('',(0.0916506506223771,-0.0948522353179228,0.0109282414958402));
#1382=CARTESIAN_POINT('',(0.0916506506223771,-0.0948522353179228,0.0109282414958402));
#1383=CARTESIAN_POINT('',(0.0772823361351474,-0.0948522353179228,0.0109282414958402));
#1384=CARTESIAN_POINT('',(0.0708396120642465,-0.0948522353179234,0.0109282414958543));
#1385=CARTESIAN_POINT('',(0.0708396120642474,-0.0948522353179233,0.0109282414958402));
#1386=CARTESIAN_POINT('',(0.0732444741309919,-0.106456043921602,0.0109282414958402));
#1387=CARTESIAN_POINT('',(0.0748881301243555,-0.118185342622966,0.0109282414958402));
#1388=CARTESIAN_POINT('',(0.0759168350014266,-0.129992033227152,0.0109282414958402));
#1389=CARTESIAN_POINT('',(0.0759168392036215,-0.129992033767665,0.0109281836895426));
#1390=CARTESIAN_POINT('',(0.0759174809187519,-0.129999447577938,0.0109282414958402));
#1391=CARTESIAN_POINT('',(0.0759172684144229,-0.129996976487818,0.0109282414958402));
#1392=CARTESIAN_POINT('',(0.0759170559100939,-0.129994505397697,0.0109282414958402));
#1393=CARTESIAN_POINT('',(0.0759168434057649,-0.129992034307577,0.0109282414958402));
#1394=CARTESIAN_POINT('',(0.0759174767182822,-0.129999447038574,0.0109282992776226));
#1395=CARTESIAN_POINT('',(0.0759174809187192,-0.129999447577556,0.0109282414958402));
#1396=CARTESIAN_POINT('',(0.0768688606044484,-0.140921431206644,0.0109282414958402));
#1397=CARTESIAN_POINT('',(0.0772922656247154,-0.151879442071192,0.0109282414958402));
#1398=CARTESIAN_POINT('',(0.0772858376479146,-0.162866783310106,0.0109282414958402));
#1399=CARTESIAN_POINT('',(0.0695490241085602,-0.189,0.0109282414958402));
#1400=CARTESIAN_POINT('',(0.0994010733617098,-0.134,0.0109282414941949));
#1401=CARTESIAN_POINT('',(0.0994010733617098,-0.141035397519779,0.0109282414941949));
#1402=CARTESIAN_POINT('',(0.0989254507378051,-0.151517906070754,0.0109282414962112));
#1403=CARTESIAN_POINT('',(0.0972673112608641,-0.165339672530554,0.0109282414957703));
#1404=CARTESIAN_POINT('',(0.0954463199240808,-0.175624507869205,0.0109282414958591));
#1405=CARTESIAN_POINT('',(0.0929558034079497,-0.185791134884566,0.0109282414958351));
#1406=CARTESIAN_POINT('',(0.0895799677722336,-0.19589337966981,0.0109282414958417));
#1407=CARTESIAN_POINT('',(0.0851582188179758,-0.205452131053851,0.0109282414958399));
#1408=CARTESIAN_POINT('',(0.0812553048325601,-0.211297927024335,0.0109282414958402));
#1409=CARTESIAN_POINT('',(0.0788981907217026,-0.214,0.0109282414958402));
#1410=CARTESIAN_POINT('',(-0.0919247588577226,-0.0948522353179234,0.0109282414958543));
#1411=CARTESIAN_POINT('',(-0.0707138557215401,-0.0948522353179234,0.0109282414958543));
#1412=CARTESIAN_POINT('',(-0.0919247588577226,-0.0948356674548762,0.010523319665328));
#1413=CARTESIAN_POINT('',(-0.0707138557215401,-0.0948356674548762,0.010523319665328));
#1414=CARTESIAN_POINT('',(-0.0919247588577226,-0.0948053290212473,0.0101092393814271));
#1415=CARTESIAN_POINT('',(-0.0707138557215401,-0.0948053290212473,0.0101092393814271));
#1416=CARTESIAN_POINT('',(-0.0919247588577226,-0.094765005598095,0.00971656921436744));
#1417=CARTESIAN_POINT('',(-0.0707138557215401,-0.094765005598095,0.00971656921436744));
#1418=CARTESIAN_POINT('',(-0.15,-0.0947650056340857,0.00971656921067154));
#1419=CARTESIAN_POINT('',(-0.0917990025150179,-0.0947650056340857,0.00971656921067154));
#1420=CARTESIAN_POINT('',(-0.0708902271129399,-0.0947650056340857,0.00971656921067153));
#1421=CARTESIAN_POINT('',(-0.0917990019141193,-0.0947650056653163,0.00971656986896948));
#1422=CARTESIAN_POINT('',(-0.0917567024439436,-0.0948064531585226,0.0101201925036052));
#1423=CARTESIAN_POINT('',(-0.0917073294176838,-0.0948357088951758,0.0105243324744064));
#1424=CARTESIAN_POINT('',(-0.091650650622377,-0.0948522353179228,0.0109282414958402));
#1425=CARTESIAN_POINT('',(-0.091650650622377,-0.0948522353179228,0.0109282414958402));
#1426=CARTESIAN_POINT('',(-0.0772823361351471,-0.0948522353179228,0.0109282414958402));
#1427=CARTESIAN_POINT('',(-0.0708396120642459,-0.0948522353179228,0.0109282414958402));
#1428=CARTESIAN_POINT('',(-0.070887401541271,-0.0947738162794721,0.00980424477730425));
#1429=CARTESIAN_POINT('',(-0.0708750348322959,-0.0948107323621534,0.010179821239948));
#1430=CARTESIAN_POINT('',(-0.070859121772163,-0.0948369429182298,0.0105544922404792));
#1431=CARTESIAN_POINT('',(-0.0708396120642447,-0.0948522353179234,0.0109282414958543));
#1432=CARTESIAN_POINT('',(-0.0708874014912643,-0.0947738140124237,0.00980423501205457));
#1433=CARTESIAN_POINT('',(-0.0708902270846095,-0.0947650056653163,0.00971656986896948));
#1434=CARTESIAN_POINT('',(-0.0708893059040437,-0.0947680056135407,0.00974578341480347));
#1435=CARTESIAN_POINT('',(-0.0708883642004648,-0.0947709419171894,0.00977500190970628));
#1436=CARTESIAN_POINT('',(-0.0708874019812578,-0.0947738143720974,0.009804225372172));
#1437=CARTESIAN_POINT('',(0.0991158791622852,-0.134,0.0132680930647747));
#1438=CARTESIAN_POINT('',(0.0991158791622852,-0.0900434966096308,0.0132680930647747));
#1439=CARTESIAN_POINT('',(0.0867003028037811,-0.0468818744998056,0.011463944690274));
#1440=CARTESIAN_POINT('',(0.0619866069449232,-0.0441381763565203,0.0082840228236167));
#1441=CARTESIAN_POINT('',(0.0992702239978384,-0.134,0.0121150921469458));
#1442=CARTESIAN_POINT('',(0.0992702239978384,-0.0900434966096308,0.0121150921469458));
#1443=CARTESIAN_POINT('',(0.0868418442990145,-0.0468818744998056,0.0104674166034892));
#1444=CARTESIAN_POINT('',(0.0620837665869088,-0.0441381763565203,0.00756410909858471));
#1445=CARTESIAN_POINT('',(0.0994044507358541,-0.134,0.0109593981300356));
#1446=CARTESIAN_POINT('',(0.0994044507358541,-0.0900434966096308,0.0109593981300356));
#1447=CARTESIAN_POINT('',(0.0869651624835855,-0.0468818744998056,0.00946868205972769));
#1448=CARTESIAN_POINT('',(0.0621682838464815,-0.0441381763565203,0.00684252559581717));
#1449=CARTESIAN_POINT('',(0.0996788528380453,-0.134,0.00817334683176952));
#1450=CARTESIAN_POINT('',(0.0996788528380453,-0.0900434966096308,0.00817334683176952));
#1451=CARTESIAN_POINT('',(0.0872176209498437,-0.0468818744998056,0.0070612321281365));
#1452=CARTESIAN_POINT('',(0.0623410985816662,-0.0441381763565203,0.00510301291339682));
#1453=CARTESIAN_POINT('',(0.0997992588261445,-0.134,0.00654104267631101));
#1454=CARTESIAN_POINT('',(0.0997992588261445,-0.0900434966096308,0.00654104267631101));
#1455=CARTESIAN_POINT('',(0.0873287436252297,-0.0468818744998056,0.00565092222073065));
#1456=CARTESIAN_POINT('',(0.0624169621333616,-0.0441381763565203,0.00408387668490505));
#1457=CARTESIAN_POINT('',(0.09995983241489,-0.134,0.00327249218917242));
#1458=CARTESIAN_POINT('',(0.09995983241489,-0.0900434966096308,0.00327249218917242));
#1459=CARTESIAN_POINT('',(0.0874771813942152,-0.0468818744998056,0.00282707477669202));
#1460=CARTESIAN_POINT('',(0.0625181575643453,-0.0441381763565203,0.00204316020924416));
#1461=CARTESIAN_POINT('',(0.1,-0.134,0.00163624617374468));
#1462=CARTESIAN_POINT('',(0.1,-0.0900434966096308,0.00163624617374469));
#1463=CARTESIAN_POINT('',(0.0875144964780976,-0.0468818744998056,0.00141353743785448));
#1464=CARTESIAN_POINT('',(0.0625434894342927,-0.0441381763565203,0.00102158015221423));
#1465=CARTESIAN_POINT('',(0.1,-0.134,0.));
#1466=CARTESIAN_POINT('',(0.1,-0.0900434966096308,4.9310771061314E-18));
#1467=CARTESIAN_POINT('',(0.0875144964780976,-0.0468818744998056,3.16143324096689E-18));
#1468=CARTESIAN_POINT('',(0.0625434894342927,-0.0441381763565203,2.9104376535185E-19));
#1469=CARTESIAN_POINT('',(0.1,-0.134,-0.00163624617374468));
#1470=CARTESIAN_POINT('',(0.1,-0.0900434966096308,-0.00163624617374468));
#1471=CARTESIAN_POINT('',(0.0875144964780976,-0.0468818744998056,-0.00141353743785447));
#1472=CARTESIAN_POINT('',(0.0625434894342927,-0.0441381763565203,-0.00102158015221423));
#1473=CARTESIAN_POINT('',(0.09995983241489,-0.134,-0.00327249218917252));
#1474=CARTESIAN_POINT('',(0.09995983241489,-0.0900434966096308,-0.00327249218917252));
#1475=CARTESIAN_POINT('',(0.0874771813942152,-0.0468818744998056,-0.00282707477669206));
#1476=CARTESIAN_POINT('',(0.0625181575643453,-0.0441381763565203,-0.00204316020924421));
#1477=CARTESIAN_POINT('',(0.0997992588261445,-0.134,-0.00654104267631109));
#1478=CARTESIAN_POINT('',(0.0997992588261445,-0.0900434966096308,-0.00654104267631109));
#1479=CARTESIAN_POINT('',(0.0873287436252297,-0.0468818744998056,-0.00565092222073069));
#1480=CARTESIAN_POINT('',(0.0624169621333616,-0.0441381763565203,-0.00408387668490509));
#1481=CARTESIAN_POINT('',(0.0996788528380453,-0.134,-0.00817334683176953));
#1482=CARTESIAN_POINT('',(0.0996788528380453,-0.0900434966096308,-0.00817334683176953));
#1483=CARTESIAN_POINT('',(0.0872176209498437,-0.0468818744998056,-0.0070612321281365));
#1484=CARTESIAN_POINT('',(0.0623410985816662,-0.0441381763565203,-0.00510301291339682));
#1485=CARTESIAN_POINT('',(0.0993580924963941,-0.134,-0.0114300812341426));
#1486=CARTESIAN_POINT('',(0.0993580924963941,-0.0900434966096308,-0.0114300812341426));
#1487=CARTESIAN_POINT('',(0.0869225114618221,-0.0468818744998056,-0.00987540321647328));
#1488=CARTESIAN_POINT('',(0.0621390880538402,-0.0441381763565203,-0.00713640361217119));
#1489=CARTESIAN_POINT('',(0.0991577381738774,-0.134,-0.0130545111659482));
#1490=CARTESIAN_POINT('',(0.0991577381738774,-0.0900434966096308,-0.0130545111659482));
#1491=CARTESIAN_POINT('',(0.0867385246685971,-0.0468818744998056,-0.0112792642003241));
#1492=CARTESIAN_POINT('',(0.0620129410963689,-0.0441381763565203,-0.00815065789300205));
#1493=CARTESIAN_POINT('',(0.0986775638190788,-0.134,-0.0162915837251242));
#1494=CARTESIAN_POINT('',(0.0986775638190788,-0.0900434966096308,-0.0162915837251242));
#1495=CARTESIAN_POINT('',(0.0862987508692651,-0.0468818744998056,-0.0140773278125467));
#1496=CARTESIAN_POINT('',(0.061710727821378,-0.0441381763565203,-0.0101718579812651));
#1497=CARTESIAN_POINT('',(0.0983977438332566,-0.134,-0.017904226039288));
#1498=CARTESIAN_POINT('',(0.0983977438332566,-0.0900434966096308,-0.017904226039288));
#1499=CARTESIAN_POINT('',(0.0860429638922154,-0.0468818744998056,-0.0154715302450282));
#1500=CARTESIAN_POINT('',(0.0615346615317911,-0.0441381763565203,-0.0111788036003893));
#1501=CARTESIAN_POINT('',(0.0977593122473895,-0.134,-0.0211138383639377));
#1502=CARTESIAN_POINT('',(0.0977593122473895,-0.0900434966096308,-0.0211138383639377));
#1503=CARTESIAN_POINT('',(0.0854607733827669,-0.0468818744998056,-0.0182470848857631));
#1504=CARTESIAN_POINT('',(0.0611330887556072,-0.0441381763565203,-0.0131829767228579));
#1505=CARTESIAN_POINT('',(0.0974007007091169,-0.134,-0.022710808063874));
#1506=CARTESIAN_POINT('',(0.0974007007091169,-0.0900434966096308,-0.022710808063874));
#1507=CARTESIAN_POINT('',(0.0851343698890024,-0.0468818744998056,-0.0196284368997879));
#1508=CARTESIAN_POINT('',(0.0609075823061492,-0.0441381763565203,-0.0141802040394918));
#1509=CARTESIAN_POINT('',(0.0966055499297919,-0.134,-0.0258852279167787));
#1510=CARTESIAN_POINT('',(0.0966055499297919,-0.0900434966096308,-0.0258852279167787));
#1511=CARTESIAN_POINT('',(0.0844122487211444,-0.0468818744998056,-0.0223751224487504));
#1512=CARTESIAN_POINT('',(0.0604077224955485,-0.0441381763565203,-0.0161625536144654));
#1513=CARTESIAN_POINT('',(0.0961690107656752,-0.134,-0.0274626777626025));
#1514=CARTESIAN_POINT('',(0.0961690107656752,-0.0900434966096308,-0.0274626777626025));
#1515=CARTESIAN_POINT('',(0.0840165310951691,-0.0468818744998056,-0.023740455791589));
#1516=CARTESIAN_POINT('',(0.0601333691806615,-0.0441381763565203,-0.0171476756881417));
#1517=CARTESIAN_POINT('',(0.0952190563807666,-0.134,-0.03059425768829));
#1518=CARTESIAN_POINT('',(0.0952190563807666,-0.0900434966096308,-0.03059425768829));
#1519=CARTESIAN_POINT('',(0.0831572014537181,-0.0468818744998056,-0.0264519651539573));
#1520=CARTESIAN_POINT('',(0.0595365217955202,-0.0441381763565203,-0.019103456106925));
#1521=CARTESIAN_POINT('',(0.0947056412518885,-0.134,-0.0321483874651542));
#1522=CARTESIAN_POINT('',(0.0947056412518885,-0.0900434966096308,-0.0321483874651542));
#1523=CARTESIAN_POINT('',(0.0826935894957286,-0.0468818744998056,-0.0277981409839803));
#1524=CARTESIAN_POINT('',(0.059214027780527,-0.0441381763565203,-0.0200741142698605));
#1525=CARTESIAN_POINT('',(0.0936031717847157,-0.134,-0.0352295832132897));
#1526=CARTESIAN_POINT('',(0.0936031717847157,-0.0900434966096308,-0.0352295832132897));
#1527=CARTESIAN_POINT('',(0.0817000068123415,-0.0468818744998056,-0.0304682316130265));
#1528=CARTESIAN_POINT('',(0.0585217164992718,-0.0441381763565203,-0.0219986419733875));
#1529=CARTESIAN_POINT('',(0.0930141175530916,-0.134,-0.0367566488864364));
#1530=CARTESIAN_POINT('',(0.0930141175530916,-0.0900434966096308,-0.0367566488864364));
#1531=CARTESIAN_POINT('',(0.0811700361536598,-0.0468818744998056,-0.0317921462255923));
#1532=CARTESIAN_POINT('',(0.058151899297143,-0.0441381763565203,-0.0229525113347386));
#1533=CARTESIAN_POINT('',(0.0917617889491658,-0.134,-0.0397800375865816));
#1534=CARTESIAN_POINT('',(0.0917617889491658,-0.0900434966096308,-0.0397800375865816));
#1535=CARTESIAN_POINT('',(0.0800453856586538,-0.0468818744998056,-0.0344146514898116));
#1536=CARTESIAN_POINT('',(0.057365868702039,-0.0441381763565203,-0.0248411757407144));
#1537=CARTESIAN_POINT('',(0.0910985146980347,-0.134,-0.0412763603210488));
#1538=CARTESIAN_POINT('',(0.0910985146980347,-0.0900434966096308,-0.0412763603210488));
#1539=CARTESIAN_POINT('',(0.079450705898114,-0.0468818744998056,-0.0357132419585061));
#1540=CARTESIAN_POINT('',(0.0569496553819144,-0.0441381763565203,-0.0257759706094615));
#1541=CARTESIAN_POINT('',(0.089699343926654,-0.134,-0.0442346583650076));
#1542=CARTESIAN_POINT('',(0.089699343926654,-0.0900434966096308,-0.0442346583650076));
#1543=CARTESIAN_POINT('',(0.0781983986186797,-0.0468818744998056,-0.0382820823258594));
#1544=CARTESIAN_POINT('',(0.0560718671121759,-0.0441381763565203,-0.0276242448636958));
#1545=CARTESIAN_POINT('',(0.0889634475417828,-0.134,-0.0456966333882657));
#1546=CARTESIAN_POINT('',(0.0889634475417828,-0.0900434966096308,-0.0456966333882657));
#1547=CARTESIAN_POINT('',(0.0775407711844558,-0.0468818744998056,-0.0395523320454978));
#1548=CARTESIAN_POINT('',(0.0556102922439549,-0.0441381763565203,-0.0285377240770919));
#1549=CARTESIAN_POINT('',(0.0874208053278883,-0.134,-0.0485827139769338));
#1550=CARTESIAN_POINT('',(0.0874208053278883,-0.0900434966096308,-0.0485827139769338));
#1551=CARTESIAN_POINT('',(0.0761644393989073,-0.0468818744998056,-0.0420615260578237));
#1552=CARTESIAN_POINT('',(0.0546429206259477,-0.0441381763565203,-0.0303411756031248));
#1553=CARTESIAN_POINT('',(0.086614059648125,-0.134,-0.0500068192630979));
#1554=CARTESIAN_POINT('',(0.086614059648125,-0.0900434966096308,-0.0500068192630979));
#1555=CARTESIAN_POINT('',(0.0754457351409353,-0.0468818744998056,-0.0433004701758608));
#1556=CARTESIAN_POINT('',(0.0541371239659008,-0.0441381763565203,-0.0312311477478715));
#1557=CARTESIAN_POINT('',(0.0849316623519294,-0.134,-0.0528137295755465));
#1558=CARTESIAN_POINT('',(0.0849316623519294,-0.0900434966096308,-0.0528137295755465));
#1559=CARTESIAN_POINT('',(0.0739492272999462,-0.0468818744998056,-0.0457441451870194));
#1560=CARTESIAN_POINT('',(0.0530825511309627,-0.0441381763565203,-0.0329854485694754));
#1561=CARTESIAN_POINT('',(0.0840560108982793,-0.134,-0.0541965343302452));
#1562=CARTESIAN_POINT('',(0.0840560108982793,-0.0900434966096308,-0.0541965343302452));
#1563=CARTESIAN_POINT('',(0.073171423818739,-0.0468818744998056,-0.0469488759102817));
#1564=CARTESIAN_POINT('',(0.0525337750539406,-0.0441381763565203,-0.0338497770830481));
#1565=CARTESIAN_POINT('',(0.0822379115622298,-0.134,-0.0569175122736752));
#1566=CARTESIAN_POINT('',(0.0822379115622298,-0.0900434966096308,-0.0569175122736752));
#1567=CARTESIAN_POINT('',(0.0715587989458006,-0.0468818744998056,-0.0493212785621612));
#1568=CARTESIAN_POINT('',(0.0513945855555804,-0.0441381763565203,-0.0355507138947391));
#1569=CARTESIAN_POINT('',(0.0812954638557426,-0.134,-0.0582556851991352));
#1570=CARTESIAN_POINT('',(0.0812954638557426,-0.0900434966096308,-0.0582556851991352));
#1571=CARTESIAN_POINT('',(0.0707239776640913,-0.0468818744998056,-0.0504889503261194));
#1572=CARTESIAN_POINT('',(0.0508041722400053,-0.0441381763565203,-0.0363873220345719));
#1573=CARTESIAN_POINT('',(0.0793460424403864,-0.134,-0.0608841756993514));
#1574=CARTESIAN_POINT('',(0.0793460424403864,-0.0900434966096308,-0.0608841756993514));
#1575=CARTESIAN_POINT('',(0.0689994992486825,-0.0468818744998056,-0.0527844567372664));
#1576=CARTESIAN_POINT('',(0.0495831471834497,-0.0441381763565203,-0.038030805995869));
#1577=CARTESIAN_POINT('',(0.0783390689201358,-0.134,-0.0621744930197851));
#1578=CARTESIAN_POINT('',(0.0783390689201358,-0.0900434966096308,-0.0621744930197851));
#1579=CARTESIAN_POINT('',(0.0681098422329516,-0.0468818744998056,-0.0539122912253932));
#1580=CARTESIAN_POINT('',(0.0489525355558716,-0.0441381763565203,-0.038837681664428));
#1581=CARTESIAN_POINT('',(0.0762630217524116,-0.134,-0.064704163812944));
#1582=CARTESIAN_POINT('',(0.0762630217524116,-0.0900434966096308,-0.064704163812944));
#1583=CARTESIAN_POINT('',(0.0662779716311316,-0.0468818744998056,-0.0561254168677232));
#1584=CARTESIAN_POINT('',(0.0476526462541025,-0.0441381763565203,-0.0404197578942652));
#1585=CARTESIAN_POINT('',(0.0751939483058083,-0.134,-0.065943517040908));
#1586=CARTESIAN_POINT('',(0.0751939483058083,-0.0900434966096308,-0.065943517040908));
#1587=CARTESIAN_POINT('',(0.0653357581706739,-0.0468818744998056,-0.0572107078688443));
#1588=CARTESIAN_POINT('',(0.04698336870068,-0.0441381763565203,-0.0411949583083865));
#1589=CARTESIAN_POINT('',(0.0729962767651835,-0.134,-0.0683682739284957));
#1590=CARTESIAN_POINT('',(0.0729962767651835,-0.0900434966096308,-0.0683682739284957));
#1591=CARTESIAN_POINT('',(0.0634011475289981,-0.0468818744998056,-0.0593361171086371));
#1592=CARTESIAN_POINT('',(0.0456077698722433,-0.0441381763565203,-0.0427118150568049));
#1593=CARTESIAN_POINT('',(0.0718676788838002,-0.134,-0.0695536773535093));
#1594=CARTESIAN_POINT('',(0.0718676788838002,-0.0900434966096308,-0.0695536773535093));
#1595=CARTESIAN_POINT('',(0.0624087504807715,-0.0468818744998056,-0.0603762352005754));
#1596=CARTESIAN_POINT('',(0.0449014487250728,-0.0441381763565203,-0.0434534712500481));
#1597=CARTESIAN_POINT('',(0.0695536773535094,-0.134,-0.0718676788838002));
#1598=CARTESIAN_POINT('',(0.0695536773535094,-0.0900434966096308,-0.0718676788838002));
#1599=CARTESIAN_POINT('',(0.0603762352005755,-0.0468818744998056,-0.0624087504807714));
#1600=CARTESIAN_POINT('',(0.0434534712500482,-0.0441381763565203,-0.0449014487250728));
#1601=CARTESIAN_POINT('',(0.0683682739284957,-0.134,-0.0729962767651835));
#1602=CARTESIAN_POINT('',(0.0683682739284957,-0.0900434966096308,-0.0729962767651835));
#1603=CARTESIAN_POINT('',(0.0593361171086371,-0.0468818744998056,-0.0634011475289981));
#1604=CARTESIAN_POINT('',(0.0427118150568049,-0.0441381763565203,-0.0456077698722433));
#1605=CARTESIAN_POINT('',(0.065943517040908,-0.134,-0.0751939483058083));
#1606=CARTESIAN_POINT('',(0.065943517040908,-0.0900434966096308,-0.0751939483058083));
#1607=CARTESIAN_POINT('',(0.0572107078688443,-0.0468818744998056,-0.0653357581706739));
#1608=CARTESIAN_POINT('',(0.0411949583083866,-0.0441381763565203,-0.04698336870068));
#1609=CARTESIAN_POINT('',(0.064704163812944,-0.134,-0.0762630217524116));
#1610=CARTESIAN_POINT('',(0.064704163812944,-0.0900434966096308,-0.0762630217524116));
#1611=CARTESIAN_POINT('',(0.0561254168677232,-0.0468818744998056,-0.0662779716311316));
#1612=CARTESIAN_POINT('',(0.0404197578942652,-0.0441381763565203,-0.0476526462541025));
#1613=CARTESIAN_POINT('',(0.0621744930197851,-0.134,-0.0783390689201358));
#1614=CARTESIAN_POINT('',(0.0621744930197851,-0.0900434966096308,-0.0783390689201358));
#1615=CARTESIAN_POINT('',(0.0539122912253932,-0.0468818744998056,-0.0681098422329516));
#1616=CARTESIAN_POINT('',(0.038837681664428,-0.0441381763565203,-0.0489525355558716));
#1617=CARTESIAN_POINT('',(0.0608841756993515,-0.134,-0.0793460424403864));
#1618=CARTESIAN_POINT('',(0.0608841756993515,-0.0900434966096308,-0.0793460424403864));
#1619=CARTESIAN_POINT('',(0.0527844567372664,-0.0468818744998056,-0.0689994992486824));
#1620=CARTESIAN_POINT('',(0.038030805995869,-0.0441381763565203,-0.0495831471834497));
#1621=CARTESIAN_POINT('',(0.0582556851991352,-0.134,-0.0812954638557426));
#1622=CARTESIAN_POINT('',(0.0582556851991352,-0.0900434966096308,-0.0812954638557426));
#1623=CARTESIAN_POINT('',(0.0504889503261194,-0.0468818744998056,-0.0707239776640913));
#1624=CARTESIAN_POINT('',(0.0363873220345719,-0.0441381763565203,-0.0508041722400053));
#1625=CARTESIAN_POINT('',(0.0569175122736753,-0.134,-0.0822379115622298));
#1626=CARTESIAN_POINT('',(0.0569175122736753,-0.0900434966096308,-0.0822379115622298));
#1627=CARTESIAN_POINT('',(0.0493212785621612,-0.0468818744998056,-0.0715587989458006));
#1628=CARTESIAN_POINT('',(0.0355507138947391,-0.0441381763565203,-0.0513945855555803));
#1629=CARTESIAN_POINT('',(0.0541965343302452,-0.134,-0.0840560108982793));
#1630=CARTESIAN_POINT('',(0.0541965343302452,-0.0900434966096308,-0.0840560108982793));
#1631=CARTESIAN_POINT('',(0.0469488759102817,-0.0468818744998056,-0.0731714238187389));
#1632=CARTESIAN_POINT('',(0.0338497770830481,-0.0441381763565203,-0.0525337750539405));
#1633=CARTESIAN_POINT('',(0.0528137295755465,-0.134,-0.0849316623519294));
#1634=CARTESIAN_POINT('',(0.0528137295755465,-0.0900434966096308,-0.0849316623519294));
#1635=CARTESIAN_POINT('',(0.0457441451870194,-0.0468818744998056,-0.0739492272999462));
#1636=CARTESIAN_POINT('',(0.0329854485694754,-0.0441381763565203,-0.0530825511309627));
#1637=CARTESIAN_POINT('',(0.0500068192630979,-0.134,-0.0866140596481251));
#1638=CARTESIAN_POINT('',(0.0500068192630979,-0.0900434966096308,-0.0866140596481251));
#1639=CARTESIAN_POINT('',(0.0433004701758608,-0.0468818744998056,-0.0754457351409353));
#1640=CARTESIAN_POINT('',(0.0312311477478715,-0.0441381763565203,-0.0541371239659008));
#1641=CARTESIAN_POINT('',(0.0485827139769339,-0.134,-0.0874208053278882));
#1642=CARTESIAN_POINT('',(0.0485827139769339,-0.0900434966096308,-0.0874208053278882));
#1643=CARTESIAN_POINT('',(0.0420615260578237,-0.0468818744998056,-0.0761644393989072));
#1644=CARTESIAN_POINT('',(0.0303411756031248,-0.0441381763565203,-0.0546429206259477));
#1645=CARTESIAN_POINT('',(0.0456966333882657,-0.134,-0.0889634475417828));
#1646=CARTESIAN_POINT('',(0.0456966333882657,-0.0900434966096308,-0.0889634475417828));
#1647=CARTESIAN_POINT('',(0.0395523320454978,-0.0468818744998056,-0.0775407711844558));
#1648=CARTESIAN_POINT('',(0.028537724077092,-0.0441381763565203,-0.0556102922439548));
#1649=CARTESIAN_POINT('',(0.0442346583650077,-0.134,-0.089699343926654));
#1650=CARTESIAN_POINT('',(0.0442346583650077,-0.0900434966096308,-0.089699343926654));
#1651=CARTESIAN_POINT('',(0.0382820823258594,-0.0468818744998056,-0.0781983986186797));
#1652=CARTESIAN_POINT('',(0.0276242448636958,-0.0441381763565203,-0.0560718671121759));
#1653=CARTESIAN_POINT('',(0.0412763603210489,-0.134,-0.0910985146980347));
#1654=CARTESIAN_POINT('',(0.0412763603210489,-0.0900434966096308,-0.0910985146980347));
#1655=CARTESIAN_POINT('',(0.0357132419585061,-0.0468818744998056,-0.079450705898114));
#1656=CARTESIAN_POINT('',(0.0257759706094615,-0.0441381763565203,-0.0569496553819144));
#1657=CARTESIAN_POINT('',(0.0397800375865816,-0.134,-0.0917617889491658));
#1658=CARTESIAN_POINT('',(0.0397800375865816,-0.0900434966096308,-0.0917617889491658));
#1659=CARTESIAN_POINT('',(0.0344146514898117,-0.0468818744998056,-0.0800453856586538));
#1660=CARTESIAN_POINT('',(0.0248411757407144,-0.0441381763565203,-0.057365868702039));
#1661=CARTESIAN_POINT('',(0.0367566488864364,-0.134,-0.0930141175530916));
#1662=CARTESIAN_POINT('',(0.0367566488864364,-0.0900434966096308,-0.0930141175530916));
#1663=CARTESIAN_POINT('',(0.0317921462255923,-0.0468818744998056,-0.0811700361536598));
#1664=CARTESIAN_POINT('',(0.0229525113347386,-0.0441381763565203,-0.058151899297143));
#1665=CARTESIAN_POINT('',(0.0352295832132897,-0.134,-0.0936031717847157));
#1666=CARTESIAN_POINT('',(0.0352295832132897,-0.0900434966096308,-0.0936031717847157));
#1667=CARTESIAN_POINT('',(0.0304682316130266,-0.0468818744998056,-0.0817000068123415));
#1668=CARTESIAN_POINT('',(0.0219986419733875,-0.0441381763565203,-0.0585217164992718));
#1669=CARTESIAN_POINT('',(0.0321483874651543,-0.134,-0.0947056412518885));
#1670=CARTESIAN_POINT('',(0.0321483874651543,-0.0900434966096308,-0.0947056412518885));
#1671=CARTESIAN_POINT('',(0.0277981409839803,-0.0468818744998056,-0.0826935894957285));
#1672=CARTESIAN_POINT('',(0.0200741142698606,-0.0441381763565203,-0.0592140277805269));
#1673=CARTESIAN_POINT('',(0.03059425768829,-0.134,-0.0952190563807666));
#1674=CARTESIAN_POINT('',(0.03059425768829,-0.0900434966096308,-0.0952190563807666));
#1675=CARTESIAN_POINT('',(0.0264519651539573,-0.0468818744998056,-0.0831572014537181));
#1676=CARTESIAN_POINT('',(0.019103456106925,-0.0441381763565203,-0.0595365217955202));
#1677=CARTESIAN_POINT('',(0.0274626777626025,-0.134,-0.0961690107656752));
#1678=CARTESIAN_POINT('',(0.0274626777626025,-0.0900434966096308,-0.0961690107656752));
#1679=CARTESIAN_POINT('',(0.023740455791589,-0.0468818744998056,-0.0840165310951691));
#1680=CARTESIAN_POINT('',(0.0171476756881418,-0.0441381763565203,-0.0601333691806615));
#1681=CARTESIAN_POINT('',(0.0258852279167787,-0.134,-0.0966055499297919));
#1682=CARTESIAN_POINT('',(0.0258852279167787,-0.0900434966096308,-0.0966055499297919));
#1683=CARTESIAN_POINT('',(0.0223751224487504,-0.0468818744998056,-0.0844122487211444));
#1684=CARTESIAN_POINT('',(0.0161625536144654,-0.0441381763565203,-0.0604077224955485));
#1685=CARTESIAN_POINT('',(0.022710808063874,-0.134,-0.0974007007091169));
#1686=CARTESIAN_POINT('',(0.022710808063874,-0.0900434966096308,-0.0974007007091169));
#1687=CARTESIAN_POINT('',(0.0196284368997879,-0.0468818744998056,-0.0851343698890024));
#1688=CARTESIAN_POINT('',(0.0141802040394918,-0.0441381763565203,-0.0609075823061492));
#1689=CARTESIAN_POINT('',(0.0211138383639378,-0.134,-0.0977593122473895));
#1690=CARTESIAN_POINT('',(0.0211138383639378,-0.0900434966096308,-0.0977593122473895));
#1691=CARTESIAN_POINT('',(0.0182470848857631,-0.0468818744998056,-0.0854607733827668));
#1692=CARTESIAN_POINT('',(0.0131829767228579,-0.0441381763565203,-0.0611330887556072));
#1693=CARTESIAN_POINT('',(0.017904226039288,-0.134,-0.0983977438332566));
#1694=CARTESIAN_POINT('',(0.017904226039288,-0.0900434966096308,-0.0983977438332566));
#1695=CARTESIAN_POINT('',(0.0154715302450282,-0.0468818744998056,-0.0860429638922154));
#1696=CARTESIAN_POINT('',(0.0111788036003893,-0.0441381763565203,-0.0615346615317911));
#1697=CARTESIAN_POINT('',(0.0162915837251242,-0.134,-0.0986775638190788));
#1698=CARTESIAN_POINT('',(0.0162915837251242,-0.0900434966096308,-0.0986775638190788));
#1699=CARTESIAN_POINT('',(0.0140773278125467,-0.0468818744998056,-0.086298750869265));
#1700=CARTESIAN_POINT('',(0.0101718579812651,-0.0441381763565203,-0.0617107278213779));
#1701=CARTESIAN_POINT('',(0.0130545111659482,-0.134,-0.0991577381738774));
#1702=CARTESIAN_POINT('',(0.0130545111659482,-0.0900434966096308,-0.0991577381738774));
#1703=CARTESIAN_POINT('',(0.0112792642003241,-0.0468818744998056,-0.0867385246685971));
#1704=CARTESIAN_POINT('',(0.00815065789300205,-0.0441381763565203,-0.0620129410963689));
#1705=CARTESIAN_POINT('',(0.0114300812341426,-0.134,-0.099358092496394));
#1706=CARTESIAN_POINT('',(0.0114300812341426,-0.0900434966096308,-0.099358092496394));
#1707=CARTESIAN_POINT('',(0.00987540321647331,-0.0468818744998056,-0.0869225114618221));
#1708=CARTESIAN_POINT('',(0.00713640361217121,-0.0441381763565203,-0.0621390880538402));
#1709=CARTESIAN_POINT('',(0.00817334683176955,-0.134,-0.0996788528380453));
#1710=CARTESIAN_POINT('',(0.00817334683176955,-0.0900434966096308,-0.0996788528380453));
#1711=CARTESIAN_POINT('',(0.0070612321281365,-0.0468818744998056,-0.0872176209498437));
#1712=CARTESIAN_POINT('',(0.00510301291339683,-0.0441381763565203,-0.0623410985816662));
#1713=CARTESIAN_POINT('',(0.00654104267631111,-0.134,-0.0997992588261445));
#1714=CARTESIAN_POINT('',(0.00654104267631111,-0.0900434966096308,-0.0997992588261445));
#1715=CARTESIAN_POINT('',(0.0056509222207307,-0.0468818744998056,-0.0873287436252297));
#1716=CARTESIAN_POINT('',(0.0040838766849051,-0.0441381763565203,-0.0624169621333616));
#1717=CARTESIAN_POINT('',(0.00327249218917253,-0.134,-0.09995983241489));
#1718=CARTESIAN_POINT('',(0.00327249218917253,-0.0900434966096308,-0.09995983241489));
#1719=CARTESIAN_POINT('',(0.00282707477669208,-0.0468818744998056,-0.0874771813942152));
#1720=CARTESIAN_POINT('',(0.00204316020924422,-0.0441381763565203,-0.0625181575643453));
#1721=CARTESIAN_POINT('',(0.0016362461737447,-0.134,-0.1));
#1722=CARTESIAN_POINT('',(0.0016362461737447,-0.0900434966096308,-0.1));
#1723=CARTESIAN_POINT('',(0.00141353743785449,-0.0468818744998056,-0.0875144964780976));
#1724=CARTESIAN_POINT('',(0.00102158015221424,-0.0441381763565203,-0.0625434894342927));
#1725=CARTESIAN_POINT('',(-0.00163624617374467,-0.134,-0.1));
#1726=CARTESIAN_POINT('',(-0.00163624617374467,-0.0900434966096308,-0.1));
#1727=CARTESIAN_POINT('',(-0.00141353743785446,-0.0468818744998056,-0.0875144964780976));
#1728=CARTESIAN_POINT('',(-0.00102158015221421,-0.0441381763565203,-0.0625434894342927));
#1729=CARTESIAN_POINT('',(-0.00327249218917248,-0.134,-0.09995983241489));
#1730=CARTESIAN_POINT('',(-0.00327249218917248,-0.0900434966096308,-0.09995983241489));
#1731=CARTESIAN_POINT('',(-0.00282707477669204,-0.0468818744998056,-0.0874771813942152));
#1732=CARTESIAN_POINT('',(-0.00204316020924419,-0.0441381763565203,-0.0625181575643453));
#1733=CARTESIAN_POINT('',(-0.00654104267631106,-0.134,-0.0997992588261445));
#1734=CARTESIAN_POINT('',(-0.00654104267631106,-0.0900434966096308,-0.0997992588261445));
#1735=CARTESIAN_POINT('',(-0.00565092222073066,-0.0468818744998056,-0.0873287436252297));
#1736=CARTESIAN_POINT('',(-0.00408387668490507,-0.0441381763565203,-0.0624169621333616));
#1737=CARTESIAN_POINT('',(-0.00817334683176952,-0.134,-0.0996788528380453));
#1738=CARTESIAN_POINT('',(-0.00817334683176952,-0.0900434966096308,-0.0996788528380453));
#1739=CARTESIAN_POINT('',(-0.0070612321281365,-0.0468818744998056,-0.0872176209498436));
#1740=CARTESIAN_POINT('',(-0.00510301291339681,-0.0441381763565203,-0.0623410985816662));
#1741=CARTESIAN_POINT('',(-0.0114300812341426,-0.134,-0.099358092496394));
#1742=CARTESIAN_POINT('',(-0.0114300812341426,-0.0900434966096308,-0.099358092496394));
#1743=CARTESIAN_POINT('',(-0.00987540321647328,-0.0468818744998056,-0.0869225114618221));
#1744=CARTESIAN_POINT('',(-0.00713640361217119,-0.0441381763565203,-0.0621390880538402));
#1745=CARTESIAN_POINT('',(-0.0130545111659481,-0.134,-0.0991577381738774));
#1746=CARTESIAN_POINT('',(-0.0130545111659481,-0.0900434966096308,-0.0991577381738774));
#1747=CARTESIAN_POINT('',(-0.0112792642003241,-0.0468818744998056,-0.0867385246685971));
#1748=CARTESIAN_POINT('',(-0.00815065789300202,-0.0441381763565203,-0.0620129410963689));
#1749=CARTESIAN_POINT('',(-0.0162915837251242,-0.134,-0.0986775638190788));
#1750=CARTESIAN_POINT('',(-0.0162915837251242,-0.0900434966096308,-0.0986775638190788));
#1751=CARTESIAN_POINT('',(-0.0140773278125467,-0.0468818744998056,-0.086298750869265));
#1752=CARTESIAN_POINT('',(-0.0101718579812651,-0.0441381763565203,-0.0617107278213779));
#1753=CARTESIAN_POINT('',(-0.0179042260392879,-0.134,-0.0983977438332566));
#1754=CARTESIAN_POINT('',(-0.0179042260392879,-0.0900434966096308,-0.0983977438332566));
#1755=CARTESIAN_POINT('',(-0.0154715302450282,-0.0468818744998056,-0.0860429638922154));
#1756=CARTESIAN_POINT('',(-0.0111788036003893,-0.0441381763565203,-0.0615346615317911));
#1757=CARTESIAN_POINT('',(-0.0211138383639377,-0.134,-0.0977593122473895));
#1758=CARTESIAN_POINT('',(-0.0211138383639377,-0.0900434966096308,-0.0977593122473895));
#1759=CARTESIAN_POINT('',(-0.0182470848857631,-0.0468818744998056,-0.0854607733827668));
#1760=CARTESIAN_POINT('',(-0.0131829767228579,-0.0441381763565203,-0.0611330887556072));
#1761=CARTESIAN_POINT('',(-0.022710808063874,-0.134,-0.0974007007091169));
#1762=CARTESIAN_POINT('',(-0.022710808063874,-0.0900434966096308,-0.0974007007091169));
#1763=CARTESIAN_POINT('',(-0.0196284368997879,-0.0468818744998056,-0.0851343698890024));
#1764=CARTESIAN_POINT('',(-0.0141802040394918,-0.0441381763565203,-0.0609075823061492));
#1765=CARTESIAN_POINT('',(-0.0258852279167787,-0.134,-0.0966055499297919));
#1766=CARTESIAN_POINT('',(-0.0258852279167787,-0.0900434966096308,-0.0966055499297919));
#1767=CARTESIAN_POINT('',(-0.0223751224487504,-0.0468818744998056,-0.0844122487211444));
#1768=CARTESIAN_POINT('',(-0.0161625536144654,-0.0441381763565203,-0.0604077224955485));
#1769=CARTESIAN_POINT('',(-0.0274626777626025,-0.134,-0.0961690107656752));
#1770=CARTESIAN_POINT('',(-0.0274626777626025,-0.0900434966096308,-0.0961690107656752));
#1771=CARTESIAN_POINT('',(-0.023740455791589,-0.0468818744998056,-0.0840165310951691));
#1772=CARTESIAN_POINT('',(-0.0171476756881417,-0.0441381763565203,-0.0601333691806615));
#1773=CARTESIAN_POINT('',(-0.03059425768829,-0.134,-0.0952190563807666));
#1774=CARTESIAN_POINT('',(-0.03059425768829,-0.0900434966096308,-0.0952190563807666));
#1775=CARTESIAN_POINT('',(-0.0264519651539573,-0.0468818744998056,-0.0831572014537181));
#1776=CARTESIAN_POINT('',(-0.019103456106925,-0.0441381763565203,-0.0595365217955202));
#1777=CARTESIAN_POINT('',(-0.0321483874651542,-0.134,-0.0947056412518885));
#1778=CARTESIAN_POINT('',(-0.0321483874651542,-0.0900434966096308,-0.0947056412518885));
#1779=CARTESIAN_POINT('',(-0.0277981409839803,-0.0468818744998056,-0.0826935894957285));
#1780=CARTESIAN_POINT('',(-0.0200741142698605,-0.0441381763565203,-0.0592140277805269));
#1781=CARTESIAN_POINT('',(-0.0352295832132897,-0.134,-0.0936031717847157));
#1782=CARTESIAN_POINT('',(-0.0352295832132897,-0.0900434966096308,-0.0936031717847157));
#1783=CARTESIAN_POINT('',(-0.0304682316130265,-0.0468818744998056,-0.0817000068123415));
#1784=CARTESIAN_POINT('',(-0.0219986419733875,-0.0441381763565203,-0.0585217164992718));
#1785=CARTESIAN_POINT('',(-0.0367566488864363,-0.134,-0.0930141175530916));
#1786=CARTESIAN_POINT('',(-0.0367566488864363,-0.0900434966096308,-0.0930141175530916));
#1787=CARTESIAN_POINT('',(-0.0317921462255922,-0.0468818744998056,-0.0811700361536598));
#1788=CARTESIAN_POINT('',(-0.0229525113347386,-0.0441381763565203,-0.058151899297143));
#1789=CARTESIAN_POINT('',(-0.0397800375865815,-0.134,-0.0917617889491658));
#1790=CARTESIAN_POINT('',(-0.0397800375865815,-0.0900434966096308,-0.0917617889491658));
#1791=CARTESIAN_POINT('',(-0.0344146514898116,-0.0468818744998056,-0.0800453856586538));
#1792=CARTESIAN_POINT('',(-0.0248411757407143,-0.0441381763565203,-0.057365868702039));
#1793=CARTESIAN_POINT('',(-0.0412763603210488,-0.134,-0.0910985146980347));
#1794=CARTESIAN_POINT('',(-0.0412763603210488,-0.0900434966096308,-0.0910985146980347));
#1795=CARTESIAN_POINT('',(-0.035713241958506,-0.0468818744998056,-0.079450705898114));
#1796=CARTESIAN_POINT('',(-0.0257759706094615,-0.0441381763565203,-0.0569496553819144));
#1797=CARTESIAN_POINT('',(-0.0442346583650075,-0.134,-0.089699343926654));
#1798=CARTESIAN_POINT('',(-0.0442346583650075,-0.0900434966096308,-0.089699343926654));
#1799=CARTESIAN_POINT('',(-0.0382820823258594,-0.0468818744998056,-0.0781983986186797));
#1800=CARTESIAN_POINT('',(-0.0276242448636958,-0.0441381763565203,-0.0560718671121759));
#1801=CARTESIAN_POINT('',(-0.0456966333882657,-0.134,-0.0889634475417828));
#1802=CARTESIAN_POINT('',(-0.0456966333882657,-0.0900434966096308,-0.0889634475417828));
#1803=CARTESIAN_POINT('',(-0.0395523320454978,-0.0468818744998056,-0.0775407711844558));
#1804=CARTESIAN_POINT('',(-0.0285377240770919,-0.0441381763565203,-0.0556102922439548));
#1805=CARTESIAN_POINT('',(-0.0485827139769338,-0.134,-0.0874208053278882));
#1806=CARTESIAN_POINT('',(-0.0485827139769338,-0.0900434966096308,-0.0874208053278882));
#1807=CARTESIAN_POINT('',(-0.0420615260578237,-0.0468818744998056,-0.0761644393989073));
#1808=CARTESIAN_POINT('',(-0.0303411756031248,-0.0441381763565203,-0.0546429206259477));
#1809=CARTESIAN_POINT('',(-0.0500068192630979,-0.134,-0.0866140596481251));
#1810=CARTESIAN_POINT('',(-0.0500068192630979,-0.0900434966096308,-0.0866140596481251));
#1811=CARTESIAN_POINT('',(-0.0433004701758608,-0.0468818744998056,-0.0754457351409353));
#1812=CARTESIAN_POINT('',(-0.0312311477478715,-0.0441381763565203,-0.0541371239659008));
#1813=CARTESIAN_POINT('',(-0.0528137295755465,-0.134,-0.0849316623519294));
#1814=CARTESIAN_POINT('',(-0.0528137295755465,-0.0900434966096308,-0.0849316623519294));
#1815=CARTESIAN_POINT('',(-0.0457441451870194,-0.0468818744998056,-0.0739492272999462));
#1816=CARTESIAN_POINT('',(-0.0329854485694754,-0.0441381763565203,-0.0530825511309627));
#1817=CARTESIAN_POINT('',(-0.0541965343302452,-0.134,-0.0840560108982793));
#1818=CARTESIAN_POINT('',(-0.0541965343302452,-0.0900434966096308,-0.0840560108982793));
#1819=CARTESIAN_POINT('',(-0.0469488759102816,-0.0468818744998056,-0.0731714238187389));
#1820=CARTESIAN_POINT('',(-0.0338497770830481,-0.0441381763565203,-0.0525337750539406));
#1821=CARTESIAN_POINT('',(-0.0569175122736752,-0.134,-0.0822379115622298));
#1822=CARTESIAN_POINT('',(-0.0569175122736752,-0.0900434966096308,-0.0822379115622298));
#1823=CARTESIAN_POINT('',(-0.0493212785621612,-0.0468818744998056,-0.0715587989458006));
#1824=CARTESIAN_POINT('',(-0.0355507138947391,-0.0441381763565203,-0.0513945855555804));
#1825=CARTESIAN_POINT('',(-0.0582556851991352,-0.134,-0.0812954638557426));
#1826=CARTESIAN_POINT('',(-0.0582556851991352,-0.0900434966096308,-0.0812954638557426));
#1827=CARTESIAN_POINT('',(-0.0504889503261194,-0.0468818744998056,-0.0707239776640913));
#1828=CARTESIAN_POINT('',(-0.0363873220345719,-0.0441381763565203,-0.0508041722400053));
#1829=CARTESIAN_POINT('',(-0.0608841756993515,-0.134,-0.0793460424403864));
#1830=CARTESIAN_POINT('',(-0.0608841756993515,-0.0900434966096308,-0.0793460424403864));
#1831=CARTESIAN_POINT('',(-0.0527844567372664,-0.0468818744998056,-0.0689994992486824));
#1832=CARTESIAN_POINT('',(-0.038030805995869,-0.0441381763565203,-0.0495831471834497));
#1833=CARTESIAN_POINT('',(-0.0621744930197851,-0.134,-0.0783390689201358));
#1834=CARTESIAN_POINT('',(-0.0621744930197851,-0.0900434966096308,-0.0783390689201358));
#1835=CARTESIAN_POINT('',(-0.0539122912253931,-0.0468818744998056,-0.0681098422329516));
#1836=CARTESIAN_POINT('',(-0.038837681664428,-0.0441381763565203,-0.0489525355558716));
#1837=CARTESIAN_POINT('',(-0.0647041638129439,-0.134,-0.0762630217524117));
#1838=CARTESIAN_POINT('',(-0.0647041638129439,-0.0900434966096308,-0.0762630217524117));
#1839=CARTESIAN_POINT('',(-0.0561254168677231,-0.0468818744998056,-0.0662779716311316));
#1840=CARTESIAN_POINT('',(-0.0404197578942652,-0.0441381763565203,-0.0476526462541025));
#1841=CARTESIAN_POINT('',(-0.0659435170409079,-0.134,-0.0751939483058084));
#1842=CARTESIAN_POINT('',(-0.0659435170409079,-0.0900434966096308,-0.0751939483058084));
#1843=CARTESIAN_POINT('',(-0.0572107078688443,-0.0468818744998056,-0.0653357581706739));
#1844=CARTESIAN_POINT('',(-0.0411949583083865,-0.0441381763565203,-0.04698336870068));
#1845=CARTESIAN_POINT('',(-0.0683682739284957,-0.134,-0.0729962767651835));
#1846=CARTESIAN_POINT('',(-0.0683682739284957,-0.0900434966096308,-0.0729962767651835));
#1847=CARTESIAN_POINT('',(-0.0593361171086371,-0.0468818744998056,-0.0634011475289981));
#1848=CARTESIAN_POINT('',(-0.0427118150568049,-0.0441381763565203,-0.0456077698722433));
#1849=CARTESIAN_POINT('',(-0.0695536773535093,-0.134,-0.0718676788838002));
#1850=CARTESIAN_POINT('',(-0.0695536773535093,-0.0900434966096308,-0.0718676788838002));
#1851=CARTESIAN_POINT('',(-0.0603762352005754,-0.0468818744998056,-0.0624087504807714));
#1852=CARTESIAN_POINT('',(-0.0434534712500481,-0.0441381763565203,-0.0449014487250728));
#1853=CARTESIAN_POINT('',(-0.0718676788838001,-0.134,-0.0695536773535094));
#1854=CARTESIAN_POINT('',(-0.0718676788838001,-0.0900434966096308,-0.0695536773535093));
#1855=CARTESIAN_POINT('',(-0.0624087504807714,-0.0468818744998056,-0.0603762352005754));
#1856=CARTESIAN_POINT('',(-0.0449014487250727,-0.0441381763565203,-0.0434534712500481));
#1857=CARTESIAN_POINT('',(-0.0729962767651834,-0.134,-0.0683682739284957));
#1858=CARTESIAN_POINT('',(-0.0729962767651834,-0.0900434966096308,-0.0683682739284957));
#1859=CARTESIAN_POINT('',(-0.063401147528998,-0.0468818744998056,-0.0593361171086371));
#1860=CARTESIAN_POINT('',(-0.0456077698722433,-0.0441381763565203,-0.0427118150568049));
#1861=CARTESIAN_POINT('',(-0.0751939483058083,-0.134,-0.065943517040908));
#1862=CARTESIAN_POINT('',(-0.0751939483058083,-0.0900434966096308,-0.065943517040908));
#1863=CARTESIAN_POINT('',(-0.0653357581706739,-0.0468818744998056,-0.0572107078688443));
#1864=CARTESIAN_POINT('',(-0.04698336870068,-0.0441381763565203,-0.0411949583083866));
#1865=CARTESIAN_POINT('',(-0.0762630217524116,-0.134,-0.064704163812944));
#1866=CARTESIAN_POINT('',(-0.0762630217524116,-0.0900434966096308,-0.064704163812944));
#1867=CARTESIAN_POINT('',(-0.0662779716311316,-0.0468818744998056,-0.0561254168677232));
#1868=CARTESIAN_POINT('',(-0.0476526462541024,-0.0441381763565203,-0.0404197578942652));
#1869=CARTESIAN_POINT('',(-0.0783390689201358,-0.134,-0.0621744930197852));
#1870=CARTESIAN_POINT('',(-0.0783390689201358,-0.0900434966096308,-0.0621744930197852));
#1871=CARTESIAN_POINT('',(-0.0681098422329516,-0.0468818744998056,-0.0539122912253932));
#1872=CARTESIAN_POINT('',(-0.0489525355558716,-0.0441381763565203,-0.0388376816644281));
#1873=CARTESIAN_POINT('',(-0.0793460424403864,-0.134,-0.0608841756993515));
#1874=CARTESIAN_POINT('',(-0.0793460424403864,-0.0900434966096308,-0.0608841756993515));
#1875=CARTESIAN_POINT('',(-0.0689994992486825,-0.0468818744998056,-0.0527844567372664));
#1876=CARTESIAN_POINT('',(-0.0495831471834497,-0.0441381763565203,-0.038030805995869));
#1877=CARTESIAN_POINT('',(-0.0812954638557426,-0.134,-0.0582556851991352));
#1878=CARTESIAN_POINT('',(-0.0812954638557426,-0.0900434966096308,-0.0582556851991352));
#1879=CARTESIAN_POINT('',(-0.0707239776640913,-0.0468818744998056,-0.0504889503261194));
#1880=CARTESIAN_POINT('',(-0.0508041722400053,-0.0441381763565203,-0.0363873220345719));
#1881=CARTESIAN_POINT('',(-0.0822379115622297,-0.134,-0.0569175122736753));
#1882=CARTESIAN_POINT('',(-0.0822379115622297,-0.0900434966096308,-0.0569175122736753));
#1883=CARTESIAN_POINT('',(-0.0715587989458006,-0.0468818744998056,-0.0493212785621612));
#1884=CARTESIAN_POINT('',(-0.0513945855555803,-0.0441381763565203,-0.0355507138947391));
#1885=CARTESIAN_POINT('',(-0.0840560108982792,-0.134,-0.0541965343302452));
#1886=CARTESIAN_POINT('',(-0.0840560108982792,-0.0900434966096308,-0.0541965343302453));
#1887=CARTESIAN_POINT('',(-0.0731714238187389,-0.0468818744998056,-0.0469488759102817));
#1888=CARTESIAN_POINT('',(-0.0525337750539405,-0.0441381763565203,-0.0338497770830481));
#1889=CARTESIAN_POINT('',(-0.0849316623519293,-0.134,-0.0528137295755465));
#1890=CARTESIAN_POINT('',(-0.0849316623519293,-0.0900434966096308,-0.0528137295755465));
#1891=CARTESIAN_POINT('',(-0.0739492272999462,-0.0468818744998056,-0.0457441451870194));
#1892=CARTESIAN_POINT('',(-0.0530825511309627,-0.0441381763565203,-0.0329854485694754));
#1893=CARTESIAN_POINT('',(-0.086614059648125,-0.134,-0.0500068192630979));
#1894=CARTESIAN_POINT('',(-0.086614059648125,-0.0900434966096308,-0.0500068192630979));
#1895=CARTESIAN_POINT('',(-0.0754457351409353,-0.0468818744998056,-0.0433004701758608));
#1896=CARTESIAN_POINT('',(-0.0541371239659008,-0.0441381763565203,-0.0312311477478715));
#1897=CARTESIAN_POINT('',(-0.0874208053278882,-0.134,-0.0485827139769339));
#1898=CARTESIAN_POINT('',(-0.0874208053278882,-0.0900434966096308,-0.0485827139769339));
#1899=CARTESIAN_POINT('',(-0.0761644393989073,-0.0468818744998056,-0.0420615260578237));
#1900=CARTESIAN_POINT('',(-0.0546429206259477,-0.0441381763565203,-0.0303411756031248));
#1901=CARTESIAN_POINT('',(-0.0889634475417828,-0.134,-0.0456966333882657));
#1902=CARTESIAN_POINT('',(-0.0889634475417828,-0.0900434966096308,-0.0456966333882658));
#1903=CARTESIAN_POINT('',(-0.0775407711844558,-0.0468818744998056,-0.0395523320454978));
#1904=CARTESIAN_POINT('',(-0.0556102922439549,-0.0441381763565203,-0.0285377240770919));
#1905=CARTESIAN_POINT('',(-0.089699343926654,-0.134,-0.0442346583650077));
#1906=CARTESIAN_POINT('',(-0.089699343926654,-0.0900434966096308,-0.0442346583650077));
#1907=CARTESIAN_POINT('',(-0.0781983986186797,-0.0468818744998056,-0.0382820823258594));
#1908=CARTESIAN_POINT('',(-0.0560718671121759,-0.0441381763565203,-0.0276242448636959));
#1909=CARTESIAN_POINT('',(-0.0910985146980346,-0.134,-0.0412763603210489));
#1910=CARTESIAN_POINT('',(-0.0910985146980346,-0.0900434966096308,-0.0412763603210489));
#1911=CARTESIAN_POINT('',(-0.079450705898114,-0.0468818744998056,-0.0357132419585061));
#1912=CARTESIAN_POINT('',(-0.0569496553819144,-0.0441381763565203,-0.0257759706094615));
#1913=CARTESIAN_POINT('',(-0.0917617889491658,-0.134,-0.0397800375865815));
#1914=CARTESIAN_POINT('',(-0.0917617889491658,-0.0900434966096308,-0.0397800375865815));
#1915=CARTESIAN_POINT('',(-0.0800453856586538,-0.0468818744998056,-0.0344146514898116));
#1916=CARTESIAN_POINT('',(-0.057365868702039,-0.0441381763565203,-0.0248411757407144));
#1917=CARTESIAN_POINT('',(-0.0930141175530915,-0.134,-0.0367566488864364));
#1918=CARTESIAN_POINT('',(-0.0930141175530915,-0.0900434966096308,-0.0367566488864364));
#1919=CARTESIAN_POINT('',(-0.0811700361536598,-0.0468818744998056,-0.0317921462255922));
#1920=CARTESIAN_POINT('',(-0.058151899297143,-0.0441381763565203,-0.0229525113347386));
#1921=CARTESIAN_POINT('',(-0.0936031717847156,-0.134,-0.0352295832132898));
#1922=CARTESIAN_POINT('',(-0.0936031717847156,-0.0900434966096308,-0.0352295832132898));
#1923=CARTESIAN_POINT('',(-0.0817000068123415,-0.0468818744998056,-0.0304682316130265));
#1924=CARTESIAN_POINT('',(-0.0585217164992718,-0.0441381763565203,-0.0219986419733875));
#1925=CARTESIAN_POINT('',(-0.0947056412518885,-0.134,-0.0321483874651543));
#1926=CARTESIAN_POINT('',(-0.0947056412518885,-0.0900434966096308,-0.0321483874651543));
#1927=CARTESIAN_POINT('',(-0.0826935894957285,-0.0468818744998056,-0.0277981409839803));
#1928=CARTESIAN_POINT('',(-0.0592140277805269,-0.0441381763565203,-0.0200741142698606));
#1929=CARTESIAN_POINT('',(-0.0952190563807665,-0.134,-0.03059425768829));
#1930=CARTESIAN_POINT('',(-0.0952190563807665,-0.0900434966096308,-0.03059425768829));
#1931=CARTESIAN_POINT('',(-0.0831572014537181,-0.0468818744998056,-0.0264519651539573));
#1932=CARTESIAN_POINT('',(-0.0595365217955202,-0.0441381763565203,-0.019103456106925));
#1933=CARTESIAN_POINT('',(-0.0961690107656752,-0.134,-0.0274626777626025));
#1934=CARTESIAN_POINT('',(-0.0961690107656752,-0.0900434966096308,-0.0274626777626025));
#1935=CARTESIAN_POINT('',(-0.0840165310951691,-0.0468818744998056,-0.023740455791589));
#1936=CARTESIAN_POINT('',(-0.0601333691806615,-0.0441381763565203,-0.0171476756881418));
#1937=CARTESIAN_POINT('',(-0.0966055499297919,-0.134,-0.0258852279167787));
#1938=CARTESIAN_POINT('',(-0.0966055499297919,-0.0900434966096308,-0.0258852279167787));
#1939=CARTESIAN_POINT('',(-0.0844122487211444,-0.0468818744998056,-0.0223751224487504));
#1940=CARTESIAN_POINT('',(-0.0604077224955485,-0.0441381763565203,-0.0161625536144654));
#1941=CARTESIAN_POINT('',(-0.0974007007091169,-0.134,-0.022710808063874));
#1942=CARTESIAN_POINT('',(-0.0974007007091169,-0.0900434966096308,-0.022710808063874));
#1943=CARTESIAN_POINT('',(-0.0851343698890024,-0.0468818744998056,-0.0196284368997879));
#1944=CARTESIAN_POINT('',(-0.0609075823061492,-0.0441381763565203,-0.0141802040394918));
#1945=CARTESIAN_POINT('',(-0.0977593122473895,-0.134,-0.0211138383639378));
#1946=CARTESIAN_POINT('',(-0.0977593122473895,-0.0900434966096308,-0.0211138383639378));
#1947=CARTESIAN_POINT('',(-0.0854607733827668,-0.0468818744998056,-0.0182470848857631));
#1948=CARTESIAN_POINT('',(-0.0611330887556072,-0.0441381763565203,-0.0131829767228579));
#1949=CARTESIAN_POINT('',(-0.0983977438332566,-0.134,-0.017904226039288));
#1950=CARTESIAN_POINT('',(-0.0983977438332566,-0.0900434966096308,-0.017904226039288));
#1951=CARTESIAN_POINT('',(-0.0860429638922154,-0.0468818744998056,-0.0154715302450282));
#1952=CARTESIAN_POINT('',(-0.0615346615317911,-0.0441381763565203,-0.0111788036003893));
#1953=CARTESIAN_POINT('',(-0.0986775638190787,-0.134,-0.0162915837251242));
#1954=CARTESIAN_POINT('',(-0.0986775638190787,-0.0900434966096308,-0.0162915837251242));
#1955=CARTESIAN_POINT('',(-0.086298750869265,-0.0468818744998056,-0.0140773278125467));
#1956=CARTESIAN_POINT('',(-0.0617107278213779,-0.0441381763565203,-0.0101718579812651));
#1957=CARTESIAN_POINT('',(-0.0991577381738774,-0.134,-0.0130545111659482));
#1958=CARTESIAN_POINT('',(-0.0991577381738774,-0.0900434966096308,-0.0130545111659482));
#1959=CARTESIAN_POINT('',(-0.0867385246685971,-0.0468818744998056,-0.0112792642003241));
#1960=CARTESIAN_POINT('',(-0.0620129410963689,-0.0441381763565203,-0.00815065789300205));
#1961=CARTESIAN_POINT('',(-0.099358092496394,-0.134,-0.0114300812341426));
#1962=CARTESIAN_POINT('',(-0.099358092496394,-0.0900434966096308,-0.0114300812341426));
#1963=CARTESIAN_POINT('',(-0.0869225114618221,-0.0468818744998056,-0.00987540321647329));
#1964=CARTESIAN_POINT('',(-0.0621390880538402,-0.0441381763565203,-0.0071364036121712));
#1965=CARTESIAN_POINT('',(-0.0996788528380453,-0.134,-0.00817334683176955));
#1966=CARTESIAN_POINT('',(-0.0996788528380453,-0.0900434966096308,-0.00817334683176955));
#1967=CARTESIAN_POINT('',(-0.0872176209498437,-0.0468818744998056,-0.00706123212813649));
#1968=CARTESIAN_POINT('',(-0.0623410985816662,-0.0441381763565203,-0.00510301291339683));
#1969=CARTESIAN_POINT('',(-0.0997992588261445,-0.134,-0.00654104267631109));
#1970=CARTESIAN_POINT('',(-0.0997992588261445,-0.0900434966096308,-0.00654104267631109));
#1971=CARTESIAN_POINT('',(-0.0873287436252297,-0.0468818744998056,-0.00565092222073067));
#1972=CARTESIAN_POINT('',(-0.0624169621333615,-0.0441381763565203,-0.00408387668490508));
#1973=CARTESIAN_POINT('',(-0.09995983241489,-0.134,-0.00327249218917252));
#1974=CARTESIAN_POINT('',(-0.09995983241489,-0.0900434966096308,-0.00327249218917252));
#1975=CARTESIAN_POINT('',(-0.0874771813942152,-0.0468818744998056,-0.00282707477669206));
#1976=CARTESIAN_POINT('',(-0.0625181575643453,-0.0441381763565203,-0.0020431602092442));
#1977=CARTESIAN_POINT('',(-0.1,-0.134,-0.0016362461737447));
#1978=CARTESIAN_POINT('',(-0.1,-0.0900434966096308,-0.0016362461737447));
#1979=CARTESIAN_POINT('',(-0.0875144964780976,-0.0468818744998056,-0.00141353743785447));
#1980=CARTESIAN_POINT('',(-0.0625434894342927,-0.0441381763565203,-0.00102158015221423));
#1981=CARTESIAN_POINT('',(-0.1,-0.134,0.00163624617374467));
#1982=CARTESIAN_POINT('',(-0.1,-0.0900434966096308,0.00163624617374467));
#1983=CARTESIAN_POINT('',(-0.0875144964780976,-0.0468818744998056,0.00141353743785448));
#1984=CARTESIAN_POINT('',(-0.0625434894342927,-0.0441381763565203,0.00102158015221423));
#1985=CARTESIAN_POINT('',(-0.09995983241489,-0.134,0.00327249218917248));
#1986=CARTESIAN_POINT('',(-0.09995983241489,-0.0900434966096308,0.00327249218917248));
#1987=CARTESIAN_POINT('',(-0.0874771813942152,-0.0468818744998056,0.00282707477669206));
#1988=CARTESIAN_POINT('',(-0.0625181575643453,-0.0441381763565203,0.0020431602092442));
#1989=CARTESIAN_POINT('',(-0.0997992588261445,-0.134,0.00654104267631106));
#1990=CARTESIAN_POINT('',(-0.0997992588261445,-0.0900434966096308,0.00654104267631106));
#1991=CARTESIAN_POINT('',(-0.0873287436252297,-0.0468818744998056,0.00565092222073068));
#1992=CARTESIAN_POINT('',(-0.0624169621333615,-0.0441381763565203,0.00408387668490508));
#1993=CARTESIAN_POINT('',(-0.0996788528380453,-0.134,0.00817334683176953));
#1994=CARTESIAN_POINT('',(-0.0996788528380453,-0.0900434966096308,0.00817334683176953));
#1995=CARTESIAN_POINT('',(-0.0872176209498437,-0.0468818744998056,0.0070612321281365));
#1996=CARTESIAN_POINT('',(-0.0623410985816662,-0.0441381763565203,0.00510301291339683));
#1997=CARTESIAN_POINT('',(-0.099404450735854,-0.134,0.0109593981300359));
#1998=CARTESIAN_POINT('',(-0.099404450735854,-0.0900434966096308,0.0109593981300359));
#1999=CARTESIAN_POINT('',(-0.0869651624835855,-0.0468818744998056,0.00946868205972788));
#2000=CARTESIAN_POINT('',(-0.0621682838464815,-0.0441381763565203,0.00684252559581731));
#2001=CARTESIAN_POINT('',(-0.0992702239978383,-0.134,0.0121150921469462));
#2002=CARTESIAN_POINT('',(-0.0992702239978383,-0.0900434966096308,0.0121150921469462));
#2003=CARTESIAN_POINT('',(-0.0868418442990144,-0.0468818744998056,0.0104674166034896));
#2004=CARTESIAN_POINT('',(-0.0620837665869088,-0.0441381763565203,0.00756410909858495));
#2005=CARTESIAN_POINT('',(-0.0991158791622851,-0.134,0.0132680930647753));
#2006=CARTESIAN_POINT('',(-0.0991158791622851,-0.0900434966096308,0.0132680930647753));
#2007=CARTESIAN_POINT('',(-0.0867003028037809,-0.0468818744998056,0.0114639446902745));
#2008=CARTESIAN_POINT('',(-0.0619866069449231,-0.0441381763565203,0.00828402282361706));
#2009=CARTESIAN_POINT('',(0.0757339705364172,-0.074070480359579,-0.0496854883869286));
#2010=CARTESIAN_POINT('',(0.0775580616022896,-0.0754379187830275,-0.0478572949041837));
#2011=CARTESIAN_POINT('',(0.0809895687160757,-0.0779801406579165,-0.0439007716275806));
#2012=CARTESIAN_POINT('',(0.08548888567682,-0.0813818587616913,-0.0371821501741084));
#2013=CARTESIAN_POINT('',(0.0892066689001844,-0.0844671842992782,-0.0300479560351236));
#2014=CARTESIAN_POINT('',(0.0922107105230414,-0.0874284671524611,-0.0225418363521149));
#2015=CARTESIAN_POINT('',(0.0941231721159791,-0.0899096089073197,-0.0160431897116667));
#2016=CARTESIAN_POINT('',(0.0952991769777693,-0.0919619313575496,-0.0107178646426677));
#2017=CARTESIAN_POINT('',(0.0959918611177205,-0.0935115605685001,-0.00670929153391956));
#2018=CARTESIAN_POINT('',(0.0964207761013863,-0.094847743151593,-0.00336494368981815));
#2019=CARTESIAN_POINT('',(0.0966724134450936,-0.0959275956818045,-0.000681327045400495));
#2020=CARTESIAN_POINT('',(0.0968174873338905,-0.0967536425404448,0.00132997285713658));
#2021=CARTESIAN_POINT('',(0.0969099596813062,-0.0975490966086353,0.00336430395460472));
#2022=CARTESIAN_POINT('',(0.0969263167099975,-0.0983703189350669,0.00613173042737334));
#2023=CARTESIAN_POINT('',(0.0968262118511153,-0.0987623107209396,0.00825872444525277));
#2024=CARTESIAN_POINT('',(0.0967040858689559,-0.0989067681619641,0.00970359212737876));
#2025=CARTESIAN_POINT('',(0.0757339705364172,-0.074070480359579,-0.0496854883869286));
#2026=CARTESIAN_POINT('',(0.0967040858689559,-0.0989067681619641,0.00970359212737876));
#2027=CARTESIAN_POINT('',(0.0967040858623402,-0.0989067681248505,0.0097035921305302));
#2028=CARTESIAN_POINT('',(0.0966696083573408,-0.0989475494148882,0.010111493078858));
#2029=CARTESIAN_POINT('',(0.0966308933580598,-0.0989790679769885,0.0105197054629851));
#2030=CARTESIAN_POINT('',(0.0965878889970968,-0.0990011013722423,0.0109282414958402));
#2031=CARTESIAN_POINT('',(6.93889390390723E-18,-0.134,0.));
#2032=CARTESIAN_POINT('',(-0.0994010733617098,-0.134,0.0109282414941948));
#2033=CARTESIAN_POINT('',(-0.0994010733617098,-0.134,0.0109282414941948));
#2034=CARTESIAN_POINT('',(-0.0994010733617098,-0.122193588357073,0.0109282414941948));
#2035=CARTESIAN_POINT('',(-0.0985383759990808,-0.110516077977381,0.0109282414958402));
#2036=CARTESIAN_POINT('',(-0.0965878889970967,-0.0990011013722424,0.0109282414958402));
#2037=CARTESIAN_POINT('',(-0.0965878889970967,-0.0990011013722424,0.0109282414958402));
#2038=CARTESIAN_POINT('',(-0.0965878889970966,-0.0990011013722424,0.0109282414958412));
#2039=CARTESIAN_POINT('',(-0.0966308933580596,-0.0989790679769886,0.0105197054629861));
#2040=CARTESIAN_POINT('',(-0.0966696083573409,-0.0989475494148882,0.0101114930788579));
#2041=CARTESIAN_POINT('',(-0.0967040858623403,-0.0989067681248505,0.00970359213053014));
#2042=CARTESIAN_POINT('',(-0.0967040858689559,-0.0989067681619641,0.0097035921273787));
#2043=CARTESIAN_POINT('',(-0.0967040858689559,-0.0989067681619641,0.0097035921273787));
#2044=CARTESIAN_POINT('',(-0.0968262118712228,-0.0987623106971554,0.00825872420736206));
#2045=CARTESIAN_POINT('',(-0.0969263167342388,-0.0983703188246124,0.00613172984547309));
#2046=CARTESIAN_POINT('',(-0.0969099596593273,-0.0975490962670238,0.00336430293613484));
#2047=CARTESIAN_POINT('',(-0.0968174872544809,-0.0967536419866822,0.00132997153142822));
#2048=CARTESIAN_POINT('',(-0.0966724133114203,-0.0959275950145887,-0.000681328704326343));
#2049=CARTESIAN_POINT('',(-0.0964207758699061,-0.0948477423067666,-0.00336494578404516));
#2050=CARTESIAN_POINT('',(-0.0959918607306105,-0.0935115595298016,-0.00670929417593312));
#2051=CARTESIAN_POINT('',(-0.0952991763400824,-0.0919619300847698,-0.0107178679395506));
#2052=CARTESIAN_POINT('',(-0.0941231710620456,-0.0899096073273087,-0.0160431938427017));
#2053=CARTESIAN_POINT('',(-0.092210708819354,-0.0874284652171937,-0.0225418414134308));
#2054=CARTESIAN_POINT('',(-0.089206666174122,-0.0844671818334074,-0.0300479620891068));
#2055=CARTESIAN_POINT('',(-0.0854888816713619,-0.0813818556070653,-0.0371821570590927));
#2056=CARTESIAN_POINT('',(-0.0809895631577374,-0.0779801365367614,-0.0439007790279587));
#2057=CARTESIAN_POINT('',(-0.0775580550101489,-0.0754379138604474,-0.0478573021804925));
#2058=CARTESIAN_POINT('',(-0.0757339633864335,-0.0740704749995601,-0.0496854955529913));
#2059=CARTESIAN_POINT('',(-0.0757339633724042,-0.0740704755135896,-0.0496854959234714));
#2060=CARTESIAN_POINT('',(-0.0757339633724042,-0.0740704755135896,-0.0496854959234714));
#2061=CARTESIAN_POINT('',(-0.0715855798978438,-0.0709606324761713,-0.0538432159172059));
#2062=CARTESIAN_POINT('',(-0.0669322773696044,-0.067427409688574,-0.0572064490024156));
#2063=CARTESIAN_POINT('',(-0.0620237761698417,-0.0633976246024946,-0.0591733565245789));
#2064=CARTESIAN_POINT('',(-0.0620237761698417,-0.0633976246024945,-0.0591733565245789));
#2065=CARTESIAN_POINT('',(-0.0620237761698417,-0.0633976246024945,-0.0591733565245789));
#2066=CARTESIAN_POINT('',(-0.0614134909895672,-0.0628953801697156,-0.0594169526373102));
#2067=CARTESIAN_POINT('',(-0.060799645218735,-0.0623864059087499,-0.0596385406265929));
#2068=CARTESIAN_POINT('',(-0.0601890388284461,-0.0618587768885084,-0.0598198373414057));
#2069=CARTESIAN_POINT('',(-0.0601890388284461,-0.0618587768885084,-0.0598198373414057));
#2070=CARTESIAN_POINT('',(-0.0601890388284461,-0.0618587768885084,-0.0598198373414057));
#2071=CARTESIAN_POINT('',(-0.05690006208194,-0.0590167503294105,-0.0607963758918047));
#2072=CARTESIAN_POINT('',(-0.0516341587969877,-0.0552207709575188,-0.0620326438975041));
#2073=CARTESIAN_POINT('',(-0.0438760053532144,-0.0511666390064651,-0.0631166109812282));
#2074=CARTESIAN_POINT('',(-0.0356047562783001,-0.047834714012929,-0.0637830879126725));
#2075=CARTESIAN_POINT('',(-0.0249120047497813,-0.0452678241230618,-0.0637784937739087));
#2076=CARTESIAN_POINT('',(-0.0160092757648637,-0.0445769115070925,-0.0633521553174665));
#2077=CARTESIAN_POINT('',(-0.0115689922473481,-0.0443953608724127,-0.0632023740906102));
#2078=CARTESIAN_POINT('',(-0.0115689922473481,-0.0443953608724127,-0.0632023740906102));
#2079=CARTESIAN_POINT('',(-0.0115689922473481,-0.0443953608724127,-0.0632023740906102));
#2080=CARTESIAN_POINT('',(-0.00771532614102103,-0.0442377953645599,-0.0630723808514346));
#2081=CARTESIAN_POINT('',(2.77555756156289E-17,-0.0441453510084593,-0.062905527907331));
#2082=CARTESIAN_POINT('',(0.00771532614102103,-0.0442377953645598,-0.0630723808514346));
#2083=CARTESIAN_POINT('',(0.0115689922473481,-0.0443953608724127,-0.0632023740906102));
#2084=CARTESIAN_POINT('',(0.0115689922473481,-0.0443953608724127,-0.0632023740906102));
#2085=CARTESIAN_POINT('',(0.0115689922473481,-0.0443953608724127,-0.0632023740906102));
#2086=CARTESIAN_POINT('',(0.0159956845442658,-0.044576355800522,-0.0633516968535671));
#2087=CARTESIAN_POINT('',(0.0225957290586725,-0.0450876935643783,-0.0636642001136374));
#2088=CARTESIAN_POINT('',(0.0312166211191907,-0.0467787010956592,-0.0637874621867868));
#2089=CARTESIAN_POINT('',(0.0376060032377761,-0.0486441590103762,-0.0636189205757036));
#2090=CARTESIAN_POINT('',(0.0438039105429348,-0.0511342941101301,-0.0631243778356077));
#2091=CARTESIAN_POINT('',(0.0496125644500446,-0.0541589979330122,-0.062317701262565));
#2092=CARTESIAN_POINT('',(0.0550997689060109,-0.0577169010640333,-0.06121968047598));
#2093=CARTESIAN_POINT('',(0.0585405788170021,-0.0604343316901312,-0.0603092858459219));
#2094=CARTESIAN_POINT('',(0.0601890388284462,-0.0618587768885084,-0.0598198373414056));
#2095=CARTESIAN_POINT('',(0.0601890388284462,-0.0618587768885084,-0.0598198373414056));
#2096=CARTESIAN_POINT('',(0.0601890388284462,-0.0618587768885084,-0.0598198373414056));
#2097=CARTESIAN_POINT('',(0.0607996452187298,-0.0623864059087453,-0.0596385406265944));
#2098=CARTESIAN_POINT('',(0.0614134909895565,-0.0628953801697068,-0.059416952637314));
#2099=CARTESIAN_POINT('',(0.0620237761698258,-0.0633976246024815,-0.0591733565245853));
#2100=CARTESIAN_POINT('',(0.0620237761698258,-0.0633976246024815,-0.0591733565245853));
#2101=CARTESIAN_POINT('',(0.0620237761698258,-0.0633976246024815,-0.0591733565245853));
#2102=CARTESIAN_POINT('',(0.0669350886230875,-0.067429717673616,-0.0572053224924297));
#2103=CARTESIAN_POINT('',(0.0715846073468386,-0.0709599039063983,-0.0538441924929252));
#2104=CARTESIAN_POINT('',(0.0757339705223877,-0.0740704808735872,-0.0496854887573945));
#2105=CARTESIAN_POINT('',(0.0987385660262875,-0.134,0.0158333641046774));
#2106=CARTESIAN_POINT('',(0.0987385660262875,-0.166374702857529,0.0158333641046774));
#2107=CARTESIAN_POINT('',(0.0920208559800248,-0.198318216812452,0.0146659609206777));
#2108=CARTESIAN_POINT('',(0.078650214188849,-0.214,0.0125343499494087));
#2109=CARTESIAN_POINT('',(0.0988005309017297,-0.134,0.0154469467716956));
#2110=CARTESIAN_POINT('',(0.0988005309017297,-0.166374702857529,0.0154469467716956));
#2111=CARTESIAN_POINT('',(0.0920799602306466,-0.198318216812452,0.0143079542815827));
#2112=CARTESIAN_POINT('',(0.0787007402781945,-0.214,0.0122283768886818));
#2113=CARTESIAN_POINT('',(0.0988602274287935,-0.134,0.0150601656940309));
#2114=CARTESIAN_POINT('',(0.0988602274287936,-0.166374702857529,0.0150601656940309));
#2115=CARTESIAN_POINT('',(0.0921369169607866,-0.198318216812452,0.0139496195054451));
#2116=CARTESIAN_POINT('',(0.0787494306424232,-0.214,0.0119221234469487));
#2117=CARTESIAN_POINT('',(0.0991577381738774,-0.134,0.0130545111659482));
#2118=CARTESIAN_POINT('',(0.0991577381738774,-0.166374702857529,0.0130545111659482));
#2119=CARTESIAN_POINT('',(0.0924208490639465,-0.198318216812452,0.0120915160499479));
#2120=CARTESIAN_POINT('',(0.0789921550338284,-0.214,0.0103340820226211));
#2121=CARTESIAN_POINT('',(0.0993580924963941,-0.134,0.0114300812341426));
#2122=CARTESIAN_POINT('',(0.0993580924963941,-0.166374702857529,0.0114300812341426));
#2123=CARTESIAN_POINT('',(0.0926123247058772,-0.198318216812452,0.0105867352845595));
#2124=CARTESIAN_POINT('',(0.0791558432361516,-0.214,0.00904801140069378));
#2125=CARTESIAN_POINT('',(0.0996788528380453,-0.134,0.00817334683176952));
#2126=CARTESIAN_POINT('',(0.0996788528380453,-0.166374702857529,0.00817334683176952));
#2127=CARTESIAN_POINT('',(0.0929191705628145,-0.198318216812452,0.00757007244303999));
#2128=CARTESIAN_POINT('',(0.0794181609224493,-0.214,0.00646980236614959));
#2129=CARTESIAN_POINT('',(0.0997992588261445,-0.134,0.00654104267631101));
#2130=CARTESIAN_POINT('',(0.0997992588261445,-0.166374702857529,0.00654104267631101));
#2131=CARTESIAN_POINT('',(0.0930345407530917,-0.198318216812452,0.00605819061799214));
#2132=CARTESIAN_POINT('',(0.0795167903853174,-0.214,0.00517766416782901));
#2133=CARTESIAN_POINT('',(0.09995983241489,-0.134,0.00327249218917242));
#2134=CARTESIAN_POINT('',(0.09995983241489,-0.166374702857529,0.00327249218917242));
#2135=CARTESIAN_POINT('',(0.0931885311816438,-0.198318216812452,0.00303087240268296));
#2136=CARTESIAN_POINT('',(0.0796484370406843,-0.214,0.00259035053884526));
#2137=CARTESIAN_POINT('',(0.1,-0.134,0.00163624617374468));
#2138=CARTESIAN_POINT('',(0.1,-0.166374702857529,0.00163624617374469));
#2139=CARTESIAN_POINT('',(0.0932271514075391,-0.198318216812452,0.00151543626441611));
#2140=CARTESIAN_POINT('',(0.0796814542226172,-0.214,0.00129517532325597));
#2141=CARTESIAN_POINT('',(0.1,-0.134,0.));
#2142=CARTESIAN_POINT('',(0.1,-0.166374702857529,3.63182109051804E-18));
#2143=CARTESIAN_POINT('',(0.0932271514075391,-0.198318216812452,3.62878928789463E-18));
#2144=CARTESIAN_POINT('',(0.0796814542226172,-0.214,2.2282553451768E-18));
#2145=CARTESIAN_POINT('',(0.1,-0.134,-0.00163624617374468));
#2146=CARTESIAN_POINT('',(0.1,-0.166374702857529,-0.00163624617374468));
#2147=CARTESIAN_POINT('',(0.0932271514075391,-0.198318216812452,-0.0015154362644161));
#2148=CARTESIAN_POINT('',(0.0796814542226172,-0.214,-0.00129517532325597));
#2149=CARTESIAN_POINT('',(0.09995983241489,-0.134,-0.00327249218917252));
#2150=CARTESIAN_POINT('',(0.09995983241489,-0.166374702857529,-0.00327249218917252));
#2151=CARTESIAN_POINT('',(0.0931885311816438,-0.198318216812452,-0.00303087240268303));
#2152=CARTESIAN_POINT('',(0.0796484370406843,-0.214,-0.00259035053884531));
#2153=CARTESIAN_POINT('',(0.0997992588261445,-0.134,-0.00654104267631109));
#2154=CARTESIAN_POINT('',(0.0997992588261445,-0.166374702857529,-0.00654104267631109));
#2155=CARTESIAN_POINT('',(0.0930345407530917,-0.198318216812452,-0.0060581906179922));
#2156=CARTESIAN_POINT('',(0.0795167903853174,-0.214,-0.00517766416782906));
#2157=CARTESIAN_POINT('',(0.0996788528380453,-0.134,-0.00817334683176953));
#2158=CARTESIAN_POINT('',(0.0996788528380453,-0.166374702857529,-0.00817334683176953));
#2159=CARTESIAN_POINT('',(0.0929191705628145,-0.198318216812452,-0.00757007244304));
#2160=CARTESIAN_POINT('',(0.0794181609224493,-0.214,-0.00646980236614959));
#2161=CARTESIAN_POINT('',(0.0993580924963941,-0.134,-0.0114300812341426));
#2162=CARTESIAN_POINT('',(0.0993580924963941,-0.166374702857529,-0.0114300812341426));
#2163=CARTESIAN_POINT('',(0.0926123247058772,-0.198318216812452,-0.0105867352845595));
#2164=CARTESIAN_POINT('',(0.0791558432361516,-0.214,-0.00904801140069379));
#2165=CARTESIAN_POINT('',(0.0991577381738774,-0.134,-0.0130545111659482));
#2166=CARTESIAN_POINT('',(0.0991577381738774,-0.166374702857529,-0.0130545111659482));
#2167=CARTESIAN_POINT('',(0.0924208490639464,-0.198318216812452,-0.0120915160499478));
#2168=CARTESIAN_POINT('',(0.0789921550338283,-0.214,-0.0103340820226211));
#2169=CARTESIAN_POINT('',(0.0986775638190788,-0.134,-0.0162915837251242));
#2170=CARTESIAN_POINT('',(0.0986775638190788,-0.166374702857529,-0.0162915837251242));
#2171=CARTESIAN_POINT('',(0.0919625902726448,-0.198318216812452,-0.0150904451395204));
#2172=CARTESIAN_POINT('',(0.0786004043829267,-0.214,-0.0128971382446913));
#2173=CARTESIAN_POINT('',(0.0983977438332566,-0.134,-0.017904226039288));
#2174=CARTESIAN_POINT('',(0.0983977438332566,-0.166374702857529,-0.017904226039288));
#2175=CARTESIAN_POINT('',(0.0916958071602937,-0.198318216812452,-0.0165845932141372));
#2176=CARTESIAN_POINT('',(0.0783723419659442,-0.214,-0.0141741236318315));
#2177=CARTESIAN_POINT('',(0.0977593122473895,-0.134,-0.0211138383639377));
#2178=CARTESIAN_POINT('',(0.0977593122473895,-0.166374702857529,-0.0211138383639377));
#2179=CARTESIAN_POINT('',(0.0910878839391547,-0.198318216812452,-0.0195587479164017));
#2180=CARTESIAN_POINT('',(0.0778526575926379,-0.214,-0.0167160110363646));
#2181=CARTESIAN_POINT('',(0.0974007007091169,-0.134,-0.022710808063874));
#2182=CARTESIAN_POINT('',(0.0974007007091169,-0.166374702857529,-0.022710808063874));
#2183=CARTESIAN_POINT('',(0.0907467438795878,-0.198318216812452,-0.021038754296599));
#2184=CARTESIAN_POINT('',(0.0775610356783236,-0.214,-0.0179809128425618));
#2185=CARTESIAN_POINT('',(0.0966055499297919,-0.134,-0.0258852279167787));
#2186=CARTESIAN_POINT('',(0.0966055499297919,-0.166374702857529,-0.0258852279167787));
#2187=CARTESIAN_POINT('',(0.0899912085230901,-0.198318216812452,-0.0239811466887513));
#2188=CARTESIAN_POINT('',(0.0769151761054715,-0.214,-0.020495660413957));
#2189=CARTESIAN_POINT('',(0.0961690107656752,-0.134,-0.0274626777626025));
#2190=CARTESIAN_POINT('',(0.0961690107656752,-0.166374702857529,-0.0274626777626025));
#2191=CARTESIAN_POINT('',(0.0895768132874628,-0.198318216812452,-0.025443532455969));
#2192=CARTESIAN_POINT('',(0.0765609384992555,-0.214,-0.021745505970275));
#2193=CARTESIAN_POINT('',(0.0952190563807666,-0.134,-0.03059425768829));
#2194=CARTESIAN_POINT('',(0.0952190563807666,-0.166374702857529,-0.03059425768829));
#2195=CARTESIAN_POINT('',(0.0886760189276258,-0.198318216812452,-0.0283472421705336));
#2196=CARTESIAN_POINT('',(0.0757909190105326,-0.214,-0.0242272003505009));
#2197=CARTESIAN_POINT('',(0.0947056412518885,-0.134,-0.0321483874651542));
#2198=CARTESIAN_POINT('',(0.0947056412518885,-0.166374702857529,-0.0321483874651542));
#2199=CARTESIAN_POINT('',(0.0881896198766545,-0.198318216812452,-0.0297885658764461));
#2200=CARTESIAN_POINT('',(0.0753751371905337,-0.214,-0.0254590489683476));
#2201=CARTESIAN_POINT('',(0.0936031717847157,-0.134,-0.0352295832132897));
#2202=CARTESIAN_POINT('',(0.0936031717847157,-0.166374702857529,-0.0352295832132897));
#2203=CARTESIAN_POINT('',(0.0871462168058835,-0.198318216812452,-0.0326467547813019));
#2204=CARTESIAN_POINT('',(0.0744832266920285,-0.214,-0.027901846986147));
#2205=CARTESIAN_POINT('',(0.0930141175530916,-0.134,-0.0367566488864364));
#2206=CARTESIAN_POINT('',(0.0930141175530916,-0.166374702857529,-0.0367566488864364));
#2207=CARTESIAN_POINT('',(0.0865892128710807,-0.198318216812452,-0.0340636197426952));
#2208=CARTESIAN_POINT('',(0.0740070980860659,-0.214,-0.029112796183354));
#2209=CARTESIAN_POINT('',(0.0917617889491658,-0.134,-0.0397800375865816));
#2210=CARTESIAN_POINT('',(0.0917617889491658,-0.166374702857529,-0.0397800375865816));
#2211=CARTESIAN_POINT('',(0.0854061441491267,-0.198318216812452,-0.0368695464229877));
#2212=CARTESIAN_POINT('',(0.0729958153568797,-0.214,-0.0315109372143633));
#2213=CARTESIAN_POINT('',(0.0910985146980347,-0.134,-0.0412763603210488));
#2214=CARTESIAN_POINT('',(0.0910985146980347,-0.166374702857529,-0.0412763603210488));
#2215=CARTESIAN_POINT('',(0.0847800794585261,-0.198318216812452,-0.0382586079087937));
#2216=CARTESIAN_POINT('',(0.0724606613160607,-0.214,-0.0326981288492236));
#2217=CARTESIAN_POINT('',(0.089699343926654,-0.134,-0.0442346583650076));
#2218=CARTESIAN_POINT('',(0.089699343926654,-0.166374702857529,-0.0442346583650076));
#2219=CARTESIAN_POINT('',(0.0834605758141434,-0.198318216812452,-0.0410056419158481));
#2220=CARTESIAN_POINT('',(0.0713327706569402,-0.214,-0.0350459469772287));
#2221=CARTESIAN_POINT('',(0.0889634475417828,-0.134,-0.0456966333882657));
#2222=CARTESIAN_POINT('',(0.0889634475417828,-0.166374702857529,-0.0456966333882657));
#2223=CARTESIAN_POINT('',(0.0827671369682328,-0.198318216812452,-0.0423636142090216));
#2224=CARTESIAN_POINT('',(0.0707400341307056,-0.214,-0.0362065732757145));
#2225=CARTESIAN_POINT('',(0.0874208053278883,-0.134,-0.0485827139769338));
#2226=CARTESIAN_POINT('',(0.0874208053278883,-0.166374702857529,-0.0485827139769338));
#2227=CARTESIAN_POINT('',(0.0813147110078166,-0.198318216812452,-0.045045250041928));
#2228=CARTESIAN_POINT('',(0.0694985404211928,-0.214,-0.0384985092257469));
#2229=CARTESIAN_POINT('',(0.086614059648125,-0.134,-0.0500068192630979));
#2230=CARTESIAN_POINT('',(0.086614059648125,-0.166374702857529,-0.0500068192630979));
#2231=CARTESIAN_POINT('',(0.0805557240122434,-0.198318216812452,-0.0463689133591536));
#2232=CARTESIAN_POINT('',(0.068849783339422,-0.214,-0.0396298186873865));
#2233=CARTESIAN_POINT('',(0.0849316623519294,-0.134,-0.0528137295755465));
#2234=CARTESIAN_POINT('',(0.0849316623519294,-0.166374702857529,-0.0528137295755465));
#2235=CARTESIAN_POINT('',(0.0789741637493994,-0.198318216812452,-0.0489787841453422));
#2236=CARTESIAN_POINT('',(0.0674979265154286,-0.214,-0.0418604315019114));
#2237=CARTESIAN_POINT('',(0.0840560108982793,-0.134,-0.0541965343302452));
#2238=CARTESIAN_POINT('',(0.0840560108982793,-0.166374702857529,-0.0541965343302452));
#2239=CARTESIAN_POINT('',(0.0781515906118358,-0.198318216812452,-0.0502649913979016));
#2240=CARTESIAN_POINT('',(0.0667948268839095,-0.214,-0.0429597346700992));
#2241=CARTESIAN_POINT('',(0.0822379115622298,-0.134,-0.0569175122736752));
#2242=CARTESIAN_POINT('',(0.0822379115622298,-0.166374702857529,-0.0569175122736752));
#2243=CARTESIAN_POINT('',(0.0764449523334703,-0.198318216812452,-0.0527968822397498));
#2244=CARTESIAN_POINT('',(0.0653360758490199,-0.214,-0.0451237131001661));
#2245=CARTESIAN_POINT('',(0.0812954638557426,-0.134,-0.0582556851991352));
#2246=CARTESIAN_POINT('',(0.0812954638557426,-0.166374702857529,-0.0582556851991352));
#2247=CARTESIAN_POINT('',(0.0755608873328379,-0.198318216812452,-0.0540425656192605));
#2248=CARTESIAN_POINT('',(0.0645804245652822,-0.214,-0.0461883881830022));
#2249=CARTESIAN_POINT('',(0.0793460424403864,-0.134,-0.0608841756993514));
#2250=CARTESIAN_POINT('',(0.0793460424403864,-0.166374702857529,-0.0608841756993514));
#2251=CARTESIAN_POINT('',(0.0737334878189537,-0.198318216812452,-0.0564904265745802));
#2252=CARTESIAN_POINT('',(0.0630184705504534,-0.214,-0.0482805617669167));
#2253=CARTESIAN_POINT('',(0.0783390689201358,-0.134,-0.0621744930197851));
#2254=CARTESIAN_POINT('',(0.0783390689201358,-0.166374702857529,-0.0621744930197851));
#2255=CARTESIAN_POINT('',(0.0727901534559958,-0.198318216812452,-0.0576926039477416));
#2256=CARTESIAN_POINT('',(0.0622121679476362,-0.214,-0.0493080600950378));
#2257=CARTESIAN_POINT('',(0.0762630217524116,-0.134,-0.064704163812944));
#2258=CARTESIAN_POINT('',(0.0762630217524116,-0.166374702857529,-0.064704163812944));
#2259=CARTESIAN_POINT('',(0.0708465615719368,-0.198318216812452,-0.0600505626128729));
#2260=CARTESIAN_POINT('',(0.0605509173352913,-0.214,-0.0513234098978641));
#2261=CARTESIAN_POINT('',(0.0751939483058083,-0.134,-0.065943517040908));
#2262=CARTESIAN_POINT('',(0.0751939483058083,-0.166374702857529,-0.065943517040908));
#2263=CARTESIAN_POINT('',(0.0698463042108921,-0.198318216812452,-0.0612063437098136));
#2264=CARTESIAN_POINT('',(0.0596959694623697,-0.214,-0.0523112612061144));
#2265=CARTESIAN_POINT('',(0.0729962767651835,-0.134,-0.0683682739284957));
#2266=CARTESIAN_POINT('',(0.0729962767651835,-0.166374702857529,-0.0683682739284957));
#2267=CARTESIAN_POINT('',(0.0677913318922933,-0.198318216812452,-0.0634687173750132));
#2268=CARTESIAN_POINT('',(0.0579395360921733,-0.214,-0.0542449301941367));
#2269=CARTESIAN_POINT('',(0.0718676788838002,-0.134,-0.0695536773535093));
#2270=CARTESIAN_POINT('',(0.0718676788838002,-0.166374702857529,-0.0695536773535093));
#2271=CARTESIAN_POINT('',(0.0667366171041724,-0.198318216812452,-0.0645753097563314));
#2272=CARTESIAN_POINT('',(0.0570380507395074,-0.214,-0.0551907477143573));
#2273=CARTESIAN_POINT('',(0.0695536773535094,-0.134,-0.0718676788838002));
#2274=CARTESIAN_POINT('',(0.0695536773535094,-0.166374702857529,-0.0718676788838002));
#2275=CARTESIAN_POINT('',(0.0645753097563315,-0.198318216812452,-0.0667366171041723));
#2276=CARTESIAN_POINT('',(0.0551907477143573,-0.214,-0.0570380507395074));
#2277=CARTESIAN_POINT('',(0.0683682739284957,-0.134,-0.0729962767651835));
#2278=CARTESIAN_POINT('',(0.0683682739284957,-0.166374702857529,-0.0729962767651835));
#2279=CARTESIAN_POINT('',(0.0634687173750132,-0.198318216812452,-0.0677913318922933));
#2280=CARTESIAN_POINT('',(0.0542449301941367,-0.214,-0.0579395360921733));
#2281=CARTESIAN_POINT('',(0.065943517040908,-0.134,-0.0751939483058083));
#2282=CARTESIAN_POINT('',(0.065943517040908,-0.166374702857529,-0.0751939483058083));
#2283=CARTESIAN_POINT('',(0.0612063437098136,-0.198318216812452,-0.0698463042108921));
#2284=CARTESIAN_POINT('',(0.0523112612061144,-0.214,-0.0596959694623697));
#2285=CARTESIAN_POINT('',(0.064704163812944,-0.134,-0.0762630217524116));
#2286=CARTESIAN_POINT('',(0.064704163812944,-0.166374702857529,-0.0762630217524116));
#2287=CARTESIAN_POINT('',(0.0600505626128729,-0.198318216812452,-0.0708465615719368));
#2288=CARTESIAN_POINT('',(0.0513234098978641,-0.214,-0.0605509173352913));
#2289=CARTESIAN_POINT('',(0.0621744930197851,-0.134,-0.0783390689201358));
#2290=CARTESIAN_POINT('',(0.0621744930197851,-0.166374702857529,-0.0783390689201358));
#2291=CARTESIAN_POINT('',(0.0576926039477416,-0.198318216812452,-0.0727901534559957));
#2292=CARTESIAN_POINT('',(0.0493080600950378,-0.214,-0.0622121679476361));
#2293=CARTESIAN_POINT('',(0.0608841756993515,-0.134,-0.0793460424403864));
#2294=CARTESIAN_POINT('',(0.0608841756993515,-0.166374702857529,-0.0793460424403864));
#2295=CARTESIAN_POINT('',(0.0564904265745803,-0.198318216812452,-0.0737334878189536));
#2296=CARTESIAN_POINT('',(0.0482805617669167,-0.214,-0.0630184705504534));
#2297=CARTESIAN_POINT('',(0.0582556851991352,-0.134,-0.0812954638557426));
#2298=CARTESIAN_POINT('',(0.0582556851991352,-0.166374702857529,-0.0812954638557426));
#2299=CARTESIAN_POINT('',(0.0540425656192605,-0.198318216812452,-0.0755608873328379));
#2300=CARTESIAN_POINT('',(0.0461883881830023,-0.214,-0.0645804245652822));
#2301=CARTESIAN_POINT('',(0.0569175122736753,-0.134,-0.0822379115622298));
#2302=CARTESIAN_POINT('',(0.0569175122736753,-0.166374702857529,-0.0822379115622298));
#2303=CARTESIAN_POINT('',(0.0527968822397499,-0.198318216812452,-0.0764449523334703));
#2304=CARTESIAN_POINT('',(0.0451237131001661,-0.214,-0.0653360758490199));
#2305=CARTESIAN_POINT('',(0.0541965343302452,-0.134,-0.0840560108982793));
#2306=CARTESIAN_POINT('',(0.0541965343302452,-0.166374702857529,-0.0840560108982793));
#2307=CARTESIAN_POINT('',(0.0502649913979016,-0.198318216812452,-0.0781515906118357));
#2308=CARTESIAN_POINT('',(0.0429597346700992,-0.214,-0.0667948268839094));
#2309=CARTESIAN_POINT('',(0.0528137295755465,-0.134,-0.0849316623519294));
#2310=CARTESIAN_POINT('',(0.0528137295755465,-0.166374702857529,-0.0849316623519294));
#2311=CARTESIAN_POINT('',(0.0489787841453422,-0.198318216812452,-0.0789741637493994));
#2312=CARTESIAN_POINT('',(0.0418604315019115,-0.214,-0.0674979265154286));
#2313=CARTESIAN_POINT('',(0.0500068192630979,-0.134,-0.0866140596481251));
#2314=CARTESIAN_POINT('',(0.0500068192630979,-0.166374702857529,-0.0866140596481251));
#2315=CARTESIAN_POINT('',(0.0463689133591536,-0.198318216812452,-0.0805557240122435));
#2316=CARTESIAN_POINT('',(0.0396298186873865,-0.214,-0.068849783339422));
#2317=CARTESIAN_POINT('',(0.0485827139769339,-0.134,-0.0874208053278882));
#2318=CARTESIAN_POINT('',(0.0485827139769339,-0.166374702857529,-0.0874208053278882));
#2319=CARTESIAN_POINT('',(0.045045250041928,-0.198318216812452,-0.0813147110078165));
#2320=CARTESIAN_POINT('',(0.0384985092257469,-0.214,-0.0694985404211927));
#2321=CARTESIAN_POINT('',(0.0456966333882657,-0.134,-0.0889634475417828));
#2322=CARTESIAN_POINT('',(0.0456966333882657,-0.166374702857529,-0.0889634475417828));
#2323=CARTESIAN_POINT('',(0.0423636142090216,-0.198318216812452,-0.0827671369682328));
#2324=CARTESIAN_POINT('',(0.0362065732757145,-0.214,-0.0707400341307056));
#2325=CARTESIAN_POINT('',(0.0442346583650077,-0.134,-0.089699343926654));
#2326=CARTESIAN_POINT('',(0.0442346583650077,-0.166374702857529,-0.089699343926654));
#2327=CARTESIAN_POINT('',(0.0410056419158481,-0.198318216812452,-0.0834605758141434));
#2328=CARTESIAN_POINT('',(0.0350459469772287,-0.214,-0.0713327706569402));
#2329=CARTESIAN_POINT('',(0.0412763603210489,-0.134,-0.0910985146980347));
#2330=CARTESIAN_POINT('',(0.0412763603210489,-0.166374702857529,-0.0910985146980347));
#2331=CARTESIAN_POINT('',(0.0382586079087937,-0.198318216812452,-0.0847800794585261));
#2332=CARTESIAN_POINT('',(0.0326981288492236,-0.214,-0.0724606613160607));
#2333=CARTESIAN_POINT('',(0.0397800375865816,-0.134,-0.0917617889491658));
#2334=CARTESIAN_POINT('',(0.0397800375865816,-0.166374702857529,-0.0917617889491658));
#2335=CARTESIAN_POINT('',(0.0368695464229877,-0.198318216812452,-0.0854061441491267));
#2336=CARTESIAN_POINT('',(0.0315109372143633,-0.214,-0.0729958153568797));
#2337=CARTESIAN_POINT('',(0.0367566488864364,-0.134,-0.0930141175530916));
#2338=CARTESIAN_POINT('',(0.0367566488864364,-0.166374702857529,-0.0930141175530916));
#2339=CARTESIAN_POINT('',(0.0340636197426952,-0.198318216812452,-0.0865892128710807));
#2340=CARTESIAN_POINT('',(0.029112796183354,-0.214,-0.0740070980860659));
#2341=CARTESIAN_POINT('',(0.0352295832132897,-0.134,-0.0936031717847157));
#2342=CARTESIAN_POINT('',(0.0352295832132897,-0.166374702857529,-0.0936031717847157));
#2343=CARTESIAN_POINT('',(0.0326467547813019,-0.198318216812452,-0.0871462168058835));
#2344=CARTESIAN_POINT('',(0.027901846986147,-0.214,-0.0744832266920285));
#2345=CARTESIAN_POINT('',(0.0321483874651543,-0.134,-0.0947056412518885));
#2346=CARTESIAN_POINT('',(0.0321483874651543,-0.166374702857529,-0.0947056412518885));
#2347=CARTESIAN_POINT('',(0.0297885658764461,-0.198318216812452,-0.0881896198766544));
#2348=CARTESIAN_POINT('',(0.0254590489683476,-0.214,-0.0753751371905336));
#2349=CARTESIAN_POINT('',(0.03059425768829,-0.134,-0.0952190563807666));
#2350=CARTESIAN_POINT('',(0.03059425768829,-0.166374702857529,-0.0952190563807666));
#2351=CARTESIAN_POINT('',(0.0283472421705337,-0.198318216812452,-0.0886760189276258));
#2352=CARTESIAN_POINT('',(0.0242272003505009,-0.214,-0.0757909190105326));
#2353=CARTESIAN_POINT('',(0.0274626777626025,-0.134,-0.0961690107656752));
#2354=CARTESIAN_POINT('',(0.0274626777626025,-0.166374702857529,-0.0961690107656752));
#2355=CARTESIAN_POINT('',(0.025443532455969,-0.198318216812452,-0.0895768132874628));
#2356=CARTESIAN_POINT('',(0.0217455059702751,-0.214,-0.0765609384992555));
#2357=CARTESIAN_POINT('',(0.0258852279167787,-0.134,-0.0966055499297919));
#2358=CARTESIAN_POINT('',(0.0258852279167787,-0.166374702857529,-0.0966055499297919));
#2359=CARTESIAN_POINT('',(0.0239811466887513,-0.198318216812452,-0.0899912085230901));
#2360=CARTESIAN_POINT('',(0.020495660413957,-0.214,-0.0769151761054715));
#2361=CARTESIAN_POINT('',(0.022710808063874,-0.134,-0.0974007007091169));
#2362=CARTESIAN_POINT('',(0.022710808063874,-0.166374702857529,-0.0974007007091169));
#2363=CARTESIAN_POINT('',(0.021038754296599,-0.198318216812452,-0.0907467438795878));
#2364=CARTESIAN_POINT('',(0.0179809128425618,-0.214,-0.0775610356783236));
#2365=CARTESIAN_POINT('',(0.0211138383639378,-0.134,-0.0977593122473895));
#2366=CARTESIAN_POINT('',(0.0211138383639378,-0.166374702857529,-0.0977593122473895));
#2367=CARTESIAN_POINT('',(0.0195587479164017,-0.198318216812452,-0.0910878839391547));
#2368=CARTESIAN_POINT('',(0.0167160110363646,-0.214,-0.0778526575926379));
#2369=CARTESIAN_POINT('',(0.017904226039288,-0.134,-0.0983977438332566));
#2370=CARTESIAN_POINT('',(0.017904226039288,-0.166374702857529,-0.0983977438332566));
#2371=CARTESIAN_POINT('',(0.0165845932141372,-0.198318216812452,-0.0916958071602937));
#2372=CARTESIAN_POINT('',(0.0141741236318315,-0.214,-0.0783723419659442));
#2373=CARTESIAN_POINT('',(0.0162915837251242,-0.134,-0.0986775638190788));
#2374=CARTESIAN_POINT('',(0.0162915837251242,-0.166374702857529,-0.0986775638190788));
#2375=CARTESIAN_POINT('',(0.0150904451395204,-0.198318216812452,-0.0919625902726448));
#2376=CARTESIAN_POINT('',(0.0128971382446913,-0.214,-0.0786004043829266));
#2377=CARTESIAN_POINT('',(0.0130545111659482,-0.134,-0.0991577381738774));
#2378=CARTESIAN_POINT('',(0.0130545111659482,-0.166374702857529,-0.0991577381738774));
#2379=CARTESIAN_POINT('',(0.0120915160499478,-0.198318216812452,-0.0924208490639464));
#2380=CARTESIAN_POINT('',(0.0103340820226211,-0.214,-0.0789921550338283));
#2381=CARTESIAN_POINT('',(0.0114300812341426,-0.134,-0.099358092496394));
#2382=CARTESIAN_POINT('',(0.0114300812341426,-0.166374702857529,-0.099358092496394));
#2383=CARTESIAN_POINT('',(0.0105867352845595,-0.198318216812452,-0.0926123247058771));
#2384=CARTESIAN_POINT('',(0.00904801140069381,-0.214,-0.0791558432361516));
#2385=CARTESIAN_POINT('',(0.00817334683176955,-0.134,-0.0996788528380453));
#2386=CARTESIAN_POINT('',(0.00817334683176955,-0.166374702857529,-0.0996788528380453));
#2387=CARTESIAN_POINT('',(0.00757007244304001,-0.198318216812452,-0.0929191705628145));
#2388=CARTESIAN_POINT('',(0.0064698023661496,-0.214,-0.0794181609224493));
#2389=CARTESIAN_POINT('',(0.00654104267631111,-0.134,-0.0997992588261445));
#2390=CARTESIAN_POINT('',(0.00654104267631111,-0.166374702857529,-0.0997992588261445));
#2391=CARTESIAN_POINT('',(0.00605819061799221,-0.198318216812452,-0.0930345407530917));
#2392=CARTESIAN_POINT('',(0.00517766416782907,-0.214,-0.0795167903853174));
#2393=CARTESIAN_POINT('',(0.00327249218917253,-0.134,-0.09995983241489));
#2394=CARTESIAN_POINT('',(0.00327249218917253,-0.166374702857529,-0.09995983241489));
#2395=CARTESIAN_POINT('',(0.00303087240268304,-0.198318216812452,-0.0931885311816438));
#2396=CARTESIAN_POINT('',(0.00259035053884532,-0.214,-0.0796484370406843));
#2397=CARTESIAN_POINT('',(0.0016362461737447,-0.134,-0.1));
#2398=CARTESIAN_POINT('',(0.0016362461737447,-0.166374702857529,-0.1));
#2399=CARTESIAN_POINT('',(0.00151543626441611,-0.198318216812452,-0.0932271514075391));
#2400=CARTESIAN_POINT('',(0.00129517532325599,-0.214,-0.0796814542226172));
#2401=CARTESIAN_POINT('',(-0.00163624617374467,-0.134,-0.1));
#2402=CARTESIAN_POINT('',(-0.00163624617374467,-0.166374702857529,-0.1));
#2403=CARTESIAN_POINT('',(-0.00151543626441609,-0.198318216812452,-0.0932271514075391));
#2404=CARTESIAN_POINT('',(-0.00129517532325596,-0.214,-0.0796814542226172));
#2405=CARTESIAN_POINT('',(-0.00327249218917248,-0.134,-0.09995983241489));
#2406=CARTESIAN_POINT('',(-0.00327249218917248,-0.166374702857529,-0.09995983241489));
#2407=CARTESIAN_POINT('',(-0.003030872402683,-0.198318216812452,-0.0931885311816438));
#2408=CARTESIAN_POINT('',(-0.00259035053884529,-0.214,-0.0796484370406843));
#2409=CARTESIAN_POINT('',(-0.00654104267631106,-0.134,-0.0997992588261445));
#2410=CARTESIAN_POINT('',(-0.00654104267631106,-0.166374702857529,-0.0997992588261445));
#2411=CARTESIAN_POINT('',(-0.00605819061799217,-0.198318216812452,-0.0930345407530917));
#2412=CARTESIAN_POINT('',(-0.00517766416782903,-0.214,-0.0795167903853174));
#2413=CARTESIAN_POINT('',(-0.00817334683176952,-0.134,-0.0996788528380453));
#2414=CARTESIAN_POINT('',(-0.00817334683176952,-0.166374702857529,-0.0996788528380453));
#2415=CARTESIAN_POINT('',(-0.00757007244303999,-0.198318216812452,-0.0929191705628145));
#2416=CARTESIAN_POINT('',(-0.00646980236614958,-0.214,-0.0794181609224492));
#2417=CARTESIAN_POINT('',(-0.0114300812341426,-0.134,-0.099358092496394));
#2418=CARTESIAN_POINT('',(-0.0114300812341426,-0.166374702857529,-0.099358092496394));
#2419=CARTESIAN_POINT('',(-0.0105867352845595,-0.198318216812452,-0.0926123247058771));
#2420=CARTESIAN_POINT('',(-0.00904801140069378,-0.214,-0.0791558432361516));
#2421=CARTESIAN_POINT('',(-0.0130545111659481,-0.134,-0.0991577381738774));
#2422=CARTESIAN_POINT('',(-0.0130545111659481,-0.166374702857529,-0.0991577381738774));
#2423=CARTESIAN_POINT('',(-0.0120915160499478,-0.198318216812452,-0.0924208490639464));
#2424=CARTESIAN_POINT('',(-0.0103340820226211,-0.214,-0.0789921550338283));
#2425=CARTESIAN_POINT('',(-0.0162915837251242,-0.134,-0.0986775638190788));
#2426=CARTESIAN_POINT('',(-0.0162915837251242,-0.166374702857529,-0.0986775638190788));
#2427=CARTESIAN_POINT('',(-0.0150904451395204,-0.198318216812452,-0.0919625902726448));
#2428=CARTESIAN_POINT('',(-0.0128971382446912,-0.214,-0.0786004043829266));
#2429=CARTESIAN_POINT('',(-0.0179042260392879,-0.134,-0.0983977438332566));
#2430=CARTESIAN_POINT('',(-0.0179042260392879,-0.166374702857529,-0.0983977438332566));
#2431=CARTESIAN_POINT('',(-0.0165845932141372,-0.198318216812452,-0.0916958071602937));
#2432=CARTESIAN_POINT('',(-0.0141741236318315,-0.214,-0.0783723419659442));
#2433=CARTESIAN_POINT('',(-0.0211138383639377,-0.134,-0.0977593122473895));
#2434=CARTESIAN_POINT('',(-0.0211138383639377,-0.166374702857529,-0.0977593122473895));
#2435=CARTESIAN_POINT('',(-0.0195587479164017,-0.198318216812452,-0.0910878839391547));
#2436=CARTESIAN_POINT('',(-0.0167160110363646,-0.214,-0.0778526575926379));
#2437=CARTESIAN_POINT('',(-0.022710808063874,-0.134,-0.0974007007091169));
#2438=CARTESIAN_POINT('',(-0.022710808063874,-0.166374702857529,-0.0974007007091169));
#2439=CARTESIAN_POINT('',(-0.021038754296599,-0.198318216812452,-0.0907467438795878));
#2440=CARTESIAN_POINT('',(-0.0179809128425618,-0.214,-0.0775610356783236));
#2441=CARTESIAN_POINT('',(-0.0258852279167787,-0.134,-0.0966055499297919));
#2442=CARTESIAN_POINT('',(-0.0258852279167787,-0.166374702857529,-0.0966055499297919));
#2443=CARTESIAN_POINT('',(-0.0239811466887513,-0.198318216812452,-0.0899912085230901));
#2444=CARTESIAN_POINT('',(-0.020495660413957,-0.214,-0.0769151761054715));
#2445=CARTESIAN_POINT('',(-0.0274626777626025,-0.134,-0.0961690107656752));
#2446=CARTESIAN_POINT('',(-0.0274626777626025,-0.166374702857529,-0.0961690107656752));
#2447=CARTESIAN_POINT('',(-0.025443532455969,-0.198318216812452,-0.0895768132874628));
#2448=CARTESIAN_POINT('',(-0.021745505970275,-0.214,-0.0765609384992555));
#2449=CARTESIAN_POINT('',(-0.03059425768829,-0.134,-0.0952190563807666));
#2450=CARTESIAN_POINT('',(-0.03059425768829,-0.166374702857529,-0.0952190563807666));
#2451=CARTESIAN_POINT('',(-0.0283472421705336,-0.198318216812452,-0.0886760189276258));
#2452=CARTESIAN_POINT('',(-0.0242272003505009,-0.214,-0.0757909190105326));
#2453=CARTESIAN_POINT('',(-0.0321483874651542,-0.134,-0.0947056412518885));
#2454=CARTESIAN_POINT('',(-0.0321483874651542,-0.166374702857529,-0.0947056412518885));
#2455=CARTESIAN_POINT('',(-0.0297885658764461,-0.198318216812452,-0.0881896198766544));
#2456=CARTESIAN_POINT('',(-0.0254590489683476,-0.214,-0.0753751371905336));
#2457=CARTESIAN_POINT('',(-0.0352295832132897,-0.134,-0.0936031717847157));
#2458=CARTESIAN_POINT('',(-0.0352295832132897,-0.166374702857529,-0.0936031717847157));
#2459=CARTESIAN_POINT('',(-0.0326467547813019,-0.198318216812452,-0.0871462168058835));
#2460=CARTESIAN_POINT('',(-0.027901846986147,-0.214,-0.0744832266920285));
#2461=CARTESIAN_POINT('',(-0.0367566488864363,-0.134,-0.0930141175530916));
#2462=CARTESIAN_POINT('',(-0.0367566488864363,-0.166374702857529,-0.0930141175530916));
#2463=CARTESIAN_POINT('',(-0.0340636197426951,-0.198318216812452,-0.0865892128710807));
#2464=CARTESIAN_POINT('',(-0.029112796183354,-0.214,-0.0740070980860659));
#2465=CARTESIAN_POINT('',(-0.0397800375865815,-0.134,-0.0917617889491658));
#2466=CARTESIAN_POINT('',(-0.0397800375865815,-0.166374702857529,-0.0917617889491658));
#2467=CARTESIAN_POINT('',(-0.0368695464229876,-0.198318216812452,-0.0854061441491267));
#2468=CARTESIAN_POINT('',(-0.0315109372143632,-0.214,-0.0729958153568797));
#2469=CARTESIAN_POINT('',(-0.0412763603210488,-0.134,-0.0910985146980347));
#2470=CARTESIAN_POINT('',(-0.0412763603210488,-0.166374702857529,-0.0910985146980347));
#2471=CARTESIAN_POINT('',(-0.0382586079087936,-0.198318216812452,-0.0847800794585261));
#2472=CARTESIAN_POINT('',(-0.0326981288492236,-0.214,-0.0724606613160607));
#2473=CARTESIAN_POINT('',(-0.0442346583650075,-0.134,-0.089699343926654));
#2474=CARTESIAN_POINT('',(-0.0442346583650075,-0.166374702857529,-0.089699343926654));
#2475=CARTESIAN_POINT('',(-0.0410056419158481,-0.198318216812452,-0.0834605758141434));
#2476=CARTESIAN_POINT('',(-0.0350459469772287,-0.214,-0.0713327706569402));
#2477=CARTESIAN_POINT('',(-0.0456966333882657,-0.134,-0.0889634475417828));
#2478=CARTESIAN_POINT('',(-0.0456966333882657,-0.166374702857529,-0.0889634475417828));
#2479=CARTESIAN_POINT('',(-0.0423636142090216,-0.198318216812452,-0.0827671369682328));
#2480=CARTESIAN_POINT('',(-0.0362065732757145,-0.214,-0.0707400341307056));
#2481=CARTESIAN_POINT('',(-0.0485827139769338,-0.134,-0.0874208053278882));
#2482=CARTESIAN_POINT('',(-0.0485827139769338,-0.166374702857529,-0.0874208053278882));
#2483=CARTESIAN_POINT('',(-0.045045250041928,-0.198318216812452,-0.0813147110078165));
#2484=CARTESIAN_POINT('',(-0.0384985092257469,-0.214,-0.0694985404211928));
#2485=CARTESIAN_POINT('',(-0.0500068192630979,-0.134,-0.0866140596481251));
#2486=CARTESIAN_POINT('',(-0.0500068192630979,-0.166374702857529,-0.0866140596481251));
#2487=CARTESIAN_POINT('',(-0.0463689133591536,-0.198318216812452,-0.0805557240122435));
#2488=CARTESIAN_POINT('',(-0.0396298186873865,-0.214,-0.068849783339422));
#2489=CARTESIAN_POINT('',(-0.0528137295755465,-0.134,-0.0849316623519294));
#2490=CARTESIAN_POINT('',(-0.0528137295755465,-0.166374702857529,-0.0849316623519294));
#2491=CARTESIAN_POINT('',(-0.0489787841453422,-0.198318216812452,-0.0789741637493994));
#2492=CARTESIAN_POINT('',(-0.0418604315019114,-0.214,-0.0674979265154286));
#2493=CARTESIAN_POINT('',(-0.0541965343302452,-0.134,-0.0840560108982793));
#2494=CARTESIAN_POINT('',(-0.0541965343302452,-0.166374702857529,-0.0840560108982793));
#2495=CARTESIAN_POINT('',(-0.0502649913979015,-0.198318216812452,-0.0781515906118357));
#2496=CARTESIAN_POINT('',(-0.0429597346700991,-0.214,-0.0667948268839094));
#2497=CARTESIAN_POINT('',(-0.0569175122736752,-0.134,-0.0822379115622298));
#2498=CARTESIAN_POINT('',(-0.0569175122736752,-0.166374702857529,-0.0822379115622298));
#2499=CARTESIAN_POINT('',(-0.0527968822397498,-0.198318216812452,-0.0764449523334703));
#2500=CARTESIAN_POINT('',(-0.0451237131001661,-0.214,-0.0653360758490199));
#2501=CARTESIAN_POINT('',(-0.0582556851991352,-0.134,-0.0812954638557426));
#2502=CARTESIAN_POINT('',(-0.0582556851991352,-0.166374702857529,-0.0812954638557426));
#2503=CARTESIAN_POINT('',(-0.0540425656192605,-0.198318216812452,-0.0755608873328379));
#2504=CARTESIAN_POINT('',(-0.0461883881830023,-0.214,-0.0645804245652822));
#2505=CARTESIAN_POINT('',(-0.0608841756993515,-0.134,-0.0793460424403864));
#2506=CARTESIAN_POINT('',(-0.0608841756993515,-0.166374702857529,-0.0793460424403864));
#2507=CARTESIAN_POINT('',(-0.0564904265745803,-0.198318216812452,-0.0737334878189536));
#2508=CARTESIAN_POINT('',(-0.0482805617669167,-0.214,-0.0630184705504534));
#2509=CARTESIAN_POINT('',(-0.0621744930197851,-0.134,-0.0783390689201358));
#2510=CARTESIAN_POINT('',(-0.0621744930197851,-0.166374702857529,-0.0783390689201358));
#2511=CARTESIAN_POINT('',(-0.0576926039477415,-0.198318216812452,-0.0727901534559958));
#2512=CARTESIAN_POINT('',(-0.0493080600950378,-0.214,-0.0622121679476362));
#2513=CARTESIAN_POINT('',(-0.0647041638129439,-0.134,-0.0762630217524117));
#2514=CARTESIAN_POINT('',(-0.0647041638129439,-0.166374702857529,-0.0762630217524117));
#2515=CARTESIAN_POINT('',(-0.0600505626128728,-0.198318216812452,-0.0708465615719368));
#2516=CARTESIAN_POINT('',(-0.051323409897864,-0.214,-0.0605509173352913));
#2517=CARTESIAN_POINT('',(-0.0659435170409079,-0.134,-0.0751939483058084));
#2518=CARTESIAN_POINT('',(-0.0659435170409079,-0.166374702857529,-0.0751939483058084));
#2519=CARTESIAN_POINT('',(-0.0612063437098135,-0.198318216812452,-0.0698463042108921));
#2520=CARTESIAN_POINT('',(-0.0523112612061144,-0.214,-0.0596959694623697));
#2521=CARTESIAN_POINT('',(-0.0683682739284957,-0.134,-0.0729962767651835));
#2522=CARTESIAN_POINT('',(-0.0683682739284957,-0.166374702857529,-0.0729962767651835));
#2523=CARTESIAN_POINT('',(-0.0634687173750132,-0.198318216812452,-0.0677913318922933));
#2524=CARTESIAN_POINT('',(-0.0542449301941367,-0.214,-0.0579395360921733));
#2525=CARTESIAN_POINT('',(-0.0695536773535093,-0.134,-0.0718676788838002));
#2526=CARTESIAN_POINT('',(-0.0695536773535093,-0.166374702857529,-0.0718676788838002));
#2527=CARTESIAN_POINT('',(-0.0645753097563314,-0.198318216812452,-0.0667366171041723));
#2528=CARTESIAN_POINT('',(-0.0551907477143573,-0.214,-0.0570380507395074));
#2529=CARTESIAN_POINT('',(-0.0718676788838001,-0.134,-0.0695536773535094));
#2530=CARTESIAN_POINT('',(-0.0718676788838001,-0.166374702857529,-0.0695536773535093));
#2531=CARTESIAN_POINT('',(-0.0667366171041723,-0.198318216812452,-0.0645753097563314));
#2532=CARTESIAN_POINT('',(-0.0570380507395073,-0.214,-0.0551907477143573));
#2533=CARTESIAN_POINT('',(-0.0729962767651834,-0.134,-0.0683682739284957));
#2534=CARTESIAN_POINT('',(-0.0729962767651834,-0.166374702857529,-0.0683682739284957));
#2535=CARTESIAN_POINT('',(-0.0677913318922932,-0.198318216812452,-0.0634687173750132));
#2536=CARTESIAN_POINT('',(-0.0579395360921732,-0.214,-0.0542449301941367));
#2537=CARTESIAN_POINT('',(-0.0751939483058083,-0.134,-0.065943517040908));
#2538=CARTESIAN_POINT('',(-0.0751939483058083,-0.166374702857529,-0.065943517040908));
#2539=CARTESIAN_POINT('',(-0.0698463042108921,-0.198318216812452,-0.0612063437098136));
#2540=CARTESIAN_POINT('',(-0.0596959694623697,-0.214,-0.0523112612061144));
#2541=CARTESIAN_POINT('',(-0.0762630217524116,-0.134,-0.064704163812944));
#2542=CARTESIAN_POINT('',(-0.0762630217524116,-0.166374702857529,-0.064704163812944));
#2543=CARTESIAN_POINT('',(-0.0708465615719368,-0.198318216812452,-0.0600505626128729));
#2544=CARTESIAN_POINT('',(-0.0605509173352913,-0.214,-0.0513234098978641));
#2545=CARTESIAN_POINT('',(-0.0783390689201358,-0.134,-0.0621744930197852));
#2546=CARTESIAN_POINT('',(-0.0783390689201358,-0.166374702857529,-0.0621744930197852));
#2547=CARTESIAN_POINT('',(-0.0727901534559957,-0.198318216812452,-0.0576926039477416));
#2548=CARTESIAN_POINT('',(-0.0622121679476361,-0.214,-0.0493080600950379));
#2549=CARTESIAN_POINT('',(-0.0793460424403864,-0.134,-0.0608841756993515));
#2550=CARTESIAN_POINT('',(-0.0793460424403864,-0.166374702857529,-0.0608841756993515));
#2551=CARTESIAN_POINT('',(-0.0737334878189537,-0.198318216812452,-0.0564904265745803));
#2552=CARTESIAN_POINT('',(-0.0630184705504534,-0.214,-0.0482805617669167));
#2553=CARTESIAN_POINT('',(-0.0812954638557426,-0.134,-0.0582556851991352));
#2554=CARTESIAN_POINT('',(-0.0812954638557426,-0.166374702857529,-0.0582556851991352));
#2555=CARTESIAN_POINT('',(-0.0755608873328379,-0.198318216812452,-0.0540425656192605));
#2556=CARTESIAN_POINT('',(-0.0645804245652822,-0.214,-0.0461883881830022));
#2557=CARTESIAN_POINT('',(-0.0822379115622297,-0.134,-0.0569175122736753));
#2558=CARTESIAN_POINT('',(-0.0822379115622297,-0.166374702857529,-0.0569175122736753));
#2559=CARTESIAN_POINT('',(-0.0764449523334702,-0.198318216812452,-0.0527968822397499));
#2560=CARTESIAN_POINT('',(-0.0653360758490198,-0.214,-0.0451237131001661));
#2561=CARTESIAN_POINT('',(-0.0840560108982792,-0.134,-0.0541965343302452));
#2562=CARTESIAN_POINT('',(-0.0840560108982792,-0.166374702857529,-0.0541965343302453));
#2563=CARTESIAN_POINT('',(-0.0781515906118357,-0.198318216812452,-0.0502649913979016));
#2564=CARTESIAN_POINT('',(-0.0667948268839094,-0.214,-0.0429597346700992));
#2565=CARTESIAN_POINT('',(-0.0849316623519293,-0.134,-0.0528137295755465));
#2566=CARTESIAN_POINT('',(-0.0849316623519293,-0.166374702857529,-0.0528137295755465));
#2567=CARTESIAN_POINT('',(-0.0789741637493993,-0.198318216812452,-0.0489787841453422));
#2568=CARTESIAN_POINT('',(-0.0674979265154286,-0.214,-0.0418604315019114));
#2569=CARTESIAN_POINT('',(-0.086614059648125,-0.134,-0.0500068192630979));
#2570=CARTESIAN_POINT('',(-0.086614059648125,-0.166374702857529,-0.0500068192630979));
#2571=CARTESIAN_POINT('',(-0.0805557240122434,-0.198318216812452,-0.0463689133591536));
#2572=CARTESIAN_POINT('',(-0.068849783339422,-0.214,-0.0396298186873865));
#2573=CARTESIAN_POINT('',(-0.0874208053278882,-0.134,-0.0485827139769339));
#2574=CARTESIAN_POINT('',(-0.0874208053278882,-0.166374702857529,-0.0485827139769339));
#2575=CARTESIAN_POINT('',(-0.0813147110078165,-0.198318216812452,-0.045045250041928));
#2576=CARTESIAN_POINT('',(-0.0694985404211928,-0.214,-0.0384985092257469));
#2577=CARTESIAN_POINT('',(-0.0889634475417828,-0.134,-0.0456966333882657));
#2578=CARTESIAN_POINT('',(-0.0889634475417828,-0.166374702857529,-0.0456966333882658));
#2579=CARTESIAN_POINT('',(-0.0827671369682328,-0.198318216812452,-0.0423636142090216));
#2580=CARTESIAN_POINT('',(-0.0707400341307056,-0.214,-0.0362065732757145));
#2581=CARTESIAN_POINT('',(-0.089699343926654,-0.134,-0.0442346583650077));
#2582=CARTESIAN_POINT('',(-0.089699343926654,-0.166374702857529,-0.0442346583650077));
#2583=CARTESIAN_POINT('',(-0.0834605758141434,-0.198318216812452,-0.0410056419158481));
#2584=CARTESIAN_POINT('',(-0.0713327706569401,-0.214,-0.0350459469772287));
#2585=CARTESIAN_POINT('',(-0.0910985146980346,-0.134,-0.0412763603210489));
#2586=CARTESIAN_POINT('',(-0.0910985146980346,-0.166374702857529,-0.0412763603210489));
#2587=CARTESIAN_POINT('',(-0.084780079458526,-0.198318216812452,-0.0382586079087937));
#2588=CARTESIAN_POINT('',(-0.0724606613160606,-0.214,-0.0326981288492236));
#2589=CARTESIAN_POINT('',(-0.0917617889491658,-0.134,-0.0397800375865815));
#2590=CARTESIAN_POINT('',(-0.0917617889491658,-0.166374702857529,-0.0397800375865815));
#2591=CARTESIAN_POINT('',(-0.0854061441491267,-0.198318216812452,-0.0368695464229876));
#2592=CARTESIAN_POINT('',(-0.0729958153568797,-0.214,-0.0315109372143633));
#2593=CARTESIAN_POINT('',(-0.0930141175530915,-0.134,-0.0367566488864364));
#2594=CARTESIAN_POINT('',(-0.0930141175530915,-0.166374702857529,-0.0367566488864364));
#2595=CARTESIAN_POINT('',(-0.0865892128710807,-0.198318216812452,-0.0340636197426951));
#2596=CARTESIAN_POINT('',(-0.0740070980860659,-0.214,-0.029112796183354));
#2597=CARTESIAN_POINT('',(-0.0936031717847156,-0.134,-0.0352295832132898));
#2598=CARTESIAN_POINT('',(-0.0936031717847156,-0.166374702857529,-0.0352295832132898));
#2599=CARTESIAN_POINT('',(-0.0871462168058835,-0.198318216812452,-0.0326467547813019));
#2600=CARTESIAN_POINT('',(-0.0744832266920285,-0.214,-0.027901846986147));
#2601=CARTESIAN_POINT('',(-0.0947056412518885,-0.134,-0.0321483874651543));
#2602=CARTESIAN_POINT('',(-0.0947056412518885,-0.166374702857529,-0.0321483874651543));
#2603=CARTESIAN_POINT('',(-0.0881896198766544,-0.198318216812452,-0.0297885658764461));
#2604=CARTESIAN_POINT('',(-0.0753751371905336,-0.214,-0.0254590489683476));
#2605=CARTESIAN_POINT('',(-0.0952190563807665,-0.134,-0.03059425768829));
#2606=CARTESIAN_POINT('',(-0.0952190563807665,-0.166374702857529,-0.03059425768829));
#2607=CARTESIAN_POINT('',(-0.0886760189276258,-0.198318216812452,-0.0283472421705337));
#2608=CARTESIAN_POINT('',(-0.0757909190105325,-0.214,-0.0242272003505009));
#2609=CARTESIAN_POINT('',(-0.0961690107656752,-0.134,-0.0274626777626025));
#2610=CARTESIAN_POINT('',(-0.0961690107656752,-0.166374702857529,-0.0274626777626025));
#2611=CARTESIAN_POINT('',(-0.0895768132874628,-0.198318216812452,-0.025443532455969));
#2612=CARTESIAN_POINT('',(-0.0765609384992555,-0.214,-0.0217455059702751));
#2613=CARTESIAN_POINT('',(-0.0966055499297919,-0.134,-0.0258852279167787));
#2614=CARTESIAN_POINT('',(-0.0966055499297919,-0.166374702857529,-0.0258852279167787));
#2615=CARTESIAN_POINT('',(-0.0899912085230901,-0.198318216812452,-0.0239811466887513));
#2616=CARTESIAN_POINT('',(-0.0769151761054715,-0.214,-0.020495660413957));
#2617=CARTESIAN_POINT('',(-0.0974007007091169,-0.134,-0.022710808063874));
#2618=CARTESIAN_POINT('',(-0.0974007007091169,-0.166374702857529,-0.022710808063874));
#2619=CARTESIAN_POINT('',(-0.0907467438795878,-0.198318216812452,-0.021038754296599));
#2620=CARTESIAN_POINT('',(-0.0775610356783236,-0.214,-0.0179809128425618));
#2621=CARTESIAN_POINT('',(-0.0977593122473895,-0.134,-0.0211138383639378));
#2622=CARTESIAN_POINT('',(-0.0977593122473895,-0.166374702857529,-0.0211138383639378));
#2623=CARTESIAN_POINT('',(-0.0910878839391547,-0.198318216812452,-0.0195587479164017));
#2624=CARTESIAN_POINT('',(-0.0778526575926379,-0.214,-0.0167160110363646));
#2625=CARTESIAN_POINT('',(-0.0983977438332566,-0.134,-0.017904226039288));
#2626=CARTESIAN_POINT('',(-0.0983977438332566,-0.166374702857529,-0.017904226039288));
#2627=CARTESIAN_POINT('',(-0.0916958071602937,-0.198318216812452,-0.0165845932141372));
#2628=CARTESIAN_POINT('',(-0.0783723419659442,-0.214,-0.0141741236318315));
#2629=CARTESIAN_POINT('',(-0.0986775638190787,-0.134,-0.0162915837251242));
#2630=CARTESIAN_POINT('',(-0.0986775638190787,-0.166374702857529,-0.0162915837251242));
#2631=CARTESIAN_POINT('',(-0.0919625902726447,-0.198318216812452,-0.0150904451395204));
#2632=CARTESIAN_POINT('',(-0.0786004043829266,-0.214,-0.0128971382446913));
#2633=CARTESIAN_POINT('',(-0.0991577381738774,-0.134,-0.0130545111659482));
#2634=CARTESIAN_POINT('',(-0.0991577381738774,-0.166374702857529,-0.0130545111659482));
#2635=CARTESIAN_POINT('',(-0.0924208490639464,-0.198318216812452,-0.0120915160499478));
#2636=CARTESIAN_POINT('',(-0.0789921550338283,-0.214,-0.0103340820226211));
#2637=CARTESIAN_POINT('',(-0.099358092496394,-0.134,-0.0114300812341426));
#2638=CARTESIAN_POINT('',(-0.099358092496394,-0.166374702857529,-0.0114300812341426));
#2639=CARTESIAN_POINT('',(-0.0926123247058771,-0.198318216812452,-0.0105867352845595));
#2640=CARTESIAN_POINT('',(-0.0791558432361516,-0.214,-0.0090480114006938));
#2641=CARTESIAN_POINT('',(-0.0996788528380453,-0.134,-0.00817334683176955));
#2642=CARTESIAN_POINT('',(-0.0996788528380453,-0.166374702857529,-0.00817334683176955));
#2643=CARTESIAN_POINT('',(-0.0929191705628145,-0.198318216812452,-0.00757007244304));
#2644=CARTESIAN_POINT('',(-0.0794181609224493,-0.214,-0.00646980236614959));
#2645=CARTESIAN_POINT('',(-0.0997992588261445,-0.134,-0.00654104267631109));
#2646=CARTESIAN_POINT('',(-0.0997992588261445,-0.166374702857529,-0.00654104267631109));
#2647=CARTESIAN_POINT('',(-0.0930345407530917,-0.198318216812452,-0.00605819061799219));
#2648=CARTESIAN_POINT('',(-0.0795167903853173,-0.214,-0.00517766416782905));
#2649=CARTESIAN_POINT('',(-0.09995983241489,-0.134,-0.00327249218917252));
#2650=CARTESIAN_POINT('',(-0.09995983241489,-0.166374702857529,-0.00327249218917252));
#2651=CARTESIAN_POINT('',(-0.0931885311816438,-0.198318216812452,-0.00303087240268302));
#2652=CARTESIAN_POINT('',(-0.0796484370406843,-0.214,-0.0025903505388453));
#2653=CARTESIAN_POINT('',(-0.1,-0.134,-0.0016362461737447));
#2654=CARTESIAN_POINT('',(-0.1,-0.166374702857529,-0.0016362461737447));
#2655=CARTESIAN_POINT('',(-0.0932271514075391,-0.198318216812452,-0.0015154362644161));
#2656=CARTESIAN_POINT('',(-0.0796814542226172,-0.214,-0.00129517532325597));
#2657=CARTESIAN_POINT('',(-0.1,-0.134,0.00163624617374467));
#2658=CARTESIAN_POINT('',(-0.1,-0.166374702857529,0.00163624617374467));
#2659=CARTESIAN_POINT('',(-0.0932271514075391,-0.198318216812452,0.00151543626441609));
#2660=CARTESIAN_POINT('',(-0.0796814542226172,-0.214,0.00129517532325597));
#2661=CARTESIAN_POINT('',(-0.09995983241489,-0.134,0.00327249218917248));
#2662=CARTESIAN_POINT('',(-0.09995983241489,-0.166374702857529,0.00327249218917248));
#2663=CARTESIAN_POINT('',(-0.0931885311816438,-0.198318216812452,0.00303087240268301));
#2664=CARTESIAN_POINT('',(-0.0796484370406843,-0.214,0.0025903505388453));
#2665=CARTESIAN_POINT('',(-0.0997992588261445,-0.134,0.00654104267631106));
#2666=CARTESIAN_POINT('',(-0.0997992588261445,-0.166374702857529,0.00654104267631106));
#2667=CARTESIAN_POINT('',(-0.0930345407530917,-0.198318216812452,0.00605819061799218));
#2668=CARTESIAN_POINT('',(-0.0795167903853173,-0.214,0.00517766416782905));
#2669=CARTESIAN_POINT('',(-0.0996788528380453,-0.134,0.00817334683176953));
#2670=CARTESIAN_POINT('',(-0.0996788528380453,-0.166374702857529,0.00817334683176953));
#2671=CARTESIAN_POINT('',(-0.0929191705628145,-0.198318216812452,0.00757007244304));
#2672=CARTESIAN_POINT('',(-0.0794181609224493,-0.214,0.00646980236614959));
#2673=CARTESIAN_POINT('',(-0.099358092496394,-0.134,0.0114300812341426));
#2674=CARTESIAN_POINT('',(-0.099358092496394,-0.166374702857529,0.0114300812341426));
#2675=CARTESIAN_POINT('',(-0.0926123247058771,-0.198318216812452,0.0105867352845595));
#2676=CARTESIAN_POINT('',(-0.0791558432361516,-0.214,0.0090480114006938));
#2677=CARTESIAN_POINT('',(-0.0991577381738774,-0.134,0.0130545111659482));
#2678=CARTESIAN_POINT('',(-0.0991577381738774,-0.166374702857529,0.0130545111659482));
#2679=CARTESIAN_POINT('',(-0.0924208490639464,-0.198318216812452,0.0120915160499478));
#2680=CARTESIAN_POINT('',(-0.0789921550338283,-0.214,0.0103340820226211));
#2681=CARTESIAN_POINT('',(-0.0988602274287935,-0.134,0.0150601656940308));
#2682=CARTESIAN_POINT('',(-0.0988602274287936,-0.166374702857529,0.0150601656940308));
#2683=CARTESIAN_POINT('',(-0.0921369169607866,-0.198318216812452,0.013949619505445));
#2684=CARTESIAN_POINT('',(-0.0787494306424232,-0.214,0.0119221234469486));
#2685=CARTESIAN_POINT('',(-0.0988005309017297,-0.134,0.0154469467716955));
#2686=CARTESIAN_POINT('',(-0.0988005309017297,-0.166374702857529,0.0154469467716955));
#2687=CARTESIAN_POINT('',(-0.0920799602306465,-0.198318216812452,0.0143079542815826));
#2688=CARTESIAN_POINT('',(-0.0787007402781944,-0.214,0.0122283768886817));
#2689=CARTESIAN_POINT('',(-0.0987385660262875,-0.134,0.0158333641046773));
#2690=CARTESIAN_POINT('',(-0.0987385660262875,-0.166374702857529,0.0158333641046773));
#2691=CARTESIAN_POINT('',(-0.0920208559800247,-0.198318216812452,0.0146659609206776));
#2692=CARTESIAN_POINT('',(-0.078650214188849,-0.214,0.0125343499494087));
#2693=CARTESIAN_POINT('',(-0.0788981907217025,-0.214,0.0109282414958402));
#2694=CARTESIAN_POINT('',(-0.0812335368784355,-0.211322880674353,0.0109282414958402));
#2695=CARTESIAN_POINT('',(-0.085126402749195,-0.20551537717281,0.0109282414958402));
#2696=CARTESIAN_POINT('',(-0.089578540158945,-0.195893383590393,0.0109282414958402));
#2697=CARTESIAN_POINT('',(-0.0929106527261112,-0.185936118861199,0.0109282414958402));
#2698=CARTESIAN_POINT('',(-0.0954129756701916,-0.175787794426704,0.0109282414958403));
#2699=CARTESIAN_POINT('',(-0.0972491534520722,-0.165471656612835,0.0109282414958402));
#2700=CARTESIAN_POINT('',(-0.0989289821174178,-0.151519242369808,0.0109282414958403));
#2701=CARTESIAN_POINT('',(-0.0994010733613481,-0.141020569924951,0.0109282414958397));
#2702=CARTESIAN_POINT('',(-0.0994010733613481,-0.134,0.0109282414958397));
#2703=CARTESIAN_POINT('',(0.0707138557215419,-0.0948522353179234,0.0109282414958543));
#2704=CARTESIAN_POINT('',(0.0919247588577225,-0.0948522353179234,0.0109282414958543));
#2705=CARTESIAN_POINT('',(0.0707138557215419,-0.0948356674548762,0.010523319665328));
#2706=CARTESIAN_POINT('',(0.0919247588577225,-0.0948356674548762,0.010523319665328));
#2707=CARTESIAN_POINT('',(0.0707138557215419,-0.0948053290212473,0.0101092393814271));
#2708=CARTESIAN_POINT('',(0.0919247588577225,-0.0948053290212473,0.0101092393814271));
#2709=CARTESIAN_POINT('',(0.0707138557215419,-0.094765005598095,0.00971656921436745));
#2710=CARTESIAN_POINT('',(0.0919247588577225,-0.094765005598095,0.00971656921436745));
#2711=CARTESIAN_POINT('',(0.0916506506223771,-0.0948522353179228,0.0109282414958402));
#2712=CARTESIAN_POINT('',(0.0917073294176839,-0.0948357088951758,0.0105243324744064));
#2713=CARTESIAN_POINT('',(0.0917567024439637,-0.0948064531586356,0.0101201925035957));
#2714=CARTESIAN_POINT('',(0.0917990019141193,-0.0947650056653163,0.00971656986896948));
#2715=CARTESIAN_POINT('',(0.0917990025150179,-0.0947650056340857,0.00971656921067154));
#2716=CARTESIAN_POINT('',(-0.15,-0.0947650056340857,0.00971656921067154));
#2717=CARTESIAN_POINT('',(0.0708902271129408,-0.0947650056340857,0.00971656921067154));
#2718=CARTESIAN_POINT('',(0.0708902270846104,-0.0947650056653163,0.00971656986896948));
#2719=CARTESIAN_POINT('',(0.0708893066700165,-0.0947680031190507,0.0097457591234183));
#2720=CARTESIAN_POINT('',(0.0708883657665204,-0.0947709370340237,0.00977495331887218));
#2721=CARTESIAN_POINT('',(0.070887404381488,-0.0947738072065795,0.00980415247377957));
#2722=CARTESIAN_POINT('',(0.0708874045084886,-0.0947738062406592,0.00980414819294948));
#2723=CARTESIAN_POINT('',(0.0708874048606805,-0.0947738063701361,0.00980414396440065));
#2724=CARTESIAN_POINT('',(0.0708750376802344,-0.0948107276735747,0.0101797541935171));
#2725=CARTESIAN_POINT('',(0.0708591235177746,-0.0948369415499591,0.0105544587996727));
#2726=CARTESIAN_POINT('',(0.0708396120642465,-0.0948522353179234,0.0109282414958543));
#2727=CARTESIAN_POINT('',(0.0772453287003577,-0.163566353923614,0.0114166612945017));
#2728=CARTESIAN_POINT('',(0.0772556359648695,-0.153720657254221,0.0115661574299274));
#2729=CARTESIAN_POINT('',(0.076773269344922,-0.13978132610712,0.0115857135592983));
#2730=CARTESIAN_POINT('',(0.0752393682690446,-0.12251679597568,0.0112871463323431));
#2731=CARTESIAN_POINT('',(0.0736571748199182,-0.110156505241159,0.0109219104768314));
#2732=CARTESIAN_POINT('',(0.0716511778909796,-0.0983170603931113,0.010436292184385));
#2733=CARTESIAN_POINT('',(0.0684098962076164,-0.08314724087088,0.00965601225792898));
#2734=CARTESIAN_POINT('',(0.0653316224242269,-0.0723824907843241,0.00895247715190625));
#2735=CARTESIAN_POINT('',(0.062967516674248,-0.0654210512094504,0.00845821639119258));
#2736=CARTESIAN_POINT('',(0.0773150008671713,-0.163566225332592,0.0105762363380467));
#2737=CARTESIAN_POINT('',(0.0773249228273883,-0.153722717678154,0.0107189347750609));
#2738=CARTESIAN_POINT('',(0.0768403887952946,-0.139787677714179,0.0107383788834101));
#2739=CARTESIAN_POINT('',(0.0753011099663871,-0.122529333999164,0.0104563465271366));
#2740=CARTESIAN_POINT('',(0.0737137141184305,-0.110173605754392,0.0101110047131298));
#2741=CARTESIAN_POINT('',(0.0717013775352277,-0.0983383702921615,0.00965193401526857));
#2742=CARTESIAN_POINT('',(0.0684500761852289,-0.0831733982553292,0.00891482324286526));
#2743=CARTESIAN_POINT('',(0.0653624068701001,-0.0724111414783816,0.00825118641784));
#2744=CARTESIAN_POINT('',(0.0629909793739306,-0.0654506985421001,0.00778580133566583));
#2745=CARTESIAN_POINT('',(0.0774076009382617,-0.16356605522001,0.00930230840886841));
#2746=CARTESIAN_POINT('',(0.0774170496799624,-0.153725419134419,0.00943449893124822));
#2747=CARTESIAN_POINT('',(0.0769296079872782,-0.139795954803182,0.00945615531390385));
#2748=CARTESIAN_POINT('',(0.0753830113988345,-0.122545521929366,0.00920636793952337));
#2749=CARTESIAN_POINT('',(0.0737885125240022,-0.110195555848145,0.00889822495545953));
#2750=CARTESIAN_POINT('',(0.0717675055201693,-0.0983655483214258,0.00848774924980434));
#2751=CARTESIAN_POINT('',(0.0685024908700883,-0.0832064498728994,0.00782849435457142));
#2752=CARTESIAN_POINT('',(0.0654019607209063,-0.0724469983207088,0.00723556544298727));
#2753=CARTESIAN_POINT('',(0.0630205195570286,-0.0654875146687432,0.00682069710724495));
#2754=CARTESIAN_POINT('',(0.0775071111928431,-0.163565868249257,0.00757694292708028));
#2755=CARTESIAN_POINT('',(0.0775161520170971,-0.153728349648327,0.00769218872097497));
#2756=CARTESIAN_POINT('',(0.0770256528250911,-0.139804904630614,0.00771635674046991));
#2757=CARTESIAN_POINT('',(0.0754711509698261,-0.12256293801565,0.00751480284552405));
#2758=CARTESIAN_POINT('',(0.0738689275352846,-0.110219096450739,0.00726257133015699));
#2759=CARTESIAN_POINT('',(0.0718384542894628,-0.0983945932783899,0.00692505576936763));
#2760=CARTESIAN_POINT('',(0.0685584283892987,-0.0832415892296269,0.00638227181131896));
#2761=CARTESIAN_POINT('',(0.0654437827228718,-0.0724849115927956,0.00589432965282373));
#2762=CARTESIAN_POINT('',(0.0630513388039276,-0.0655262608735474,0.00555384490669399));
#2763=CARTESIAN_POINT('',(0.07756972817855,-0.163565746519591,0.00626937011580971));
#2764=CARTESIAN_POINT('',(0.0775785724083078,-0.153730230475212,0.00636884720329311));
#2765=CARTESIAN_POINT('',(0.0770862158023045,-0.139810666298359,0.00639089123514077));
#2766=CARTESIAN_POINT('',(0.0755267895797629,-0.122574183375844,0.00622089676197913));
#2767=CARTESIAN_POINT('',(0.0739197245421059,-0.110234322740664,0.00600738771866035));
#2768=CARTESIAN_POINT('',(0.0718832956665135,-0.0984134146989079,0.00572151594269041));
#2769=CARTESIAN_POINT('',(0.0685938004694774,-0.0832644213744667,0.00526200167738493));
#2770=CARTESIAN_POINT('',(0.0654702257074986,-0.0725096165448845,0.00484957191110218));
#2771=CARTESIAN_POINT('',(0.0630708108697432,-0.0655515711295959,0.00456246695926835));
#2772=CARTESIAN_POINT('',(0.0776259090606608,-0.163565635461775,0.00480169850482252));
#2773=CARTESIAN_POINT('',(0.0776346172145608,-0.153731950407435,0.00488238746081797));
#2774=CARTESIAN_POINT('',(0.0771406035096407,-0.13981589227954,0.00490297624424681));
#2775=CARTESIAN_POINT('',(0.075576698762821,-0.122584296668398,0.00477341274220357));
#2776=CARTESIAN_POINT('',(0.0739652125174797,-0.110247948040346,0.00460866370219098));
#2777=CARTESIAN_POINT('',(0.0719233341081711,-0.0984301679622052,0.00438725051355571));
#2778=CARTESIAN_POINT('',(0.0686251648114231,-0.0832845888869772,0.00403098424591349));
#2779=CARTESIAN_POINT('',(0.0654934041370044,-0.072531261551364,0.0037113908340142));
#2780=CARTESIAN_POINT('',(0.0630875974008529,-0.0655735923294759,0.00348943620378992));
#2781=CARTESIAN_POINT('',(0.0776745118325373,-0.163565532989635,0.00302017199736534));
#2782=CARTESIAN_POINT('',(0.0776831640228845,-0.153733552337784,0.00307550261980749));
#2783=CARTESIAN_POINT('',(0.0771877409521648,-0.139820653884715,0.003093141887133));
#2784=CARTESIAN_POINT('',(0.075619914452556,-0.122593330663359,0.00301485652727358));
#2785=CARTESIAN_POINT('',(0.0740045351041633,-0.110259984050354,0.00291246118095378));
#2786=CARTESIAN_POINT('',(0.0719578455591322,-0.0984447957836977,0.00277359981606757));
#2787=CARTESIAN_POINT('',(0.0686520053665915,-0.0833019002303427,0.00254943546937227));
#2788=CARTESIAN_POINT('',(0.0655129913505366,-0.072549498670349,0.0023482150968884));
#2789=CARTESIAN_POINT('',(0.0631015101641239,-0.0655918345824794,0.00220891927437345));
#2790=CARTESIAN_POINT('',(0.0777048764171796,-0.163565506516746,0.000749088086940901));
#2791=CARTESIAN_POINT('',(0.0777135161497273,-0.15373359838197,0.000763542312895291));
#2792=CARTESIAN_POINT('',(0.0772174622301668,-0.139821386760724,0.000768150250957955));
#2793=CARTESIAN_POINT('',(0.075647646185108,-0.122595487400548,0.000747927992829191));
#2794=CARTESIAN_POINT('',(0.0740302097004317,-0.110263371589846,0.000721492469292656));
#2795=CARTESIAN_POINT('',(0.0719808995152338,-0.0984495146125416,0.000685689552221723));
#2796=CARTESIAN_POINT('',(0.0686708001442578,-0.0833085075566472,0.000627968019561658));
#2797=CARTESIAN_POINT('',(0.0655277034706137,-0.0725576675739638,0.00057624486163787));
#2798=CARTESIAN_POINT('',(0.063113059268736,-0.0656012014592552,0.000540458964111845));
#2799=CARTESIAN_POINT('',(0.0776969050948643,-0.163565448947826,-0.00184950217284016));
#2800=CARTESIAN_POINT('',(0.0777055846668151,-0.153735137948016,-0.00188475749251434));
#2801=CARTESIAN_POINT('',(0.0772093787667672,-0.139824976674392,-0.00189609718387689));
#2802=CARTESIAN_POINT('',(0.0756393924337267,-0.122601119202053,-0.00184681995605209));
#2803=CARTESIAN_POINT('',(0.0740218966035633,-0.110270116329289,-0.00178231101750898));
#2804=CARTESIAN_POINT('',(0.0719726269708282,-0.0984568539615876,-0.00169487972129675));
#2805=CARTESIAN_POINT('',(0.0686627104158476,-0.0833157552440892,-0.00155386587653604));
#2806=CARTESIAN_POINT('',(0.0655198632353651,-0.0725635963555676,-0.00142747413281964));
#2807=CARTESIAN_POINT('',(0.0631053533889815,-0.0656053964826797,-0.00134002944641616));
#2808=CARTESIAN_POINT('',(0.0776392229287113,-0.163565033887344,-0.00455904464885767));
#2809=CARTESIAN_POINT('',(0.0776484354861681,-0.153746192689059,-0.00463603260892878));
#2810=CARTESIAN_POINT('',(0.0771516171006158,-0.139850782082194,-0.00465084796131115));
#2811=CARTESIAN_POINT('',(0.0755812017981361,-0.1226416158087,-0.0045159630969837));
#2812=CARTESIAN_POINT('',(0.0739639334242816,-0.110318615689937,-0.00434861084864991));
#2813=CARTESIAN_POINT('',(0.0719156468833682,-0.0985096197328783,-0.00412597935586915));
#2814=CARTESIAN_POINT('',(0.0686079908999331,-0.083367840961205,-0.00376946670640249));
#2815=CARTESIAN_POINT('',(0.0654676447767021,-0.0726061823924682,-0.00345043797677069));
#2816=CARTESIAN_POINT('',(0.0630545606635246,-0.0656355201086501,-0.00322778696321576));
#2817=CARTESIAN_POINT('',(0.0775201964389626,-0.163564149774868,-0.00751096906793501));
#2818=CARTESIAN_POINT('',(0.0775307794092286,-0.153769448152335,-0.00762263384988029));
#2819=CARTESIAN_POINT('',(0.0770329835565576,-0.13990525241134,-0.00762986606231281));
#2820=CARTESIAN_POINT('',(0.0754619294484996,-0.122727413754394,-0.00739552087219792));
#2821=CARTESIAN_POINT('',(0.0738452553472987,-0.110421630647334,-0.0071152199680798));
#2822=CARTESIAN_POINT('',(0.0717990627800424,-0.0986220407236287,-0.00674718496017091));
#2823=CARTESIAN_POINT('',(0.0684960620406546,-0.0834794647117621,-0.00616044436895968));
#2824=CARTESIAN_POINT('',(0.0653607310145995,-0.0726983644718446,-0.00563504620273692));
#2825=CARTESIAN_POINT('',(0.0629503748490168,-0.0657018983216648,-0.00526505030932914));
#2826=CARTESIAN_POINT('',(0.0773001499704375,-0.163562623179789,-0.0109885501289758));
#2827=CARTESIAN_POINT('',(0.0773133396379984,-0.153809491250156,-0.0111317684604883));
#2828=CARTESIAN_POINT('',(0.0768142668859483,-0.139998978125403,-0.0111222484040653));
#2829=CARTESIAN_POINT('',(0.0752427406440962,-0.122874940659554,-0.0107716296128764));
#2830=CARTESIAN_POINT('',(0.0736276088928671,-0.110598682135379,-0.0103637264503746));
#2831=CARTESIAN_POINT('',(0.0715855954847775,-0.0988151591715162,-0.00983353651774378));
#2832=CARTESIAN_POINT('',(0.0682914578222235,-0.0836710266741582,-0.00899069057721369));
#2833=CARTESIAN_POINT('',(0.0651655031985356,-0.0728562913124209,-0.00823427498528935));
#2834=CARTESIAN_POINT('',(0.0627603942036316,-0.0658152580134507,-0.00769628775581524));
#2835=CARTESIAN_POINT('',(0.0769003386941362,-0.163559981848245,-0.0152183193446616));
#2836=CARTESIAN_POINT('',(0.0769181797210648,-0.153878154594924,-0.0153857376207356));
#2837=CARTESIAN_POINT('',(0.0764166902914624,-0.140159983372266,-0.0153458244345747));
#2838=CARTESIAN_POINT('',(0.0748432339019739,-0.123128982674126,-0.0148605946787636));
#2839=CARTESIAN_POINT('',(0.0732295493129888,-0.110904116041162,-0.0143110947430681));
#2840=CARTESIAN_POINT('',(0.0711932008429289,-0.0991490716976891,-0.0136038334896409));
#2841=CARTESIAN_POINT('',(0.0679119265810678,-0.0840037107610217,-0.0124817236082476));
#2842=CARTESIAN_POINT('',(0.0648000072398292,-0.0731325959620399,-0.0114702446896702));
#2843=CARTESIAN_POINT('',(0.0624024614659895,-0.0660160963245485,-0.0107413235554416));
#2844=CARTESIAN_POINT('',(0.0762733491684981,-0.163556127936226,-0.0198514061030383));
#2845=CARTESIAN_POINT('',(0.0762980708424632,-0.153977214203527,-0.0200290211678495));
#2846=CARTESIAN_POINT('',(0.0757926796722618,-0.140392715712465,-0.0199445893732178));
#2847=CARTESIAN_POINT('',(0.074214796044863,-0.12349718192815,-0.0193207454787026));
#2848=CARTESIAN_POINT('',(0.0726014973321827,-0.111347686226103,-0.0186328112415268));
#2849=CARTESIAN_POINT('',(0.0705712268796925,-0.0996352285973798,-0.0177560153437786));
#2850=CARTESIAN_POINT('',(0.067305298610623,-0.0844904340439844,-0.0163669384365862));
#2851=CARTESIAN_POINT('',(0.0642108654627184,-0.0735400869042934,-0.0151073828027899));
#2852=CARTESIAN_POINT('',(0.0618223200892263,-0.0663162553310649,-0.0141855866499685));
#2853=CARTESIAN_POINT('',(0.0753109159975343,-0.163550710301683,-0.0250941614905729));
#2854=CARTESIAN_POINT('',(0.0753453369945552,-0.154114548797124,-0.0252656376666054));
#2855=CARTESIAN_POINT('',(0.0748337596183038,-0.140716159062552,-0.0251170383405166));
#2856=CARTESIAN_POINT('',(0.0732470424474437,-0.124010597565675,-0.0243411293351456));
#2857=CARTESIAN_POINT('',(0.0716315386459978,-0.111967729768748,-0.023509907459309));
#2858=CARTESIAN_POINT('',(0.0696063513280208,-0.100316920331362,-0.0224621448328117));
#2859=CARTESIAN_POINT('',(0.0663565933651526,-0.0851769716957658,-0.0208048375595211));
#2860=CARTESIAN_POINT('',(0.0632820212975666,-0.0741204380246033,-0.0192916622090898));
#2861=CARTESIAN_POINT('',(0.0609029283458607,-0.066750493735878,-0.018164800199428));
#2862=CARTESIAN_POINT('',(0.0738391118420927,-0.163543287145574,-0.0310916221128942));
#2863=CARTESIAN_POINT('',(0.0738865729886443,-0.154299362767294,-0.0312364400713775));
#2864=CARTESIAN_POINT('',(0.0733656651067782,-0.141152744658075,-0.0309982470834231));
#2865=CARTESIAN_POINT('',(0.0717640673277437,-0.124706444692739,-0.0300511214183429));
#2866=CARTESIAN_POINT('',(0.070142633315881,-0.112810625730151,-0.0290682968617902));
#2867=CARTESIAN_POINT('',(0.0681207166770878,-0.101247113248652,-0.0278451453939456));
#2868=CARTESIAN_POINT('',(0.0648873023142898,-0.0861204306986699,-0.0259141803135257));
#2869=CARTESIAN_POINT('',(0.0618348230621645,-0.0749270723229671,-0.02413739885277));
#2870=CARTESIAN_POINT('',(0.0594652420506805,-0.0673649748869595,-0.0227883095582641));
#2871=CARTESIAN_POINT('',(0.0716425168503803,-0.163533880422954,-0.037640710282156));
#2872=CARTESIAN_POINT('',(0.0717050569357312,-0.154526984378643,-0.0377375594881438));
#2873=CARTESIAN_POINT('',(0.0711706846724475,-0.141693076275899,-0.0373850965928383));
#2874=CARTESIAN_POINT('',(0.0695470989355843,-0.125573216225121,-0.0362509374799378));
#2875=CARTESIAN_POINT('',(0.067915139856364,-0.113865508707092,-0.0351117545554842));
#2876=CARTESIAN_POINT('',(0.0658935956943434,-0.102418033951264,-0.033713398177156));
#2877=CARTESIAN_POINT('',(0.0626749252126825,-0.0873209422600719,-0.0315110792877418));
#2878=CARTESIAN_POINT('',(0.0596451214675505,-0.0759710225237981,-0.0294686353887683));
#2879=CARTESIAN_POINT('',(0.057284095718002,-0.0681811157319066,-0.0278869282162644));
#2880=CARTESIAN_POINT('',(0.0689079536565073,-0.1635245831833,-0.0436846651473239));
#2881=CARTESIAN_POINT('',(0.0689795441833916,-0.154742816494085,-0.0437328595652817));
#2882=CARTESIAN_POINT('',(0.0684254327215511,-0.14220968701182,-0.0432733774775862));
#2883=CARTESIAN_POINT('',(0.0667725592041008,-0.126411051966711,-0.0419730738464262));
#2884=CARTESIAN_POINT('',(0.0651245632056726,-0.114893229562737,-0.0406981521282796));
#2885=CARTESIAN_POINT('',(0.0630974469683485,-0.103569837696886,-0.0391497395322112));
#2886=CARTESIAN_POINT('',(0.059884904272921,-0.0885227556786769,-0.03671559353188));
#2887=CARTESIAN_POINT('',(0.0568706622404859,-0.0770443380284785,-0.0344441449431709));
#2888=CARTESIAN_POINT('',(0.0545137614263282,-0.0690533059414584,-0.0326582151447727));
#2889=CARTESIAN_POINT('',(0.0661455163132395,-0.163517518969987,-0.04846941006858));
#2890=CARTESIAN_POINT('',(0.0662150309992486,-0.154899283698259,-0.0484856484182009));
#2891=CARTESIAN_POINT('',(0.0656374465990047,-0.142588779797859,-0.0479476183749311));
#2892=CARTESIAN_POINT('',(0.0639562101344319,-0.127035739754812,-0.0465164139326905));
#2893=CARTESIAN_POINT('',(0.06229327211558,-0.115668164649935,-0.0451314195085729));
#2894=CARTESIAN_POINT('',(0.060260364645682,-0.104450162674327,-0.0434595036055253));
#2895=CARTESIAN_POINT('',(0.0570514944510734,-0.0894635640940625,-0.0408347001468341));
#2896=CARTESIAN_POINT('',(0.0540492015224778,-0.0779141806536114,-0.0383782326939385));
#2897=CARTESIAN_POINT('',(0.0516959533397655,-0.0697939866058122,-0.0364319079342304));
#2898=CARTESIAN_POINT('',(0.0636993633287497,-0.163512966648038,-0.0520108652477966));
#2899=CARTESIAN_POINT('',(0.0637592642605998,-0.154995841687072,-0.0520117094763387));
#2900=CARTESIAN_POINT('',(0.0631608424548426,-0.14282649219602,-0.0514214978422512));
#2901=CARTESIAN_POINT('',(0.0614623646983176,-0.127435689070039,-0.0498887305658285));
#2902=CARTESIAN_POINT('',(0.0597940041067828,-0.116171461584706,-0.0484135104744638));
#2903=CARTESIAN_POINT('',(0.0577642041661591,-0.105031590544595,-0.0466376060760115));
#2904=CARTESIAN_POINT('',(0.0545694915126777,-0.0901029594771905,-0.0438525373064235));
#2905=CARTESIAN_POINT('',(0.0515859350538678,-0.0785287947322131,-0.0412456501273642));
#2906=CARTESIAN_POINT('',(0.049242892763545,-0.0703432104038703,-0.0391761485412616));
#2907=CARTESIAN_POINT('',(0.0611883562897884,-0.163509700089897,-0.0551809313485947));
#2908=CARTESIAN_POINT('',(0.0612303956351916,-0.15506176658824,-0.0551776725930815));
#2909=CARTESIAN_POINT('',(0.0606077445294434,-0.142993073037833,-0.054549462491242));
#2910=CARTESIAN_POINT('',(0.0588939890990635,-0.127725349971799,-0.052925458961732));
#2911=CARTESIAN_POINT('',(0.0572233615600856,-0.116543990677607,-0.0513642541848242));
#2912=CARTESIAN_POINT('',(0.055200383515841,-0.105472671738675,-0.0494864552060012));
#2913=CARTESIAN_POINT('',(0.0520250046946671,-0.0906076518882904,-0.0465441156008882));
#2914=CARTESIAN_POINT('',(0.0490643098687868,-0.0790387668401662,-0.0437935059612159));
#2915=CARTESIAN_POINT('',(0.0467354276943349,-0.0708252820903659,-0.0416124894611382));
#2916=CARTESIAN_POINT('',(0.0593731904021092,-0.163508472866366,-0.0571588683953474));
#2917=CARTESIAN_POINT('',(0.0593955992021557,-0.155083930258998,-0.0571620110597519));
#2918=CARTESIAN_POINT('',(0.0587528289396773,-0.143053919574667,-0.0565183868805603));
#2919=CARTESIAN_POINT('',(0.057029998762395,-0.127841638339278,-0.0548378110488368));
#2920=CARTESIAN_POINT('',(0.0553606341388096,-0.116702230393366,-0.0532187686389298));
#2921=CARTESIAN_POINT('',(0.0533459734412937,-0.105671399285605,-0.0512700175926221));
#2922=CARTESIAN_POINT('',(0.0501892787713976,-0.0908553636719595,-0.0482179609241138));
#2923=CARTESIAN_POINT('',(0.0472488221091504,-0.079313787433155,-0.0453703153071285));
#2924=CARTESIAN_POINT('',(0.0449336067778657,-0.0711102083068181,-0.0431192787856537));
#2925=CARTESIAN_POINT('',(0.058266123721753,-0.163508185915962,-0.058266218593991));
#2926=CARTESIAN_POINT('',(0.0582749404234806,-0.155087727633203,-0.0582759299467594));
#2927=CARTESIAN_POINT('',(0.0576217487723776,-0.143068011236184,-0.0576251174446422));
#2928=CARTESIAN_POINT('',(0.0559001997056033,-0.127875937665632,-0.0559088384165173));
#2929=CARTESIAN_POINT('',(0.0542382407970835,-0.116754462572184,-0.0542518991510857));
#2930=CARTESIAN_POINT('',(0.0522362892817355,-0.105743879664535,-0.0522560646236265));
#2931=CARTESIAN_POINT('',(0.0491021028110676,-0.0909573160493315,-0.0491315354423598));
#2932=CARTESIAN_POINT('',(0.0461830864173906,-0.079439940629401,-0.0462214949912326));
#2933=CARTESIAN_POINT('',(0.0438826912923518,-0.0712528203187419,-0.0439278110640422));
#2934=CARTESIAN_POINT('',(0.0708874041563085,-0.0947738061112395,0.00980415242150104));
#2935=CARTESIAN_POINT('',(0.0710412644763884,-0.0955222283852382,0.00983987320678318));
#2936=CARTESIAN_POINT('',(0.0713435185475992,-0.0970247599880701,0.00991015656540395));
#2937=CARTESIAN_POINT('',(0.0717805328213969,-0.0992960370859949,0.0100119540925188));
#2938=CARTESIAN_POINT('',(0.072201213363046,-0.101585212936374,0.0101099713047839));
#2939=CARTESIAN_POINT('',(0.0725381960402266,-0.103508122927208,0.0101883746936052));
#2940=CARTESIAN_POINT('',(0.0727996490616622,-0.105055820889291,0.0102490545892099));
#2941=CARTESIAN_POINT('',(0.072991673622905,-0.106221325744551,0.0102935237377729));
#2942=CARTESIAN_POINT('',(0.0731483071086111,-0.107196603818326,0.0103296991013228));
#2943=CARTESIAN_POINT('',(0.0732715695720614,-0.107979201653219,0.0103580980832689));
#2944=CARTESIAN_POINT('',(0.0733477783096861,-0.108469467446659,0.0103756249163396));
#2945=CARTESIAN_POINT('',(0.0734081933271527,-0.108862012011761,0.0103894994173931));
#2946=CARTESIAN_POINT('',(0.0734533659477476,-0.10915750356072,0.0103998629370016));
#2947=CARTESIAN_POINT('',(0.0734904277798828,-0.109401539692283,0.0104083569776464));
#2948=CARTESIAN_POINT('',(0.0735207787402612,-0.10960245135643,0.0104153070417006));
#2949=CARTESIAN_POINT('',(0.0735378073493428,-0.10971549908367,0.0104192045923445));
#2950=CARTESIAN_POINT('',(0.0735557214060087,-0.109834802562164,0.0104233026403194));
#2951=CARTESIAN_POINT('',(0.0735578321233936,-0.109848895831596,0.0104237852971324));
#2952=CARTESIAN_POINT('',(0.0735574016833039,-0.109846013283699,0.0104236875035412));
#2953=CARTESIAN_POINT('',(0.0735628328396711,-0.109882240163609,0.0104249327496215));
#2954=CARTESIAN_POINT('',(0.0735769478854661,-0.109976451396383,0.0104281707738223));
#2955=CARTESIAN_POINT('',(0.0736076117817229,-0.110181865223162,0.0104352002274622));
#2956=CARTESIAN_POINT('',(0.0736652914172924,-0.110570522216434,0.0104484104550424));
#2957=CARTESIAN_POINT('',(0.0737689563591017,-0.111276151435375,0.010472112499478));
#2958=CARTESIAN_POINT('',(0.0739411247300973,-0.112476532700939,0.0105113060236581));
#2959=CARTESIAN_POINT('',(0.0741214055470366,-0.113775580863097,0.0105520712513964));
#2960=CARTESIAN_POINT('',(0.0742853516440765,-0.114997191667727,0.010588851707933));
#2961=CARTESIAN_POINT('',(0.0744174266774562,-0.11600518152712,0.0106182996635512));
#2962=CARTESIAN_POINT('',(0.0745228792345365,-0.116831789014095,0.0106416365471798));
#2963=CARTESIAN_POINT('',(0.0745953904631442,-0.117411021047448,0.0106575916382446));
#2964=CARTESIAN_POINT('',(0.0746262167622758,-0.117659181279206,0.0106643580801402));
#2965=CARTESIAN_POINT('',(0.0746505620905315,-0.117856256791737,0.0106696924647939));
#2966=CARTESIAN_POINT('',(0.0746704071930326,-0.118017655553895,0.0106740341951797));
#2967=CARTESIAN_POINT('',(0.0746745724354576,-0.118051652121641,0.0106749443959334));
#2968=CARTESIAN_POINT('',(0.0746856443047362,-0.118141982302582,0.0106773641764412));
#2969=CARTESIAN_POINT('',(0.0746976672801291,-0.118240370029687,0.0106799891463466));
#2970=CARTESIAN_POINT('',(0.0747180830090766,-0.118407922185822,0.0106844421223809));
#2971=CARTESIAN_POINT('',(0.0747434818958194,-0.118617430687932,0.0106899723879396));
#2972=CARTESIAN_POINT('',(0.074774488073457,-0.11887490250785,0.0106967079198977));
#2973=CARTESIAN_POINT('',(0.0748162604645743,-0.119224189256811,0.010705759963556));
#2974=CARTESIAN_POINT('',(0.0748693782113539,-0.119673035890047,0.0107172269134522));
#2975=CARTESIAN_POINT('',(0.0749561316754951,-0.120417046685415,0.010735851689389));
#2976=CARTESIAN_POINT('',(0.0750676940688377,-0.121396022781199,0.0107595894822842));
#2977=CARTESIAN_POINT('',(0.0752058351000508,-0.122650072639811,0.0107885673005107));
#2978=CARTESIAN_POINT('',(0.0753238720895068,-0.123762136094748,0.0108129120361079));
#2979=CARTESIAN_POINT('',(0.0754196366861398,-0.124692517405711,0.010832364342354));
#2980=CARTESIAN_POINT('',(0.0754799707062642,-0.125291260613145,0.010844483949007));
#2981=CARTESIAN_POINT('',(0.0755284361808745,-0.125780316460738,0.010854130656637));
#2982=CARTESIAN_POINT('',(0.0755588737175256,-0.126090982374118,0.0108601500164009));
#2983=CARTESIAN_POINT('',(0.0755785733387678,-0.126293782756403,0.0108640265132318));
#2984=CARTESIAN_POINT('',(0.075587797094654,-0.126389111338543,0.0108658373854239));
#2985=CARTESIAN_POINT('',(0.0755889419513097,-0.126400958420956,0.0108660619856678));
#2986=CARTESIAN_POINT('',(0.0755932944106692,-0.126445995873384,0.0108669158853332));
#2987=CARTESIAN_POINT('',(0.0755983400472096,-0.126498308691817,0.0108679046327548));
#2988=CARTESIAN_POINT('',(0.0756115878239697,-0.126635912243165,0.0108704978686929));
#2989=CARTESIAN_POINT('',(0.0756315527811073,-0.126844407390772,0.0108743934459791));
#2990=CARTESIAN_POINT('',(0.0756594782840325,-0.127138647517483,0.0108798128804573));
#2991=CARTESIAN_POINT('',(0.0756883733862019,-0.127446033282923,0.0108853872998725));
#2992=CARTESIAN_POINT('',(0.0757282570730776,-0.127874588121853,0.0108930329170068));
#2993=CARTESIAN_POINT('',(0.0758014248112558,-0.128673122396538,0.0109069173811035));
#2994=CARTESIAN_POINT('',(0.0758695087213938,-0.129441675975186,0.0109195409352221));
#2995=CARTESIAN_POINT('',(0.0759168434057649,-0.129992034307577,0.0109281258832331));
#2996=CARTESIAN_POINT('',(0.0440458761162277,-0.0718345371534381,-0.0440905198906037));
#2997=CARTESIAN_POINT('',(0.046431279714104,-0.0727655316070173,-0.0428474174055769));
#2998=CARTESIAN_POINT('',(0.0509428946571416,-0.0746435837764567,-0.0400375841671768));
#2999=CARTESIAN_POINT('',(0.0558819810240989,-0.0770149202689149,-0.0356365935909613));
#3000=CARTESIAN_POINT('',(0.0593742603438054,-0.078950476659416,-0.0315515970565182));
#3001=CARTESIAN_POINT('',(0.0624415826284276,-0.0808577021228339,-0.0272307367371738));
#3002=CARTESIAN_POINT('',(0.0649284469543451,-0.0827677123532191,-0.0225635654722799));
#3003=CARTESIAN_POINT('',(0.0668827353564856,-0.0847246912276334,-0.0175812905786713));
#3004=CARTESIAN_POINT('',(0.0684652947889891,-0.0866994897373707,-0.0125374300543182));
#3005=CARTESIAN_POINT('',(0.0695571893394397,-0.0886971600608469,-0.00740846586464702));
#3006=CARTESIAN_POINT('',(0.0702730964029107,-0.0907813266251041,-0.00223868684305065));
#3007=CARTESIAN_POINT('',(0.070633304692946,-0.0923725782796617,0.00165296284951302));
#3008=CARTESIAN_POINT('',(0.0709275862231304,-0.0940541663072651,0.00555380028909117));
#3009=CARTESIAN_POINT('',(0.0709345971868102,-0.0946205053981172,0.00830944158151784));
#3010=CARTESIAN_POINT('',(0.0708902271129408,-0.0947650056340857,0.00971656921067154));
#3011=CARTESIAN_POINT('',(0.0440458770674538,-0.0718345365755783,-0.0440905210072823));
#3012=CARTESIAN_POINT('',(0.0582661458076828,-0.162866302757466,-0.0582663103147447));
#3013=CARTESIAN_POINT('',(0.0582550141597707,-0.154571531663719,-0.0582560969612025));
#3014=CARTESIAN_POINT('',(0.0573649755794035,-0.138763564952874,-0.0573692461493328));
#3015=CARTESIAN_POINT('',(0.054395234883555,-0.11667879408375,-0.0544083736034472));
#3016=CARTESIAN_POINT('',(0.0501244982638474,-0.0950439450040131,-0.0501507781611442));
#3017=CARTESIAN_POINT('',(0.046302836931852,-0.0798984094927811,-0.046340889286774));
#3018=CARTESIAN_POINT('',(0.0440458761162282,-0.0718345371534398,-0.0440905198906042));
#3019=CARTESIAN_POINT('',(-0.0772453221204122,-0.163566353877212,0.0114167406673486));
#3020=CARTESIAN_POINT('',(-0.0772556294193204,-0.153720657826612,0.011566237433352));
#3021=CARTESIAN_POINT('',(-0.0767732630836654,-0.139781327374241,0.0115857935919619));
#3022=CARTESIAN_POINT('',(-0.0752393627640569,-0.122516797930148,0.0112872248780635));
#3023=CARTESIAN_POINT('',(-0.0736571700619336,-0.110156507637424,0.0109219872191961));
#3024=CARTESIAN_POINT('',(-0.0716511740570247,-0.0983170631983862,0.0104363665091827));
#3025=CARTESIAN_POINT('',(-0.0684098938508106,-0.0831472442214321,0.00965608263717361));
#3026=CARTESIAN_POINT('',(-0.0653316214696177,-0.0723824945860731,0.00895254386726735));
#3027=CARTESIAN_POINT('',(-0.0629675168178676,-0.0654210553547241,0.00845828044489009));
#3028=CARTESIAN_POINT('',(-0.077314994833481,-0.163566225285095,0.010576315705072));
#3029=CARTESIAN_POINT('',(-0.0773249168232338,-0.153722718267435,0.0107190147908764));
#3030=CARTESIAN_POINT('',(-0.0768403830594277,-0.139787679035468,0.0107384588515479));
#3031=CARTESIAN_POINT('',(-0.0753011049517286,-0.122529336066695,0.0104564247507986));
#3032=CARTESIAN_POINT('',(-0.0737137098179768,-0.110173608310101,0.0101110808761879));
#3033=CARTESIAN_POINT('',(-0.0717013741195733,-0.0983383733032829,0.00965200745277079));
#3034=CARTESIAN_POINT('',(-0.0684500741853668,-0.0831734018712262,0.00891489227410089));
#3035=CARTESIAN_POINT('',(-0.065362406215353,-0.0724111455850826,0.00825125140301836));
#3036=CARTESIAN_POINT('',(-0.0629909797728433,-0.0654507030150769,0.00778586340466704));
#3037=CARTESIAN_POINT('',(-0.0774075957102866,-0.163566055171023,0.00930238776670667));
#3038=CARTESIAN_POINT('',(-0.0774170444750214,-0.153725419749491,0.00943457895059882));
#3039=CARTESIAN_POINT('',(-0.0769296030266807,-0.13979595620556,0.00945623512402543));
#3040=CARTESIAN_POINT('',(-0.0753830071053673,-0.122545524163224,0.00920644552095307));
#3041=CARTESIAN_POINT('',(-0.0737885088936808,-0.110195558636245,0.0088983000021428));
#3042=CARTESIAN_POINT('',(-0.0717675027132079,-0.0983655516298156,0.00848782100942921));
#3043=CARTESIAN_POINT('',(-0.0685024893824168,-0.0832064538672883,0.0078285608749994));
#3044=CARTESIAN_POINT('',(-0.0654019604880611,-0.0724470028571172,0.00723562723447086));
#3045=CARTESIAN_POINT('',(-0.0630205203072061,-0.0654875195987324,0.00682075553621435));
#3046=CARTESIAN_POINT('',(-0.0775071070116185,-0.163565868198729,0.00757702222068028));
#3047=CARTESIAN_POINT('',(-0.0775161478487193,-0.153728350289069,0.00769226888121748));
#3048=CARTESIAN_POINT('',(-0.077025648863149,-0.139804906111662,0.00771643694337173));
#3049=CARTESIAN_POINT('',(-0.0754711475888365,-0.122562940402501,0.00751488108373635));
#3050=CARTESIAN_POINT('',(-0.0738689247361155,-0.110219099445537,0.00726264720560609));
#3051=CARTESIAN_POINT('',(-0.0718384522162279,-0.0983945968416289,0.00692512851343958));
#3052=CARTESIAN_POINT('',(-0.0685584274835756,-0.0832415935321932,0.00638233951381343));
#3053=CARTESIAN_POINT('',(-0.0654437829323463,-0.0724849164618828,0.00589439277620237));
#3054=CARTESIAN_POINT('',(-0.0630513398891256,-0.0655262661444289,0.00555390477446927));
#3055=CARTESIAN_POINT('',(-0.0775697247687354,-0.16356574646766,0.00626944939199487));
#3056=CARTESIAN_POINT('',(-0.0775785690062108,-0.153730231140725,0.00636892747571526));
#3057=CARTESIAN_POINT('',(-0.0770862125814425,-0.139810667852884,0.00639097165895843));
#3058=CARTESIAN_POINT('',(-0.0755267868795181,-0.122574185903219,0.00622097524581546));
#3059=CARTESIAN_POINT('',(-0.0739197223659184,-0.110234325924058,0.0060074638115285));
#3060=CARTESIAN_POINT('',(-0.0718832941463314,-0.0984134184934377,0.0057215888431039));
#3061=CARTESIAN_POINT('',(-0.0685938000066398,-0.083264425954496,0.00526206943118415));
#3062=CARTESIAN_POINT('',(-0.0654702262566384,-0.0725096217104341,0.00484963500407283));
#3063=CARTESIAN_POINT('',(-0.0630708122140373,-0.0655515766999227,0.00456252676762725));
#3064=CARTESIAN_POINT('',(-0.077625906492653,-0.163565635408653,0.0048017776074114));
#3065=CARTESIAN_POINT('',(-0.0776346146489637,-0.153731951087758,0.00488246760354375));
#3066=CARTESIAN_POINT('',(-0.0771406011012534,-0.139815893888634,0.00490305645145465));
#3067=CARTESIAN_POINT('',(-0.0755766968152977,-0.122584299317427,0.0047734906699091));
#3068=CARTESIAN_POINT('',(-0.0739652110358334,-0.110247951399352,0.00460873889256558));
#3069=CARTESIAN_POINT('',(-0.0719233332111248,-0.0984301719873812,0.00438732209321167));
#3070=CARTESIAN_POINT('',(-0.0686251648584476,-0.0832845937702163,0.00403105005081211));
#3071=CARTESIAN_POINT('',(-0.0654934050897348,-0.0725312670719132,0.0037114514557764));
#3072=CARTESIAN_POINT('',(-0.0630875990665477,-0.0655735982883551,0.0034894931914783));
#3073=CARTESIAN_POINT('',(-0.0776745102538184,-0.163565532934024,0.00302025116262641));
#3074=CARTESIAN_POINT('',(-0.0776831624431164,-0.153733553065205,0.00307558305050658));
#3075=CARTESIAN_POINT('',(-0.0771877394956026,-0.139820655625274,0.00309322260070455));
#3076=CARTESIAN_POINT('',(-0.0756199133702357,-0.12259333355219,0.00301493508463327));
#3077=CARTESIAN_POINT('',(-0.0740045344039274,-0.110259987722867,0.00291253702816851));
#3078=CARTESIAN_POINT('',(-0.0719578453418023,-0.0984448001833624,0.0027736720336569));
#3079=CARTESIAN_POINT('',(-0.0686520059330833,-0.0833019055459769,0.00254950185239514));
#3080=CARTESIAN_POINT('',(-0.065512992672625,-0.0725495046335304,0.00234827624401799));
#3081=CARTESIAN_POINT('',(-0.0631015120814745,-0.0655918409705941,0.00220897677909699));
#3082=CARTESIAN_POINT('',(-0.0777048760414305,-0.163565506458217,0.000749167209130292));
#3083=CARTESIAN_POINT('',(-0.0777135157718245,-0.153733599156696,0.0007636229793816));
#3084=CARTESIAN_POINT('',(-0.0772174619387614,-0.139821388635846,0.000768231492324823));
#3085=CARTESIAN_POINT('',(-0.075647646166917,-0.122595490535055,0.000748007289807534));
#3086=CARTESIAN_POINT('',(-0.0740302099645908,-0.110263375582696,0.000721569146792212));
#3087=CARTESIAN_POINT('',(-0.0719809001396454,-0.0984495193928704,0.000685762643515369));
#3088=CARTESIAN_POINT('',(-0.0686708013575868,-0.0833085133077656,0.000628035299886222));
#3089=CARTESIAN_POINT('',(-0.0655277052557349,-0.072557673978334,0.00057630691791529));
#3090=CARTESIAN_POINT('',(-0.063113061505128,-0.0656012082720561,0.000540517411787378));
#3091=CARTESIAN_POINT('',(-0.0776969060355517,-0.163565448894663,-0.00184942500556273));
#3092=CARTESIAN_POINT('',(-0.077705585600506,-0.153735138566386,-0.00188467894286203));
#3093=CARTESIAN_POINT('',(-0.0772093797904348,-0.139824978198288,-0.00189601831766068));
#3094=CARTESIAN_POINT('',(-0.0756393937111425,-0.122601121810042,-0.0018467433696025));
#3095=CARTESIAN_POINT('',(-0.0740218981315705,-0.110270119712297,-0.00178223729542591));
#3096=CARTESIAN_POINT('',(-0.0719726288071101,-0.0984568581059133,-0.00169480982457973));
#3097=CARTESIAN_POINT('',(-0.0686627127452306,-0.0833157604197801,-0.00155380211022426));
#3098=CARTESIAN_POINT('',(-0.0655198660379634,-0.0725636023637093,-0.00142741584404941));
#3099=CARTESIAN_POINT('',(-0.0631053565729775,-0.0656054031102219,-0.00133997496332102));
#3100=CARTESIAN_POINT('',(-0.077639225203488,-0.163565033846516,-0.00455897108508953));
#3101=CARTESIAN_POINT('',(-0.0776484377338385,-0.153746192989238,-0.00463595808506524));
#3102=CARTESIAN_POINT('',(-0.0771516194542571,-0.139850782853339,-0.0046507735490739));
#3103=CARTESIAN_POINT('',(-0.0755812044269227,-0.122641617218354,-0.00451589117645518));
#3104=CARTESIAN_POINT('',(-0.0739639363096962,-0.11031861762386,-0.00434854180072223));
#3105=CARTESIAN_POINT('',(-0.0719156500674216,-0.0985096222826105,-0.00412591402524662));
#3106=CARTESIAN_POINT('',(-0.0686079945456124,-0.0833678445291766,-0.00376940726550209));
#3107=CARTESIAN_POINT('',(-0.0654676488594552,-0.0726061870392524,-0.00345038379765201));
#3108=CARTESIAN_POINT('',(-0.0630545651163334,-0.0656355257136333,-0.00322773650992114));
#3109=CARTESIAN_POINT('',(-0.0775202001289054,-0.163564149742706,-0.00751089865995786));
#3110=CARTESIAN_POINT('',(-0.0775307830536786,-0.153769448227748,-0.00762256269927784));
#3111=CARTESIAN_POINT('',(-0.0770329873058502,-0.139905252659481,-0.00762979518504122));
#3112=CARTESIAN_POINT('',(-0.0754619334587047,-0.122727414347117,-0.00739545241085037));
#3113=CARTESIAN_POINT('',(-0.0738452595900018,-0.110421631606595,-0.00711515419820561));
#3114=CARTESIAN_POINT('',(-0.0717990672797603,-0.0986220422186775,-0.00674712262781189));
#3115=CARTESIAN_POINT('',(-0.0684960669247755,-0.0834794672510612,-0.00616038746513143));
#3116=CARTESIAN_POINT('',(-0.0653607362593254,-0.0726983682969397,-0.00563499417027212));
#3117=CARTESIAN_POINT('',(-0.0629503804177078,-0.0657019033711253,-0.00526500178088742));
#3118=CARTESIAN_POINT('',(-0.077300155263897,-0.163562623157673,-0.0109884836756189));
#3119=CARTESIAN_POINT('',(-0.0773133448665465,-0.153809491071499,-0.0111317015226601));
#3120=CARTESIAN_POINT('',(-0.0768142722278602,-0.139998977776493,-0.0111221819081944));
#3121=CARTESIAN_POINT('',(-0.0752427462569633,-0.122874940308748,-0.0107715653811627));
#3122=CARTESIAN_POINT('',(-0.0736276147365296,-0.110598681959732,-0.0103636646363853));
#3123=CARTESIAN_POINT('',(-0.0715856015694838,-0.0988151594263536,-0.00983347774067405));
#3124=CARTESIAN_POINT('',(-0.0682914642522576,-0.0836710279809928,-0.0089906365798648));
#3125=CARTESIAN_POINT('',(-0.0651655099459428,-0.072856294121329,-0.00823422531132372));
#3126=CARTESIAN_POINT('',(-0.0627604012544259,-0.0658152623353991,-0.00769624126477051));
#3127=CARTESIAN_POINT('',(-0.0769003458382413,-0.163559981836146,-0.0152182576623721));
#3128=CARTESIAN_POINT('',(-0.0769181867815704,-0.153878154172171,-0.0153856756875921));
#3129=CARTESIAN_POINT('',(-0.0764166974793848,-0.140159982447287,-0.0153457630451602));
#3130=CARTESIAN_POINT('',(-0.0748432413866215,-0.12312898140824,-0.0148605352667063));
#3131=CARTESIAN_POINT('',(-0.0732295570423217,-0.110904114761048,-0.0143110373541893));
#3132=CARTESIAN_POINT('',(-0.071193208816277,-0.0991490707411361,-0.0136037786001115));
#3133=CARTESIAN_POINT('',(-0.0679119348896678,-0.0840037108571251,-0.0124816726497024));
#3134=CARTESIAN_POINT('',(-0.0648000158476438,-0.0731325977654414,-0.0114701973417508));
#3135=CARTESIAN_POINT('',(-0.0624024703741479,-0.0660160999194094,-0.0107412789568496));
#3136=CARTESIAN_POINT('',(-0.0762733581939507,-0.163556127932398,-0.0198513496407498));
#3137=CARTESIAN_POINT('',(-0.0762980797694363,-0.153977213592267,-0.0200289646714299));
#3138=CARTESIAN_POINT('',(-0.0757926887408993,-0.140392714339152,-0.0199445335351297));
#3139=CARTESIAN_POINT('',(-0.0742148054398021,-0.123497179944314,-0.0193206914152891));
#3140=CARTESIAN_POINT('',(-0.0726015069919526,-0.111347684075191,-0.018632758898349));
#3141=CARTESIAN_POINT('',(-0.0705712367970794,-0.0996352266811873,-0.0177559650765896));
#3142=CARTESIAN_POINT('',(-0.0673053088730023,-0.0844904331747782,-0.0163668914241811));
#3143=CARTESIAN_POINT('',(-0.0642108760262962,-0.073540087900875,-0.0151073388280266));
#3144=CARTESIAN_POINT('',(-0.0618223309632118,-0.066316258338526,-0.0141855450757973));
#3145=CARTESIAN_POINT('',(-0.0753109269558709,-0.163550710303862,-0.0250941108992295));
#3146=CARTESIAN_POINT('',(-0.0753453478451906,-0.154114548067787,-0.0252655872167481));
#3147=CARTESIAN_POINT('',(-0.0748337706265014,-0.140716157403105,-0.0251169886326653));
#3148=CARTESIAN_POINT('',(-0.0732470538182647,-0.124010595114327,-0.0243410812152786));
#3149=CARTESIAN_POINT('',(-0.0716315503110897,-0.111967727043975,-0.0235098607930898));
#3150=CARTESIAN_POINT('',(-0.0696063632789882,-0.100316917775461,-0.0224620998745327));
#3151=CARTESIAN_POINT('',(-0.066356605697187,-0.0851769701731187,-0.0208047952691522));
#3152=CARTESIAN_POINT('',(-0.0632820339586052,-0.074120438466788,-0.0192916224553899));
#3153=CARTESIAN_POINT('',(-0.0609029413438929,-0.0667504963333359,-0.018164762533989));
#3154=CARTESIAN_POINT('',(-0.0738391247209792,-0.163543287150386,-0.0310915782220769));
#3155=CARTESIAN_POINT('',(-0.0738865857600829,-0.154299362020531,-0.031236396446487));
#3156=CARTESIAN_POINT('',(-0.0733656780459407,-0.141152742946022,-0.030998204243196));
#3157=CARTESIAN_POINT('',(-0.0717640806491191,-0.124706442138653,-0.0300510799936799));
#3158=CARTESIAN_POINT('',(-0.0701426469479194,-0.112810622867826,-0.0290682566640913));
#3159=CARTESIAN_POINT('',(-0.0681207306125835,-0.101247110528403,-0.027845106598337));
#3160=CARTESIAN_POINT('',(-0.0648873166569423,-0.0861204289957283,-0.0259141436988356));
#3161=CARTESIAN_POINT('',(-0.0618348377585059,-0.0749270726066018,-0.0241373643511619));
#3162=CARTESIAN_POINT('',(-0.0594652571069178,-0.0673649773679442,-0.0227882768666398));
#3163=CARTESIAN_POINT('',(-0.0716425313612912,-0.163533880424906,-0.037640673653339));
#3164=CARTESIAN_POINT('',(-0.071705071364576,-0.154526983765007,-0.0377375231477462));
#3165=CARTESIAN_POINT('',(-0.0711706992883207,-0.141693074861225,-0.0373850609777548));
#3166=CARTESIAN_POINT('',(-0.0695471139550098,-0.125573214115197,-0.0362509030713024));
#3167=CARTESIAN_POINT('',(-0.0679151552048539,-0.11386550636068,-0.0351117211614776));
#3168=CARTESIAN_POINT('',(-0.0658936113706138,-0.102418031776716,-0.0337133659253331));
#3169=CARTESIAN_POINT('',(-0.0626749413384358,-0.0873209410780805,-0.0315110488139133));
#3170=CARTESIAN_POINT('',(-0.0596451379904739,-0.075971023225537,-0.0294686066680902));
#3171=CARTESIAN_POINT('',(-0.057284112632714,-0.0681811185104002,-0.0278869010412162));
#3172=CARTESIAN_POINT('',(-0.0689079691089924,-0.163524583177089,-0.0436846351504539));
#3173=CARTESIAN_POINT('',(-0.0689795596096978,-0.154742816135302,-0.0437328297914481));
#3174=CARTESIAN_POINT('',(-0.0684254483705319,-0.142209686180721,-0.0432733482974044));
#3175=CARTESIAN_POINT('',(-0.0667725752836195,-0.126411050753765,-0.0419730456760268));
#3176=CARTESIAN_POINT('',(-0.0651245796344792,-0.114893228277404,-0.0406981248152724));
#3177=CARTESIAN_POINT('',(-0.063097463752423,-0.103569836664354,-0.0391497131915587));
#3178=CARTESIAN_POINT('',(-0.0598849215559419,-0.0885227556113368,-0.0367155687138893));
#3179=CARTESIAN_POINT('',(-0.0568706799714686,-0.0770443396393179,-0.0344441216353687));
#3180=CARTESIAN_POINT('',(-0.0545137795809557,-0.0690533093707659,-0.0326581931713608));
#3181=CARTESIAN_POINT('',(-0.066145532030699,-0.163517518953465,-0.0484693852564946));
#3182=CARTESIAN_POINT('',(-0.0662150467461032,-0.15489928361624,-0.0484856237450752));
#3183=CARTESIAN_POINT('',(-0.0656374625802266,-0.142588779609086,-0.0479475941789095));
#3184=CARTESIAN_POINT('',(-0.0639562265123351,-0.127035739544135,-0.0465163906403897));
#3185=CARTESIAN_POINT('',(-0.0622932888059003,-0.11566816456226,-0.0451313970141659));
#3186=CARTESIAN_POINT('',(-0.0602603816527133,-0.104450162945123,-0.0434594820350736));
#3187=CARTESIAN_POINT('',(-0.0570515119086614,-0.089463565321566,-0.0408346800276557));
#3188=CARTESIAN_POINT('',(-0.0540492193963197,-0.0779141833455111,-0.0383782139931478));
#3189=CARTESIAN_POINT('',(-0.0516959716105797,-0.0697939908352022,-0.0364318904511921));
#3190=CARTESIAN_POINT('',(-0.0636993789177739,-0.16351296662191,-0.0520108442265818));
#3191=CARTESIAN_POINT('',(-0.0637592799274737,-0.154995841841296,-0.0520116885173523));
#3192=CARTESIAN_POINT('',(-0.0631608583605214,-0.142826492558762,-0.0514214772642949));
#3193=CARTESIAN_POINT('',(-0.0614623809546388,-0.127435689725342,-0.0498887108236098));
#3194=CARTESIAN_POINT('',(-0.0597940206270244,-0.116171462535687,-0.0484134915038689));
#3195=CARTESIAN_POINT('',(-0.0577642209496054,-0.105031591949778,-0.0466375880185625));
#3196=CARTESIAN_POINT('',(-0.0545695086737686,-0.0901029618374084,-0.0438525206853551));
#3197=CARTESIAN_POINT('',(-0.0515859525764152,-0.0785287983746618,-0.0412456348837816));
#3198=CARTESIAN_POINT('',(-0.0492429106403676,-0.0703432153406291,-0.0391761344388727));
#3199=CARTESIAN_POINT('',(-0.0611883715027025,-0.163509700054184,-0.0551809136821746));
#3200=CARTESIAN_POINT('',(-0.0612304109856621,-0.155061766966668,-0.0551776549048196));
#3201=CARTESIAN_POINT('',(-0.060607760150755,-0.1429930739237,-0.0545494450698664));
#3202=CARTESIAN_POINT('',(-0.0588940050769477,-0.127725351445339,-0.0529254422721825));
#3203=CARTESIAN_POINT('',(-0.0572233777985083,-0.116543992606565,-0.0513642382084682));
#3204=CARTESIAN_POINT('',(-0.0552004000138551,-0.105472674206382,-0.0494864400953329));
#3205=CARTESIAN_POINT('',(-0.0520250215686322,-0.0906076552971518,-0.0465441018579405));
#3206=CARTESIAN_POINT('',(-0.0490643271063007,-0.0790387713436815,-0.0437934935103778));
#3207=CARTESIAN_POINT('',(-0.0467354452814049,-0.0708252876438274,-0.04161247804478));
#3208=CARTESIAN_POINT('',(-0.0593732051788537,-0.163508472823921,-0.0571588527906708));
#3209=CARTESIAN_POINT('',(-0.0593956141440783,-0.155083930784029,-0.0571619953883939));
#3210=CARTESIAN_POINT('',(-0.0587528441413294,-0.143053920806736,-0.0565183714263428));
#3211=CARTESIAN_POINT('',(-0.0570300142590075,-0.127841640361841,-0.0548377963067055));
#3212=CARTESIAN_POINT('',(-0.0553606498349454,-0.116702232985071,-0.0532187546141091));
#3213=CARTESIAN_POINT('',(-0.053345989327887,-0.105671402481885,-0.0512700044495004));
#3214=CARTESIAN_POINT('',(-0.0501892949354701,-0.0908553678150895,-0.0482179491707524));
#3215=CARTESIAN_POINT('',(-0.0472488385583393,-0.0793137925592239,-0.0453703048425635));
#3216=CARTESIAN_POINT('',(-0.0449336235196028,-0.0711102143291674,-0.043119269319553));
#3217=CARTESIAN_POINT('',(-0.0582661381805682,-0.163508185869599,-0.0582662041316085));
#3218=CARTESIAN_POINT('',(-0.0582749550582986,-0.155087728240025,-0.0582759153967563));
#3219=CARTESIAN_POINT('',(-0.0576217636487943,-0.143068012662504,-0.0576251030930934));
#3220=CARTESIAN_POINT('',(-0.0559002148188586,-0.127875939999072,-0.0559088247828691));
#3221=CARTESIAN_POINT('',(-0.0542382560546566,-0.116754465541347,-0.0542518862516211));
#3222=CARTESIAN_POINT('',(-0.052236304667243,-0.105743883278567,-0.0522560526308804));
#3223=CARTESIAN_POINT('',(-0.0491021183842243,-0.0909573206185162,-0.0491315248745062));
#3224=CARTESIAN_POINT('',(-0.0461831022033182,-0.0794399461229878,-0.0462214857282358));
#3225=CARTESIAN_POINT('',(-0.0438827073196432,-0.0712528266249372,-0.0439278027909791));
#3226=CARTESIAN_POINT('',(-0.0759174677409966,-0.129999296293839,0.0109282414936013));
#3227=CARTESIAN_POINT('',(-0.0758701044488556,-0.12944846943662,0.0109196531295768));
#3228=CARTESIAN_POINT('',(-0.0758019918208998,-0.128679409235172,0.0109070266245377));
#3229=CARTESIAN_POINT('',(-0.075718276886388,-0.127765626841897,0.0108911426234529));
#3230=CARTESIAN_POINT('',(-0.0756692875551992,-0.127242031868869,0.0108817195412986));
#3231=CARTESIAN_POINT('',(-0.0756319146815142,-0.126848226069927,0.0108744671152389));
#3232=CARTESIAN_POINT('',(-0.0756100164179253,-0.12661944046834,0.0108701955438967));
#3233=CARTESIAN_POINT('',(-0.0755940215254278,-0.12645354910297,0.0108670618959037));
#3234=CARTESIAN_POINT('',(-0.0755868127760437,-0.12637885174543,0.010865648824732));
#3235=CARTESIAN_POINT('',(-0.0755633019036837,-0.126136398284259,0.0108610271900464));
#3236=CARTESIAN_POINT('',(-0.0755393016335047,-0.125891040707793,0.010856285570946));
#3237=CARTESIAN_POINT('',(-0.0754974497443636,-0.125466830780254,0.0108479769455068));
#3238=CARTESIAN_POINT('',(-0.0754455437520842,-0.124948474697266,0.0108375873712699));
#3239=CARTESIAN_POINT('',(-0.0753605083066081,-0.12411488200189,0.0108203982473124));
#3240=CARTESIAN_POINT('',(-0.0752518112882337,-0.123078587389412,0.0107981152613825));
#3241=CARTESIAN_POINT('',(-0.0751171294683091,-0.121839803023491,0.0107700393738417));
#3242=CARTESIAN_POINT('',(-0.0749320559409195,-0.120195878416573,0.0107308775530475));
#3243=CARTESIAN_POINT('',(-0.0746903687018864,-0.118154707424186,0.0106787214772913));
#3244=CARTESIAN_POINT('',(-0.0743839075031428,-0.115726954250636,0.0106111661146749));
#3245=CARTESIAN_POINT('',(-0.0739534099840546,-0.112518099243293,0.0105146707040548));
#3246=CARTESIAN_POINT('',(-0.0733743355357009,-0.108558653310408,0.0103823942324897));
#3247=CARTESIAN_POINT('',(-0.0726141919179577,-0.103886059082572,0.0102062355516989));
#3248=CARTESIAN_POINT('',(-0.0717889630019231,-0.0992884268935283,0.0100138723653505));
#3249=CARTESIAN_POINT('',(-0.0711952156165312,-0.0962710989326487,0.00987563788520262));
#3250=CARTESIAN_POINT('',(-0.0708874019811952,-0.094773814371793,0.00980422537215742));
#3251=CARTESIAN_POINT('',(-0.0759174677533436,-0.129999296437432,0.0109282414958402));
#3252=CARTESIAN_POINT('',(-0.0759174677533436,-0.129999296437432,0.0109282414958402));
#3253=CARTESIAN_POINT('',(-0.0768688565783404,-0.14092132844925,0.0109282414958402));
#3254=CARTESIAN_POINT('',(-0.07729226565528,-0.151879389827003,0.0109282414958402));
#3255=CARTESIAN_POINT('',(-0.0772858376479148,-0.162866783310123,0.0109282414958402));
#3256=CARTESIAN_POINT('',(-0.0772851390880225,-0.162866783700568,0.0109361063802227));
#3257=CARTESIAN_POINT('',(-0.0772852174246608,-0.162866783665901,0.0109361125554814));
#3258=CARTESIAN_POINT('',(-0.0775267487083707,-0.162866645966715,0.00787215121009389));
#3259=CARTESIAN_POINT('',(-0.0777810459613675,-0.162866461313594,0.00174075540301248));
#3260=CARTESIAN_POINT('',(-0.0775613190554996,-0.162866656386811,-0.010520653695497));
#3261=CARTESIAN_POINT('',(-0.0757173377549387,-0.162867902641155,-0.0259220070015601));
#3262=CARTESIAN_POINT('',(-0.0698327166334889,-0.162868643758098,-0.0436507375263072));
#3263=CARTESIAN_POINT('',(-0.0626326120263333,-0.162866784306991,-0.0539008724900392));
#3264=CARTESIAN_POINT('',(-0.058266160279815,-0.16286630275002,-0.0582662958460041));
#3265=CARTESIAN_POINT('',(-0.0582661602798224,-0.162866302753551,-0.0582662958460121));
#3266=CARTESIAN_POINT('',(-0.0440458923967814,-0.0718345435075445,-0.0440905114063394));
#3267=CARTESIAN_POINT('',(-0.04630285297366,-0.0798984150383778,-0.0463408798129213));
#3268=CARTESIAN_POINT('',(-0.0501245140255939,-0.0950439493220089,-0.0501507669486796));
#3269=CARTESIAN_POINT('',(-0.0543952504080577,-0.116678797098917,-0.054408360403783));
#3270=CARTESIAN_POINT('',(-0.0573649907941194,-0.138763566696359,-0.0573692316392412));
#3271=CARTESIAN_POINT('',(-0.0582550290512883,-0.154571532313709,-0.0582560821702632));
#3272=CARTESIAN_POINT('',(-0.0582661605242049,-0.162866302757068,-0.0582662956016898));
#3273=CARTESIAN_POINT('',(-0.0440458933450396,-0.0718345429298998,-0.0440905125252102));
#3274=CARTESIAN_POINT('',(-0.0440458921264277,-0.0718345434020257,-0.0440905115472272));
#3275=CARTESIAN_POINT('',(-0.0464312945738622,-0.0727655376424052,-0.0428474085834825));
#3276=CARTESIAN_POINT('',(-0.0509429072276801,-0.0746435894576136,-0.040037574668938));
#3277=CARTESIAN_POINT('',(-0.0558819907122424,-0.0770149252157956,-0.0356365837351916));
#3278=CARTESIAN_POINT('',(-0.0593742678315887,-0.0789504810659729,-0.0315515873884372));
#3279=CARTESIAN_POINT('',(-0.0624415881485166,-0.0808577059941079,-0.0272307274948843));
#3280=CARTESIAN_POINT('',(-0.0649284507820852,-0.0827677156922878,-0.0225635570776161));
#3281=CARTESIAN_POINT('',(-0.066882737853935,-0.0847246940433708,-0.0175812833894324));
#3282=CARTESIAN_POINT('',(-0.0684652962512771,-0.0866994920584909,-0.0125374240943557));
#3283=CARTESIAN_POINT('',(-0.0695571901029309,-0.0886971618477922,-0.00740846132458742));
#3284=CARTESIAN_POINT('',(-0.0702730967257397,-0.0907813278587511,-0.00223868382106603));
#3285=CARTESIAN_POINT('',(-0.0706333048348755,-0.0923725790602882,0.00165296465612277));
#3286=CARTESIAN_POINT('',(-0.0709275862387982,-0.0940541664977704,0.00555380100788852));
#3287=CARTESIAN_POINT('',(-0.070934597175343,-0.0946205054354779,0.00830944194533176));
#3288=CARTESIAN_POINT('',(-0.0708902271129399,-0.0947650056340857,0.00971656921067154));
#3289=CARTESIAN_POINT('',(0.0758407800986236,-0.130203151225219,0.0121590975840141));
#3290=CARTESIAN_POINT('',(0.075302053403011,-0.123858135278021,0.0120521215931319));
#3291=CARTESIAN_POINT('',(0.0739140128970074,-0.111615843534213,0.0117233610662968));
#3292=CARTESIAN_POINT('',(0.0719222916194126,-0.100128474851281,0.011210218661074));
#3293=CARTESIAN_POINT('',(0.0707757504717335,-0.0945422425153867,0.0109187899341083));
#3294=CARTESIAN_POINT('',(0.0758745073023532,-0.130208215598037,0.0117503445168865));
#3295=CARTESIAN_POINT('',(0.0753347676582095,-0.123864355630545,0.0116465673596083));
#3296=CARTESIAN_POINT('',(0.0739442573819851,-0.111624405726536,0.0113270167398807));
#3297=CARTESIAN_POINT('',(0.0719492170075556,-0.100139137464467,0.0108278707179175));
#3298=CARTESIAN_POINT('',(0.0708007970029132,-0.0945538327296089,0.01054443166599));
#3299=CARTESIAN_POINT('',(0.0759064800980869,-0.130213041811586,0.0113388049029791));
#3300=CARTESIAN_POINT('',(0.075365780192897,-0.123870282426777,0.0112381774397768));
#3301=CARTESIAN_POINT('',(0.0739729241030197,-0.111632560552718,0.0109278239612933));
#3302=CARTESIAN_POINT('',(0.0719747243019346,-0.1001492865862,0.0104427759518603));
#3303=CARTESIAN_POINT('',(0.0708245145547357,-0.0945648611798176,0.0101673916793023));
#3304=CARTESIAN_POINT('',(0.0759366937224628,-0.130217625394362,0.0109243646173049));
#3305=CARTESIAN_POINT('',(0.075395086977771,-0.123875910515425,0.01082681604871));
#3306=CARTESIAN_POINT('',(0.0740000113828362,-0.111640301998105,0.0105256019500673));
#3307=CARTESIAN_POINT('',(0.0719988159132096,-0.100158916745163,0.010054705017824));
#3308=CARTESIAN_POINT('',(0.0708469080445845,-0.0945753230933123,0.00978741538466451));
#3309=CARTESIAN_POINT('',(-0.0758414006118053,-0.130210466432947,0.0121592224343537));
#3310=CARTESIAN_POINT('',(-0.075302690142824,-0.123864053136368,0.0120522699288792));
#3311=CARTESIAN_POINT('',(-0.073914556187719,-0.111619169023621,0.0117235033066442));
#3312=CARTESIAN_POINT('',(-0.0719225073515078,-0.100129524135493,0.0112102749954511));
#3313=CARTESIAN_POINT('',(-0.0707757445628858,-0.0945422141556451,0.0109187898812474));
#3314=CARTESIAN_POINT('',(-0.0758751362016558,-0.130215530557937,0.0117503782430919));
#3315=CARTESIAN_POINT('',(-0.0753354125457064,-0.123870273697581,0.011646624791132));
#3316=CARTESIAN_POINT('',(-0.0739448080590531,-0.111627732421931,0.0113270703668275));
#3317=CARTESIAN_POINT('',(-0.0719494388567107,-0.100140188857453,0.0108278437594821));
#3318=CARTESIAN_POINT('',(-0.0708007964460554,-0.0945538068554709,0.010544351574792));
#3319=CARTESIAN_POINT('',(-0.0759071165721018,-0.130220356485599,0.0113387463695098));
#3320=CARTESIAN_POINT('',(-0.0753664324420994,-0.123876200631313,0.011238142768197));
#3321=CARTESIAN_POINT('',(-0.0739734814471911,-0.111635888311197,0.0109277877296876));
#3322=CARTESIAN_POINT('',(-0.0719749516445785,-0.100150339877286,0.0104426645132452));
#3323=CARTESIAN_POINT('',(-0.0708245187816404,-0.0945648375506636,0.0101672304029131));
#3324=CARTESIAN_POINT('',(-0.0759373369558819,-0.13022493974234,0.0109242126403413));
#3325=CARTESIAN_POINT('',(-0.0753957457990675,-0.123881828783432,0.0108266880094275));
#3326=CARTESIAN_POINT('',(-0.0740005746726949,-0.111643630672833,0.0105254745124674));
#3327=CARTESIAN_POINT('',(-0.0719990481268504,-0.100159971720031,0.0100545077691814));
#3328=CARTESIAN_POINT('',(-0.0708469164901968,-0.0945753014654658,0.00978717161266617));
#3329=CARTESIAN_POINT('',(-0.0708396120642455,-0.0948522353179232,0.0109282414958402));
#3330=CARTESIAN_POINT('',(-0.0732449678090309,-0.106458425989817,0.0109282414958402));
#3331=CARTESIAN_POINT('',(-0.0748888063838006,-0.118190168103053,0.0109282414958402));
#3332=CARTESIAN_POINT('',(-0.0759174677462741,-0.129999296293522,0.0109282414958402));
#3333=CARTESIAN_POINT('',(-0.0677471279080041,-0.208793568601081,0.0113832402793756));
#3334=CARTESIAN_POINT('',(-0.0695944877737848,-0.20538330969752,0.0117255829966365));
#3335=CARTESIAN_POINT('',(-0.0722992115905076,-0.198925128561923,0.0122749878129997));
#3336=CARTESIAN_POINT('',(-0.0749566785303471,-0.188428812730678,0.0129226666955293));
#3337=CARTESIAN_POINT('',(-0.0766419490354631,-0.176935902647335,0.0134387145312191));
#3338=CARTESIAN_POINT('',(-0.0770392185963651,-0.168116820256979,0.0136726737278354));
#3339=CARTESIAN_POINT('',(-0.0770299257148056,-0.1628141356496,0.0137560817543648));
#3340=CARTESIAN_POINT('',(-0.067911368401776,-0.208796238906675,0.0086996624602166));
#3341=CARTESIAN_POINT('',(-0.0697909489454851,-0.205385757629729,0.0089750729753055));
#3342=CARTESIAN_POINT('',(-0.0725424506771993,-0.198925396252296,0.00942146960536718));
#3343=CARTESIAN_POINT('',(-0.0752439722689616,-0.188424453073493,0.00995616152352431));
#3344=CARTESIAN_POINT('',(-0.0769551196700606,-0.176928515218593,0.010389046551812));
#3345=CARTESIAN_POINT('',(-0.077356446840166,-0.168111937008521,0.0105913978267299));
#3346=CARTESIAN_POINT('',(-0.0773457266849598,-0.16281430636417,0.0106663632316087));
#3347=CARTESIAN_POINT('',(-0.0680380840739365,-0.208799327809844,0.00485278429075315));
#3348=CARTESIAN_POINT('',(-0.069951715778147,-0.205388594060603,0.00502244443513466));
#3349=CARTESIAN_POINT('',(-0.0727528933759318,-0.198925681701007,0.00530228424989036));
#3350=CARTESIAN_POINT('',(-0.0755017691613046,-0.188419308726926,0.00564733207582799));
#3351=CARTESIAN_POINT('',(-0.0772414228785396,-0.176919822539148,0.00593502161252392));
#3352=CARTESIAN_POINT('',(-0.0776481803987863,-0.168106200710946,0.00607722886215255));
#3353=CARTESIAN_POINT('',(-0.0776367462788874,-0.162814509879965,0.00613362323800821));
#3354=CARTESIAN_POINT('',(-0.0680663555994167,-0.208800517118817,0.000133793423479412));
#3355=CARTESIAN_POINT('',(-0.0699901852132332,-0.205389995913004,0.000138757168764698));
#3356=CARTESIAN_POINT('',(-0.0728062750632958,-0.198927225208672,0.00014697127527361));
#3357=CARTESIAN_POINT('',(-0.0755696749693442,-0.188420563624131,0.000156996842443313));
#3358=CARTESIAN_POINT('',(-0.0773184148709038,-0.176920485561695,0.000165249260200141));
#3359=CARTESIAN_POINT('',(-0.077727221645691,-0.168106340461085,0.000169274022546803));
#3360=CARTESIAN_POINT('',(-0.0777157183099333,-0.162814433873756,0.00017089548228101));
#3361=CARTESIAN_POINT('',(-0.068050436364492,-0.208799473184681,-0.00279378050376618));
#3362=CARTESIAN_POINT('',(-0.0699686871581696,-0.205388315514638,-0.00289294321226706));
#3363=CARTESIAN_POINT('',(-0.0727766733463773,-0.198923803155892,-0.00305673719818135));
#3364=CARTESIAN_POINT('',(-0.0755319311644721,-0.188414812075778,-0.00325861027331406));
#3365=CARTESIAN_POINT('',(-0.0772753297047084,-0.17691414987026,-0.00342679568193467));
#3366=CARTESIAN_POINT('',(-0.0776828465759768,-0.16810285213197,-0.00350999339101125));
#3367=CARTESIAN_POINT('',(-0.0776715124305051,-0.162814721895878,-0.00354321458082972));
#3368=CARTESIAN_POINT('',(-0.0679978431616343,-0.20879614704846,-0.00575598162762577));
#3369=CARTESIAN_POINT('',(-0.0699012585465121,-0.205382589831207,-0.00594855217622119));
#3370=CARTESIAN_POINT('',(-0.072687802940114,-0.198911221309849,-0.00626284865843345));
#3371=CARTESIAN_POINT('',(-0.0754213337559758,-0.188392741783985,-0.00664077475328346));
#3372=CARTESIAN_POINT('',(-0.0771503620749697,-0.176889346003447,-0.00694753046995878));
#3373=CARTESIAN_POINT('',(-0.0775545944622436,-0.168089038489473,-0.00709236887367503));
#3374=CARTESIAN_POINT('',(-0.077544155717862,-0.162815808967079,-0.00714761310756397));
#3375=CARTESIAN_POINT('',(-0.0678658585754356,-0.208789234165134,-0.00964258180922384));
#3376=CARTESIAN_POINT('',(-0.0697377151301227,-0.20537077468762,-0.00994802805252296));
#3377=CARTESIAN_POINT('',(-0.0724786927302731,-0.198885495740975,-0.0104410614717621));
#3378=CARTESIAN_POINT('',(-0.075166339857852,-0.18834786301795,-0.0110206908456449));
#3379=CARTESIAN_POINT('',(-0.0768653324545627,-0.176839041962098,-0.011480218687068));
#3380=CARTESIAN_POINT('',(-0.0772630155029061,-0.168061060871984,-0.0116885407751732));
#3381=CARTESIAN_POINT('',(-0.0772546683573202,-0.162818008441804,-0.0117653041172598));
#3382=CARTESIAN_POINT('',(-0.0675421548696613,-0.20877508413024,-0.014904455951416));
#3383=CARTESIAN_POINT('',(-0.0693515934609164,-0.205346538879433,-0.0153418998478599));
#3384=CARTESIAN_POINT('',(-0.0720026603905506,-0.198832730906533,-0.0160366377011876));
#3385=CARTESIAN_POINT('',(-0.074599995021323,-0.188255901549568,-0.0168266561833382));
#3386=CARTESIAN_POINT('',(-0.0762400512269433,-0.176736027944141,-0.0174310484574055));
#3387=CARTESIAN_POINT('',(-0.0766251582252906,-0.168003769270594,-0.0176882110580932));
#3388=CARTESIAN_POINT('',(-0.0766212240819718,-0.162822460607591,-0.0177782364822185));
#3389=CARTESIAN_POINT('',(-0.0668024208679899,-0.208749978307226,-0.0216770323152772));
#3390=CARTESIAN_POINT('',(-0.0685049259234722,-0.20530361277422,-0.0222581595187886));
#3391=CARTESIAN_POINT('',(-0.0710023585201227,-0.198739747549504,-0.0231614959727763));
#3392=CARTESIAN_POINT('',(-0.0734459041177762,-0.188094493629766,-0.0241424125868306));
#3393=CARTESIAN_POINT('',(-0.0749860019800715,-0.17655559801947,-0.0248541137158455));
#3394=CARTESIAN_POINT('',(-0.0753502258386909,-0.167903482685221,-0.0251268366498744));
#3395=CARTESIAN_POINT('',(-0.075354183935166,-0.16283011727463,-0.0252138845820125));
#3396=CARTESIAN_POINT('',(-0.0654381310657529,-0.208715627579695,-0.0290819408673285));
#3397=CARTESIAN_POINT('',(-0.0670003052915376,-0.205244997580675,-0.0297968773345472));
#3398=CARTESIAN_POINT('',(-0.069296551110278,-0.198613611230746,-0.0308825807899347));
#3399=CARTESIAN_POINT('',(-0.0715391491287808,-0.187876691017959,-0.0319994551432644));
#3400=CARTESIAN_POINT('',(-0.072948896463459,-0.176312787912541,-0.0327552519195018));
#3401=CARTESIAN_POINT('',(-0.0732861516951875,-0.167768608308275,-0.0329999255317298));
#3402=CARTESIAN_POINT('',(-0.0733006619994256,-0.162840136737472,-0.0330638079058419));
#3403=CARTESIAN_POINT('',(-0.0632932370322239,-0.208677177866527,-0.0364293584697611));
#3404=CARTESIAN_POINT('',(-0.0647035842059315,-0.205179562486217,-0.0372631836193737));
#3405=CARTESIAN_POINT('',(-0.0667819366810052,-0.19847418080148,-0.0385034966316472));
#3406=CARTESIAN_POINT('',(-0.0688061106362888,-0.187637853873891,-0.0397150360533067));
#3407=CARTESIAN_POINT('',(-0.0700731560423401,-0.176047608995397,-0.0404750960540445));
#3408=CARTESIAN_POINT('',(-0.0703794137388929,-0.167621433421734,-0.0406682366176923));
#3409=CARTESIAN_POINT('',(-0.0704040286916658,-0.162850619109813,-0.0406987766448268));
#3410=CARTESIAN_POINT('',(-0.0605473670623351,-0.208643084734429,-0.0427538975883589));
#3411=CARTESIAN_POINT('',(-0.0618270902732103,-0.205121998132035,-0.0436849410775461));
#3412=CARTESIAN_POINT('',(-0.0637161465872543,-0.198353984712996,-0.0450517554647766));
#3413=CARTESIAN_POINT('',(-0.0655460437731384,-0.187435175757996,-0.0463411022949593));
#3414=CARTESIAN_POINT('',(-0.0666809728829499,-0.175824372369388,-0.047105340001795));
#3415=CARTESIAN_POINT('',(-0.0669513762964042,-0.167497816015349,-0.0472571144871193));
#3416=CARTESIAN_POINT('',(-0.0669783607404759,-0.16285888052204,-0.0472609589864242));
#3417=CARTESIAN_POINT('',(-0.0575097402490022,-0.208618663251836,-0.0477463875137104));
#3418=CARTESIAN_POINT('',(-0.0586917453235959,-0.20508140315901,-0.048756142491779));
#3419=CARTESIAN_POINT('',(-0.060436068108381,-0.198271890293162,-0.0502310580479905));
#3420=CARTESIAN_POINT('',(-0.0621117864664306,-0.187300092674132,-0.0516025630866135));
#3421=CARTESIAN_POINT('',(-0.0631363871783091,-0.175677477145884,-0.0523946899366227));
#3422=CARTESIAN_POINT('',(-0.0633699234482582,-0.167416841166098,-0.0525299292608982));
#3423=CARTESIAN_POINT('',(-0.0633921068269041,-0.162863894780432,-0.0525189443304655));
#3424=CARTESIAN_POINT('',(-0.0544471939087532,-0.208602698090235,-0.0516032296180265));
#3425=CARTESIAN_POINT('',(-0.0555633463930092,-0.205056265450482,-0.0526743916469002));
#3426=CARTESIAN_POINT('',(-0.0572052739722311,-0.19822551272984,-0.0542412713623835));
#3427=CARTESIAN_POINT('',(-0.0587612912641502,-0.187229087818033,-0.0557038309361605));
#3428=CARTESIAN_POINT('',(-0.0596892262185383,-0.175603295748357,-0.0565537260707456));
#3429=CARTESIAN_POINT('',(-0.0598769053192867,-0.167376666452753,-0.0567034063374266));
#3430=CARTESIAN_POINT('',(-0.0598817471479523,-0.162866038236182,-0.0566938360306695));
#3431=CARTESIAN_POINT('',(-0.051000097567024,-0.208593911880714,-0.0550246642475313));
#3432=CARTESIAN_POINT('',(-0.0520654455260822,-0.205044514582682,-0.0561529479191026));
#3433=CARTESIAN_POINT('',(-0.0536219341676752,-0.198210129412011,-0.0578146037477649));
#3434=CARTESIAN_POINT('',(-0.055067776233217,-0.187213431978529,-0.0593926185078276));
#3435=CARTESIAN_POINT('',(-0.0558987007449401,-0.175591754320061,-0.0603351902694654));
#3436=CARTESIAN_POINT('',(-0.0560325721987228,-0.167371690363024,-0.060524662424351));
#3437=CARTESIAN_POINT('',(-0.0560127041953043,-0.162865965147159,-0.0605264359926892));
#3438=CARTESIAN_POINT('',(-0.046401128647694,-0.208588119253651,-0.0585163974732671));
#3439=CARTESIAN_POINT('',(-0.0473951047075307,-0.205036394994933,-0.0597386276227735));
#3440=CARTESIAN_POINT('',(-0.0488482311257437,-0.198198221302228,-0.0615426517679563));
#3441=CARTESIAN_POINT('',(-0.0501977416342988,-0.187199128665544,-0.0632640780816573));
#3442=CARTESIAN_POINT('',(-0.0509708747600801,-0.175579291881533,-0.0642986525259138));
#3443=CARTESIAN_POINT('',(-0.051090113546856,-0.167365752383903,-0.0645103574412614));
#3444=CARTESIAN_POINT('',(-0.0510658380257715,-0.162866431769699,-0.0645123994362004));
#3445=CARTESIAN_POINT('',(-0.0404045480492456,-0.208587456461919,-0.0617794534047663));
#3446=CARTESIAN_POINT('',(-0.0413081815038459,-0.205034985850459,-0.0631345435510237));
#3447=CARTESIAN_POINT('',(-0.0426409136789107,-0.198195723189074,-0.0651341344522581));
#3448=CARTESIAN_POINT('',(-0.0439065766936592,-0.187196170470852,-0.0670394835167566));
#3449=CARTESIAN_POINT('',(-0.0446585184747218,-0.175576999119925,-0.0681807619985861));
#3450=CARTESIAN_POINT('',(-0.0448000810390499,-0.167364947382328,-0.0684088919994367));
#3451=CARTESIAN_POINT('',(-0.0447905903061206,-0.162866808708378,-0.0684063102598075));
#3452=CARTESIAN_POINT('',(-0.0332430368928182,-0.208591895324197,-0.0644332120197535));
#3453=CARTESIAN_POINT('',(-0.0340350828317642,-0.205039719736216,-0.0659507293789466));
#3454=CARTESIAN_POINT('',(-0.0352241190547434,-0.198200591944853,-0.0681856977840798));
#3455=CARTESIAN_POINT('',(-0.0364052527872811,-0.187200423596433,-0.0703043718922083));
#3456=CARTESIAN_POINT('',(-0.0371582036107598,-0.175579950302359,-0.0715626162016974));
#3457=CARTESIAN_POINT('',(-0.0373508076110659,-0.167366337991615,-0.0718034875365695));
#3458=CARTESIAN_POINT('',(-0.037372994871879,-0.162867024971541,-0.0717940131006112));
#3459=CARTESIAN_POINT('',(-0.0254165850823456,-0.208599496549111,-0.0663129529553059));
#3460=CARTESIAN_POINT('',(-0.0260758066169619,-0.205048300780994,-0.0679979621334201));
#3461=CARTESIAN_POINT('',(-0.0270889075259251,-0.198210300170827,-0.0704750246171978));
#3462=CARTESIAN_POINT('',(-0.0281537786179719,-0.187209837697694,-0.0728126612693699));
#3463=CARTESIAN_POINT('',(-0.0288888556059282,-0.17558701238817,-0.0741916479260143));
#3464=CARTESIAN_POINT('',(-0.0291304285769911,-0.167369499223189,-0.0744480426707646));
#3465=CARTESIAN_POINT('',(-0.0291867927772037,-0.162866893521257,-0.0744343815745762));
#3466=CARTESIAN_POINT('',(-0.0143374945375085,-0.208610706600883,-0.0678830460201788));
#3467=CARTESIAN_POINT('',(-0.0147776273058702,-0.205061080795631,-0.0697718264523129));
#3468=CARTESIAN_POINT('',(-0.0154817849135131,-0.198224895105251,-0.0725439075245529));
#3469=CARTESIAN_POINT('',(-0.0162904354562018,-0.187224012048405,-0.0751507485126185));
#3470=CARTESIAN_POINT('',(-0.0169117407261872,-0.175597555041765,-0.0766818405782738));
#3471=CARTESIAN_POINT('',(-0.0171725893799523,-0.167374029055352,-0.0769633696121818));
#3472=CARTESIAN_POINT('',(-0.0172579817035755,-0.162866384123651,-0.0769493926522454));
#3473=CARTESIAN_POINT('',(-0.00563150435811405,-0.208616815030898,-0.0681672446020421));
#3474=CARTESIAN_POINT('',(-0.00583992742157351,-0.205068049542787,-0.0701513095211795));
#3475=CARTESIAN_POINT('',(-0.00618492359455558,-0.198232835014003,-0.0730624204512575));
#3476=CARTESIAN_POINT('',(-0.00660914813509582,-0.187231679162751,-0.0757997297883476));
#3477=CARTESIAN_POINT('',(-0.0069592792894025,-0.17560319636152,-0.0774091439245117));
#3478=CARTESIAN_POINT('',(-0.00712653193269616,-0.167376340054121,-0.0777096011007032));
#3479=CARTESIAN_POINT('',(-0.00718875455285062,-0.162865900848795,-0.0777002334489219));
#3480=CARTESIAN_POINT('',(3.67650429673191E-9,-0.208616813897896,-0.0681632751024085));
#3481=CARTESIAN_POINT('',(3.8380149284343E-9,-0.205068025593759,-0.0701477379804898));
#3482=CARTESIAN_POINT('',(3.86670007354213E-9,-0.198232776911795,-0.0730595132107255));
#3483=CARTESIAN_POINT('',(3.74710300130846E-9,-0.187231599516494,-0.0757976905954443));
#3484=CARTESIAN_POINT('',(3.72100557039813E-9,-0.17560312474495,-0.0774078992959879));
#3485=CARTESIAN_POINT('',(3.91843577038747E-9,-0.167376303615844,-0.0777088447816626));
#3486=CARTESIAN_POINT('',(4.15264687596214E-9,-0.162865897347446,-0.0776997312621298));
#3487=CARTESIAN_POINT('',(3.76737748821135E-9,-0.206058037427823,-0.0695070123897123));
#3488=CARTESIAN_POINT('',(-0.0027444378616787,-0.206058051236386,-0.0695070123897123));
#3489=CARTESIAN_POINT('',(-0.0081002751637863,-0.205369008222481,-0.0697506756135735));
#3490=CARTESIAN_POINT('',(-0.0159773443245869,-0.203560471163509,-0.0700062859468238));
#3491=CARTESIAN_POINT('',(-0.023816594596175,-0.201382400899763,-0.0697564804999457));
#3492=CARTESIAN_POINT('',(-0.0302905747536848,-0.199728539798541,-0.0688360707992406));
#3493=CARTESIAN_POINT('',(-0.0355093545454352,-0.198961758164059,-0.067432071765595));
#3494=CARTESIAN_POINT('',(-0.0392811518603949,-0.198829148515577,-0.0660300450252695));
#3495=CARTESIAN_POINT('',(-0.04293699521575,-0.199227583462606,-0.064223826730991));
#3496=CARTESIAN_POINT('',(-0.047382730786245,-0.200408880366188,-0.0613922682493614));
#3497=CARTESIAN_POINT('',(-0.0521801597022814,-0.202740392108699,-0.0571203806818096));
#3498=CARTESIAN_POINT('',(-0.0560400067574352,-0.204922172778195,-0.0521141709304876));
#3499=CARTESIAN_POINT('',(-0.0587411589977977,-0.206274953905345,-0.0475829531482443));
#3500=CARTESIAN_POINT('',(-0.061114487743305,-0.207330545502823,-0.0428542531781368));
#3501=CARTESIAN_POINT('',(-0.0630533300003437,-0.207931753318309,-0.0378782102034839));
#3502=CARTESIAN_POINT('',(-0.0646419989424669,-0.208178863354078,-0.0326898094010013));
#3503=CARTESIAN_POINT('',(-0.065989324049301,-0.208229170127271,-0.0274882009713951));
#3504=CARTESIAN_POINT('',(-0.0672928181604928,-0.208016839736512,-0.020942604894033));
#3505=CARTESIAN_POINT('',(-0.0683816534085846,-0.207518074584492,-0.0130342922171032));
#3506=CARTESIAN_POINT('',(-0.0690863850675223,-0.206882149389855,-0.00507915171610765));
#3507=CARTESIAN_POINT('',(-0.0694724245765062,-0.206199265312821,0.00292258394407751));
#3508=CARTESIAN_POINT('',(-0.0695490241085602,-0.205657988624842,0.00826857272085412));
#3509=CARTESIAN_POINT('',(-0.0695490241085602,-0.205284869407343,0.0109282414953215));
#3510=CARTESIAN_POINT('',(-0.0695490241085602,-0.20528486940727,0.0109282414953215));
#3511=CARTESIAN_POINT('',(2.14372707291798E-10,-0.162866298337252,-0.0776997233670683));
#3512=CARTESIAN_POINT('',(-0.00525287137565546,-0.162866298567644,-0.077699723714705));
#3513=CARTESIAN_POINT('',(-0.0157695134185463,-0.162866530365303,-0.0771717810160328));
#3514=CARTESIAN_POINT('',(-0.0313046698199691,-0.16286686556914,-0.07421149881282));
#3515=CARTESIAN_POINT('',(-0.046033662213401,-0.162866370932573,-0.0683113284942624));
#3516=CARTESIAN_POINT('',(-0.0545522060943682,-0.1628658931462,-0.0619793753287481));
#3517=CARTESIAN_POINT('',(-0.0582661602798213,-0.162866302750027,-0.0582662958460106));
#3518=CARTESIAN_POINT('',(-0.0772856805009951,-0.162866783381943,0.0109282414958403));
#3519=CARTESIAN_POINT('',(-0.0772890193735025,-0.170123636646039,0.0109282414958403));
#3520=CARTESIAN_POINT('',(-0.0766264417918053,-0.18100945106317,0.0109282414958403));
#3521=CARTESIAN_POINT('',(-0.0735457242059489,-0.195208876173108,0.0109282414958402));
#3522=CARTESIAN_POINT('',(-0.071071338208629,-0.202013850360413,0.0109282414958402));
#3523=CARTESIAN_POINT('',(-0.0695490241085532,-0.205284869407285,0.0109282414958402));
#3524=CARTESIAN_POINT('',(-0.0923238361857002,-0.0947650056340857,0.00971656921067152));
#3525=CARTESIAN_POINT('',(-0.0437332428745298,-0.0947650056340857,0.00971656921067152));
#3526=CARTESIAN_POINT('',(-0.0923238361857002,-0.0946374578206521,0.00847452243394727));
#3527=CARTESIAN_POINT('',(-0.0437332428745298,-0.0946374578206521,0.00847452243394727));
#3528=CARTESIAN_POINT('',(-0.0923238361857002,-0.094276431863796,0.0066372567889755));
#3529=CARTESIAN_POINT('',(-0.0437332428745298,-0.094276431863796,0.0066372567889755));
#3530=CARTESIAN_POINT('',(-0.0923238361857003,-0.093479462925641,0.00426122152235812));
#3531=CARTESIAN_POINT('',(-0.0437332428745298,-0.093479462925641,0.00426122152235812));
#3532=CARTESIAN_POINT('',(-0.0923238361857002,-0.0925272541882114,0.00200251016384562));
#3533=CARTESIAN_POINT('',(-0.0437332428745297,-0.0925272541882114,0.00200251016384562));
#3534=CARTESIAN_POINT('',(-0.0923238361857003,-0.0913706707145786,-0.000802823365886274));
#3535=CARTESIAN_POINT('',(-0.0437332428745298,-0.0913706707145786,-0.000802823365886274));
#3536=CARTESIAN_POINT('',(-0.0923238361857002,-0.0895307186878039,-0.00531102987291909));
#3537=CARTESIAN_POINT('',(-0.0437332428745298,-0.0895307186878039,-0.00531102987291909));
#3538=CARTESIAN_POINT('',(-0.0923238361857002,-0.0873060619119896,-0.0109737960017096));
#3539=CARTESIAN_POINT('',(-0.0437332428745297,-0.0873060619119896,-0.0109737960017096));
#3540=CARTESIAN_POINT('',(-0.0923238361857003,-0.0846507070061283,-0.0177810296377373));
#3541=CARTESIAN_POINT('',(-0.0437332428745298,-0.0846507070061283,-0.0177810296377373));
#3542=CARTESIAN_POINT('',(-0.0923238361857002,-0.0819655841119931,-0.0245849657900074));
#3543=CARTESIAN_POINT('',(-0.0437332428745298,-0.0819655841119931,-0.0245849657900074));
#3544=CARTESIAN_POINT('',(-0.0923238361857002,-0.079103635621107,-0.031326695087317));
#3545=CARTESIAN_POINT('',(-0.0437332428745298,-0.079103635621107,-0.031326695087317));
#3546=CARTESIAN_POINT('',(-0.0923238361857003,-0.0764285627321099,-0.036840283229583));
#3547=CARTESIAN_POINT('',(-0.0437332428745298,-0.0764285627321099,-0.036840283229583));
#3548=CARTESIAN_POINT('',(-0.0923238361857002,-0.0739508650416632,-0.0410722669733979));
#3549=CARTESIAN_POINT('',(-0.0437332428745298,-0.0739508650416632,-0.0410722669733979));
#3550=CARTESIAN_POINT('',(-0.0923238361857002,-0.0725554289644569,-0.0431288679164456));
#3551=CARTESIAN_POINT('',(-0.0437332428745298,-0.0725554289644569,-0.0431288679164456));
#3552=CARTESIAN_POINT('',(-0.0923238361857002,-0.0718249559697154,-0.0441033070602986));
#3553=CARTESIAN_POINT('',(-0.0437332428745298,-0.0718249559697154,-0.0441033070602986));
#3554=CARTESIAN_POINT('',(-0.15,-0.0718249564518124,-0.0441033074216951));
#3555=CARTESIAN_POINT('',(-0.0718292553661053,-0.0718249564518124,-0.0441033074216951));
#3556=CARTESIAN_POINT('',(-0.0440213293961375,-0.0718249564518124,-0.0441033074216951));
#3557=CARTESIAN_POINT('',(-0.0718292496511216,-0.0718249567582487,-0.0441033060084079));
#3558=CARTESIAN_POINT('',(-0.0727275811458723,-0.0724156712781072,-0.0433153014095194));
#3559=CARTESIAN_POINT('',(-0.0744470493151575,-0.073584737172741,-0.0416229333936642));
#3560=CARTESIAN_POINT('',(-0.0776621250030467,-0.0757952676464555,-0.0379938249925802));
#3561=CARTESIAN_POINT('',(-0.0812184571121403,-0.0783674345765045,-0.0329277851838414));
#3562=CARTESIAN_POINT('',(-0.0846795333333249,-0.0811974737068786,-0.026454099608334));
#3563=CARTESIAN_POINT('',(-0.0874592825488638,-0.083935095182986,-0.0196230463117471));
#3564=CARTESIAN_POINT('',(-0.0892275653704561,-0.0862367779516731,-0.0137063853203393));
#3565=CARTESIAN_POINT('',(-0.0903300058624751,-0.0881421640223167,-0.00885426155808369));
#3566=CARTESIAN_POINT('',(-0.0909909770585349,-0.0895817177231419,-0.00520000549603125));
#3567=CARTESIAN_POINT('',(-0.0914956736631232,-0.0910659062852873,-0.00154007912035683));
#3568=CARTESIAN_POINT('',(-0.0918368933683064,-0.0925799266613219,0.00212484629041244));
#3569=CARTESIAN_POINT('',(-0.092063368514508,-0.0941216774284204,0.00581387578927926));
#3570=CARTESIAN_POINT('',(-0.0919371722657574,-0.094629565022406,0.00839768357166222));
#3571=CARTESIAN_POINT('',(-0.0917990025215113,-0.0947650056340857,0.00971656921067154));
#3572=CARTESIAN_POINT('',(-0.0440213316031127,-0.0718249567582487,-0.0441033060084079));
#3573=CARTESIAN_POINT('',(-0.0440295202034851,-0.0718281517850525,-0.0440990438944));
#3574=CARTESIAN_POINT('',(-0.0440377077232839,-0.0718313468423958,-0.0440947797284891));
#3575=CARTESIAN_POINT('',(-0.0440458941727744,-0.0718345419216344,-0.0440905135239083));
#3576=CARTESIAN_POINT('',(-0.0721875636904982,-0.0718249564518124,-0.0441033074216951));
#3577=CARTESIAN_POINT('',(-0.0117540378308272,-0.0718249564518124,-0.0441033074216951));
#3578=CARTESIAN_POINT('',(-0.0721875636904982,-0.0712604176427571,-0.0448563983818887));
#3579=CARTESIAN_POINT('',(-0.0117540378308272,-0.0712604176427571,-0.0448563983818887));
#3580=CARTESIAN_POINT('',(-0.0721875636904982,-0.070097012323604,-0.046305409371308));
#3581=CARTESIAN_POINT('',(-0.0117540378308271,-0.070097012323604,-0.046305409371308));
#3582=CARTESIAN_POINT('',(-0.0721875636904982,-0.0681588593784535,-0.0483532669236619));
#3583=CARTESIAN_POINT('',(-0.0117540378308272,-0.0681588593784535,-0.0483532669236619));
#3584=CARTESIAN_POINT('',(-0.0721875636904982,-0.0663670186178373,-0.0498893746531387));
#3585=CARTESIAN_POINT('',(-0.0117540378308272,-0.0663670186178373,-0.0498893746531387));
#3586=CARTESIAN_POINT('',(-0.0721875636904982,-0.0648195302563659,-0.0509698170002127));
#3587=CARTESIAN_POINT('',(-0.0117540378308272,-0.0648195302563659,-0.0509698170002127));
#3588=CARTESIAN_POINT('',(-0.0721875636904982,-0.063969442207623,-0.0514532405686295));
#3589=CARTESIAN_POINT('',(-0.0117540378308272,-0.063969442207623,-0.0514532405686295));
#3590=CARTESIAN_POINT('',(-0.0721875636904982,-0.0635585299540221,-0.0516624355970216));
#3591=CARTESIAN_POINT('',(-0.0117540378308272,-0.0635585299540221,-0.0516624355970216));
#3592=CARTESIAN_POINT('',(-0.0588981867877507,-0.0635585299540224,-0.0516624355970215));
#3593=CARTESIAN_POINT('',(-0.0433029043143487,-0.0635585299540224,-0.0516624355970215));
#3594=CARTESIAN_POINT('',(-0.0277076218409467,-0.0635585299540224,-0.0516624355970215));
#3595=CARTESIAN_POINT('',(-0.0121123393675447,-0.0635585299540224,-0.0516624355970215));
#3596=CARTESIAN_POINT('',(-0.0588981867877508,-0.0635585739687865,-0.0516624442858508));
#3597=CARTESIAN_POINT('',(-0.0121122860248483,-0.0635585837563204,-0.0516624548535498));
#3598=CARTESIAN_POINT('',(-0.0718292621537808,-0.0718249564518124,-0.0441033074216951));
#3599=CARTESIAN_POINT('',(-0.0713326016573632,-0.0715147138515417,-0.0445171689560718));
#3600=CARTESIAN_POINT('',(-0.0703920610235022,-0.0708446342573908,-0.045373108751902));
#3601=CARTESIAN_POINT('',(-0.0683651344418909,-0.0695320098869542,-0.0469221624968624));
#3602=CARTESIAN_POINT('',(-0.0657451888620402,-0.0678155813664077,-0.0486773588877654));
#3603=CARTESIAN_POINT('',(-0.0624352938893457,-0.0656890963952105,-0.0504270454443634));
#3604=CARTESIAN_POINT('',(-0.0600826463687295,-0.0642791701187565,-0.0512955583905104));
#3605=CARTESIAN_POINT('',(-0.0588981867877508,-0.0635585584272793,-0.0516624211013141));
#3606=CARTESIAN_POINT('',(-0.0121124460529375,-0.0635585547556242,-0.0516624229705501));
#3607=CARTESIAN_POINT('',(-0.0177591178901341,-0.0642299819686903,-0.0513206000298376));
#3608=CARTESIAN_POINT('',(-0.0288842862829731,-0.0665139251480277,-0.0500265103278466));
#3609=CARTESIAN_POINT('',(-0.0392414167630215,-0.0699599407881573,-0.0465912257266713));
#3610=CARTESIAN_POINT('',(-0.0440213293961375,-0.0718249564518124,-0.0441033074216951));
#3611=CARTESIAN_POINT('',(-0.0596049650292039,-0.0635586179835468,-0.0516624529746819));
#3612=CARTESIAN_POINT('',(0.059604965029204,-0.0635586179835468,-0.0516624529746819));
#3613=CARTESIAN_POINT('',(-0.0596049650292039,-0.0632777133394554,-0.051805511175063));
#3614=CARTESIAN_POINT('',(0.059604965029204,-0.0632777133394554,-0.051805511175063));
#3615=CARTESIAN_POINT('',(-0.0596049650292039,-0.0629715086662844,-0.0519532920440019));
#3616=CARTESIAN_POINT('',(0.059604965029204,-0.0629715086662844,-0.0519532920440019));
#3617=CARTESIAN_POINT('',(-0.0596049650292039,-0.0626417973838698,-0.0520741466396487));
#3618=CARTESIAN_POINT('',(0.059604965029204,-0.0626417973838698,-0.0520741466396487));
#3619=CARTESIAN_POINT('',(-0.057119572869725,-0.0626417973838698,-0.0520741466396488));
#3620=CARTESIAN_POINT('',(-0.057722531479146,-0.0628943645864619,-0.0519815686495945));
#3621=CARTESIAN_POINT('',(-0.0582901709732947,-0.0632055260832215,-0.0518410769159893));
#3622=CARTESIAN_POINT('',(-0.0588438115643576,-0.0635265648311963,-0.051678720102826));
#3623=CARTESIAN_POINT('',(-0.0571195728697251,-0.0626417973838698,-0.0520741466396488));
#3624=CARTESIAN_POINT('',(-0.0588438115643571,-0.0635265648311969,-0.0516787201028257));
#3625=CARTESIAN_POINT('',(-0.0588438115643579,-0.0635265648311969,-0.0516787201028258));
#3626=CARTESIAN_POINT('',(-0.0588619406410201,-0.0635372201237241,-0.0516732881091567));
#3627=CARTESIAN_POINT('',(-0.0588800657181295,-0.0635510761004517,-0.0516662303466209));
#3628=CARTESIAN_POINT('',(-0.0588981867899351,-0.0635585584286084,-0.0516624211006375));
#3629=CARTESIAN_POINT('',(-0.0107509340974927,-0.0634058253998,-0.0517389573674597));
#3630=CARTESIAN_POINT('',(-0.0112050816314456,-0.0634537623358319,-0.0517153725251985));
#3631=CARTESIAN_POINT('',(-0.0116588488306497,-0.0635046941067045,-0.0516899151506938));
#3632=CARTESIAN_POINT('',(-0.0121122326821518,-0.0635585935438548,-0.0516624654212485));
#3633=CARTESIAN_POINT('',(-0.0107450609060846,-0.0634067808212338,-0.0517384900558491));
#3634=CARTESIAN_POINT('',(-0.0107391893941863,-0.0634077396808828,-0.0517380153342735));
#3635=CARTESIAN_POINT('',(-0.00717498977808043,-0.0630242752104963,-0.0519267637766891));
#3636=CARTESIAN_POINT('',(-4.81263402614829E-6,-0.0625845436441331,-0.0520960751666449));
#3637=CARTESIAN_POINT('',(0.00717478139003244,-0.0630242997369304,-0.0519267570628669));
#3638=CARTESIAN_POINT('',(0.0107392561769582,-0.0634078604349764,-0.0517379558959882));
#3639=CARTESIAN_POINT('',(0.0107451535852911,-0.0634068473987177,-0.0517384571871076));
#3640=CARTESIAN_POINT('',(0.010751052550214,-0.0634058379029859,-0.0517389512159172));
#3641=CARTESIAN_POINT('',(0.0112051605337984,-0.0634537711919968,-0.0517153680985918));
#3642=CARTESIAN_POINT('',(0.0116588882484981,-0.0635046987927996,-0.0516899127641748));
#3643=CARTESIAN_POINT('',(0.0121122326821529,-0.0635585935438554,-0.0516624654212482));
#3644=CARTESIAN_POINT('',(0.0121122860248494,-0.0635585837563211,-0.0516624548535494));
#3645=CARTESIAN_POINT('',(0.0588981867877509,-0.0635586179835477,-0.0516624529746815));
#3646=CARTESIAN_POINT('',(0.0433029043143492,-0.0635586179835477,-0.0516624529746815));
#3647=CARTESIAN_POINT('',(0.0277076218409474,-0.0635586179835477,-0.0516624529746815));
#3648=CARTESIAN_POINT('',(0.0121123393675457,-0.0635586179835477,-0.0516624529746815));
#3649=CARTESIAN_POINT('',(0.0588981867877509,-0.0635585739687865,-0.0516624442858508));
#3650=CARTESIAN_POINT('',(0.0588981867899352,-0.0635585584287733,-0.0516624211005535));
#3651=CARTESIAN_POINT('',(0.0588800654335599,-0.0635510759274864,-0.0516662304346776));
#3652=CARTESIAN_POINT('',(0.0588619403562072,-0.0635372198936502,-0.051673288226287));
#3653=CARTESIAN_POINT('',(0.0588438115643782,-0.0635265648312076,-0.0516787201028203));
#3654=CARTESIAN_POINT('',(0.0588438115643844,-0.0635265648312128,-0.0516787201028176));
#3655=CARTESIAN_POINT('',(0.0571195728697251,-0.0626417973838698,-0.0520741466396488));
#3656=CARTESIAN_POINT('',(0.0577225308855918,-0.0628943659343216,-0.0519815684609028));
#3657=CARTESIAN_POINT('',(0.0582901709733138,-0.0632055260832312,-0.051841076915985));
#3658=CARTESIAN_POINT('',(0.0588438115643852,-0.063526564831212,-0.0516787201028181));
#3659=CARTESIAN_POINT('',(0.0571195728697251,-0.0626417973838698,-0.0520741466396488));
#3660=CARTESIAN_POINT('',(-0.15,-0.0626417973838698,-0.0520741466396488));
#3661=CARTESIAN_POINT('',(0.0437332428745252,-0.0947650056340857,0.00971656921067152));
#3662=CARTESIAN_POINT('',(0.0923238361856999,-0.0947650056340857,0.00971656921067152));
#3663=CARTESIAN_POINT('',(0.0437332428745252,-0.0946374578206521,0.00847452243394727));
#3664=CARTESIAN_POINT('',(0.0923238361856999,-0.0946374578206521,0.00847452243394727));
#3665=CARTESIAN_POINT('',(0.0437332428745253,-0.094276431863796,0.0066372567889755));
#3666=CARTESIAN_POINT('',(0.0923238361857,-0.094276431863796,0.0066372567889755));
#3667=CARTESIAN_POINT('',(0.0437332428745252,-0.093479462925641,0.00426122152235812));
#3668=CARTESIAN_POINT('',(0.0923238361856999,-0.093479462925641,0.00426122152235812));
#3669=CARTESIAN_POINT('',(0.0437332428745252,-0.0925272541882114,0.00200251016384562));
#3670=CARTESIAN_POINT('',(0.0923238361857,-0.0925272541882114,0.00200251016384562));
#3671=CARTESIAN_POINT('',(0.0437332428745251,-0.0913706707145786,-0.000802823365886274));
#3672=CARTESIAN_POINT('',(0.0923238361856999,-0.0913706707145786,-0.000802823365886274));
#3673=CARTESIAN_POINT('',(0.0437332428745253,-0.0895307186878039,-0.00531102987291909));
#3674=CARTESIAN_POINT('',(0.0923238361857,-0.0895307186878039,-0.00531102987291909));
#3675=CARTESIAN_POINT('',(0.0437332428745252,-0.0873060619119896,-0.0109737960017096));
#3676=CARTESIAN_POINT('',(0.0923238361857,-0.0873060619119896,-0.0109737960017096));
#3677=CARTESIAN_POINT('',(0.0437332428745252,-0.0846507070061283,-0.0177810296377373));
#3678=CARTESIAN_POINT('',(0.0923238361856999,-0.0846507070061283,-0.0177810296377373));
#3679=CARTESIAN_POINT('',(0.0437332428745252,-0.0819655841119931,-0.0245849657900074));
#3680=CARTESIAN_POINT('',(0.0923238361857,-0.0819655841119931,-0.0245849657900074));
#3681=CARTESIAN_POINT('',(0.0437332428745252,-0.079103635621107,-0.031326695087317));
#3682=CARTESIAN_POINT('',(0.0923238361856999,-0.079103635621107,-0.031326695087317));
#3683=CARTESIAN_POINT('',(0.0437332428745252,-0.0764285627321099,-0.036840283229583));
#3684=CARTESIAN_POINT('',(0.0923238361857,-0.0764285627321099,-0.036840283229583));
#3685=CARTESIAN_POINT('',(0.0437332428745252,-0.0739508650416632,-0.0410722669733979));
#3686=CARTESIAN_POINT('',(0.0923238361856999,-0.0739508650416632,-0.0410722669733979));
#3687=CARTESIAN_POINT('',(0.0437332428745252,-0.0725554289644569,-0.0431288679164456));
#3688=CARTESIAN_POINT('',(0.0923238361856999,-0.0725554289644569,-0.0431288679164456));
#3689=CARTESIAN_POINT('',(0.0437332428745252,-0.0718249559697154,-0.0441033070602986));
#3690=CARTESIAN_POINT('',(0.0923238361856999,-0.0718249559697154,-0.0441033070602986));
#3691=CARTESIAN_POINT('',(0.0917990025215113,-0.0947650056340857,0.00971656921067154));
#3692=CARTESIAN_POINT('',(0.0919353970781182,-0.0946313051465554,0.00841462844992741));
#3693=CARTESIAN_POINT('',(0.0920641923594184,-0.0941208700951492,0.00580601262837512));
#3694=CARTESIAN_POINT('',(0.0918366727055566,-0.0925801432928188,0.00212695393815307));
#3695=CARTESIAN_POINT('',(0.0914957327083693,-0.0910658484465994,-0.00154064329322517));
#3696=CARTESIAN_POINT('',(0.0909909618579772,-0.0895817335625081,-0.0051998537265027));
#3697=CARTESIAN_POINT('',(0.0903300079680808,-0.088142159383016,-0.00885430226290178));
#3698=CARTESIAN_POINT('',(0.0892275741629489,-0.0862367840014154,-0.0137063547879414));
#3699=CARTESIAN_POINT('',(0.0874591936045574,-0.0839350650478182,-0.0196231147228006));
#3700=CARTESIAN_POINT('',(0.0846798608093896,-0.0811975810042418,-0.0264538761750413));
#3701=CARTESIAN_POINT('',(0.0812172357566984,-0.0783670351689911,-0.0329286113491082));
#3702=CARTESIAN_POINT('',(0.0776657188670077,-0.0757964423595939,-0.0379913964018499));
#3703=CARTESIAN_POINT('',(0.0748439355740163,-0.073859419460599,-0.041172672740693));
#3704=CARTESIAN_POINT('',(0.0731662159510527,-0.0727108037235692,-0.0428862843769239));
#3705=CARTESIAN_POINT('',(0.0722726445729729,-0.0721165193048299,-0.0437143658013211));
#3706=CARTESIAN_POINT('',(0.0718292496511218,-0.0718249567582486,-0.0441033060084081));
#3707=CARTESIAN_POINT('',(0.0718292553729345,-0.0718249564518124,-0.0441033074216951));
#3708=CARTESIAN_POINT('',(-0.15,-0.0718249564518124,-0.0441033074216951));
#3709=CARTESIAN_POINT('',(0.044021329396133,-0.0718249564518124,-0.0441033074216951));
#3710=CARTESIAN_POINT('',(0.0440213316031081,-0.0718249567582487,-0.0441033060084079));
#3711=CARTESIAN_POINT('',(0.0440295148675914,-0.0718281497030961,-0.0440990466716961));
#3712=CARTESIAN_POINT('',(0.0440376970529094,-0.0718313426784433,-0.0440947852857545));
#3713=CARTESIAN_POINT('',(0.0440458781693069,-0.0718345356756631,-0.0440905218637901));
#3714=CARTESIAN_POINT('',(0.0117540378308287,-0.0718249564518124,-0.0441033074216951));
#3715=CARTESIAN_POINT('',(0.0721875636904982,-0.0718249564518124,-0.0441033074216951));
#3716=CARTESIAN_POINT('',(0.0117540378308287,-0.0712604176427571,-0.0448563983818887));
#3717=CARTESIAN_POINT('',(0.0721875636904982,-0.0712604176427571,-0.0448563983818887));
#3718=CARTESIAN_POINT('',(0.0117540378308287,-0.0700970123236042,-0.046305409371308));
#3719=CARTESIAN_POINT('',(0.0721875636904981,-0.0700970123236042,-0.046305409371308));
#3720=CARTESIAN_POINT('',(0.0117540378308287,-0.0681588593784532,-0.0483532669236621));
#3721=CARTESIAN_POINT('',(0.0721875636904982,-0.0681588593784532,-0.0483532669236621));
#3722=CARTESIAN_POINT('',(0.0117540378308287,-0.0663670186178383,-0.049889374653138));
#3723=CARTESIAN_POINT('',(0.0721875636904982,-0.0663670186178383,-0.049889374653138));
#3724=CARTESIAN_POINT('',(0.0117540378308287,-0.0648195302563642,-0.0509698170002137));
#3725=CARTESIAN_POINT('',(0.0721875636904982,-0.0648195302563642,-0.0509698170002137));
#3726=CARTESIAN_POINT('',(0.0117540378308287,-0.0639694422076266,-0.0514532405686273));
#3727=CARTESIAN_POINT('',(0.0721875636904982,-0.0639694422076266,-0.0514532405686273));
#3728=CARTESIAN_POINT('',(0.0117540378308287,-0.0635585299540224,-0.0516624355970215));
#3729=CARTESIAN_POINT('',(0.0721875636904982,-0.0635585299540224,-0.0516624355970215));
#3730=CARTESIAN_POINT('',(0.0718292621537808,-0.0718249564518124,-0.0441033074216951));
#3731=CARTESIAN_POINT('',(0.0713318330578178,-0.0715142341721947,-0.0445178080486219));
#3732=CARTESIAN_POINT('',(0.0703908753631207,-0.0708436843296739,-0.0453742994525266));
#3733=CARTESIAN_POINT('',(0.0683617786567623,-0.0695305695621834,-0.0469237396411957));
#3734=CARTESIAN_POINT('',(0.0662742284674102,-0.0681575337971299,-0.048327641828928));
#3735=CARTESIAN_POINT('',(0.0640821595394365,-0.0667549789898546,-0.0495495429958464));
#3736=CARTESIAN_POINT('',(0.0626867860216278,-0.0658672390819072,-0.0502343700613558));
#3737=CARTESIAN_POINT('',(0.0615423587522462,-0.0651602260563752,-0.0507265052911524));
#3738=CARTESIAN_POINT('',(0.0606678957147686,-0.064633434016471,-0.0510642577563059));
#3739=CARTESIAN_POINT('',(0.059934978764334,-0.0641868254439029,-0.051327312347855));
#3740=CARTESIAN_POINT('',(0.0594151125070481,-0.0638755617476229,-0.0514959186827397));
#3741=CARTESIAN_POINT('',(0.0591235246933873,-0.0636909930484491,-0.0515963837238805));
#3742=CARTESIAN_POINT('',(0.0589660420608163,-0.0636101232698457,-0.051631838615662));
#3743=CARTESIAN_POINT('',(0.0588981867877509,-0.0635585584272793,-0.0516624211013141));
#3744=CARTESIAN_POINT('',(0.0121124460529391,-0.0635585547556244,-0.0516624229705501));
#3745=CARTESIAN_POINT('',(0.0177591178901337,-0.0642299819686968,-0.0513206000298341));
#3746=CARTESIAN_POINT('',(0.0288842862829829,-0.0665139251480155,-0.0500265103278609));
#3747=CARTESIAN_POINT('',(0.0392414167630014,-0.0699599407881772,-0.0465912257266448));
#3748=CARTESIAN_POINT('',(0.0440213293961331,-0.0718249564518124,-0.0441033074216951));
#3749=CARTESIAN_POINT('',(-0.15,-0.0505953863884018,-0.056489719316419));
#3750=CARTESIAN_POINT('',(0.0113990115767748,-0.0475871295447782,-0.0575923860549529));
#3751=CARTESIAN_POINT('',(0.0076004474002333,-0.0474640976795203,-0.0576374829840556));
#3752=CARTESIAN_POINT('',(2.77555756156289E-17,-0.0473941764833995,-0.0576631123705372));
#3753=CARTESIAN_POINT('',(-0.0076004474002333,-0.0474640976795203,-0.0576374829840556));
#3754=CARTESIAN_POINT('',(-0.0113990115767748,-0.0475871295447782,-0.0575923860549529));
#3755=CARTESIAN_POINT('',(0.0113990115767748,-0.0475871295447782,-0.0575923860549529));
#3756=CARTESIAN_POINT('',(-0.0113990115767748,-0.0475871295447782,-0.0575923860549529));
#3757=CARTESIAN_POINT('',(-0.0113990115767748,-0.0475871295447782,-0.0575923860549529));
#3758=CARTESIAN_POINT('',(-0.0155506107997366,-0.0477215958779676,-0.0575430978589085));
#3759=CARTESIAN_POINT('',(-0.0238789759872622,-0.0482130653219273,-0.0573629513365101));
#3760=CARTESIAN_POINT('',(-0.033949826040553,-0.0501926291355504,-0.0566373486743856));
#3761=CARTESIAN_POINT('',(-0.0417500023283598,-0.0530060152470727,-0.0556061111673872));
#3762=CARTESIAN_POINT('',(-0.0490720049658694,-0.0565662937958247,-0.0543011026725356));
#3763=CARTESIAN_POINT('',(-0.0540278215324678,-0.060021819834984,-0.0530344908685618));
#3764=CARTESIAN_POINT('',(-0.0571195728697251,-0.0626417973838698,-0.0520741466396488));
#3765=CARTESIAN_POINT('',(0.0571195728697251,-0.0626417973838698,-0.0520741466396488));
#3766=CARTESIAN_POINT('',(0.0555703950420271,-0.0613290103304967,-0.0525553444541242));
#3767=CARTESIAN_POINT('',(0.0523331438703586,-0.058837792311389,-0.0534684922971779));
#3768=CARTESIAN_POINT('',(0.0471640694530024,-0.0556334347320415,-0.0546430391210653));
#3769=CARTESIAN_POINT('',(0.0416858302604246,-0.0529798005190318,-0.0556157200904856));
#3770=CARTESIAN_POINT('',(0.0358396203223168,-0.0508775942311303,-0.0563862769517188));
#3771=CARTESIAN_POINT('',(0.0298293027513733,-0.0493797224797772,-0.0569353169588271));
#3772=CARTESIAN_POINT('',(0.0217228537033472,-0.0480863285325357,-0.0574094062934751));
#3773=CARTESIAN_POINT('',(0.0155386291683116,-0.0477212078043707,-0.0575432401060202));
#3774=CARTESIAN_POINT('',(0.0113990115767748,-0.0475871295447782,-0.0575923860549529));
#3775=CARTESIAN_POINT('',(-0.0582660982921199,-0.163535303627387,-0.0582661613655747));
#3776=CARTESIAN_POINT('',(-0.0582754900159138,-0.154116638701274,-0.0582765517358043));
#3777=CARTESIAN_POINT('',(-0.0574638958718872,-0.140758772508645,-0.0574677525037419));
#3778=CARTESIAN_POINT('',(-0.0553688642498672,-0.123920471227579,-0.0553790767354667));
#3779=CARTESIAN_POINT('',(-0.0533509688360437,-0.11156381900549,-0.0533672951269518));
#3780=CARTESIAN_POINT('',(-0.0509105353964715,-0.0992393718944999,-0.0509343682790819));
#3781=CARTESIAN_POINT('',(-0.0470462722332112,-0.0824731778342553,-0.0470820108585699));
#3782=CARTESIAN_POINT('',(-0.0433583975154612,-0.0690621972836771,-0.043405238730072));
#3783=CARTESIAN_POINT('',(-0.0403602094899142,-0.0592713248792078,-0.0404152581568518));
#3784=CARTESIAN_POINT('',(-0.0577998961878697,-0.163535178318447,-0.0587324935526852));
#3785=CARTESIAN_POINT('',(-0.0578030346631536,-0.154118417891544,-0.05874586147804));
#3786=CARTESIAN_POINT('',(-0.0569873548346168,-0.140765585444838,-0.0579325412580506));
#3787=CARTESIAN_POINT('',(-0.0548947530638837,-0.123937266571687,-0.0558244436703374));
#3788=CARTESIAN_POINT('',(-0.0528819439402336,-0.1115894656327,-0.0537925388700399));
#3789=CARTESIAN_POINT('',(-0.0504491813272646,-0.0992749642336895,-0.05133507429007));
#3790=CARTESIAN_POINT('',(-0.0465976712832483,-0.0825231333717332,-0.0474456407692745));
#3791=CARTESIAN_POINT('',(-0.0429211538157395,-0.0691237638978023,-0.0437378818765718));
#3792=CARTESIAN_POINT('',(-0.0399303519974785,-0.0593406635726419,-0.0407273703698392));
#3793=CARTESIAN_POINT('',(-0.056849693250495,-0.163534970995834,-0.0596493414154913));
#3794=CARTESIAN_POINT('',(-0.0568430458688423,-0.154121553210665,-0.0596670184245385));
#3795=CARTESIAN_POINT('',(-0.0560238723135491,-0.140778033134938,-0.0588419821451923));
#3796=CARTESIAN_POINT('',(-0.0539427285009742,-0.123968474977624,-0.0566913271810663));
#3797=CARTESIAN_POINT('',(-0.0519452991610072,-0.111637410260802,-0.0546162525470038));
#3798=CARTESIAN_POINT('',(-0.0495335346794419,-0.0993418242938069,-0.0521065368661881));
#3799=CARTESIAN_POINT('',(-0.0457161779372972,-0.0826175118006107,-0.0481381290843774));
#3800=CARTESIAN_POINT('',(-0.0420708523075712,-0.0692406998474058,-0.0443637587245743));
#3801=CARTESIAN_POINT('',(-0.0391023384148282,-0.0594729435502505,-0.0413082463831258));
#3802=CARTESIAN_POINT('',(-0.0551598337618935,-0.163534700303695,-0.0611661750699603));
#3803=CARTESIAN_POINT('',(-0.0551406995685019,-0.154126269115388,-0.0611894130531016));
#3804=CARTESIAN_POINT('',(-0.0543189917516148,-0.140798266268743,-0.0603444041968249));
#3805=CARTESIAN_POINT('',(-0.0522557417221492,-0.124020890906188,-0.0581260506950994));
#3806=CARTESIAN_POINT('',(-0.0502809240638425,-0.111718838250813,-0.0559829699772748));
#3807=CARTESIAN_POINT('',(-0.0478999878477104,-0.099456363586918,-0.0533911145903576));
#3808=CARTESIAN_POINT('',(-0.0441344166725399,-0.0827808468016265,-0.0492980389505563));
#3809=CARTESIAN_POINT('',(-0.0405402951491839,-0.069445048056725,-0.0454169943276808));
#3810=CARTESIAN_POINT('',(-0.037612883473667,-0.059706165614889,-0.0422874768274008));
#3811=CARTESIAN_POINT('',(-0.0530283489754565,-0.16353449561123,-0.062917812126635));
#3812=CARTESIAN_POINT('',(-0.0530014385078739,-0.154130835851633,-0.0629445432864521));
#3813=CARTESIAN_POINT('',(-0.0521853879435493,-0.140820316099367,-0.0620732957906644));
#3814=CARTESIAN_POINT('',(-0.0501494893969384,-0.124080536209546,-0.0597754972978416));
#3815=CARTESIAN_POINT('',(-0.048204130344287,-0.111812801824616,-0.0575540379045789));
#3816=CARTESIAN_POINT('',(-0.0458616133678122,-0.0995899452833604,-0.0548680214773738));
#3817=CARTESIAN_POINT('',(-0.0421613743183724,-0.0829736775876917,-0.0506314613895711));
#3818=CARTESIAN_POINT('',(-0.0386359141795053,-0.069689058214244,-0.0466255059759457));
#3819=CARTESIAN_POINT('',(-0.0357688985816668,-0.0599874743060135,-0.0434065416249676));
#3820=CARTESIAN_POINT('',(-0.0500831692752241,-0.163534395329123,-0.0650736171430583));
#3821=CARTESIAN_POINT('',(-0.0500575292265667,-0.154135040219427,-0.0651007263672017));
#3822=CARTESIAN_POINT('',(-0.049263442728378,-0.140845326824897,-0.0641926611643346));
#3823=CARTESIAN_POINT('',(-0.0472750488770065,-0.124152436694114,-0.0617949158038726));
#3824=CARTESIAN_POINT('',(-0.0453742344893797,-0.111928164068876,-0.0594767838048243));
#3825=CARTESIAN_POINT('',(-0.043086861961688,-0.0997561698647347,-0.0566752834345769));
#3826=CARTESIAN_POINT('',(-0.0394806533363004,-0.0832172838706105,-0.0522617673304248));
#3827=CARTESIAN_POINT('',(-0.0360585793017381,-0.070001592519571,-0.0480984169007857));
#3828=CARTESIAN_POINT('',(-0.0332887222508154,-0.0603521315228752,-0.0447625085458602));
#3829=CARTESIAN_POINT('',(-0.046118196256208,-0.163534462714959,-0.0675697233325613));
#3830=CARTESIAN_POINT('',(-0.0461104280951389,-0.154137705862622,-0.0675923634313421));
#3831=CARTESIAN_POINT('',(-0.0453670403382489,-0.140870846546064,-0.0666352150767374));
#3832=CARTESIAN_POINT('',(-0.0434620626201496,-0.124232760935265,-0.0641171603671267));
#3833=CARTESIAN_POINT('',(-0.0416326473170152,-0.112060248604296,-0.0616850288136907));
#3834=CARTESIAN_POINT('',(-0.0394296199866891,-0.0999498190297566,-0.0587480456527236));
#3835=CARTESIAN_POINT('',(-0.0359656201221589,-0.0835064729414916,-0.0541252888844657));
#3836=CARTESIAN_POINT('',(-0.0327021835448673,-0.0703788146433184,-0.0497708512417001));
#3837=CARTESIAN_POINT('',(-0.0300860932241614,-0.0607984842329317,-0.0462870144965612));
#3838=CARTESIAN_POINT('',(-0.0400558231539157,-0.163534747179699,-0.0706861563687084));
#3839=CARTESIAN_POINT('',(-0.0400945107228763,-0.154137635877731,-0.0706991470737996));
#3840=CARTESIAN_POINT('',(-0.0394560357397485,-0.140897929566763,-0.0696755279978738));
#3841=CARTESIAN_POINT('',(-0.0377087175474968,-0.124330215478275,-0.0670059998276916));
#3842=CARTESIAN_POINT('',(-0.0360088801243737,-0.112225594604582,-0.0644324554269781));
#3843=CARTESIAN_POINT('',(-0.0339547968910077,-0.100197364571758,-0.0613274429081787));
#3844=CARTESIAN_POINT('',(-0.030738253391619,-0.0838843121589567,-0.0564414701725075));
#3845=CARTESIAN_POINT('',(-0.0277491708448024,-0.0708809322054913,-0.05183781063299));
#3846=CARTESIAN_POINT('',(-0.0254004468124435,-0.0614017815562394,-0.0481515573423986));
#3847=CARTESIAN_POINT('',(-0.0317757248140891,-0.16353516256061,-0.0737758900471182));
#3848=CARTESIAN_POINT('',(-0.0318914469444364,-0.154132368578993,-0.0737783783761806));
#3849=CARTESIAN_POINT('',(-0.0314289666313406,-0.14091765941429,-0.0726855600457431));
#3850=CARTESIAN_POINT('',(-0.0299571281736708,-0.124422799622975,-0.069865044689672));
#3851=CARTESIAN_POINT('',(-0.0284864686490722,-0.112390469899303,-0.0671514186193366));
#3852=CARTESIAN_POINT('',(-0.0266942471591226,-0.100451761734462,-0.0638785564583954));
#3853=CARTESIAN_POINT('',(-0.0239015059681757,-0.0842843580150209,-0.0587230127498805));
#3854=CARTESIAN_POINT('',(-0.0213604472060219,-0.0714256332758939,-0.0538507550204174));
#3855=CARTESIAN_POINT('',(-0.0194307898878944,-0.0620689743515924,-0.0499335502313162));
#3856=CARTESIAN_POINT('',(-0.0185744633606162,-0.163535467523147,-0.0768334241930983));
#3857=CARTESIAN_POINT('',(-0.0187696044849016,-0.154121017909647,-0.0768350764810822));
#3858=CARTESIAN_POINT('',(-0.018584645061035,-0.140929618712762,-0.0756811824999205));
#3859=CARTESIAN_POINT('',(-0.0176529064107922,-0.124512150510713,-0.0727184918724117));
#3860=CARTESIAN_POINT('',(-0.0166656575642599,-0.112558656418431,-0.0698696345268053));
#3861=CARTESIAN_POINT('',(-0.0154392425131878,-0.100719540028186,-0.0664300501513517));
#3862=CARTESIAN_POINT('',(-0.0135399986397705,-0.0847178363509946,-0.0609962217092986));
#3863=CARTESIAN_POINT('',(-0.0118735477884604,-0.0720292434764389,-0.0558296865402347));
#3864=CARTESIAN_POINT('',(-0.01068983564815,-0.0628211021422313,-0.0516459301252314));
#3865=CARTESIAN_POINT('',(-0.00753940222275296,-0.163535379295062,-0.0777001139198866));
#3866=CARTESIAN_POINT('',(-0.007682895752988,-0.154114396260538,-0.0777137416275554));
#3867=CARTESIAN_POINT('',(-0.00765816759172057,-0.140929734605978,-0.0765538871778158));
#3868=CARTESIAN_POINT('',(-0.00726607405335416,-0.124539341340536,-0.0735602648905282));
#3869=CARTESIAN_POINT('',(-0.00682258901536582,-0.112614307882432,-0.0706771558387646));
#3870=CARTESIAN_POINT('',(-0.00625980371343171,-0.100811946555738,-0.0671906221256385));
#3871=CARTESIAN_POINT('',(-0.00539034649371424,-0.0848728513251199,-0.0616705528444141));
#3872=CARTESIAN_POINT('',(-0.00464925017696173,-0.0722507180932522,-0.0564021261222568));
#3873=CARTESIAN_POINT('',(-0.00415493036154976,-0.0631023667728472,-0.0521190880095117));
#3874=CARTESIAN_POINT('',(1.95274137003527E-10,-0.163535371317233,-0.0776995828714764));
#3875=CARTESIAN_POINT('',(5.82039792298329E-10,-0.154114446857306,-0.0777137404157266));
#3876=CARTESIAN_POINT('',(2.05865078581777E-9,-0.14092993650336,-0.0765544765822376));
#3877=CARTESIAN_POINT('',(7.02256061553696E-9,-0.124539845087371,-0.0735613355507339));
#3878=CARTESIAN_POINT('',(1.26799766308702E-8,-0.11261508086057,-0.0706784617909356));
#3879=CARTESIAN_POINT('',(2.08159682686812E-8,-0.100813022380392,-0.0671920649072596));
#3880=CARTESIAN_POINT('',(3.664804901443E-8,-0.084874361362776,-0.0616720817529393));
#3881=CARTESIAN_POINT('',(5.54209355551692E-8,-0.0722525681056419,-0.0564036430851696));
#3882=CARTESIAN_POINT('',(7.51504667091389E-8,-0.0631044399782154,-0.052120591914701));
#3883=CARTESIAN_POINT('',(7.37314180070216E-8,-0.0637541337018651,-0.0524242978810046));
#3884=CARTESIAN_POINT('',(5.42980801086018E-8,-0.0727605163795213,-0.0566240417212583));
#3885=CARTESIAN_POINT('',(3.01121186417421E-8,-0.0893568545939241,-0.0635167606981278));
#3886=CARTESIAN_POINT('',(1.14351247969609E-8,-0.112552194244359,-0.0709614387988606));
#3887=CARTESIAN_POINT('',(2.65473023988346E-9,-0.136247454354306,-0.0761047035476641));
#3888=CARTESIAN_POINT('',(6.24854010088735E-10,-0.153588641383709,-0.0776826371667855));
#3889=CARTESIAN_POINT('',(2.14372550366352E-10,-0.162866298337254,-0.0776997233670683));
#3890=CARTESIAN_POINT('',(7.37366768093455E-8,-0.0637541336903524,-0.0524242979056937));
#3891=CARTESIAN_POINT('',(7.37419268521066E-8,-0.0637541240332862,-0.0524242933724693));
#3892=CARTESIAN_POINT('',(-0.00359351284571732,-0.0637519561244572,-0.0524247498106612));
#3893=CARTESIAN_POINT('',(-0.00718726158838909,-0.0636224592805435,-0.0521975914811265));
#3894=CARTESIAN_POINT('',(-0.0107451821632343,-0.0634061970875341,-0.0517397079700654));
#3895=CARTESIAN_POINT('',(0.058266083833834,-0.163535303623462,-0.058266175827864));
#3896=CARTESIAN_POINT('',(0.0582754753603372,-0.154116638756944,-0.0582765662929319));
#3897=CARTESIAN_POINT('',(0.0574638810806936,-0.140758772721831,-0.0574677669272217));
#3898=CARTESIAN_POINT('',(0.0553688495164305,-0.123920471753123,-0.05537909056948));
#3899=CARTESIAN_POINT('',(0.0533509542448302,-0.11156381980812,-0.0533673083481881));
#3900=CARTESIAN_POINT('',(0.0509105210259273,-0.0992393730084017,-0.0509343807518485));
#3901=CARTESIAN_POINT('',(0.0470462582337755,-0.0824731793976571,-0.0470820221991965));
#3902=CARTESIAN_POINT('',(0.0433583838494093,-0.0690621992103699,-0.0434052491233936));
#3903=CARTESIAN_POINT('',(0.0403601960413551,-0.0592713270488429,-0.0404152679220714));
#3904=CARTESIAN_POINT('',(0.0577998817195404,-0.16353517831512,-0.0587325076775287));
#3905=CARTESIAN_POINT('',(0.0578030200383501,-0.154118417940692,-0.05874587567193));
#3906=CARTESIAN_POINT('',(0.0569873401515098,-0.140765585637407,-0.0579325552722729));
#3907=CARTESIAN_POINT('',(0.05489473856013,-0.123937267051728,-0.055824457024438));
#3908=CARTESIAN_POINT('',(0.0528819296786204,-0.111589466368835,-0.0537925515537821));
#3909=CARTESIAN_POINT('',(0.0504491673955572,-0.0992749652585836,-0.0513350861627363));
#3910=CARTESIAN_POINT('',(0.0465976578839676,-0.0825231348157911,-0.0474456514180727));
#3911=CARTESIAN_POINT('',(0.0429211408939227,-0.0691237656839696,-0.0437378914974341));
#3912=CARTESIAN_POINT('',(0.0399303394070503,-0.0593406655904192,-0.0407273793007229));
#3913=CARTESIAN_POINT('',(0.0568496787768618,-0.163534970993031,-0.0596493548737633));
#3914=CARTESIAN_POINT('',(0.0568430312640229,-0.154121553255275,-0.0596670319418928));
#3915=CARTESIAN_POINT('',(0.0560238576601357,-0.140778033318496,-0.0588419954962692));
#3916=CARTESIAN_POINT('',(0.0539427139866397,-0.123968475445514,-0.0566913399367353));
#3917=CARTESIAN_POINT('',(0.0519452848380592,-0.111637410983748,-0.0546162646995428));
#3918=CARTESIAN_POINT('',(0.0495335206230211,-0.0993418253064341,-0.0521065482880339));
#3919=CARTESIAN_POINT('',(0.0457161643269257,-0.0826175132374828,-0.0481381393978744));
#3920=CARTESIAN_POINT('',(0.0420708391272207,-0.0692407016365187,-0.0443637680946261));
#3921=CARTESIAN_POINT('',(0.039102325564954,-0.0594729455830985,-0.041308255106162));
#3922=CARTESIAN_POINT('',(0.0551598193233715,-0.163534700301867,-0.0611661874224762));
#3923=CARTESIAN_POINT('',(0.05514068505637,-0.154126269150179,-0.0611894254373416));
#3924=CARTESIAN_POINT('',(0.0543189772579647,-0.140798266427053,-0.0603444164009694));
#3925=CARTESIAN_POINT('',(0.0522557274113412,-0.124020891326383,-0.0581260623335981));
#3926=CARTESIAN_POINT('',(0.0502809099598878,-0.111718838908729,-0.0559829810545037));
#3927=CARTESIAN_POINT('',(0.0478999740164014,-0.0994563645178866,-0.0533911249926507));
#3928=CARTESIAN_POINT('',(0.0441344032992055,-0.0827808481384372,-0.0492980483274412));
#3929=CARTESIAN_POINT('',(0.0405402822407239,-0.0694450497401163,-0.0454170028202134));
#3930=CARTESIAN_POINT('',(0.0376128709562729,-0.0597061675474281,-0.0422874846963701));
#3931=CARTESIAN_POINT('',(0.0530283346454111,-0.16353449561027,-0.0629178231967352));
#3932=CARTESIAN_POINT('',(0.0530014241567413,-0.154130835876964,-0.0629445543683209));
#3933=CARTESIAN_POINT('',(0.0521853736636897,-0.14082031623381,-0.0620733066971361));
#3934=CARTESIAN_POINT('',(0.0501494753155796,-0.124080536585101,-0.05977550770337));
#3935=CARTESIAN_POINT('',(0.0482041164606458,-0.111812802421942,-0.0575540478208549));
#3936=CARTESIAN_POINT('',(0.045861599735883,-0.0995899461385974,-0.0548680308073541));
#3937=CARTESIAN_POINT('',(0.0421613611186587,-0.082973678832217,-0.0506314698228772));
#3938=CARTESIAN_POINT('',(0.0386359014515602,-0.0696890598006638,-0.0466255136185489));
#3939=CARTESIAN_POINT('',(0.0357688862895094,-0.059987476146655,-0.0434065486889504));
#3940=CARTESIAN_POINT('',(0.050083155199404,-0.16353439532903,-0.065073626626656));
#3941=CARTESIAN_POINT('',(0.050057515192625,-0.154135040233157,-0.0651007358404548));
#3942=CARTESIAN_POINT('',(0.0492634288463999,-0.140845326926934,-0.0641926704591302));
#3943=CARTESIAN_POINT('',(0.0472750352657337,-0.124152437002818,-0.0617949246449762));
#3944=CARTESIAN_POINT('',(0.0453742211168407,-0.111928164571125,-0.0594767922128429));
#3945=CARTESIAN_POINT('',(0.043086848875648,-0.0997561705956468,-0.0566752913272349));
#3946=CARTESIAN_POINT('',(0.0394806407349181,-0.0832172849534844,-0.0522617744304958));
#3947=CARTESIAN_POINT('',(0.0360585672377522,-0.0700015939222975,-0.0480984232859346));
#3948=CARTESIAN_POINT('',(0.0332887107017432,-0.0603521331730219,-0.0447625143874941));
#3949=CARTESIAN_POINT('',(0.0461181826855206,-0.163534462715392,-0.0675697309691031));
#3950=CARTESIAN_POINT('',(0.0461104146134496,-0.154137705866034,-0.0675923710471035));
#3951=CARTESIAN_POINT('',(0.0453670270674699,-0.140870846617494,-0.0666352225338896));
#3952=CARTESIAN_POINT('',(0.0434620496713239,-0.124232761177207,-0.064117167454256));
#3953=CARTESIAN_POINT('',(0.0416326346351067,-0.112060249009267,-0.0616850355537728));
#3954=CARTESIAN_POINT('',(0.0394296076142148,-0.0999498196306796,-0.0587480519807679));
#3955=CARTESIAN_POINT('',(0.0359656082682027,-0.0835064738503165,-0.0541252945711856));
#3956=CARTESIAN_POINT('',(0.0327021722712221,-0.0703788158417281,-0.0497708563303571));
#3957=CARTESIAN_POINT('',(0.0300860825188136,-0.0607984856636824,-0.0462870191086893));
#3958=CARTESIAN_POINT('',(0.0400558106344502,-0.163534747180401,-0.0706861616833272));
#3959=CARTESIAN_POINT('',(0.0400944983190827,-0.154137635872044,-0.0706991523689472));
#3960=CARTESIAN_POINT('',(0.0394560235892745,-0.140897929605162,-0.0696755331741693));
#3961=CARTESIAN_POINT('',(0.0377087057784246,-0.124330215639908,-0.0670060047438453));
#3962=CARTESIAN_POINT('',(0.0360088686680204,-0.112225594887265,-0.064432460102089));
#3963=CARTESIAN_POINT('',(0.0339547857910377,-0.100197365003196,-0.0613274472959437));
#3964=CARTESIAN_POINT('',(0.0307382428745218,-0.0838843128302733,-0.0564414741034564));
#3965=CARTESIAN_POINT('',(0.0277491609587847,-0.0708809331118238,-0.0518378141172005));
#3966=CARTESIAN_POINT('',(0.0254004375307041,-0.0614017826590356,-0.0481515604497282));
#3967=CARTESIAN_POINT('',(0.0317757141962062,-0.163535162560965,-0.0737758930411433));
#3968=CARTESIAN_POINT('',(0.0318914364131855,-0.154132368569978,-0.0737783813644351));
#3969=CARTESIAN_POINT('',(0.031428956333338,-0.140917659428299,-0.0726855629697578));
#3970=CARTESIAN_POINT('',(0.02995711828183,-0.124422799710632,-0.0698650474703544));
#3971=CARTESIAN_POINT('',(0.0284864591081653,-0.112390470061301,-0.0671514212655777));
#3972=CARTESIAN_POINT('',(0.0266942380237326,-0.10045176198984,-0.0638785589410246));
#3973=CARTESIAN_POINT('',(0.023901497478398,-0.0842843584247414,-0.0587230149634743));
#3974=CARTESIAN_POINT('',(0.0213604393681306,-0.0714256338425151,-0.053850756955455));
#3975=CARTESIAN_POINT('',(0.0194307826291346,-0.0620689750539622,-0.0499335519182101));
#3976=CARTESIAN_POINT('',(0.0185744565115742,-0.163535467523057,-0.076833424872503));
#3977=CARTESIAN_POINT('',(0.0187695976270795,-0.15412101790446,-0.0768350771682959));
#3978=CARTESIAN_POINT('',(0.018584638320436,-0.140929618712804,-0.0756811831808466));
#3979=CARTESIAN_POINT('',(0.0176528999985549,-0.124512150531459,-0.0727184925279512));
#3980=CARTESIAN_POINT('',(0.0166656514725066,-0.112558656461147,-0.0698696351550734));
#3981=CARTESIAN_POINT('',(0.0154392368080382,-0.100719540099224,-0.0664300507427742));
#3982=CARTESIAN_POINT('',(0.0135399935357072,-0.0847178364702846,-0.0609962222335244));
#3983=CARTESIAN_POINT('',(0.0118735432338016,-0.0720292436471063,-0.0558296869854134));
#3984=CARTESIAN_POINT('',(0.0106898315159136,-0.0628211023590983,-0.0516459304933846));
#3985=CARTESIAN_POINT('',(0.00753939917542646,-0.163535379295078,-0.0777001139307447));
#3986=CARTESIAN_POINT('',(0.00768289265041423,-0.154114396260555,-0.0777137416393953));
#3987=CARTESIAN_POINT('',(0.00765816450146731,-0.140929734606099,-0.0765538871904762));
#3988=CARTESIAN_POINT('',(0.00726607112163256,-0.124539341341373,-0.0735602649034885));
#3989=CARTESIAN_POINT('',(0.00682258626170626,-0.112614307883762,-0.0706771558515999));
#3990=CARTESIAN_POINT('',(0.00625980118520027,-0.100811946557801,-0.0671906221380107));
#3991=CARTESIAN_POINT('',(0.0053903443136731,-0.0848728513284575,-0.0616705528557097));
#3992=CARTESIAN_POINT('',(0.00464924829429451,-0.0722507180976994,-0.0564021261320956));
#3993=CARTESIAN_POINT('',(0.00415492867821614,-0.0631023667782157,-0.0521190880179267));
#3994=CARTESIAN_POINT('',(-4.34605829334237E-10,-0.163535371317234,-0.0776995828714721));
#3995=CARTESIAN_POINT('',(-8.25931194916931E-10,-0.154114446857261,-0.0777137404157323));
#3996=CARTESIAN_POINT('',(-2.30174409531867E-9,-0.140929936503415,-0.0765544765822368));
#3997=CARTESIAN_POINT('',(-7.25316236245401E-9,-0.124539845087387,-0.0735613355507442));
#3998=CARTESIAN_POINT('',(-1.28964538063978E-8,-0.112615080860726,-0.0706784617909646));
#3999=CARTESIAN_POINT('',(-2.10145258768456E-8,-0.100813022380624,-0.0671920649073019));
#4000=CARTESIAN_POINT('',(-3.68189217163877E-8,-0.0848743613630337,-0.0616720817530035));
#4001=CARTESIAN_POINT('',(-5.55682137384111E-8,-0.0722525681059407,-0.0564036430852553));
#4002=CARTESIAN_POINT('',(-7.52820093144683E-8,-0.0631044399784934,-0.0521205919147758));
#4003=CARTESIAN_POINT('',(7.37419441553779E-8,-0.0637541433474187,-0.0524243024389182));
#4004=CARTESIAN_POINT('',(0.00359371656170094,-0.0637519719375502,-0.0524247525517321));
#4005=CARTESIAN_POINT('',(0.00718730404158011,-0.0636224777802911,-0.0521975992368834));
#4006=CARTESIAN_POINT('',(0.0107452755045981,-0.0634062111156646,-0.0517397050567104));
#4007=CARTESIAN_POINT('',(-0.0108737959379369,-0.0630142009010968,-0.0515509015963825));
#4008=CARTESIAN_POINT('',(-0.0108738551576264,-0.0633350935515454,-0.0516924085852168));
#4009=CARTESIAN_POINT('',(-0.0108739143772136,-0.063656012445904,-0.0518338614437877));
#4010=CARTESIAN_POINT('',(-0.0108739735966985,-0.0639769575951395,-0.0519752601494753));
#4011=CARTESIAN_POINT('',(-0.00362452283003643,-0.0627207849517637,-0.0521589052839391));
#4012=CARTESIAN_POINT('',(-0.00362458204908973,-0.0630418450158586,-0.0523000669681004));
#4013=CARTESIAN_POINT('',(-0.0036246412680401,-0.0633629315034917,-0.0524411741515001));
#4014=CARTESIAN_POINT('',(-0.00362470048688753,-0.063684044411698,-0.0525822268402539));
#4015=CARTESIAN_POINT('',(0.00362475139339273,-0.0627218978584918,-0.0521594185291398));
#4016=CARTESIAN_POINT('',(0.00362469217433004,-0.0630429552457323,-0.0523005857345376));
#4017=CARTESIAN_POINT('',(0.00362463295537029,-0.0633640390407008,-0.0524416984717835));
#4018=CARTESIAN_POINT('',(0.00362457373651344,-0.0636851492396613,-0.0525827567485836));
#4019=CARTESIAN_POINT('',(0.0108740267338782,-0.0630176229258783,-0.051552269509243));
#4020=CARTESIAN_POINT('',(0.0108739675141652,-0.0633385080194789,-0.051693792084708));
#4021=CARTESIAN_POINT('',(0.0108739082945543,-0.0636594193500793,-0.0518352605441628));
#4022=CARTESIAN_POINT('',(0.0108738490750458,-0.0639803569285842,-0.0519766748651152));
#4023=CARTESIAN_POINT('',(-0.0770852172331731,-0.1628666666667,0.0109282414958402));
#4024=CARTESIAN_POINT('',(-0.079505300644854,-0.200098352673512,0.0109282414958402));
#4025=CARTESIAN_POINT('',(-0.079505300644854,-0.197598352673512,0.0109282414958402));
#4026=CARTESIAN_POINT('',(-0.088598967190758,-0.155177099625584,0.0109282414958402));
#4027=CARTESIAN_POINT('',(-0.088598967190758,-0.152677099625584,0.0109282414958402));
#4028=CARTESIAN_POINT('',(-0.0857967376751372,-0.105849731962982,0.0109282414958402));
#4029=CARTESIAN_POINT('',(-0.0857967376751372,-0.103349731962982,0.0109282414958402));
#4030=CARTESIAN_POINT('',(-0.0839264170523011,-0.184734421000928,0.0109282414958402));
#4031=CARTESIAN_POINT('',(-0.0839264170523011,-0.186434421000928,0.0109282414958402));
#4032=CARTESIAN_POINT('',(-0.0881608751406652,-0.121899813911979,0.0109282414958402));
#4033=CARTESIAN_POINT('',(-0.0881608751406652,-0.123599813911979,0.0109282414958402));
#4034=CARTESIAN_POINT('',(-0.091650650622377,-0.0948522353179228,0.0109282414958402));
#4035=CARTESIAN_POINT('',(-0.0928299357939495,-0.0948522353179228,0.0109282414958402));
#4036=CARTESIAN_POINT('',(-0.0951492362159334,-0.0956992493170961,0.0109282414958403));
#4037=CARTESIAN_POINT('',(-0.0963909002532171,-0.0978381503887488,0.0109282414958402));
#4038=CARTESIAN_POINT('',(-0.0965878889970967,-0.0990011013722424,0.0109282414958402));
#4039=CARTESIAN_POINT('',(-0.0695490241085602,-0.189,0.0109282414953215));
#4040=CARTESIAN_POINT('',(0.0695490241085602,-0.198695775192014,0.0109282414958402));
#4041=CARTESIAN_POINT('',(0.0695490241085602,-0.214,0.0109282414958402));
#4042=CARTESIAN_POINT('',(0.0695490241085602,-0.198695775192014,-0.080521325735825));
#4043=CARTESIAN_POINT('',(0.0695490241085602,-0.214,-0.080521325735825));
#4044=CARTESIAN_POINT('',(0.0243103239557659,-0.198695775192014,-0.0695070123897124));
#4045=CARTESIAN_POINT('',(0.0243103239557659,-0.214,-0.0695070123897124));
#4046=CARTESIAN_POINT('',(1.06551758264988E-9,-0.198695775192014,-0.0695070123897124));
#4047=CARTESIAN_POINT('',(1.06551758264988E-9,-0.214,-0.0695070123897124));
#4048=CARTESIAN_POINT('',(1.06551758264988E-9,-0.189,-0.0695070123897124));
#4049=CARTESIAN_POINT('',(-0.0695490241085602,-0.198699871497074,0.0109282414953215));
#4050=CARTESIAN_POINT('',(-0.0695490241085602,-0.214,0.0109282414953215));
#4051=CARTESIAN_POINT('',(-0.0695490241085602,-0.198699871497074,-0.0805213257363455));
#4052=CARTESIAN_POINT('',(-0.0695490241085602,-0.214,-0.0805213257363455));
#4053=CARTESIAN_POINT('',(-0.0243103239557792,-0.198699871497074,-0.0695070123897124));
#4054=CARTESIAN_POINT('',(-0.0243103239557792,-0.214,-0.0695070123897124));
#4055=CARTESIAN_POINT('',(-1.06551874754722E-9,-0.198699871497074,-0.0695070123897124));
#4056=CARTESIAN_POINT('',(-1.06551874754722E-9,-0.214,-0.0695070123897124));
#4057=CARTESIAN_POINT('',(-0.0839264170523011,-0.184734421000928,0.00282824149584025));
#4058=CARTESIAN_POINT('',(-0.0839264170523011,-0.184734421000928,0.00192695056729891));
#4059=CARTESIAN_POINT('',(-0.0839264170523011,-0.184734421000928,0.00282824149584025));
#4060=CARTESIAN_POINT('',(-0.0839264170523011,-0.183234421000928,0.00282824149584025));
#4061=CARTESIAN_POINT('',(-0.0839264170523011,-0.184734421000928,0.0109282414958402));
#4062=CARTESIAN_POINT('',(-0.0839264170523011,-0.184734421000928,0.0107282414958402));
#4063=CARTESIAN_POINT('',(-0.0839264170523011,-0.186234421000928,0.0107282414958402));
#4064=CARTESIAN_POINT('',(-0.0881608751406652,-0.121899813911979,0.00282824149584025));
#4065=CARTESIAN_POINT('',(-0.0881608751406652,-0.121899813911979,0.00192695056729891));
#4066=CARTESIAN_POINT('',(-0.0881608751406652,-0.121899813911979,0.00282824149584025));
#4067=CARTESIAN_POINT('',(-0.0881608751406652,-0.120399813911979,0.00282824149584025));
#4068=CARTESIAN_POINT('',(-0.0881608751406652,-0.121899813911979,0.0109282414958402));
#4069=CARTESIAN_POINT('',(-0.0881608751406652,-0.121899813911979,0.0107282414958402));
#4070=CARTESIAN_POINT('',(-0.0881608751406652,-0.123399813911979,0.0107282414958402));
#4071=CARTESIAN_POINT('',(0.0881608751406652,-0.121899813911979,0.00282824149584025));
#4072=CARTESIAN_POINT('',(0.0881608751406652,-0.121899813911979,0.00192695056729891));
#4073=CARTESIAN_POINT('',(0.0881608751406652,-0.121899813911979,0.00282824149584025));
#4074=CARTESIAN_POINT('',(0.0881608751406652,-0.120399813911979,0.00282824149584025));
#4075=CARTESIAN_POINT('',(0.0881608751406652,-0.121899813911979,0.0109282414958402));
#4076=CARTESIAN_POINT('',(0.0881608751406652,-0.121899813911979,0.0107282414958402));
#4077=CARTESIAN_POINT('',(0.0881608751406652,-0.123399813911979,0.0107282414958402));
#4078=CARTESIAN_POINT('',(0.0839264170523011,-0.184734421000928,0.00282824149584025));
#4079=CARTESIAN_POINT('',(0.0839264170523011,-0.184734421000928,0.00192695056729891));
#4080=CARTESIAN_POINT('',(0.0839264170523011,-0.184734421000928,0.00282824149584025));
#4081=CARTESIAN_POINT('',(0.0839264170523011,-0.183234421000928,0.00282824149584025));
#4082=CARTESIAN_POINT('',(0.0839264170523011,-0.184734421000928,0.0109282414958402));
#4083=CARTESIAN_POINT('',(0.0839264170523011,-0.184734421000928,0.0107282414958402));
#4084=CARTESIAN_POINT('',(0.0839264170523011,-0.186234421000928,0.0107282414958402));
#4085=CARTESIAN_POINT('',(-0.0839264170523011,-0.184734421000928,0.0109282414958402));
#4086=CARTESIAN_POINT('',(-0.0881608751406652,-0.121899813911979,0.0109282414958402));
#4087=CARTESIAN_POINT('',(0.0881608751406652,-0.121899813911979,0.0109282414958402));
#4088=CARTESIAN_POINT('',(0.0839264170523011,-0.184734421000928,0.0109282414958402));
#4089=CARTESIAN_POINT('',(-0.0857967376751372,-0.105849731962982,0.00592824149584025));
#4090=CARTESIAN_POINT('',(-0.0857967376751372,-0.105849731962982,0.00442608994827135));
#4091=CARTESIAN_POINT('',(-0.0857967376751372,-0.105849731962982,0.00592824149584025));
#4092=CARTESIAN_POINT('',(-0.0857967376751372,-0.103349731962982,0.00592824149584025));
#4093=CARTESIAN_POINT('',(-0.0857967376751372,-0.105849731962982,0.0109282414958402));
#4094=CARTESIAN_POINT('',(-0.088598967190758,-0.155177099625584,0.00592824149584025));
#4095=CARTESIAN_POINT('',(-0.088598967190758,-0.155177099625584,0.00442608994827135));
#4096=CARTESIAN_POINT('',(-0.088598967190758,-0.155177099625584,0.00592824149584025));
#4097=CARTESIAN_POINT('',(-0.088598967190758,-0.152677099625584,0.00592824149584025));
#4098=CARTESIAN_POINT('',(-0.088598967190758,-0.155177099625584,0.0109282414958402));
#4099=CARTESIAN_POINT('',(-0.079505300644854,-0.200098352673512,0.00592824149584025));
#4100=CARTESIAN_POINT('',(-0.079505300644854,-0.200098352673512,0.00442608994827135));
#4101=CARTESIAN_POINT('',(-0.079505300644854,-0.200098352673512,0.00592824149584025));
#4102=CARTESIAN_POINT('',(-0.079505300644854,-0.197598352673512,0.00592824149584025));
#4103=CARTESIAN_POINT('',(-0.079505300644854,-0.200098352673512,0.0109282414958402));
#4104=CARTESIAN_POINT('',(0.079505300644854,-0.200098352673512,0.00592824149584025));
#4105=CARTESIAN_POINT('',(0.079505300644854,-0.200098352673512,0.00442608994827135));
#4106=CARTESIAN_POINT('',(0.079505300644854,-0.200098352673512,0.00592824149584025));
#4107=CARTESIAN_POINT('',(0.079505300644854,-0.197598352673512,0.00592824149584025));
#4108=CARTESIAN_POINT('',(0.079505300644854,-0.200098352673512,0.0109282414958402));
#4109=CARTESIAN_POINT('',(0.088598967190758,-0.155177099625584,0.00592824149584025));
#4110=CARTESIAN_POINT('',(0.088598967190758,-0.155177099625584,0.00442608994827135));
#4111=CARTESIAN_POINT('',(0.088598967190758,-0.155177099625584,0.00592824149584025));
#4112=CARTESIAN_POINT('',(0.088598967190758,-0.152677099625584,0.00592824149584025));
#4113=CARTESIAN_POINT('',(0.088598967190758,-0.155177099625584,0.0109282414958402));
#4114=CARTESIAN_POINT('',(0.0857967376751372,-0.105849731962982,0.00592824149584025));
#4115=CARTESIAN_POINT('',(0.0857967376751372,-0.105849731962982,0.00442608994827135));
#4116=CARTESIAN_POINT('',(0.0857967376751372,-0.105849731962982,0.00592824149584025));
#4117=CARTESIAN_POINT('',(0.0857967376751372,-0.103349731962982,0.00592824149584025));
#4118=CARTESIAN_POINT('',(0.0857967376751372,-0.105849731962982,0.0109282414958402));
#4119=CARTESIAN_POINT('',(-0.0967040858623403,-0.0989067681248505,0.00970359213053008));
#4120=CARTESIAN_POINT('',(-0.0959710001364583,-0.0948006448637152,0.0100636249772704));
#4121=CARTESIAN_POINT('',(-0.0917990019691928,-0.0947650055980401,0.00971656921383205));
#4122=CARTESIAN_POINT('',(-0.0966586208447245,-0.0989605458747771,0.0102414855992613));
#4123=CARTESIAN_POINT('',(-0.095930768762096,-0.0948396601351266,0.0105128669234258));
#4124=CARTESIAN_POINT('',(-0.091756097076808,-0.0948070573638249,0.0101260700102676));
#4125=CARTESIAN_POINT('',(-0.0966059558629693,-0.0989980255635499,0.0107779521170055));
#4126=CARTESIAN_POINT('',(-0.0958847323542799,-0.0948632444755206,0.0109590036240471));
#4127=CARTESIAN_POINT('',(-0.0917062974005232,-0.0948361848391392,0.0105323028628889));
#4128=CARTESIAN_POINT('',(-0.0965461271851692,-0.0990190342125035,0.0113130017638497));
#4129=CARTESIAN_POINT('',(-0.0958330921990807,-0.0948714261496843,0.0114015741613662));
#4130=CARTESIAN_POINT('',(-0.0916496375607283,-0.0948525291267912,0.0109354552976374));
#4131=CARTESIAN_POINT('',(-0.0917990019691929,-0.0997388490368085,0.0092058036642703));
#4132=CARTESIAN_POINT('',(-0.0917990019755501,-0.0947650063010264,0.00971657570526713));
#4133=CARTESIAN_POINT('',(-0.0959709997636715,-0.0948006459168978,0.0100636304200848));
#4134=CARTESIAN_POINT('',(-0.0967040858688897,-0.0989067681620423,0.00970359212816091));
#4135=CARTESIAN_POINT('',(-0.0918567947497498,-0.0947082190690182,0.00916358779762612));
#4136=CARTESIAN_POINT('',(-0.0960251989258901,-0.0947479456052122,0.00945815973875443));
#4137=CARTESIAN_POINT('',(-0.0967653271286701,-0.0988343287955057,0.00897904956520016));
#4138=CARTESIAN_POINT('',(-0.0919458175737575,-0.0945534167276785,0.0080853744166535));
#4139=CARTESIAN_POINT('',(-0.0961102672228521,-0.0945926192972893,0.00827240429710256));
#4140=CARTESIAN_POINT('',(-0.0968600453724056,-0.0986319997150935,0.00754387558733009));
#4141=CARTESIAN_POINT('',(-0.0920030218553502,-0.0941734678158108,0.00642087558092786));
#4142=CARTESIAN_POINT('',(-0.0961729423198147,-0.0941885737031694,0.00646363524846456));
#4143=CARTESIAN_POINT('',(-0.0969223561125617,-0.0981626324509036,0.00543106002078625));
#4144=CARTESIAN_POINT('',(-0.0919884129727289,-0.0936969989202403,0.00485588051549574));
#4145=CARTESIAN_POINT('',(-0.0961721137398091,-0.0936640619251437,0.00474989531233937));
#4146=CARTESIAN_POINT('',(-0.0969096000065106,-0.0975450069737092,0.00335406294536133));
#4147=CARTESIAN_POINT('',(-0.0919127060324086,-0.0931606281981026,0.00350526164931964));
#4148=CARTESIAN_POINT('',(-0.0961157892393194,-0.0930731701913144,0.00329588140066673));
#4149=CARTESIAN_POINT('',(-0.0968326287443805,-0.0968836176333915,0.00165769572380578));
#4150=CARTESIAN_POINT('',(-0.0918260577457183,-0.092621307025156,0.00221936281595647));
#4151=CARTESIAN_POINT('',(-0.0960354511193965,-0.0925119174353753,0.00195661590846673));
#4152=CARTESIAN_POINT('',(-0.0967436529881544,-0.0963334854824287,0.000315504366853596));
#4153=CARTESIAN_POINT('',(-0.091725868730234,-0.0920889505296261,0.000933402176180005));
#4154=CARTESIAN_POINT('',(-0.0959403721305132,-0.0919576820807845,0.00061554999024088));
#4155=CARTESIAN_POINT('',(-0.0966403742500457,-0.0957900546460507,-0.00102815965735071));
#4156=CARTESIAN_POINT('',(-0.0915733012951625,-0.0914302876690497,-0.000660479867015789));
#4157=CARTESIAN_POINT('',(-0.0957933694372197,-0.0912702834195714,-0.00104864269679945));
#4158=CARTESIAN_POINT('',(-0.0964824515232453,-0.0951128538766354,-0.00270466340994908));
#4159=CARTESIAN_POINT('',(-0.0913473478541046,-0.0906421057003473,-0.00258592889216095));
#4160=CARTESIAN_POINT('',(-0.095570378596811,-0.0904502564707392,-0.0030570937528758));
#4161=CARTESIAN_POINT('',(-0.0962476962917454,-0.0943084492566151,-0.00471413181538728));
#4162=CARTESIAN_POINT('',(-0.0910785801807253,-0.0898643367296102,-0.00450730701251028));
#4163=CARTESIAN_POINT('',(-0.0953020450020634,-0.0896407932232818,-0.00506233042993694));
#4164=CARTESIAN_POINT('',(-0.0959677398190993,-0.0935133926191796,-0.00672153588914309));
#4165=CARTESIAN_POINT('',(-0.0907672709421622,-0.0890934924854074,-0.00644211624112208));
#4166=CARTESIAN_POINT('',(-0.0949865338962055,-0.0888415625466543,-0.00708063069160082));
#4167=CARTESIAN_POINT('',(-0.0956428487670455,-0.0927306506565037,-0.0087283387160282));
#4168=CARTESIAN_POINT('',(-0.0902946014885618,-0.0880958700694473,-0.00897338660400361));
#4169=CARTESIAN_POINT('',(-0.0945100003608089,-0.0877972597358249,-0.00972963637344645));
#4170=CARTESIAN_POINT('',(-0.0951488359210864,-0.0916991055783009,-0.0114003509962011));
#4171=CARTESIAN_POINT('',(-0.0893093792129332,-0.0863465654916593,-0.0134226247598184));
#4172=CARTESIAN_POINT('',(-0.0935041618454003,-0.0859719458347289,-0.0143854465566821));
#4173=CARTESIAN_POINT('',(-0.0941174961245178,-0.0899009503223465,-0.0160654578484742));
#4174=CARTESIAN_POINT('',(-0.087481905683349,-0.083951810497728,-0.0195831471420636));
#4175=CARTESIAN_POINT('',(-0.0916259800887257,-0.0834606230046778,-0.0208460202164126));
#4176=CARTESIAN_POINT('',(-0.0922004233279383,-0.0874165187746624,-0.0225731251311902));
#4177=CARTESIAN_POINT('',(-0.0846135472093678,-0.0811349478560008,-0.0266093750969445));
#4178=CARTESIAN_POINT('',(-0.0886819148714058,-0.080465253563933,-0.0282320242710091));
#4179=CARTESIAN_POINT('',(-0.0891867975108448,-0.0844493828062255,-0.0300923095327216));
#4180=CARTESIAN_POINT('',(-0.0810681336145459,-0.0782516992737469,-0.0331791870067315));
#4181=CARTESIAN_POINT('',(-0.0850554878736186,-0.0773326072574399,-0.0351649485997432));
#4182=CARTESIAN_POINT('',(-0.0854586954445022,-0.0813570924361659,-0.03723436516177));
#4183=CARTESIAN_POINT('',(-0.0774875480958823,-0.075674210081735,-0.0382088964295029));
#4184=CARTESIAN_POINT('',(-0.0814328060755857,-0.0744335492048246,-0.0404845898636363));
#4185=CARTESIAN_POINT('',(-0.0816914509915255,-0.0785138452250875,-0.0428485614880608));
#4186=CARTESIAN_POINT('',(-0.0743437151268695,-0.0735138027288802,-0.0417284272927698));
#4187=CARTESIAN_POINT('',(-0.0783201239885804,-0.0719144313992114,-0.0441878902239207));
#4188=CARTESIAN_POINT('',(-0.0783821402411211,-0.0760437819210193,-0.0469013619886567));
#4189=CARTESIAN_POINT('',(-0.0726823835654987,-0.0723862748089138,-0.0433545168202288));
#4190=CARTESIAN_POINT('',(-0.0766743134715276,-0.0705871038952235,-0.0458947898855511));
#4191=CARTESIAN_POINT('',(-0.0766326365439852,-0.074744169590674,-0.0487848016447458));
#4192=CARTESIAN_POINT('',(-0.0718292479564117,-0.0718249554859315,-0.0441033077056585));
#4193=CARTESIAN_POINT('',(-0.0758505798668468,-0.0698978686125289,-0.0466740103826453));
#4194=CARTESIAN_POINT('',(-0.0757339627174852,-0.0740704744980799,-0.0496854962234439));
#4195=CARTESIAN_POINT('',(-0.0757339633720751,-0.0740704755133431,-0.0496854959238014));
#4196=CARTESIAN_POINT('',(-0.0757641678632332,-0.0729897296681099,-0.0489054923198689));
#4197=CARTESIAN_POINT('',(-0.0749449610937505,-0.071232832428184,-0.0467704843553352));
#4198=CARTESIAN_POINT('',(-0.0728708189496216,-0.0713258199488929,-0.0447691518032415));
#4199=CARTESIAN_POINT('',(-0.0718292562604275,-0.071824952770494,-0.0441033123325477));
#4200=CARTESIAN_POINT('',(-0.0718557467491532,-0.0718993668979878,-0.0440045749242847));
#4201=CARTESIAN_POINT('',(-0.0719870197828312,-0.0718390203019718,-0.0440900891856965));
#4202=CARTESIAN_POINT('',(-0.0722495658501871,-0.0717183271099399,-0.0442611177085203));
#4203=CARTESIAN_POINT('',(-0.0727700958266697,-0.0715471918083872,-0.0446512929572221));
#4204=CARTESIAN_POINT('',(-0.0734019226143058,-0.0714372396374039,-0.0451981877648002));
#4205=CARTESIAN_POINT('',(-0.0740994136401832,-0.0714869178499564,-0.0459301496547964));
#4206=CARTESIAN_POINT('',(-0.0747080373872587,-0.0717135243518309,-0.0467062276836407));
#4207=CARTESIAN_POINT('',(-0.075203013655607,-0.0721086978578904,-0.0474954721786683));
#4208=CARTESIAN_POINT('',(-0.0755650347289045,-0.0726559600514851,-0.0482662994604501));
#4209=CARTESIAN_POINT('',(-0.0757415526665015,-0.0732213422538606,-0.0488659434239634));
#4210=CARTESIAN_POINT('',(-0.0758082617609546,-0.0737233343052162,-0.0493086954421938));
#4211=CARTESIAN_POINT('',(-0.0758083166746059,-0.073991979688053,-0.0495101345023862));
#4212=CARTESIAN_POINT('',(-0.0758083441314315,-0.0741263023794713,-0.0496108540324824));
#4213=CARTESIAN_POINT('',(-0.071824759135465,-0.0718762821634182,-0.044035395887893));
#4214=CARTESIAN_POINT('',(-0.0719559809224614,-0.0718158864119866,-0.0441209645264222));
#4215=CARTESIAN_POINT('',(-0.0722184244964543,-0.0716950949091235,-0.0442921018034805));
#4216=CARTESIAN_POINT('',(-0.072738750980935,-0.0715237657704536,-0.0446825002230893));
#4217=CARTESIAN_POINT('',(-0.0733703295761707,-0.0714135801415553,-0.0452296761939675));
#4218=CARTESIAN_POINT('',(-0.0740675427372871,-0.0714630040942985,-0.04596196488343));
#4219=CARTESIAN_POINT('',(-0.0746759180381363,-0.0716893923093206,-0.0467383437744633));
#4220=CARTESIAN_POINT('',(-0.0751706838398797,-0.072084391802532,-0.0475278490837615));
#4221=CARTESIAN_POINT('',(-0.0755325394214488,-0.0726315300356276,-0.0482988849218663));
#4222=CARTESIAN_POINT('',(-0.0757089625125517,-0.0731968543923203,-0.048898649478081));
#4223=CARTESIAN_POINT('',(-0.0757756218416596,-0.0736988263345848,-0.0493414645280798));
#4224=CARTESIAN_POINT('',(-0.0757756637374386,-0.0739674730598778,-0.0495429196584223));
#4225=CARTESIAN_POINT('',(-0.0757756846853282,-0.0741017964225243,-0.0496436472235936));
#4226=CARTESIAN_POINT('',(-0.0717627839080886,-0.0718301126942788,-0.0440970378151097));
#4227=CARTESIAN_POINT('',(-0.071893903201722,-0.0717696186320162,-0.0441827152078734));
#4228=CARTESIAN_POINT('',(-0.0721561417889887,-0.0716486305074909,-0.0443540699934008));
#4229=CARTESIAN_POINT('',(-0.0726760612894656,-0.0714769136945864,-0.0447449147548239));
#4230=CARTESIAN_POINT('',(-0.0733071434999003,-0.0713662611498581,-0.0452926530523022));
#4231=CARTESIAN_POINT('',(-0.074003800931495,-0.0714151765829826,-0.0460255953406972));
#4232=CARTESIAN_POINT('',(-0.0746116793398914,-0.0716411282243001,-0.0468025759561086));
#4233=CARTESIAN_POINT('',(-0.0751060242084252,-0.0720357796918153,-0.047592602893948));
#4234=CARTESIAN_POINT('',(-0.0754675488065375,-0.0725826700039125,-0.0483640558446987));
#4235=CARTESIAN_POINT('',(-0.0756437822046521,-0.0731478786692398,-0.048964061586316));
#4236=CARTESIAN_POINT('',(-0.0757103420030697,-0.0736498103933221,-0.0494070026998519));
#4237=CARTESIAN_POINT('',(-0.0757103578631042,-0.0739184598035276,-0.0496084899704946));
#4238=CARTESIAN_POINT('',(-0.0757103657931215,-0.0740527845086303,-0.049709233605816));
#4239=CARTESIAN_POINT('',(-0.0716384458169665,-0.0717554452512082,-0.0441964182287013));
#4240=CARTESIAN_POINT('',(-0.0717696748371398,-0.0716941274026166,-0.0442821411575399));
#4241=CARTESIAN_POINT('',(-0.0720321328774862,-0.0715714917054335,-0.0444535870152171));
#4242=CARTESIAN_POINT('',(-0.0725524654197535,-0.0713965324938837,-0.0448452647464884));
#4243=CARTESIAN_POINT('',(-0.0731839572534985,-0.0712820015273741,-0.0453949067782079));
#4244=CARTESIAN_POINT('',(-0.0738807682100784,-0.0713267587526783,-0.0461313909466783));
#4245=CARTESIAN_POINT('',(-0.0744883199352364,-0.071549206483376,-0.0469128580176658));
#4246=CARTESIAN_POINT('',(-0.0749817519302037,-0.0719411071042163,-0.0477079885113134));
#4247=CARTESIAN_POINT('',(-0.0753417202129427,-0.072486031685523,-0.0484848025037516));
#4248=CARTESIAN_POINT('',(-0.0755161072993739,-0.0730502415151067,-0.0490891733457018));
#4249=CARTESIAN_POINT('',(-0.0755809002963992,-0.0735516989530741,-0.0495353926279306));
#4250=CARTESIAN_POINT('',(-0.0755799183754878,-0.0738202371292883,-0.0497383801267898));
#4251=CARTESIAN_POINT('',(-0.0755794274150321,-0.0739545062173955,-0.0498398738762193));
#4252=CARTESIAN_POINT('',(-0.0714203890630132,-0.0716123709150829,-0.044384535884602));
#4253=CARTESIAN_POINT('',(-0.0715516037745244,-0.0715500183711438,-0.0444704397598515));
#4254=CARTESIAN_POINT('',(-0.0718140331975468,-0.0714253132832656,-0.0446422475103505));
#4255=CARTESIAN_POINT('',(-0.0723342839705243,-0.0712462749619496,-0.0450353806423823));
#4256=CARTESIAN_POINT('',(-0.072965572419661,-0.0711268535431269,-0.0455877984748704));
#4257=CARTESIAN_POINT('',(-0.0736618198929142,-0.0711663472557348,-0.0463289734186867));
#4258=CARTESIAN_POINT('',(-0.0742683573358815,-0.0713843408464703,-0.047116107012923));
#4259=CARTESIAN_POINT('',(-0.0747602306038633,-0.0717727302719456,-0.0479174821482286));
#4260=CARTESIAN_POINT('',(-0.0751180518097336,-0.0723151398217391,-0.0487006904030014));
#4261=CARTESIAN_POINT('',(-0.0752901604384248,-0.0728780792482563,-0.0493101395037691));
#4262=CARTESIAN_POINT('',(-0.0753528821842343,-0.0733789487172912,-0.049760098968963));
#4263=CARTESIAN_POINT('',(-0.0753507709053879,-0.073647362537255,-0.0499647634464753));
#4264=CARTESIAN_POINT('',(-0.0753497152659648,-0.0737815694472368,-0.0500670956852314));
#4265=CARTESIAN_POINT('',(-0.0711072679850968,-0.0713961742749968,-0.0446634834468715));
#4266=CARTESIAN_POINT('',(-0.0712382761342427,-0.0713326953630754,-0.0447497360741753));
#4267=CARTESIAN_POINT('',(-0.0715002924325347,-0.0712057375392325,-0.044922241328783));
#4268=CARTESIAN_POINT('',(-0.0720197004455535,-0.0710222524630778,-0.0453174570099984));
#4269=CARTESIAN_POINT('',(-0.0726498673955871,-0.0708974883433831,-0.0458733588554139));
#4270=CARTESIAN_POINT('',(-0.0733445561087425,-0.0709312102525014,-0.0466199184329789));
#4271=CARTESIAN_POINT('',(-0.0739492391220123,-0.071144299644092,-0.0474132353861761));
#4272=CARTESIAN_POINT('',(-0.0744389105019005,-0.0715288090325999,-0.048221179119873));
#4273=CARTESIAN_POINT('',(-0.0747941697857945,-0.0720684362636105,-0.049010906168869));
#4274=CARTESIAN_POINT('',(-0.0749638663180042,-0.0726299841364633,-0.0496253691088136));
#4275=CARTESIAN_POINT('',(-0.0750245342138632,-0.073130232277478,-0.0500789258785255));
#4276=CARTESIAN_POINT('',(-0.075021357049457,-0.0733985344731255,-0.0502851576127335));
#4277=CARTESIAN_POINT('',(-0.0750197684672538,-0.0735326855709493,-0.0503882734798376));
#4278=CARTESIAN_POINT('',(-0.0707287735183076,-0.0711338180009803,-0.0449978122716673));
#4279=CARTESIAN_POINT('',(-0.0708594838418075,-0.0710690632586736,-0.0450844963817243));
#4280=CARTESIAN_POINT('',(-0.0711209044888073,-0.0709395537740601,-0.045257864601838));
#4281=CARTESIAN_POINT('',(-0.0716391060061601,-0.0707510273948354,-0.0456555499272569));
#4282=CARTESIAN_POINT('',(-0.0722677022369395,-0.0706201996409081,-0.0462154856928667));
#4283=CARTESIAN_POINT('',(-0.0729603112416635,-0.070647360433337,-0.0469681636113399));
#4284=CARTESIAN_POINT('',(-0.0735626468046009,-0.0708548663349061,-0.0477684233897635));
#4285=CARTESIAN_POINT('',(-0.0740496616589359,-0.0712349525956108,-0.0485836735331027));
#4286=CARTESIAN_POINT('',(-0.0744019533180014,-0.0717714069527917,-0.049380588848108));
#4287=CARTESIAN_POINT('',(-0.0745689510693503,-0.0723313732033113,-0.0500005273662947));
#4288=CARTESIAN_POINT('',(-0.0746273698707736,-0.0728309236381323,-0.0504579796099644));
#4289=CARTESIAN_POINT('',(-0.074623045853056,-0.0730991080611165,-0.0506658919657709));
#4290=CARTESIAN_POINT('',(-0.0746208838441973,-0.0732332002726086,-0.0507698481436741));
#4291=CARTESIAN_POINT('',(-0.0699662134665659,-0.070632416939901,-0.0456246657750784));
#4292=CARTESIAN_POINT('',(-0.0700967867312223,-0.0705641698765894,-0.0457118853847871));
#4293=CARTESIAN_POINT('',(-0.070357933260535,-0.0704276757499661,-0.0458863246042044));
#4294=CARTESIAN_POINT('',(-0.0708755086935418,-0.0702253303881339,-0.0462885824064699));
#4295=CARTESIAN_POINT('',(-0.0715030013248604,-0.070077871965381,-0.0468574135712386));
#4296=CARTESIAN_POINT('',(-0.0721932741804124,-0.0700870477904502,-0.047625284937034));
#4297=CARTESIAN_POINT('',(-0.072791849745457,-0.0702792690778243,-0.0484439732534655));
#4298=CARTESIAN_POINT('',(-0.0732733930523478,-0.0706472574423063,-0.0492795539082617));
#4299=CARTESIAN_POINT('',(-0.0736183763946209,-0.0711750129938829,-0.0500972647640342));
#4300=CARTESIAN_POINT('',(-0.0737777746475669,-0.0717305719094363,-0.0507336633929891));
#4301=CARTESIAN_POINT('',(-0.0738293605972316,-0.0722280834047005,-0.0512031871396224));
#4302=CARTESIAN_POINT('',(-0.0738213422237854,-0.0724958411892397,-0.0514164819896585));
#4303=CARTESIAN_POINT('',(-0.0738173330370623,-0.0726297200815094,-0.0515231294146765));
#4304=CARTESIAN_POINT('',(-0.0688025665299585,-0.0698661208731371,-0.0465295146602088));
#4305=CARTESIAN_POINT('',(-0.0689329164962477,-0.0697925171729146,-0.0466173128334212));
#4306=CARTESIAN_POINT('',(-0.0691936164288264,-0.0696453097724696,-0.0467929091798461));
#4307=CARTESIAN_POINT('',(-0.0697101798707247,-0.0694216654617076,-0.0472012289277251));
#4308=CARTESIAN_POINT('',(-0.07033591770647,-0.0692484487996366,-0.0477825595065203));
#4309=CARTESIAN_POINT('',(-0.0710225424583421,-0.0692295975373149,-0.0485724614888517));
#4310=CARTESIAN_POINT('',(-0.0716153036475761,-0.0693978646342069,-0.0494182515950836));
#4311=CARTESIAN_POINT('',(-0.0720884365566542,-0.0697467800424328,-0.0502839566958721));
#4312=CARTESIAN_POINT('',(-0.0724222360607944,-0.0702607237924479,-0.051132596819749));
#4313=CARTESIAN_POINT('',(-0.0725700529979221,-0.0708092085515614,-0.0517934974484892));
#4314=CARTESIAN_POINT('',(-0.0726112579598998,-0.0713033980314478,-0.0522809670548958));
#4315=CARTESIAN_POINT('',(-0.0725976432725088,-0.0715704313914984,-0.0525022424034956));
#4316=CARTESIAN_POINT('',(-0.0725908359288133,-0.0717039480715237,-0.0526128800777954));
#4317=CARTESIAN_POINT('',(-0.06720659105743,-0.0688265432518109,-0.0476449116131808));
#4318=CARTESIAN_POINT('',(-0.0673368452617,-0.0687450798498747,-0.0477327580617939));
#4319=CARTESIAN_POINT('',(-0.0675973536702401,-0.0685821530460025,-0.0479084509590199));
#4320=CARTESIAN_POINT('',(-0.0681133456878153,-0.0683269736087836,-0.0483226827343007));
#4321=CARTESIAN_POINT('',(-0.0687375925898308,-0.0681152790040633,-0.0489189908191631));
#4322=CARTESIAN_POINT('',(-0.0694199840127202,-0.0680541054901958,-0.0497378696371091));
#4323=CARTESIAN_POINT('',(-0.0700050823730676,-0.0681858463122924,-0.0506207606300259));
#4324=CARTESIAN_POINT('',(-0.0704664488834493,-0.0685053798140123,-0.0515286339415069));
#4325=CARTESIAN_POINT('',(-0.0707841071888485,-0.0689977765490704,-0.0524211573675778));
#4326=CARTESIAN_POINT('',(-0.0709149173254447,-0.069534992505321,-0.05311710484232));
#4327=CARTESIAN_POINT('',(-0.0709407696323648,-0.0700237212048223,-0.0536303184679331));
#4328=CARTESIAN_POINT('',(-0.0709188462063746,-0.070289455557019,-0.0538630526172807));
#4329=CARTESIAN_POINT('',(-0.0709078844933796,-0.0704223227331173,-0.0539794196919545));
#4330=CARTESIAN_POINT('',(-0.0655758001310653,-0.0677695792071937,-0.0486683987630811));
#4331=CARTESIAN_POINT('',(-0.0657060589154627,-0.0676797938544309,-0.0487555401160855));
#4332=CARTESIAN_POINT('',(-0.0659665764842575,-0.0675002231489052,-0.0489298228220942));
#4333=CARTESIAN_POINT('',(-0.0664823790437656,-0.0672113050560105,-0.0493474633828028));
#4334=CARTESIAN_POINT('',(-0.06710553254436,-0.066958022514615,-0.0499563726905157));
#4335=CARTESIAN_POINT('',(-0.0677839196386345,-0.0668505375122556,-0.0508026219791803));
#4336=CARTESIAN_POINT('',(-0.0683612450369809,-0.0669418644404002,-0.0517220900967756));
#4337=CARTESIAN_POINT('',(-0.0688103461241583,-0.0672285172710488,-0.0526724644230276));
#4338=CARTESIAN_POINT('',(-0.0691109757432831,-0.0676964756919173,-0.0536097689094577));
#4339=CARTESIAN_POINT('',(-0.0692237592258969,-0.0682206475901414,-0.0543417092883485));
#4340=CARTESIAN_POINT('',(-0.0692333307322947,-0.0687028794271587,-0.0548813945872071));
#4341=CARTESIAN_POINT('',(-0.0692026054809916,-0.0689669638862374,-0.0551258988104256));
#4342=CARTESIAN_POINT('',(-0.06918724285534,-0.0690990061157767,-0.0552481509220349));
#4343=CARTESIAN_POINT('',(-0.063910190882021,-0.0667078070469613,-0.0495891556067806));
#4344=CARTESIAN_POINT('',(-0.0640407813252432,-0.0666089067774679,-0.0496744873413868));
#4345=CARTESIAN_POINT('',(-0.0643019622116876,-0.0664111062384811,-0.0498451508105992));
#4346=CARTESIAN_POINT('',(-0.0648188389922737,-0.066084753851817,-0.0502627313454154));
#4347=CARTESIAN_POINT('',(-0.0654422947276763,-0.0657847546838493,-0.0508812894592364));
#4348=CARTESIAN_POINT('',(-0.0661177765207604,-0.0656244838925308,-0.0517536289042523));
#4349=CARTESIAN_POINT('',(-0.0666876281977924,-0.0656691583464558,-0.0527103406614423));
#4350=CARTESIAN_POINT('',(-0.0671238208636182,-0.0659173647565161,-0.0537054065936357));
#4351=CARTESIAN_POINT('',(-0.067405796200362,-0.0663563139232733,-0.0546906688857716));
#4352=CARTESIAN_POINT('',(-0.067498427488043,-0.0668646386697094,-0.0554615681063219));
#4353=CARTESIAN_POINT('',(-0.0674896576185296,-0.0673387258014209,-0.0560300172626564));
#4354=CARTESIAN_POINT('',(-0.0674489777040222,-0.0676005902875757,-0.0562873279338582));
#4355=CARTESIAN_POINT('',(-0.0674286377467686,-0.0677315225306531,-0.0564159832694591));
#4356=CARTESIAN_POINT('',(-0.0622059385268854,-0.0656267123373575,-0.0504174726524536));
#4357=CARTESIAN_POINT('',(-0.0623369658396043,-0.0655182769592286,-0.0504999770458254));
#4358=CARTESIAN_POINT('',(-0.0625990204650422,-0.0653014062029707,-0.0506649858325692));
#4359=CARTESIAN_POINT('',(-0.0631173687305892,-0.0649353380023714,-0.0510790060955564));
#4360=CARTESIAN_POINT('',(-0.0637415261966074,-0.0645851093353418,-0.0517037214941713));
#4361=CARTESIAN_POINT('',(-0.0644142831299298,-0.0643671900185925,-0.0525994958012554));
#4362=CARTESIAN_POINT('',(-0.0649764387667228,-0.0643602232979408,-0.0535921911612675));
#4363=CARTESIAN_POINT('',(-0.0653990503950196,-0.0645653051267629,-0.0546318403658236));
#4364=CARTESIAN_POINT('',(-0.0656612674812757,-0.0649712333012319,-0.0556657597315652));
#4365=CARTESIAN_POINT('',(-0.065732541690317,-0.065461149613603,-0.0564765382261241));
#4366=CARTESIAN_POINT('',(-0.0657043734577781,-0.0659255468954804,-0.0570745002177221));
#4367=CARTESIAN_POINT('',(-0.0656531979889448,-0.0661846455509086,-0.0573449466822426));
#4368=CARTESIAN_POINT('',(-0.0656276102545281,-0.0663141948786226,-0.0574801699145029));
#4369=CARTESIAN_POINT('',(-0.0607637947484833,-0.0647581611052108,-0.0509938458259564));
#4370=CARTESIAN_POINT('',(-0.0608960958518314,-0.0646404636528061,-0.0510719914369085));
#4371=CARTESIAN_POINT('',(-0.0611606980585276,-0.0644050687479966,-0.0512282826588126));
#4372=CARTESIAN_POINT('',(-0.0616838034535875,-0.0639995903584659,-0.0516331961947081));
#4373=CARTESIAN_POINT('',(-0.0623125139759615,-0.0635985494289818,-0.0522581117158227));
#4374=CARTESIAN_POINT('',(-0.062986365156907,-0.0633210480660862,-0.0531720141684465));
#4375=CARTESIAN_POINT('',(-0.0635435232931396,-0.0632597522931848,-0.0541972015241713));
#4376=CARTESIAN_POINT('',(-0.0639539199813063,-0.0634186751025519,-0.0552795749574997));
#4377=CARTESIAN_POINT('',(-0.0641963341510893,-0.0637885515535366,-0.0563615937905171));
#4378=CARTESIAN_POINT('',(-0.0642450735354458,-0.0642577588728311,-0.0572125217532765));
#4379=CARTESIAN_POINT('',(-0.0641960040864422,-0.0647108226475761,-0.0578404279313685));
#4380=CARTESIAN_POINT('',(-0.0641333760857682,-0.0649664282508707,-0.0581242615856333));
#4381=CARTESIAN_POINT('',(-0.0641020620854312,-0.065094231052518,-0.0582661784127657));
#4382=CARTESIAN_POINT('',(-0.0597448098605916,-0.0641433087177174,-0.0513517929612443));
#4383=CARTESIAN_POINT('',(-0.0598780875910574,-0.0640191528484356,-0.051426169678381));
#4384=CARTESIAN_POINT('',(-0.0601446430519887,-0.063770841109872,-0.0515749231126543));
#4385=CARTESIAN_POINT('',(-0.0606714013566446,-0.0633373138843025,-0.0519708095125216));
#4386=CARTESIAN_POINT('',(-0.0613036328176285,-0.0628994394724176,-0.0525929566546613));
#4387=CARTESIAN_POINT('',(-0.0619784377841625,-0.0625778547208143,-0.0535168773606688));
#4388=CARTESIAN_POINT('',(-0.0625320048610949,-0.0624756770692985,-0.0545629694910966));
#4389=CARTESIAN_POINT('',(-0.0629334560786495,-0.0625993074960385,-0.0556741590086739));
#4390=CARTESIAN_POINT('',(-0.0631613422448534,-0.0629411498788488,-0.0567893382444204));
#4391=CARTESIAN_POINT('',(-0.0631936001373544,-0.0633939024614762,-0.0576682478846451));
#4392=CARTESIAN_POINT('',(-0.0631293073715857,-0.063837755393582,-0.0583170829076573));
#4393=CARTESIAN_POINT('',(-0.0630583781288928,-0.0640904184302409,-0.0586102705513843));
#4394=CARTESIAN_POINT('',(-0.0630229135075463,-0.0642167499485704,-0.0587568643732478));
#4395=CARTESIAN_POINT('',(-0.059232585185498,-0.0638326782588115,-0.0515205585616524));
#4396=CARTESIAN_POINT('',(-0.059366334189067,-0.0637053389452839,-0.0515929200518056));
#4397=CARTESIAN_POINT('',(-0.059633832196205,-0.0634506603182285,-0.051737643032112));
#4398=CARTESIAN_POINT('',(-0.0601623485031996,-0.0630031705352019,-0.0521284854284155));
#4399=CARTESIAN_POINT('',(-0.0607962537063993,-0.0625468010004981,-0.0527485999160998));
#4400=CARTESIAN_POINT('',(-0.0614714297147555,-0.062202869815984,-0.0536768198797957));
#4401=CARTESIAN_POINT('',(-0.0620230976762326,-0.0620798095250907,-0.0547327513067783));
#4402=CARTESIAN_POINT('',(-0.0624199842830303,-0.0621852865525986,-0.0558578420221641));
#4403=CARTESIAN_POINT('',(-0.0626405408991442,-0.0625126085188134,-0.0569891950335149));
#4404=CARTESIAN_POINT('',(-0.0626645434701854,-0.062956769939672,-0.0578818273337677));
#4405=CARTESIAN_POINT('',(-0.0625926603811028,-0.0633957789016787,-0.058540942459387));
#4406=CARTESIAN_POINT('',(-0.0625176091780155,-0.0636468790040958,-0.0588387253122147));
#4407=CARTESIAN_POINT('',(-0.0624800835764719,-0.0637724290553044,-0.0589876167386285));
#4408=CARTESIAN_POINT('',(-0.0589757459483562,-0.0636776892505912,-0.0516019013591014));
#4409=CARTESIAN_POINT('',(-0.0591097458385462,-0.0635487486561225,-0.0516731959950041));
#4410=CARTESIAN_POINT('',(-0.0593777456189263,-0.0632908674671851,-0.0518157852668094));
#4411=CARTESIAN_POINT('',(-0.0599071997188937,-0.0628363145949887,-0.0522038988518996));
#4412=CARTESIAN_POINT('',(-0.0605420061871017,-0.0623705435082775,-0.0528227882648091));
#4413=CARTESIAN_POINT('',(-0.0612174168341097,-0.0620151938926954,-0.0537529989141256));
#4414=CARTESIAN_POINT('',(-0.0617681460320291,-0.0618814191619967,-0.0548137783220835));
#4415=CARTESIAN_POINT('',(-0.0621627174563827,-0.0619775471300888,-0.0559458227308126));
#4416=CARTESIAN_POINT('',(-0.0623795331423097,-0.0622973621948643,-0.057085320342006));
#4417=CARTESIAN_POINT('',(-0.062399313652939,-0.0627370606070635,-0.0579848867567712));
#4418=CARTESIAN_POINT('',(-0.0623235475900569,-0.0631735405659879,-0.0586492026455538));
#4419=CARTESIAN_POINT('',(-0.0622463883094657,-0.0634238182687973,-0.0589493112157798));
#4420=CARTESIAN_POINT('',(-0.06220780866917,-0.0635489571202019,-0.0590993655008928));
#4421=CARTESIAN_POINT('',(-0.0588288278314805,-0.0635876010344341,-0.0516482058599377));
#4422=CARTESIAN_POINT('',(-0.0589629465892289,-0.0634577744285959,-0.0517189114035714));
#4423=CARTESIAN_POINT('',(-0.0592311841047257,-0.0631981212169195,-0.0518603224908388));
#4424=CARTESIAN_POINT('',(-0.0597610785875407,-0.0627396532837183,-0.0522469200395661));
#4425=CARTESIAN_POINT('',(-0.0603962909434616,-0.0622686623443879,-0.0528651098363105));
#4426=CARTESIAN_POINT('',(-0.0610717371564682,-0.0619069610637791,-0.0537963761431475));
#4427=CARTESIAN_POINT('',(-0.061621877343931,-0.0617672170594825,-0.0548597779722597));
#4428=CARTESIAN_POINT('',(-0.0620151290731673,-0.0618581298083725,-0.0559956008511722));
#4429=CARTESIAN_POINT('',(-0.0622298713117752,-0.0621737535689072,-0.0571395320507033));
#4430=CARTESIAN_POINT('',(-0.0622473444104796,-0.0626109602518316,-0.0580428756021266));
#4431=CARTESIAN_POINT('',(-0.0621694706962017,-0.0630460304992863,-0.0587100242134902));
#4432=CARTESIAN_POINT('',(-0.0620911729990291,-0.0632958518419748,-0.0590113989778255));
#4433=CARTESIAN_POINT('',(-0.0620520241504429,-0.063420762513319,-0.0591620863599932));
#4434=CARTESIAN_POINT('',(-0.0587553210923683,-0.0635254362218504,-0.0516798096758361));
#4435=CARTESIAN_POINT('',(-0.0588891663383026,-0.0633955250520705,-0.05175066075246));
#4436=CARTESIAN_POINT('',(-0.0591568568301713,-0.0631357027125105,-0.0518923629057079));
#4437=CARTESIAN_POINT('',(-0.0596856757009208,-0.0626769225968914,-0.0522794210888493));
#4438=CARTESIAN_POINT('',(-0.060319619582858,-0.0622055767358812,-0.0528980072007948));
#4439=CARTESIAN_POINT('',(-0.0609937848701812,-0.0618435095917543,-0.0538294497979693));
#4440=CARTESIAN_POINT('',(-0.0615429877046578,-0.0617034638417685,-0.0548927637432575));
#4441=CARTESIAN_POINT('',(-0.0619357234502626,-0.0617941505851009,-0.0560282846860645));
#4442=CARTESIAN_POINT('',(-0.0621504158334065,-0.0621096401799348,-0.0571717665023593));
#4443=CARTESIAN_POINT('',(-0.062168251502152,-0.0625468316528217,-0.0580746764726495));
#4444=CARTESIAN_POINT('',(-0.0620908860654051,-0.0629819547265143,-0.0587414788044389));
#4445=CARTESIAN_POINT('',(-0.0620129312941567,-0.0632318344907643,-0.0590426906029265));
#4446=CARTESIAN_POINT('',(-0.0619739539085325,-0.0633567743728893,-0.0591932965021703));
#4447=CARTESIAN_POINT('',(-0.0587185677228122,-0.0634943538155586,-0.0516956115837852));
#4448=CARTESIAN_POINT('',(-0.0588522762128395,-0.0633644003638077,-0.0517665354269043));
#4449=CARTESIAN_POINT('',(-0.059119693192894,-0.063104493460306,-0.0519083831131424));
#4450=CARTESIAN_POINT('',(-0.0596479742576109,-0.062645557253478,-0.0522956716134909));
#4451=CARTESIAN_POINT('',(-0.0602812839025561,-0.0621740339316279,-0.0529144558830369));
#4452=CARTESIAN_POINT('',(-0.0609548087270376,-0.0618117838557419,-0.0538459866253802));
#4453=CARTESIAN_POINT('',(-0.0615035428850212,-0.0616715872329114,-0.0549092566287564));
#4454=CARTESIAN_POINT('',(-0.0618960206388103,-0.0617621609734651,-0.0560446266035106));
#4455=CARTESIAN_POINT('',(-0.0621106880942222,-0.0620775834854486,-0.0571878837281872));
#4456=CARTESIAN_POINT('',(-0.0621287050479882,-0.0625147673533167,-0.0580905769079109));
#4457=CARTESIAN_POINT('',(-0.0620515937500068,-0.0629499168401283,-0.0587572060999132));
#4458=CARTESIAN_POINT('',(-0.0619738104417205,-0.063199825815159,-0.059058336415477));
#4459=CARTESIAN_POINT('',(-0.0619349187875773,-0.0633247803026744,-0.0592089015732589));
#4460=CARTESIAN_POINT('',(-0.0588438115643643,-0.0635265648311999,-0.0516787201028242));
#4461=CARTESIAN_POINT('',(-0.0593418608064775,-0.0630364808020722,-0.0519265670734885));
#4462=CARTESIAN_POINT('',(-0.0601159968451009,-0.0623879036898238,-0.052534906446565));
#4463=CARTESIAN_POINT('',(-0.0609182466759689,-0.0619519523625519,-0.0536307236758525));
#4464=CARTESIAN_POINT('',(-0.061315649030696,-0.0618144824844237,-0.0543282063586739));
#4465=CARTESIAN_POINT('',(-0.0615952572013719,-0.0617736108196616,-0.0549290164665916));
#4466=CARTESIAN_POINT('',(-0.0617758285155842,-0.0617896466866842,-0.0554006445613444));
#4467=CARTESIAN_POINT('',(-0.0619525182996022,-0.0618553520237159,-0.0559606880319403));
#4468=CARTESIAN_POINT('',(-0.0620651298441473,-0.0619604997318145,-0.0564423010889701));
#4469=CARTESIAN_POINT('',(-0.0621257889438085,-0.0620664349798299,-0.0567988639882368));
#4470=CARTESIAN_POINT('',(-0.0621531845362444,-0.0621321036499521,-0.0569950233555993));
#4471=CARTESIAN_POINT('',(-0.0621730566269748,-0.0621968175197169,-0.0571709677543121));
#4472=CARTESIAN_POINT('',(-0.0621795665767204,-0.0622246246549498,-0.057241626147012));
#4473=CARTESIAN_POINT('',(-0.0621914528020582,-0.062281004482347,-0.0573816895109499));
#4474=CARTESIAN_POINT('',(-0.0622060011318434,-0.0623875987912598,-0.0576271901119064));
#4475=CARTESIAN_POINT('',(-0.0622100170554538,-0.0625904424546823,-0.0580366830021459));
#4476=CARTESIAN_POINT('',(-0.0621635990975439,-0.0629268677249687,-0.0585864818173513));
#4477=CARTESIAN_POINT('',(-0.0620818535157441,-0.0632266474921387,-0.0589779780645937));
#4478=CARTESIAN_POINT('',(-0.0620237761698425,-0.0633976246024954,-0.0591733565245787));
#4479=CARTESIAN_POINT('',(-0.0601890388284462,-0.0618587768885084,-0.0598198373414056));
#4480=CARTESIAN_POINT('',(-0.0622405501298521,-0.0573144592109591,-0.0540268650787813));
#4481=CARTESIAN_POINT('',(-0.0571195728697251,-0.0626417973838698,-0.0520741466396487));
#4482=CARTESIAN_POINT('',(-0.0604969306648078,-0.0621248282596839,-0.0597284203831006));
#4483=CARTESIAN_POINT('',(-0.0624144862534005,-0.0575815077811981,-0.0540864775307214));
#4484=CARTESIAN_POINT('',(-0.0574090977314871,-0.0627630735907444,-0.0520296932414026));
#4485=CARTESIAN_POINT('',(-0.0611137396061775,-0.0626460451280112,-0.0595245415610306));
#4486=CARTESIAN_POINT('',(-0.0628083262239049,-0.0581159667994727,-0.0541491344115123));
#4487=CARTESIAN_POINT('',(-0.057989604831151,-0.0630243779416434,-0.0519229886091006));
#4488=CARTESIAN_POINT('',(-0.0617284049501168,-0.0631545818239746,-0.0592914054137118));
#4489=CARTESIAN_POINT('',(-0.063317428334305,-0.058643212266629,-0.0540657534400479));
#4490=CARTESIAN_POINT('',(-0.0585688009505119,-0.0633669529867469,-0.0517595853200762));
#4491=CARTESIAN_POINT('',(-0.0620347388190334,-0.0634066458071353,-0.0591689780158496));
#4492=CARTESIAN_POINT('',(-0.0635679913728081,-0.0589043231193717,-0.0540204177870865));
#4493=CARTESIAN_POINT('',(-0.0588575987566033,-0.0635345630553089,-0.0516746716489755));
#4494=CARTESIAN_POINT('',(-0.0571195728697251,-0.0643625743381307,-0.0567687101628833));
#4495=CARTESIAN_POINT('',(-0.0571195728697242,-0.062641797383869,-0.052074146639649));
#4496=CARTESIAN_POINT('',(-0.0622405501298509,-0.057314459210958,-0.0540268650787817));
#4497=CARTESIAN_POINT('',(-0.0601890388284451,-0.0618587768885074,-0.0598198373414059));
#4498=CARTESIAN_POINT('',(-0.0540265103681491,-0.0600207087429983,-0.0530348981357067));
#4499=CARTESIAN_POINT('',(-0.0587511553248168,-0.0544970780008506,-0.0550595669764769));
#4500=CARTESIAN_POINT('',(-0.0568997575990016,-0.059016487223838,-0.0607964662967391));
#4501=CARTESIAN_POINT('',(-0.0490683571803323,-0.0565639349211039,-0.0543019673103743));
#4502=CARTESIAN_POINT('',(-0.0531548227915889,-0.0508602204717,-0.0563926452465221));
#4503=CARTESIAN_POINT('',(-0.0516025159389408,-0.0551929691397469,-0.06204243132753));
#4504=CARTESIAN_POINT('',(-0.041743003294821,-0.0530028592186172,-0.0556072679993283));
#4505=CARTESIAN_POINT('',(-0.0445695002482041,-0.0473057815149222,-0.0576955132580617));
#4506=CARTESIAN_POINT('',(-0.0437173894264494,-0.0510896750474417,-0.0631360025423978));
#4507=CARTESIAN_POINT('',(-0.0339377088907744,-0.0501895707694027,-0.0566384697085262));
#4508=CARTESIAN_POINT('',(-0.0358063569398176,-0.044852568840025,-0.0585947303660739));
#4509=CARTESIAN_POINT('',(-0.0352936488163009,-0.0477295882986398,-0.063797341774528));
#4510=CARTESIAN_POINT('',(-0.0258858653403627,-0.048606431464053,-0.0572187642595631));
#4511=CARTESIAN_POINT('',(-0.0268973552491262,-0.0438361888077296,-0.0589672811533597));
#4512=CARTESIAN_POINT('',(-0.0266367577084472,-0.0457122712567297,-0.0637702237439382));
#4513=CARTESIAN_POINT('',(-0.0176015078994346,-0.047843753022471,-0.0574983215558465));
#4514=CARTESIAN_POINT('',(-0.0179932313421206,-0.043602617602284,-0.0590528959171508));
#4515=CARTESIAN_POINT('',(-0.0179467785639653,-0.0447274952079041,-0.063442978871671));
#4516=CARTESIAN_POINT('',(-0.0134670794401157,-0.047654112287155,-0.0575678337491113));
#4517=CARTESIAN_POINT('',(-0.0136747960616807,-0.0436093191249544,-0.0590504394960138));
#4518=CARTESIAN_POINT('',(-0.0136858773235609,-0.0444819143160765,-0.0632737816129916));
#4519=CARTESIAN_POINT('',(-0.0113990115767748,-0.0475871295447782,-0.0575923860549529));
#4520=CARTESIAN_POINT('',(-0.0115447632136358,-0.0436200972867855,-0.0590464887958314));
#4521=CARTESIAN_POINT('',(-0.011568992247348,-0.0443953608724126,-0.0632023740906102));
#4522=CARTESIAN_POINT('',(-0.0113990115767748,-0.0493079064990391,-0.0622869495781875));
#4523=CARTESIAN_POINT('',(-0.0113990115767748,-0.0475871295447782,-0.0575923860549529));
#4524=CARTESIAN_POINT('',(-0.0115447632136358,-0.0436200972867855,-0.0590464887958314));
#4525=CARTESIAN_POINT('',(-0.011568992247348,-0.0443953608724126,-0.0632023740906102));
#4526=CARTESIAN_POINT('',(-0.00760558068826751,-0.04746426394231,-0.0576374220409721));
#4527=CARTESIAN_POINT('',(-0.00772823805415909,-0.0436394092549068,-0.0590394100570674));
#4528=CARTESIAN_POINT('',(-0.00768601655901857,-0.0442365969786146,-0.0630713921699875));
#4529=CARTESIAN_POINT('',(1.44339470771688E-6,-0.0473939806516091,-0.0576631841520415));
#4530=CARTESIAN_POINT('',(1.49509034310171E-6,-0.0437135286279914,-0.0590122418422024));
#4531=CARTESIAN_POINT('',(1.44653007561361E-6,-0.04414651118608,-0.0629064850684818));
#4532=CARTESIAN_POINT('',(0.00760740672492852,-0.047464323085911,-0.057637400362078));
#4533=CARTESIAN_POINT('',(0.00773004766015922,-0.043639400098029,-0.0590394134133426));
#4534=CARTESIAN_POINT('',(0.00768788569958187,-0.0442366734024684,-0.0630714552204105));
#4535=CARTESIAN_POINT('',(0.0113990115767748,-0.0475871295447782,-0.0575923860549529));
#4536=CARTESIAN_POINT('',(0.0115447632136358,-0.0436200972867855,-0.0590464887958314));
#4537=CARTESIAN_POINT('',(0.011568992247348,-0.0443953608724126,-0.0632023740906102));
#4538=CARTESIAN_POINT('',(0.0113990115767748,-0.0493079064990391,-0.0622869495781875));
#4539=CARTESIAN_POINT('',(0.0113990115767748,-0.0475871295447782,-0.0575923860549529));
#4540=CARTESIAN_POINT('',(0.0115447632136358,-0.0436200972867855,-0.0590464887958314));
#4541=CARTESIAN_POINT('',(0.0115689922473481,-0.0443953608724126,-0.0632023740906101));
#4542=CARTESIAN_POINT('',(0.015538629168169,-0.0477212078040073,-0.0575432401061534));
#4543=CARTESIAN_POINT('',(0.0158444754115948,-0.0435983403479236,-0.0590544637308391));
#4544=CARTESIAN_POINT('',(0.0158063264545662,-0.044568613483901,-0.0633453093595562));
#4545=CARTESIAN_POINT('',(0.0217228537033796,-0.0480863285326174,-0.0574094062934453));
#4546=CARTESIAN_POINT('',(0.022444609647388,-0.0436079374440401,-0.0590509459465458));
#4547=CARTESIAN_POINT('',(0.0222340615859237,-0.0450460311184682,-0.0636487502555094));
#4548=CARTESIAN_POINT('',(0.0298293027513667,-0.0493797224797621,-0.0569353169588326));
#4549=CARTESIAN_POINT('',(0.0310999403089814,-0.044309302236072,-0.0587938629686124));
#4550=CARTESIAN_POINT('',(0.0308764575638574,-0.0466956048073676,-0.0637889871404371));
#4551=CARTESIAN_POINT('',(0.0358396203223205,-0.0508775942311332,-0.0563862769517178));
#4552=CARTESIAN_POINT('',(0.0378230884115089,-0.0454220995818987,-0.0583859707294277));
#4553=CARTESIAN_POINT('',(0.0373462909225516,-0.0485516760064419,-0.0636337221407891));
#4554=CARTESIAN_POINT('',(0.0416858302604164,-0.0529798005190356,-0.055615720090484));
#4555=CARTESIAN_POINT('',(0.0445039550892082,-0.0472840437261246,-0.0577034811736793));
#4556=CARTESIAN_POINT('',(0.043655730865378,-0.0510623655773673,-0.0631423925014584));
#4557=CARTESIAN_POINT('',(0.0471640694530318,-0.0556334347320234,-0.054643039121072));
#4558=CARTESIAN_POINT('',(0.0508327202795657,-0.0498921934284795,-0.0567474724032674));
#4559=CARTESIAN_POINT('',(0.0495527782377476,-0.054121313620773,-0.0623291728798937));
#4560=CARTESIAN_POINT('',(0.0523331438702497,-0.0588377923114578,-0.0534684922971526));
#4561=CARTESIAN_POINT('',(0.0568050462931973,-0.0532341426613728,-0.0555224918076719));
#4562=CARTESIAN_POINT('',(0.0550910528802004,-0.0577091171044631,-0.0612223966088712));
#4563=CARTESIAN_POINT('',(0.0555703950422618,-0.0613290103303483,-0.0525553444541788));
#4564=CARTESIAN_POINT('',(0.0604840024928,-0.0558962005757521,-0.0545467231571593));
#4565=CARTESIAN_POINT('',(0.0585415837420939,-0.0604352000524693,-0.0603089874709611));
#4566=CARTESIAN_POINT('',(0.0571195728697251,-0.0626417973838699,-0.0520741466396489));
#4567=CARTESIAN_POINT('',(0.0622405501298518,-0.0573144592109593,-0.0540268650787815));
#4568=CARTESIAN_POINT('',(0.0601890388284462,-0.0618587768885084,-0.0598198373414056));
#4569=CARTESIAN_POINT('',(0.0571195728697251,-0.0643625743381308,-0.0567687101628833));
#4570=CARTESIAN_POINT('',(0.057119572869725,-0.0626417973838698,-0.0520741466396487));
#4571=CARTESIAN_POINT('',(0.0622405501298519,-0.0573144592109589,-0.0540268650787813));
#4572=CARTESIAN_POINT('',(0.0601890388284461,-0.0618587768885083,-0.0598198373414056));
#4573=CARTESIAN_POINT('',(0.0574090977316049,-0.0627630735908206,-0.0520296932413747));
#4574=CARTESIAN_POINT('',(0.0624144862533972,-0.0575815077813182,-0.0540864775307543));
#4575=CARTESIAN_POINT('',(0.0604969306648364,-0.0621248282597037,-0.059728420383088));
#4576=CARTESIAN_POINT('',(0.0579896048310549,-0.0630243779417379,-0.0519229886090471));
#4577=CARTESIAN_POINT('',(0.0628083262240571,-0.0581159667993971,-0.0541491344112881));
#4578=CARTESIAN_POINT('',(0.0611137396061809,-0.0626460451280078,-0.0595245415610239));
#4579=CARTESIAN_POINT('',(0.0585688009505562,-0.0633669529864657,-0.0517595853202185));
#4580=CARTESIAN_POINT('',(0.0633174283339726,-0.0586432122666214,-0.054065753440462));
#4581=CARTESIAN_POINT('',(0.0617284049500496,-0.0631545818239341,-0.0592914054137499));
#4582=CARTESIAN_POINT('',(0.0588575987565883,-0.0635345630553005,-0.0516746716489797));
#4583=CARTESIAN_POINT('',(0.0635679913727951,-0.0589043231193582,-0.0540204177870887));
#4584=CARTESIAN_POINT('',(0.0620347388190175,-0.0634066458071222,-0.0591689780158559));
#4585=CARTESIAN_POINT('',(0.0588438115643777,-0.0635265648312077,-0.0516787201028202));
#4586=CARTESIAN_POINT('',(0.0593345746026067,-0.0630436504789063,-0.0519229412000095));
#4587=CARTESIAN_POINT('',(0.0601055715127454,-0.0623966838800535,-0.0525266818387479));
#4588=CARTESIAN_POINT('',(0.0609086091215238,-0.0619549542794694,-0.0536130912497984));
#4589=CARTESIAN_POINT('',(0.0612653212941099,-0.0618329408290647,-0.0542419223310727));
#4590=CARTESIAN_POINT('',(0.0614483205595397,-0.0617937552598947,-0.0546106523516296));
#4591=CARTESIAN_POINT('',(0.0615876500652313,-0.061780575521141,-0.0549242066488381));
#4592=CARTESIAN_POINT('',(0.0616735855305203,-0.0617825151046975,-0.0551374378396108));
#4593=CARTESIAN_POINT('',(0.0618014061451807,-0.0617981299472146,-0.0554796833003967));
#4594=CARTESIAN_POINT('',(0.061943180002593,-0.06185139632529,-0.0559301249485095));
#4595=CARTESIAN_POINT('',(0.0620839722973704,-0.0619726499415043,-0.0565121537350248));
#4596=CARTESIAN_POINT('',(0.0621822683286287,-0.0621889560757966,-0.0571779235584816));
#4597=CARTESIAN_POINT('',(0.0622119320089379,-0.0624155241390035,-0.057696672550768));
#4598=CARTESIAN_POINT('',(0.0621955867675964,-0.0627953980441252,-0.0584054091568063));
#4599=CARTESIAN_POINT('',(0.0621103591370105,-0.0631426930313927,-0.0588820543830642));
#4600=CARTESIAN_POINT('',(0.0620237761698257,-0.0633976246024815,-0.0591733565245854));
#4601=CARTESIAN_POINT('',(0.0758083039836974,-0.0741262722100549,-0.0496108943717824));
#4602=CARTESIAN_POINT('',(0.0758082765283322,-0.0739919495170126,-0.049510174841887));
#4603=CARTESIAN_POINT('',(0.0758082216176018,-0.0737233041309281,-0.0493087357820961));
#4604=CARTESIAN_POINT('',(0.0757415125626528,-0.0732213120989274,-0.0488659837287716));
#4605=CARTESIAN_POINT('',(0.0755649947213867,-0.0726559299572209,-0.0482663396713154));
#4606=CARTESIAN_POINT('',(0.0752029738391897,-0.0721086678959956,-0.0474955121963814));
#4607=CARTESIAN_POINT('',(0.074707997828604,-0.0717134945758219,-0.046706267437433));
#4608=CARTESIAN_POINT('',(0.0740993743961682,-0.0714868883063321,-0.0459301890846375));
#4609=CARTESIAN_POINT('',(0.0734018837293426,-0.0714372103633188,-0.0451982268242815));
#4610=CARTESIAN_POINT('',(0.0727700572661721,-0.0715471627808643,-0.0446513316822279));
#4611=CARTESIAN_POINT('',(0.0722495275567812,-0.0717182982867634,-0.0442611561586625));
#4612=CARTESIAN_POINT('',(0.0719869816241094,-0.0718389915823604,-0.0440901274975424));
#4613=CARTESIAN_POINT('',(0.0718557086577735,-0.0718993382301589,-0.0440046131669823));
#4614=CARTESIAN_POINT('',(0.0757756626600038,-0.0741017798642174,-0.049643669337998));
#4615=CARTESIAN_POINT('',(0.0757756417081783,-0.0739674565001307,-0.0495429417801997));
#4616=CARTESIAN_POINT('',(0.0757755998045273,-0.0736988097719573,-0.049341486664603));
#4617=CARTESIAN_POINT('',(0.0757089404814004,-0.0731968378365361,-0.0488986716259416));
#4618=CARTESIAN_POINT('',(0.0755325174284816,-0.0726315135056924,-0.0482989070574305));
#4619=CARTESIAN_POINT('',(0.07517066194284,-0.0720843753308478,-0.0475278711591427));
#4620=CARTESIAN_POINT('',(0.0746758962818414,-0.0716893759194135,-0.0467383657462045));
#4621=CARTESIAN_POINT('',(0.0740675211603261,-0.0714629878059023,-0.0459619867108703));
#4622=CARTESIAN_POINT('',(0.073370308208887,-0.0714135639698973,-0.0452296978412159));
#4623=CARTESIAN_POINT('',(0.0727387298057188,-0.0715237497047696,-0.0446825216952122));
#4624=CARTESIAN_POINT('',(0.0722184034800674,-0.071695078930937,-0.0442921231246973));
#4625=CARTESIAN_POINT('',(0.0719559599862727,-0.0718158704780723,-0.0441209857685767));
#4626=CARTESIAN_POINT('',(0.0718247382393753,-0.0718762662516399,-0.0440354170905164));
#4627=CARTESIAN_POINT('',(0.0757103800126168,-0.0740527951725424,-0.0497092192704292));
#4628=CARTESIAN_POINT('',(0.0757103720678707,-0.0739184704663669,-0.049608475656825));
#4629=CARTESIAN_POINT('',(0.0757103561783783,-0.0736498210540159,-0.0494069884296167));
#4630=CARTESIAN_POINT('',(0.0756437963188954,-0.0731478893117534,-0.0489640474202815));
#4631=CARTESIAN_POINT('',(0.0754675628426714,-0.0725826806026353,-0.0483640418296606));
#4632=CARTESIAN_POINT('',(0.0751060381501406,-0.072035790200552,-0.0475925890846653));
#4633=CARTESIAN_POINT('',(0.0746116931883163,-0.0716411386065966,-0.0468025623637476));
#4634=CARTESIAN_POINT('',(0.0740038146886421,-0.0714151868050428,-0.0460255819633359));
#4635=CARTESIAN_POINT('',(0.0733071571679758,-0.0713662711830543,-0.0452926398750845));
#4636=CARTESIAN_POINT('',(0.0726760748848121,-0.0714769235525801,-0.0447449017211806));
#4637=CARTESIAN_POINT('',(0.0721561553266396,-0.0716486402192841,-0.0443540570567669));
#4638=CARTESIAN_POINT('',(0.0718939167105992,-0.0717696282694961,-0.0441827023106454));
#4639=CARTESIAN_POINT('',(0.0717627974025789,-0.0718301222946021,-0.0440970249375847));
#4640=CARTESIAN_POINT('',(0.0755794952366446,-0.0739545571699898,-0.0498398063804222));
#4641=CARTESIAN_POINT('',(0.075579985976567,-0.0738202880574147,-0.0497383129613993));
#4642=CARTESIAN_POINT('',(0.0755809674564117,-0.0735517498322646,-0.0495353261233533));
#4643=CARTESIAN_POINT('',(0.0755161736696829,-0.0730502921785825,-0.0490891082942729));
#4644=CARTESIAN_POINT('',(0.075341785744131,-0.0724860818907558,-0.0484847393992034));
#4645=CARTESIAN_POINT('',(0.0749818167264754,-0.0719411564057288,-0.0477079278170711));
#4646=CARTESIAN_POINT('',(0.0744883842639477,-0.0715492545211436,-0.046912799637303));
#4647=CARTESIAN_POINT('',(0.0738808323158168,-0.071326805182854,-0.0461313346222287));
#4648=CARTESIAN_POINT('',(0.0731840213372078,-0.071282046052353,-0.0453948521036886));
#4649=CARTESIAN_POINT('',(0.0725525296031882,-0.0713965752440159,-0.0448452109903244));
#4650=CARTESIAN_POINT('',(0.0720321971765125,-0.0715715329728186,-0.0444535336907296));
#4651=CARTESIAN_POINT('',(0.0717697391993886,-0.0716941679169256,-0.0442820879053857));
#4652=CARTESIAN_POINT('',(0.0716385102108266,-0.0717554853889791,-0.0441963650127137));
#4653=CARTESIAN_POINT('',(0.075349828687597,-0.0737816550050801,-0.0500669844152482));
#4654=CARTESIAN_POINT('',(0.075350884087465,-0.0736474480686913,-0.0499646525298664));
#4655=CARTESIAN_POINT('',(0.0753529948872011,-0.0733790341959137,-0.0497599887591029));
#4656=CARTESIAN_POINT('',(0.0752902722485546,-0.0728781644660087,-0.0493100308852568));
#4657=CARTESIAN_POINT('',(0.0751181626159824,-0.0723152244703873,-0.0487005839640762));
#4658=CARTESIAN_POINT('',(0.0747603404232235,-0.071772813791921,-0.0479173784830617));
#4659=CARTESIAN_POINT('',(0.0742684663905296,-0.0713844227928162,-0.0471160060847086));
#4660=CARTESIAN_POINT('',(0.0736619283905551,-0.0711664272097815,-0.0463288750042994));
#4661=CARTESIAN_POINT('',(0.0729656805334521,-0.0711269311476495,-0.0455877021769697));
#4662=CARTESIAN_POINT('',(0.0723343918671112,-0.0712463503877079,-0.0450352856362943));
#4663=CARTESIAN_POINT('',(0.0718141409516599,-0.0714253868939837,-0.0446421532152945));
#4664=CARTESIAN_POINT('',(0.0715517114621437,-0.0715500910619615,-0.0444703456652572));
#4665=CARTESIAN_POINT('',(0.0714204967173856,-0.0716124431459504,-0.0443844418902385));
#4666=CARTESIAN_POINT('',(0.0750198188895906,-0.0735327233652873,-0.0503882255863278));
#4667=CARTESIAN_POINT('',(0.0750214074296512,-0.0733985722639831,-0.0502851097805983));
#4668=CARTESIAN_POINT('',(0.0750245845097726,-0.0731302700613747,-0.0500788781691392));
#4669=CARTESIAN_POINT('',(0.0749639164302505,-0.072630021858097,-0.0496253217023003));
#4670=CARTESIAN_POINT('',(0.0747942196510684,-0.072068473835006,-0.0490108592107436));
#4671=CARTESIAN_POINT('',(0.0744389600493652,-0.0715288462970072,-0.0482211327856255));
#4672=CARTESIAN_POINT('',(0.073949288337964,-0.0711443364801306,-0.0474131897198865));
#4673=CARTESIAN_POINT('',(0.0733446049846623,-0.0709312465494853,-0.0466198734377265));
#4674=CARTESIAN_POINT('',(0.0726499159267432,-0.070897524009456,-0.0458733144933598));
#4675=CARTESIAN_POINT('',(0.0720197486874516,-0.0710222875481272,-0.0453174131097121));
#4676=CARTESIAN_POINT('',(0.0715003404425709,-0.0712057721420345,-0.0449221977454807));
#4677=CARTESIAN_POINT('',(0.0712383240282801,-0.0713327297219505,-0.0447496926222747));
#4678=CARTESIAN_POINT('',(0.0711073158211347,-0.0713962085119085,-0.0446634400606717));
#4679=CARTESIAN_POINT('',(0.0746207364137305,-0.0732330896423931,-0.0507699896843628));
#4680=CARTESIAN_POINT('',(0.0746228986377386,-0.0730989974527365,-0.050666033189671));
#4681=CARTESIAN_POINT('',(0.0746272230857548,-0.0728308130734234,-0.0504581202002874));
#4682=CARTESIAN_POINT('',(0.0745688051260569,-0.0723312628973341,-0.0500006664910406));
#4683=CARTESIAN_POINT('',(0.0744018083817541,-0.0717712972336185,-0.0493807259161465));
#4684=CARTESIAN_POINT('',(0.0740495178250884,-0.071234844054515,-0.0485838079054545));
#4685=CARTESIAN_POINT('',(0.0735625039527036,-0.0708547594372617,-0.0477685550253071));
#4686=CARTESIAN_POINT('',(0.072960169252679,-0.0706472556116749,-0.0469682926488076));
#4687=CARTESIAN_POINT('',(0.0722675610080773,-0.0706200972603205,-0.0462156124429651));
#4688=CARTESIAN_POINT('',(0.0716389653485101,-0.0707509272717977,-0.045655675171045));
#4689=CARTESIAN_POINT('',(0.0711207642689539,-0.07093945552894,-0.0452579889246326));
#4690=CARTESIAN_POINT('',(0.0708593438379443,-0.0710689659645384,-0.045084620383385));
#4691=CARTESIAN_POINT('',(0.0707286336224394,-0.0711337211823376,-0.0449979361127612));
#4692=CARTESIAN_POINT('',(0.0738162443269901,-0.0726289020792256,-0.0515241434073752));
#4693=CARTESIAN_POINT('',(0.0738202561018319,-0.0724950234897052,-0.0514174922213325));
#4694=CARTESIAN_POINT('',(0.0738282796515153,-0.0722272663106646,-0.051204189849247));
#4695=CARTESIAN_POINT('',(0.0737767032449726,-0.0717297576684592,-0.0507346492597916));
#4696=CARTESIAN_POINT('',(0.0736173155580943,-0.0711742048963745,-0.0500982277022761));
#4697=CARTESIAN_POINT('',(0.0732723422855872,-0.0706464614499666,-0.0492804879466068));
#4698=CARTESIAN_POINT('',(0.0727908064098352,-0.070278489911398,-0.0484448791146301));
#4699=CARTESIAN_POINT('',(0.0721922358213367,-0.0700862898760149,-0.0476261653505421));
#4700=CARTESIAN_POINT('',(0.0715019659026279,-0.070077139051539,-0.0468582731244708));
#4701=CARTESIAN_POINT('',(0.0708744745116026,-0.0702246205847743,-0.0462894298874972));
#4702=CARTESIAN_POINT('',(0.0703568997033489,-0.0704269851435303,-0.0458871660046703));
#4703=CARTESIAN_POINT('',(0.0700957534307117,-0.070563488969252,-0.0457127254509736));
#4704=CARTESIAN_POINT('',(0.0699651802943931,-0.0706317408821129,-0.0456255051741253));
#4705=CARTESIAN_POINT('',(0.0725892844900204,-0.0717027647995186,-0.052614117775671));
#4706=CARTESIAN_POINT('',(0.07259609560321,-0.0715692487233177,-0.0525034749319759));
#4707=CARTESIAN_POINT('',(0.0726097178295892,-0.0713022165709157,-0.0522821892445858));
#4708=CARTESIAN_POINT('',(0.0725685268273302,-0.0708080321493433,-0.051794696376502));
#4709=CARTESIAN_POINT('',(0.0724207253952074,-0.0702595578078191,-0.0511337640482847));
#4710=CARTESIAN_POINT('',(0.072086940677573,-0.0697456339383525,-0.0502850842109331));
#4711=CARTESIAN_POINT('',(0.0716138186253885,-0.0693967455979797,-0.0494193409605981));
#4712=CARTESIAN_POINT('',(0.0710210645998012,-0.069228512103791,-0.0485735173330211));
#4713=CARTESIAN_POINT('',(0.0703344439209399,-0.0692474022474496,-0.0477835892505758));
#4714=CARTESIAN_POINT('',(0.069708707642314,-0.069420654205946,-0.0472022452964035));
#4715=CARTESIAN_POINT('',(0.069192144885487,-0.0696443274094357,-0.046793920389672));
#4716=CARTESIAN_POINT('',(0.0689314452104552,-0.0697915491947527,-0.0466183240731));
#4717=CARTESIAN_POINT('',(0.0688010953729393,-0.0698651600874111,-0.046530525914814));
#4718=CARTESIAN_POINT('',(0.0709114527268474,-0.0704250439071049,-0.0539765647877101));
#4719=CARTESIAN_POINT('',(0.0709224056737831,-0.0702921753330192,-0.053860209754995));
#4720=CARTESIAN_POINT('',(0.0709443115676545,-0.0700264381848478,-0.0536274996895648));
#4721=CARTESIAN_POINT('',(0.0709184268362143,-0.069537697788282,-0.0531143402084769));
#4722=CARTESIAN_POINT('',(0.0707875807437796,-0.0690004577459881,-0.0524184664700542));
#4723=CARTESIAN_POINT('',(0.0704698882540413,-0.0685080150370804,-0.0515260353605065));
#4724=CARTESIAN_POINT('',(0.0700084967652139,-0.0681884189221457,-0.0506182506860849));
#4725=CARTESIAN_POINT('',(0.069423382070548,-0.068056600345574,-0.0497354375422861));
#4726=CARTESIAN_POINT('',(0.0687409815425788,-0.0681176838609395,-0.0489166193079286));
#4727=CARTESIAN_POINT('',(0.0681167313484018,-0.0683292967363465,-0.0483203422413793));
#4728=CARTESIAN_POINT('',(0.067600738007682,-0.0685844092540398,-0.0479061224039173));
#4729=CARTESIAN_POINT('',(0.0673402291362478,-0.068747302732025,-0.0477304294132447));
#4730=CARTESIAN_POINT('',(0.0672099747005307,-0.0688287494710175,-0.0476425829179084));
#4731=CARTESIAN_POINT('',(0.0691899386447554,-0.0691011052470525,-0.055246396041251));
#4732=CARTESIAN_POINT('',(0.069205293700774,-0.0689690612964871,-0.0551241536510846));
#4733=CARTESIAN_POINT('',(0.0692360038128115,-0.0687049733953564,-0.0548796688707519));
#4734=CARTESIAN_POINT('',(0.069226404376469,-0.068222728957083,-0.0543400272594843));
#4735=CARTESIAN_POINT('',(0.0691135901581822,-0.0676985325753198,-0.0536081460572184));
#4736=CARTESIAN_POINT('',(0.0688129320091559,-0.067230529404411,-0.0526709143744144));
#4737=CARTESIAN_POINT('',(0.0683638110940335,-0.0669438173424252,-0.0517206077946006));
#4738=CARTESIAN_POINT('',(0.0677864741093906,-0.0668524186294531,-0.0508011959665144));
#4739=CARTESIAN_POINT('',(0.0671080823628831,-0.0669598225138359,-0.0499549858458847));
#4740=CARTESIAN_POINT('',(0.0664849291211793,-0.0672130333703881,-0.0493460906399457));
#4741=CARTESIAN_POINT('',(0.0659691280333229,-0.0675018940936214,-0.0489284494483862));
#4742=CARTESIAN_POINT('',(0.065708611392077,-0.0676814368975412,-0.0487541609353948));
#4743=CARTESIAN_POINT('',(0.065578353071454,-0.0677712082995011,-0.0486670166788991));
#4744=CARTESIAN_POINT('',(0.0674264417815075,-0.0677298043410309,-0.0564173437881679));
#4745=CARTESIAN_POINT('',(0.0674467881451352,-0.0675988736596126,-0.056288680342225));
#4746=CARTESIAN_POINT('',(0.0674874808723905,-0.067337012296776,-0.0560313534503391));
#4747=CARTESIAN_POINT('',(0.0674962743593953,-0.0668629363266843,-0.0554628678702794));
#4748=CARTESIAN_POINT('',(0.0674036690041444,-0.0663546330131864,-0.0546919194001226));
#4749=CARTESIAN_POINT('',(0.067121717578649,-0.0659157226565465,-0.0537065968135072));
#4750=CARTESIAN_POINT('',(0.0666855412941192,-0.0656675672855188,-0.052711475252968));
#4751=CARTESIAN_POINT('',(0.0661156988544736,-0.0656229543360248,-0.0517547179918752));
#4752=CARTESIAN_POINT('',(0.0654402202810733,-0.0657832942263437,-0.0508823479627062));
#4753=CARTESIAN_POINT('',(0.0648167636367899,-0.0660833540448522,-0.0502637803721423));
#4754=CARTESIAN_POINT('',(0.0642998850303638,-0.0664097546871626,-0.0498462024745983));
#4755=CARTESIAN_POINT('',(0.0640387030644102,-0.0666075785495825,-0.049675545011035));
#4756=CARTESIAN_POINT('',(0.0639081120814334,-0.0667064904807925,-0.0495902162792533));
#4757=CARTESIAN_POINT('',(0.0656317533388726,-0.0663174465171794,-0.057477702086698));
#4758=CARTESIAN_POINT('',(0.0656573286747979,-0.0661878940460252,-0.0573424944184154));
#4759=CARTESIAN_POINT('',(0.0657084793466484,-0.0659287891037168,-0.05707207908185));
#4760=CARTESIAN_POINT('',(0.0657366018996893,-0.0654643696302857,-0.0564741869546195));
#4761=CARTESIAN_POINT('',(0.0656652776081719,-0.0649744109679988,-0.0556635028105679));
#4762=CARTESIAN_POINT('',(0.0654030145440015,-0.0645684064931305,-0.0546296985742242));
#4763=CARTESIAN_POINT('',(0.0649803717123927,-0.0643632246791276,-0.0535901549756907));
#4764=CARTESIAN_POINT('',(0.0644181989022395,-0.064370071300972,-0.0525975450723175));
#4765=CARTESIAN_POINT('',(0.0637454366212519,-0.0645878561404122,-0.0517018267790779));
#4766=CARTESIAN_POINT('',(0.0631212817604276,-0.0649379672439795,-0.051077126634926));
#4767=CARTESIAN_POINT('',(0.0626029377395743,-0.0653039422357677,-0.050663098599983));
#4768=CARTESIAN_POINT('',(0.0623408855640665,-0.0655207681123566,-0.0504980767929254));
#4769=CARTESIAN_POINT('',(0.0622098594763126,-0.0656291810506511,-0.0504155658893966));
#4770=CARTESIAN_POINT('',(0.0641078475861084,-0.0650989075139628,-0.0582634164552288));
#4771=CARTESIAN_POINT('',(0.0641391391171706,-0.0649710972160269,-0.0581215252446887));
#4772=CARTESIAN_POINT('',(0.0642017221792949,-0.0647154766201551,-0.0578377428236087));
#4773=CARTESIAN_POINT('',(0.0642507094897725,-0.0642623653942148,-0.0572099512402281));
#4774=CARTESIAN_POINT('',(0.0642018815009969,-0.0637930726638129,-0.0563591766333818));
#4775=CARTESIAN_POINT('',(0.063959389665401,-0.0634230495566861,-0.0552773402738121));
#4776=CARTESIAN_POINT('',(0.0635489455654501,-0.063263940923477,-0.0541951267478952));
#4777=CARTESIAN_POINT('',(0.0629917689139391,-0.0633250200879687,-0.0531700575716583));
#4778=CARTESIAN_POINT('',(0.0623179236764982,-0.0636022863009637,-0.0522562154625148));
#4779=CARTESIAN_POINT('',(0.0616892327526543,-0.064003129135947,-0.051631290806755));
#4780=CARTESIAN_POINT('',(0.0611661475242969,-0.0644084555597909,-0.0512263333468572));
#4781=CARTESIAN_POINT('',(0.0609015560814776,-0.0646437799026138,-0.0510700038295703));
#4782=CARTESIAN_POINT('',(0.0607692603600679,-0.0647614420740253,-0.0509918390709268));
#4783=CARTESIAN_POINT('',(0.0630255336853497,-0.0642188913015454,-0.0587557309257865));
#4784=CARTESIAN_POINT('',(0.0630609881373129,-0.0640925559981876,-0.0586091484180442));
#4785=CARTESIAN_POINT('',(0.0631318970412394,-0.0638398853914719,-0.0583159834025595));
#4786=CARTESIAN_POINT('',(0.063196152440322,-0.0633960090063521,-0.0576671990001835));
#4787=CARTESIAN_POINT('',(0.0631638540281306,-0.062943214812911,-0.05678835694986));
#4788=CARTESIAN_POINT('',(0.0629359320988351,-0.0626013020286481,-0.0556732574583429));
#4789=CARTESIAN_POINT('',(0.062534458867162,-0.0624775834780973,-0.0545621366260551));
#4790=CARTESIAN_POINT('',(0.0619808830038564,-0.0625796596186769,-0.0535160933479432));
#4791=CARTESIAN_POINT('',(0.0613060805019144,-0.0629011355759448,-0.0525921943987481));
#4792=CARTESIAN_POINT('',(0.0606738578520365,-0.0633389197725603,-0.0519700378831302));
#4793=CARTESIAN_POINT('',(0.0601471086703198,-0.0637723787758518,-0.051574127220695));
#4794=CARTESIAN_POINT('',(0.0598805580853919,-0.0640206593461802,-0.0514253542476594));
#4795=CARTESIAN_POINT('',(0.0597472827929279,-0.0641447996313443,-0.0513509677611415));
#4796=CARTESIAN_POINT('',(0.062481102504783,-0.06377326479207,-0.0589871945973917));
#4797=CARTESIAN_POINT('',(0.0625186244934488,-0.0636477133202665,-0.0588383072404434));
#4798=CARTESIAN_POINT('',(0.0625936684707802,-0.0633966103766595,-0.0585405325265467));
#4799=CARTESIAN_POINT('',(0.062665538171292,-0.0629575925719293,-0.0578814356158733));
#4800=CARTESIAN_POINT('',(0.062641520917538,-0.062513415449426,-0.056988827629475));
#4801=CARTESIAN_POINT('',(0.0624209510417814,-0.0621860669600002,-0.0558575032477371));
#4802=CARTESIAN_POINT('',(0.0620240558967907,-0.0620805568208962,-0.0547324370821141));
#4803=CARTESIAN_POINT('',(0.0614723839716824,-0.0622035790907622,-0.0536765229352474));
#4804=CARTESIAN_POINT('',(0.0607972079084538,-0.0625474696737493,-0.0527483103536793));
#4805=CARTESIAN_POINT('',(0.0601633050135894,-0.0630038056879567,-0.052128192002422));
#4806=CARTESIAN_POINT('',(0.0596347912768824,-0.0634512702192394,-0.0517373404298265));
#4807=CARTESIAN_POINT('',(0.0593672946646359,-0.063705937357868,-0.0515926101799094));
#4808=CARTESIAN_POINT('',(0.0592335463585127,-0.0638332709271824,-0.0515202450549508));
#4809=CARTESIAN_POINT('',(0.0622081938988061,-0.0635492739257621,-0.0590992097437407));
#4810=CARTESIAN_POINT('',(0.0622467716770806,-0.0634241343679734,-0.0589491574228648));
#4811=CARTESIAN_POINT('',(0.0623239272336296,-0.063173855252396,-0.058649052781113));
#4812=CARTESIAN_POINT('',(0.0623996865287055,-0.0627373710573974,-0.0579847456620693));
#4813=CARTESIAN_POINT('',(0.062379898802634,-0.0622976652662922,-0.0570851909127246));
#4814=CARTESIAN_POINT('',(0.0621630770075613,-0.061977837896891,-0.0559457069373967));
#4815=CARTESIAN_POINT('',(0.0617685021771648,-0.0618816946748095,-0.0548136740741989));
#4816=CARTESIAN_POINT('',(0.0612177721627787,-0.0620154519852574,-0.0537529025672839));
#4817=CARTESIAN_POINT('',(0.060542362896044,-0.0623707831041433,-0.052822694904235));
#4818=CARTESIAN_POINT('',(0.0599075588953941,-0.0628365390382499,-0.0522038030411956));
#4819=CARTESIAN_POINT('',(0.0593781071734841,-0.0632910805869283,-0.0518156845120562));
#4820=CARTESIAN_POINT('',(0.0591101086433988,-0.0635489566760153,-0.0516730914592375));
#4821=CARTESIAN_POINT('',(0.0589761093783562,-0.0636778947205588,-0.0516017949328282));
#4822=CARTESIAN_POINT('',(0.0620520796651139,-0.0634208079563207,-0.059162064381969));
#4823=CARTESIAN_POINT('',(0.0620912289932403,-0.0632958974182588,-0.0590113766291527));
#4824=CARTESIAN_POINT('',(0.0621695276494931,-0.063046076342135,-0.0587100011235202));
#4825=CARTESIAN_POINT('',(0.0622474029501092,-0.0626110067266932,-0.0580428508814152));
#4826=CARTESIAN_POINT('',(0.0622299312983044,-0.0621738009980235,-0.0571395051978643));
#4827=CARTESIAN_POINT('',(0.0620151897985399,-0.0618581786798288,-0.0559955715845434));
#4828=CARTESIAN_POINT('',(0.0616219378160726,-0.0617672676372653,-0.0548597467689891));
#4829=CARTESIAN_POINT('',(0.0610717964592994,-0.0619070135304877,-0.0537963437763267));
#4830=CARTESIAN_POINT('',(0.0603963483187869,-0.0622687167546631,-0.0528650773150352));
#4831=CARTESIAN_POINT('',(0.0597611339087512,-0.0627397092109501,-0.0522468883816758));
#4832=CARTESIAN_POINT('',(0.0592312376464122,-0.0631981782138409,-0.0518602921133923));
#4833=CARTESIAN_POINT('',(0.0589629992205046,-0.0634578318684427,-0.051718881922006));
#4834=CARTESIAN_POINT('',(0.0588288800075507,-0.0635876586957437,-0.0516481768263128));
#4835=CARTESIAN_POINT('',(0.0619738534790095,-0.0633566921613324,-0.0591933366704642));
#4836=CARTESIAN_POINT('',(0.0620128308787094,-0.0632317523161082,-0.0590427306705903));
#4837=CARTESIAN_POINT('',(0.0620907856781093,-0.0629818726256598,-0.0587415186708424));
#4838=CARTESIAN_POINT('',(0.0621681512648478,-0.0625467498767233,-0.0580747158753359));
#4839=CARTESIAN_POINT('',(0.0621503159102048,-0.0621095590599296,-0.0571718052657373));
#4840=CARTESIAN_POINT('',(0.0619356240997923,-0.0617940706503102,-0.0560283226539545));
#4841=CARTESIAN_POINT('',(0.0615428890931973,-0.0617033854257978,-0.0548928009713017));
#4842=CARTESIAN_POINT('',(0.0609936871353613,-0.0618434329463284,-0.0538294864192053));
#4843=CARTESIAN_POINT('',(0.0603195228294938,-0.0622055020081823,-0.0528980434151355));
#4844=CARTESIAN_POINT('',(0.0596855798239929,-0.0626768494865966,-0.0522794571784477));
#4845=CARTESIAN_POINT('',(0.0591567616716432,-0.0631356308506258,-0.0518923990309778));
#4846=CARTESIAN_POINT('',(0.0588890715415841,-0.063395453776656,-0.0517506969568713));
#4847=CARTESIAN_POINT('',(0.0587552264765546,-0.0635253652396711,-0.0516798459198181));
#4848=CARTESIAN_POINT('',(0.0619347403859573,-0.0633246342638383,-0.0592089728147119));
#4849=CARTESIAN_POINT('',(0.061973631821444,-0.0631996797650329,-0.0590584076913091));
#4850=CARTESIAN_POINT('',(0.0620514146924175,-0.0629497707674222,-0.0587572774445036));
#4851=CARTESIAN_POINT('',(0.0621285254222171,-0.0625146214517383,-0.0580906483722962));
#4852=CARTESIAN_POINT('',(0.062110508216155,-0.0620774380908826,-0.0571879552996738));
#4853=CARTESIAN_POINT('',(0.0618958412504185,-0.0617620166355509,-0.05604469818866));
#4854=CARTESIAN_POINT('',(0.0615033647317596,-0.0616714443200641,-0.054909328072458));
#4855=CARTESIAN_POINT('',(0.0609546324733923,-0.0618116426542488,-0.0538460577406445));
#4856=CARTESIAN_POINT('',(0.0602811100848472,-0.0621738946349419,-0.0529145264651856));
#4857=CARTESIAN_POINT('',(0.0596478027816138,-0.0626454196244199,-0.0522957415768336));
#4858=CARTESIAN_POINT('',(0.0591195236842587,-0.0631043571690183,-0.0519084524897706));
#4859=CARTESIAN_POINT('',(0.0588521077021239,-0.0633642647307626,-0.051766604474304));
#4860=CARTESIAN_POINT('',(0.0587183997110565,-0.0634942185116348,-0.0516956804665707));
#4861=CARTESIAN_POINT('',(0.0757339705367455,-0.0740704803598253,-0.0496854883865997));
#4862=CARTESIAN_POINT('',(0.0757641751874335,-0.0729897349105241,-0.0489054847896338));
#4863=CARTESIAN_POINT('',(0.0749449693340522,-0.0712328381813168,-0.0467704768068118));
#4864=CARTESIAN_POINT('',(0.0728708262408921,-0.0713258243050995,-0.0447691453236098));
#4865=CARTESIAN_POINT('',(0.071829262153781,-0.0718249559697228,-0.0441033070603067));
#4866=CARTESIAN_POINT('',(0.0967040858689559,-0.0989067681619641,0.00970359212737876));
#4867=CARTESIAN_POINT('',(0.0959709997637386,-0.0948006459168182,0.010063630419309));
#4868=CARTESIAN_POINT('',(0.0917990019756126,-0.0947650063009502,0.00971657570452514));
#4869=CARTESIAN_POINT('',(0.0967653271232878,-0.0988343288018366,0.00897904962876058));
#4870=CARTESIAN_POINT('',(0.0960251989120934,-0.0947479456337143,0.00945815992041371));
#4871=CARTESIAN_POINT('',(0.0918567947446425,-0.094708219089658,0.00916358799861364));
#4872=CARTESIAN_POINT('',(0.0968600453611847,-0.0986319997452485,0.00754387577717465));
#4873=CARTESIAN_POINT('',(0.0961102672168562,-0.0945926193090516,0.008272404391561));
#4874=CARTESIAN_POINT('',(0.0919458175632489,-0.0945534167426074,0.00808537448598895));
#4875=CARTESIAN_POINT('',(0.0969223561056915,-0.0981626325413641,0.00543106039354481));
#4876=CARTESIAN_POINT('',(0.0961729423112617,-0.0941885737863168,0.00646363558826233));
#4877=CARTESIAN_POINT('',(0.0920030218491969,-0.0941734678929592,0.00642087589861667));
#4878=CARTESIAN_POINT('',(0.0969096000184388,-0.0975450071580063,0.00335406349466363));
#4879=CARTESIAN_POINT('',(0.0961721137469126,-0.0936640620780616,0.00474989574997279));
#4880=CARTESIAN_POINT('',(0.0919884129847934,-0.0936969990565604,0.00485588091199559));
#4881=CARTESIAN_POINT('',(0.0968326287823391,-0.0968836179140568,0.00165769641069906));
#4882=CARTESIAN_POINT('',(0.0961157892696188,-0.0930731704568863,0.00329588202759395));
#4883=CARTESIAN_POINT('',(0.0919127060695602,-0.0931606284445938,0.00350526224050122));
#4884=CARTESIAN_POINT('',(0.0967436530453429,-0.0963334858097603,0.000315505171909506));
#4885=CARTESIAN_POINT('',(0.096035451172395,-0.0925119177740753,0.00195661672555204));
#4886=CARTESIAN_POINT('',(0.0918260578013042,-0.0926213073526275,0.00221936360236228));
#4887=CARTESIAN_POINT('',(0.0966403743290634,-0.0957900550190107,-0.0010281587332557));
#4888=CARTESIAN_POINT('',(0.0959403722030927,-0.0919576824567933,0.000615550900129388));
#4889=CARTESIAN_POINT('',(0.0917258688067124,-0.0920889508888853,0.000933403046417184));
#4890=CARTESIAN_POINT('',(0.0964824516350294,-0.0951128543082676,-0.00270466233875644));
#4891=CARTESIAN_POINT('',(0.0957933695428622,-0.0912702838603524,-0.00104864162489776));
#4892=CARTESIAN_POINT('',(0.0915733014029591,-0.0914302880926782,-0.000660478839384263));
#4893=CARTESIAN_POINT('',(0.0962476964503687,-0.0943084497539465,-0.0047141305665314));
#4894=CARTESIAN_POINT('',(0.0955703787472409,-0.0904502569765126,-0.00305709250786605));
#4895=CARTESIAN_POINT('',(0.0913473480065856,-0.0906421061863446,-0.00258592769806332));
#4896=CARTESIAN_POINT('',(0.0959677400328057,-0.0935133931811365,-0.00672153446331243));
#4897=CARTESIAN_POINT('',(0.0953020452113032,-0.0896407937983202,-0.00506232899483978));
#4898=CARTESIAN_POINT('',(0.0910785803857009,-0.0898643372821977,-0.00450730564168278));
#4899=CARTESIAN_POINT('',(0.0956428490432095,-0.0927306512763485,-0.00872833711160528));
#4900=CARTESIAN_POINT('',(0.0949865341525041,-0.0888415631704764,-0.00708062910779807));
#4901=CARTESIAN_POINT('',(0.0907672712065829,-0.0890934930880489,-0.00644211470835774));
#4902=CARTESIAN_POINT('',(0.0951488362944334,-0.0916991062889011,-0.0114003491597447));
#4903=CARTESIAN_POINT('',(0.0945100007821994,-0.0877972604895149,-0.00972963444289453));
#4904=CARTESIAN_POINT('',(0.0902946018454797,-0.0880958707771085,-0.00897338483967268));
#4905=CARTESIAN_POINT('',(0.0941174966941466,-0.089900951174173,-0.0160654556162507));
#4906=CARTESIAN_POINT('',(0.0935041617163915,-0.0859719463289623,-0.0143854455548553));
#4907=CARTESIAN_POINT('',(0.0893093797564571,-0.0863465660504287,-0.0134226229878345));
#4908=CARTESIAN_POINT('',(0.0922004242500641,-0.0874165198214062,-0.0225731223955179));
#4909=CARTESIAN_POINT('',(0.0916259859765234,-0.0834606264304806,-0.0208460092420444));
#4910=CARTESIAN_POINT('',(0.0874819065616815,-0.0839518136147276,-0.0195831417443629));
#4911=CARTESIAN_POINT('',(0.0891867989862242,-0.0844493841392592,-0.0300923062609853));
#4912=CARTESIAN_POINT('',(0.0886819002763315,-0.0804652485164142,-0.0282320457453874));
#4913=CARTESIAN_POINT('',(0.0846135486130533,-0.0811349414069381,-0.0266093823387137));
#4914=CARTESIAN_POINT('',(0.0854586976144848,-0.0813570941439426,-0.0372343614387056));
#4915=CARTESIAN_POINT('',(0.0850555399252331,-0.0773326240301751,-0.0351648720615546));
#4916=CARTESIAN_POINT('',(0.081068135677631,-0.0782517295656008,-0.0331791452987871));
#4917=CARTESIAN_POINT('',(0.08169145385742,-0.0785138473656586,-0.042848557543535));
#4918=CARTESIAN_POINT('',(0.0814326906722456,-0.0744335315176118,-0.0404847584750065));
#4919=CARTESIAN_POINT('',(0.0774875508193926,-0.0756741274899245,-0.0382090056973138));
#4920=CARTESIAN_POINT('',(0.0783821436382765,-0.0760437844547967,-0.0469013580793215));
#4921=CARTESIAN_POINT('',(0.0783202886408194,-0.0719144305337306,-0.0441876383587892));
#4922=CARTESIAN_POINT('',(0.0743437183534486,-0.0735139512832804,-0.0417282286428022));
#4923=CARTESIAN_POINT('',(0.0766326402291006,-0.0747441723317799,-0.0487847977634344));
#4924=CARTESIAN_POINT('',(0.0766740121670339,-0.0705871600963181,-0.0458952834398383));
#4925=CARTESIAN_POINT('',(0.0726823870647671,-0.0723859535570909,-0.0433549452707634));
#4926=CARTESIAN_POINT('',(0.0757339665505112,-0.074070477371526,-0.0496854923817986));
#4927=CARTESIAN_POINT('',(0.0758505835453517,-0.069897871539954,-0.0466740068010745));
#4928=CARTESIAN_POINT('',(0.071829251595208,-0.0718249580366197,-0.0441033043030817));
#4929=CARTESIAN_POINT('',(0.0917990019756126,-0.0997388490728787,0.00920580366130527));
#4930=CARTESIAN_POINT('',(0.091799001969193,-0.0947650055980401,0.00971656921383214));
#4931=CARTESIAN_POINT('',(0.0959710001364583,-0.0948006448637153,0.0100636249772703));
#4932=CARTESIAN_POINT('',(0.0967040858623403,-0.0989067681248505,0.00970359213053));
#4933=CARTESIAN_POINT('',(0.0917560970766867,-0.0948070573638265,0.0101260700102838));
#4934=CARTESIAN_POINT('',(0.0959307687620761,-0.094839660135041,0.0105128669235494));
#4935=CARTESIAN_POINT('',(0.096658620844714,-0.0989605458747736,0.0102414855993586));
#4936=CARTESIAN_POINT('',(0.0917062974005268,-0.0948361848391379,0.0105323028628576));
#4937=CARTESIAN_POINT('',(0.0958847323542958,-0.0948632444754981,0.0109590036239842));
#4938=CARTESIAN_POINT('',(0.0966059558629888,-0.0989980255635921,0.0107779521169016));
#4939=CARTESIAN_POINT('',(0.0916496375607283,-0.0948525291267912,0.0109354552976375));
#4940=CARTESIAN_POINT('',(0.0958330921990807,-0.0948714261496843,0.0114015741613663));
#4941=CARTESIAN_POINT('',(0.0965461271851692,-0.0990190342125034,0.0113130017638497));
#4942=MECHANICAL_DESIGN_GEOMETRIC_PRESENTATION_REPRESENTATION('',(#891),
#4943);
#4943=(
GEOMETRIC_REPRESENTATION_CONTEXT(3)
GLOBAL_UNCERTAINTY_ASSIGNED_CONTEXT((#4944))
GLOBAL_UNIT_ASSIGNED_CONTEXT((#4947,#4946,#4945))
REPRESENTATION_CONTEXT('hf_back','TOP_LEVEL_ASSEMBLY_PART')
);
#4944=UNCERTAINTY_MEASURE_WITH_UNIT(LENGTH_MEASURE(4.36504928092587E-5),
#4947,'DISTANCE_ACCURACY_VALUE','Maximum Tolerance applied to model');
#4945=(
NAMED_UNIT(*)
SI_UNIT($,.STERADIAN.)
SOLID_ANGLE_UNIT()
);
#4946=(
NAMED_UNIT(*)
PLANE_ANGLE_UNIT()
SI_UNIT($,.RADIAN.)
);
#4947=(
LENGTH_UNIT()
NAMED_UNIT(*)
SI_UNIT($,.METRE.)
);
#4948=PRODUCT_DEFINITION_SHAPE('','',#4949);
#4949=PRODUCT_DEFINITION('','',#4951,#4950);
#4950=PRODUCT_DEFINITION_CONTEXT('',#4957,'design');
#4951=PRODUCT_DEFINITION_FORMATION_WITH_SPECIFIED_SOURCE('','',#4953,
 .NOT_KNOWN.);
#4952=PRODUCT_RELATED_PRODUCT_CATEGORY('','',(#4953));
#4953=PRODUCT('hf_back','hf_back','hf_back',(#4955));
#4954=PRODUCT_CATEGORY('','');
#4955=PRODUCT_CONTEXT('',#4957,'mechanical');
#4956=APPLICATION_PROTOCOL_DEFINITION('international standard',
'ap242_managed_model_based_3d_engineering',2020,#4957);
#4957=APPLICATION_CONTEXT('managed model based 3d engineering');
ENDSEC;
END-ISO-10303-21;
