ISO-10303-21;
HEADER;
/* Generated by software containing ST-Developer
 * from STEP Tools, Inc. (www.steptools.com) 
 */
/* OPTION: using custom renumber hook */

FILE_DESCRIPTION(
/* description */ ('STEP AP242 Edition 2',
'CAx-IF Rec.Pracs.---Representation and Presentation of Product Manufa
cturing Information (PMI)---4.0---2014-10-13',
'CAx-IF Rec.Pracs.---3D Tessellated Geometry---0.4---2014-09-14','2;1',
'CAx-IF Rec.Pracs.---User Defined Attributes---1.5---2016-08-15'),
/* implementation_level */ '2;1');

FILE_NAME(
/* name */ 'RM_Lite_Proto (BETA) - front_skin2',
/* time_stamp */ '2026-03-25T08:53:54Z',
/* author */ (''),
/* organization */ (''),
/* preprocessor_version */ 'ST-DEVELOPER v20',
/* originating_system */ 'ONSHAPE BY PTC INC, 1.212',
/* authorisation */ '  ');

FILE_SCHEMA (('AP242_MANAGED_MODEL_BASED_3D_ENGINEERING_MIM_LF { 1 0 10303 442 3 1 4 }'));
ENDSEC;

DATA;
#10=SHAPE_REPRESENTATION_RELATIONSHIP('','',#1595,#11);
#11=ADVANCED_BREP_SHAPE_REPRESENTATION('',(#1593),#5427);
#12=(
BOUNDED_SURFACE()
B_SPLINE_SURFACE(3,2,((#3405,#3406,#3407),(#3408,#3409,#3410),(#3411,#3412,
#3413),(#3414,#3415,#3416)),.UNSPECIFIED.,.F.,.F.,.F.)
B_SPLINE_SURFACE_WITH_KNOTS((4,4),(3,3),(0.0043254359879441,0.00562984306451729),
(0.,1.),.PIECEWISE_BEZIER_KNOTS.)
GEOMETRIC_REPRESENTATION_ITEM()
RATIONAL_B_SPLINE_SURFACE(((1.,0.708104480665398,1.),(1.,0.708002894298188,
1.),(1.,0.707899407247969,1.),(1.,0.707793870494167,1.)))
REPRESENTATION_ITEM('')
SURFACE()
);
#13=(
BOUNDED_SURFACE()
B_SPLINE_SURFACE(3,2,((#3439,#3440,#3441),(#3442,#3443,#3444),(#3445,#3446,
#3447),(#3448,#3449,#3450)),.UNSPECIFIED.,.F.,.F.,.F.)
B_SPLINE_SURFACE_WITH_KNOTS((4,4),(3,3),(0.00432423587863785,0.00562985005781164),
(0.,1.),.PIECEWISE_BEZIER_KNOTS.)
GEOMETRIC_REPRESENTATION_ITEM()
RATIONAL_B_SPLINE_SURFACE(((1.,0.708104761013688,1.),(1.,0.708003084145699,
1.),(1.,0.707899503197915,1.),(1.,0.707793868757055,1.)))
REPRESENTATION_ITEM('')
SURFACE()
);
#14=PLANE('',#1615);
#15=PLANE('',#1620);
#16=PLANE('',#1621);
#17=PLANE('',#1628);
#18=PLANE('',#1629);
#19=PLANE('',#1636);
#20=PLANE('',#1637);
#21=PLANE('',#1638);
#22=PLANE('',#1639);
#23=PLANE('',#1641);
#24=PLANE('',#1644);
#25=PLANE('',#1645);
#26=PLANE('',#1647);
#27=PLANE('',#1649);
#28=PLANE('',#1651);
#29=PLANE('',#1652);
#30=PLANE('',#1653);
#31=PLANE('',#1654);
#32=PLANE('',#1660);
#33=PLANE('',#1661);
#34=PLANE('',#1665);
#35=PLANE('',#1666);
#36=PLANE('',#1667);
#37=PLANE('',#1668);
#38=PLANE('',#1669);
#39=PLANE('',#1670);
#40=PLANE('',#1671);
#41=PLANE('',#1672);
#42=PLANE('',#1673);
#43=PLANE('',#1674);
#44=PLANE('',#1675);
#45=PLANE('',#1676);
#46=PLANE('',#1677);
#47=PLANE('',#1678);
#48=B_SPLINE_SURFACE_WITH_KNOTS('',3,3,((#1989,#1990,#1991,#1992,#1993,
#1994,#1995,#1996,#1997,#1998,#1999),(#2000,#2001,#2002,#2003,#2004,#2005,
#2006,#2007,#2008,#2009,#2010),(#2011,#2012,#2013,#2014,#2015,#2016,#2017,
#2018,#2019,#2020,#2021),(#2022,#2023,#2024,#2025,#2026,#2027,#2028,#2029,
#2030,#2031,#2032),(#2033,#2034,#2035,#2036,#2037,#2038,#2039,#2040,#2041,
#2042,#2043),(#2044,#2045,#2046,#2047,#2048,#2049,#2050,#2051,#2052,#2053,
#2054),(#2055,#2056,#2057,#2058,#2059,#2060,#2061,#2062,#2063,#2064,#2065),
(#2066,#2067,#2068,#2069,#2070,#2071,#2072,#2073,#2074,#2075,#2076),(#2077,
#2078,#2079,#2080,#2081,#2082,#2083,#2084,#2085,#2086,#2087),(#2088,#2089,
#2090,#2091,#2092,#2093,#2094,#2095,#2096,#2097,#2098),(#2099,#2100,#2101,
#2102,#2103,#2104,#2105,#2106,#2107,#2108,#2109),(#2110,#2111,#2112,#2113,
#2114,#2115,#2116,#2117,#2118,#2119,#2120),(#2121,#2122,#2123,#2124,#2125,
#2126,#2127,#2128,#2129,#2130,#2131),(#2132,#2133,#2134,#2135,#2136,#2137,
#2138,#2139,#2140,#2141,#2142)),.UNSPECIFIED.,.F.,.F.,.F.,(4,1,1,1,1,1,
1,1,1,1,1,4),(4,1,1,1,1,1,1,1,4),(0.0143053278110446,0.114250118875117,
0.164222514407153,0.214194909939189,0.264167305471226,0.305810968414589,
0.33912589876928,0.359947730240962,0.376605195418307,0.389098294301316,
0.399509210037157,0.414084492067334),(-0.00600000002889863,0.140708334214856,
0.245500001531824,0.371250002312186,0.497000003092547,0.622750003872909,
0.748500004653271,0.853291671970238,1.00000000621399),.UNSPECIFIED.);
#49=B_SPLINE_SURFACE_WITH_KNOTS('',3,3,((#2281,#2282,#2283,#2284,#2285),
(#2286,#2287,#2288,#2289,#2290),(#2291,#2292,#2293,#2294,#2295),(#2296,
#2297,#2298,#2299,#2300),(#2301,#2302,#2303,#2304,#2305)),.UNSPECIFIED.,
 .F.,.F.,.F.,(4,1,4),(4,1,4),(0.141280046516306,0.165378578244303,0.1894771099723),
(0.558546397804306,0.780589660936621,1.00263292406894),.UNSPECIFIED.);
#50=B_SPLINE_SURFACE_WITH_KNOTS('',1,3,((#2321,#2322,#2323,#2324,#2325,
#2326,#2327,#2328,#2329,#2330,#2331,#2332,#2333,#2334,#2335,#2336,#2337,
#2338,#2339,#2340,#2341,#2342,#2343,#2344,#2345,#2346,#2347,#2348,#2349,
#2350),(#2351,#2352,#2353,#2354,#2355,#2356,#2357,#2358,#2359,#2360,#2361,
#2362,#2363,#2364,#2365,#2366,#2367,#2368,#2369,#2370,#2371,#2372,#2373,
#2374,#2375,#2376,#2377,#2378,#2379,#2380)),.RULED_SURF.,.F.,.F.,.F.,(2,
2),(4,2,2,2,2,2,2,2,2,2,2,2,2,2,4),(0.,0.914579100586415),(0.0248755958831151,
0.0254442296269431,0.0286247582981155,0.0294198904659086,0.0302150226337018,
0.031805286969288,0.0349858156404604,0.0365760799760467,0.0381663443116328,
0.0413468729828053,0.0421420051505984,0.0429371373183915,0.0445274016539778,
0.0477079303251502,0.0508884589963226),.UNSPECIFIED.);
#51=B_SPLINE_SURFACE_WITH_KNOTS('',3,3,((#2401,#2402,#2403,#2404,#2405),
(#2406,#2407,#2408,#2409,#2410),(#2411,#2412,#2413,#2414,#2415),(#2416,
#2417,#2418,#2419,#2420),(#2421,#2422,#2423,#2424,#2425)),.UNSPECIFIED.,
 .F.,.F.,.F.,(4,1,4),(4,1,4),(0.055391436439719,0.0939769466611285,0.132562456882538),
(0.450627242680138,0.616543445771312,0.782459648862486),.UNSPECIFIED.);
#52=B_SPLINE_SURFACE_WITH_KNOTS('',1,3,((#2445,#2446,#2447,#2448,#2449,
#2450,#2451,#2452,#2453,#2454,#2455,#2456,#2457,#2458,#2459,#2460,#2461,
#2462,#2463,#2464,#2465,#2466,#2467,#2468,#2469,#2470),(#2471,#2472,#2473,
#2474,#2475,#2476,#2477,#2478,#2479,#2480,#2481,#2482,#2483,#2484,#2485,
#2486,#2487,#2488,#2489,#2490,#2491,#2492,#2493,#2494,#2495,#2496)),
 .RULED_SURF.,.F.,.F.,.F.,(2,2),(4,2,2,2,2,2,2,2,2,2,2,2,4),(0.0854264326477521,
1.),(-0.0231627360145177,-0.0199829475451647,-0.0183930533104882,-0.0175981061931499,
-0.0168031590758117,-0.0136233706064587,-0.0120334763717822,-0.0104435821371057,
-0.00726379366775272,-0.00567389943307622,-0.00487895231573797,-0.00408400519839972,
-0.00177387743619969),.UNSPECIFIED.);
#53=B_SPLINE_SURFACE_WITH_KNOTS('',3,3,((#2569,#2570,#2571,#2572,#2573,
#2574,#2575,#2576,#2577,#2578,#2579),(#2580,#2581,#2582,#2583,#2584,#2585,
#2586,#2587,#2588,#2589,#2590),(#2591,#2592,#2593,#2594,#2595,#2596,#2597,
#2598,#2599,#2600,#2601),(#2602,#2603,#2604,#2605,#2606,#2607,#2608,#2609,
#2610,#2611,#2612),(#2613,#2614,#2615,#2616,#2617,#2618,#2619,#2620,#2621,
#2622,#2623),(#2624,#2625,#2626,#2627,#2628,#2629,#2630,#2631,#2632,#2633,
#2634),(#2635,#2636,#2637,#2638,#2639,#2640,#2641,#2642,#2643,#2644,#2645),
(#2646,#2647,#2648,#2649,#2650,#2651,#2652,#2653,#2654,#2655,#2656),(#2657,
#2658,#2659,#2660,#2661,#2662,#2663,#2664,#2665,#2666,#2667),(#2668,#2669,
#2670,#2671,#2672,#2673,#2674,#2675,#2676,#2677,#2678),(#2679,#2680,#2681,
#2682,#2683,#2684,#2685,#2686,#2687,#2688,#2689),(#2690,#2691,#2692,#2693,
#2694,#2695,#2696,#2697,#2698,#2699,#2700),(#2701,#2702,#2703,#2704,#2705,
#2706,#2707,#2708,#2709,#2710,#2711),(#2712,#2713,#2714,#2715,#2716,#2717,
#2718,#2719,#2720,#2721,#2722)),.UNSPECIFIED.,.F.,.F.,.F.,(4,1,1,1,1,1,
1,1,1,1,1,4),(4,1,1,1,1,1,1,1,4),(0.0143053278100638,0.114250118907562,
0.164222514456311,0.21419491000506,0.264167305553809,0.3058109685111,0.339125898876933,
0.359947730355578,0.376605195538495,0.389098294425682,0.399509210165005,
0.414084492200056),(-8.32708833169282E-12,0.145833333326202,0.249999999993723,
0.374999999994748,0.499999999995773,0.624999999996799,0.749999999997824,
0.854166666665345,0.999999999999874),.UNSPECIFIED.);
#54=B_SPLINE_SURFACE_WITH_KNOTS('',1,3,((#2816,#2817,#2818,#2819,#2820,
#2821,#2822,#2823,#2824,#2825,#2826,#2827,#2828,#2829,#2830,#2831,#2832,
#2833,#2834,#2835,#2836,#2837,#2838,#2839,#2840,#2841,#2842,#2843,#2844,
#2845,#2846,#2847,#2848,#2849),(#2850,#2851,#2852,#2853,#2854,#2855,#2856,
#2857,#2858,#2859,#2860,#2861,#2862,#2863,#2864,#2865,#2866,#2867,#2868,
#2869,#2870,#2871,#2872,#2873,#2874,#2875,#2876,#2877,#2878,#2879,#2880,
#2881,#2882,#2883)),.RULED_SURF.,.F.,.F.,.F.,(2,2),(4,2,2,2,2,2,2,2,2,2,
2,2,2,2,2,2,4),(0.628951352383554,0.910763041789239),(-0.0347219684066644,
-0.0306705970858322,-0.0286449114254161,-0.027632068595208,-0.0266192257649999,
-0.0225678544441677,-0.0205421687837516,-0.0185164831233355,-0.0144651118025033,
-0.0124394261420871,-0.0114265833118791,-0.010413740481671,-0.00636236916083879,
-0.00534952633063073,-0.00433668350042267,-0.00231099784000656,-0.00171525343914052),
 .UNSPECIFIED.);
#55=B_SPLINE_SURFACE_WITH_KNOTS('',1,3,((#2904,#2905,#2906,#2907,#2908,
#2909,#2910,#2911,#2912,#2913,#2914,#2915,#2916,#2917,#2918,#2919,#2920,
#2921,#2922,#2923,#2924,#2925),(#2926,#2927,#2928,#2929,#2930,#2931,#2932,
#2933,#2934,#2935,#2936,#2937,#2938,#2939,#2940,#2941,#2942,#2943,#2944,
#2945,#2946,#2947)),.RULED_SURF.,.F.,.F.,.F.,(2,2),(4,2,2,2,2,2,2,2,2,2,
4),(0.0899447685763186,0.252578952661196),(0.0365041005977748,0.0374492399434401,
0.038461381563533,0.040485664803719,0.0445342312840909,0.0455463729041839,
0.0465585145242769,0.0485827977644628,0.0506070810046487,0.0526313642448347,
0.0550108762193504),.UNSPECIFIED.);
#56=B_SPLINE_SURFACE_WITH_KNOTS('',3,3,((#3053,#3054,#3055,#3056,#3057,
#3058,#3059,#3060,#3061,#3062,#3063),(#3064,#3065,#3066,#3067,#3068,#3069,
#3070,#3071,#3072,#3073,#3074),(#3075,#3076,#3077,#3078,#3079,#3080,#3081,
#3082,#3083,#3084,#3085),(#3086,#3087,#3088,#3089,#3090,#3091,#3092,#3093,
#3094,#3095,#3096),(#3097,#3098,#3099,#3100,#3101,#3102,#3103,#3104,#3105,
#3106,#3107),(#3108,#3109,#3110,#3111,#3112,#3113,#3114,#3115,#3116,#3117,
#3118),(#3119,#3120,#3121,#3122,#3123,#3124,#3125,#3126,#3127,#3128,#3129),
(#3130,#3131,#3132,#3133,#3134,#3135,#3136,#3137,#3138,#3139,#3140),(#3141,
#3142,#3143,#3144,#3145,#3146,#3147,#3148,#3149,#3150,#3151),(#3152,#3153,
#3154,#3155,#3156,#3157,#3158,#3159,#3160,#3161,#3162),(#3163,#3164,#3165,
#3166,#3167,#3168,#3169,#3170,#3171,#3172,#3173),(#3174,#3175,#3176,#3177,
#3178,#3179,#3180,#3181,#3182,#3183,#3184),(#3185,#3186,#3187,#3188,#3189,
#3190,#3191,#3192,#3193,#3194,#3195),(#3196,#3197,#3198,#3199,#3200,#3201,
#3202,#3203,#3204,#3205,#3206)),.UNSPECIFIED.,.F.,.F.,.F.,(4,1,1,1,1,1,
1,1,1,1,1,4),(4,1,1,1,1,1,1,1,4),(0.0143053278103891,0.114250118910031,
0.164222514459852,0.214194910009673,0.264167305559494,0.305810968517678,
0.339125898884225,0.359947730363317,0.376605195546591,0.389098294434046,
0.399509210173592,0.414084492208956),(8.25682074784534E-16,0.145833333333315,
0.249999999999968,0.374999999999951,0.499999999999935,0.624999999999918,
0.749999999999902,0.854166666666555,0.999999999999869),.UNSPECIFIED.);
#57=B_SPLINE_SURFACE_WITH_KNOTS('',3,3,((#3614,#3615,#3616,#3617,#3618,
#3619,#3620,#3621,#3622,#3623,#3624),(#3625,#3626,#3627,#3628,#3629,#3630,
#3631,#3632,#3633,#3634,#3635),(#3636,#3637,#3638,#3639,#3640,#3641,#3642,
#3643,#3644,#3645,#3646),(#3647,#3648,#3649,#3650,#3651,#3652,#3653,#3654,
#3655,#3656,#3657),(#3658,#3659,#3660,#3661,#3662,#3663,#3664,#3665,#3666,
#3667,#3668),(#3669,#3670,#3671,#3672,#3673,#3674,#3675,#3676,#3677,#3678,
#3679),(#3680,#3681,#3682,#3683,#3684,#3685,#3686,#3687,#3688,#3689,#3690),
(#3691,#3692,#3693,#3694,#3695,#3696,#3697,#3698,#3699,#3700,#3701),(#3702,
#3703,#3704,#3705,#3706,#3707,#3708,#3709,#3710,#3711,#3712),(#3713,#3714,
#3715,#3716,#3717,#3718,#3719,#3720,#3721,#3722,#3723),(#3724,#3725,#3726,
#3727,#3728,#3729,#3730,#3731,#3732,#3733,#3734),(#3735,#3736,#3737,#3738,
#3739,#3740,#3741,#3742,#3743,#3744,#3745),(#3746,#3747,#3748,#3749,#3750,
#3751,#3752,#3753,#3754,#3755,#3756),(#3757,#3758,#3759,#3760,#3761,#3762,
#3763,#3764,#3765,#3766,#3767)),.UNSPECIFIED.,.F.,.F.,.F.,(4,1,1,1,1,1,
1,1,1,1,1,4),(4,1,1,1,1,1,1,1,4),(0.0143053278109066,0.114250118872899,
0.164222514403896,0.214194909934892,0.264167305465888,0.305810968408385,
0.339125898762383,0.359947730233632,0.37660519541063,0.389098294293379,
0.399509210029004,0.414084492058878),(-0.00600346693589266,0.14070537209145,
0.245497399968123,0.371247833420132,0.49699826687214,0.622748700324148,
0.748499133776156,0.853291161652829,1.00000000068017),.UNSPECIFIED.);
#58=B_SPLINE_SURFACE_WITH_KNOTS('',3,3,((#3821,#3822,#3823,#3824,#3825,
#3826,#3827,#3828,#3829,#3830,#3831),(#3832,#3833,#3834,#3835,#3836,#3837,
#3838,#3839,#3840,#3841,#3842),(#3843,#3844,#3845,#3846,#3847,#3848,#3849,
#3850,#3851,#3852,#3853),(#3854,#3855,#3856,#3857,#3858,#3859,#3860,#3861,
#3862,#3863,#3864),(#3865,#3866,#3867,#3868,#3869,#3870,#3871,#3872,#3873,
#3874,#3875),(#3876,#3877,#3878,#3879,#3880,#3881,#3882,#3883,#3884,#3885,
#3886),(#3887,#3888,#3889,#3890,#3891,#3892,#3893,#3894,#3895,#3896,#3897),
(#3898,#3899,#3900,#3901,#3902,#3903,#3904,#3905,#3906,#3907,#3908),(#3909,
#3910,#3911,#3912,#3913,#3914,#3915,#3916,#3917,#3918,#3919),(#3920,#3921,
#3922,#3923,#3924,#3925,#3926,#3927,#3928,#3929,#3930),(#3931,#3932,#3933,
#3934,#3935,#3936,#3937,#3938,#3939,#3940,#3941),(#3942,#3943,#3944,#3945,
#3946,#3947,#3948,#3949,#3950,#3951,#3952),(#3953,#3954,#3955,#3956,#3957,
#3958,#3959,#3960,#3961,#3962,#3963),(#3964,#3965,#3966,#3967,#3968,#3969,
#3970,#3971,#3972,#3973,#3974),(#3975,#3976,#3977,#3978,#3979,#3980,#3981,
#3982,#3983,#3984,#3985),(#3986,#3987,#3988,#3989,#3990,#3991,#3992,#3993,
#3994,#3995,#3996),(#3997,#3998,#3999,#4000,#4001,#4002,#4003,#4004,#4005,
#4006,#4007)),.UNSPECIFIED.,.F.,.F.,.F.,(4,1,1,1,1,1,1,1,1,1,1,1,1,1,4),
(4,1,1,1,1,1,1,1,4),(0.0143060999123736,0.114218334029144,0.16417445108753,
0.214130568145915,0.264086685204301,0.305716782752955,0.339020860791879,
0.359835909566206,0.376487948585668,0.386895472972832,0.395221492482562,
0.400425254676144,0.40458826443101,0.407710521747159,0.413955036379457),
(-8.32709478434287E-12,0.145833333326201,0.249999999993721,0.374999999994745,
0.499999999995769,0.624999999996794,0.749999999997818,0.854166666665338,
0.999999999999866),.UNSPECIFIED.);
#59=B_SPLINE_SURFACE_WITH_KNOTS('',3,3,((#4054,#4055,#4056,#4057,#4058,
#4059,#4060,#4061,#4062,#4063,#4064),(#4065,#4066,#4067,#4068,#4069,#4070,
#4071,#4072,#4073,#4074,#4075),(#4076,#4077,#4078,#4079,#4080,#4081,#4082,
#4083,#4084,#4085,#4086),(#4087,#4088,#4089,#4090,#4091,#4092,#4093,#4094,
#4095,#4096,#4097),(#4098,#4099,#4100,#4101,#4102,#4103,#4104,#4105,#4106,
#4107,#4108),(#4109,#4110,#4111,#4112,#4113,#4114,#4115,#4116,#4117,#4118,
#4119),(#4120,#4121,#4122,#4123,#4124,#4125,#4126,#4127,#4128,#4129,#4130),
(#4131,#4132,#4133,#4134,#4135,#4136,#4137,#4138,#4139,#4140,#4141),(#4142,
#4143,#4144,#4145,#4146,#4147,#4148,#4149,#4150,#4151,#4152),(#4153,#4154,
#4155,#4156,#4157,#4158,#4159,#4160,#4161,#4162,#4163),(#4164,#4165,#4166,
#4167,#4168,#4169,#4170,#4171,#4172,#4173,#4174),(#4175,#4176,#4177,#4178,
#4179,#4180,#4181,#4182,#4183,#4184,#4185),(#4186,#4187,#4188,#4189,#4190,
#4191,#4192,#4193,#4194,#4195,#4196),(#4197,#4198,#4199,#4200,#4201,#4202,
#4203,#4204,#4205,#4206,#4207),(#4208,#4209,#4210,#4211,#4212,#4213,#4214,
#4215,#4216,#4217,#4218),(#4219,#4220,#4221,#4222,#4223,#4224,#4225,#4226,
#4227,#4228,#4229),(#4230,#4231,#4232,#4233,#4234,#4235,#4236,#4237,#4238,
#4239,#4240)),.UNSPECIFIED.,.F.,.F.,.F.,(4,1,1,1,1,1,1,1,1,1,1,1,1,1,4),
(4,1,1,1,1,1,1,1,4),(0.0143060999124237,0.114218334042941,0.1641744511082,
0.214130568173459,0.264086685238717,0.3057167827931,0.339020860836605,0.359835909613797,
0.376487948635549,0.386895473024145,0.395221492535021,0.400425254729319,
0.404588264484757,0.407710521801336,0.413955036434494),(-3.37912546345405E-12,
0.145833333330428,0.249999999997433,0.374999999997839,0.499999999998245,
0.624999999998651,0.749999999999057,0.854166666666062,0.999999999999869),
 .UNSPECIFIED.);
#60=B_SPLINE_SURFACE_WITH_KNOTS('',1,3,((#4315,#4316,#4317,#4318,#4319,
#4320,#4321,#4322,#4323,#4324),(#4325,#4326,#4327,#4328,#4329,#4330,#4331,
#4332,#4333,#4334)),.RULED_SURF.,.F.,.F.,.F.,(2,2),(4,2,2,2,4),(0.,0.909091160652186),
(0.,0.000678264106012522,0.00135652821202504,0.00203479231803757,0.00271305642405009),
 .UNSPECIFIED.);
#61=B_SPLINE_SURFACE_WITH_KNOTS('',1,3,((#4335,#4336,#4337,#4338,#4339,
#4340,#4341,#4342,#4343,#4344,#4345,#4346,#4347,#4348,#4349,#4350,#4351,
#4352),(#4353,#4354,#4355,#4356,#4357,#4358,#4359,#4360,#4361,#4362,#4363,
#4364,#4365,#4366,#4367,#4368,#4369,#4370)),.RULED_SURF.,.F.,.F.,.F.,(2,
2),(4,2,2,2,2,2,2,2,4),(0.748465488289049,0.91005003030003),(0.00176628854227485,
0.00579174480165792,0.00781743046207404,0.00984311612249016,0.0138944874433224,
0.0149073302735304,0.0159201731037385,0.0179458587641546,0.020090124709418),
 .UNSPECIFIED.);
#62=B_SPLINE_SURFACE_WITH_KNOTS('',3,3,((#4375,#4376,#4377,#4378,#4379,
#4380,#4381,#4382,#4383,#4384,#4385),(#4386,#4387,#4388,#4389,#4390,#4391,
#4392,#4393,#4394,#4395,#4396),(#4397,#4398,#4399,#4400,#4401,#4402,#4403,
#4404,#4405,#4406,#4407),(#4408,#4409,#4410,#4411,#4412,#4413,#4414,#4415,
#4416,#4417,#4418)),.UNSPECIFIED.,.F.,.F.,.F.,(4,4),(4,1,1,1,1,1,1,1,4),
(0.00945203584177638,0.94158066449642),(0.,0.145833333333333,0.25,0.375,
0.5,0.625,0.75,0.854166666666667,1.),.UNSPECIFIED.);
#63=B_SPLINE_SURFACE_WITH_KNOTS('',3,3,((#4427,#4428,#4429,#4430,#4431,
#4432,#4433,#4434,#4435,#4436,#4437),(#4438,#4439,#4440,#4441,#4442,#4443,
#4444,#4445,#4446,#4447,#4448),(#4449,#4450,#4451,#4452,#4453,#4454,#4455,
#4456,#4457,#4458,#4459),(#4460,#4461,#4462,#4463,#4464,#4465,#4466,#4467,
#4468,#4469,#4470)),.UNSPECIFIED.,.F.,.F.,.F.,(4,4),(4,1,1,1,1,1,1,1,4),
(0.0583064050354033,0.990548637612671),(-1.68545612752195E-12,0.145833333331894,
0.249999999998736,0.374999999998947,0.499999999999157,0.624999999999368,
0.749999999999579,0.854166666666421,1.),.UNSPECIFIED.);
#64=B_SPLINE_SURFACE_WITH_KNOTS('',1,3,((#4475,#4476,#4477,#4478,#4479,
#4480),(#4481,#4482,#4483,#4484,#4485,#4486)),.RULED_SURF.,.F.,.F.,.F.,
(2,2),(4,2,4),(0.0851232304506216,1.),(0.0006019422630694,0.00756508864463148,
0.015130177289263),.UNSPECIFIED.);
#65=B_SPLINE_SURFACE_WITH_KNOTS('',3,3,((#4496,#4497,#4498,#4499,#4500,
#4501,#4502,#4503,#4504,#4505,#4506),(#4507,#4508,#4509,#4510,#4511,#4512,
#4513,#4514,#4515,#4516,#4517),(#4518,#4519,#4520,#4521,#4522,#4523,#4524,
#4525,#4526,#4527,#4528),(#4529,#4530,#4531,#4532,#4533,#4534,#4535,#4536,
#4537,#4538,#4539),(#4540,#4541,#4542,#4543,#4544,#4545,#4546,#4547,#4548,
#4549,#4550),(#4551,#4552,#4553,#4554,#4555,#4556,#4557,#4558,#4559,#4560,
#4561),(#4562,#4563,#4564,#4565,#4566,#4567,#4568,#4569,#4570,#4571,#4572),
(#4573,#4574,#4575,#4576,#4577,#4578,#4579,#4580,#4581,#4582,#4583),(#4584,
#4585,#4586,#4587,#4588,#4589,#4590,#4591,#4592,#4593,#4594),(#4595,#4596,
#4597,#4598,#4599,#4600,#4601,#4602,#4603,#4604,#4605),(#4606,#4607,#4608,
#4609,#4610,#4611,#4612,#4613,#4614,#4615,#4616),(#4617,#4618,#4619,#4620,
#4621,#4622,#4623,#4624,#4625,#4626,#4627),(#4628,#4629,#4630,#4631,#4632,
#4633,#4634,#4635,#4636,#4637,#4638),(#4639,#4640,#4641,#4642,#4643,#4644,
#4645,#4646,#4647,#4648,#4649),(#4650,#4651,#4652,#4653,#4654,#4655,#4656,
#4657,#4658,#4659,#4660),(#4661,#4662,#4663,#4664,#4665,#4666,#4667,#4668,
#4669,#4670,#4671),(#4672,#4673,#4674,#4675,#4676,#4677,#4678,#4679,#4680,
#4681,#4682)),.UNSPECIFIED.,.F.,.F.,.F.,(4,1,1,1,1,1,1,1,1,1,1,1,1,1,4),
(4,1,1,1,1,1,1,1,4),(0.0143060999147221,0.114218333932492,0.164174450941377,
0.214130567950263,0.264086684959148,0.305716782466552,0.339020860472475,
0.359835909226178,0.376487948229139,0.38689547260599,0.395221492107471,
0.400425254295897,0.404588264046637,0.407710521359692,0.413955035985803),
(-0.00600346383193865,0.140705374643536,0.245497402126018,0.371247835104997,
0.496998268083976,0.622748701062954,0.748499134041933,0.853291161524415,
0.99999999999989),.UNSPECIFIED.);
#66=B_SPLINE_SURFACE_WITH_KNOTS('',3,3,((#4705,#4706,#4707,#4708,#4709,
#4710,#4711,#4712,#4713),(#4714,#4715,#4716,#4717,#4718,#4719,#4720,#4721,
#4722),(#4723,#4724,#4725,#4726,#4727,#4728,#4729,#4730,#4731),(#4732,#4733,
#4734,#4735,#4736,#4737,#4738,#4739,#4740)),.UNSPECIFIED.,.F.,.F.,.F.,(4,
4),(4,1,1,1,1,1,4),(0.0585705667991187,0.98807400363286),(0.251049235516994,
0.438286926637762,0.531905772198145,0.625524617758529,0.719143463318913,
0.812762308879296,1.00000000000006),.UNSPECIFIED.);
#67=B_SPLINE_SURFACE_WITH_KNOTS('',3,3,((#4741,#4742,#4743,#4744,#4745,
#4746,#4747,#4748,#4749,#4750,#4751),(#4752,#4753,#4754,#4755,#4756,#4757,
#4758,#4759,#4760,#4761,#4762),(#4763,#4764,#4765,#4766,#4767,#4768,#4769,
#4770,#4771,#4772,#4773),(#4774,#4775,#4776,#4777,#4778,#4779,#4780,#4781,
#4782,#4783,#4784),(#4785,#4786,#4787,#4788,#4789,#4790,#4791,#4792,#4793,
#4794,#4795),(#4796,#4797,#4798,#4799,#4800,#4801,#4802,#4803,#4804,#4805,
#4806),(#4807,#4808,#4809,#4810,#4811,#4812,#4813,#4814,#4815,#4816,#4817),
(#4818,#4819,#4820,#4821,#4822,#4823,#4824,#4825,#4826,#4827,#4828),(#4829,
#4830,#4831,#4832,#4833,#4834,#4835,#4836,#4837,#4838,#4839),(#4840,#4841,
#4842,#4843,#4844,#4845,#4846,#4847,#4848,#4849,#4850),(#4851,#4852,#4853,
#4854,#4855,#4856,#4857,#4858,#4859,#4860,#4861),(#4862,#4863,#4864,#4865,
#4866,#4867,#4868,#4869,#4870,#4871,#4872),(#4873,#4874,#4875,#4876,#4877,
#4878,#4879,#4880,#4881,#4882,#4883),(#4884,#4885,#4886,#4887,#4888,#4889,
#4890,#4891,#4892,#4893,#4894),(#4895,#4896,#4897,#4898,#4899,#4900,#4901,
#4902,#4903,#4904,#4905),(#4906,#4907,#4908,#4909,#4910,#4911,#4912,#4913,
#4914,#4915,#4916),(#4917,#4918,#4919,#4920,#4921,#4922,#4923,#4924,#4925,
#4926,#4927)),.UNSPECIFIED.,.F.,.F.,.F.,(4,1,1,1,1,1,1,1,1,1,1,1,1,1,4),
(4,1,1,1,1,1,1,1,4),(0.0143060999147638,0.11421833394662,0.164174450962548,
0.214130567978476,0.264086684994404,0.305716782507677,0.339020860518296,
0.359835909274932,0.376487948280242,0.38689547265856,0.395221492161215,
0.400425254350374,0.404588264101701,0.407710521415197,0.413955036042188),
(-0.00599999999161571,0.14070833334052,0.245500000006332,0.371250000005305,
0.497000000004279,0.622750000003253,0.748500000002227,0.853291666668038,
1.00000000000017),.UNSPECIFIED.);
#68=B_SPLINE_SURFACE_WITH_KNOTS('',3,3,((#4970,#4971,#4972,#4973,#4974,
#4975,#4976,#4977,#4978),(#4979,#4980,#4981,#4982,#4983,#4984,#4985,#4986,
#4987),(#4988,#4989,#4990,#4991,#4992,#4993,#4994,#4995,#4996),(#4997,#4998,
#4999,#5000,#5001,#5002,#5003,#5004,#5005)),.UNSPECIFIED.,.F.,.F.,.F.,(4,
4),(4,1,1,1,1,1,4),(0.0119247641488538,0.94163603749764),(-1.02201624749379E-11,
0.187237691113097,0.280856536674756,0.374475382236414,0.468094227798073,
0.561713073359732,0.748950764483049),.UNSPECIFIED.);
#69=B_SPLINE_SURFACE_WITH_KNOTS('',1,3,((#5006,#5007,#5008,#5009,#5010,
#5011),(#5012,#5013,#5014,#5015,#5016,#5017)),.RULED_SURF.,.F.,.F.,.F.,
(2,2),(4,2,4),(0.,0.914876658392333),(0.000601951322143806,0.00756438178754542,
0.0151287635750908),.UNSPECIFIED.);
#70=B_SPLINE_SURFACE_WITH_KNOTS('',1,3,((#5018,#5019,#5020,#5021,#5022,
#5023,#5024,#5025,#5026,#5027,#5028,#5029,#5030,#5031,#5032,#5033,#5034,
#5035,#5036,#5037,#5038,#5039,#5040,#5041,#5042,#5043,#5044,#5045,#5046,
#5047,#5048,#5049,#5050,#5051),(#5052,#5053,#5054,#5055,#5056,#5057,#5058,
#5059,#5060,#5061,#5062,#5063,#5064,#5065,#5066,#5067,#5068,#5069,#5070,
#5071,#5072,#5073,#5074,#5075,#5076,#5077,#5078,#5079,#5080,#5081,#5082,
#5083,#5084,#5085)),.RULED_SURF.,.F.,.F.,.F.,(2,2),(4,2,2,2,2,2,2,2,2,2,
2,2,2,2,2,2,4),(0.0892368169997342,0.370068555460042),(0.,0.0040485664803719,
0.00607284972055785,0.00708499134065082,0.0080971329607438,0.0121456994411157,
0.0141699826813016,0.0161942659214876,0.0202428324018595,0.0222671156420455,
0.0232792572621385,0.0242913988822314,0.0283399653626033,0.0293521069826963,
0.0303642486027893,0.0323885318429752,0.0329971937715928),.UNSPECIFIED.);
#71=B_SPLINE_SURFACE_WITH_KNOTS('',1,3,((#5090,#5091,#5092,#5093,#5094,
#5095,#5096,#5097,#5098,#5099),(#5100,#5101,#5102,#5103,#5104,#5105,#5106,
#5107,#5108,#5109)),.RULED_SURF.,.F.,.F.,.F.,(2,2),(4,2,2,2,4),(0.0909089137277463,
1.),(0.,0.000678263974397811,0.00135652794879562,0.00203479192319343,0.00271305589759125),
 .UNSPECIFIED.);
#72=B_SPLINE_SURFACE_WITH_KNOTS('',3,3,((#5112,#5113,#5114,#5115,#5116),
(#5117,#5118,#5119,#5120,#5121),(#5122,#5123,#5124,#5125,#5126),(#5127,
#5128,#5129,#5130,#5131),(#5132,#5133,#5134,#5135,#5136)),.UNSPECIFIED.,
 .F.,.F.,.F.,(4,1,4),(4,1,4),(0.0553907473026801,0.0939769917724177,0.132563236242155),
(0.450619873657352,0.616544635599011,0.782469397540669),.UNSPECIFIED.);
#73=B_SPLINE_SURFACE_WITH_KNOTS('',3,3,((#5156,#5157,#5158,#5159,#5160),
(#5161,#5162,#5163,#5164,#5165),(#5166,#5167,#5168,#5169,#5170),(#5171,
#5172,#5173,#5174,#5175),(#5176,#5177,#5178,#5179,#5180)),.UNSPECIFIED.,
 .F.,.F.,.F.,(4,1,4),(4,1,4),(0.141279669136316,0.16537836049917,0.189477051862024),
(0.558552319877463,0.780592604312789,1.00263288874811),.UNSPECIFIED.);
#74=B_SPLINE_SURFACE_WITH_KNOTS('',1,3,((#5193,#5194,#5195,#5196,#5197,
#5198,#5199,#5200,#5201,#5202,#5203,#5204,#5205,#5206,#5207,#5208,#5209,
#5210,#5211,#5212,#5213,#5214,#5215,#5216,#5217,#5218,#5219,#5220,#5221,
#5222,#5223,#5224),(#5225,#5226,#5227,#5228,#5229,#5230,#5231,#5232,#5233,
#5234,#5235,#5236,#5237,#5238,#5239,#5240,#5241,#5242,#5243,#5244,#5245,
#5246,#5247,#5248,#5249,#5250,#5251,#5252,#5253,#5254,#5255,#5256)),
 .RULED_SURF.,.F.,.F.,.F.,(2,2),(4,2,2,2,2,2,2,2,2,2,2,2,2,2,2,4),(0.0854248979818287,
1.),(0.00170259858574484,0.00227557174030628,0.00545536020965927,0.00625030732699752,
0.00704525444433577,0.00863514867901227,0.0118149371483653,0.0134048313830418,
0.0149947256177183,0.0165846198523948,0.017379566969733,0.0181745140870712,
0.0213543025564242,0.0229441967911007,0.0245340910257772,0.0277138794951302),
 .UNSPECIFIED.);
#75=B_SPLINE_SURFACE_WITH_KNOTS('',1,3,((#5261,#5262,#5263,#5264,#5265,
#5266,#5267,#5268,#5269,#5270,#5271,#5272,#5273,#5274,#5275,#5276,#5277,
#5278,#5279,#5280,#5281,#5282,#5283,#5284,#5285,#5286),(#5287,#5288,#5289,
#5290,#5291,#5292,#5293,#5294,#5295,#5296,#5297,#5298,#5299,#5300,#5301,
#5302,#5303,#5304,#5305,#5306,#5307,#5308,#5309,#5310,#5311,#5312)),
 .RULED_SURF.,.F.,.F.,.F.,(2,2),(4,2,2,2,2,2,2,2,2,2,2,2,4),(0.,0.914572996557954),
(2.57563625380605E-10,0.00318052892873606,0.00477079326432228,0.00556592543211539,
0.0063610575999085,0.00954158627108093,0.0111318506066671,0.0127221149422534,
0.0159026436134258,0.017492907949012,0.0182880401168052,0.0190831722845983,
0.0213955788850904),.UNSPECIFIED.);
#76=CONICAL_SURFACE('',#1602,0.0177358925139777,1.0471975511966);
#77=CONICAL_SURFACE('',#1606,0.0177358925139777,1.0471975511966);
#78=CONICAL_SURFACE('',#1608,0.0222326424361414,1.04719755119661);
#79=CONICAL_SURFACE('',#1613,0.0222326424361414,1.04719755119661);
#80=CONICAL_SURFACE('',#1657,0.0222326424361414,1.04719755119661);
#81=CONICAL_SURFACE('',#1659,0.0222326424361414,1.0471975511966);
#82=CONICAL_SURFACE('',#1662,0.0177358925139777,1.0471975511966);
#83=CONICAL_SURFACE('',#1664,0.0177358925139777,1.0471975511966);
#84=B_SPLINE_CURVE_WITH_KNOTS('',3,(#1914,#1915,#1916,#1917,#1918,#1919,
#1920,#1921,#1922),.UNSPECIFIED.,.F.,.F.,(4,1,1,1,1,1,4),(0.0298547823333355,
0.0354280982793971,0.0382147562524279,0.0410014142254588,0.0437880721984896,
0.0465747301715204,0.052148046117582),.UNSPECIFIED.);
#85=B_SPLINE_CURVE_WITH_KNOTS('',3,(#1930,#1931,#1932,#1933,#1934,#1935,
#1936,#1937,#1938),.UNSPECIFIED.,.F.,.F.,(4,1,1,1,1,1,4),(0.0298545438014746,
0.0354277540099041,0.0382143591141188,0.0410009642183335,0.0437875693225483,
0.046574174426763,0.0521473846351925),.UNSPECIFIED.);
#86=B_SPLINE_CURVE_WITH_KNOTS('',3,(#1950,#1951,#1952,#1953),
 .UNSPECIFIED.,.F.,.F.,(4,4),(4.72073143564802E-7,0.00128723162173564),
 .UNSPECIFIED.);
#87=B_SPLINE_CURVE_WITH_KNOTS('',3,(#1966,#1967,#1968,#1969,#1970,#1971,
#1972,#1973,#1974,#1975,#1976),.UNSPECIFIED.,.F.,.F.,(4,1,1,1,1,1,1,1,4),
(7.80625564189563E-18,0.00327259698941039,0.00654519397882076,0.00981779096823114,
0.0130903879576415,0.0163629849470519,0.0196355819364623,0.0229081789258727,
0.026180775915283),.UNSPECIFIED.);
#88=B_SPLINE_CURVE_WITH_KNOTS('',3,(#1978,#1979,#1980,#1981,#1982,#1983,
#1984,#1985,#1986,#1987,#1988),.UNSPECIFIED.,.F.,.F.,(4,1,1,1,1,1,1,1,4),
(0.,0.00327262719307973,0.00654525438615946,0.00981788157923918,0.0130905087723189,
0.0163631359653986,0.0196357631584784,0.0229083903515581,0.0261810175446378),
 .UNSPECIFIED.);
#89=B_SPLINE_CURVE_WITH_KNOTS('',3,(#2143,#2144,#2145,#2146),
 .UNSPECIFIED.,.F.,.F.,(4,4),(0.000609933101967076,0.00250502856031853),
 .UNSPECIFIED.);
#90=B_SPLINE_CURVE_WITH_KNOTS('',3,(#2149,#2150,#2151,#2152,#2153,#2154,
#2155,#2156,#2157,#2158,#2159),.UNSPECIFIED.,.F.,.F.,(4,1,1,1,1,1,1,1,4),
(0.0374101528567556,0.0406469548181437,0.0438837567795318,0.0471205587409198,
0.0503573607023079,0.053594162663696,0.0568309646250841,0.0600677665864722,
0.0633045685478603),.UNSPECIFIED.);
#91=B_SPLINE_CURVE_WITH_KNOTS('',3,(#2161,#2162,#2163,#2164,#2165,#2166,
#2167,#2168,#2169,#2170),.UNSPECIFIED.,.F.,.F.,(4,1,1,1,1,1,1,4),(0.,0.249985543459655,
0.499971086919311,0.624963858649138,0.749956630378966,0.874949402108794,
0.937445787973707,0.999942173838621),.UNSPECIFIED.);
#92=B_SPLINE_CURVE_WITH_KNOTS('',3,(#2172,#2173,#2174,#2175,#2176,#2177,
#2178,#2179,#2180,#2181,#2182,#2183,#2184),.UNSPECIFIED.,.F.,.F.,(4,1,1,
1,1,1,1,1,1,1,4),(0.172937313050841,0.180680956246542,0.188424599442243,
0.196168242637945,0.203911885833646,0.207783707431497,0.211655529029348,
0.215527350627198,0.219399172225049,0.227142815420751,0.234886458616452),
 .UNSPECIFIED.);
#93=B_SPLINE_CURVE_WITH_KNOTS('',3,(#2186,#2187,#2188,#2189,#2190),
 .UNSPECIFIED.,.F.,.F.,(4,1,4),(0.,0.0015681536595226,0.0031363073190452),
 .UNSPECIFIED.);
#94=B_SPLINE_CURVE_WITH_KNOTS('',3,(#2192,#2193,#2194,#2195,#2196),
 .UNSPECIFIED.,.F.,.F.,(4,1,4),(4.38854183572088E-17,0.00565628142599808,
0.0113125628519961),.UNSPECIFIED.);
#95=B_SPLINE_CURVE_WITH_KNOTS('',3,(#2198,#2199,#2200,#2201,#2202),
 .UNSPECIFIED.,.F.,.F.,(4,1,4),(0.,0.000821986915592357,0.00164397383118471),
 .UNSPECIFIED.);
#96=B_SPLINE_CURVE_WITH_KNOTS('',3,(#2204,#2205,#2206,#2207,#2208),
 .UNSPECIFIED.,.F.,.F.,(4,1,4),(0.,0.0107828146997123,0.0215656293994246),
 .UNSPECIFIED.);
#97=B_SPLINE_CURVE_WITH_KNOTS('',3,(#2210,#2211,#2212,#2213),
 .UNSPECIFIED.,.F.,.F.,(4,4),(3.25462973226292E-17,0.00100334703147597),
 .UNSPECIFIED.);
#98=B_SPLINE_CURVE_WITH_KNOTS('',3,(#2215,#2216,#2217,#2218),
 .UNSPECIFIED.,.F.,.F.,(4,4),(0.,0.00755198589945239),.UNSPECIFIED.);
#99=B_SPLINE_CURVE_WITH_KNOTS('',3,(#2220,#2221,#2222,#2223),
 .UNSPECIFIED.,.F.,.F.,(4,4),(0.,0.00122642801416257),.UNSPECIFIED.);
#100=B_SPLINE_CURVE_WITH_KNOTS('',3,(#2225,#2226,#2227,#2228),
 .UNSPECIFIED.,.F.,.F.,(4,4),(0.00697893073203189,0.00713907093403063),
 .UNSPECIFIED.);
#101=B_SPLINE_CURVE_WITH_KNOTS('',3,(#2230,#2231,#2232,#2233),
 .UNSPECIFIED.,.F.,.F.,(4,4),(0.0129154137428283,0.0273946783054509),
 .UNSPECIFIED.);
#102=B_SPLINE_CURVE_WITH_KNOTS('',3,(#2235,#2236,#2237,#2238,#2239,#2240),
 .UNSPECIFIED.,.F.,.F.,(4,1,1,4),(0.,0.499282049941742,0.748923074912613,
0.998564099883484),.UNSPECIFIED.);
#103=B_SPLINE_CURVE_WITH_KNOTS('',3,(#2242,#2243,#2244,#2245),
 .UNSPECIFIED.,.F.,.F.,(4,4),(0.0383689848587271,0.0512584694363676),
 .UNSPECIFIED.);
#104=B_SPLINE_CURVE_WITH_KNOTS('',3,(#2247,#2248,#2249,#2250),
 .UNSPECIFIED.,.F.,.F.,(4,4),(0.0378025523309717,0.0383691238575259),
 .UNSPECIFIED.);
#105=B_SPLINE_CURVE_WITH_KNOTS('',3,(#2252,#2253,#2254,#2255),
 .UNSPECIFIED.,.F.,.F.,(4,4),(0.00654393081398615,0.00844134927674157),
 .UNSPECIFIED.);
#106=B_SPLINE_CURVE_WITH_KNOTS('',3,(#2257,#2258,#2259,#2260),
 .UNSPECIFIED.,.F.,.F.,(4,4),(0.00844134927674157,0.0091863352078837),
 .UNSPECIFIED.);
#107=B_SPLINE_CURVE_WITH_KNOTS('',3,(#2262,#2263,#2264,#2265,#2266,#2267,
#2268,#2269,#2270),.UNSPECIFIED.,.F.,.F.,(4,1,1,1,1,1,4),(0.00660009789477245,
0.0119886878440732,0.017377277793374,0.0200715727680244,0.0227658677426748,
0.0254601627173252,0.0281544576919755),.UNSPECIFIED.);
#108=B_SPLINE_CURVE_WITH_KNOTS('',3,(#2272,#2273,#2274,#2275),
 .UNSPECIFIED.,.F.,.F.,(4,4),(0.000620972938801528,0.00251397780005021),
 .UNSPECIFIED.);
#109=B_SPLINE_CURVE_WITH_KNOTS('',3,(#2277,#2278,#2279,#2280),
 .UNSPECIFIED.,.F.,.F.,(4,4),(0.,0.0020036982497865),.UNSPECIFIED.);
#110=B_SPLINE_CURVE_WITH_KNOTS('',3,(#2306,#2307,#2308,#2309,#2310,#2311,
#2312,#2313,#2314,#2315),.UNSPECIFIED.,.F.,.F.,(4,1,1,1,1,1,1,4),(0.,0.125,
0.25,0.375,0.5,0.625,0.75,1.),.UNSPECIFIED.);
#111=B_SPLINE_CURVE_WITH_KNOTS('',3,(#2317,#2318,#2319,#2320),
 .UNSPECIFIED.,.F.,.F.,(4,4),(0.00069784026435868,0.000831294227286955),
 .UNSPECIFIED.);
#112=B_SPLINE_CURVE_WITH_KNOTS('',3,(#2381,#2382,#2383,#2384),
 .UNSPECIFIED.,.F.,.F.,(4,4),(0.,0.00100663090114413),.UNSPECIFIED.);
#113=B_SPLINE_CURVE_WITH_KNOTS('',3,(#2385,#2386,#2387,#2388),
 .UNSPECIFIED.,.F.,.F.,(4,4),(0.,0.909090909090933),.UNSPECIFIED.);
#114=B_SPLINE_CURVE_WITH_KNOTS('',3,(#2390,#2391,#2392,#2393),
 .UNSPECIFIED.,.F.,.F.,(4,4),(4.72073143584484E-7,0.00128723162173562),
 .UNSPECIFIED.);
#115=B_SPLINE_CURVE_WITH_KNOTS('',3,(#2397,#2398,#2399,#2400),
 .UNSPECIFIED.,.F.,.F.,(4,4),(4.72073143607302E-7,0.00128723162173564),
 .UNSPECIFIED.);
#116=B_SPLINE_CURVE_WITH_KNOTS('',3,(#2426,#2427,#2428,#2429),
 .UNSPECIFIED.,.F.,.F.,(4,4),(0.00167992212426385,0.00181895305213027),
 .UNSPECIFIED.);
#117=B_SPLINE_CURVE_WITH_KNOTS('',3,(#2431,#2432,#2433,#2434),
 .UNSPECIFIED.,.F.,.F.,(4,4),(0.,0.99973844441601),.UNSPECIFIED.);
#118=B_SPLINE_CURVE_WITH_KNOTS('',3,(#2436,#2437,#2438,#2439,#2440,#2441,
#2442,#2443,#2444),.UNSPECIFIED.,.F.,.F.,(4,1,1,1,1,1,4),(0.,0.25,0.375,
0.5,0.625,0.75,1.),.UNSPECIFIED.);
#119=B_SPLINE_CURVE_WITH_KNOTS('',3,(#2497,#2498,#2499,#2500,#2501,#2502,
#2503,#2504,#2505),.UNSPECIFIED.,.F.,.F.,(4,1,1,1,1,1,4),(0.00660009852080483,
0.0119887267242606,0.0173773549277164,0.0200716690294443,0.0227659831311722,
0.0254602972329001,0.028154611334628),.UNSPECIFIED.);
#120=B_SPLINE_CURVE_WITH_KNOTS('',3,(#2508,#2509,#2510,#2511),
 .UNSPECIFIED.,.F.,.F.,(4,4),(0.,0.00100014986037298),.UNSPECIFIED.);
#121=B_SPLINE_CURVE_WITH_KNOTS('',3,(#2512,#2513,#2514,#2515),
 .UNSPECIFIED.,.F.,.F.,(4,4),(0.,1.),.UNSPECIFIED.);
#122=B_SPLINE_CURVE_WITH_KNOTS('',3,(#2517,#2518,#2519,#2520),
 .UNSPECIFIED.,.F.,.F.,(4,4),(4.67504784923177E-7,0.00147137451838975),
 .UNSPECIFIED.);
#123=B_SPLINE_CURVE_WITH_KNOTS('',3,(#2536,#2537,#2538,#2539,#2540,#2541,
#2542,#2543,#2544,#2545),.UNSPECIFIED.,.F.,.F.,(4,1,1,1,1,1,1,4),(0.,0.0715011318481046,
0.107251697772157,0.143002263696209,0.178752829620261,0.196628112582288,
0.214503395544314,0.286004527392418),.UNSPECIFIED.);
#124=B_SPLINE_CURVE_WITH_KNOTS('',3,(#2547,#2548,#2549,#2550,#2551,#2552),
 .UNSPECIFIED.,.F.,.F.,(4,1,1,4),(0.,0.0121021444774331,0.0181532167161497,
0.0242042889548663),.UNSPECIFIED.);
#125=B_SPLINE_CURVE_WITH_KNOTS('',3,(#2554,#2555,#2556,#2557,#2558,#2559),
 .UNSPECIFIED.,.F.,.F.,(4,1,1,4),(0.00965996705781915,0.0157111862445795,
0.0217624054313398,0.0338648438048605),.UNSPECIFIED.);
#126=B_SPLINE_CURVE_WITH_KNOTS('',3,(#2561,#2562,#2563,#2564,#2565,#2566,
#2567,#2568),.UNSPECIFIED.,.F.,.F.,(4,1,1,1,1,4),(0.,0.0697936280376904,
0.139587256075381,0.209380884113071,0.244277698131916,0.279174512150762),
 .UNSPECIFIED.);
#127=B_SPLINE_CURVE_WITH_KNOTS('',3,(#2723,#2724,#2725,#2726),
 .UNSPECIFIED.,.F.,.F.,(4,4),(0.000996845843455506,0.00285898636427595),
 .UNSPECIFIED.);
#128=B_SPLINE_CURVE_WITH_KNOTS('',3,(#2729,#2730,#2731,#2732,#2733,#2734,
#2735,#2736,#2737,#2738,#2739),.UNSPECIFIED.,.F.,.F.,(4,1,1,1,1,1,1,1,4),
(0.0284578520232548,0.0326234497765719,0.0367890475298891,0.0409546452832063,
0.0451202430365234,0.0492858407898406,0.0534514385431578,0.0576170362964749,
0.0617826340497921),.UNSPECIFIED.);
#129=B_SPLINE_CURVE_WITH_KNOTS('',3,(#2741,#2742,#2743,#2744,#2745,#2746,
#2747,#2748,#2749,#2750),.UNSPECIFIED.,.F.,.F.,(4,1,1,1,1,1,1,4),(3.57118495825928E-8,
0.249984051170345,0.499968066628841,0.624960074358089,0.749952082087337,
0.874944089816584,0.937440093681208,0.999936097545832),.UNSPECIFIED.);
#130=B_SPLINE_CURVE_WITH_KNOTS('',3,(#2752,#2753,#2754,#2755,#2756,#2757,
#2758,#2759,#2760,#2761,#2762,#2763,#2764,#2765,#2766,#2767,#2768,#2769),
 .UNSPECIFIED.,.F.,.F.,(4,1,1,1,1,1,1,1,1,1,1,1,1,1,1,4),(0.132578572837526,
0.145922758701967,0.152594851634187,0.159266944566408,0.162602991032518,
0.165939037498628,0.169275083964738,0.172611130430849,0.175947176896959,
0.179283223363069,0.18595531629529,0.19262740922751,0.199299502159731,0.212643688024172,
0.225987873888613,0.239332059753054),.UNSPECIFIED.);
#131=B_SPLINE_CURVE_WITH_KNOTS('',3,(#2771,#2772,#2773,#2774,#2775,#2776,
#2777,#2778,#2779,#2780,#2781,#2782),.UNSPECIFIED.,.F.,.F.,(4,1,1,1,1,1,
1,1,1,4),(1.9233461817904E-5,0.0312686324161361,0.0625180313704543,0.125016829279091,
0.187515627187727,0.250014425096363,0.375012020913636,0.500009616730909,
0.750004808365454,1.),.UNSPECIFIED.);
#132=B_SPLINE_CURVE_WITH_KNOTS('',3,(#2784,#2785,#2786,#2787),
 .UNSPECIFIED.,.F.,.F.,(4,4),(0.0353174340294799,0.0441303608322673),
 .UNSPECIFIED.);
#133=B_SPLINE_CURVE_WITH_KNOTS('',3,(#2789,#2790,#2791,#2792,#2793),
 .UNSPECIFIED.,.F.,.F.,(4,1,4),(0.00648033143591015,0.00785831981507896,
0.00923630819424777),.UNSPECIFIED.);
#134=B_SPLINE_CURVE_WITH_KNOTS('',3,(#2795,#2796,#2797,#2798,#2799),
 .UNSPECIFIED.,.F.,.F.,(4,1,4),(0.0840665812522728,0.0892081917676044,0.0943498022829361),
 .UNSPECIFIED.);
#135=B_SPLINE_CURVE_WITH_KNOTS('',3,(#2801,#2802,#2803,#2804,#2805),
 .UNSPECIFIED.,.F.,.F.,(4,1,4),(0.0656632505808412,0.074864915916557,0.0840665812522728),
 .UNSPECIFIED.);
#136=B_SPLINE_CURVE_WITH_KNOTS('',3,(#2807,#2808,#2809,#2810),
 .UNSPECIFIED.,.F.,.F.,(4,4),(0.00100984390933685,0.00287658383766609),
 .UNSPECIFIED.);
#137=B_SPLINE_CURVE_WITH_KNOTS('',3,(#2812,#2813,#2814,#2815),
 .UNSPECIFIED.,.F.,.F.,(4,4),(0.,0.00200340325619092),.UNSPECIFIED.);
#138=B_SPLINE_CURVE_WITH_KNOTS('',3,(#2884,#2885,#2886,#2887),
 .UNSPECIFIED.,.F.,.F.,(4,4),(0.,0.000213254645435042),.UNSPECIFIED.);
#139=B_SPLINE_CURVE_WITH_KNOTS('',3,(#2888,#2889,#2890,#2891),
 .UNSPECIFIED.,.F.,.F.,(4,4),(0.,1.),.UNSPECIFIED.);
#140=B_SPLINE_CURVE_WITH_KNOTS('',3,(#2893,#2894,#2895,#2896),
 .UNSPECIFIED.,.F.,.F.,(4,4),(4.67504784918902E-7,0.00147137451838972),
 .UNSPECIFIED.);
#141=B_SPLINE_CURVE_WITH_KNOTS('',3,(#2900,#2901,#2902,#2903),
 .UNSPECIFIED.,.F.,.F.,(4,4),(4.67504784918902E-7,0.00147137451838972),
 .UNSPECIFIED.);
#142=B_SPLINE_CURVE_WITH_KNOTS('',3,(#2948,#2949,#2950,#2951,#2952),
 .UNSPECIFIED.,.F.,.F.,(4,1,4),(0.179748401243313,0.188790449500193,0.197832497757073),
 .UNSPECIFIED.);
#143=B_SPLINE_CURVE_WITH_KNOTS('',3,(#2955,#2956,#2957,#2958),
 .UNSPECIFIED.,.F.,.F.,(4,4),(0.,0.000176169920886398),.UNSPECIFIED.);
#144=B_SPLINE_CURVE_WITH_KNOTS('',3,(#2960,#2961,#2962,#2963,#2964,#2965,
#2966,#2967,#2968,#2969,#2970,#2971,#2972,#2973,#2974,#2975,#2976,#2977,
#2978,#2979),.UNSPECIFIED.,.F.,.F.,(4,1,1,1,1,1,1,1,1,1,1,1,1,1,1,1,1,4),
(0.449073784794506,0.517939561695193,0.552372450145536,0.58680533859588,
0.621238227046223,0.638454671271395,0.655671115496566,0.664279337609152,
0.672887559721738,0.681495781834324,0.69010400394691,0.707320448172081,
0.724536892397253,0.758969780847596,0.79340266929794,0.862268446198627,
0.931134223099313,1.),.UNSPECIFIED.);
#145=B_SPLINE_CURVE_WITH_KNOTS('',3,(#2991,#2992,#2993,#2994,#2995,#2996,
#2997,#2998,#2999,#3000,#3001,#3002,#3003,#3004,#3005,#3006,#3007,#3008),
 .UNSPECIFIED.,.F.,.F.,(4,1,1,1,1,1,1,1,1,1,1,1,1,1,1,4),(0.,0.00369078021900074,
0.00738156043800149,0.0110723406570022,0.014763120876003,0.0184539010950037,
0.0221446813140045,0.0258354615330052,0.029526241752006,0.0332170219710067,
0.0369078021900074,0.0442893626280089,0.0479801428470097,0.0516709230660104,
0.0553617032850112,0.0590524835040119),.UNSPECIFIED.);
#146=B_SPLINE_CURVE_WITH_KNOTS('',3,(#3011,#3012,#3013,#3014,#3015,#3016,
#3017,#3018,#3019,#3020,#3021,#3022,#3023,#3024,#3025,#3026,#3027,#3028),
 .UNSPECIFIED.,.F.,.F.,(4,1,1,1,1,1,1,1,1,1,1,1,1,1,1,4),(9.27209697909603E-16,
0.00369074982286995,0.00738149964573898,0.011072249468608,0.014762999291477,
0.0184537491143461,0.0221444989372151,0.0258352487600841,0.0295259985829531,
0.0332167484058222,0.0369074982286912,0.0442889978744292,0.0479797476972983,
0.0516704975201673,0.0553612473430363,0.0590519971659053),.UNSPECIFIED.);
#147=B_SPLINE_CURVE_WITH_KNOTS('',3,(#3035,#3036,#3037,#3038),
 .UNSPECIFIED.,.F.,.F.,(4,4),(0.0378025888037238,0.0383691148348539),
 .UNSPECIFIED.);
#148=B_SPLINE_CURVE_WITH_KNOTS('',3,(#3049,#3050,#3051,#3052),
 .UNSPECIFIED.,.F.,.F.,(4,4),(0.00198270143415466,0.0038667186393024),
 .UNSPECIFIED.);
#149=B_SPLINE_CURVE_WITH_KNOTS('',3,(#3207,#3208,#3209,#3210),
 .UNSPECIFIED.,.F.,.F.,(4,4),(0.,0.00189479540686658),.UNSPECIFIED.);
#150=B_SPLINE_CURVE_WITH_KNOTS('',3,(#3213,#3214,#3215,#3216),
 .UNSPECIFIED.,.F.,.F.,(4,4),(0.,0.00200369826534622),.UNSPECIFIED.);
#151=B_SPLINE_CURVE_WITH_KNOTS('',3,(#3218,#3219,#3220,#3221),
 .UNSPECIFIED.,.F.,.F.,(4,4),(0.,0.00189270245774277),.UNSPECIFIED.);
#152=B_SPLINE_CURVE_WITH_KNOTS('',3,(#3222,#3223,#3224,#3225),
 .UNSPECIFIED.,.F.,.F.,(4,4),(0.00124212969449196,0.00198270143415466),
 .UNSPECIFIED.);
#153=B_SPLINE_CURVE_WITH_KNOTS('',3,(#3226,#3227,#3228,#3229),
 .UNSPECIFIED.,.F.,.F.,(4,4),(0.0383689758233423,0.0512584687463359),
 .UNSPECIFIED.);
#154=B_SPLINE_CURVE_WITH_KNOTS('',3,(#3230,#3231,#3232,#3233,#3234,#3235,
#3236,#3237,#3238,#3239,#3240,#3241,#3242,#3243,#3244,#3245,#3246,#3247),
 .UNSPECIFIED.,.F.,.F.,(4,1,1,1,1,1,1,1,1,1,1,1,1,1,1,4),(0.138955029777035,
0.145637496967041,0.152319964157047,0.159002431347053,0.165684898537059,
0.172367365727065,0.175708599322069,0.179049832917072,0.182391066512075,
0.185732300107078,0.192414767297084,0.19909723448709,0.205779701677096,
0.219144636057108,0.23250957043712,0.245874504817132),.UNSPECIFIED.);
#155=B_SPLINE_CURVE_WITH_KNOTS('',3,(#3248,#3249,#3250,#3251,#3252,#3253,
#3254,#3255,#3256,#3257,#3258),.UNSPECIFIED.,.F.,.F.,(4,1,1,1,1,1,1,1,4),
(0.0374101706052037,0.0406469103972482,0.0438836501892928,0.0471203899813374,
0.050357129773382,0.0535938695654266,0.0568306093574712,0.0600673491495158,
0.0633040889415604),.UNSPECIFIED.);
#156=B_SPLINE_CURVE_WITH_KNOTS('',3,(#3260,#3261,#3262,#3263,#3264,#3265),
 .UNSPECIFIED.,.F.,.F.,(4,1,1,4),(0.,0.499862177384487,0.74979326607673,
0.999724354768974),.UNSPECIFIED.);
#157=B_SPLINE_CURVE_WITH_KNOTS('',3,(#3274,#3275,#3276,#3277,#3278,#3279,
#3280),.UNSPECIFIED.,.F.,.F.,(4,1,1,1,4),(9.37044483025763E-8,0.250000070278336,
0.500000046852224,0.750000023426112,1.),.UNSPECIFIED.);
#158=B_SPLINE_CURVE_WITH_KNOTS('',3,(#3289,#3290,#3291,#3292),
 .UNSPECIFIED.,.F.,.F.,(4,4),(3.99647295425967E-7,0.999993698753969),
 .UNSPECIFIED.);
#159=B_SPLINE_CURVE_WITH_KNOTS('',3,(#3305,#3306,#3307,#3308,#3309,#3310,
#3311,#3312,#3313,#3314,#3315,#3316,#3317,#3318,#3319,#3320,#3321,#3322,
#3323,#3324,#3325,#3326,#3327,#3328,#3329,#3330,#3331,#3332),
 .UNSPECIFIED.,.F.,.F.,(4,1,1,1,1,1,1,1,1,1,1,1,1,1,1,1,1,1,1,1,1,1,1,1,
1,4),(0.391204063464525,0.429253809497992,0.46730355553146,0.486328428548193,
0.49584086505656,0.500597083310743,0.505353301564927,0.514865738073293,
0.52437817458166,0.543403047598394,0.581452793631861,0.619502539665328,
0.657552285698795,0.695602031732263,0.73365177776573,0.752676650782463,
0.771701523799197,0.809751269832664,0.847801015866131,0.866825888882865,
0.885850761899599,0.895363198407965,0.904875634916332,0.923900507933066,
0.961950253966533,1.),.UNSPECIFIED.);
#160=B_SPLINE_CURVE_WITH_KNOTS('',3,(#3336,#3337,#3338,#3339,#3340),
 .UNSPECIFIED.,.F.,.F.,(4,1,4),(0.197832497757073,0.20271562667361,0.207598755590147),
 .UNSPECIFIED.);
#161=B_SPLINE_CURVE_WITH_KNOTS('',3,(#3351,#3352,#3353,#3354,#3355,#3356,
#3357,#3358,#3359,#3360,#3361,#3362,#3363,#3364,#3365,#3366,#3367,#3368,
#3369,#3370,#3371,#3372,#3373),.UNSPECIFIED.,.F.,.F.,(4,1,1,1,1,1,1,1,1,
1,1,1,1,1,1,1,1,1,1,1,4),(0.,0.00460649137918054,0.00921298275836108,0.0138194741375416,
0.0184259655167222,0.0207292112063124,0.0230324568959027,0.025335702585493,
0.0276389482750832,0.0322454396542638,0.0345486853438541,0.0368519310334443,
0.0414584224126249,0.0460649137918054,0.050671405170986,0.0552778965501665,
0.059884387929347,0.0621876336189373,0.0644908793085276,0.0690973706877081,
0.0737038620668887),.UNSPECIFIED.);
#162=B_SPLINE_CURVE_WITH_KNOTS('',3,(#3377,#3378,#3379,#3380,#3381,#3382,
#3383,#3384,#3385,#3386,#3387,#3388,#3389,#3390,#3391,#3392,#3393,#3394,
#3395,#3396,#3397,#3398,#3399),.UNSPECIFIED.,.F.,.F.,(4,1,1,1,1,1,1,1,1,
1,1,1,1,1,1,1,1,1,1,1,4),(0.,0.00460646072225951,0.00921292144451902,0.0138193821667785,
0.018425842889038,0.0207290732501678,0.0230323036112976,0.0253355339724273,
0.0276387643335571,0.0322452250558166,0.0345484554169463,0.0368516857780761,
0.0414581465003356,0.0460646072225951,0.0506710679448546,0.0552775286671141,
0.0598839893893736,0.0621872197505034,0.0644904501116331,0.0690969108338926,
0.0737033715561522),.UNSPECIFIED.);
#163=B_SPLINE_CURVE_WITH_KNOTS('',3,(#3401,#3402,#3403,#3404),
 .UNSPECIFIED.,.F.,.F.,(4,4),(1.26034854093819E-5,1.),.UNSPECIFIED.);
#164=B_SPLINE_CURVE_WITH_KNOTS('',3,(#3417,#3418,#3419,#3420,#3421),
 .UNSPECIFIED.,.F.,.F.,(4,1,4),(0.,0.0015673149413494,0.0031346298826988),
 .UNSPECIFIED.);
#165=B_SPLINE_CURVE_WITH_KNOTS('',3,(#3424,#3425,#3426,#3427),
 .UNSPECIFIED.,.F.,.F.,(4,4),(0.,0.00101047682701736),.UNSPECIFIED.);
#166=B_SPLINE_CURVE_WITH_KNOTS('',3,(#3429,#3430,#3431,#3432,#3433),
 .UNSPECIFIED.,.F.,.F.,(4,1,4),(0.,0.00156814007434829,0.00313628014869657),
 .UNSPECIFIED.);
#167=B_SPLINE_CURVE_WITH_KNOTS('',3,(#3435,#3436,#3437,#3438),
 .UNSPECIFIED.,.F.,.F.,(4,4),(0.,0.00100745904129694),.UNSPECIFIED.);
#168=B_SPLINE_CURVE_WITH_KNOTS('',3,(#3451,#3452,#3453,#3454,#3455),
 .UNSPECIFIED.,.F.,.F.,(4,1,4),(0.,0.00156730068632989,0.00313460137265979),
 .UNSPECIFIED.);
#169=B_SPLINE_CURVE_WITH_KNOTS('',3,(#3458,#3459,#3460,#3461),
 .UNSPECIFIED.,.F.,.F.,(4,4),(0.,0.00100745904075413),.UNSPECIFIED.);
#170=B_SPLINE_CURVE_WITH_KNOTS('',3,(#3462,#3463,#3464,#3465),
 .UNSPECIFIED.,.F.,.F.,(4,4),(0.,0.00101047682711212),.UNSPECIFIED.);
#171=B_SPLINE_CURVE_WITH_KNOTS('',3,(#3469,#3470,#3471,#3472),
 .UNSPECIFIED.,.F.,.F.,(4,4),(6.34026457785582E-6,0.0010062553995073),
 .UNSPECIFIED.);
#172=B_SPLINE_CURVE_WITH_KNOTS('',3,(#3474,#3475,#3476,#3477,#3478),
 .UNSPECIFIED.,.F.,.F.,(4,1,4),(0.,0.00565458277172097,0.0113091655434419),
 .UNSPECIFIED.);
#173=B_SPLINE_CURVE_WITH_KNOTS('',3,(#3486,#3487,#3488,#3489,#3490),
 .UNSPECIFIED.,.F.,.F.,(4,1,4),(0.,0.0107818812396221,0.0215637624792442),
 .UNSPECIFIED.);
#174=B_SPLINE_CURVE_WITH_KNOTS('',3,(#3494,#3495,#3496,#3497),
 .UNSPECIFIED.,.F.,.F.,(4,4),(3.25462973226292E-17,0.000999350618723378),
 .UNSPECIFIED.);
#175=B_SPLINE_CURVE_WITH_KNOTS('',3,(#3501,#3502,#3503,#3504),
 .UNSPECIFIED.,.F.,.F.,(4,4),(0.,0.00752768872061987),.UNSPECIFIED.);
#176=B_SPLINE_CURVE_WITH_KNOTS('',3,(#3506,#3507,#3508,#3509),
 .UNSPECIFIED.,.F.,.F.,(4,4),(0.00121986537124457,0.00122613751152689),
 .UNSPECIFIED.);
#177=B_SPLINE_CURVE_WITH_KNOTS('',3,(#3511,#3512,#3513,#3514),
 .UNSPECIFIED.,.F.,.F.,(4,4),(0.,0.0012198653003557),.UNSPECIFIED.);
#178=B_SPLINE_CURVE_WITH_KNOTS('',3,(#3516,#3517,#3518,#3519,#3520),
 .UNSPECIFIED.,.F.,.F.,(4,1,4),(0.,0.00081671661388319,0.00163343322776638),
 .UNSPECIFIED.);
#179=B_SPLINE_CURVE_WITH_KNOTS('',3,(#3522,#3523,#3524,#3525),
 .UNSPECIFIED.,.F.,.F.,(4,4),(6.34038135645064E-6,0.00100625550367833),
 .UNSPECIFIED.);
#180=B_SPLINE_CURVE_WITH_KNOTS('',3,(#3530,#3531,#3532,#3533),
 .UNSPECIFIED.,.F.,.F.,(4,4),(0.,0.000160140199789952),.UNSPECIFIED.);
#181=B_SPLINE_CURVE_WITH_KNOTS('',3,(#3535,#3536,#3537,#3538,#3539),
 .UNSPECIFIED.,.F.,.F.,(4,1,4),(0.00198231543789086,0.00763261668364913,
0.0132829179294074),.UNSPECIFIED.);
#182=B_SPLINE_CURVE_WITH_KNOTS('',3,(#3541,#3542,#3543,#3544,#3545),
 .UNSPECIFIED.,.F.,.F.,(4,1,4),(0.00199399159270861,0.00765019856507279,
0.013306405537437),.UNSPECIFIED.);
#183=B_SPLINE_CURVE_WITH_KNOTS('',3,(#3549,#3550,#3551,#3552),
 .UNSPECIFIED.,.F.,.F.,(4,4),(6.2741396911319E-6,0.00122607302795441),
 .UNSPECIFIED.);
#184=B_SPLINE_CURVE_WITH_KNOTS('',3,(#3557,#3558,#3559,#3560),
 .UNSPECIFIED.,.F.,.F.,(4,4),(0.,0.00122636027433084),.UNSPECIFIED.);
#185=B_SPLINE_CURVE_WITH_KNOTS('',3,(#3561,#3562,#3563,#3564),
 .UNSPECIFIED.,.F.,.F.,(4,4),(0.,6.27406875967814E-6),.UNSPECIFIED.);
#186=B_SPLINE_CURVE_WITH_KNOTS('',3,(#3569,#3570,#3571,#3572),
 .UNSPECIFIED.,.F.,.F.,(4,4),(9.81307786677359E-18,0.0075519858994524),
 .UNSPECIFIED.);
#187=B_SPLINE_CURVE_WITH_KNOTS('',3,(#3573,#3574,#3575,#3576),
 .UNSPECIFIED.,.F.,.F.,(4,4),(0.,0.00752768872061987),.UNSPECIFIED.);
#188=B_SPLINE_CURVE_WITH_KNOTS('',3,(#3581,#3582,#3583,#3584),
 .UNSPECIFIED.,.F.,.F.,(4,4),(0.,0.00100214378060671),.UNSPECIFIED.);
#189=B_SPLINE_CURVE_WITH_KNOTS('',3,(#3585,#3586,#3587,#3588),
 .UNSPECIFIED.,.F.,.F.,(4,4),(0.,0.000998355881817717),.UNSPECIFIED.);
#190=B_SPLINE_CURVE_WITH_KNOTS('',3,(#3593,#3594,#3595,#3596,#3597),
 .UNSPECIFIED.,.F.,.F.,(4,1,4),(0.,0.0107828146997123,0.0215656293994246),
 .UNSPECIFIED.);
#191=B_SPLINE_CURVE_WITH_KNOTS('',3,(#3598,#3599,#3600,#3601,#3602),
 .UNSPECIFIED.,.F.,.F.,(4,1,4),(4.85722573273506E-17,0.0107818812396222,
0.0215637624792443),.UNSPECIFIED.);
#192=B_SPLINE_CURVE_WITH_KNOTS('',3,(#3604,#3605,#3606,#3607,#3608),
 .UNSPECIFIED.,.F.,.F.,(4,1,4),(4.10510499419787E-17,0.000821759004423668,
0.00164351800884729),.UNSPECIFIED.);
#193=B_SPLINE_CURVE_WITH_KNOTS('',3,(#3609,#3610,#3611,#3612,#3613),
 .UNSPECIFIED.,.F.,.F.,(4,1,4),(4.70618681741951E-17,0.000816399934764946,
0.00163279986952984),.UNSPECIFIED.);
#194=B_SPLINE_CURVE_WITH_KNOTS('',3,(#3768,#3769,#3770,#3771),
 .UNSPECIFIED.,.F.,.F.,(4,4),(9.81307786677359E-18,0.00186246565090919),
 .UNSPECIFIED.);
#195=B_SPLINE_CURVE_WITH_KNOTS('',3,(#3774,#3775,#3776,#3777),
 .UNSPECIFIED.,.F.,.F.,(4,4),(0.,0.00200340324054153),.UNSPECIFIED.);
#196=B_SPLINE_CURVE_WITH_KNOTS('',3,(#3779,#3780,#3781,#3782),
 .UNSPECIFIED.,.F.,.F.,(4,4),(3.46944695195361E-18,0.00186703794311401),
 .UNSPECIFIED.);
#197=B_SPLINE_CURVE_WITH_KNOTS('',3,(#3783,#3784,#3785,#3786,#3787),
 .UNSPECIFIED.,.F.,.F.,(4,1,4),(0.00649392574692552,0.00786932803713028,
0.00924473032733505),.UNSPECIFIED.);
#198=B_SPLINE_CURVE_WITH_KNOTS('',3,(#3789,#3790,#3791,#3792),
 .UNSPECIFIED.,.F.,.F.,(4,4),(0.0199269483620095,0.0287389603710701),
 .UNSPECIFIED.);
#199=B_SPLINE_CURVE_WITH_KNOTS('',3,(#3793,#3794,#3795,#3796),
 .UNSPECIFIED.,.F.,.F.,(4,4),(0.041672278546697,0.056175390319011),
 .UNSPECIFIED.);
#200=B_SPLINE_CURVE_WITH_KNOTS('',3,(#3797,#3798,#3799,#3800,#3801,#3802,
#3803,#3804,#3805,#3806,#3807,#3808,#3809),.UNSPECIFIED.,.F.,.F.,(4,1,1,
1,1,1,1,1,1,1,4),(0.154779817648878,0.16253784763333,0.170295877617782,
0.178053907602234,0.185811937586686,0.189690952578912,0.193569967571138,
0.197448982563364,0.20132799755559,0.209086027540042,0.216844057524494),
 .UNSPECIFIED.);
#201=B_SPLINE_CURVE_WITH_KNOTS('',3,(#3810,#3811,#3812,#3813,#3814,#3815,
#3816,#3817,#3818,#3819,#3820),.UNSPECIFIED.,.F.,.F.,(4,1,1,1,1,1,1,1,4),
(0.143528387412579,0.14758499458571,0.15164160175884,0.155698208931971,
0.159754816105101,0.163811423278232,0.167868030451362,0.171924637624492,
0.175981244797623),.UNSPECIFIED.);
#202=B_SPLINE_CURVE_WITH_KNOTS('',3,(#4008,#4009,#4010,#4011),
 .UNSPECIFIED.,.F.,.F.,(4,4),(0.,0.999999859959318),.UNSPECIFIED.);
#203=B_SPLINE_CURVE_WITH_KNOTS('',3,(#4013,#4014,#4015,#4016,#4017,#4018,
#4019,#4020,#4021,#4022,#4023,#4024),.UNSPECIFIED.,.F.,.F.,(4,1,1,1,1,1,
1,1,1,4),(0.0166759084981742,0.115225311568163,0.213774714638151,0.263049416173145,
0.312324117708139,0.336961468475636,0.361598819243133,0.38623617001063,
0.398554845394379,0.410873520778127),.UNSPECIFIED.);
#204=B_SPLINE_CURVE_WITH_KNOTS('',3,(#4026,#4027,#4028,#4029,#4030,#4031,
#4032,#4033,#4034,#4035,#4036,#4037,#4038,#4039,#4040,#4041),
 .UNSPECIFIED.,.F.,.F.,(4,1,1,1,1,1,1,1,1,1,1,1,1,4),(0.100198570208864,
0.113750322452894,0.120526198574908,0.127302074696923,0.134077950818938,
0.137465888879945,0.140853826940953,0.147629703062967,0.154405579184982,
0.161181455306997,0.167957331429012,0.181509083673041,0.195060835917071,
0.208612588161101),.UNSPECIFIED.);
#205=B_SPLINE_CURVE_WITH_KNOTS('',3,(#4043,#4044,#4045,#4046,#4047,#4048,
#4049,#4050,#4051,#4052,#4053),.UNSPECIFIED.,.F.,.F.,(4,1,1,1,1,1,1,1,4),
(0.219100979114658,0.26722212840645,0.315343277698242,0.339403852344138,
0.363464426990034,0.38752500163593,0.399555288958878,0.405570432620352,
0.411585576281826),.UNSPECIFIED.);
#206=B_SPLINE_CURVE_WITH_KNOTS('',3,(#4241,#4242,#4243,#4244,#4245,#4246,
#4247,#4248,#4249,#4250),.UNSPECIFIED.,.F.,.F.,(4,1,1,1,1,1,1,4),(0.198255531680031,
0.251588042746666,0.304920553813301,0.331586809346618,0.358253064879935,
0.384919320413253,0.398252448179912,0.41158557594657),.UNSPECIFIED.);
#207=B_SPLINE_CURVE_WITH_KNOTS('',3,(#4252,#4253,#4254,#4255,#4256,#4257,
#4258,#4259,#4260,#4261,#4262,#4263,#4264,#4265,#4266,#4267),
 .UNSPECIFIED.,.F.,.F.,(4,1,1,1,1,1,1,1,1,1,1,1,1,4),(0.0999609154424018,
0.113513017203605,0.120289068084206,0.127065118964807,0.133841169845409,
0.137229195285709,0.14061722072601,0.147393271606611,0.154169322487213,
0.160945373367814,0.167721424248415,0.181273526009618,0.194825627770821,
0.208377729532023),.UNSPECIFIED.);
#208=B_SPLINE_CURVE_WITH_KNOTS('',3,(#4268,#4269,#4270,#4271,#4272,#4273,
#4274,#4275,#4276,#4277,#4278,#4279,#4280,#4281,#4282,#4283,#4284,#4285,
#4286,#4287,#4288,#4289,#4290),.UNSPECIFIED.,.F.,.F.,(4,1,1,1,1,1,1,1,1,
1,1,1,1,1,1,1,1,1,1,1,4),(1.89837733450516E-8,0.125000016610802,0.25000001423783,
0.312500013051344,0.375000011864858,0.406250011271615,0.437500010678373,
0.46875001008513,0.484375009788508,0.492187509640197,0.500000009491887,
0.507812509343576,0.515625009195265,0.531250008898644,0.562500008305401,
0.593750007712158,0.625000007118915,0.687500005932429,0.750000004745943,
0.875000002372972,1.),.UNSPECIFIED.);
#209=B_SPLINE_CURVE_WITH_KNOTS('',3,(#4292,#4293,#4294,#4295),
 .UNSPECIFIED.,.F.,.F.,(4,4),(2.80032030407262E-7,1.),.UNSPECIFIED.);
#210=B_SPLINE_CURVE_WITH_KNOTS('',3,(#4297,#4298,#4299,#4300),
 .UNSPECIFIED.,.F.,.F.,(4,4),(0.,1.),.UNSPECIFIED.);
#211=B_SPLINE_CURVE_WITH_KNOTS('',3,(#4301,#4302,#4303,#4304),
 .UNSPECIFIED.,.F.,.F.,(4,4),(0.,1.),.UNSPECIFIED.);
#212=B_SPLINE_CURVE_WITH_KNOTS('',3,(#4306,#4307,#4308,#4309),
 .UNSPECIFIED.,.F.,.F.,(4,4),(0.,1.),.UNSPECIFIED.);
#213=B_SPLINE_CURVE_WITH_KNOTS('',3,(#4311,#4312,#4313,#4314),
 .UNSPECIFIED.,.F.,.F.,(4,4),(1.21988070410867E-7,1.),.UNSPECIFIED.);
#214=B_SPLINE_CURVE_WITH_KNOTS('',3,(#4371,#4372,#4373,#4374),
 .UNSPECIFIED.,.F.,.F.,(4,4),(0.,0.000174648771136508),.UNSPECIFIED.);
#215=B_SPLINE_CURVE_WITH_KNOTS('',3,(#4419,#4420,#4421,#4422),
 .UNSPECIFIED.,.F.,.F.,(4,4),(0.0149784902490808,0.924154921235396),
 .UNSPECIFIED.);
#216=B_SPLINE_CURVE_WITH_KNOTS('',3,(#4423,#4424,#4425,#4426),
 .UNSPECIFIED.,.F.,.F.,(4,4),(0.0670738260493953,0.976370650164251),
 .UNSPECIFIED.);
#217=B_SPLINE_CURVE_WITH_KNOTS('',3,(#4471,#4472,#4473,#4474),
 .UNSPECIFIED.,.F.,.F.,(4,4),(0.0236293406737215,0.932926164639913),
 .UNSPECIFIED.);
#218=B_SPLINE_CURVE_WITH_KNOTS('',3,(#4487,#4488,#4489,#4490),
 .UNSPECIFIED.,.F.,.F.,(4,4),(0.0909090909091149,1.),.UNSPECIFIED.);
#219=B_SPLINE_CURVE_WITH_KNOTS('',3,(#4492,#4493,#4494,#4495),
 .UNSPECIFIED.,.F.,.F.,(4,4),(0.,0.954017125774983),.UNSPECIFIED.);
#220=B_SPLINE_CURVE_WITH_KNOTS('',3,(#4683,#4684,#4685,#4686,#4687,#4688,
#4689,#4690,#4691,#4692,#4693,#4694,#4695,#4696,#4697),.UNSPECIFIED.,.F.,
 .F.,(4,1,1,1,1,1,1,1,1,1,1,1,4),(0.143938652754995,0.151893053033587,0.15984745331218,
0.167801853590772,0.171779053730068,0.175756253869364,0.17973345400866,
0.183710654147956,0.187687854287252,0.191665054426548,0.195642254565844,
0.19961945470514,0.207573854983732),.UNSPECIFIED.);
#221=B_SPLINE_CURVE_WITH_KNOTS('',3,(#4698,#4699,#4700,#4701,#4702,#4703,
#4704),.UNSPECIFIED.,.F.,.F.,(4,1,1,1,4),(0.00143590011651646,0.251076681156133,
0.500717462195749,0.750358243235365,0.999999024274982),.UNSPECIFIED.);
#222=B_SPLINE_CURVE_WITH_KNOTS('',3,(#4928,#4929,#4930,#4931,#4932,#4933,
#4934,#4935,#4936,#4937,#4938,#4939,#4940,#4941,#4942,#4943,#4944,#4945,
#4946,#4947,#4948,#4949,#4950),.UNSPECIFIED.,.F.,.F.,(4,1,1,1,1,1,1,1,1,
1,1,1,1,1,1,1,1,1,1,1,4),(0.,0.124999997596641,0.249999995193283,0.312499993991604,
0.374999992789924,0.406249992189085,0.437499991588245,0.468749990987406,
0.484374990686986,0.492187490536776,0.499999990386566,0.507812490236356,
0.515624990086146,0.531249989785726,0.562499989184887,0.593749988584047,
0.624999987983207,0.687499986781528,0.749999985579849,0.87499998317649,
0.999999980773132),.UNSPECIFIED.);
#223=B_SPLINE_CURVE_WITH_KNOTS('',3,(#4951,#4952,#4953,#4954),
 .UNSPECIFIED.,.F.,.F.,(4,4),(0.0459873987480075,1.),.UNSPECIFIED.);
#224=B_SPLINE_CURVE_WITH_KNOTS('',3,(#4955,#4956,#4957,#4958,#4959,#4960,
#4961,#4962,#4963,#4964,#4965,#4966,#4967,#4968,#4969),.UNSPECIFIED.,.F.,
 .F.,(4,1,1,1,1,1,1,1,1,1,1,1,4),(0.145604008596115,0.153558369357881,0.161512730119647,
0.169467090881413,0.173444271262296,0.17742145164318,0.181398632024063,
0.185375812404946,0.189352992785829,0.193330173166712,0.197307353547595,
0.201284533928478,0.209238894690245),.UNSPECIFIED.);
#225=B_SPLINE_CURVE_WITH_KNOTS('',3,(#5086,#5087,#5088,#5089),
 .UNSPECIFIED.,.F.,.F.,(4,4),(0.,0.00021500222804937),.UNSPECIFIED.);
#226=B_SPLINE_CURVE_WITH_KNOTS('',3,(#5137,#5138,#5139,#5140),
 .UNSPECIFIED.,.F.,.F.,(4,4),(0.000694580584837958,0.000833912803085642),
 .UNSPECIFIED.);
#227=B_SPLINE_CURVE_WITH_KNOTS('',3,(#5142,#5143,#5144,#5145,#5146,#5147,
#5148,#5149,#5150),.UNSPECIFIED.,.F.,.F.,(4,1,1,1,1,1,4),(1.21212960481508E-8,
0.250000009090972,0.37500000757581,0.500000006060648,0.625000004545486,
0.750000003030324,1.),.UNSPECIFIED.);
#228=B_SPLINE_CURVE_WITH_KNOTS('',3,(#5152,#5153,#5154,#5155),
 .UNSPECIFIED.,.F.,.F.,(4,4),(7.40867274381251E-6,1.),.UNSPECIFIED.);
#229=B_SPLINE_CURVE_WITH_KNOTS('',3,(#5181,#5182,#5183,#5184),
 .UNSPECIFIED.,.F.,.F.,(4,4),(0.00167371095287479,0.00180686609059594),
 .UNSPECIFIED.);
#230=B_SPLINE_CURVE_WITH_KNOTS('',3,(#5186,#5187,#5188,#5189,#5190,#5191,
#5192),.UNSPECIFIED.,.F.,.F.,(4,1,1,1,4),(0.,0.25,0.5,0.75,1.),
 .UNSPECIFIED.);
#231=B_SPLINE_CURVE_WITH_KNOTS('',3,(#5257,#5258,#5259,#5260),
 .UNSPECIFIED.,.F.,.F.,(4,4),(0.,0.00100663075725849),.UNSPECIFIED.);
#232=B_SPLINE_CURVE_WITH_KNOTS('',3,(#5313,#5314,#5315,#5316),
 .UNSPECIFIED.,.F.,.F.,(4,4),(0.,0.0010001494691028),.UNSPECIFIED.);
#233=B_SPLINE_CURVE_WITH_KNOTS('',3,(#5317,#5318,#5319,#5320),
 .UNSPECIFIED.,.F.,.F.,(4,4),(0.,1.),.UNSPECIFIED.);
#234=B_SPLINE_CURVE_WITH_KNOTS('',3,(#5323,#5324,#5325,#5326),
 .UNSPECIFIED.,.F.,.F.,(4,4),(4.67504784923177E-7,0.00147137451838975),
 .UNSPECIFIED.);
#235=B_SPLINE_CURVE_WITH_KNOTS('',3,(#5334,#5335,#5336,#5337),
 .UNSPECIFIED.,.F.,.F.,(4,4),(2.56900862258174E-7,0.00055673581380832),
 .UNSPECIFIED.);
#236=B_SPLINE_CURVE_WITH_KNOTS('',3,(#5339,#5340,#5341,#5342),
 .UNSPECIFIED.,.F.,.F.,(4,4),(0.00316561493963335,0.00516561493963335),
 .UNSPECIFIED.);
#237=B_SPLINE_CURVE_WITH_KNOTS('',3,(#5344,#5345,#5346,#5347),
 .UNSPECIFIED.,.F.,.F.,(4,4),(2.56900862277854E-7,0.00055673581380834),
 .UNSPECIFIED.);
#238=B_SPLINE_CURVE_WITH_KNOTS('',3,(#5348,#5349,#5350,#5351),
 .UNSPECIFIED.,.F.,.F.,(4,4),(2.56900862277854E-7,0.00055673581380834),
 .UNSPECIFIED.);
#239=B_SPLINE_CURVE_WITH_KNOTS('',3,(#5353,#5354,#5355,#5356),
 .UNSPECIFIED.,.F.,.F.,(4,4),(0.00316561493963335,0.00516561493963335),
 .UNSPECIFIED.);
#240=B_SPLINE_CURVE_WITH_KNOTS('',3,(#5358,#5359,#5360,#5361),
 .UNSPECIFIED.,.F.,.F.,(4,4),(2.56900862258174E-7,0.00055673581380832),
 .UNSPECIFIED.);
#241=B_SPLINE_CURVE_WITH_KNOTS('',3,(#5365,#5366,#5367,#5368),
 .UNSPECIFIED.,.F.,.F.,(4,4),(4.72073143564802E-7,0.00128723162173564),
 .UNSPECIFIED.);
#242=B_SPLINE_CURVE_WITH_KNOTS('',3,(#5375,#5376,#5377,#5378),
 .UNSPECIFIED.,.F.,.F.,(4,4),(2.56588710939851E-7,0.000566637198217937),
 .UNSPECIFIED.);
#243=B_SPLINE_CURVE_WITH_KNOTS('',3,(#5380,#5381,#5382,#5383),
 .UNSPECIFIED.,.F.,.F.,(4,4),(0.0027678238316739,0.0047678238316739),
 .UNSPECIFIED.);
#244=B_SPLINE_CURVE_WITH_KNOTS('',3,(#5385,#5386,#5387,#5388),
 .UNSPECIFIED.,.F.,.F.,(4,4),(2.56588710920166E-7,0.000566637198217937),
 .UNSPECIFIED.);
#245=B_SPLINE_CURVE_WITH_KNOTS('',3,(#5389,#5390,#5391,#5392),
 .UNSPECIFIED.,.F.,.F.,(4,4),(2.56588710920166E-7,0.000566637198217937),
 .UNSPECIFIED.);
#246=B_SPLINE_CURVE_WITH_KNOTS('',3,(#5394,#5395,#5396,#5397),
 .UNSPECIFIED.,.F.,.F.,(4,4),(0.0027678238316739,0.0047678238316739),
 .UNSPECIFIED.);
#247=B_SPLINE_CURVE_WITH_KNOTS('',3,(#5399,#5400,#5401,#5402),
 .UNSPECIFIED.,.F.,.F.,(4,4),(2.56588710939851E-7,0.000566637198217937),
 .UNSPECIFIED.);
#248=LINE('',#1912,#310);
#249=LINE('',#1924,#311);
#250=LINE('',#1928,#312);
#251=LINE('',#1940,#313);
#252=LINE('',#1944,#314);
#253=LINE('',#1948,#315);
#254=LINE('',#1955,#316);
#255=LINE('',#1959,#317);
#256=LINE('',#1964,#318);
#257=LINE('',#2525,#319);
#258=LINE('',#2529,#320);
#259=LINE('',#2534,#321);
#260=LINE('',#2985,#322);
#261=LINE('',#2989,#323);
#262=LINE('',#3030,#324);
#263=LINE('',#3031,#325);
#264=LINE('',#3033,#326);
#265=LINE('',#3040,#327);
#266=LINE('',#3042,#328);
#267=LINE('',#3043,#329);
#268=LINE('',#3045,#330);
#269=LINE('',#3047,#331);
#270=LINE('',#3268,#332);
#271=LINE('',#3272,#333);
#272=LINE('',#3283,#334);
#273=LINE('',#3287,#335);
#274=LINE('',#3294,#336);
#275=LINE('',#3296,#337);
#276=LINE('',#3301,#338);
#277=LINE('',#3303,#339);
#278=LINE('',#3333,#340);
#279=LINE('',#3334,#341);
#280=LINE('',#3341,#342);
#281=LINE('',#3345,#343);
#282=LINE('',#3349,#344);
#283=LINE('',#3376,#345);
#284=LINE('',#3467,#346);
#285=LINE('',#3480,#347);
#286=LINE('',#3482,#348);
#287=LINE('',#3484,#349);
#288=LINE('',#3492,#350);
#289=LINE('',#3499,#351);
#290=LINE('',#3528,#352);
#291=LINE('',#3547,#353);
#292=LINE('',#3555,#354);
#293=LINE('',#3566,#355);
#294=LINE('',#3578,#356);
#295=LINE('',#3590,#357);
#296=LINE('',#5330,#358);
#297=LINE('',#5332,#359);
#298=LINE('',#5333,#360);
#299=LINE('',#5372,#361);
#300=LINE('',#5374,#362);
#301=LINE('',#5403,#363);
#302=LINE('',#5407,#364);
#303=LINE('',#5409,#365);
#304=LINE('',#5412,#366);
#305=LINE('',#5413,#367);
#306=LINE('',#5417,#368);
#307=LINE('',#5419,#369);
#308=LINE('',#5422,#370);
#309=LINE('',#5423,#371);
#310=VECTOR('',#1685,1.);
#311=VECTOR('',#1686,1.);
#312=VECTOR('',#1689,1.);
#313=VECTOR('',#1690,1.);
#314=VECTOR('',#1693,1.);
#315=VECTOR('',#1696,1.);
#316=VECTOR('',#1699,1.);
#317=VECTOR('',#1704,1.);
#318=VECTOR('',#1707,1.);
#319=VECTOR('',#1716,1.);
#320=VECTOR('',#1721,1.);
#321=VECTOR('',#1724,1.);
#322=VECTOR('',#1735,1.);
#323=VECTOR('',#1738,1.);
#324=VECTOR('',#1741,1.);
#325=VECTOR('',#1742,1.);
#326=VECTOR('',#1745,1.);
#327=VECTOR('',#1746,1.);
#328=VECTOR('',#1749,1.);
#329=VECTOR('',#1750,1.);
#330=VECTOR('',#1753,1.);
#331=VECTOR('',#1756,1.);
#332=VECTOR('',#1759,1.);
#333=VECTOR('',#1762,1.);
#334=VECTOR('',#1765,1.);
#335=VECTOR('',#1768,1.);
#336=VECTOR('',#1771,1.);
#337=VECTOR('',#1772,1.);
#338=VECTOR('',#1779,1.);
#339=VECTOR('',#1782,1.);
#340=VECTOR('',#1783,1.);
#341=VECTOR('',#1784,1.);
#342=VECTOR('',#1785,1.);
#343=VECTOR('',#1788,1.);
#344=VECTOR('',#1791,1.);
#345=VECTOR('',#1794,1.);
#346=VECTOR('',#1799,1.);
#347=VECTOR('',#1802,1.);
#348=VECTOR('',#1805,1.);
#349=VECTOR('',#1806,1.);
#350=VECTOR('',#1809,1.);
#351=VECTOR('',#1812,1.);
#352=VECTOR('',#1819,1.);
#353=VECTOR('',#1822,1.);
#354=VECTOR('',#1825,1.);
#355=VECTOR('',#1828,1.);
#356=VECTOR('',#1831,1.);
#357=VECTOR('',#1834,1.);
#358=VECTOR('',#1853,1.);
#359=VECTOR('',#1856,1.);
#360=VECTOR('',#1857,1.);
#361=VECTOR('',#1866,1.);
#362=VECTOR('',#1869,1.);
#363=VECTOR('',#1870,1.);
#364=VECTOR('',#1877,1.);
#365=VECTOR('',#1880,1.);
#366=VECTOR('',#1885,1.);
#367=VECTOR('',#1886,1.);
#368=VECTOR('',#1893,1.);
#369=VECTOR('',#1896,1.);
#370=VECTOR('',#1901,1.);
#371=VECTOR('',#1902,1.);
#372=ORIENTED_EDGE('',*,*,#868,.T.);
#373=ORIENTED_EDGE('',*,*,#869,.T.);
#374=ORIENTED_EDGE('',*,*,#870,.T.);
#375=ORIENTED_EDGE('',*,*,#871,.T.);
#376=ORIENTED_EDGE('',*,*,#872,.T.);
#377=ORIENTED_EDGE('',*,*,#873,.F.);
#378=ORIENTED_EDGE('',*,*,#874,.F.);
#379=ORIENTED_EDGE('',*,*,#875,.F.);
#380=ORIENTED_EDGE('',*,*,#876,.T.);
#381=ORIENTED_EDGE('',*,*,#877,.F.);
#382=ORIENTED_EDGE('',*,*,#878,.F.);
#383=ORIENTED_EDGE('',*,*,#879,.T.);
#384=ORIENTED_EDGE('',*,*,#880,.F.);
#385=ORIENTED_EDGE('',*,*,#868,.F.);
#386=ORIENTED_EDGE('',*,*,#881,.T.);
#387=ORIENTED_EDGE('',*,*,#882,.F.);
#388=ORIENTED_EDGE('',*,*,#883,.F.);
#389=ORIENTED_EDGE('',*,*,#884,.T.);
#390=ORIENTED_EDGE('',*,*,#885,.T.);
#391=ORIENTED_EDGE('',*,*,#886,.F.);
#392=ORIENTED_EDGE('',*,*,#887,.T.);
#393=ORIENTED_EDGE('',*,*,#888,.F.);
#394=ORIENTED_EDGE('',*,*,#889,.T.);
#395=ORIENTED_EDGE('',*,*,#890,.F.);
#396=ORIENTED_EDGE('',*,*,#891,.T.);
#397=ORIENTED_EDGE('',*,*,#892,.T.);
#398=ORIENTED_EDGE('',*,*,#893,.F.);
#399=ORIENTED_EDGE('',*,*,#894,.F.);
#400=ORIENTED_EDGE('',*,*,#895,.F.);
#401=ORIENTED_EDGE('',*,*,#896,.F.);
#402=ORIENTED_EDGE('',*,*,#897,.F.);
#403=ORIENTED_EDGE('',*,*,#898,.T.);
#404=ORIENTED_EDGE('',*,*,#899,.F.);
#405=ORIENTED_EDGE('',*,*,#900,.T.);
#406=ORIENTED_EDGE('',*,*,#901,.T.);
#407=ORIENTED_EDGE('',*,*,#902,.F.);
#408=ORIENTED_EDGE('',*,*,#903,.F.);
#409=ORIENTED_EDGE('',*,*,#904,.T.);
#410=ORIENTED_EDGE('',*,*,#905,.T.);
#411=ORIENTED_EDGE('',*,*,#906,.T.);
#412=ORIENTED_EDGE('',*,*,#907,.T.);
#413=ORIENTED_EDGE('',*,*,#908,.T.);
#414=ORIENTED_EDGE('',*,*,#909,.F.);
#415=ORIENTED_EDGE('',*,*,#910,.T.);
#416=ORIENTED_EDGE('',*,*,#887,.F.);
#417=ORIENTED_EDGE('',*,*,#889,.F.);
#418=ORIENTED_EDGE('',*,*,#911,.T.);
#419=ORIENTED_EDGE('',*,*,#909,.T.);
#420=ORIENTED_EDGE('',*,*,#912,.F.);
#421=ORIENTED_EDGE('',*,*,#884,.F.);
#422=ORIENTED_EDGE('',*,*,#913,.T.);
#423=ORIENTED_EDGE('',*,*,#914,.F.);
#424=ORIENTED_EDGE('',*,*,#915,.F.);
#425=ORIENTED_EDGE('',*,*,#916,.F.);
#426=ORIENTED_EDGE('',*,*,#874,.T.);
#427=ORIENTED_EDGE('',*,*,#917,.F.);
#428=ORIENTED_EDGE('',*,*,#918,.T.);
#429=ORIENTED_EDGE('',*,*,#919,.T.);
#430=ORIENTED_EDGE('',*,*,#920,.T.);
#431=ORIENTED_EDGE('',*,*,#918,.F.);
#432=ORIENTED_EDGE('',*,*,#921,.F.);
#433=ORIENTED_EDGE('',*,*,#922,.F.);
#434=ORIENTED_EDGE('',*,*,#923,.T.);
#435=ORIENTED_EDGE('',*,*,#924,.T.);
#436=ORIENTED_EDGE('',*,*,#925,.F.);
#437=ORIENTED_EDGE('',*,*,#926,.F.);
#438=ORIENTED_EDGE('',*,*,#927,.F.);
#439=ORIENTED_EDGE('',*,*,#928,.T.);
#440=ORIENTED_EDGE('',*,*,#929,.F.);
#441=ORIENTED_EDGE('',*,*,#930,.F.);
#442=ORIENTED_EDGE('',*,*,#931,.F.);
#443=ORIENTED_EDGE('',*,*,#932,.T.);
#444=ORIENTED_EDGE('',*,*,#933,.F.);
#445=ORIENTED_EDGE('',*,*,#934,.F.);
#446=ORIENTED_EDGE('',*,*,#935,.F.);
#447=ORIENTED_EDGE('',*,*,#936,.T.);
#448=ORIENTED_EDGE('',*,*,#937,.T.);
#449=ORIENTED_EDGE('',*,*,#938,.F.);
#450=ORIENTED_EDGE('',*,*,#939,.T.);
#451=ORIENTED_EDGE('',*,*,#940,.F.);
#452=ORIENTED_EDGE('',*,*,#941,.F.);
#453=ORIENTED_EDGE('',*,*,#942,.T.);
#454=ORIENTED_EDGE('',*,*,#943,.T.);
#455=ORIENTED_EDGE('',*,*,#934,.T.);
#456=ORIENTED_EDGE('',*,*,#944,.T.);
#457=ORIENTED_EDGE('',*,*,#932,.F.);
#458=ORIENTED_EDGE('',*,*,#931,.T.);
#459=ORIENTED_EDGE('',*,*,#945,.F.);
#460=ORIENTED_EDGE('',*,*,#927,.T.);
#461=ORIENTED_EDGE('',*,*,#946,.T.);
#462=ORIENTED_EDGE('',*,*,#947,.F.);
#463=ORIENTED_EDGE('',*,*,#948,.F.);
#464=ORIENTED_EDGE('',*,*,#949,.F.);
#465=ORIENTED_EDGE('',*,*,#950,.T.);
#466=ORIENTED_EDGE('',*,*,#951,.T.);
#467=ORIENTED_EDGE('',*,*,#952,.F.);
#468=ORIENTED_EDGE('',*,*,#872,.F.);
#469=ORIENTED_EDGE('',*,*,#953,.F.);
#470=ORIENTED_EDGE('',*,*,#954,.T.);
#471=ORIENTED_EDGE('',*,*,#955,.T.);
#472=ORIENTED_EDGE('',*,*,#956,.F.);
#473=ORIENTED_EDGE('',*,*,#957,.F.);
#474=ORIENTED_EDGE('',*,*,#958,.T.);
#475=ORIENTED_EDGE('',*,*,#959,.T.);
#476=ORIENTED_EDGE('',*,*,#955,.F.);
#477=ORIENTED_EDGE('',*,*,#960,.F.);
#478=ORIENTED_EDGE('',*,*,#959,.F.);
#479=ORIENTED_EDGE('',*,*,#961,.F.);
#480=ORIENTED_EDGE('',*,*,#962,.T.);
#481=ORIENTED_EDGE('',*,*,#963,.T.);
#482=ORIENTED_EDGE('',*,*,#956,.T.);
#483=ORIENTED_EDGE('',*,*,#964,.T.);
#484=ORIENTED_EDGE('',*,*,#960,.T.);
#485=ORIENTED_EDGE('',*,*,#954,.F.);
#486=ORIENTED_EDGE('',*,*,#965,.F.);
#487=ORIENTED_EDGE('',*,*,#903,.T.);
#488=ORIENTED_EDGE('',*,*,#965,.T.);
#489=ORIENTED_EDGE('',*,*,#953,.T.);
#490=ORIENTED_EDGE('',*,*,#871,.F.);
#491=ORIENTED_EDGE('',*,*,#966,.F.);
#492=ORIENTED_EDGE('',*,*,#904,.F.);
#493=ORIENTED_EDGE('',*,*,#967,.T.);
#494=ORIENTED_EDGE('',*,*,#873,.T.);
#495=ORIENTED_EDGE('',*,*,#952,.T.);
#496=ORIENTED_EDGE('',*,*,#963,.F.);
#497=ORIENTED_EDGE('',*,*,#968,.F.);
#498=ORIENTED_EDGE('',*,*,#969,.F.);
#499=ORIENTED_EDGE('',*,*,#970,.T.);
#500=ORIENTED_EDGE('',*,*,#971,.T.);
#501=ORIENTED_EDGE('',*,*,#919,.F.);
#502=ORIENTED_EDGE('',*,*,#972,.T.);
#503=ORIENTED_EDGE('',*,*,#968,.T.);
#504=ORIENTED_EDGE('',*,*,#962,.F.);
#505=ORIENTED_EDGE('',*,*,#973,.F.);
#506=ORIENTED_EDGE('',*,*,#937,.F.);
#507=ORIENTED_EDGE('',*,*,#974,.T.);
#508=ORIENTED_EDGE('',*,*,#890,.T.);
#509=ORIENTED_EDGE('',*,*,#975,.F.);
#510=ORIENTED_EDGE('',*,*,#976,.F.);
#511=ORIENTED_EDGE('',*,*,#977,.T.);
#512=ORIENTED_EDGE('',*,*,#978,.T.);
#513=ORIENTED_EDGE('',*,*,#979,.F.);
#514=ORIENTED_EDGE('',*,*,#980,.F.);
#515=ORIENTED_EDGE('',*,*,#981,.T.);
#516=ORIENTED_EDGE('',*,*,#982,.T.);
#517=ORIENTED_EDGE('',*,*,#983,.F.);
#518=ORIENTED_EDGE('',*,*,#981,.F.);
#519=ORIENTED_EDGE('',*,*,#984,.T.);
#520=ORIENTED_EDGE('',*,*,#985,.T.);
#521=ORIENTED_EDGE('',*,*,#986,.F.);
#522=ORIENTED_EDGE('',*,*,#978,.F.);
#523=ORIENTED_EDGE('',*,*,#987,.F.);
#524=ORIENTED_EDGE('',*,*,#982,.F.);
#525=ORIENTED_EDGE('',*,*,#986,.T.);
#526=ORIENTED_EDGE('',*,*,#988,.T.);
#527=ORIENTED_EDGE('',*,*,#989,.F.);
#528=ORIENTED_EDGE('',*,*,#923,.F.);
#529=ORIENTED_EDGE('',*,*,#990,.T.);
#530=ORIENTED_EDGE('',*,*,#991,.T.);
#531=ORIENTED_EDGE('',*,*,#940,.T.);
#532=ORIENTED_EDGE('',*,*,#992,.T.);
#533=ORIENTED_EDGE('',*,*,#983,.T.);
#534=ORIENTED_EDGE('',*,*,#987,.T.);
#535=ORIENTED_EDGE('',*,*,#977,.F.);
#536=ORIENTED_EDGE('',*,*,#993,.F.);
#537=ORIENTED_EDGE('',*,*,#994,.F.);
#538=ORIENTED_EDGE('',*,*,#951,.F.);
#539=ORIENTED_EDGE('',*,*,#995,.F.);
#540=ORIENTED_EDGE('',*,*,#996,.F.);
#541=ORIENTED_EDGE('',*,*,#997,.T.);
#542=ORIENTED_EDGE('',*,*,#998,.T.);
#543=ORIENTED_EDGE('',*,*,#999,.F.);
#544=ORIENTED_EDGE('',*,*,#1000,.F.);
#545=ORIENTED_EDGE('',*,*,#1001,.T.);
#546=ORIENTED_EDGE('',*,*,#988,.F.);
#547=ORIENTED_EDGE('',*,*,#985,.F.);
#548=ORIENTED_EDGE('',*,*,#1002,.T.);
#549=ORIENTED_EDGE('',*,*,#1001,.F.);
#550=ORIENTED_EDGE('',*,*,#1003,.T.);
#551=ORIENTED_EDGE('',*,*,#979,.T.);
#552=ORIENTED_EDGE('',*,*,#989,.T.);
#553=ORIENTED_EDGE('',*,*,#1004,.F.);
#554=ORIENTED_EDGE('',*,*,#1005,.F.);
#555=ORIENTED_EDGE('',*,*,#1006,.F.);
#556=ORIENTED_EDGE('',*,*,#1007,.F.);
#557=ORIENTED_EDGE('',*,*,#1008,.F.);
#558=ORIENTED_EDGE('',*,*,#1009,.F.);
#559=ORIENTED_EDGE('',*,*,#892,.F.);
#560=ORIENTED_EDGE('',*,*,#1010,.F.);
#561=ORIENTED_EDGE('',*,*,#899,.T.);
#562=ORIENTED_EDGE('',*,*,#1011,.F.);
#563=ORIENTED_EDGE('',*,*,#1012,.F.);
#564=ORIENTED_EDGE('',*,*,#893,.T.);
#565=ORIENTED_EDGE('',*,*,#1009,.T.);
#566=ORIENTED_EDGE('',*,*,#1013,.F.);
#567=ORIENTED_EDGE('',*,*,#1014,.T.);
#568=ORIENTED_EDGE('',*,*,#1015,.T.);
#569=ORIENTED_EDGE('',*,*,#895,.T.);
#570=ORIENTED_EDGE('',*,*,#1016,.F.);
#571=ORIENTED_EDGE('',*,*,#1017,.F.);
#572=ORIENTED_EDGE('',*,*,#1018,.T.);
#573=ORIENTED_EDGE('',*,*,#896,.T.);
#574=ORIENTED_EDGE('',*,*,#1015,.F.);
#575=ORIENTED_EDGE('',*,*,#1019,.F.);
#576=ORIENTED_EDGE('',*,*,#1020,.T.);
#577=ORIENTED_EDGE('',*,*,#897,.T.);
#578=ORIENTED_EDGE('',*,*,#1018,.F.);
#579=ORIENTED_EDGE('',*,*,#1021,.F.);
#580=ORIENTED_EDGE('',*,*,#1022,.T.);
#581=ORIENTED_EDGE('',*,*,#1011,.T.);
#582=ORIENTED_EDGE('',*,*,#898,.F.);
#583=ORIENTED_EDGE('',*,*,#1020,.F.);
#584=ORIENTED_EDGE('',*,*,#1023,.T.);
#585=ORIENTED_EDGE('',*,*,#1016,.T.);
#586=ORIENTED_EDGE('',*,*,#894,.T.);
#587=ORIENTED_EDGE('',*,*,#1014,.F.);
#588=ORIENTED_EDGE('',*,*,#1024,.F.);
#589=ORIENTED_EDGE('',*,*,#1025,.T.);
#590=ORIENTED_EDGE('',*,*,#1026,.T.);
#591=ORIENTED_EDGE('',*,*,#1027,.T.);
#592=ORIENTED_EDGE('',*,*,#1028,.F.);
#593=ORIENTED_EDGE('',*,*,#1007,.T.);
#594=ORIENTED_EDGE('',*,*,#1029,.T.);
#595=ORIENTED_EDGE('',*,*,#1030,.F.);
#596=ORIENTED_EDGE('',*,*,#1031,.T.);
#597=ORIENTED_EDGE('',*,*,#1032,.T.);
#598=ORIENTED_EDGE('',*,*,#1033,.F.);
#599=ORIENTED_EDGE('',*,*,#1026,.F.);
#600=ORIENTED_EDGE('',*,*,#1034,.T.);
#601=ORIENTED_EDGE('',*,*,#1035,.T.);
#602=ORIENTED_EDGE('',*,*,#1036,.T.);
#603=ORIENTED_EDGE('',*,*,#1032,.F.);
#604=ORIENTED_EDGE('',*,*,#1037,.F.);
#605=ORIENTED_EDGE('',*,*,#1038,.T.);
#606=ORIENTED_EDGE('',*,*,#1039,.T.);
#607=ORIENTED_EDGE('',*,*,#1035,.F.);
#608=ORIENTED_EDGE('',*,*,#1040,.F.);
#609=ORIENTED_EDGE('',*,*,#1041,.T.);
#610=ORIENTED_EDGE('',*,*,#1042,.T.);
#611=ORIENTED_EDGE('',*,*,#1038,.F.);
#612=ORIENTED_EDGE('',*,*,#1043,.F.);
#613=ORIENTED_EDGE('',*,*,#1030,.T.);
#614=ORIENTED_EDGE('',*,*,#1044,.T.);
#615=ORIENTED_EDGE('',*,*,#1041,.F.);
#616=ORIENTED_EDGE('',*,*,#1045,.F.);
#617=ORIENTED_EDGE('',*,*,#1046,.F.);
#618=ORIENTED_EDGE('',*,*,#1047,.T.);
#619=ORIENTED_EDGE('',*,*,#1048,.T.);
#620=ORIENTED_EDGE('',*,*,#949,.T.);
#621=ORIENTED_EDGE('',*,*,#994,.T.);
#622=ORIENTED_EDGE('',*,*,#1049,.T.);
#623=ORIENTED_EDGE('',*,*,#1050,.F.);
#624=ORIENTED_EDGE('',*,*,#901,.F.);
#625=ORIENTED_EDGE('',*,*,#1051,.F.);
#626=ORIENTED_EDGE('',*,*,#1027,.F.);
#627=ORIENTED_EDGE('',*,*,#1033,.T.);
#628=ORIENTED_EDGE('',*,*,#1036,.F.);
#629=ORIENTED_EDGE('',*,*,#1039,.F.);
#630=ORIENTED_EDGE('',*,*,#1042,.F.);
#631=ORIENTED_EDGE('',*,*,#1044,.F.);
#632=ORIENTED_EDGE('',*,*,#1029,.F.);
#633=ORIENTED_EDGE('',*,*,#1006,.T.);
#634=ORIENTED_EDGE('',*,*,#1052,.T.);
#635=ORIENTED_EDGE('',*,*,#935,.T.);
#636=ORIENTED_EDGE('',*,*,#1053,.T.);
#637=ORIENTED_EDGE('',*,*,#1002,.F.);
#638=ORIENTED_EDGE('',*,*,#1054,.T.);
#639=ORIENTED_EDGE('',*,*,#1055,.F.);
#640=ORIENTED_EDGE('',*,*,#1056,.F.);
#641=ORIENTED_EDGE('',*,*,#1057,.T.);
#642=ORIENTED_EDGE('',*,*,#958,.F.);
#643=ORIENTED_EDGE('',*,*,#1058,.F.);
#644=ORIENTED_EDGE('',*,*,#1059,.F.);
#645=ORIENTED_EDGE('',*,*,#1055,.T.);
#646=ORIENTED_EDGE('',*,*,#1060,.T.);
#647=ORIENTED_EDGE('',*,*,#1003,.F.);
#648=ORIENTED_EDGE('',*,*,#1061,.F.);
#649=ORIENTED_EDGE('',*,*,#1062,.F.);
#650=ORIENTED_EDGE('',*,*,#1050,.T.);
#651=ORIENTED_EDGE('',*,*,#1063,.T.);
#652=ORIENTED_EDGE('',*,*,#973,.T.);
#653=ORIENTED_EDGE('',*,*,#961,.T.);
#654=ORIENTED_EDGE('',*,*,#1060,.F.);
#655=ORIENTED_EDGE('',*,*,#1064,.F.);
#656=ORIENTED_EDGE('',*,*,#1054,.F.);
#657=ORIENTED_EDGE('',*,*,#984,.F.);
#658=ORIENTED_EDGE('',*,*,#1065,.F.);
#659=ORIENTED_EDGE('',*,*,#938,.T.);
#660=ORIENTED_EDGE('',*,*,#1064,.T.);
#661=ORIENTED_EDGE('',*,*,#992,.F.);
#662=ORIENTED_EDGE('',*,*,#939,.F.);
#663=ORIENTED_EDGE('',*,*,#1065,.T.);
#664=ORIENTED_EDGE('',*,*,#980,.T.);
#665=ORIENTED_EDGE('',*,*,#1066,.F.);
#666=ORIENTED_EDGE('',*,*,#941,.T.);
#667=ORIENTED_EDGE('',*,*,#991,.F.);
#668=ORIENTED_EDGE('',*,*,#1067,.F.);
#669=ORIENTED_EDGE('',*,*,#936,.F.);
#670=ORIENTED_EDGE('',*,*,#1068,.T.);
#671=ORIENTED_EDGE('',*,*,#1056,.T.);
#672=ORIENTED_EDGE('',*,*,#1069,.F.);
#673=ORIENTED_EDGE('',*,*,#974,.F.);
#674=ORIENTED_EDGE('',*,*,#1067,.T.);
#675=ORIENTED_EDGE('',*,*,#1059,.T.);
#676=ORIENTED_EDGE('',*,*,#1025,.F.);
#677=ORIENTED_EDGE('',*,*,#1051,.T.);
#678=ORIENTED_EDGE('',*,*,#1070,.T.);
#679=ORIENTED_EDGE('',*,*,#1071,.F.);
#680=ORIENTED_EDGE('',*,*,#1061,.T.);
#681=ORIENTED_EDGE('',*,*,#1000,.T.);
#682=ORIENTED_EDGE('',*,*,#1057,.F.);
#683=ORIENTED_EDGE('',*,*,#1072,.F.);
#684=ORIENTED_EDGE('',*,*,#1004,.T.);
#685=ORIENTED_EDGE('',*,*,#1028,.T.);
#686=ORIENTED_EDGE('',*,*,#1045,.T.);
#687=ORIENTED_EDGE('',*,*,#1043,.T.);
#688=ORIENTED_EDGE('',*,*,#1040,.T.);
#689=ORIENTED_EDGE('',*,*,#1037,.T.);
#690=ORIENTED_EDGE('',*,*,#1031,.F.);
#691=ORIENTED_EDGE('',*,*,#1034,.F.);
#692=ORIENTED_EDGE('',*,*,#1071,.T.);
#693=ORIENTED_EDGE('',*,*,#1073,.T.);
#694=ORIENTED_EDGE('',*,*,#1052,.F.);
#695=ORIENTED_EDGE('',*,*,#1005,.T.);
#696=ORIENTED_EDGE('',*,*,#1072,.T.);
#697=ORIENTED_EDGE('',*,*,#1068,.F.);
#698=ORIENTED_EDGE('',*,*,#1058,.T.);
#699=ORIENTED_EDGE('',*,*,#957,.T.);
#700=ORIENTED_EDGE('',*,*,#1074,.T.);
#701=ORIENTED_EDGE('',*,*,#1073,.F.);
#702=ORIENTED_EDGE('',*,*,#1075,.F.);
#703=ORIENTED_EDGE('',*,*,#1022,.F.);
#704=ORIENTED_EDGE('',*,*,#1023,.F.);
#705=ORIENTED_EDGE('',*,*,#1021,.T.);
#706=ORIENTED_EDGE('',*,*,#1019,.T.);
#707=ORIENTED_EDGE('',*,*,#1017,.T.);
#708=ORIENTED_EDGE('',*,*,#1024,.T.);
#709=ORIENTED_EDGE('',*,*,#1013,.T.);
#710=ORIENTED_EDGE('',*,*,#1008,.T.);
#711=ORIENTED_EDGE('',*,*,#1076,.F.);
#712=ORIENTED_EDGE('',*,*,#1076,.T.);
#713=ORIENTED_EDGE('',*,*,#1010,.T.);
#714=ORIENTED_EDGE('',*,*,#891,.F.);
#715=ORIENTED_EDGE('',*,*,#1069,.T.);
#716=ORIENTED_EDGE('',*,*,#900,.F.);
#717=ORIENTED_EDGE('',*,*,#1012,.T.);
#718=ORIENTED_EDGE('',*,*,#1075,.T.);
#719=ORIENTED_EDGE('',*,*,#1070,.F.);
#720=ORIENTED_EDGE('',*,*,#1077,.F.);
#721=ORIENTED_EDGE('',*,*,#1053,.F.);
#722=ORIENTED_EDGE('',*,*,#945,.T.);
#723=ORIENTED_EDGE('',*,*,#930,.T.);
#724=ORIENTED_EDGE('',*,*,#929,.T.);
#725=ORIENTED_EDGE('',*,*,#1049,.F.);
#726=ORIENTED_EDGE('',*,*,#993,.T.);
#727=ORIENTED_EDGE('',*,*,#976,.T.);
#728=ORIENTED_EDGE('',*,*,#1063,.F.);
#729=ORIENTED_EDGE('',*,*,#964,.F.);
#730=ORIENTED_EDGE('',*,*,#902,.T.);
#731=ORIENTED_EDGE('',*,*,#1062,.T.);
#732=ORIENTED_EDGE('',*,*,#1074,.F.);
#733=ORIENTED_EDGE('',*,*,#967,.F.);
#734=ORIENTED_EDGE('',*,*,#972,.F.);
#735=ORIENTED_EDGE('',*,*,#921,.T.);
#736=ORIENTED_EDGE('',*,*,#917,.T.);
#737=ORIENTED_EDGE('',*,*,#1078,.F.);
#738=ORIENTED_EDGE('',*,*,#1079,.F.);
#739=ORIENTED_EDGE('',*,*,#1080,.F.);
#740=ORIENTED_EDGE('',*,*,#870,.F.);
#741=ORIENTED_EDGE('',*,*,#886,.T.);
#742=ORIENTED_EDGE('',*,*,#1081,.T.);
#743=ORIENTED_EDGE('',*,*,#1082,.T.);
#744=ORIENTED_EDGE('',*,*,#1083,.F.);
#745=ORIENTED_EDGE('',*,*,#975,.T.);
#746=ORIENTED_EDGE('',*,*,#912,.T.);
#747=ORIENTED_EDGE('',*,*,#1082,.F.);
#748=ORIENTED_EDGE('',*,*,#1084,.F.);
#749=ORIENTED_EDGE('',*,*,#906,.F.);
#750=ORIENTED_EDGE('',*,*,#1085,.T.);
#751=ORIENTED_EDGE('',*,*,#1079,.T.);
#752=ORIENTED_EDGE('',*,*,#905,.F.);
#753=ORIENTED_EDGE('',*,*,#966,.T.);
#754=ORIENTED_EDGE('',*,*,#1080,.T.);
#755=ORIENTED_EDGE('',*,*,#1085,.F.);
#756=ORIENTED_EDGE('',*,*,#996,.T.);
#757=ORIENTED_EDGE('',*,*,#1086,.T.);
#758=ORIENTED_EDGE('',*,*,#1087,.F.);
#759=ORIENTED_EDGE('',*,*,#1088,.F.);
#760=ORIENTED_EDGE('',*,*,#1089,.F.);
#761=ORIENTED_EDGE('',*,*,#998,.F.);
#762=ORIENTED_EDGE('',*,*,#1090,.T.);
#763=ORIENTED_EDGE('',*,*,#1087,.T.);
#764=ORIENTED_EDGE('',*,*,#1091,.F.);
#765=ORIENTED_EDGE('',*,*,#1092,.F.);
#766=ORIENTED_EDGE('',*,*,#1093,.T.);
#767=ORIENTED_EDGE('',*,*,#947,.T.);
#768=ORIENTED_EDGE('',*,*,#1094,.F.);
#769=ORIENTED_EDGE('',*,*,#1095,.T.);
#770=ORIENTED_EDGE('',*,*,#1096,.T.);
#771=ORIENTED_EDGE('',*,*,#925,.T.);
#772=ORIENTED_EDGE('',*,*,#997,.F.);
#773=ORIENTED_EDGE('',*,*,#1088,.T.);
#774=ORIENTED_EDGE('',*,*,#1090,.F.);
#775=ORIENTED_EDGE('',*,*,#999,.T.);
#776=ORIENTED_EDGE('',*,*,#1089,.T.);
#777=ORIENTED_EDGE('',*,*,#924,.F.);
#778=ORIENTED_EDGE('',*,*,#876,.F.);
#779=ORIENTED_EDGE('',*,*,#1097,.T.);
#780=ORIENTED_EDGE('',*,*,#1098,.F.);
#781=ORIENTED_EDGE('',*,*,#1099,.F.);
#782=ORIENTED_EDGE('',*,*,#878,.T.);
#783=ORIENTED_EDGE('',*,*,#1100,.T.);
#784=ORIENTED_EDGE('',*,*,#1098,.T.);
#785=ORIENTED_EDGE('',*,*,#1101,.F.);
#786=ORIENTED_EDGE('',*,*,#1102,.F.);
#787=ORIENTED_EDGE('',*,*,#1103,.T.);
#788=ORIENTED_EDGE('',*,*,#914,.T.);
#789=ORIENTED_EDGE('',*,*,#1104,.F.);
#790=ORIENTED_EDGE('',*,*,#1105,.T.);
#791=ORIENTED_EDGE('',*,*,#1106,.T.);
#792=ORIENTED_EDGE('',*,*,#882,.T.);
#793=ORIENTED_EDGE('',*,*,#1107,.F.);
#794=ORIENTED_EDGE('',*,*,#877,.T.);
#795=ORIENTED_EDGE('',*,*,#1099,.T.);
#796=ORIENTED_EDGE('',*,*,#1100,.F.);
#797=ORIENTED_EDGE('',*,*,#1107,.T.);
#798=ORIENTED_EDGE('',*,*,#881,.F.);
#799=ORIENTED_EDGE('',*,*,#879,.F.);
#800=ORIENTED_EDGE('',*,*,#928,.F.);
#801=ORIENTED_EDGE('',*,*,#948,.T.);
#802=ORIENTED_EDGE('',*,*,#1093,.F.);
#803=ORIENTED_EDGE('',*,*,#1108,.F.);
#804=ORIENTED_EDGE('',*,*,#1046,.T.);
#805=ORIENTED_EDGE('',*,*,#1077,.T.);
#806=ORIENTED_EDGE('',*,*,#995,.T.);
#807=ORIENTED_EDGE('',*,*,#950,.F.);
#808=ORIENTED_EDGE('',*,*,#1048,.F.);
#809=ORIENTED_EDGE('',*,*,#1109,.T.);
#810=ORIENTED_EDGE('',*,*,#1091,.T.);
#811=ORIENTED_EDGE('',*,*,#1086,.F.);
#812=ORIENTED_EDGE('',*,*,#1108,.T.);
#813=ORIENTED_EDGE('',*,*,#1092,.T.);
#814=ORIENTED_EDGE('',*,*,#1109,.F.);
#815=ORIENTED_EDGE('',*,*,#1047,.F.);
#816=ORIENTED_EDGE('',*,*,#1110,.T.);
#817=ORIENTED_EDGE('',*,*,#1095,.F.);
#818=ORIENTED_EDGE('',*,*,#1111,.F.);
#819=ORIENTED_EDGE('',*,*,#943,.F.);
#820=ORIENTED_EDGE('',*,*,#926,.T.);
#821=ORIENTED_EDGE('',*,*,#944,.F.);
#822=ORIENTED_EDGE('',*,*,#933,.T.);
#823=ORIENTED_EDGE('',*,*,#1111,.T.);
#824=ORIENTED_EDGE('',*,*,#1094,.T.);
#825=ORIENTED_EDGE('',*,*,#946,.F.);
#826=ORIENTED_EDGE('',*,*,#990,.F.);
#827=ORIENTED_EDGE('',*,*,#922,.T.);
#828=ORIENTED_EDGE('',*,*,#1096,.F.);
#829=ORIENTED_EDGE('',*,*,#1110,.F.);
#830=ORIENTED_EDGE('',*,*,#942,.F.);
#831=ORIENTED_EDGE('',*,*,#1066,.T.);
#832=ORIENTED_EDGE('',*,*,#885,.F.);
#833=ORIENTED_EDGE('',*,*,#915,.T.);
#834=ORIENTED_EDGE('',*,*,#1103,.F.);
#835=ORIENTED_EDGE('',*,*,#1112,.F.);
#836=ORIENTED_EDGE('',*,*,#969,.T.);
#837=ORIENTED_EDGE('',*,*,#1083,.T.);
#838=ORIENTED_EDGE('',*,*,#1081,.F.);
#839=ORIENTED_EDGE('',*,*,#875,.T.);
#840=ORIENTED_EDGE('',*,*,#916,.T.);
#841=ORIENTED_EDGE('',*,*,#920,.F.);
#842=ORIENTED_EDGE('',*,*,#971,.F.);
#843=ORIENTED_EDGE('',*,*,#1113,.T.);
#844=ORIENTED_EDGE('',*,*,#1101,.T.);
#845=ORIENTED_EDGE('',*,*,#1097,.F.);
#846=ORIENTED_EDGE('',*,*,#1112,.T.);
#847=ORIENTED_EDGE('',*,*,#1102,.T.);
#848=ORIENTED_EDGE('',*,*,#1113,.F.);
#849=ORIENTED_EDGE('',*,*,#970,.F.);
#850=ORIENTED_EDGE('',*,*,#1114,.T.);
#851=ORIENTED_EDGE('',*,*,#1105,.F.);
#852=ORIENTED_EDGE('',*,*,#1115,.F.);
#853=ORIENTED_EDGE('',*,*,#908,.F.);
#854=ORIENTED_EDGE('',*,*,#883,.T.);
#855=ORIENTED_EDGE('',*,*,#910,.F.);
#856=ORIENTED_EDGE('',*,*,#911,.F.);
#857=ORIENTED_EDGE('',*,*,#888,.T.);
#858=ORIENTED_EDGE('',*,*,#1115,.T.);
#859=ORIENTED_EDGE('',*,*,#1104,.T.);
#860=ORIENTED_EDGE('',*,*,#913,.F.);
#861=ORIENTED_EDGE('',*,*,#869,.F.);
#862=ORIENTED_EDGE('',*,*,#880,.T.);
#863=ORIENTED_EDGE('',*,*,#1106,.F.);
#864=ORIENTED_EDGE('',*,*,#1114,.F.);
#865=ORIENTED_EDGE('',*,*,#907,.F.);
#866=ORIENTED_EDGE('',*,*,#1084,.T.);
#867=ORIENTED_EDGE('',*,*,#1078,.T.);
#868=EDGE_CURVE('',#1116,#1117,#1274,.T.);
#869=EDGE_CURVE('',#1117,#1118,#248,.F.);
#870=EDGE_CURVE('',#1118,#1119,#84,.T.);
#871=EDGE_CURVE('',#1119,#1120,#249,.T.);
#872=EDGE_CURVE('',#1120,#1121,#1275,.T.);
#873=EDGE_CURVE('',#1122,#1121,#250,.T.);
#874=EDGE_CURVE('',#1123,#1122,#85,.T.);
#875=EDGE_CURVE('',#1124,#1123,#251,.F.);
#876=EDGE_CURVE('',#1124,#1125,#1276,.T.);
#877=EDGE_CURVE('',#1126,#1125,#252,.F.);
#878=EDGE_CURVE('',#1127,#1126,#1277,.F.);
#879=EDGE_CURVE('',#1127,#1116,#253,.F.);
#880=EDGE_CURVE('',#1117,#1128,#86,.T.);
#881=EDGE_CURVE('',#1116,#1129,#254,.T.);
#882=EDGE_CURVE('',#1128,#1129,#1278,.T.);
#883=EDGE_CURVE('',#1130,#1131,#255,.F.);
#884=EDGE_CURVE('',#1130,#1132,#1279,.T.);
#885=EDGE_CURVE('',#1132,#1133,#256,.F.);
#886=EDGE_CURVE('',#1134,#1133,#87,.T.);
#887=EDGE_CURVE('',#1134,#1131,#88,.T.);
#888=EDGE_CURVE('',#1135,#1136,#89,.T.);
#889=EDGE_CURVE('',#1135,#1137,#90,.T.);
#890=EDGE_CURVE('',#1138,#1137,#91,.F.);
#891=EDGE_CURVE('',#1138,#1139,#92,.T.);
#892=EDGE_CURVE('',#1139,#1140,#93,.T.);
#893=EDGE_CURVE('',#1141,#1140,#94,.T.);
#894=EDGE_CURVE('',#1142,#1141,#95,.T.);
#895=EDGE_CURVE('',#1143,#1142,#96,.T.);
#896=EDGE_CURVE('',#1144,#1143,#97,.T.);
#897=EDGE_CURVE('',#1145,#1144,#98,.T.);
#898=EDGE_CURVE('',#1145,#1146,#99,.T.);
#899=EDGE_CURVE('',#1147,#1146,#100,.T.);
#900=EDGE_CURVE('',#1147,#1148,#101,.T.);
#901=EDGE_CURVE('',#1148,#1149,#102,.F.);
#902=EDGE_CURVE('',#1150,#1149,#103,.T.);
#903=EDGE_CURVE('',#1151,#1150,#104,.T.);
#904=EDGE_CURVE('',#1151,#1152,#105,.T.);
#905=EDGE_CURVE('',#1152,#1153,#106,.T.);
#906=EDGE_CURVE('',#1153,#1154,#107,.T.);
#907=EDGE_CURVE('',#1154,#1155,#108,.T.);
#908=EDGE_CURVE('',#1155,#1136,#109,.T.);
#909=EDGE_CURVE('',#1156,#1134,#110,.T.);
#910=EDGE_CURVE('',#1156,#1131,#111,.T.);
#911=EDGE_CURVE('',#1135,#1156,#112,.T.);
#912=EDGE_CURVE('',#1137,#1134,#113,.F.);
#913=EDGE_CURVE('',#1130,#1157,#114,.T.);
#914=EDGE_CURVE('',#1158,#1157,#1280,.T.);
#915=EDGE_CURVE('',#1132,#1158,#115,.T.);
#916=EDGE_CURVE('',#1123,#1159,#116,.T.);
#917=EDGE_CURVE('',#1160,#1122,#117,.T.);
#918=EDGE_CURVE('',#1160,#1159,#118,.F.);
#919=EDGE_CURVE('',#1161,#1162,#119,.T.);
#920=EDGE_CURVE('',#1162,#1159,#120,.T.);
#921=EDGE_CURVE('',#1161,#1160,#121,.T.);
#922=EDGE_CURVE('',#1163,#1164,#122,.T.);
#923=EDGE_CURVE('',#1163,#1165,#1281,.T.);
#924=EDGE_CURVE('',#1165,#1166,#257,.T.);
#925=EDGE_CURVE('',#1164,#1166,#1282,.T.);
#926=EDGE_CURVE('',#1167,#1168,#258,.F.);
#927=EDGE_CURVE('',#1169,#1167,#1283,.T.);
#928=EDGE_CURVE('',#1169,#1170,#259,.F.);
#929=EDGE_CURVE('',#1171,#1170,#123,.T.);
#930=EDGE_CURVE('',#1172,#1171,#124,.T.);
#931=EDGE_CURVE('',#1173,#1172,#125,.T.);
#932=EDGE_CURVE('',#1173,#1168,#126,.T.);
#933=EDGE_CURVE('',#1174,#1175,#127,.T.);
#934=EDGE_CURVE('',#1176,#1174,#128,.T.);
#935=EDGE_CURVE('',#1177,#1176,#129,.F.);
#936=EDGE_CURVE('',#1177,#1178,#130,.T.);
#937=EDGE_CURVE('',#1178,#1179,#131,.T.);
#938=EDGE_CURVE('',#1180,#1179,#132,.T.);
#939=EDGE_CURVE('',#1180,#1181,#133,.T.);
#940=EDGE_CURVE('',#1182,#1181,#134,.T.);
#941=EDGE_CURVE('',#1183,#1182,#135,.T.);
#942=EDGE_CURVE('',#1183,#1184,#136,.T.);
#943=EDGE_CURVE('',#1184,#1175,#137,.T.);
#944=EDGE_CURVE('',#1174,#1168,#138,.T.);
#945=EDGE_CURVE('',#1176,#1172,#139,.F.);
#946=EDGE_CURVE('',#1167,#1185,#140,.T.);
#947=EDGE_CURVE('',#1186,#1185,#1284,.T.);
#948=EDGE_CURVE('',#1169,#1186,#141,.T.);
#949=EDGE_CURVE('',#1187,#1188,#142,.T.);
#950=EDGE_CURVE('',#1187,#1189,#143,.T.);
#951=EDGE_CURVE('',#1189,#1188,#144,.T.);
#952=EDGE_CURVE('',#1121,#1190,#1285,.T.);
#953=EDGE_CURVE('',#1191,#1120,#1286,.T.);
#954=EDGE_CURVE('',#1191,#1192,#260,.T.);
#955=EDGE_CURVE('',#1192,#1193,#1287,.T.);
#956=EDGE_CURVE('',#1190,#1193,#261,.T.);
#957=EDGE_CURVE('',#1194,#1195,#145,.T.);
#958=EDGE_CURVE('',#1194,#1196,#146,.T.);
#959=EDGE_CURVE('',#1196,#1193,#262,.T.);
#960=EDGE_CURVE('',#1195,#1192,#263,.T.);
#961=EDGE_CURVE('',#1197,#1196,#264,.T.);
#962=EDGE_CURVE('',#1197,#1198,#147,.F.);
#963=EDGE_CURVE('',#1198,#1190,#265,.T.);
#964=EDGE_CURVE('',#1150,#1195,#266,.T.);
#965=EDGE_CURVE('',#1151,#1191,#267,.T.);
#966=EDGE_CURVE('',#1152,#1119,#268,.T.);
#967=EDGE_CURVE('',#1199,#1122,#269,.T.);
#968=EDGE_CURVE('',#1199,#1198,#148,.T.);
#969=EDGE_CURVE('',#1200,#1201,#149,.T.);
#970=EDGE_CURVE('',#1200,#1202,#150,.T.);
#971=EDGE_CURVE('',#1202,#1162,#151,.T.);
#972=EDGE_CURVE('',#1161,#1199,#152,.T.);
#973=EDGE_CURVE('',#1179,#1197,#153,.F.);
#974=EDGE_CURVE('',#1178,#1138,#154,.F.);
#975=EDGE_CURVE('',#1201,#1137,#155,.T.);
#976=EDGE_CURVE('',#1203,#1204,#156,.F.);
#977=EDGE_CURVE('',#1203,#1205,#270,.T.);
#978=EDGE_CURVE('',#1205,#1206,#1288,.T.);
#979=EDGE_CURVE('',#1204,#1206,#271,.T.);
#980=EDGE_CURVE('',#1207,#1208,#157,.F.);
#981=EDGE_CURVE('',#1207,#1209,#272,.T.);
#982=EDGE_CURVE('',#1209,#1210,#1289,.F.);
#983=EDGE_CURVE('',#1208,#1210,#273,.T.);
#984=EDGE_CURVE('',#1207,#1211,#158,.T.);
#985=EDGE_CURVE('',#1211,#1212,#274,.T.);
#986=EDGE_CURVE('',#1209,#1212,#275,.T.);
#987=EDGE_CURVE('',#1210,#1205,#1290,.T.);
#988=EDGE_CURVE('',#1212,#1213,#1291,.T.);
#989=EDGE_CURVE('',#1206,#1213,#276,.T.);
#990=EDGE_CURVE('',#1163,#1214,#277,.F.);
#991=EDGE_CURVE('',#1214,#1182,#159,.T.);
#992=EDGE_CURVE('',#1181,#1208,#278,.T.);
#993=EDGE_CURVE('',#1215,#1203,#279,.T.);
#994=EDGE_CURVE('',#1188,#1215,#160,.T.);
#995=EDGE_CURVE('',#1216,#1189,#280,.F.);
#996=EDGE_CURVE('',#1217,#1216,#1292,.T.);
#997=EDGE_CURVE('',#1217,#1218,#281,.T.);
#998=EDGE_CURVE('',#1218,#1219,#1293,.T.);
#999=EDGE_CURVE('',#1165,#1219,#282,.T.);
#1000=EDGE_CURVE('',#1220,#1221,#161,.T.);
#1001=EDGE_CURVE('',#1220,#1213,#283,.T.);
#1002=EDGE_CURVE('',#1211,#1221,#162,.T.);
#1003=EDGE_CURVE('',#1220,#1204,#163,.T.);
#1004=EDGE_CURVE('',#1222,#1223,#164,.T.);
#1005=EDGE_CURVE('',#1224,#1222,#165,.T.);
#1006=EDGE_CURVE('',#1225,#1224,#166,.T.);
#1007=EDGE_CURVE('',#1223,#1225,#167,.T.);
#1008=EDGE_CURVE('',#1226,#1227,#168,.T.);
#1009=EDGE_CURVE('',#1140,#1226,#169,.T.);
#1010=EDGE_CURVE('',#1227,#1139,#170,.T.);
#1011=EDGE_CURVE('',#1228,#1146,#284,.T.);
#1012=EDGE_CURVE('',#1147,#1228,#171,.T.);
#1013=EDGE_CURVE('',#1229,#1226,#172,.T.);
#1014=EDGE_CURVE('',#1229,#1141,#285,.T.);
#1015=EDGE_CURVE('',#1230,#1143,#286,.T.);
#1016=EDGE_CURVE('',#1231,#1142,#287,.T.);
#1017=EDGE_CURVE('',#1230,#1231,#173,.T.);
#1018=EDGE_CURVE('',#1232,#1144,#288,.T.);
#1019=EDGE_CURVE('',#1232,#1230,#174,.T.);
#1020=EDGE_CURVE('',#1233,#1145,#289,.T.);
#1021=EDGE_CURVE('',#1233,#1232,#175,.T.);
#1022=EDGE_CURVE('',#1234,#1228,#176,.T.);
#1023=EDGE_CURVE('',#1233,#1234,#177,.T.);
#1024=EDGE_CURVE('',#1231,#1229,#178,.T.);
#1025=EDGE_CURVE('',#1235,#1236,#179,.T.);
#1026=EDGE_CURVE('',#1236,#1237,#290,.T.);
#1027=EDGE_CURVE('',#1237,#1235,#180,.T.);
#1028=EDGE_CURVE('',#1223,#1238,#181,.T.);
#1029=EDGE_CURVE('',#1225,#1239,#182,.T.);
#1030=EDGE_CURVE('',#1238,#1239,#291,.T.);
#1031=EDGE_CURVE('',#1240,#1241,#183,.T.);
#1032=EDGE_CURVE('',#1241,#1242,#292,.T.);
#1033=EDGE_CURVE('',#1237,#1242,#184,.T.);
#1034=EDGE_CURVE('',#1236,#1240,#185,.T.);
#1035=EDGE_CURVE('',#1243,#1244,#293,.T.);
#1036=EDGE_CURVE('',#1244,#1242,#186,.T.);
#1037=EDGE_CURVE('',#1243,#1241,#187,.T.);
#1038=EDGE_CURVE('',#1245,#1246,#294,.T.);
#1039=EDGE_CURVE('',#1246,#1244,#188,.T.);
#1040=EDGE_CURVE('',#1245,#1243,#189,.T.);
#1041=EDGE_CURVE('',#1247,#1248,#295,.T.);
#1042=EDGE_CURVE('',#1248,#1246,#190,.T.);
#1043=EDGE_CURVE('',#1247,#1245,#191,.T.);
#1044=EDGE_CURVE('',#1239,#1248,#192,.T.);
#1045=EDGE_CURVE('',#1238,#1247,#193,.T.);
#1046=EDGE_CURVE('',#1249,#1250,#194,.T.);
#1047=EDGE_CURVE('',#1249,#1251,#195,.T.);
#1048=EDGE_CURVE('',#1251,#1187,#196,.T.);
#1049=EDGE_CURVE('',#1215,#1252,#197,.T.);
#1050=EDGE_CURVE('',#1149,#1252,#198,.F.);
#1051=EDGE_CURVE('',#1235,#1148,#199,.T.);
#1052=EDGE_CURVE('',#1224,#1177,#200,.F.);
#1053=EDGE_CURVE('',#1176,#1250,#201,.T.);
#1054=EDGE_CURVE('',#1211,#1253,#202,.F.);
#1055=EDGE_CURVE('',#1254,#1253,#203,.F.);
#1056=EDGE_CURVE('',#1255,#1254,#204,.T.);
#1057=EDGE_CURVE('',#1255,#1221,#205,.F.);
#1058=EDGE_CURVE('',#1256,#1194,#206,.F.);
#1059=EDGE_CURVE('',#1254,#1256,#207,.F.);
#1060=EDGE_CURVE('',#1253,#1196,#208,.F.);
#1061=EDGE_CURVE('',#1257,#1220,#209,.F.);
#1062=EDGE_CURVE('',#1149,#1257,#210,.F.);
#1063=EDGE_CURVE('',#1252,#1204,#211,.T.);
#1064=EDGE_CURVE('',#1179,#1253,#212,.F.);
#1065=EDGE_CURVE('',#1180,#1207,#213,.F.);
#1066=EDGE_CURVE('',#1183,#1214,#214,.T.);
#1067=EDGE_CURVE('',#1178,#1254,#215,.F.);
#1068=EDGE_CURVE('',#1177,#1255,#216,.T.);
#1069=EDGE_CURVE('',#1138,#1256,#217,.F.);
#1070=EDGE_CURVE('',#1148,#1258,#218,.T.);
#1071=EDGE_CURVE('',#1236,#1258,#219,.F.);
#1072=EDGE_CURVE('',#1222,#1255,#220,.F.);
#1073=EDGE_CURVE('',#1258,#1257,#221,.T.);
#1074=EDGE_CURVE('',#1195,#1257,#222,.F.);
#1075=EDGE_CURVE('',#1228,#1258,#223,.T.);
#1076=EDGE_CURVE('',#1256,#1227,#224,.T.);
#1077=EDGE_CURVE('',#1250,#1170,#225,.T.);
#1078=EDGE_CURVE('',#1259,#1118,#226,.T.);
#1079=EDGE_CURVE('',#1260,#1259,#227,.T.);
#1080=EDGE_CURVE('',#1119,#1260,#228,.T.);
#1081=EDGE_CURVE('',#1133,#1261,#229,.T.);
#1082=EDGE_CURVE('',#1261,#1134,#230,.F.);
#1083=EDGE_CURVE('',#1201,#1261,#231,.T.);
#1084=EDGE_CURVE('',#1154,#1259,#232,.T.);
#1085=EDGE_CURVE('',#1153,#1260,#233,.F.);
#1086=EDGE_CURVE('',#1216,#1262,#234,.T.);
#1087=EDGE_CURVE('',#1263,#1262,#1294,.T.);
#1088=EDGE_CURVE('',#1217,#1263,#296,.T.);
#1089=EDGE_CURVE('',#1219,#1166,#297,.T.);
#1090=EDGE_CURVE('',#1218,#1263,#298,.T.);
#1091=EDGE_CURVE('',#1264,#1262,#235,.T.);
#1092=EDGE_CURVE('',#1265,#1264,#236,.T.);
#1093=EDGE_CURVE('',#1265,#1186,#237,.T.);
#1094=EDGE_CURVE('',#1266,#1185,#238,.T.);
#1095=EDGE_CURVE('',#1266,#1267,#239,.T.);
#1096=EDGE_CURVE('',#1267,#1164,#240,.T.);
#1097=EDGE_CURVE('',#1124,#1268,#241,.T.);
#1098=EDGE_CURVE('',#1269,#1268,#1295,.T.);
#1099=EDGE_CURVE('',#1125,#1269,#299,.T.);
#1100=EDGE_CURVE('',#1126,#1269,#300,.T.);
#1101=EDGE_CURVE('',#1270,#1268,#242,.T.);
#1102=EDGE_CURVE('',#1271,#1270,#243,.T.);
#1103=EDGE_CURVE('',#1271,#1158,#244,.T.);
#1104=EDGE_CURVE('',#1272,#1157,#245,.T.);
#1105=EDGE_CURVE('',#1272,#1273,#246,.T.);
#1106=EDGE_CURVE('',#1273,#1128,#247,.T.);
#1107=EDGE_CURVE('',#1127,#1129,#301,.T.);
#1108=EDGE_CURVE('',#1249,#1265,#302,.T.);
#1109=EDGE_CURVE('',#1251,#1264,#303,.T.);
#1110=EDGE_CURVE('',#1184,#1267,#304,.T.);
#1111=EDGE_CURVE('',#1175,#1266,#305,.T.);
#1112=EDGE_CURVE('',#1200,#1271,#306,.T.);
#1113=EDGE_CURVE('',#1202,#1270,#307,.T.);
#1114=EDGE_CURVE('',#1155,#1273,#308,.T.);
#1115=EDGE_CURVE('',#1136,#1272,#309,.T.);
#1116=VERTEX_POINT('',#1910);
#1117=VERTEX_POINT('',#1911);
#1118=VERTEX_POINT('',#1913);
#1119=VERTEX_POINT('',#1923);
#1120=VERTEX_POINT('',#1925);
#1121=VERTEX_POINT('',#1927);
#1122=VERTEX_POINT('',#1929);
#1123=VERTEX_POINT('',#1939);
#1124=VERTEX_POINT('',#1941);
#1125=VERTEX_POINT('',#1943);
#1126=VERTEX_POINT('',#1945);
#1127=VERTEX_POINT('',#1947);
#1128=VERTEX_POINT('',#1954);
#1129=VERTEX_POINT('',#1956);
#1130=VERTEX_POINT('',#1960);
#1131=VERTEX_POINT('',#1961);
#1132=VERTEX_POINT('',#1963);
#1133=VERTEX_POINT('',#1965);
#1134=VERTEX_POINT('',#1977);
#1135=VERTEX_POINT('',#2147);
#1136=VERTEX_POINT('',#2148);
#1137=VERTEX_POINT('',#2160);
#1138=VERTEX_POINT('',#2171);
#1139=VERTEX_POINT('',#2185);
#1140=VERTEX_POINT('',#2191);
#1141=VERTEX_POINT('',#2197);
#1142=VERTEX_POINT('',#2203);
#1143=VERTEX_POINT('',#2209);
#1144=VERTEX_POINT('',#2214);
#1145=VERTEX_POINT('',#2219);
#1146=VERTEX_POINT('',#2224);
#1147=VERTEX_POINT('',#2229);
#1148=VERTEX_POINT('',#2234);
#1149=VERTEX_POINT('',#2241);
#1150=VERTEX_POINT('',#2246);
#1151=VERTEX_POINT('',#2251);
#1152=VERTEX_POINT('',#2256);
#1153=VERTEX_POINT('',#2261);
#1154=VERTEX_POINT('',#2271);
#1155=VERTEX_POINT('',#2276);
#1156=VERTEX_POINT('',#2316);
#1157=VERTEX_POINT('',#2394);
#1158=VERTEX_POINT('',#2396);
#1159=VERTEX_POINT('',#2430);
#1160=VERTEX_POINT('',#2435);
#1161=VERTEX_POINT('',#2506);
#1162=VERTEX_POINT('',#2507);
#1163=VERTEX_POINT('',#2521);
#1164=VERTEX_POINT('',#2522);
#1165=VERTEX_POINT('',#2524);
#1166=VERTEX_POINT('',#2526);
#1167=VERTEX_POINT('',#2530);
#1168=VERTEX_POINT('',#2531);
#1169=VERTEX_POINT('',#2533);
#1170=VERTEX_POINT('',#2535);
#1171=VERTEX_POINT('',#2546);
#1172=VERTEX_POINT('',#2553);
#1173=VERTEX_POINT('',#2560);
#1174=VERTEX_POINT('',#2727);
#1175=VERTEX_POINT('',#2728);
#1176=VERTEX_POINT('',#2740);
#1177=VERTEX_POINT('',#2751);
#1178=VERTEX_POINT('',#2770);
#1179=VERTEX_POINT('',#2783);
#1180=VERTEX_POINT('',#2788);
#1181=VERTEX_POINT('',#2794);
#1182=VERTEX_POINT('',#2800);
#1183=VERTEX_POINT('',#2806);
#1184=VERTEX_POINT('',#2811);
#1185=VERTEX_POINT('',#2897);
#1186=VERTEX_POINT('',#2899);
#1187=VERTEX_POINT('',#2953);
#1188=VERTEX_POINT('',#2954);
#1189=VERTEX_POINT('',#2959);
#1190=VERTEX_POINT('',#2982);
#1191=VERTEX_POINT('',#2984);
#1192=VERTEX_POINT('',#2986);
#1193=VERTEX_POINT('',#2988);
#1194=VERTEX_POINT('',#3009);
#1195=VERTEX_POINT('',#3010);
#1196=VERTEX_POINT('',#3029);
#1197=VERTEX_POINT('',#3034);
#1198=VERTEX_POINT('',#3039);
#1199=VERTEX_POINT('',#3048);
#1200=VERTEX_POINT('',#3211);
#1201=VERTEX_POINT('',#3212);
#1202=VERTEX_POINT('',#3217);
#1203=VERTEX_POINT('',#3266);
#1204=VERTEX_POINT('',#3267);
#1205=VERTEX_POINT('',#3269);
#1206=VERTEX_POINT('',#3271);
#1207=VERTEX_POINT('',#3281);
#1208=VERTEX_POINT('',#3282);
#1209=VERTEX_POINT('',#3284);
#1210=VERTEX_POINT('',#3286);
#1211=VERTEX_POINT('',#3293);
#1212=VERTEX_POINT('',#3295);
#1213=VERTEX_POINT('',#3300);
#1214=VERTEX_POINT('',#3304);
#1215=VERTEX_POINT('',#3335);
#1216=VERTEX_POINT('',#3342);
#1217=VERTEX_POINT('',#3344);
#1218=VERTEX_POINT('',#3346);
#1219=VERTEX_POINT('',#3348);
#1220=VERTEX_POINT('',#3374);
#1221=VERTEX_POINT('',#3375);
#1222=VERTEX_POINT('',#3422);
#1223=VERTEX_POINT('',#3423);
#1224=VERTEX_POINT('',#3428);
#1225=VERTEX_POINT('',#3434);
#1226=VERTEX_POINT('',#3456);
#1227=VERTEX_POINT('',#3457);
#1228=VERTEX_POINT('',#3468);
#1229=VERTEX_POINT('',#3479);
#1230=VERTEX_POINT('',#3483);
#1231=VERTEX_POINT('',#3485);
#1232=VERTEX_POINT('',#3493);
#1233=VERTEX_POINT('',#3500);
#1234=VERTEX_POINT('',#3510);
#1235=VERTEX_POINT('',#3526);
#1236=VERTEX_POINT('',#3527);
#1237=VERTEX_POINT('',#3529);
#1238=VERTEX_POINT('',#3540);
#1239=VERTEX_POINT('',#3546);
#1240=VERTEX_POINT('',#3553);
#1241=VERTEX_POINT('',#3554);
#1242=VERTEX_POINT('',#3556);
#1243=VERTEX_POINT('',#3567);
#1244=VERTEX_POINT('',#3568);
#1245=VERTEX_POINT('',#3579);
#1246=VERTEX_POINT('',#3580);
#1247=VERTEX_POINT('',#3591);
#1248=VERTEX_POINT('',#3592);
#1249=VERTEX_POINT('',#3772);
#1250=VERTEX_POINT('',#3773);
#1251=VERTEX_POINT('',#3778);
#1252=VERTEX_POINT('',#3788);
#1253=VERTEX_POINT('',#4012);
#1254=VERTEX_POINT('',#4025);
#1255=VERTEX_POINT('',#4042);
#1256=VERTEX_POINT('',#4251);
#1257=VERTEX_POINT('',#4296);
#1258=VERTEX_POINT('',#4491);
#1259=VERTEX_POINT('',#5141);
#1260=VERTEX_POINT('',#5151);
#1261=VERTEX_POINT('',#5185);
#1262=VERTEX_POINT('',#5327);
#1263=VERTEX_POINT('',#5329);
#1264=VERTEX_POINT('',#5338);
#1265=VERTEX_POINT('',#5343);
#1266=VERTEX_POINT('',#5352);
#1267=VERTEX_POINT('',#5357);
#1268=VERTEX_POINT('',#5369);
#1269=VERTEX_POINT('',#5371);
#1270=VERTEX_POINT('',#5379);
#1271=VERTEX_POINT('',#5384);
#1272=VERTEX_POINT('',#5393);
#1273=VERTEX_POINT('',#5398);
#1274=CIRCLE('',#1598,0.0178815533070923);
#1275=CIRCLE('',#1599,0.0178815533070923);
#1276=CIRCLE('',#1600,0.0178815533070923);
#1277=CIRCLE('',#1601,0.0178815533070923);
#1278=CIRCLE('',#1603,0.0188358925139777);
#1279=CIRCLE('',#1605,0.0178815533070923);
#1280=CIRCLE('',#1607,0.0188358925139777);
#1281=CIRCLE('',#1609,0.0222326424361414);
#1282=CIRCLE('',#1610,0.0233326424361414);
#1283=CIRCLE('',#1612,0.0222326424361414);
#1284=CIRCLE('',#1614,0.0233326424361414);
#1285=CIRCLE('',#1616,0.00200178921223089);
#1286=CIRCLE('',#1617,0.00200095080156494);
#1287=CIRCLE('',#1618,0.0198815533070923);
#1288=CIRCLE('',#1625,0.00200360856926576);
#1289=CIRCLE('',#1627,0.00200347876382648);
#1290=CIRCLE('',#1630,0.0222326424361413);
#1291=CIRCLE('',#1631,0.0242326424361414);
#1292=CIRCLE('',#1633,0.0222326424361414);
#1293=CIRCLE('',#1634,0.0222326424361414);
#1294=CIRCLE('',#1658,0.0233326424361414);
#1295=CIRCLE('',#1663,0.0188358925139777);
#1296=EDGE_LOOP('',(#372,#373,#374,#375,#376,#377,#378,#379,#380,#381,#382,
#383));
#1297=EDGE_LOOP('',(#384,#385,#386,#387));
#1298=EDGE_LOOP('',(#388,#389,#390,#391,#392));
#1299=EDGE_LOOP('',(#393,#394,#395,#396,#397,#398,#399,#400,#401,#402,#403,
#404,#405,#406,#407,#408,#409,#410,#411,#412,#413));
#1300=EDGE_LOOP('',(#414,#415,#416));
#1301=EDGE_LOOP('',(#417,#418,#419,#420));
#1302=EDGE_LOOP('',(#421,#422,#423,#424));
#1303=EDGE_LOOP('',(#425,#426,#427,#428));
#1304=EDGE_LOOP('',(#429,#430,#431,#432));
#1305=EDGE_LOOP('',(#433,#434,#435,#436));
#1306=EDGE_LOOP('',(#437,#438,#439,#440,#441,#442,#443));
#1307=EDGE_LOOP('',(#444,#445,#446,#447,#448,#449,#450,#451,#452,#453,#454));
#1308=EDGE_LOOP('',(#455,#456,#457,#458,#459));
#1309=EDGE_LOOP('',(#460,#461,#462,#463));
#1310=EDGE_LOOP('',(#464,#465,#466));
#1311=EDGE_LOOP('',(#467,#468,#469,#470,#471,#472));
#1312=EDGE_LOOP('',(#473,#474,#475,#476,#477));
#1313=EDGE_LOOP('',(#478,#479,#480,#481,#482));
#1314=EDGE_LOOP('',(#483,#484,#485,#486,#487));
#1315=EDGE_LOOP('',(#488,#489,#490,#491,#492));
#1316=EDGE_LOOP('',(#493,#494,#495,#496,#497));
#1317=EDGE_LOOP('',(#498,#499,#500,#501,#502,#503,#504,#505,#506,#507,#508,
#509));
#1318=EDGE_LOOP('',(#510,#511,#512,#513));
#1319=EDGE_LOOP('',(#514,#515,#516,#517));
#1320=EDGE_LOOP('',(#518,#519,#520,#521));
#1321=EDGE_LOOP('',(#522,#523,#524,#525,#526,#527));
#1322=EDGE_LOOP('',(#528,#529,#530,#531,#532,#533,#534,#535,#536,#537,#538,
#539,#540,#541,#542,#543));
#1323=EDGE_LOOP('',(#544,#545,#546,#547,#548));
#1324=EDGE_LOOP('',(#549,#550,#551,#552));
#1325=EDGE_LOOP('',(#553,#554,#555,#556));
#1326=EDGE_LOOP('',(#557,#558,#559,#560));
#1327=EDGE_LOOP('',(#561,#562,#563));
#1328=EDGE_LOOP('',(#564,#565,#566,#567));
#1329=EDGE_LOOP('',(#568,#569,#570,#571));
#1330=EDGE_LOOP('',(#572,#573,#574,#575));
#1331=EDGE_LOOP('',(#576,#577,#578,#579));
#1332=EDGE_LOOP('',(#580,#581,#582,#583,#584));
#1333=EDGE_LOOP('',(#585,#586,#587,#588));
#1334=EDGE_LOOP('',(#589,#590,#591));
#1335=EDGE_LOOP('',(#592,#593,#594,#595));
#1336=EDGE_LOOP('',(#596,#597,#598,#599,#600));
#1337=EDGE_LOOP('',(#601,#602,#603,#604));
#1338=EDGE_LOOP('',(#605,#606,#607,#608));
#1339=EDGE_LOOP('',(#609,#610,#611,#612));
#1340=EDGE_LOOP('',(#613,#614,#615,#616));
#1341=EDGE_LOOP('',(#617,#618,#619,#620,#621,#622,#623,#624,#625,#626,#627,
#628,#629,#630,#631,#632,#633,#634,#635,#636));
#1342=EDGE_LOOP('',(#637,#638,#639,#640,#641));
#1343=EDGE_LOOP('',(#642,#643,#644,#645,#646));
#1344=EDGE_LOOP('',(#647,#648,#649,#650,#651));
#1345=EDGE_LOOP('',(#652,#653,#654,#655));
#1346=EDGE_LOOP('',(#656,#657,#658,#659,#660));
#1347=EDGE_LOOP('',(#661,#662,#663,#664));
#1348=EDGE_LOOP('',(#665,#666,#667));
#1349=EDGE_LOOP('',(#668,#669,#670,#671));
#1350=EDGE_LOOP('',(#672,#673,#674,#675));
#1351=EDGE_LOOP('',(#676,#677,#678,#679));
#1352=EDGE_LOOP('',(#680,#681,#682,#683,#684,#685,#686,#687,#688,#689,#690,
#691,#692,#693));
#1353=EDGE_LOOP('',(#694,#695,#696,#697));
#1354=EDGE_LOOP('',(#698,#699,#700,#701,#702,#703,#704,#705,#706,#707,#708,
#709,#710,#711));
#1355=EDGE_LOOP('',(#712,#713,#714,#715));
#1356=EDGE_LOOP('',(#716,#717,#718,#719));
#1357=EDGE_LOOP('',(#720,#721,#722,#723,#724));
#1358=EDGE_LOOP('',(#725,#726,#727,#728));
#1359=EDGE_LOOP('',(#729,#730,#731,#732));
#1360=EDGE_LOOP('',(#733,#734,#735,#736));
#1361=EDGE_LOOP('',(#737,#738,#739,#740));
#1362=EDGE_LOOP('',(#741,#742,#743));
#1363=EDGE_LOOP('',(#744,#745,#746,#747));
#1364=EDGE_LOOP('',(#748,#749,#750,#751));
#1365=EDGE_LOOP('',(#752,#753,#754,#755));
#1366=EDGE_LOOP('',(#756,#757,#758,#759));
#1367=EDGE_LOOP('',(#760,#761,#762,#763,#764,#765,#766,#767,#768,#769,#770,
#771));
#1368=EDGE_LOOP('',(#772,#773,#774));
#1369=EDGE_LOOP('',(#775,#776,#777));
#1370=EDGE_LOOP('',(#778,#779,#780,#781));
#1371=EDGE_LOOP('',(#782,#783,#784,#785,#786,#787,#788,#789,#790,#791,#792,
#793));
#1372=EDGE_LOOP('',(#794,#795,#796));
#1373=EDGE_LOOP('',(#797,#798,#799));
#1374=EDGE_LOOP('',(#800,#801,#802,#803,#804,#805));
#1375=EDGE_LOOP('',(#806,#807,#808,#809,#810,#811));
#1376=EDGE_LOOP('',(#812,#813,#814,#815));
#1377=EDGE_LOOP('',(#816,#817,#818,#819));
#1378=EDGE_LOOP('',(#820,#821,#822,#823,#824,#825));
#1379=EDGE_LOOP('',(#826,#827,#828,#829,#830,#831));
#1380=EDGE_LOOP('',(#832,#833,#834,#835,#836,#837,#838));
#1381=EDGE_LOOP('',(#839,#840,#841,#842,#843,#844,#845));
#1382=EDGE_LOOP('',(#846,#847,#848,#849));
#1383=EDGE_LOOP('',(#850,#851,#852,#853));
#1384=EDGE_LOOP('',(#854,#855,#856,#857,#858,#859,#860));
#1385=EDGE_LOOP('',(#861,#862,#863,#864,#865,#866,#867));
#1386=FACE_BOUND('',#1296,.T.);
#1387=FACE_BOUND('',#1297,.T.);
#1388=FACE_BOUND('',#1298,.T.);
#1389=FACE_BOUND('',#1299,.T.);
#1390=FACE_BOUND('',#1300,.T.);
#1391=FACE_BOUND('',#1301,.T.);
#1392=FACE_BOUND('',#1302,.T.);
#1393=FACE_BOUND('',#1303,.T.);
#1394=FACE_BOUND('',#1304,.T.);
#1395=FACE_BOUND('',#1305,.T.);
#1396=FACE_BOUND('',#1306,.T.);
#1397=FACE_BOUND('',#1307,.T.);
#1398=FACE_BOUND('',#1308,.T.);
#1399=FACE_BOUND('',#1309,.T.);
#1400=FACE_BOUND('',#1310,.T.);
#1401=FACE_BOUND('',#1311,.T.);
#1402=FACE_BOUND('',#1312,.T.);
#1403=FACE_BOUND('',#1313,.T.);
#1404=FACE_BOUND('',#1314,.T.);
#1405=FACE_BOUND('',#1315,.T.);
#1406=FACE_BOUND('',#1316,.T.);
#1407=FACE_BOUND('',#1317,.T.);
#1408=FACE_BOUND('',#1318,.T.);
#1409=FACE_BOUND('',#1319,.T.);
#1410=FACE_BOUND('',#1320,.T.);
#1411=FACE_BOUND('',#1321,.T.);
#1412=FACE_BOUND('',#1322,.T.);
#1413=FACE_BOUND('',#1323,.T.);
#1414=FACE_BOUND('',#1324,.T.);
#1415=FACE_BOUND('',#1325,.T.);
#1416=FACE_BOUND('',#1326,.T.);
#1417=FACE_BOUND('',#1327,.T.);
#1418=FACE_BOUND('',#1328,.T.);
#1419=FACE_BOUND('',#1329,.T.);
#1420=FACE_BOUND('',#1330,.T.);
#1421=FACE_BOUND('',#1331,.T.);
#1422=FACE_BOUND('',#1332,.T.);
#1423=FACE_BOUND('',#1333,.T.);
#1424=FACE_BOUND('',#1334,.T.);
#1425=FACE_BOUND('',#1335,.T.);
#1426=FACE_BOUND('',#1336,.T.);
#1427=FACE_BOUND('',#1337,.T.);
#1428=FACE_BOUND('',#1338,.T.);
#1429=FACE_BOUND('',#1339,.T.);
#1430=FACE_BOUND('',#1340,.T.);
#1431=FACE_BOUND('',#1341,.T.);
#1432=FACE_BOUND('',#1342,.T.);
#1433=FACE_BOUND('',#1343,.T.);
#1434=FACE_BOUND('',#1344,.T.);
#1435=FACE_BOUND('',#1345,.T.);
#1436=FACE_BOUND('',#1346,.T.);
#1437=FACE_BOUND('',#1347,.T.);
#1438=FACE_BOUND('',#1348,.T.);
#1439=FACE_BOUND('',#1349,.T.);
#1440=FACE_BOUND('',#1350,.T.);
#1441=FACE_BOUND('',#1351,.T.);
#1442=FACE_BOUND('',#1352,.T.);
#1443=FACE_BOUND('',#1353,.T.);
#1444=FACE_BOUND('',#1354,.T.);
#1445=FACE_BOUND('',#1355,.T.);
#1446=FACE_BOUND('',#1356,.T.);
#1447=FACE_BOUND('',#1357,.T.);
#1448=FACE_BOUND('',#1358,.T.);
#1449=FACE_BOUND('',#1359,.T.);
#1450=FACE_BOUND('',#1360,.T.);
#1451=FACE_BOUND('',#1361,.T.);
#1452=FACE_BOUND('',#1362,.T.);
#1453=FACE_BOUND('',#1363,.T.);
#1454=FACE_BOUND('',#1364,.T.);
#1455=FACE_BOUND('',#1365,.T.);
#1456=FACE_BOUND('',#1366,.T.);
#1457=FACE_BOUND('',#1367,.T.);
#1458=FACE_BOUND('',#1368,.T.);
#1459=FACE_BOUND('',#1369,.T.);
#1460=FACE_BOUND('',#1370,.T.);
#1461=FACE_BOUND('',#1371,.T.);
#1462=FACE_BOUND('',#1372,.T.);
#1463=FACE_BOUND('',#1373,.T.);
#1464=FACE_BOUND('',#1374,.T.);
#1465=FACE_BOUND('',#1375,.T.);
#1466=FACE_BOUND('',#1376,.T.);
#1467=FACE_BOUND('',#1377,.T.);
#1468=FACE_BOUND('',#1378,.T.);
#1469=FACE_BOUND('',#1379,.T.);
#1470=FACE_BOUND('',#1380,.T.);
#1471=FACE_BOUND('',#1381,.T.);
#1472=FACE_BOUND('',#1382,.T.);
#1473=FACE_BOUND('',#1383,.T.);
#1474=FACE_BOUND('',#1384,.T.);
#1475=FACE_BOUND('',#1385,.T.);
#1476=CYLINDRICAL_SURFACE('',#1597,0.0178815533070923);
#1477=CYLINDRICAL_SURFACE('',#1604,0.0178815533070923);
#1478=CYLINDRICAL_SURFACE('',#1611,0.0222326424361413);
#1479=CYLINDRICAL_SURFACE('',#1619,0.0198815533070923);
#1480=CYLINDRICAL_SURFACE('',#1622,0.00200095080156494);
#1481=CYLINDRICAL_SURFACE('',#1623,0.00200178921223089);
#1482=CYLINDRICAL_SURFACE('',#1624,0.00200360856926576);
#1483=CYLINDRICAL_SURFACE('',#1626,0.00200347876382648);
#1484=CYLINDRICAL_SURFACE('',#1632,0.0222326424361413);
#1485=CYLINDRICAL_SURFACE('',#1635,0.0242326424361414);
#1486=CYLINDRICAL_SURFACE('',#1640,0.000999999999999968);
#1487=CYLINDRICAL_SURFACE('',#1642,0.001);
#1488=CYLINDRICAL_SURFACE('',#1643,0.001);
#1489=CYLINDRICAL_SURFACE('',#1646,0.001);
#1490=CYLINDRICAL_SURFACE('',#1648,0.000999999999999968);
#1491=CYLINDRICAL_SURFACE('',#1650,0.001);
#1492=CYLINDRICAL_SURFACE('',#1655,0.00198203103382245);
#1493=CYLINDRICAL_SURFACE('',#1656,0.00200283510993083);
#1494=ADVANCED_FACE('',(#1386),#1476,.F.);
#1495=ADVANCED_FACE('',(#1387),#76,.F.);
#1496=ADVANCED_FACE('',(#1388),#1477,.F.);
#1497=ADVANCED_FACE('',(#1389),#48,.F.);
#1498=ADVANCED_FACE('',(#1390),#49,.T.);
#1499=ADVANCED_FACE('',(#1391),#50,.F.);
#1500=ADVANCED_FACE('',(#1392),#77,.F.);
#1501=ADVANCED_FACE('',(#1393),#51,.F.);
#1502=ADVANCED_FACE('',(#1394),#52,.F.);
#1503=ADVANCED_FACE('',(#1395),#78,.F.);
#1504=ADVANCED_FACE('',(#1396),#1478,.F.);
#1505=ADVANCED_FACE('',(#1397),#53,.F.);
#1506=ADVANCED_FACE('',(#1398),#54,.T.);
#1507=ADVANCED_FACE('',(#1399),#79,.F.);
#1508=ADVANCED_FACE('',(#1400),#55,.T.);
#1509=ADVANCED_FACE('',(#1401),#14,.T.);
#1510=ADVANCED_FACE('',(#1402),#1479,.T.);
#1511=ADVANCED_FACE('',(#1403),#15,.F.);
#1512=ADVANCED_FACE('',(#1404),#16,.T.);
#1513=ADVANCED_FACE('',(#1405),#1480,.T.);
#1514=ADVANCED_FACE('',(#1406),#1481,.T.);
#1515=ADVANCED_FACE('',(#1407),#56,.T.);
#1516=ADVANCED_FACE('',(#1408),#1482,.T.);
#1517=ADVANCED_FACE('',(#1409),#1483,.T.);
#1518=ADVANCED_FACE('',(#1410),#17,.T.);
#1519=ADVANCED_FACE('',(#1411),#18,.T.);
#1520=ADVANCED_FACE('',(#1412),#1484,.F.);
#1521=ADVANCED_FACE('',(#1413),#1485,.T.);
#1522=ADVANCED_FACE('',(#1414),#19,.F.);
#1523=ADVANCED_FACE('',(#1415),#12,.T.);
#1524=ADVANCED_FACE('',(#1416),#13,.T.);
#1525=ADVANCED_FACE('',(#1417),#20,.T.);
#1526=ADVANCED_FACE('',(#1418),#21,.T.);
#1527=ADVANCED_FACE('',(#1419),#22,.T.);
#1528=ADVANCED_FACE('',(#1420),#1486,.F.);
#1529=ADVANCED_FACE('',(#1421),#23,.T.);
#1530=ADVANCED_FACE('',(#1422),#1487,.T.);
#1531=ADVANCED_FACE('',(#1423),#1488,.F.);
#1532=ADVANCED_FACE('',(#1424),#24,.F.);
#1533=ADVANCED_FACE('',(#1425),#25,.F.);
#1534=ADVANCED_FACE('',(#1426),#1489,.T.);
#1535=ADVANCED_FACE('',(#1427),#26,.F.);
#1536=ADVANCED_FACE('',(#1428),#1490,.F.);
#1537=ADVANCED_FACE('',(#1429),#27,.F.);
#1538=ADVANCED_FACE('',(#1430),#1491,.F.);
#1539=ADVANCED_FACE('',(#1431),#57,.T.);
#1540=ADVANCED_FACE('',(#1432),#58,.T.);
#1541=ADVANCED_FACE('',(#1433),#59,.F.);
#1542=ADVANCED_FACE('',(#1434),#28,.F.);
#1543=ADVANCED_FACE('',(#1435),#29,.F.);
#1544=ADVANCED_FACE('',(#1436),#30,.T.);
#1545=ADVANCED_FACE('',(#1437),#60,.F.);
#1546=ADVANCED_FACE('',(#1438),#61,.T.);
#1547=ADVANCED_FACE('',(#1439),#62,.F.);
#1548=ADVANCED_FACE('',(#1440),#63,.T.);
#1549=ADVANCED_FACE('',(#1441),#64,.F.);
#1550=ADVANCED_FACE('',(#1442),#65,.F.);
#1551=ADVANCED_FACE('',(#1443),#66,.T.);
#1552=ADVANCED_FACE('',(#1444),#67,.T.);
#1553=ADVANCED_FACE('',(#1445),#68,.F.);
#1554=ADVANCED_FACE('',(#1446),#69,.F.);
#1555=ADVANCED_FACE('',(#1447),#70,.T.);
#1556=ADVANCED_FACE('',(#1448),#71,.T.);
#1557=ADVANCED_FACE('',(#1449),#31,.T.);
#1558=ADVANCED_FACE('',(#1450),#1492,.T.);
#1559=ADVANCED_FACE('',(#1451),#72,.T.);
#1560=ADVANCED_FACE('',(#1452),#73,.F.);
#1561=ADVANCED_FACE('',(#1453),#74,.F.);
#1562=ADVANCED_FACE('',(#1454),#75,.F.);
#1563=ADVANCED_FACE('',(#1455),#1493,.T.);
#1564=ADVANCED_FACE('',(#1456),#80,.F.);
#1565=ADVANCED_FACE('',(#1457),#81,.F.);
#1566=ADVANCED_FACE('',(#1458),#32,.T.);
#1567=ADVANCED_FACE('',(#1459),#33,.F.);
#1568=ADVANCED_FACE('',(#1460),#82,.F.);
#1569=ADVANCED_FACE('',(#1461),#83,.F.);
#1570=ADVANCED_FACE('',(#1462),#34,.T.);
#1571=ADVANCED_FACE('',(#1463),#35,.F.);
#1572=ADVANCED_FACE('',(#1464),#36,.F.);
#1573=ADVANCED_FACE('',(#1465),#37,.T.);
#1574=ADVANCED_FACE('',(#1466),#38,.T.);
#1575=ADVANCED_FACE('',(#1467),#39,.F.);
#1576=ADVANCED_FACE('',(#1468),#40,.T.);
#1577=ADVANCED_FACE('',(#1469),#41,.F.);
#1578=ADVANCED_FACE('',(#1470),#42,.F.);
#1579=ADVANCED_FACE('',(#1471),#43,.T.);
#1580=ADVANCED_FACE('',(#1472),#44,.T.);
#1581=ADVANCED_FACE('',(#1473),#45,.F.);
#1582=ADVANCED_FACE('',(#1474),#46,.T.);
#1583=ADVANCED_FACE('',(#1475),#47,.F.);
#1584=CLOSED_SHELL('',(#1494,#1495,#1496,#1497,#1498,#1499,#1500,#1501,
#1502,#1503,#1504,#1505,#1506,#1507,#1508,#1509,#1510,#1511,#1512,#1513,
#1514,#1515,#1516,#1517,#1518,#1519,#1520,#1521,#1522,#1523,#1524,#1525,
#1526,#1527,#1528,#1529,#1530,#1531,#1532,#1533,#1534,#1535,#1536,#1537,
#1538,#1539,#1540,#1541,#1542,#1543,#1544,#1545,#1546,#1547,#1548,#1549,
#1550,#1551,#1552,#1553,#1554,#1555,#1556,#1557,#1558,#1559,#1560,#1561,
#1562,#1563,#1564,#1565,#1566,#1567,#1568,#1569,#1570,#1571,#1572,#1573,
#1574,#1575,#1576,#1577,#1578,#1579,#1580,#1581,#1582,#1583));
#1585=STYLED_ITEM('',(#1586),#1593);
#1586=PRESENTATION_STYLE_ASSIGNMENT((#1587));
#1587=SURFACE_STYLE_USAGE(.BOTH.,#1588);
#1588=SURFACE_SIDE_STYLE('',(#1589));
#1589=SURFACE_STYLE_FILL_AREA(#1590);
#1590=FILL_AREA_STYLE('',(#1591));
#1591=FILL_AREA_STYLE_COLOUR('',#1592);
#1592=COLOUR_RGB('',0.980392156862745,0.713725490196078,0.00392156862745098);
#1593=MANIFOLD_SOLID_BREP('front_skin2',#1584);
#1594=SHAPE_DEFINITION_REPRESENTATION(#5432,#1595);
#1595=SHAPE_REPRESENTATION('front_skin2',(#1596),#5427);
#1596=AXIS2_PLACEMENT_3D('',#1907,#1679,#1680);
#1597=AXIS2_PLACEMENT_3D('',#1908,#1681,#1682);
#1598=AXIS2_PLACEMENT_3D('',#1909,#1683,#1684);
#1599=AXIS2_PLACEMENT_3D('',#1926,#1687,#1688);
#1600=AXIS2_PLACEMENT_3D('',#1942,#1691,#1692);
#1601=AXIS2_PLACEMENT_3D('',#1946,#1694,#1695);
#1602=AXIS2_PLACEMENT_3D('',#1949,#1697,#1698);
#1603=AXIS2_PLACEMENT_3D('',#1957,#1700,#1701);
#1604=AXIS2_PLACEMENT_3D('',#1958,#1702,#1703);
#1605=AXIS2_PLACEMENT_3D('',#1962,#1705,#1706);
#1606=AXIS2_PLACEMENT_3D('',#2389,#1708,#1709);
#1607=AXIS2_PLACEMENT_3D('',#2395,#1710,#1711);
#1608=AXIS2_PLACEMENT_3D('',#2516,#1712,#1713);
#1609=AXIS2_PLACEMENT_3D('',#2523,#1714,#1715);
#1610=AXIS2_PLACEMENT_3D('',#2527,#1717,#1718);
#1611=AXIS2_PLACEMENT_3D('',#2528,#1719,#1720);
#1612=AXIS2_PLACEMENT_3D('',#2532,#1722,#1723);
#1613=AXIS2_PLACEMENT_3D('',#2892,#1725,#1726);
#1614=AXIS2_PLACEMENT_3D('',#2898,#1727,#1728);
#1615=AXIS2_PLACEMENT_3D('',#2980,#1729,#1730);
#1616=AXIS2_PLACEMENT_3D('',#2981,#1731,#1732);
#1617=AXIS2_PLACEMENT_3D('',#2983,#1733,#1734);
#1618=AXIS2_PLACEMENT_3D('',#2987,#1736,#1737);
#1619=AXIS2_PLACEMENT_3D('',#2990,#1739,#1740);
#1620=AXIS2_PLACEMENT_3D('',#3032,#1743,#1744);
#1621=AXIS2_PLACEMENT_3D('',#3041,#1747,#1748);
#1622=AXIS2_PLACEMENT_3D('',#3044,#1751,#1752);
#1623=AXIS2_PLACEMENT_3D('',#3046,#1754,#1755);
#1624=AXIS2_PLACEMENT_3D('',#3259,#1757,#1758);
#1625=AXIS2_PLACEMENT_3D('',#3270,#1760,#1761);
#1626=AXIS2_PLACEMENT_3D('',#3273,#1763,#1764);
#1627=AXIS2_PLACEMENT_3D('',#3285,#1766,#1767);
#1628=AXIS2_PLACEMENT_3D('',#3288,#1769,#1770);
#1629=AXIS2_PLACEMENT_3D('',#3297,#1773,#1774);
#1630=AXIS2_PLACEMENT_3D('',#3298,#1775,#1776);
#1631=AXIS2_PLACEMENT_3D('',#3299,#1777,#1778);
#1632=AXIS2_PLACEMENT_3D('',#3302,#1780,#1781);
#1633=AXIS2_PLACEMENT_3D('',#3343,#1786,#1787);
#1634=AXIS2_PLACEMENT_3D('',#3347,#1789,#1790);
#1635=AXIS2_PLACEMENT_3D('',#3350,#1792,#1793);
#1636=AXIS2_PLACEMENT_3D('',#3400,#1795,#1796);
#1637=AXIS2_PLACEMENT_3D('',#3466,#1797,#1798);
#1638=AXIS2_PLACEMENT_3D('',#3473,#1800,#1801);
#1639=AXIS2_PLACEMENT_3D('',#3481,#1803,#1804);
#1640=AXIS2_PLACEMENT_3D('',#3491,#1807,#1808);
#1641=AXIS2_PLACEMENT_3D('',#3498,#1810,#1811);
#1642=AXIS2_PLACEMENT_3D('',#3505,#1813,#1814);
#1643=AXIS2_PLACEMENT_3D('',#3515,#1815,#1816);
#1644=AXIS2_PLACEMENT_3D('',#3521,#1817,#1818);
#1645=AXIS2_PLACEMENT_3D('',#3534,#1820,#1821);
#1646=AXIS2_PLACEMENT_3D('',#3548,#1823,#1824);
#1647=AXIS2_PLACEMENT_3D('',#3565,#1826,#1827);
#1648=AXIS2_PLACEMENT_3D('',#3577,#1829,#1830);
#1649=AXIS2_PLACEMENT_3D('',#3589,#1832,#1833);
#1650=AXIS2_PLACEMENT_3D('',#3603,#1835,#1836);
#1651=AXIS2_PLACEMENT_3D('',#4291,#1837,#1838);
#1652=AXIS2_PLACEMENT_3D('',#4305,#1839,#1840);
#1653=AXIS2_PLACEMENT_3D('',#4310,#1841,#1842);
#1654=AXIS2_PLACEMENT_3D('',#5110,#1843,#1844);
#1655=AXIS2_PLACEMENT_3D('',#5111,#1845,#1846);
#1656=AXIS2_PLACEMENT_3D('',#5321,#1847,#1848);
#1657=AXIS2_PLACEMENT_3D('',#5322,#1849,#1850);
#1658=AXIS2_PLACEMENT_3D('',#5328,#1851,#1852);
#1659=AXIS2_PLACEMENT_3D('',#5331,#1854,#1855);
#1660=AXIS2_PLACEMENT_3D('',#5362,#1858,#1859);
#1661=AXIS2_PLACEMENT_3D('',#5363,#1860,#1861);
#1662=AXIS2_PLACEMENT_3D('',#5364,#1862,#1863);
#1663=AXIS2_PLACEMENT_3D('',#5370,#1864,#1865);
#1664=AXIS2_PLACEMENT_3D('',#5373,#1867,#1868);
#1665=AXIS2_PLACEMENT_3D('',#5404,#1871,#1872);
#1666=AXIS2_PLACEMENT_3D('',#5405,#1873,#1874);
#1667=AXIS2_PLACEMENT_3D('',#5406,#1875,#1876);
#1668=AXIS2_PLACEMENT_3D('',#5408,#1878,#1879);
#1669=AXIS2_PLACEMENT_3D('',#5410,#1881,#1882);
#1670=AXIS2_PLACEMENT_3D('',#5411,#1883,#1884);
#1671=AXIS2_PLACEMENT_3D('',#5414,#1887,#1888);
#1672=AXIS2_PLACEMENT_3D('',#5415,#1889,#1890);
#1673=AXIS2_PLACEMENT_3D('',#5416,#1891,#1892);
#1674=AXIS2_PLACEMENT_3D('',#5418,#1894,#1895);
#1675=AXIS2_PLACEMENT_3D('',#5420,#1897,#1898);
#1676=AXIS2_PLACEMENT_3D('',#5421,#1899,#1900);
#1677=AXIS2_PLACEMENT_3D('',#5424,#1903,#1904);
#1678=AXIS2_PLACEMENT_3D('',#5425,#1905,#1906);
#1679=DIRECTION('',(0.,0.,1.));
#1680=DIRECTION('',(1.,0.,0.));
#1681=DIRECTION('',(0.,0.,1.));
#1682=DIRECTION('',(0.,-1.,0.));
#1683=DIRECTION('',(0.,0.,1.));
#1684=DIRECTION('',(0.,-1.,0.));
#1685=DIRECTION('',(0.,0.,1.));
#1686=DIRECTION('',(0.,0.,1.));
#1687=DIRECTION('',(0.,0.,1.));
#1688=DIRECTION('',(0.,-1.,0.));
#1689=DIRECTION('',(0.,0.,1.));
#1690=DIRECTION('',(0.,0.,1.));
#1691=DIRECTION('',(0.,0.,1.));
#1692=DIRECTION('',(0.,-1.,0.));
#1693=DIRECTION('',(0.,0.,1.));
#1694=DIRECTION('',(0.,0.,-1.));
#1695=DIRECTION('',(0.,1.,0.));
#1696=DIRECTION('',(0.,0.,1.));
#1697=DIRECTION('',(0.,0.,1.));
#1698=DIRECTION('',(0.,-1.,0.));
#1699=DIRECTION('',(-0.75,-0.433012701892219,0.5));
#1700=DIRECTION('',(0.,0.,-1.));
#1701=DIRECTION('',(0.,1.,0.));
#1702=DIRECTION('',(0.,0.,1.));
#1703=DIRECTION('',(0.,-1.,0.));
#1704=DIRECTION('',(0.,0.,1.));
#1705=DIRECTION('',(0.,0.,1.));
#1706=DIRECTION('',(0.,-1.,0.));
#1707=DIRECTION('',(0.,0.,1.));
#1708=DIRECTION('',(0.,0.,1.));
#1709=DIRECTION('',(0.,-1.,0.));
#1710=DIRECTION('',(0.,0.,-1.));
#1711=DIRECTION('',(0.,1.,0.));
#1712=DIRECTION('',(0.,0.,1.));
#1713=DIRECTION('',(0.,-1.,0.));
#1714=DIRECTION('',(0.,0.,-1.));
#1715=DIRECTION('',(0.,1.,0.));
#1716=DIRECTION('',(0.75,0.433012701892219,0.5));
#1717=DIRECTION('',(0.,0.,-1.));
#1718=DIRECTION('',(0.,1.,0.));
#1719=DIRECTION('',(0.,0.,1.));
#1720=DIRECTION('',(0.,-1.,0.));
#1721=DIRECTION('',(0.,0.,1.));
#1722=DIRECTION('',(0.,0.,-1.));
#1723=DIRECTION('',(0.,1.,0.));
#1724=DIRECTION('',(0.,0.,1.));
#1725=DIRECTION('',(0.,0.,1.));
#1726=DIRECTION('',(0.,-1.,0.));
#1727=DIRECTION('',(0.,0.,-1.));
#1728=DIRECTION('',(0.,1.,0.));
#1729=DIRECTION('',(0.,0.,1.));
#1730=DIRECTION('',(1.,0.,0.));
#1731=DIRECTION('',(0.,0.,-1.));
#1732=DIRECTION('',(-1.,0.,0.));
#1733=DIRECTION('',(0.,0.,-1.));
#1734=DIRECTION('',(-1.,0.,0.));
#1735=DIRECTION('',(-1.,0.,0.));
#1736=DIRECTION('',(0.,0.,1.));
#1737=DIRECTION('',(0.,-1.,0.));
#1738=DIRECTION('',(-1.,0.,0.));
#1739=DIRECTION('',(0.,0.,1.));
#1740=DIRECTION('',(0.,-1.,0.));
#1741=DIRECTION('',(0.,0.,1.));
#1742=DIRECTION('',(0.,0.,1.));
#1743=DIRECTION('',(0.,1.,0.));
#1744=DIRECTION('',(1.,0.,0.));
#1745=DIRECTION('',(0.,0.,1.));
#1746=DIRECTION('',(0.,0.,1.));
#1747=DIRECTION('',(0.,1.,0.));
#1748=DIRECTION('',(1.,0.,0.));
#1749=DIRECTION('',(0.,0.,1.));
#1750=DIRECTION('',(0.,0.,1.));
#1751=DIRECTION('',(0.,0.,-1.));
#1752=DIRECTION('',(-1.,0.,0.));
#1753=DIRECTION('',(0.,0.,1.));
#1754=DIRECTION('',(0.,0.,-1.));
#1755=DIRECTION('',(-1.,0.,0.));
#1756=DIRECTION('',(0.,0.,1.));
#1757=DIRECTION('',(0.,0.,-1.));
#1758=DIRECTION('',(-1.,0.,0.));
#1759=DIRECTION('',(0.,0.,1.));
#1760=DIRECTION('',(0.,0.,-1.));
#1761=DIRECTION('',(-1.,0.,0.));
#1762=DIRECTION('',(0.,0.,1.));
#1763=DIRECTION('',(0.,0.,1.));
#1764=DIRECTION('',(-0.62479853635627,-0.780786007153729,0.));
#1765=DIRECTION('',(0.,0.,1.));
#1766=DIRECTION('',(0.,0.,1.));
#1767=DIRECTION('',(1.,0.,0.));
#1768=DIRECTION('',(0.,0.,1.));
#1769=DIRECTION('',(-0.000170601799880414,-0.999999985447513,0.));
#1770=DIRECTION('',(-0.999999985447513,0.000170601799880414,0.));
#1771=DIRECTION('',(0.,0.,1.));
#1772=DIRECTION('',(0.999999985447513,-0.000170601799880414,0.));
#1773=DIRECTION('',(0.,0.,1.));
#1774=DIRECTION('',(1.,0.,0.));
#1775=DIRECTION('',(0.,0.,1.));
#1776=DIRECTION('',(0.,-1.,0.));
#1777=DIRECTION('',(0.,0.,1.));
#1778=DIRECTION('',(0.,-1.,0.));
#1779=DIRECTION('',(0.99999998544744,0.000170602226673431,0.));
#1780=DIRECTION('',(0.,0.,1.));
#1781=DIRECTION('',(0.,-1.,0.));
#1782=DIRECTION('',(0.,0.,1.));
#1783=DIRECTION('',(0.,0.,1.));
#1784=DIRECTION('',(0.,0.,1.));
#1785=DIRECTION('',(0.,0.,1.));
#1786=DIRECTION('',(0.,0.,-1.));
#1787=DIRECTION('',(0.,1.,0.));
#1788=DIRECTION('',(0.,0.,1.));
#1789=DIRECTION('',(0.,0.,-1.));
#1790=DIRECTION('',(0.,1.,0.));
#1791=DIRECTION('',(0.,0.,1.));
#1792=DIRECTION('',(0.,0.,1.));
#1793=DIRECTION('',(0.,-1.,0.));
#1794=DIRECTION('',(0.,0.,1.));
#1795=DIRECTION('',(0.000170602226673431,-0.99999998544744,0.));
#1796=DIRECTION('',(-0.99999998544744,-0.000170602226673431,0.));
#1797=DIRECTION('',(1.,0.,0.));
#1798=DIRECTION('',(0.,-1.,0.));
#1799=DIRECTION('',(0.,1.,0.));
#1800=DIRECTION('',(-1.,0.,0.));
#1801=DIRECTION('',(0.,1.,0.));
#1802=DIRECTION('',(0.,1.,0.));
#1803=DIRECTION('',(0.00234369216481192,0.,-0.999997253549747));
#1804=DIRECTION('',(-0.999997253549747,0.,-0.00234369216481192));
#1805=DIRECTION('',(0.,1.,0.));
#1806=DIRECTION('',(0.,1.,0.));
#1807=DIRECTION('',(0.,1.,0.));
#1808=DIRECTION('',(1.,0.,0.));
#1809=DIRECTION('',(0.,1.,0.));
#1810=DIRECTION('',(0.827782894458263,0.,-0.5610485537298));
#1811=DIRECTION('',(-0.5610485537298,0.,-0.827782894458263));
#1812=DIRECTION('',(0.,1.,0.));
#1813=DIRECTION('',(0.,1.,0.));
#1814=DIRECTION('',(1.,0.,0.));
#1815=DIRECTION('',(0.,1.,0.));
#1816=DIRECTION('',(1.,0.,0.));
#1817=DIRECTION('',(1.,0.,0.));
#1818=DIRECTION('',(0.,-1.,0.));
#1819=DIRECTION('',(0.,1.,0.));
#1820=DIRECTION('',(-1.,0.,0.));
#1821=DIRECTION('',(0.,1.,0.));
#1822=DIRECTION('',(0.,1.,0.));
#1823=DIRECTION('',(0.,1.,0.));
#1824=DIRECTION('',(1.,0.,0.));
#1825=DIRECTION('',(0.,1.,0.));
#1826=DIRECTION('',(0.827782894458263,0.,0.5610485537298));
#1827=DIRECTION('',(0.5610485537298,0.,-0.827782894458263));
#1828=DIRECTION('',(0.,1.,0.));
#1829=DIRECTION('',(0.,1.,0.));
#1830=DIRECTION('',(1.,0.,0.));
#1831=DIRECTION('',(0.,1.,0.));
#1832=DIRECTION('',(0.00234369216481192,0.,0.999997253549747));
#1833=DIRECTION('',(0.999997253549747,0.,-0.00234369216481192));
#1834=DIRECTION('',(0.,1.,0.));
#1835=DIRECTION('',(0.,1.,0.));
#1836=DIRECTION('',(1.,0.,0.));
#1837=DIRECTION('',(9.87175277550318E-5,-0.999997589587371,-0.00219341612495805));
#1838=DIRECTION('',(0.,0.00219341613564564,-0.999997594459935));
#1839=DIRECTION('',(-0.000105291911866712,0.999997314939339,-0.00231495739172889));
#1840=DIRECTION('',(0.,0.00231495740456115,0.999997320482518));
#1841=DIRECTION('',(-9.87175271359787E-5,-0.99999758958714,0.0021934162305023));
#1842=DIRECTION('',(0.,-0.00219341624118989,-0.999997594459703));
#1843=DIRECTION('',(0.000105291790901062,0.999997314951286,0.00231495223639698));
#1844=DIRECTION('',(0.,-0.00231495224922918,0.999997320494452));
#1845=DIRECTION('',(-0.0129376112343672,-0.00568553064891347,-0.999900141492534));
#1846=DIRECTION('',(-0.999916302899755,0.,0.0129378203452523));
#1847=DIRECTION('',(-0.0127440704882093,0.00528213168957195,-0.999904839348328));
#1848=DIRECTION('',(-0.999918788770288,0.,0.0127442482775446));
#1849=DIRECTION('',(0.,0.,1.));
#1850=DIRECTION('',(0.,-1.,0.));
#1851=DIRECTION('',(0.,0.,-1.));
#1852=DIRECTION('',(0.,1.,0.));
#1853=DIRECTION('',(0.75,-0.43301270189222,0.5));
#1854=DIRECTION('',(0.,0.,-1.));
#1855=DIRECTION('',(0.,1.,0.));
#1856=DIRECTION('',(0.75,0.433012701892219,-0.5));
#1857=DIRECTION('',(0.75,-0.43301270189222,-0.5));
#1858=DIRECTION('',(-0.5,-0.866025403784438,0.));
#1859=DIRECTION('',(0.,0.,-1.));
#1860=DIRECTION('',(0.5,-0.866025403784439,0.));
#1861=DIRECTION('',(0.,0.,-1.));
#1862=DIRECTION('',(0.,0.,1.));
#1863=DIRECTION('',(0.,-1.,0.));
#1864=DIRECTION('',(0.,0.,-1.));
#1865=DIRECTION('',(0.,1.,0.));
#1866=DIRECTION('',(-0.75,0.433012701892219,0.5));
#1867=DIRECTION('',(0.,0.,-1.));
#1868=DIRECTION('',(0.,1.,0.));
#1869=DIRECTION('',(-0.75,0.433012701892219,-0.5));
#1870=DIRECTION('',(-0.75,-0.433012701892219,-0.5));
#1871=DIRECTION('',(0.5,0.866025403784439,0.));
#1872=DIRECTION('',(0.,0.,-1.));
#1873=DIRECTION('',(-0.5,0.866025403784439,0.));
#1874=DIRECTION('',(0.,0.,-1.));
#1875=DIRECTION('',(-0.866025403784438,-0.5,0.));
#1876=DIRECTION('',(-0.5,0.866025403784438,0.));
#1877=DIRECTION('',(0.,0.,1.));
#1878=DIRECTION('',(-0.866025403784439,0.5,0.));
#1879=DIRECTION('',(0.5,0.866025403784439,0.));
#1880=DIRECTION('',(0.,0.,1.));
#1881=DIRECTION('',(0.,1.,0.));
#1882=DIRECTION('',(1.,0.,0.));
#1883=DIRECTION('',(0.,1.,0.));
#1884=DIRECTION('',(1.,0.,0.));
#1885=DIRECTION('',(0.,0.,1.));
#1886=DIRECTION('',(0.,0.,1.));
#1887=DIRECTION('',(0.866025403784438,-0.5,0.));
#1888=DIRECTION('',(-0.5,-0.866025403784438,0.));
#1889=DIRECTION('',(0.866025403784439,0.5,0.));
#1890=DIRECTION('',(0.5,-0.866025403784439,0.));
#1891=DIRECTION('',(0.866025403784439,0.5,0.));
#1892=DIRECTION('',(0.5,-0.866025403784439,0.));
#1893=DIRECTION('',(0.,0.,1.));
#1894=DIRECTION('',(0.866025403784439,-0.5,0.));
#1895=DIRECTION('',(-0.5,-0.866025403784439,0.));
#1896=DIRECTION('',(0.,0.,1.));
#1897=DIRECTION('',(0.,-1.,0.));
#1898=DIRECTION('',(-1.,0.,0.));
#1899=DIRECTION('',(0.,-1.,0.));
#1900=DIRECTION('',(-1.,0.,0.));
#1901=DIRECTION('',(0.,0.,1.));
#1902=DIRECTION('',(0.,0.,1.));
#1903=DIRECTION('',(-0.866025403784439,0.5,0.));
#1904=DIRECTION('',(0.5,0.866025403784439,0.));
#1905=DIRECTION('',(-0.866025403784439,-0.5,0.));
#1906=DIRECTION('',(-0.5,0.866025403784439,0.));
#1907=CARTESIAN_POINT('',(0.,0.,0.));
#1908=CARTESIAN_POINT('',(0.0325382206761618,-1.09947523531568E-17,0.0245));
#1909=CARTESIAN_POINT('',(0.0325382206761618,0.,0.0475840972981151));
#1910=CARTESIAN_POINT('',(0.0170523412530942,-0.00894077665354613,0.047584097298115));
#1911=CARTESIAN_POINT('',(0.0307016983883436,-0.017786993409813,0.0475840972981151));
#1912=CARTESIAN_POINT('',(0.0307016983883436,-0.017786993409813,0.0245));
#1913=CARTESIAN_POINT('',(0.0307016983883488,-0.0177869934098219,0.0466632827366608));
#1914=CARTESIAN_POINT('',(0.0307016983883497,-0.0177869934098137,0.0466632827366613));
#1915=CARTESIAN_POINT('',(0.0288325812395423,-0.0175940054650145,0.0467757346373159));
#1916=CARTESIAN_POINT('',(0.0261282519243085,-0.0168767203457284,0.0469372546469164));
#1917=CARTESIAN_POINT('',(0.022811402454244,-0.0150913718111547,0.0471356737997331));
#1918=CARTESIAN_POINT('',(0.0205981611384616,-0.0134092019976459,0.0472645697556742));
#1919=CARTESIAN_POINT('',(0.0186369614514897,-0.0113636833832643,0.0473721193827341));
#1920=CARTESIAN_POINT('',(0.0165186316316072,-0.0083167258123738,0.0474772528600297));
#1921=CARTESIAN_POINT('',(0.015471884147711,-0.00566047870970165,0.0475172284591159));
#1922=CARTESIAN_POINT('',(0.0150693703521035,-0.00381958335817273,0.0475312210232979));
#1923=CARTESIAN_POINT('',(0.0150690883053643,-0.00381964712902305,0.0475314974385653));
#1924=CARTESIAN_POINT('',(0.0150693416864332,-0.00381945225347866,0.0245));
#1925=CARTESIAN_POINT('',(0.0150690705494864,-0.00381965152224967,0.0495));
#1926=CARTESIAN_POINT('',(0.0325382206761618,-1.09947523531568E-17,0.0495));
#1927=CARTESIAN_POINT('',(0.0150694975752397,0.00382016516291341,0.0495));
#1928=CARTESIAN_POINT('',(0.0150694975759107,0.00382016516261003,0.0475312209931269));
#1929=CARTESIAN_POINT('',(0.0150693474327433,0.0038200188693176,0.0475312199057687));
#1930=CARTESIAN_POINT('',(0.0307016983883497,0.0177869934098136,0.046663298926879));
#1931=CARTESIAN_POINT('',(0.0288326209711143,0.0175940095673333,0.0467757482256167));
#1932=CARTESIAN_POINT('',(0.0261283390786809,0.0168767475252784,0.046937264074683));
#1933=CARTESIAN_POINT('',(0.0228115333990296,0.0150914527850285,0.047135677654495));
#1934=CARTESIAN_POINT('',(0.0205983221491982,0.0134093416033723,0.0472645696644412));
#1935=CARTESIAN_POINT('',(0.0186371289476605,0.0113638840411248,0.0473721170746862));
#1936=CARTESIAN_POINT('',(0.0165187929233161,0.00831702206488299,0.047477249161758));
#1937=CARTESIAN_POINT('',(0.0154720094214955,0.00566084414944329,0.0475172257154898));
#1938=CARTESIAN_POINT('',(0.0150694601894762,0.00381999420591133,0.0475312190843901));
#1939=CARTESIAN_POINT('',(0.0307016983883488,0.017786993409822,0.0466632989268785));
#1940=CARTESIAN_POINT('',(0.0307016983883436,0.017786993409813,0.0245));
#1941=CARTESIAN_POINT('',(0.0307016983883436,0.017786993409813,0.0475840972981151));
#1942=CARTESIAN_POINT('',(0.0325382206761618,0.,0.0475840972981151));
#1943=CARTESIAN_POINT('',(0.0170523412530942,0.00894077665354612,0.047584097298115));
#1944=CARTESIAN_POINT('',(0.0170523412530942,0.00894077665354612,0.0245));
#1945=CARTESIAN_POINT('',(0.0170523412530942,0.00894077665354612,0.0486860732941022));
#1946=CARTESIAN_POINT('',(0.0325382206761618,0.,0.0486860732941021));
#1947=CARTESIAN_POINT('',(0.0170523412530942,-0.00894077665354613,0.0486860732941021));
#1948=CARTESIAN_POINT('',(0.0170523412530942,-0.00894077665354613,0.0245));
#1949=CARTESIAN_POINT('',(0.0325382206761618,0.,0.0475));
#1950=CARTESIAN_POINT('',(0.0307016983883437,-0.017786993409813,0.0475840972981151));
#1951=CARTESIAN_POINT('',(0.0308959632385817,-0.01812347000055,0.0477658155919567));
#1952=CARTESIAN_POINT('',(0.0310897420760514,-0.0184591047924793,0.0479495852846629));
#1953=CARTESIAN_POINT('',(0.0312831109703283,-0.0187940295419701,0.0481350852961086));
#1954=CARTESIAN_POINT('',(0.0312831109703283,-0.0187940295419701,0.0481350852961086));
#1955=CARTESIAN_POINT('',(0.0167021732281854,-0.00914294625698887,0.0478175426480543));
#1956=CARTESIAN_POINT('',(0.0162258592561039,-0.00941794625698887,0.0481350852961086));
#1957=CARTESIAN_POINT('',(0.0325382206761618,0.,0.0481350852961086));
#1958=CARTESIAN_POINT('',(0.0325382206761618,-1.09947523531568E-17,0.0245));
#1959=CARTESIAN_POINT('',(0.0343747429639798,-0.017786993409813,0.0245));
#1960=CARTESIAN_POINT('',(0.0343747429639799,-0.017786993409813,0.0475840972981151));
#1961=CARTESIAN_POINT('',(0.0343747429639798,-0.0177869934098129,0.0464377188150425));
#1962=CARTESIAN_POINT('',(0.0325382206761618,0.,0.0475840972981151));
#1963=CARTESIAN_POINT('',(0.0343747429639799,0.017786993409813,0.0475840972981151));
#1964=CARTESIAN_POINT('',(0.0343747429639799,0.017786993409813,0.0245));
#1965=CARTESIAN_POINT('',(0.0343747429639798,0.0177869934098129,0.0464377346000562));
#1966=CARTESIAN_POINT('',(0.0504197739828416,1.21464057857716E-7,0.0447428383104984));
#1967=CARTESIAN_POINT('',(0.05041976646521,0.00110684334495429,0.0447428398433865));
#1968=CARTESIAN_POINT('',(0.0502191838018568,0.00327828281473091,0.0447831966483139));
#1969=CARTESIAN_POINT('',(0.0493150782395354,0.00647264165355774,0.0449492051177503));
#1970=CARTESIAN_POINT('',(0.0478652352612599,0.00940449940701734,0.0451845094053108));
#1971=CARTESIAN_POINT('',(0.0458758715132267,0.0120601616280329,0.0454588614356174));
#1972=CARTESIAN_POINT('',(0.0434795207603538,0.0142702630416058,0.0457322263789407));
#1973=CARTESIAN_POINT('',(0.0406675467473206,0.0160395422726038,0.0459933307467565));
#1974=CARTESIAN_POINT('',(0.037637054957094,0.0172437859046314,0.0462251961791303));
#1975=CARTESIAN_POINT('',(0.0354585547807227,0.0176750889124431,0.0463690122111596));
#1976=CARTESIAN_POINT('',(0.0343747429639799,0.0177869934098131,0.0464377346000562));
#1977=CARTESIAN_POINT('',(0.0504197739828416,1.21464057857716E-7,0.0447428383104984));
#1978=CARTESIAN_POINT('',(0.0504197739828416,1.21464078583728E-7,0.0447428383104984));
#1979=CARTESIAN_POINT('',(0.0504197815005439,-0.0011066106262754,0.044742836777596));
#1980=CARTESIAN_POINT('',(0.0502192247254974,-0.00327807260452034,0.0447831883106184));
#1981=CARTESIAN_POINT('',(0.0493151455499569,-0.00647247239884549,0.0449491918333129));
#1982=CARTESIAN_POINT('',(0.0478653167155302,-0.00940437018948505,0.0451844937479424));
#1983=CARTESIAN_POINT('',(0.0458759541931729,-0.0120600730541905,0.045458845215968));
#1984=CARTESIAN_POINT('',(0.0434795939770271,-0.0142702091655481,0.0457322101937482));
#1985=CARTESIAN_POINT('',(0.0406676020339058,-0.0160395164130499,0.0459933145161527));
#1986=CARTESIAN_POINT('',(0.0376370829698491,-0.0172437795997551,0.0462251800264124));
#1987=CARTESIAN_POINT('',(0.0354585641539494,-0.0176750879446494,0.0463689961882887));
#1988=CARTESIAN_POINT('',(0.0343747429639798,-0.017786993409813,0.0464377188150425));
#1989=CARTESIAN_POINT('',(-4.08996777155262E-5,-0.00257439589576041,0.0465989345156316));
#1990=CARTESIAN_POINT('',(0.000292895305849778,-0.00257626567576448,0.0465989342318933));
#1991=CARTESIAN_POINT('',(0.000846646744651992,-0.00254027000182164,0.0465989397275186));
#1992=CARTESIAN_POINT('',(0.00161153567717745,-0.00239224971931621,0.0465989588931545));
#1993=CARTESIAN_POINT('',(0.00226594790392562,-0.00217590580093976,0.0465989836914069));
#1994=CARTESIAN_POINT('',(0.00286529855348501,-0.00186600739428869,0.0465990138613305));
#1995=CARTESIAN_POINT('',(0.00335641361973462,-0.00148387384446384,0.046599044121614));
#1996=CARTESIAN_POINT('',(0.00370447937756065,-0.00106377510860173,0.0465990691762312));
#1997=CARTESIAN_POINT('',(0.00394783976686718,-0.000571187314662084,0.0465990887801851));
#1998=CARTESIAN_POINT('',(0.0040114381411352,-0.000214406618214375,0.0465990946902203));
#1999=CARTESIAN_POINT('',(0.00401143674959546,1.21491319761474E-7,0.0465990946902092));
#2000=CARTESIAN_POINT('',(-0.00014608153722912,-0.00855801526615716,0.0465908996473566));
#2001=CARTESIAN_POINT('',(0.00104693161621474,-0.00856374184427719,0.0465908997577263));
#2002=CARTESIAN_POINT('',(0.00299269860750368,-0.00845370558963895,0.0465908974800877));
#2003=CARTESIAN_POINT('',(0.00561393726080762,-0.0079877227051575,0.0465908998381167));
#2004=CARTESIAN_POINT('',(0.00780741995252961,-0.00729530114934381,0.0465909103154283));
#2005=CARTESIAN_POINT('',(0.00977162971589641,-0.00628686214762303,0.0465909160565175));
#2006=CARTESIAN_POINT('',(0.0113470746122941,-0.00502497314178117,0.0465909031533081));
#2007=CARTESIAN_POINT('',(0.0124408663708735,-0.00361954546646499,0.0465908848014812));
#2008=CARTESIAN_POINT('',(0.0131921221859447,-0.00195415919959204,0.0465908700540453));
#2009=CARTESIAN_POINT('',(0.013383234431172,-0.000735959915681579,0.0465908663474447));
#2010=CARTESIAN_POINT('',(0.0133832266797731,1.21557589564997E-7,0.0465908663651389));
#2011=CARTESIAN_POINT('',(-0.000396704007646833,-0.0173784870978583,0.0464988350421495));
#2012=CARTESIAN_POINT('',(0.0028503364142178,-0.0173851770154307,0.0464988301075127));
#2013=CARTESIAN_POINT('',(0.0078422259878744,-0.0172590208510311,0.0464989265049485));
#2014=CARTESIAN_POINT('',(0.0139505309734599,-0.0165739841611714,0.046499233192028));
#2015=CARTESIAN_POINT('',(0.0185931420501012,-0.0154338944831706,0.0464996122475735));
#2016=CARTESIAN_POINT('',(0.0223133157472514,-0.0135993060628036,0.0465000960692169));
#2017=CARTESIAN_POINT('',(0.0249560643966219,-0.0111151548318834,0.0465006328756622));
#2018=CARTESIAN_POINT('',(0.0265574117801728,-0.00816720206158898,0.0465011004820185));
#2019=CARTESIAN_POINT('',(0.0275156267815583,-0.00450578943814673,0.0465014684774667));
#2020=CARTESIAN_POINT('',(0.027703540599909,-0.00171642437239794,0.0465015775328421));
#2021=CARTESIAN_POINT('',(0.027703490709593,1.216821653881E-7,0.0465015774688573));
#2022=CARTESIAN_POINT('',(-0.000728217595352332,-0.0277042718002426,0.0450117713876926));
#2023=CARTESIAN_POINT('',(0.00523714094196766,-0.0277089480132877,0.0450119268690658));
#2024=CARTESIAN_POINT('',(0.0142053329463716,-0.0276263553952327,0.0450089043836825));
#2025=CARTESIAN_POINT('',(0.0247287357230138,-0.026834417964055,0.0449984759114021));
#2026=CARTESIAN_POINT('',(0.0323418467672735,-0.0253042220453706,0.0449850095627741));
#2027=CARTESIAN_POINT('',(0.038037647623309,-0.0225824818144949,0.0449684842584993));
#2028=CARTESIAN_POINT('',(0.0417235342413134,-0.0186598907326424,0.0449516807331731));
#2029=CARTESIAN_POINT('',(0.0436735449233634,-0.0138159037234386,0.044937639170605));
#2030=CARTESIAN_POINT('',(0.0446406296901552,-0.00766467962116685,0.044926617694067));
#2031=CARTESIAN_POINT('',(0.0447389432565028,-0.00291889154210922,0.0449232942109377));
#2032=CARTESIAN_POINT('',(0.044738808191425,1.21834934932519E-7,0.0449232946059307));
#2033=CARTESIAN_POINT('',(-0.000941908695850022,-0.0344593984068114,0.0429167064232141));
#2034=CARTESIAN_POINT('',(0.00677535561883795,-0.0344621266663785,0.0429170934359309));
#2035=CARTESIAN_POINT('',(0.0183191758017019,-0.0344208121675439,0.0429095765501332));
#2036=CARTESIAN_POINT('',(0.0317225584793776,-0.0335812457018769,0.0428839345191005));
#2037=CARTESIAN_POINT('',(0.0412868298002332,-0.0318061971642426,0.0428510643386373));
#2038=CARTESIAN_POINT('',(0.0482900718748202,-0.0284935620770654,0.0428105788584542));
#2039=CARTESIAN_POINT('',(0.0526714480350031,-0.0236007689719153,0.0427689196420169));
#2040=CARTESIAN_POINT('',(0.0548558820112422,-0.0174836964708929,0.0427338580747593));
#2041=CARTESIAN_POINT('',(0.0558297445925371,-0.00968474755397573,0.04270634854401));
#2042=CARTESIAN_POINT('',(0.0558677786060987,-0.00367541750475769,0.0426980747882105));
#2043=CARTESIAN_POINT('',(0.0558675747142879,1.21931045672826E-7,0.0426980761453857));
#2044=CARTESIAN_POINT('',(-0.00109337989192015,-0.0396641742162034,0.0397477420481917));
#2045=CARTESIAN_POINT('',(0.00786503746905656,-0.0396653870677696,0.0397484161607354));
#2046=CARTESIAN_POINT('',(0.0212613330432179,-0.0396565049383705,0.0397353512152794));
#2047=CARTESIAN_POINT('',(0.0367893179072978,-0.0387708640600094,0.0396912837488498));
#2048=CARTESIAN_POINT('',(0.0478372306253379,-0.0367860619568591,0.0396358157002285));
#2049=CARTESIAN_POINT('',(0.055880481472504,-0.0329814776467116,0.0395679214316452));
#2050=CARTESIAN_POINT('',(0.0608572710127267,-0.0273012151356973,0.0394963217305513));
#2051=CARTESIAN_POINT('',(0.0632827601999623,-0.0201816812884012,0.0394352408186142));
#2052=CARTESIAN_POINT('',(0.0643135641066497,-0.0111287640042484,0.0393873659588419));
#2053=CARTESIAN_POINT('',(0.0643218727617188,-0.00420108819879217,0.0393730232778525));
#2054=CARTESIAN_POINT('',(0.0643216090452795,1.21997820777338E-7,0.0393730264420059));
#2055=CARTESIAN_POINT('',(-0.001183702654422,-0.0431257393502776,0.0357993424167383));
#2056=CARTESIAN_POINT('',(0.00851431621306466,-0.0431261499474975,0.0358002171294675));
#2057=CARTESIAN_POINT('',(0.023035830147004,-0.0431350466530218,0.0357833075115187));
#2058=CARTESIAN_POINT('',(0.0398951495160731,-0.0422013744439764,0.0357261052142059));
#2059=CARTESIAN_POINT('',(0.0519063339844696,-0.040053095760049,0.0356545671039308));
#2060=CARTESIAN_POINT('',(0.0606616220310574,-0.0358896952781253,0.0355697001508436));
#2061=CARTESIAN_POINT('',(0.066077711277766,-0.0296524284348328,0.0354793639423601));
#2062=CARTESIAN_POINT('',(0.0687072497836055,-0.0218527236318203,0.0354006139115442));
#2063=CARTESIAN_POINT('',(0.0698144194792728,-0.0119874445696263,0.0353390526010531));
#2064=CARTESIAN_POINT('',(0.06981593037538,-0.00450096600603949,0.0353206660796304));
#2065=CARTESIAN_POINT('',(0.0698156270279256,1.22035910458356E-7,0.0353206712335277));
#2066=CARTESIAN_POINT('',(-0.00122818837495926,-0.0449885754244487,0.0319719133195223));
#2067=CARTESIAN_POINT('',(0.00883389858102928,-0.044988743276627,0.0319727992165646));
#2068=CARTESIAN_POINT('',(0.0239178662391276,-0.045003659602736,0.0319556886459944));
#2069=CARTESIAN_POINT('',(0.0414582893701248,-0.0440304561888344,0.0318973323827339));
#2070=CARTESIAN_POINT('',(0.0539741073303324,-0.0417765728863441,0.0318237597902832));
#2071=CARTESIAN_POINT('',(0.0631153810397594,-0.037401650109257,0.0317372967903728));
#2072=CARTESIAN_POINT('',(0.0687811582115637,-0.0308476928089264,0.0316470905619138));
#2073=CARTESIAN_POINT('',(0.0715335597751005,-0.0226761640318713,0.0315683416669288));
#2074=CARTESIAN_POINT('',(0.0726936862069575,-0.0123888910470602,0.0315068034906716));
#2075=CARTESIAN_POINT('',(0.0726956703994355,-0.00463321981352459,0.0314883950309059));
#2076=CARTESIAN_POINT('',(0.0726953457393409,1.22052707152935E-7,0.0314883986965139));
#2077=CARTESIAN_POINT('',(-0.00124936324158985,-0.045915150252178,0.0286887014211297));
#2078=CARTESIAN_POINT('',(0.00898597559216496,-0.0459153429562809,0.0286894507701612));
#2079=CARTESIAN_POINT('',(0.0243393924044562,-0.0459304685215271,0.0286749731408269));
#2080=CARTESIAN_POINT('',(0.0422089897836957,-0.0449279514002061,0.0286253389625988));
#2081=CARTESIAN_POINT('',(0.0549705635788912,-0.0426095112971077,0.0285623821546774));
#2082=CARTESIAN_POINT('',(0.0643012332127716,-0.0381170219073697,0.0284881747020036));
#2083=CARTESIAN_POINT('',(0.0700911033930222,-0.0313971483858274,0.0284120253310952));
#2084=CARTESIAN_POINT('',(0.072905341960746,-0.0230396643507459,0.028346176081931));
#2085=CARTESIAN_POINT('',(0.074092666269641,-0.0125531962546716,0.0282946441244043));
#2086=CARTESIAN_POINT('',(0.0740952195406412,-0.00468243250904268,0.0282791703409116));
#2087=CARTESIAN_POINT('',(0.0740948828673533,1.22058955402469E-7,0.0282791711108763));
#2088=CARTESIAN_POINT('',(-0.00125884126652031,-0.0463436245009502,0.0261434945848106));
#2089=CARTESIAN_POINT('',(0.0090540337187087,-0.0463439369459778,0.0261440551795997));
#2090=CARTESIAN_POINT('',(0.0245285757573492,-0.0463570682048405,0.0261332203432034));
#2091=CARTESIAN_POINT('',(0.0425469489327869,-0.0453341548361175,0.0260959566647996));
#2092=CARTESIAN_POINT('',(0.0554200729159505,-0.0429776550811574,0.0260485174352676));
#2093=CARTESIAN_POINT('',(0.0648368623319542,-0.0384224358947681,0.0259924415012632));
#2094=CARTESIAN_POINT('',(0.0706833151063706,-0.0316206084080044,0.025935698614553));
#2095=CARTESIAN_POINT('',(0.0735259964046962,-0.0231772666014886,0.0258871782597374));
#2096=CARTESIAN_POINT('',(0.0747258838975028,-0.0126063178270223,0.0258491293179561));
#2097=CARTESIAN_POINT('',(0.074728709711926,-0.00469465873717745,0.0258376491454884));
#2098=CARTESIAN_POINT('',(0.0747283666545611,1.22060507154418E-7,0.025837647659752));
#2099=CARTESIAN_POINT('',(-0.001263296656206,-0.0465384994422903,0.0239830114639368));
#2100=CARTESIAN_POINT('',(0.00908603831476279,-0.0465389773156855,0.0239833492825197));
#2101=CARTESIAN_POINT('',(0.0246170246664286,-0.0465490488057243,0.0239768169279113));
#2102=CARTESIAN_POINT('',(0.0427036510259952,-0.0455100805192669,0.0239543495553916));
#2103=CARTESIAN_POINT('',(0.055627038649337,-0.0431283682151233,0.0239257279671211));
#2104=CARTESIAN_POINT('',(0.0650815704167838,-0.0385367973827837,0.0238919661848525));
#2105=CARTESIAN_POINT('',(0.0709518631623599,-0.0316929350778551,0.0238583939894425));
#2106=CARTESIAN_POINT('',(0.0738057828470738,-0.023211026865387,0.0238299677107728));
#2107=CARTESIAN_POINT('',(0.0750099198599744,-0.0126091972139777,0.0238075608695092));
#2108=CARTESIAN_POINT('',(0.0750123719293322,-0.00469053022327703,0.0238007355439193));
#2109=CARTESIAN_POINT('',(0.0750120255753713,1.22059981072683E-7,0.0238007325247645));
#2110=CARTESIAN_POINT('',(-0.00126450936414537,-0.0466227284459408,0.0218344806282884));
#2111=CARTESIAN_POINT('',(0.00909470452038275,-0.0466234143571658,0.0218345518826131));
#2112=CARTESIAN_POINT('',(0.0246428832756819,-0.046629511084859,0.0218331819610527));
#2113=CARTESIAN_POINT('',(0.0427539578650385,-0.0455753515205954,0.021828328584355));
#2114=CARTESIAN_POINT('',(0.0556982697279288,-0.0431732014750983,0.0218220316865126));
#2115=CARTESIAN_POINT('',(0.0651713550003235,-0.0385565941283597,0.0218147672324833));
#2116=CARTESIAN_POINT('',(0.0710560757257231,-0.0316890349861464,0.0218090923968597));
#2117=CARTESIAN_POINT('',(0.0739194141108959,-0.023191191165847,0.0218052652087749));
#2118=CARTESIAN_POINT('',(0.0751294018108772,-0.0125851462290936,0.0218021566933154));
#2119=CARTESIAN_POINT('',(0.0751330472970722,-0.00467727542663372,0.0218011202013306));
#2120=CARTESIAN_POINT('',(0.0751326991940669,1.22058296412251E-7,0.021801115363977));
#2121=CARTESIAN_POINT('',(-0.00126199907161437,-0.0465848304536028,0.0203079338947519));
#2122=CARTESIAN_POINT('',(0.0090765652571308,-0.0465857094250212,0.0203077677015936));
#2123=CARTESIAN_POINT('',(0.024597280994888,-0.0465880237686747,0.0203109959330317));
#2124=CARTESIAN_POINT('',(0.042683934020593,-0.0455234717530629,0.020322024951981));
#2125=CARTESIAN_POINT('',(0.0556173440572533,-0.0431106979208696,0.0203360883802721));
#2126=CARTESIAN_POINT('',(0.0650893209365945,-0.0384861111287397,0.0203533371356058));
#2127=CARTESIAN_POINT('',(0.0709800378988773,-0.031617920306527,0.0203728012875979));
#2128=CARTESIAN_POINT('',(0.0738525936854156,-0.0231289599460194,0.0203904114895638));
#2129=CARTESIAN_POINT('',(0.0750717970099035,-0.0125438443256129,0.0204041017997972));
#2130=CARTESIAN_POINT('',(0.0750789135466461,-0.00465965876174028,0.0204081154330666));
#2131=CARTESIAN_POINT('',(0.0750785657444754,1.22056057903707E-7,0.020408109820306));
#2132=CARTESIAN_POINT('',(-0.00126098931339194,-0.0465755071621138,0.0194329539514429));
#2133=CARTESIAN_POINT('',(0.0090692601976068,-0.0465764912501106,0.0194326555109108));
#2134=CARTESIAN_POINT('',(0.0245792818246145,-0.0465767554117583,0.0194384456348966));
#2135=CARTESIAN_POINT('',(0.0426572587172116,-0.0455062023279363,0.0194584654638835));
#2136=CARTESIAN_POINT('',(0.0555877169775201,-0.0430868807217649,0.0194842320349272));
#2137=CARTESIAN_POINT('',(0.0650609953241712,-0.038456538092551,0.0195158178789487));
#2138=CARTESIAN_POINT('',(0.0709557907064615,-0.0315858217489659,0.0195494593872983));
#2139=CARTESIAN_POINT('',(0.0738332357569756,-0.0230993103388331,0.019578583713485));
#2140=CARTESIAN_POINT('',(0.0750570235917542,-0.0125231717922331,0.0196012788989998));
#2141=CARTESIAN_POINT('',(0.0750657857066763,-0.00465057085527277,0.0196080131303673));
#2142=CARTESIAN_POINT('',(0.0750654381214004,1.22054903034216E-7,0.0196080077923557));
#2143=CARTESIAN_POINT('',(0.0344854028983509,-0.0175953247811202,0.0454376901945205));
#2144=CARTESIAN_POINT('',(0.0341696098368946,-0.0181422944082402,0.0454252594004725));
#2145=CARTESIAN_POINT('',(0.0338538791167007,-0.0186891560571265,0.0454079002392745));
#2146=CARTESIAN_POINT('',(0.0335382206761618,-0.0192358925139778,0.0453848270346932));
#2147=CARTESIAN_POINT('',(0.0344854028983509,-0.0175953247811202,0.0454376901945205));
#2148=CARTESIAN_POINT('',(0.0335382206761618,-0.0192358925139778,0.0453848270346932));
#2149=CARTESIAN_POINT('',(0.0344854028983509,-0.0175953247811202,0.0454376901945205));
#2150=CARTESIAN_POINT('',(0.0355650600671064,-0.0174737776529977,0.0453686807166386));
#2151=CARTESIAN_POINT('',(0.0377046386890093,-0.0170278527597212,0.0452258664754587));
#2152=CARTESIAN_POINT('',(0.0406761311095714,-0.0158192504668638,0.0449955420195087));
#2153=CARTESIAN_POINT('',(0.0434308864958389,-0.0140593122704623,0.0447365818054096));
#2154=CARTESIAN_POINT('',(0.0457760020045398,-0.0118729084213559,0.0444664119873652));
#2155=CARTESIAN_POINT('',(0.0477230191637108,-0.00925085519462751,0.0441960286936906));
#2156=CARTESIAN_POINT('',(0.0491390972716739,-0.0063676098460308,0.0439652333378532));
#2157=CARTESIAN_POINT('',(0.0500248956079065,-0.00321915042682375,0.0438022735073059));
#2158=CARTESIAN_POINT('',(0.0502199794530111,-0.00108549893601849,0.0437630004945338));
#2159=CARTESIAN_POINT('',(0.0502199794529856,1.21882058174302E-7,0.0437630004944086));
#2160=CARTESIAN_POINT('',(0.050219980196468,1.21882058174695E-7,0.0437630003428083));
#2161=CARTESIAN_POINT('',(0.0502199809399505,1.21464058009379E-7,0.043763000191208));
#2162=CARTESIAN_POINT('',(0.0543255673364074,1.21464058424472E-7,0.0429258475862476));
#2163=CARTESIAN_POINT('',(0.0617386558311545,1.21464057944742E-7,0.0407639825137231));
#2164=CARTESIAN_POINT('',(0.0684844638588953,1.21464058242361E-7,0.0366020669188158));
#2165=CARTESIAN_POINT('',(0.0721653195243328,1.21464058500403E-7,0.0323310625348155));
#2166=CARTESIAN_POINT('',(0.0740520921897837,1.21464058474089E-7,0.0286680704223802));
#2167=CARTESIAN_POINT('',(0.0748815008739352,1.21464058792826E-7,0.0252440571204211));
#2168=CARTESIAN_POINT('',(0.0751273484260037,1.21464058548624E-7,0.0223069637514099));
#2169=CARTESIAN_POINT('',(0.0750900993844821,1.21464058547835E-7,0.0207666132954142));
#2170=CARTESIAN_POINT('',(0.0750737812357612,1.21464058460547E-7,0.019999973855859));
#2171=CARTESIAN_POINT('',(0.0750737812557424,1.21464621626505E-7,0.0199999738554337));
#2172=CARTESIAN_POINT('',(0.0750737812357576,1.21465278165794E-7,0.0199999738556885));
#2173=CARTESIAN_POINT('',(0.0750737812357577,-0.00258117214926533,0.0199999738556884));
#2174=CARTESIAN_POINT('',(0.0750736059907795,-0.0077419095758827,0.0199999243841349));
#2175=CARTESIAN_POINT('',(0.0747653718270066,-0.0154854057970131,0.0199996361471197));
#2176=CARTESIAN_POINT('',(0.073744679692439,-0.0231700817571244,0.0199991415795041));
#2177=CARTESIAN_POINT('',(0.0717133915007792,-0.0293625537018245,0.0199987405902381));
#2178=CARTESIAN_POINT('',(0.0690071768860889,-0.0337544011776392,0.0199985587372583));
#2179=CARTESIAN_POINT('',(0.0663877492402422,-0.0366680860938859,0.0199984722321167));
#2180=CARTESIAN_POINT('',(0.0632841245630899,-0.0390638684020022,0.0199984395813327));
#2181=CARTESIAN_POINT('',(0.0587171885829973,-0.0415663539291687,0.0199984810273453));
#2182=CARTESIAN_POINT('',(0.0525314003938456,-0.043613370400153,0.0199986909636332));
#2183=CARTESIAN_POINT('',(0.0474159630002211,-0.0445535558794089,0.0199989168318926));
#2184=CARTESIAN_POINT('',(0.044844364607489,-0.0449229162131511,0.019999025518396));
#2185=CARTESIAN_POINT('',(0.0448443646074886,-0.0449229162131511,0.019999025518396));
#2186=CARTESIAN_POINT('',(0.0448443646074886,-0.0449229162131511,0.019999025518396));
#2187=CARTESIAN_POINT('',(0.0443195384844312,-0.0449982973272928,0.019999047699743));
#2188=CARTESIAN_POINT('',(0.0432894995298255,-0.0451484095366465,0.0204269972592292));
#2189=CARTESIAN_POINT('',(0.0428482638877173,-0.0452298900512832,0.0214647645042924));
#2190=CARTESIAN_POINT('',(0.0428482638877173,-0.0452289163091254,0.0219951420103523));
#2191=CARTESIAN_POINT('',(0.0428482638877173,-0.0452289163091254,0.0219951420103523));
#2192=CARTESIAN_POINT('',(0.0428482638877173,-0.0428980200623449,0.0330420872973151));
#2193=CARTESIAN_POINT('',(0.0428482638877173,-0.0437637815566891,0.03132733423132));
#2194=CARTESIAN_POINT('',(0.0428482638877174,-0.044906146221521,0.0277332306047205));
#2195=CARTESIAN_POINT('',(0.0428482638877173,-0.0452254186202589,0.0239002618441701));
#2196=CARTESIAN_POINT('',(0.0428482638877173,-0.0452289163091253,0.0219951420103523));
#2197=CARTESIAN_POINT('',(0.0428482638877173,-0.0428980200623449,0.0330420872973151));
#2198=CARTESIAN_POINT('',(0.0418459201955525,-0.0424908579749388,0.0340420845508648));
#2199=CARTESIAN_POINT('',(0.0421214217838009,-0.0424539336675967,0.0340427302435519));
#2200=CARTESIAN_POINT('',(0.0426644064561572,-0.04252745876024,0.0337926635458954));
#2201=CARTESIAN_POINT('',(0.0428482638877173,-0.0427730804416509,0.0332895464405652));
#2202=CARTESIAN_POINT('',(0.0428482638877173,-0.0428980200623449,0.0330420872973151));
#2203=CARTESIAN_POINT('',(0.0418459201955525,-0.0424908579749388,0.0340420845508648));
#2204=CARTESIAN_POINT('',(0.0203221816118098,-0.0438334316445253,0.0339916393948436));
#2205=CARTESIAN_POINT('',(0.0239190299805992,-0.0437629108951193,0.0340000693233359));
#2206=CARTESIAN_POINT('',(0.0311075770739012,-0.04353931138958,0.0340169171111064));
#2207=CARTESIAN_POINT('',(0.0382745298429704,-0.0429695162500351,0.0340337142882895));
#2208=CARTESIAN_POINT('',(0.0418459201955525,-0.0424908579749387,0.0340420845508648));
#2209=CARTESIAN_POINT('',(0.0203221816118098,-0.0438334316445253,0.0339916393948436));
#2210=CARTESIAN_POINT('',(0.0194967424095163,-0.0440730476557514,0.0335526906950235));
#2211=CARTESIAN_POINT('',(0.0196719985993066,-0.0439417256367131,0.0338112673816435));
#2212=CARTESIAN_POINT('',(0.0199824716271416,-0.0438400920872917,0.0339908432170275));
#2213=CARTESIAN_POINT('',(0.0203221816118098,-0.0438334316445253,0.0339916393948436));
#2214=CARTESIAN_POINT('',(0.0194967424095163,-0.0440730476557514,0.0335526906950236));
#2215=CARTESIAN_POINT('',(0.0154089334798161,-0.0460596167904133,0.0275214510004832));
#2216=CARTESIAN_POINT('',(0.0168139265246512,-0.04567453575663,0.0295944074346735));
#2217=CARTESIAN_POINT('',(0.0181833855901745,-0.0450571650751703,0.0316149362847433));
#2218=CARTESIAN_POINT('',(0.0194967424095163,-0.0440730476557513,0.0335526906950236));
#2219=CARTESIAN_POINT('',(0.0154089334798161,-0.0460596167904133,0.0275214510004832));
#2220=CARTESIAN_POINT('',(0.0154089334798161,-0.0460596167904133,0.0275214510004832));
#2221=CARTESIAN_POINT('',(0.0151790133750595,-0.0461226333811023,0.0271822220183492));
#2222=CARTESIAN_POINT('',(0.014731194546759,-0.0461524310743379,0.0270104502950494));
#2223=CARTESIAN_POINT('',(0.0143299898722995,-0.0461381066634693,0.0271145541548149));
#2224=CARTESIAN_POINT('',(0.0143299898722995,-0.0461381066634693,0.0271145541548149));
#2225=CARTESIAN_POINT('',(0.0143299898722995,-0.0461638515177745,0.0269556277150769));
#2226=CARTESIAN_POINT('',(0.0143299898722995,-0.0461554211386421,0.0270086118724778));
#2227=CARTESIAN_POINT('',(0.0143299898722995,-0.046146840167239,0.0270615873894955));
#2228=CARTESIAN_POINT('',(0.0143299898722995,-0.0461381066634693,0.027114554154815));
#2229=CARTESIAN_POINT('',(0.0143299898722995,-0.0461638515177745,0.0269556277150769));
#2230=CARTESIAN_POINT('',(0.0143299898722997,-0.0461638515177745,0.0269556277150769));
#2231=CARTESIAN_POINT('',(0.00965231132706287,-0.0460099727918799,0.0281308161645883));
#2232=CARTESIAN_POINT('',(0.0048284422177256,-0.0458541117414029,0.028728556977123));
#2233=CARTESIAN_POINT('',(7.13094942905462E-7,-0.0458540984015091,0.0287286155537483));
#2234=CARTESIAN_POINT('',(7.13094942912415E-7,-0.045854098401523,0.0287286155536878));
#2235=CARTESIAN_POINT('',(6.68566785003262E-14,-0.00300005213857893,0.046598299209008));
#2236=CARTESIAN_POINT('',(4.62806252056339E-9,-0.0132087299630766,0.0465805766518643));
#2237=CARTESIAN_POINT('',(1.35089793861988E-7,-0.0280147716525827,0.0462717174634193));
#2238=CARTESIAN_POINT('',(4.80084855242685E-7,-0.0412534270347864,0.0393439303605971));
#2239=CARTESIAN_POINT('',(6.40890379087265E-7,-0.044911559514282,0.0328618009146608));
#2240=CARTESIAN_POINT('',(7.12457350108337E-7,-0.0458540984015385,0.0287286155536196));
#2241=CARTESIAN_POINT('',(2.74264667540833E-10,-0.00299982236690089,0.0465982997409465));
#2242=CARTESIAN_POINT('',(0.0128848079319859,-0.00300022445408466,0.046557980607927));
#2243=CARTESIAN_POINT('',(0.00859002859254457,-0.00300018791959602,0.0465968917174574));
#2244=CARTESIAN_POINT('',(0.00429497606069401,-0.00300005213861256,0.0465982992090228));
#2245=CARTESIAN_POINT('',(6.68542444138173E-14,-0.00300005213861272,0.0465982992090079));
#2246=CARTESIAN_POINT('',(0.012884807788436,-0.0030016279933124,0.0465579660815419));
#2247=CARTESIAN_POINT('',(0.0134510114368459,-0.0030002290195337,0.0465526203265906));
#2248=CARTESIAN_POINT('',(0.013262231588425,-0.0030002275863338,0.0465544855752391));
#2249=CARTESIAN_POINT('',(0.0130734507570991,-0.00300022605885672,0.0465562715230677));
#2250=CARTESIAN_POINT('',(0.0128846689886869,-0.0030002244529027,0.0465579818667529));
#2251=CARTESIAN_POINT('',(0.0134510116591807,-0.00300261332339693,0.0465526446608898));
#2252=CARTESIAN_POINT('',(0.0134510171713218,-0.00300023498528519,0.0465526202490209));
#2253=CARTESIAN_POINT('',(0.0140834566426585,-0.00300176494954467,0.0465463660480939));
#2254=CARTESIAN_POINT('',(0.0146969634004409,-0.00331651207397239,0.0465382463678529));
#2255=CARTESIAN_POINT('',(0.015067088990653,-0.00382854922107676,0.0465311158752319));
#2256=CARTESIAN_POINT('',(0.0150680060831951,-0.00382394947481914,0.0465311417627762));
#2257=CARTESIAN_POINT('',(0.015067088990653,-0.00382854922107676,0.0465311158752319));
#2258=CARTESIAN_POINT('',(0.0152124118927308,-0.0040295910462211,0.0465283162204436));
#2259=CARTESIAN_POINT('',(0.0153178791309963,-0.00425272044014616,0.0465257508136493));
#2260=CARTESIAN_POINT('',(0.015380895397286,-0.00449287097540975,0.0465234692094345));
#2261=CARTESIAN_POINT('',(0.0153808953972939,-0.00449287097544974,0.0465234692094342));
#2262=CARTESIAN_POINT('',(0.0153808953972939,-0.00449287097544975,0.0465234692094341));
#2263=CARTESIAN_POINT('',(0.015836770165334,-0.00623017954239345,0.046506963525408));
#2264=CARTESIAN_POINT('',(0.0172648138950593,-0.00953028643702737,0.0464502920242515));
#2265=CARTESIAN_POINT('',(0.0202063210441621,-0.0129495675459504,0.0462946446982122));
#2266=CARTESIAN_POINT('',(0.0230567892004388,-0.0150530177373132,0.0461285074013351));
#2267=CARTESIAN_POINT('',(0.0254439426290512,-0.0163095901702587,0.0459861428567723));
#2268=CARTESIAN_POINT('',(0.0279411422454321,-0.0171766660551577,0.0458366326723093));
#2269=CARTESIAN_POINT('',(0.0297118433366173,-0.01750738781155,0.0457307152454137));
#2270=CARTESIAN_POINT('',(0.0305955842438164,-0.0176031983200901,0.0456774871190049));
#2271=CARTESIAN_POINT('',(0.0305955842438164,-0.0176031983200901,0.045677487119005));
#2272=CARTESIAN_POINT('',(0.0305955842438164,-0.0176031983200901,0.045677487119005));
#2273=CARTESIAN_POINT('',(0.0309099977932249,-0.0181477785622537,0.0456250548829751));
#2274=CARTESIAN_POINT('',(0.0312242204189572,-0.0186920281149097,0.0455682997424038));
#2275=CARTESIAN_POINT('',(0.0315382206761618,-0.0192358925139778,0.0455065097212081));
#2276=CARTESIAN_POINT('',(0.0315382206761618,-0.0192358925139778,0.0455065097212081));
#2277=CARTESIAN_POINT('',(0.0315382206761618,-0.0192358925139778,0.0455065097212081));
#2278=CARTESIAN_POINT('',(0.0322050707664956,-0.0192358925139778,0.0454689636123169));
#2279=CARTESIAN_POINT('',(0.0328717445368813,-0.0192358925139778,0.0454285194749008));
#2280=CARTESIAN_POINT('',(0.0335382206761618,-0.0192358925139778,0.0453848270346932));
#2281=CARTESIAN_POINT('',(0.0342054576899241,-0.0178091211058985,0.0464480744726311));
#2282=CARTESIAN_POINT('',(0.0362042276609777,-0.0157855544060295,0.0464420291340297));
#2283=CARTESIAN_POINT('',(0.0385814196884853,-0.0106573000467346,0.0464290646997918));
#2284=CARTESIAN_POINT('',(0.038917508696495,-0.00366086545315082,0.0464227761207111));
#2285=CARTESIAN_POINT('',(0.0389124155591222,0.000134935480880458,0.0464228697805299));
#2286=CARTESIAN_POINT('',(0.0361409283136469,-0.0187999309875285,0.0462494535626191));
#2287=CARTESIAN_POINT('',(0.0382189416877681,-0.0166726870935454,0.0462422469603765));
#2288=CARTESIAN_POINT('',(0.0406528166166436,-0.0112657765322054,0.0462266531036613));
#2289=CARTESIAN_POINT('',(0.0409628990822531,-0.00386930797551717,0.046219111162342));
#2290=CARTESIAN_POINT('',(0.0409580307844747,0.000142607774170953,0.0462192245972944));
#2291=CARTESIAN_POINT('',(0.0399243209034898,-0.0207382509983741,0.0457831441781561));
#2292=CARTESIAN_POINT('',(0.0421554387056412,-0.0184075087902313,0.0457731511674769));
#2293=CARTESIAN_POINT('',(0.044694839761167,-0.0124527737647059,0.0457511358616381));
#2294=CARTESIAN_POINT('',(0.0449501787187009,-0.00427398653770573,0.0457405553342299));
#2295=CARTESIAN_POINT('',(0.0449457918263883,0.000157502833274019,0.0457407174399595));
#2296=CARTESIAN_POINT('',(0.043470579597865,-0.0225623699364263,0.0451565529403228));
#2297=CARTESIAN_POINT('',(0.0458472629434023,-0.0200362228495421,0.0451430392674926));
#2298=CARTESIAN_POINT('',(0.0484869106946191,-0.0135573904397713,0.0451122410048259));
#2299=CARTESIAN_POINT('',(0.0486895238555142,-0.00464575306079691,0.0450976226718916));
#2300=CARTESIAN_POINT('',(0.0486856064172227,0.000171186360486977,0.0450978518114156));
#2301=CARTESIAN_POINT('',(0.0451703690415767,-0.023439618919443,0.0447975366698142));
#2302=CARTESIAN_POINT('',(0.0476185810550969,-0.0208179131922018,0.0447821504395722));
#2303=CARTESIAN_POINT('',(0.0503091278447756,-0.0140840819394033,0.0447463631985713));
#2304=CARTESIAN_POINT('',(0.0504874454881125,-0.00482154336106364,0.0447294969340069));
#2305=CARTESIAN_POINT('',(0.0504837446877147,0.000177656660608091,0.0447297641970577));
#2306=CARTESIAN_POINT('',(0.034441456714169,-0.0176714468546146,0.0464404757359962));
#2307=CARTESIAN_POINT('',(0.035521799196179,-0.0175560050404114,0.0463716829532172));
#2308=CARTESIAN_POINT('',(0.0376422622791081,-0.0171326402181111,0.0462312334413795));
#2309=CARTESIAN_POINT('',(0.0407134578355732,-0.0159035788651162,0.0459947096340677));
#2310=CARTESIAN_POINT('',(0.0434621552905676,-0.014171036931068,0.0457378750846055));
#2311=CARTESIAN_POINT('',(0.045891712545488,-0.0119379833012417,0.045459420499439));
#2312=CARTESIAN_POINT('',(0.0478477651496735,-0.0093396339859157,0.0451882804559068));
#2313=CARTESIAN_POINT('',(0.0498036289543771,-0.00542925025317247,0.044869893123475));
#2314=CARTESIAN_POINT('',(0.0504197739710571,-0.00218664536473747,0.0447428382527066));
#2315=CARTESIAN_POINT('',(0.0504197739828416,1.21464058030007E-7,0.0447428383104984));
#2316=CARTESIAN_POINT('',(0.0344414563033586,-0.017671442516815,0.0464404765754827));
#2317=CARTESIAN_POINT('',(0.0344414563085682,-0.0176714425074433,0.0464404760425306));
#2318=CARTESIAN_POINT('',(0.0344192182230734,-0.0177099600013832,0.0464395813535394));
#2319=CARTESIAN_POINT('',(0.0343969804405188,-0.0177484769706155,0.0464386623599621));
#2320=CARTESIAN_POINT('',(0.0343747429639799,-0.0177869934098129,0.0464377188150425));
#2321=CARTESIAN_POINT('',(0.0342857483458434,-0.0176873910956372,0.0464503721011253));
#2322=CARTESIAN_POINT('',(0.0344761421103349,-0.017668743588338,0.0464382954370062));
#2323=CARTESIAN_POINT('',(0.0346659259222575,-0.0176470457354194,0.0464261730908072));
#2324=CARTESIAN_POINT('',(0.035913246019302,-0.0174841151366145,0.0463458643274862));
#2325=CARTESIAN_POINT('',(0.0369526230100105,-0.0172521515704275,0.0462759303549655));
#2326=CARTESIAN_POINT('',(0.0382280340992574,-0.0168444445351945,0.0461832445110419));
#2327=CARTESIAN_POINT('',(0.0384819162010367,-0.0167569730523488,0.0461644427550109));
#2328=CARTESIAN_POINT('',(0.0389872288396053,-0.0165699789257809,0.0461262371998831));
#2329=CARTESIAN_POINT('',(0.0392388678115037,-0.0164703309321368,0.0461068146036111));
#2330=CARTESIAN_POINT('',(0.0399824657829925,-0.0161563073112867,0.0460481474519964));
#2331=CARTESIAN_POINT('',(0.0404656618347352,-0.0159260090038144,0.0460083106400456));
#2332=CARTESIAN_POINT('',(0.0418785793594873,-0.0151740411763442,0.0458862189957514));
#2333=CARTESIAN_POINT('',(0.042771918731213,-0.0145917931522161,0.0458012893493526));
#2334=CARTESIAN_POINT('',(0.0440374471225938,-0.0135949959284631,0.0456685022933224));
#2335=CARTESIAN_POINT('',(0.0444478306237257,-0.0132407572331474,0.0456232219983822));
#2336=CARTESIAN_POINT('',(0.0452273371200897,-0.0125044341233592,0.0455330426406582));
#2337=CARTESIAN_POINT('',(0.0455984707765176,-0.0121209491490793,0.0454879481518177));
#2338=CARTESIAN_POINT('',(0.0466571067055884,-0.0109254158018093,0.0453535702680366));
#2339=CARTESIAN_POINT('',(0.0472903026975558,-0.0100686772312428,0.0452650797604446));
#2340=CARTESIAN_POINT('',(0.0479879234385225,-0.00892029294626893,0.0451604797844979));
#2341=CARTESIAN_POINT('',(0.0481228351199583,-0.00868642883424036,0.045139849041968));
#2342=CARTESIAN_POINT('',(0.0483804354668032,-0.00821557864227275,0.0450997615761484));
#2343=CARTESIAN_POINT('',(0.0485034779517228,-0.0079780412746357,0.0450802528619096));
#2344=CARTESIAN_POINT('',(0.0488555957088104,-0.00725918127306885,0.0450235124650784));
#2345=CARTESIAN_POINT('',(0.0490676944736139,-0.00677163162110319,0.0449880641193242));
#2346=CARTESIAN_POINT('',(0.0496368581835447,-0.00528426977507034,0.0448904397922653));
#2347=CARTESIAN_POINT('',(0.0499275110038342,-0.00425921488819893,0.044836912764504));
#2348=CARTESIAN_POINT('',(0.05032118325774,-0.00214279664705747,0.0447626446028419));
#2349=CARTESIAN_POINT('',(0.0504197739828414,-0.00107577792570881,0.0447428383104986));
#2350=CARTESIAN_POINT('',(0.0504197739828416,1.21464058030007E-7,0.0447428383104984));
#2351=CARTESIAN_POINT('',(0.0342159295092809,-0.0176231490237812,0.0454488189198697));
#2352=CARTESIAN_POINT('',(0.0344053566373363,-0.0176047517791442,0.0454367935913563));
#2353=CARTESIAN_POINT('',(0.0345941605066034,-0.0175833292651982,0.0454247234003095));
#2354=CARTESIAN_POINT('',(0.0358349310907227,-0.0174223730575763,0.0453447654716114));
#2355=CARTESIAN_POINT('',(0.0368683313608833,-0.0171928403429531,0.0452751617658797));
#2356=CARTESIAN_POINT('',(0.0381357330162119,-0.0167888789946858,0.045182991250395));
#2357=CARTESIAN_POINT('',(0.0383879868133706,-0.0167021908908586,0.0451642977376187));
#2358=CARTESIAN_POINT('',(0.0388899946152906,-0.0165168223261148,0.0451263203271217));
#2359=CARTESIAN_POINT('',(0.0391399548675414,-0.0164180179112117,0.0451070178026711));
#2360=CARTESIAN_POINT('',(0.0398784956139255,-0.0161065777667766,0.0450487266000878));
#2361=CARTESIAN_POINT('',(0.040358275732882,-0.0158780796269917,0.0450091625646791));
#2362=CARTESIAN_POINT('',(0.0417608399383262,-0.0151316524408752,0.0448879641537312));
#2363=CARTESIAN_POINT('',(0.0426471339552992,-0.0145532813211975,0.0448037313650214));
#2364=CARTESIAN_POINT('',(0.0439020241977506,-0.0135622785218401,0.0446721503794866));
#2365=CARTESIAN_POINT('',(0.0443088395823856,-0.013209976134711,0.044627300152032));
#2366=CARTESIAN_POINT('',(0.0450813688795931,-0.0124773809425178,0.0445380111296978));
#2367=CARTESIAN_POINT('',(0.0454490761360358,-0.0120957001191338,0.044493378583369));
#2368=CARTESIAN_POINT('',(0.0464976715962174,-0.0109053686846857,0.0443604203533511));
#2369=CARTESIAN_POINT('',(0.0471244865692672,-0.0100518164225921,0.0442729231569254));
#2370=CARTESIAN_POINT('',(0.0478147662736954,-0.00890698742313735,0.0441695444954855));
#2371=CARTESIAN_POINT('',(0.0479482405456588,-0.00867381368442763,0.0441491571224761));
#2372=CARTESIAN_POINT('',(0.0482030658792708,-0.0082042869132629,0.044109546744407));
#2373=CARTESIAN_POINT('',(0.0483247670719329,-0.00796738445847093,0.0440902723500751));
#2374=CARTESIAN_POINT('',(0.0486730068142457,-0.00725034905497517,0.0440342187131849));
#2375=CARTESIAN_POINT('',(0.0488827156998537,-0.00676390157341565,0.0439992064789562));
#2376=CARTESIAN_POINT('',(0.0494453619252476,-0.0052795142549393,0.0439027958782474));
#2377=CARTESIAN_POINT('',(0.0497325337862554,-0.00425600078592547,0.0438499521697592));
#2378=CARTESIAN_POINT('',(0.0501214245337442,-0.00214182075279344,0.0437766359004336));
#2379=CARTESIAN_POINT('',(0.050218773291282,-0.00107547339914812,0.0437570852030825));
#2380=CARTESIAN_POINT('',(0.050218773291282,1.21464057985166E-7,0.0437570852030825));
#2381=CARTESIAN_POINT('',(0.0344854028983509,-0.0175953247811202,0.0454376901945205));
#2382=CARTESIAN_POINT('',(0.034470696506813,-0.0176207969984598,0.0457719422275257));
#2383=CARTESIAN_POINT('',(0.0344560470419677,-0.0176461706158755,0.0461062048134533));
#2384=CARTESIAN_POINT('',(0.0344414535760565,-0.0176714472402924,0.046440476643481));
#2385=CARTESIAN_POINT('',(0.0504197739828416,1.21464058030007E-7,0.0447428383104984));
#2386=CARTESIAN_POINT('',(0.0503531758062229,1.2146405801515E-7,0.0444162257051352));
#2387=CARTESIAN_POINT('',(0.0502865776296043,1.21464058000292E-7,0.0440896130997719));
#2388=CARTESIAN_POINT('',(0.0502199794529856,1.21464057985435E-7,0.0437630004944086));
#2389=CARTESIAN_POINT('',(0.0325382206761618,0.,0.0475));
#2390=CARTESIAN_POINT('',(0.0343747429639799,-0.017786993409813,0.0475840972981151));
#2391=CARTESIAN_POINT('',(0.0341804781137419,-0.01812347000055,0.0477658155919567));
#2392=CARTESIAN_POINT('',(0.0339866992762721,-0.0184591047924793,0.0479495852846629));
#2393=CARTESIAN_POINT('',(0.0337933303819953,-0.0187940295419701,0.0481350852961086));
#2394=CARTESIAN_POINT('',(0.0337933303819953,-0.0187940295419701,0.0481350852961086));
#2395=CARTESIAN_POINT('',(0.0325382206761618,0.,0.0481350852961086));
#2396=CARTESIAN_POINT('',(0.0337933303819953,0.0187940295419701,0.0481350852961086));
#2397=CARTESIAN_POINT('',(0.0343747429639799,0.017786993409813,0.0475840972981151));
#2398=CARTESIAN_POINT('',(0.0341804781137419,0.01812347000055,0.0477658155919567));
#2399=CARTESIAN_POINT('',(0.0339866992762721,0.0184591047924793,0.0479495852846629));
#2400=CARTESIAN_POINT('',(0.0337933303819953,0.0187940295419701,0.0481350852961086));
#2401=CARTESIAN_POINT('',(0.0111682068876702,0.00790221972248918,0.0475334851781018));
#2402=CARTESIAN_POINT('',(0.0121019462401461,0.00739735958267152,0.0475333921733471));
#2403=CARTESIAN_POINT('',(0.0136558589430326,0.00619097344918141,0.0475331915274448));
#2404=CARTESIAN_POINT('',(0.014614926354879,0.00461970593577579,0.0475330087913549));
#2405=CARTESIAN_POINT('',(0.0149558308250092,0.00375554608258493,0.0475329357710736));
#2406=CARTESIAN_POINT('',(0.0140038473423785,0.00979286439855675,0.047486261701137));
#2407=CARTESIAN_POINT('',(0.0151365170208859,0.00918173929781424,0.0474860343622213));
#2408=CARTESIAN_POINT('',(0.016993462530231,0.00770999702277531,0.0474855434205828));
#2409=CARTESIAN_POINT('',(0.0181052606059381,0.00576715512868547,0.0474850974429683));
#2410=CARTESIAN_POINT('',(0.018495697681038,0.0046929472681538,0.0474849199848924));
#2411=CARTESIAN_POINT('',(0.019906340449334,0.0136128849880009,0.0473253512804551));
#2412=CARTESIAN_POINT('',(0.0214147986014486,0.0128026101174793,0.0473246055738002));
#2413=CARTESIAN_POINT('',(0.0238104232996819,0.0108191066010422,0.0473230103420341));
#2414=CARTESIAN_POINT('',(0.025148307301976,0.00812928115279422,0.0473215747061078));
#2415=CARTESIAN_POINT('',(0.0256043135831406,0.0066269419920891,0.0473210026771631));
#2416=CARTESIAN_POINT('',(0.0258545911286229,0.0173553934084413,0.0469345513150259));
#2417=CARTESIAN_POINT('',(0.0277042289909477,0.0163653585341954,0.046932336414252));
#2418=CARTESIAN_POINT('',(0.0305512801601378,0.0139017305704637,0.0469273856263764));
#2419=CARTESIAN_POINT('',(0.0320233567241562,0.0104795950848761,0.0469227170084827));
#2420=CARTESIAN_POINT('',(0.0325067801132495,0.00855318162498558,0.0469208644353473));
#2421=CARTESIAN_POINT('',(0.0287461368409837,0.0191717093230643,0.0466572365234263));
#2422=CARTESIAN_POINT('',(0.0307594383469505,0.0180951284462474,0.0466539985103045));
#2423=CARTESIAN_POINT('',(0.0338200908124203,0.0153982212964876,0.0466465589805179));
#2424=CARTESIAN_POINT('',(0.0353503355851273,0.0116189179976861,0.046639361407553));
#2425=CARTESIAN_POINT('',(0.0358440215777116,0.00948610380844842,0.046636516019769));
#2426=CARTESIAN_POINT('',(0.0307016983883489,0.017786993409822,0.0466632989268785));
#2427=CARTESIAN_POINT('',(0.0306786084509589,0.017747000465119,0.0466671945322297));
#2428=CARTESIAN_POINT('',(0.0306555174864797,0.0177070057414454,0.0466710667094187));
#2429=CARTESIAN_POINT('',(0.0306324255062049,0.0176670092583619,0.0466749157160505));
#2430=CARTESIAN_POINT('',(0.0306324261965363,0.0176670104335,0.0466749320689739));
#2431=CARTESIAN_POINT('',(0.0153938499879843,0.00449921459547862,0.0475233666878169));
#2432=CARTESIAN_POINT('',(0.0153302003752622,0.00425493300280301,0.0475255102018835));
#2433=CARTESIAN_POINT('',(0.0152193456206313,0.0040230478905258,0.0475281940111083));
#2434=CARTESIAN_POINT('',(0.0150692047998245,0.00382012442502219,0.0475312214601692));
#2435=CARTESIAN_POINT('',(0.0153939599351535,0.00449918593684254,0.0475233654281779));
#2436=CARTESIAN_POINT('',(0.0306324186725937,0.0176670686678065,0.0466749121811102));
#2437=CARTESIAN_POINT('',(0.028861274848393,0.0174733165844231,0.0467816276025482));
#2438=CARTESIAN_POINT('',(0.0262271943686497,0.0167661421592264,0.0469390667388291));
#2439=CARTESIAN_POINT('',(0.0230941208383091,0.0151064133882867,0.0471265047420265));
#2440=CARTESIAN_POINT('',(0.0209154715392786,0.0134901951168277,0.0472535862776773));
#2441=CARTESIAN_POINT('',(0.0190419253231505,0.0116051011145606,0.0473570413539886));
#2442=CARTESIAN_POINT('',(0.0169085689763742,0.00869240922469088,0.0474647531083866));
#2443=CARTESIAN_POINT('',(0.0158507457916983,0.00623973491648302,0.0475068263386883));
#2444=CARTESIAN_POINT('',(0.0153939599751964,0.00449918592633322,0.0475233654277185));
#2445=CARTESIAN_POINT('',(0.0153808167218173,0.0044930777257293,0.046517438907044));
#2446=CARTESIAN_POINT('',(0.015653747497687,0.00553319957431953,0.0465075570011179));
#2447=CARTESIAN_POINT('',(0.0160164782129654,0.00653274251165025,0.046493556447437));
#2448=CARTESIAN_POINT('',(0.0166895262356363,0.0079735137071351,0.0464645834663766));
#2449=CARTESIAN_POINT('',(0.0169355077736087,0.00844396363971781,0.0464535928722963));
#2450=CARTESIAN_POINT('',(0.0173374211791197,0.00913470008075369,0.0464348696597966));
#2451=CARTESIAN_POINT('',(0.0174768907601765,0.00936245206562664,0.0464282556849177));
#2452=CARTESIAN_POINT('',(0.0177670135543721,0.00981288367020186,0.0464142423767843));
#2453=CARTESIAN_POINT('',(0.0179179489407663,0.0100359144313535,0.0464068283684478));
#2454=CARTESIAN_POINT('',(0.0186932831874177,0.0111273486949123,0.0463680984159504));
#2455=CARTESIAN_POINT('',(0.0193838853329655,0.0119331362772081,0.0463315535455286));
#2456=CARTESIAN_POINT('',(0.0205221241270102,0.0130437864293852,0.0462684851938054));
#2457=CARTESIAN_POINT('',(0.0209186985836669,0.0133975641336251,0.0462460926874583));
#2458=CARTESIAN_POINT('',(0.0217469167181274,0.0140715293433223,0.0461986221232772));
#2459=CARTESIAN_POINT('',(0.0221801714670948,0.0143925500592911,0.0461734479121005));
#2460=CARTESIAN_POINT('',(0.0235077506400083,0.0152860090691662,0.0460955898798121));
#2461=CARTESIAN_POINT('',(0.0244364638889962,0.0157957549875566,0.0460402275291848));
#2462=CARTESIAN_POINT('',(0.025893966230843,0.0164337344129103,0.0459531232185454));
#2463=CARTESIAN_POINT('',(0.0263906035878624,0.01662516051126,0.0459234039321235));
#2464=CARTESIAN_POINT('',(0.0271522310187625,0.0168795399531753,0.0458778317385596));
#2465=CARTESIAN_POINT('',(0.0274091546840462,0.0169589074568845,0.0458624586565166));
#2466=CARTESIAN_POINT('',(0.0279236762766003,0.0171051459922012,0.0458316721188237));
#2467=CARTESIAN_POINT('',(0.028181859165524,0.0171722279811185,0.0458162236794455));
#2468=CARTESIAN_POINT('',(0.0291938765832973,0.0174109965061292,0.0457556530138854));
#2469=CARTESIAN_POINT('',(0.0299544250432059,0.0175387372695469,0.0457101467941435));
#2470=CARTESIAN_POINT('',(0.030722606225262,0.0176163882070179,0.0456638228376776));
#2471=CARTESIAN_POINT('',(0.0153939599751964,0.00449918592633322,0.0475233654277185));
#2472=CARTESIAN_POINT('',(0.0156674320738723,0.0055412313362293,0.0475134647686919));
#2473=CARTESIAN_POINT('',(0.0160308768794367,0.00654308212881058,0.0474994353394371));
#2474=CARTESIAN_POINT('',(0.0167052140585506,0.00798799218260188,0.047470388902228));
#2475=CARTESIAN_POINT('',(0.0169516638608957,0.00845993111722049,0.0474593687183879));
#2476=CARTESIAN_POINT('',(0.0173543416080758,0.0091530632805565,0.0474405910005074));
#2477=CARTESIAN_POINT('',(0.017494076337401,0.00938164073177934,0.0474339571681583));
#2478=CARTESIAN_POINT('',(0.0177847519189792,0.00983377560151758,0.0474199003206164));
#2479=CARTESIAN_POINT('',(0.0179359756463401,0.0100576859418481,0.0474124625716892));
#2480=CARTESIAN_POINT('',(0.0187127987182981,0.011153597849432,0.0473736045605518));
#2481=CARTESIAN_POINT('',(0.0194047467903954,0.0119632575428675,0.0473369260867524));
#2482=CARTESIAN_POINT('',(0.0205453531918408,0.0130798506791062,0.0472736033734384));
#2483=CARTESIAN_POINT('',(0.0209427755144881,0.0134356313158195,0.0472511171902341));
#2484=CARTESIAN_POINT('',(0.0217728347401303,0.0141135875237889,0.0472034417218763));
#2485=CARTESIAN_POINT('',(0.022207087183198,0.014436602737198,0.0471781557981093));
#2486=CARTESIAN_POINT('',(0.0235378605137806,0.0153358032981717,0.0470999460871651));
#2487=CARTESIAN_POINT('',(0.0244689838647155,0.0158490918028765,0.047044325570387));
#2488=CARTESIAN_POINT('',(0.0259306960951259,0.0164915892207207,0.0469568194941721));
#2489=CARTESIAN_POINT('',(0.0264288364411248,0.0166843885599998,0.0469269639040002));
#2490=CARTESIAN_POINT('',(0.0271928963573765,0.016940581178493,0.0468811858867581));
#2491=CARTESIAN_POINT('',(0.0274506615813778,0.0170205122181102,0.0468657438944471));
#2492=CARTESIAN_POINT('',(0.0279669138818369,0.017167778468106,0.0468348206224046));
#2493=CARTESIAN_POINT('',(0.0282259877361639,0.0172353261458173,0.046819304200345));
#2494=CARTESIAN_POINT('',(0.0292415914503991,0.0174757182038545,0.0467584696621638));
#2495=CARTESIAN_POINT('',(0.0300050354120227,0.0176042396116792,0.0467127719730115));
#2496=CARTESIAN_POINT('',(0.0307763753076528,0.0176822204627643,0.0466662566945223));
#2497=CARTESIAN_POINT('',(0.0153808955125994,0.00449311434298755,0.0465234692052571));
#2498=CARTESIAN_POINT('',(0.0158367735615151,0.00623043523154952,0.0465069634020335));
#2499=CARTESIAN_POINT('',(0.0172648311817368,0.00953056427330616,0.046450291308051));
#2500=CARTESIAN_POINT('',(0.0202063702681497,0.0129498599900388,0.04629464199378));
#2501=CARTESIAN_POINT('',(0.0230568700862777,0.0150533132136737,0.0461285025950867));
#2502=CARTESIAN_POINT('',(0.0254440479134191,0.0163098797875798,0.0459861365415932));
#2503=CARTESIAN_POINT('',(0.0279412721803599,0.0171769439263951,0.0458366249604972));
#2504=CARTESIAN_POINT('',(0.029711991424098,0.0175076563830401,0.0457307062476955));
#2505=CARTESIAN_POINT('',(0.0305957347552519,0.0176034590135436,0.045677477958598));
#2506=CARTESIAN_POINT('',(0.0153808955126019,0.00449311434298688,0.046523469205257));
#2507=CARTESIAN_POINT('',(0.0305957347552519,0.0176034590135436,0.045677477958598));
#2508=CARTESIAN_POINT('',(0.0305957347552519,0.0176034590135436,0.045677477958598));
#2509=CARTESIAN_POINT('',(0.0306079792957371,0.0176246671797792,0.0460099605909681));
#2510=CARTESIAN_POINT('',(0.0306202221158054,0.0176458723661653,0.0463424434767647));
#2511=CARTESIAN_POINT('',(0.030632463208203,0.0176670745601382,0.0466749266170023));
#2512=CARTESIAN_POINT('',(0.015380810083767,0.00449313662944239,0.0465234701838895));
#2513=CARTESIAN_POINT('',(0.0153851567318887,0.00449516261463087,0.0468567690183786));
#2514=CARTESIAN_POINT('',(0.0153895033666281,0.00449718860331053,0.0471900678530211));
#2515=CARTESIAN_POINT('',(0.0153938499879843,0.00449921459547861,0.0475233666878168));
#2516=CARTESIAN_POINT('',(-0.0325392419753975,0.,0.0475));
#2517=CARTESIAN_POINT('',(-0.0306255782803128,0.0221501304952235,0.0475));
#2518=CARTESIAN_POINT('',(-0.0308471660051152,0.0225339316929148,0.0477097535142088));
#2519=CARTESIAN_POINT('',(-0.0310682653117761,0.0229168869255697,0.0479215477090673));
#2520=CARTESIAN_POINT('',(-0.0312889473535553,0.0232991194342494,0.0481350852961086));
#2521=CARTESIAN_POINT('',(-0.0306255782803127,0.0221501304952235,0.0475));
#2522=CARTESIAN_POINT('',(-0.0312889473535553,0.0232991194342494,0.0481350852961086));
#2523=CARTESIAN_POINT('',(-0.0325392419753975,0.,0.0475));
#2524=CARTESIAN_POINT('',(-0.013285208832443,0.0111163212180708,0.0475));
#2525=CARTESIAN_POINT('',(-0.0128088948603617,0.0113913212180707,0.0478175426480543));
#2526=CARTESIAN_POINT('',(-0.0123325808882802,0.0116663212180707,0.0481350852961086));
#2527=CARTESIAN_POINT('',(-0.0325392419753975,0.,0.0481350852961086));
#2528=CARTESIAN_POINT('',(-0.0325392419753973,2.80719424214284E-17,0.0245));
#2529=CARTESIAN_POINT('',(-0.0344529056704822,0.0221501304952235,0.0245));
#2530=CARTESIAN_POINT('',(-0.0344529056704822,0.0221501304952235,0.0475));
#2531=CARTESIAN_POINT('',(-0.0344523205904611,0.022151144016502,0.0452542568246084));
#2532=CARTESIAN_POINT('',(-0.0325392419753975,0.,0.0475));
#2533=CARTESIAN_POINT('',(-0.0344529056704822,-0.0221501304952235,0.0475));
#2534=CARTESIAN_POINT('',(-0.0344529056704823,-0.0221501304952234,0.0245));
#2535=CARTESIAN_POINT('',(-0.0344525204027866,-0.0221507982754127,0.0452566931594934));
#2536=CARTESIAN_POINT('',(-0.042942248431485,-0.0196486092731244,0.0447764315059121));
#2537=CARTESIAN_POINT('',(-0.0423770530724015,-0.0199478534022007,0.0448175494510627));
#2538=CARTESIAN_POINT('',(-0.0414551380287521,-0.0203897588545704,0.0448797464172741));
#2539=CARTESIAN_POINT('',(-0.0400626479205279,-0.0209311615628327,0.0449640905579917));
#2540=CARTESIAN_POINT('',(-0.0389521165726135,-0.0213000910559685,0.0450273065788186));
#2541=CARTESIAN_POINT('',(-0.0379175488514195,-0.0215783025420836,0.0450824498953452));
#2542=CARTESIAN_POINT('',(-0.0372105386626516,-0.0217385759702339,0.0451191135808392));
#2543=CARTESIAN_POINT('',(-0.0361113281211853,-0.0219607158803406,0.0451755402937499));
#2544=CARTESIAN_POINT('',(-0.0351930639448202,-0.0220861979153438,0.0452212739236619));
#2545=CARTESIAN_POINT('',(-0.0344525047618355,-0.0221501651281281,0.0452574915988442));
#2546=CARTESIAN_POINT('',(-0.0429422484314849,-0.0196486092731245,0.0447764315059121));
#2547=CARTESIAN_POINT('',(-0.0547718844112069,1.21464058168114E-7,0.0428672001763886));
#2548=CARTESIAN_POINT('',(-0.0547719064538252,-0.00403453419959748,0.042867281234793));
#2549=CARTESIAN_POINT('',(-0.0530841207209418,-0.0100470898308742,0.0433929011197568));
#2550=CARTESIAN_POINT('',(-0.0480084303201618,-0.0163446255098267,0.044289888749928));
#2551=CARTESIAN_POINT('',(-0.0447209088793787,-0.0187068929477896,0.0446392351039937));
#2552=CARTESIAN_POINT('',(-0.0429422484314849,-0.0196486092731245,0.044776431505912));
#2553=CARTESIAN_POINT('',(-0.0547718844112069,1.21464058009993E-7,0.0428672001763887));
#2554=CARTESIAN_POINT('',(-0.0429418719774723,0.0196488085830476,0.0447747909450857));
#2555=CARTESIAN_POINT('',(-0.0447206549847634,0.01870707100132,0.0446377224110143));
#2556=CARTESIAN_POINT('',(-0.0480097580156837,0.0163435208749091,0.0442885691171146));
#2557=CARTESIAN_POINT('',(-0.0530849368591961,0.0100456823680049,0.0433922222117378));
#2558=CARTESIAN_POINT('',(-0.0547718623860511,0.00403158083105759,0.042867119182205));
#2559=CARTESIAN_POINT('',(-0.0547718844112069,1.21464057851872E-7,0.0428672001763885));
#2560=CARTESIAN_POINT('',(-0.0429418719774723,0.0196488085830476,0.0447747909450857));
#2561=CARTESIAN_POINT('',(-0.0429418719774724,0.0196488085830476,0.0447747909450858));
#2562=CARTESIAN_POINT('',(-0.0424699286620881,0.0198986686023533,0.0448091147073007));
#2563=CARTESIAN_POINT('',(-0.0414151748622276,0.0204136575913305,0.0448805899928407));
#2564=CARTESIAN_POINT('',(-0.0394837209653769,0.0211598209071272,0.0449959741973124));
#2565=CARTESIAN_POINT('',(-0.0375567320926722,0.0216875762020611,0.0450997171157616));
#2566=CARTESIAN_POINT('',(-0.0358559953925601,0.021998344289898,0.0451855490599276));
#2567=CARTESIAN_POINT('',(-0.0349015576610881,0.0221113780743362,0.0452323229687193));
#2568=CARTESIAN_POINT('',(-0.0344524681699588,0.0221501682887909,0.0452544816264019));
#2569=CARTESIAN_POINT('',(5.70478609164175E-14,0.00257475330252421,0.046598934498261));
#2570=CARTESIAN_POINT('',(-0.000330921911527447,0.00257475704836178,0.046598934498252));
#2571=CARTESIAN_POINT('',(-0.00087967821428015,0.00253612649540979,0.046598940339045));
#2572=CARTESIAN_POINT('',(-0.00163723280106445,0.00238552650470348,0.046598959738564));
#2573=CARTESIAN_POINT('',(-0.00228506192663418,0.00216787640144078,0.046598984561015));
#2574=CARTESIAN_POINT('',(-0.00287811765772205,0.00185779592767381,0.0465990145973809));
#2575=CARTESIAN_POINT('',(-0.00336388344630213,0.0014765546529338,0.0465990446329274));
#2576=CARTESIAN_POINT('',(-0.00370803778230377,0.00105817155395711,0.0465990694533896));
#2577=CARTESIAN_POINT('',(-0.00394859633175116,0.000568088457741957,0.0465990888504724));
#2578=CARTESIAN_POINT('',(-0.00401143807003767,0.00021336993194432,0.0465990946902185));
#2579=CARTESIAN_POINT('',(-0.00401143674932002,1.21464059045727E-7,0.0465990946902145));
#2580=CARTESIAN_POINT('',(2.02268204593314E-13,0.00855860848574196,0.0465908996540929));
#2581=CARTESIAN_POINT('',(-0.00118117091928135,0.0085586293134157,0.0465908996455229));
#2582=CARTESIAN_POINT('',(-0.0031071463862269,0.00844030310341954,0.0465908974140874));
#2583=CARTESIAN_POINT('',(-0.00570082773916623,0.0079658290642139,0.0465909001204631));
#2584=CARTESIAN_POINT('',(-0.00787062162891431,0.00726881378376447,0.0465909106814338));
#2585=CARTESIAN_POINT('',(-0.00981308651663233,0.0062593517598204,0.0465909159102551));
#2586=CARTESIAN_POINT('',(-0.011370716939927,0.00500004007624286,0.0465909028042467));
#2587=CARTESIAN_POINT('',(-0.0124519133126338,0.00360009421151379,0.0465908845884106));
#2588=CARTESIAN_POINT('',(-0.0131943961887927,0.001943008041219,0.0465908700082701));
#2589=CARTESIAN_POINT('',(-0.0133832340465463,0.00073181195139813,0.0465908663480249));
#2590=CARTESIAN_POINT('',(-0.013383226682625,1.21464057890536E-7,0.0465908663651343));
#2591=CARTESIAN_POINT('',(5.48906935364784E-13,0.0173791353014773,0.0464988347381365));
#2592=CARTESIAN_POINT('',(-0.00320048528229801,0.0173792702739301,0.0464988347945858));
#2593=CARTESIAN_POINT('',(-0.00812083634618716,0.0172409725538477,0.0464989366759498));
#2594=CARTESIAN_POINT('',(-0.0141418381748447,0.0165394563333744,0.0464992462582302));
#2595=CARTESIAN_POINT('',(-0.0187184552264041,0.0153874509797691,0.0464996256280794));
#2596=CARTESIAN_POINT('',(-0.0223862835007834,0.0135465739836434,0.0465001086556828));
#2597=CARTESIAN_POINT('',(-0.0249924431230412,0.0110637902937807,0.046500642330944));
#2598=CARTESIAN_POINT('',(-0.0265721661030494,0.00812482694712181,0.0465011056943244));
#2599=CARTESIAN_POINT('',(-0.027517868979635,0.00448008470394786,0.046501469779649));
#2600=CARTESIAN_POINT('',(-0.027703538173308,0.00170642437694813,0.0465015775308658));
#2601=CARTESIAN_POINT('',(-0.027703490717336,1.21464057380956E-7,0.0465015774688134));
#2602=CARTESIAN_POINT('',(1.00573972484383E-12,0.0277047881563975,0.04501178094829));
#2603=CARTESIAN_POINT('',(-0.00587027832718415,0.0277051538992246,0.0450117801483561));
#2604=CARTESIAN_POINT('',(-0.0146949912020641,0.0276085661419366,0.0450085704500271));
#2605=CARTESIAN_POINT('',(-0.0250491976525504,0.0267905643679553,0.0449980170740183));
#2606=CARTESIAN_POINT('',(-0.0325395625197416,0.0252377624448089,0.0449845358835378));
#2607=CARTESIAN_POINT('',(-0.0381435345500087,0.0225009339940879,0.0449680776912953));
#2608=CARTESIAN_POINT('',(-0.0417703065786604,0.0185764327304446,0.044951394835925));
#2609=CARTESIAN_POINT('',(-0.0436895161786323,0.0137450032981894,0.0449374834183834));
#2610=CARTESIAN_POINT('',(-0.0446418190074111,0.00762078740980075,0.0449265781416759));
#2611=CARTESIAN_POINT('',(-0.0447389366683765,0.00290171078517935,0.0449232942197547));
#2612=CARTESIAN_POINT('',(-0.0447388082034585,1.21464058354102E-7,0.0449232946044117));
#2613=CARTESIAN_POINT('',(1.30154781569123E-12,0.0344597884440922,0.0429167301744219));
#2614=CARTESIAN_POINT('',(-0.00759152514966734,0.0344603416072193,0.0429167287415429));
#2615=CARTESIAN_POINT('',(-0.0189460844852831,0.0344042004627123,0.0429087509741015));
#2616=CARTESIAN_POINT('',(-0.0321276262570863,0.0335319169416899,0.0428828121883596));
#2617=CARTESIAN_POINT('',(-0.0415323248578392,0.0317266104341419,0.0428499084329833));
#2618=CARTESIAN_POINT('',(-0.0484178511455697,0.0283926118473472,0.0428095759922015));
#2619=CARTESIAN_POINT('',(-0.0527251882957145,0.023495678792092,0.0427682064510198));
#2620=CARTESIAN_POINT('',(-0.0548726827579386,0.0173937875765114,0.0427334691029461));
#2621=CARTESIAN_POINT('',(-0.055830227424848,0.00962903026748302,0.0427062500555895));
#2622=CARTESIAN_POINT('',(-0.0558677686160964,0.00365371721528857,0.0426980748203246));
#2623=CARTESIAN_POINT('',(-0.0558675747278816,1.21464056920655E-7,0.0426980761418115));
#2624=CARTESIAN_POINT('',(1.51017640981778E-12,0.0396644650513138,0.0397477832578037));
#2625=CARTESIAN_POINT('',(-0.00881226864888886,0.0396651866900203,0.0397477832424523));
#2626=CARTESIAN_POINT('',(-0.0219883068730488,0.0396406491530848,0.0397339227718332));
#2627=CARTESIAN_POINT('',(-0.0372578850548508,0.0387167295872019,0.0396893719410145));
#2628=CARTESIAN_POINT('',(-0.048119977654161,0.0366954247008666,0.0396338853018384));
#2629=CARTESIAN_POINT('',(-0.0560263888536396,0.0328645850068514,0.0395662175112397));
#2630=CARTESIAN_POINT('',(-0.060917551464264,0.0271788656796766,0.0394950805709773));
#2631=CARTESIAN_POINT('',(-0.0633009150725909,0.0200771023513651,0.0394345634197803));
#2632=CARTESIAN_POINT('',(-0.064313702764425,0.011064355520023,0.0393871951356096));
#2633=CARTESIAN_POINT('',(-0.0643218597297801,0.00417624584314009,0.0393730233644717));
#2634=CARTESIAN_POINT('',(-0.0643216090583049,1.21464057930058E-7,0.0393730264352822));
#2635=CARTESIAN_POINT('',(1.63490707656431E-12,0.0431259761334697,0.0357993957036442));
#2636=CARTESIAN_POINT('',(-0.00954071632927321,0.0431268246257887,0.0357993988724556));
#2637=CARTESIAN_POINT('',(-0.0238246167361674,0.0431191843728732,0.0357814541909328));
#2638=CARTESIAN_POINT('',(-0.0404043217238935,0.0421432365571692,0.0357236240810155));
#2639=CARTESIAN_POINT('',(-0.0522139847809064,0.039954247365825,0.0356521207613228));
#2640=CARTESIAN_POINT('',(-0.0608205007086108,0.0357613646006914,0.0355675813720337));
#2641=CARTESIAN_POINT('',(-0.0661431859110116,0.0295181462611229,0.0354777666792621));
#2642=CARTESIAN_POINT('',(-0.0687268311928332,0.0217384655781381,0.0353997419500605));
#2643=CARTESIAN_POINT('',(-0.0698144842774583,0.0119176666052848,0.0353388336113781));
#2644=CARTESIAN_POINT('',(-0.0698159151217372,0.00447433004568441,0.0353206662075784));
#2645=CARTESIAN_POINT('',(-0.0698156270389448,1.21464057757148E-7,0.0353206712234714));
#2646=CARTESIAN_POINT('',(1.6966095304892E-12,0.0449887942554694,0.0319719672476274));
#2647=CARTESIAN_POINT('',(-0.00989969936351051,0.0449897197867644,0.0319719713578435));
#2648=CARTESIAN_POINT('',(-0.0247379489093246,0.0449873692829531,0.0319538051995187));
#2649=CARTESIAN_POINT('',(-0.0419885287713711,0.0439695503295651,0.0318947894814083));
#2650=CARTESIAN_POINT('',(-0.0542950428008313,0.0416727324043995,0.0318212428657338));
#2651=CARTESIAN_POINT('',(-0.0632815044765723,0.0372667409164944,0.0317351723179257));
#2652=CARTESIAN_POINT('',(-0.0688496850985279,0.0307067586466178,0.0316454956994332));
#2653=CARTESIAN_POINT('',(-0.0715540673946973,0.022556774781549,0.0315674695020382));
#2654=CARTESIAN_POINT('',(-0.0726937612666917,0.0123164766425273,0.0315065845338129));
#2655=CARTESIAN_POINT('',(-0.0726956537375024,0.00460579218373554,0.0314883950715957));
#2656=CARTESIAN_POINT('',(-0.0726953457473385,1.21464057571366E-7,0.0314883986827498));
#2657=CARTESIAN_POINT('',(1.72593556491812E-12,0.0459153689156583,0.0286887470690512));
#2658=CARTESIAN_POINT('',(-0.0100706160732648,0.0459163358440476,0.0286887501230754));
#2659=CARTESIAN_POINT('',(-0.0251745437475404,0.0459136537988845,0.0286733753561605));
#2660=CARTESIAN_POINT('',(-0.0427494602546709,0.0448652487643904,0.0286231697976414));
#2661=CARTESIAN_POINT('',(-0.0552979962688217,0.0425027920208427,0.0285602188675052));
#2662=CARTESIAN_POINT('',(-0.0644709371539053,0.0379785933859496,0.0284863653999075));
#2663=CARTESIAN_POINT('',(-0.0701611611397397,0.0312528212374206,0.0284106915024444));
#2664=CARTESIAN_POINT('',(-0.0729263206894544,0.0229177930707669,0.0283454460660656));
#2665=CARTESIAN_POINT('',(-0.0740927507293128,0.0124796249051903,0.0282944602462657));
#2666=CARTESIAN_POINT('',(-0.0740952020822474,0.00465470983007972,0.0282791703037235));
#2667=CARTESIAN_POINT('',(-0.074094882873337,1.21464057943351E-7,0.0282791710953053));
#2668=CARTESIAN_POINT('',(1.73882054664287E-12,0.0463438496709744,0.0261435287524794));
#2669=CARTESIAN_POINT('',(-0.0101471325310405,0.0463448365977263,0.0261435307076805));
#2670=CARTESIAN_POINT('',(-0.0253705225659809,0.0463397849672293,0.0261320226858331));
#2671=CARTESIAN_POINT('',(-0.0430920564509958,0.0452703302421773,0.0260943253073949));
#2672=CARTESIAN_POINT('',(-0.0557504597340413,0.042869337694149,0.0260468821020579));
#2673=CARTESIAN_POINT('',(-0.0650081950150105,0.0382822147839992,0.0259910816859401));
#2674=CARTESIAN_POINT('',(-0.0707540751452174,0.0314746716647014,0.0259347151069391));
#2675=CARTESIAN_POINT('',(-0.0735471925851747,0.0230543026157105,0.0258866397467393));
#2676=CARTESIAN_POINT('',(-0.0747259728571657,0.0125323140154887,0.0258489929914767));
#2677=CARTESIAN_POINT('',(-0.0747286918627514,0.00466686238094043,0.0258376490634878));
#2678=CARTESIAN_POINT('',(-0.0747283666577016,1.2146405781904E-7,0.0258376476410135));
#2679=CARTESIAN_POINT('',(1.74541394529502E-12,0.0465387343507305,0.0239830320616971));
#2680=CARTESIAN_POINT('',(-0.0101830888083075,0.046539730614156,0.0239830330164772));
#2681=CARTESIAN_POINT('',(-0.0254621119459778,0.0465313248696846,0.0239760949050743));
#2682=CARTESIAN_POINT('',(-0.0432508643026497,0.0454454616476606,0.0239533657248385));
#2683=CARTESIAN_POINT('',(-0.0559587369201697,0.0430190719867273,0.0239247408149548));
#2684=CARTESIAN_POINT('',(-0.0652536003366392,0.0383956082075373,0.0238911542197876));
#2685=CARTESIAN_POINT('',(-0.0710229089558065,0.0315462333281034,0.0238578181425311));
#2686=CARTESIAN_POINT('',(-0.0738270579341018,0.023087622952908,0.0238296511645192));
#2687=CARTESIAN_POINT('',(-0.0750100049519608,0.0125350939510731,0.0238074799237083));
#2688=CARTESIAN_POINT('',(-0.075012353898161,0.00466275812638296,0.0238007354388395));
#2689=CARTESIAN_POINT('',(-0.0750120255785105,1.21464057727296E-7,0.0238007325070423));
#2690=CARTESIAN_POINT('',(1.74675857685786E-12,0.046622975909445,0.0218344849213793));
#2691=CARTESIAN_POINT('',(-0.0101929208020076,0.0466239762569923,0.0218344856944532));
#2692=CARTESIAN_POINT('',(-0.0254890186402179,0.0466113181585981,0.0218330277254805));
#2693=CARTESIAN_POINT('',(-0.0433019963868837,0.045510045243325,0.0218281137908842));
#2694=CARTESIAN_POINT('',(-0.0560305705651363,0.0430631797739916,0.0218218127442356));
#2695=CARTESIAN_POINT('',(-0.0653437697865168,0.0384148068318937,0.0218146096053389));
#2696=CARTESIAN_POINT('',(-0.0711273315004809,0.0315419664640386,0.021809013193335));
#2697=CARTESIAN_POINT('',(-0.0739407783805551,0.0230676670317935,0.0218052219916897));
#2698=CARTESIAN_POINT('',(-0.0751295013225689,0.0125111162987262,0.0218021445912673));
#2699=CARTESIAN_POINT('',(-0.0751330291794046,0.00464958220791427,0.0218011200616768));
#2700=CARTESIAN_POINT('',(-0.0751326991900732,1.21464057640679E-7,0.0218011153366054));
#2701=CARTESIAN_POINT('',(1.74303490451771E-12,0.0465850898106345,0.0203079236781671));
#2702=CARTESIAN_POINT('',(-0.0101727690478117,0.0465860882723573,0.0203079243253213));
#2703=CARTESIAN_POINT('',(-0.0254421074294841,0.0465694588698989,0.0203113507866092));
#2704=CARTESIAN_POINT('',(-0.0432313906163613,0.0454577582866721,0.0203225075380523));
#2705=CARTESIAN_POINT('',(-0.0559495001510425,0.0430003767888877,0.0203365775668255));
#2706=CARTESIAN_POINT('',(-0.06526182101506,0.0383442238283627,0.0203537810734136));
#2707=CARTESIAN_POINT('',(-0.0710514551888842,0.0314709455723573,0.0203731572772481));
#2708=CARTESIAN_POINT('',(-0.0738740802809397,0.023005636898952,0.020390606018672));
#2709=CARTESIAN_POINT('',(-0.0750719376560135,0.0124700219233211,0.020404149778801));
#2710=CARTESIAN_POINT('',(-0.0750788954800764,0.00463207066871352,0.0204081152990798));
#2711=CARTESIAN_POINT('',(-0.075078565750518,1.21464058413585E-7,0.0204081098094193));
#2712=CARTESIAN_POINT('',(1.74163731496429E-12,0.0465757730031395,0.0194329356671531));
#2713=CARTESIAN_POINT('',(-0.0101646719138658,0.0465767710016747,0.0194329363624243));
#2714=CARTESIAN_POINT('',(-0.0254236192835511,0.0465579821802436,0.019439086545001));
#2715=CARTESIAN_POINT('',(-0.0432045308065991,0.0454402458763692,0.019459345851929));
#2716=CARTESIAN_POINT('',(-0.0559198648172485,0.042976362789671,0.0194851338597514));
#2717=CARTESIAN_POINT('',(-0.0652335723546943,0.0383145517565215,0.0195166103680274));
#2718=CARTESIAN_POINT('',(-0.071027298314847,0.0314388531145421,0.0195500511546631));
#2719=CARTESIAN_POINT('',(-0.0738547840968468,0.0229760662631659,0.0195789054822684));
#2720=CARTESIAN_POINT('',(-0.0750571838306311,0.0124494489595369,0.0196013592511617));
#2721=CARTESIAN_POINT('',(-0.0750657677006216,0.00462303698312976,0.0196080130194681));
#2722=CARTESIAN_POINT('',(-0.0750654381783344,1.21464058749483E-7,0.0196080078007845));
#2723=CARTESIAN_POINT('',(-0.0344675593134896,0.0221247496410187,0.0450431767254847));
#2724=CARTESIAN_POINT('',(-0.034157857205184,0.0226611694278151,0.0450027270381929));
#2725=CARTESIAN_POINT('',(-0.0338484069781713,0.023197152943415,0.0449551848227291));
#2726=CARTESIAN_POINT('',(-0.0335392419753975,0.0237326424361414,0.04489961120117));
#2727=CARTESIAN_POINT('',(-0.0344675592758079,0.0221247497014972,0.0450431778160229));
#2728=CARTESIAN_POINT('',(-0.0335392419753975,0.0237326424361414,0.04489961120117));
#2729=CARTESIAN_POINT('',(-0.0547262405771497,1.21514008878254E-7,0.0426993518653858));
#2730=CARTESIAN_POINT('',(-0.0547262405740452,0.00138865410507983,0.042699351866222));
#2731=CARTESIAN_POINT('',(-0.0544709289628772,0.00411446614602801,0.0427691412582422));
#2732=CARTESIAN_POINT('',(-0.0533264247034431,0.00810992673148689,0.0430461370444812));
#2733=CARTESIAN_POINT('',(-0.051492141031129,0.0117756933415075,0.0434215569466222));
#2734=CARTESIAN_POINT('',(-0.0489809602935625,0.0150853442075679,0.0438322621533573));
#2735=CARTESIAN_POINT('',(-0.0459562614756972,0.0178340302960536,0.0442095393666509));
#2736=CARTESIAN_POINT('',(-0.0424087449075443,0.0200223498162814,0.0445362869435931));
#2737=CARTESIAN_POINT('',(-0.0385912286589752,0.0214927230068564,0.0448013019165951));
#2738=CARTESIAN_POINT('',(-0.0358468526003815,0.0220022574428681,0.0449625670683086));
#2739=CARTESIAN_POINT('',(-0.0344675608577525,0.0221247698269111,0.0450431742971148));
#2740=CARTESIAN_POINT('',(-0.0547262391086253,1.21514008870938E-7,0.042699352264729));
#2741=CARTESIAN_POINT('',(-0.0547262391086253,1.21464057923697E-7,0.042699352264729));
#2742=CARTESIAN_POINT('',(-0.0581528103885168,1.21464057891496E-7,0.0417675476195975));
#2743=CARTESIAN_POINT('',(-0.064282970846788,1.21464058523297E-7,0.0394723925072477));
#2744=CARTESIAN_POINT('',(-0.0697861558307379,1.21464058138666E-7,0.0353698917259734));
#2745=CARTESIAN_POINT('',(-0.0727667325794604,1.21464057982395E-7,0.0313186628433933));
#2746=CARTESIAN_POINT('',(-0.0742829654674549,1.21464058191008E-7,0.0279066497082464));
#2747=CARTESIAN_POINT('',(-0.0749408927299305,1.214640580631E-7,0.0247640184930167));
#2748=CARTESIAN_POINT('',(-0.0751256898144192,1.21464057714153E-7,0.0220885874299594));
#2749=CARTESIAN_POINT('',(-0.0750885476402558,1.21464058370698E-7,0.020693710607258));
#2750=CARTESIAN_POINT('',(-0.0750737812760853,1.21464058668167E-7,0.0199999738566637));
#2751=CARTESIAN_POINT('',(-0.0750737812559444,1.21464058640926E-7,0.0199999738570925));
#2752=CARTESIAN_POINT('',(-0.0750737812760944,1.21464058584387E-7,0.0199999738570926));
#2753=CARTESIAN_POINT('',(-0.0750737812760878,0.00444820764627582,0.0199999738570926));
#2754=CARTESIAN_POINT('',(-0.0750890805863354,0.0111213069379875,0.0199998537816114));
#2755=CARTESIAN_POINT('',(-0.074241470042002,0.020005154720369,0.0199993615046446));
#2756=CARTESIAN_POINT('',(-0.0730531512305261,0.0254071167104466,0.0199989934521098));
#2757=CARTESIAN_POINT('',(-0.071447715083576,0.0295519879172114,0.0199987481136521));
#2758=CARTESIAN_POINT('',(-0.0698386324287455,0.0324999828415675,0.0199986082134524));
#2759=CARTESIAN_POINT('',(-0.0678392726851303,0.0351411992301475,0.0199985157835039));
#2760=CARTESIAN_POINT('',(-0.0654032599582696,0.0374839123791046,0.019998459448425));
#2761=CARTESIAN_POINT('',(-0.0626989593684784,0.0393991087407426,0.0199984439678923));
#2762=CARTESIAN_POINT('',(-0.0587434224136829,0.0415043086448494,0.0199984874252651));
#2763=CARTESIAN_POINT('',(-0.0534363508356127,0.0433360872667214,0.0199986581822617));
#2764=CARTESIAN_POINT('',(-0.0468667425175838,0.04469896119345,0.0199989399361409));
#2765=CARTESIAN_POINT('',(-0.0379926821261289,0.0458199296690915,0.0199993182498676));
#2766=CARTESIAN_POINT('',(-0.0268252020785449,0.0464033854040717,0.019999689852181));
#2767=CARTESIAN_POINT('',(-0.013412906232599,0.0465844401592609,0.0199999297050808));
#2768=CARTESIAN_POINT('',(-0.00447095950292144,0.0465835510745576,0.0199999737376793));
#2769=CARTESIAN_POINT('',(-1.56126848348437E-18,0.0465835510745633,0.0199999737376795));
#2770=CARTESIAN_POINT('',(-1.23043957872478E-17,0.0465835510744658,0.0199999737376794));
#2771=CARTESIAN_POINT('',(-5.68147154549847E-17,0.0465835510745633,0.0199999737376781));
#2772=CARTESIAN_POINT('',(1.81485409329418E-14,0.0465937403198977,0.0207427915519873));
#2773=CARTESIAN_POINT('',(5.50221113838799E-14,0.0466159341212495,0.0222330627621107));
#2774=CARTESIAN_POINT('',(1.27354832265352E-13,0.0464849278875435,0.0250377770383484));
#2775=CARTESIAN_POINT('',(2.16903710266158E-13,0.0460453998948547,0.0282647821134245));
#2776=CARTESIAN_POINT('',(3.19691679037579E-13,0.0450725794258635,0.0316880343886444));
#2777=CARTESIAN_POINT('',(4.46078684817599E-13,0.0432091373872117,0.035680880247353));
#2778=CARTESIAN_POINT('',(5.76796900159989E-13,0.0398604640339192,0.0396413143299678));
#2779=CARTESIAN_POINT('',(6.89491224807583E-13,0.0325896648839828,0.044028931089658));
#2780=CARTESIAN_POINT('',(5.67209297988209E-13,0.0204725345137606,0.0464455432863645));
#2781=CARTESIAN_POINT('',(2.09296016492856E-13,0.00889660352431228,0.0465880630486092));
#2782=CARTESIAN_POINT('',(6.75451959493476E-14,0.0030002950667287,0.0465982992090074));
#2783=CARTESIAN_POINT('',(2.74264808872424E-10,0.00300006529362412,0.0465982997409502));
#2784=CARTESIAN_POINT('',(-0.00881172468448998,0.00300041966544174,0.0465845008824916));
#2785=CARTESIAN_POINT('',(-0.00587450618675621,0.00300037528247364,0.0465971002022119));
#2786=CARTESIAN_POINT('',(-0.00293724780228284,0.00300029506666095,0.0465982992090179));
#2787=CARTESIAN_POINT('',(6.73551706259633E-14,0.00300029506666108,0.0465982992090075));
#2788=CARTESIAN_POINT('',(-0.0088117246292626,0.00300239438839954,0.046584494963854));
#2789=CARTESIAN_POINT('',(-0.00881172468450305,0.0030004196653612,0.0465845008824917));
#2790=CARTESIAN_POINT('',(-0.00927104996904335,0.00300042660905581,0.0465825305877565));
#2791=CARTESIAN_POINT('',(-0.0101808657234477,0.00331855915224271,0.0465770766250218));
#2792=CARTESIAN_POINT('',(-0.010685481932119,0.00414145856427379,0.0465702592431875));
#2793=CARTESIAN_POINT('',(-0.0107803858518963,0.00459087924526187,0.0465670680506211));
#2794=CARTESIAN_POINT('',(-0.010782966703415,0.00459033428493011,0.0465670732154857));
#2795=CARTESIAN_POINT('',(-0.0150599619626109,0.0137391843079607,0.0463433167612576));
#2796=CARTESIAN_POINT('',(-0.0140139953485697,0.0124103111675591,0.0464109981539468));
#2797=CARTESIAN_POINT('',(-0.0122092840635969,0.00947646672097179,0.0465141618272311));
#2798=CARTESIAN_POINT('',(-0.0111345870563724,0.0062669188205499,0.0465551652342422));
#2799=CARTESIAN_POINT('',(-0.0107803862022301,0.00459087959089931,0.0465670680463432));
#2800=CARTESIAN_POINT('',(-0.0150598097039867,0.0137393035803698,0.0463433055390185));
#2801=CARTESIAN_POINT('',(-0.0306146040065963,0.0221311224575955,0.0452712726840182));
#2802=CARTESIAN_POINT('',(-0.0275994708515097,0.0218734844551172,0.0454547076955026));
#2803=CARTESIAN_POINT('',(-0.0216706476901822,0.0201057363242234,0.0458649539316337));
#2804=CARTESIAN_POINT('',(-0.0169318724673136,0.0161173974913857,0.0462221909927608));
#2805=CARTESIAN_POINT('',(-0.0150599619626109,0.0137391843079608,0.0463433167612576));
#2806=CARTESIAN_POINT('',(-0.0306146044610607,0.022131117938207,0.0452712738065106));
#2807=CARTESIAN_POINT('',(-0.0306146021059127,0.0221311192034897,0.0452712731622705));
#2808=CARTESIAN_POINT('',(-0.0309232509442279,0.0226657146731488,0.0451928872991495));
#2809=CARTESIAN_POINT('',(-0.031231485250437,0.0231995921521389,0.0451082262866804));
#2810=CARTESIAN_POINT('',(-0.0315392419753975,0.0237326424361414,0.0450163356926719));
#2811=CARTESIAN_POINT('',(-0.0315392419753975,0.0237326424361414,0.0450163356926719));
#2812=CARTESIAN_POINT('',(-0.0315392419753975,0.0237326424361414,0.0450163356926719));
#2813=CARTESIAN_POINT('',(-0.0322060841837804,0.0237326424361414,0.0449804353246144));
#2814=CARTESIAN_POINT('',(-0.0328727580603521,0.0237326424361414,0.044941650697922));
#2815=CARTESIAN_POINT('',(-0.0335392419753975,0.0237326424361414,0.04489961120117));
#2816=CARTESIAN_POINT('',(-0.0548071018373047,1.21464057771655E-7,0.0429967069457142));
#2817=CARTESIAN_POINT('',(-0.0548071018373047,0.00137300910625893,0.0429967069457151));
#2818=CARTESIAN_POINT('',(-0.0546800120518129,0.00272193843234849,0.0430313111626831));
#2819=CARTESIAN_POINT('',(-0.0543089236526116,0.00471141070464116,0.0431243048270987));
#2820=CARTESIAN_POINT('',(-0.0541549473306243,0.00536889654658265,0.0431621318300235));
#2821=CARTESIAN_POINT('',(-0.0538780627804195,0.00634659676122705,0.043227633170592));
#2822=CARTESIAN_POINT('',(-0.0537781025633874,0.00667107327735426,0.0432509263943691));
#2823=CARTESIAN_POINT('',(-0.0535626169260618,0.00731714889128975,0.0433001776697512));
#2824=CARTESIAN_POINT('',(-0.0534468341640952,0.00763940573553009,0.0433261921142692));
#2825=CARTESIAN_POINT('',(-0.0528311590659341,0.00923566721040531,0.0434616228625163));
#2826=CARTESIAN_POINT('',(-0.0522289670119096,0.0104484571779027,0.0435853199835206));
#2827=CARTESIAN_POINT('',(-0.0511673745630751,0.0121762346088578,0.0437791761880488));
#2828=CARTESIAN_POINT('',(-0.0507869463594204,0.0127368200220214,0.0438452279566405));
#2829=CARTESIAN_POINT('',(-0.0499718741080478,0.013826873645488,0.0439782598832263));
#2830=CARTESIAN_POINT('',(-0.0495352373325262,0.0143582104654195,0.0440454952337195));
#2831=CARTESIAN_POINT('',(-0.0481676290432869,0.0158751601956645,0.044242396855399));
#2832=CARTESIAN_POINT('',(-0.0471740420095173,0.0167931578220728,0.0443680294510146));
#2833=CARTESIAN_POINT('',(-0.0455625677709249,0.0180324129629177,0.0445438500372925));
#2834=CARTESIAN_POINT('',(-0.0450051047774749,0.0184223925952837,0.044600410350186));
#2835=CARTESIAN_POINT('',(-0.0441375283230736,0.0189715983583099,0.0446821733389537));
#2836=CARTESIAN_POINT('',(-0.043842777272014,0.0191488284349185,0.0447089410272408));
#2837=CARTESIAN_POINT('',(-0.0432488422915265,0.0194876437896418,0.0447609696545996));
#2838=CARTESIAN_POINT('',(-0.0429489414182041,0.0196497045487282,0.0447863011797098));
#2839=CARTESIAN_POINT('',(-0.0414350188738342,0.020423819428914,0.0449098759096599));
#2840=CARTESIAN_POINT('',(-0.0401780835438513,0.0209281923236845,0.0449987432014196));
#2841=CARTESIAN_POINT('',(-0.0385501468642601,0.021414611231038,0.0451040926186381));
#2842=CARTESIAN_POINT('',(-0.0382216998362664,0.0215046374446376,0.0451248829769323));
#2843=CARTESIAN_POINT('',(-0.0375590107001032,0.0216699388736213,0.0451660976840502));
#2844=CARTESIAN_POINT('',(-0.0372241675163617,0.0217453310341557,0.0451865582343481));
#2845=CARTESIAN_POINT('',(-0.0362151589922769,0.0219480219876399,0.0452474249610719));
#2846=CARTESIAN_POINT('',(-0.0355392598230447,0.0220514562477419,0.0452871686703614));
#2847=CARTESIAN_POINT('',(-0.034660513421677,0.0221447972458612,0.04533855977491));
#2848=CARTESIAN_POINT('',(-0.0344605381982692,0.022163302165111,0.0453502362628863));
#2849=CARTESIAN_POINT('',(-0.0342602908438676,0.0221790894380854,0.0453619265229584));
#2850=CARTESIAN_POINT('',(-0.0547257579221519,1.21464057956937E-7,0.0426975769744755));
#2851=CARTESIAN_POINT('',(-0.0547257579221519,0.00137295633668868,0.0426975769744763));
#2852=CARTESIAN_POINT('',(-0.0545993280615723,0.00272162503539325,0.0427319995947454));
#2853=CARTESIAN_POINT('',(-0.0542300707854829,0.00471034308686869,0.0428245096978735));
#2854=CARTESIAN_POINT('',(-0.0540768449952841,0.0053675170267661,0.0428621407319857));
#2855=CARTESIAN_POINT('',(-0.0538012785344047,0.00634465144297483,0.0429273063341943));
#2856=CARTESIAN_POINT('',(-0.053701789739418,0.00666892302305926,0.0429504806946501));
#2857=CARTESIAN_POINT('',(-0.0534873082505794,0.00731455467553677,0.0429994822048419));
#2858=CARTESIAN_POINT('',(-0.0533720593832465,0.00763657195966928,0.0430253654661157));
#2859=CARTESIAN_POINT('',(-0.0527591867309913,0.009231552616262,0.0431601183090744));
#2860=CARTESIAN_POINT('',(-0.0521596258697259,0.0104430768309341,0.0432832119499297));
#2861=CARTESIAN_POINT('',(-0.0511023375648263,0.0121686067849535,0.0434761740661853));
#2862=CARTESIAN_POINT('',(-0.0507234053735616,0.0127283836427977,0.0435419291422476));
#2863=CARTESIAN_POINT('',(-0.0499114239377417,0.0138166980729938,0.0436743832062258));
#2864=CARTESIAN_POINT('',(-0.049476388611223,0.0143470999167148,0.0437413364325591));
#2865=CARTESIAN_POINT('',(-0.0481136118040753,0.0158611148204771,0.0439374461723596));
#2866=CARTESIAN_POINT('',(-0.0471232948633756,0.0167769928374949,0.0440626205393221));
#2867=CARTESIAN_POINT('',(-0.0455167001480978,0.0180129310055437,0.0442378825726666));
#2868=CARTESIAN_POINT('',(-0.0449608600420705,0.0184017822240696,0.0442942778539901));
#2869=CARTESIAN_POINT('',(-0.0440957032475763,0.0189492815193898,0.0443758252146908));
#2870=CARTESIAN_POINT('',(-0.043801757015013,0.0191259398050285,0.044402526317319));
#2871=CARTESIAN_POINT('',(-0.04320940851501,0.0194636234975931,0.0444544333139177));
#2872=CARTESIAN_POINT('',(-0.042910290384724,0.0196251251132265,0.0444797095590821));
#2873=CARTESIAN_POINT('',(-0.0414002268632308,0.020396490254537,0.0446030329288279));
#2874=CARTESIAN_POINT('',(-0.0401462029643381,0.0208988090874672,0.0446917803397418));
#2875=CARTESIAN_POINT('',(-0.0385216578149066,0.0213830615536786,0.0447970271330977));
#2876=CARTESIAN_POINT('',(-0.0381938767560766,0.0214726746062607,0.044817799267082));
#2877=CARTESIAN_POINT('',(-0.0375324944033344,0.0216371956289956,0.0448589805767104));
#2878=CARTESIAN_POINT('',(-0.0371982931725623,0.0217122199020132,0.0448794259304912));
#2879=CARTESIAN_POINT('',(-0.0361911639167268,0.0219138892128208,0.0449402494467475));
#2880=CARTESIAN_POINT('',(-0.0355164464004287,0.0220167616918801,0.0449799670474435));
#2881=CARTESIAN_POINT('',(-0.0346391426421586,0.0221095449768873,0.0450313200262308));
#2882=CARTESIAN_POINT('',(-0.0344394894910827,0.0221279344629514,0.0450429875582039));
#2883=CARTESIAN_POINT('',(-0.0342395585523652,0.0221436178058729,0.0450546684603755));
#2884=CARTESIAN_POINT('',(-0.0344675468398707,0.0221247712459605,0.045043176557947));
#2885=CARTESIAN_POINT('',(-0.034462404084044,0.0221336787603431,0.0451135133810026));
#2886=CARTESIAN_POINT('',(-0.0344572636133319,0.0221425823167913,0.0451838508722975));
#2887=CARTESIAN_POINT('',(-0.0344521254353934,0.0221514819020392,0.0452541890336142));
#2888=CARTESIAN_POINT('',(-0.0547718844112069,1.21464057851872E-7,0.0428672001763886));
#2889=CARTESIAN_POINT('',(-0.0547566697998545,1.21464057886527E-7,0.0428112507393877));
#2890=CARTESIAN_POINT('',(-0.0547414551885021,1.21464057921183E-7,0.0427553013023867));
#2891=CARTESIAN_POINT('',(-0.0547262405771497,1.21464057955838E-7,0.0426993518653858));
#2892=CARTESIAN_POINT('',(-0.0325392419753975,0.,0.0475));
#2893=CARTESIAN_POINT('',(-0.0344529056704822,0.0221501304952235,0.0475));
#2894=CARTESIAN_POINT('',(-0.0342313179456798,0.0225339316929148,0.0477097535142088));
#2895=CARTESIAN_POINT('',(-0.0340102186390189,0.0229168869255697,0.0479215477090673));
#2896=CARTESIAN_POINT('',(-0.0337895365972397,0.0232991194342494,0.0481350852961086));
#2897=CARTESIAN_POINT('',(-0.0337895365972397,0.0232991194342494,0.0481350852961086));
#2898=CARTESIAN_POINT('',(-0.0325392419753975,0.,0.0481350852961086));
#2899=CARTESIAN_POINT('',(-0.0337895365972397,-0.0232991194342494,0.0481350852961086));
#2900=CARTESIAN_POINT('',(-0.0344529056704822,-0.0221501304952235,0.0475));
#2901=CARTESIAN_POINT('',(-0.0342313179456798,-0.0225339316929148,0.0477097535142088));
#2902=CARTESIAN_POINT('',(-0.0340102186390189,-0.0229168869255697,0.0479215477090673));
#2903=CARTESIAN_POINT('',(-0.0337895365972397,-0.0232991194342494,0.0481350852961086));
#2904=CARTESIAN_POINT('',(-0.0307277534796135,-0.0221401391680094,0.0452633410334148));
#2905=CARTESIAN_POINT('',(-0.0304112298486489,-0.0221147108408246,0.0452825560136511));
#2906=CARTESIAN_POINT('',(-0.0300944626289138,-0.0220824261968952,0.0453019666906727));
#2907=CARTESIAN_POINT('',(-0.0294379613951998,-0.0220011171536689,0.0453426314720885));
#2908=CARTESIAN_POINT('',(-0.0290992745133079,-0.0219511670162986,0.0453638528160754));
#2909=CARTESIAN_POINT('',(-0.0280922864046411,-0.0217789124252642,0.0454277210794919));
#2910=CARTESIAN_POINT('',(-0.0274303238430387,-0.0216339295375957,0.045470751367707));
#2911=CARTESIAN_POINT('',(-0.025471858105282,-0.0211106645188499,0.0456011082248249));
#2912=CARTESIAN_POINT('',(-0.0242025525074364,-0.0206448165338373,0.0456898236239329));
#2913=CARTESIAN_POINT('',(-0.0226624717110178,-0.0199120059084082,0.0458003705275607));
#2914=CARTESIAN_POINT('',(-0.0223561274883641,-0.0197574695420237,0.0458225020296243));
#2915=CARTESIAN_POINT('',(-0.0217538958924442,-0.0194360050319956,0.0458662001095754));
#2916=CARTESIAN_POINT('',(-0.0214575043963383,-0.0192688775045648,0.0458878021906815));
#2917=CARTESIAN_POINT('',(-0.0205822547648568,-0.0187486318973294,0.045951734742966));
#2918=CARTESIAN_POINT('',(-0.02001729227858,-0.0183766901110367,0.045993190734115));
#2919=CARTESIAN_POINT('',(-0.018923857109683,-0.0175833095317051,0.0460730609826068));
#2920=CARTESIAN_POINT('',(-0.0183953847650186,-0.017161870140919,0.0461114737730667));
#2921=CARTESIAN_POINT('',(-0.0173752820026874,-0.0162689602311851,0.0461845858092584));
#2922=CARTESIAN_POINT('',(-0.016883095819433,-0.0157969111259207,0.0462193211253043));
#2923=CARTESIAN_POINT('',(-0.0158563509547753,-0.0147161673417243,0.0462900395333808));
#2924=CARTESIAN_POINT('',(-0.0153379515932258,-0.014107464263891,0.0463245477371741));
#2925=CARTESIAN_POINT('',(-0.0148551134293626,-0.0134745816254658,0.0463554156410297));
#2926=CARTESIAN_POINT('',(-0.030736852614796,-0.022160964206748,0.0454407892672633));
#2927=CARTESIAN_POINT('',(-0.0304200998504552,-0.0221355047133616,0.0454600196549782));
#2928=CARTESIAN_POINT('',(-0.0301031107589371,-0.0221031719534441,0.0454794469046662));
#2929=CARTESIAN_POINT('',(-0.0294461643567692,-0.0220217283358827,0.0455201485162461));
#2930=CARTESIAN_POINT('',(-0.0291072559584779,-0.0219716894051333,0.0455413902404409));
#2931=CARTESIAN_POINT('',(-0.0280996315750565,-0.0217991153901185,0.0456053230727022));
#2932=CARTESIAN_POINT('',(-0.0274372803993278,-0.021653848566031,0.045648401140961));
#2933=CARTESIAN_POINT('',(-0.0254777408782059,-0.0211295427431355,0.0457789125057702));
#2934=CARTESIAN_POINT('',(-0.0242078412126574,-0.0206627489905692,0.045867745883803));
#2935=CARTESIAN_POINT('',(-0.0226671226306307,-0.0199285423601017,0.0459784417548876));
#2936=CARTESIAN_POINT('',(-0.0223606559093797,-0.0197737153879965,0.0460006031826749));
#2937=CARTESIAN_POINT('',(-0.0217581912266563,-0.0194516569180327,0.0460443602156421));
#2938=CARTESIAN_POINT('',(-0.0214616889011034,-0.0192842255927758,0.0460659913760906));
#2939=CARTESIAN_POINT('',(-0.0205861219864984,-0.0187630528296987,0.0461300094285702));
#2940=CARTESIAN_POINT('',(-0.0200209681871913,-0.0183904720115609,0.0461715200733048));
#2941=CARTESIAN_POINT('',(-0.0189271823256343,-0.0175957941172051,0.0462514927184774));
#2942=CARTESIAN_POINT('',(-0.0183985506229797,-0.0171736964158655,0.0462899532537409));
#2943=CARTESIAN_POINT('',(-0.0173781544598181,-0.0162794706730849,0.0463631525700472));
#2944=CARTESIAN_POINT('',(-0.0168858340883426,-0.0158067631718096,0.0463979274684561));
#2945=CARTESIAN_POINT('',(-0.0158588200141355,-0.0147246128507893,0.0464687222962883));
#2946=CARTESIAN_POINT('',(-0.0153402915026179,-0.0141151783493349,0.0465032649687539));
#2947=CARTESIAN_POINT('',(-0.0148573361077211,-0.0134816028527865,0.0465341615565145));
#2948=CARTESIAN_POINT('',(-0.0306144546794504,-0.022130863850563,0.0452712821111355));
#2949=CARTESIAN_POINT('',(-0.0275621667954399,-0.0218699009879802,0.0454569932624479));
#2950=CARTESIAN_POINT('',(-0.0215617236401762,-0.0200635653630206,0.0458731804327441));
#2951=CARTESIAN_POINT('',(-0.0167940834783312,-0.0159905290906937,0.0462320495580532));
#2952=CARTESIAN_POINT('',(-0.0149221476855926,-0.0135620205676824,0.0463521982509513));
#2953=CARTESIAN_POINT('',(-0.030614454684332,-0.0221308638618281,0.045271282207197));
#2954=CARTESIAN_POINT('',(-0.0149219966444549,-0.0135621364579837,0.0463521874416162));
#2955=CARTESIAN_POINT('',(-0.0306144546843332,-0.0221308638618281,0.0452712822071969));
#2956=CARTESIAN_POINT('',(-0.0306184495951376,-0.0221377832503131,0.0453294594323905));
#2957=CARTESIAN_POINT('',(-0.0306224444927494,-0.0221447026159436,0.0453876366612083));
#2958=CARTESIAN_POINT('',(-0.0306264393769524,-0.0221516219583535,0.0454458138937085));
#2959=CARTESIAN_POINT('',(-0.0306260093438246,-0.0221508762440213,0.0454462402926478));
#2960=CARTESIAN_POINT('',(-0.030626090938702,-0.0221501747804414,0.0454466404397304));
#2961=CARTESIAN_POINT('',(-0.0300677571094309,-0.0221019504682236,0.0454759536151665));
#2962=CARTESIAN_POINT('',(-0.0291029784941738,-0.0219875525473215,0.0455274570233814));
#2963=CARTESIAN_POINT('',(-0.0275784371235831,-0.0216837437311735,0.0456112086024185));
#2964=CARTESIAN_POINT('',(-0.0263238781914599,-0.0213606542525168,0.0456815363148132));
#2965=CARTESIAN_POINT('',(-0.0251925633991345,-0.0209940360161455,0.0457464916183234));
#2966=CARTESIAN_POINT('',(-0.0242458770798108,-0.0206329023806914,0.0458020690176013));
#2967=CARTESIAN_POINT('',(-0.0236318657084067,-0.0203732283614627,0.0458387272340706));
#2968=CARTESIAN_POINT('',(-0.0231447903411226,-0.0201519188881715,0.04586818876606));
#2969=CARTESIAN_POINT('',(-0.0227398053272406,-0.0199577282922621,0.0458929655348634));
#2970=CARTESIAN_POINT('',(-0.0224668093632361,-0.019820820297271,0.045909778279285));
#2971=CARTESIAN_POINT('',(-0.0220822300822483,-0.0196220768902403,0.0459333859561332));
#2972=CARTESIAN_POINT('',(-0.0216225951648735,-0.0193712477862643,0.0459615816956546));
#2973=CARTESIAN_POINT('',(-0.0209073095068587,-0.0189548266871859,0.0460053662591153));
#2974=CARTESIAN_POINT('',(-0.0200621891857321,-0.0184140513899877,0.0460569272052738));
#2975=CARTESIAN_POINT('',(-0.0188081875549731,-0.0175145694599734,0.0461329446787459));
#2976=CARTESIAN_POINT('',(-0.017422800596271,-0.0163469042299429,0.0462156865256186));
#2977=CARTESIAN_POINT('',(-0.016031436687491,-0.0149321785931852,0.046295369581683));
#2978=CARTESIAN_POINT('',(-0.0152679866688211,-0.014011230114512,0.0463354127549801));
#2979=CARTESIAN_POINT('',(-0.0149226619269386,-0.0135626876794224,0.046352165244272));
#2980=CARTESIAN_POINT('',(-0.0021760552141424,1.38777878078145E-17,0.0495));
#2981=CARTESIAN_POINT('',(0.0134567526491031,0.00500600404585999,0.0495));
#2982=CARTESIAN_POINT('',(0.0134559393414921,0.00300409567136845,0.0495));
#2983=CARTESIAN_POINT('',(0.0134564571700731,-0.00500482193136204,0.0495));
#2984=CARTESIAN_POINT('',(0.0134559393108417,-0.00300380230629854,0.04949999975));
#2985=CARTESIAN_POINT('',(0.0131704103113257,-0.0030037334157919,0.0495));
#2986=CARTESIAN_POINT('',(0.0128848813296383,-0.0030037334157919,0.0495));
#2987=CARTESIAN_POINT('',(0.0325382206761616,-1.59559699090131E-17,0.0495));
#2988=CARTESIAN_POINT('',(0.0128849184592824,0.003003976343908,0.0495));
#2989=CARTESIAN_POINT('',(0.0131704288761479,0.00300397634390799,0.0495));
#2990=CARTESIAN_POINT('',(0.0325382206761616,-1.59559699090131E-17,0.0245));
#2991=CARTESIAN_POINT('',(0.0524197739828829,1.21464079873581E-7,0.0443086118463028));
#2992=CARTESIAN_POINT('',(0.0524197816370211,-0.00125272757971818,0.0443086100785411));
#2993=CARTESIAN_POINT('',(0.0521877868604207,-0.00370606317769302,0.0443618522506255));
#2994=CARTESIAN_POINT('',(0.0511587290068638,-0.00729180749875476,0.0445745257616704));
#2995=CARTESIAN_POINT('',(0.0494862503926734,-0.0106153007347853,0.0448731590633753));
#2996=CARTESIAN_POINT('',(0.0472097474954614,-0.0135868319629091,0.0452082257285631));
#2997=CARTESIAN_POINT('',(0.044459852740818,-0.0160554504644724,0.0455304217485656));
#2998=CARTESIAN_POINT('',(0.0412450896196603,-0.0180022131764402,0.0458242919164889));
#2999=CARTESIAN_POINT('',(0.037784538486303,-0.0192968515371377,0.0460760697092469));
#3000=CARTESIAN_POINT('',(0.0340777970068296,-0.0199386643938351,0.0463079312889356));
#3001=CARTESIAN_POINT('',(0.0303737869560987,-0.0198793982586324,0.0465286009607497));
#3002=CARTESIAN_POINT('',(0.0254765363266165,-0.0188768028134663,0.0468286798678115));
#3003=CARTESIAN_POINT('',(0.0210315352245323,-0.0165467477343974,0.0471210674311473));
#3004=CARTESIAN_POINT('',(0.0174194196380638,-0.0130886870198,0.0473439664646546));
#3005=CARTESIAN_POINT('',(0.0152602737152677,-0.010069354065029,0.0474616169024162));
#3006=CARTESIAN_POINT('',(0.0136787432934659,-0.00665372732720157,0.0475317284362753));
#3007=CARTESIAN_POINT('',(0.0130740454245297,-0.00424154441504969,0.0475520224697884));
#3008=CARTESIAN_POINT('',(0.0128848393349451,-0.00300345863288892,0.0475580161023757));
#3009=CARTESIAN_POINT('',(0.0524197739828828,1.21464058367978E-7,0.0443086118463028));
#3010=CARTESIAN_POINT('',(0.0128848811662861,-0.00300345214993094,0.0475579974636544));
#3011=CARTESIAN_POINT('',(0.0524197739828829,1.21464057416949E-7,0.0443086118463028));
#3012=CARTESIAN_POINT('',(0.0524197663288093,0.0012529601695435,0.0443086136140504));
#3013=CARTESIAN_POINT('',(0.0521877451956015,0.00370627327849638,0.0443618618474696));
#3014=CARTESIAN_POINT('',(0.0511586613206101,0.00729197508225359,0.0445745407849115));
#3015=CARTESIAN_POINT('',(0.0494861680621726,0.010615428541916,0.0448731767673579));
#3016=CARTESIAN_POINT('',(0.0472096654463087,0.0135869176729334,0.0452082440129848));
#3017=CARTESIAN_POINT('',(0.0444597796995008,0.0160555024037177,0.0455304405750386));
#3018=CARTESIAN_POINT('',(0.0412450368181848,0.0180022364346478,0.0458243114534965));
#3019=CARTESIAN_POINT('',(0.0377845127684183,0.0192968566818169,0.0460760901819606));
#3020=CARTESIAN_POINT('',(0.03407779930945,0.0199386621627426,0.0463079521296501));
#3021=CARTESIAN_POINT('',(0.0303738247537546,0.0198794003842012,0.0465286200548821));
#3022=CARTESIAN_POINT('',(0.0254766062397386,0.0188768251170551,0.0468286947237808));
#3023=CARTESIAN_POINT('',(0.0210316315380383,0.0165468078415791,0.0471210752056909));
#3024=CARTESIAN_POINT('',(0.0174195273855652,0.0130888088191519,0.0473439687656445));
#3025=CARTESIAN_POINT('',(0.0152603683308465,0.0100695125501222,0.047461617234232));
#3026=CARTESIAN_POINT('',(0.0136788196557331,0.00665393785092237,0.0475317278270728));
#3027=CARTESIAN_POINT('',(0.0130740962933975,0.00424177479012087,0.0475520220391672));
#3028=CARTESIAN_POINT('',(0.0128848764617478,0.00300370156515612,0.0475580157664614));
#3029=CARTESIAN_POINT('',(0.0128849182948238,0.00300369508141279,0.0475579971300673));
#3030=CARTESIAN_POINT('',(0.0128849184592824,0.003003976343908,0.0245));
#3031=CARTESIAN_POINT('',(0.0128848813296383,-0.0030037334157919,0.0245));
#3032=CARTESIAN_POINT('',(0.0131704288761479,0.00300397634390799,0.0245));
#3033=CARTESIAN_POINT('',(0.0128849184592824,0.003003976343908,0.0245));
#3034=CARTESIAN_POINT('',(0.0128848449114471,0.00300187091938824,0.0465579657472439));
#3035=CARTESIAN_POINT('',(0.013451003069379,0.00300047194758604,0.0465526204092638));
#3036=CARTESIAN_POINT('',(0.0132622383800578,0.00300047051449301,0.0465544855057887));
#3037=CARTESIAN_POINT('',(0.0130734727079863,0.00300046898714853,0.0465562713142833));
#3038=CARTESIAN_POINT('',(0.0128847060989726,0.00300046738133417,0.0465579815305347));
#3039=CARTESIAN_POINT('',(0.0134510030184503,0.00300234345443725,0.0465526166928411));
#3040=CARTESIAN_POINT('',(0.0134559392930134,0.00300397634390799,0.0245));
#3041=CARTESIAN_POINT('',(0.0131704103113257,-0.0030037334157919,0.0245));
#3042=CARTESIAN_POINT('',(0.0128848813296383,-0.0030037334157919,0.0245));
#3043=CARTESIAN_POINT('',(0.013455939293013,-0.0030037334157919,0.0245));
#3044=CARTESIAN_POINT('',(0.0134564571700731,-0.00500482193136204,0.0471106308716687));
#3045=CARTESIAN_POINT('',(0.0150693416864332,-0.00381945225347866,0.0245));
#3046=CARTESIAN_POINT('',(0.0134567526491031,0.00500600404585999,0.047110629712472));
#3047=CARTESIAN_POINT('',(0.0150694135045409,0.00381978071034367,0.0245));
#3048=CARTESIAN_POINT('',(0.0150671161532905,0.00382391959974855,0.0465311476011281));
#3049=CARTESIAN_POINT('',(0.015067184315368,0.00382888860272876,0.0465311142122458));
#3050=CARTESIAN_POINT('',(0.0146990590389847,0.00331905160627053,0.0465382090916206));
#3051=CARTESIAN_POINT('',(0.0140843905371518,0.00300204661459263,0.0465463566938633));
#3052=CARTESIAN_POINT('',(0.0134510076742206,0.00300047804468902,0.0465526203423952));
#3053=CARTESIAN_POINT('',(-3.41889575987923E-16,0.00257475330258271,0.0465989344982608));
#3054=CARTESIAN_POINT('',(0.000330921911588462,0.00257475704841769,0.0465989344982518));
#3055=CARTESIAN_POINT('',(0.000879678214347453,0.00253612649546058,0.0465989403390449));
#3056=CARTESIAN_POINT('',(0.00163723280113889,0.00238552650474787,0.0465989597385639));
#3057=CARTESIAN_POINT('',(0.0022850619267151,0.00216787640147872,0.0465989845610149));
#3058=CARTESIAN_POINT('',(0.00287811765780729,0.00185779592770538,0.0465990145973807));
#3059=CARTESIAN_POINT('',(0.00336388344639112,0.00147655465295784,0.0465990446329273));
#3060=CARTESIAN_POINT('',(0.00370803778239389,0.00105817155397383,0.0465990694533894));
#3061=CARTESIAN_POINT('',(0.00394859633184227,0.000568088457750734,0.0465990888504722));
#3062=CARTESIAN_POINT('',(0.00401143807012907,0.000213369931947581,0.0465990946902184));
#3063=CARTESIAN_POINT('',(0.0040114367494119,1.21464059056327E-7,0.0465990946902143));
#3064=CARTESIAN_POINT('',(9.14481338943241E-17,0.00855860848592774,0.0465908996540918));
#3065=CARTESIAN_POINT('',(0.00118117091949762,0.00855862931359361,0.0465908996455218));
#3066=CARTESIAN_POINT('',(0.00310714638646356,0.00844030310358425,0.0465908974140863));
#3067=CARTESIAN_POINT('',(0.00570082773942541,0.00796582906435898,0.0465909001204619));
#3068=CARTESIAN_POINT('',(0.00787062162918892,0.00726881378388847,0.0465909106814326));
#3069=CARTESIAN_POINT('',(0.00981308651691703,0.00625935175992271,0.0465909159102539));
#3070=CARTESIAN_POINT('',(0.0113707169402121,0.00500004007632185,0.0465909028042455));
#3071=CARTESIAN_POINT('',(0.0124519133129316,0.00360009421156934,0.0465908845884093));
#3072=CARTESIAN_POINT('',(0.0131943961890836,0.00194300804124907,0.0465908700082689));
#3073=CARTESIAN_POINT('',(0.0133832340468447,0.00073181195140948,0.0465908663480238));
#3074=CARTESIAN_POINT('',(0.0133832266829185,1.21464057995296E-7,0.0465908663651331));
#3075=CARTESIAN_POINT('',(-5.79031307937918E-16,0.0173791353018464,0.0464988347381297));
#3076=CARTESIAN_POINT('',(0.00320048528287257,0.0173792702742901,0.0464988347945793));
#3077=CARTESIAN_POINT('',(0.00812083634679582,0.0172409725541908,0.0464989366759431));
#3078=CARTESIAN_POINT('',(0.014141838175482,0.0165394563336871,0.0464992462582237));
#3079=CARTESIAN_POINT('',(0.0187184552270522,0.0153874509800489,0.0464996256280728));
#3080=CARTESIAN_POINT('',(0.0223862835014295,0.0135465739838812,0.0465001086556762));
#3081=CARTESIAN_POINT('',(0.0249924431236778,0.0110637902939699,0.0465006423309374));
#3082=CARTESIAN_POINT('',(0.0265721661036701,0.00812482694725834,0.0465011056943178));
#3083=CARTESIAN_POINT('',(0.0275178689802443,0.00448008470402203,0.0465014697796423));
#3084=CARTESIAN_POINT('',(0.0277035381739108,0.00170642437697643,0.0465015775308592));
#3085=CARTESIAN_POINT('',(0.0277034907179399,1.21464057549295E-7,0.0465015774688068));
#3086=CARTESIAN_POINT('',(-4.72059420168888E-17,0.0277047881569214,0.0450117809481868));
#3087=CARTESIAN_POINT('',(0.00587027832819501,0.0277051538997423,0.0450117801482525));
#3088=CARTESIAN_POINT('',(0.0146949912030764,0.0276085661424373,0.0450085704499232));
#3089=CARTESIAN_POINT('',(0.0250491976535503,0.0267905643684152,0.0449980170739133));
#3090=CARTESIAN_POINT('',(0.0325395625207206,0.0252377624452182,0.0449845358834317));
#3091=CARTESIAN_POINT('',(0.038143534550959,0.0225009339944312,0.0449680776911882));
#3092=CARTESIAN_POINT('',(0.0417703065795798,0.0185764327307118,0.0449513948358168));
#3093=CARTESIAN_POINT('',(0.0436895161795259,0.013745003298377,0.0449374834182744));
#3094=CARTESIAN_POINT('',(0.044641819008283,0.00762078740989907,0.0449265781415662));
#3095=CARTESIAN_POINT('',(0.0447389366692424,0.0029017107852158,0.0449232942196449));
#3096=CARTESIAN_POINT('',(0.0447388082043241,1.21464058652219E-7,0.0449232946043018));
#3097=CARTESIAN_POINT('',(-9.81448795771433E-16,0.0344597884446709,0.0429167301741828));
#3098=CARTESIAN_POINT('',(0.00759152515093772,0.0344603416077946,0.0429167287413039));
#3099=CARTESIAN_POINT('',(0.0189460844865041,0.0344042004632703,0.0429087509738612));
#3100=CARTESIAN_POINT('',(0.0321276262582399,0.0335319169421977,0.0428828121881173));
#3101=CARTESIAN_POINT('',(0.041532324858936,0.0317266104345856,0.0428499084327389));
#3102=CARTESIAN_POINT('',(0.0484178511466151,0.028392611847709,0.0428095759919546));
#3103=CARTESIAN_POINT('',(0.0527251882967186,0.0234956787923635,0.0427682064507708));
#3104=CARTESIAN_POINT('',(0.0548726827589133,0.0173937875766944,0.0427334691026952));
#3105=CARTESIAN_POINT('',(0.0558302274258026,0.00962903026757344,0.0427062500553371));
#3106=CARTESIAN_POINT('',(0.0558677686170457,0.00365371721532066,0.0426980748200718));
#3107=CARTESIAN_POINT('',(0.0558675747288309,1.21464057298358E-7,0.0426980761415587));
#3108=CARTESIAN_POINT('',(-4.81935708877554E-16,0.0396644650518726,0.0397477832573656));
#3109=CARTESIAN_POINT('',(0.00881226865032172,0.0396651866905784,0.0397477832420111));
#3110=CARTESIAN_POINT('',(0.0219883068743655,0.0396406491536235,0.0397339227713907));
#3111=CARTESIAN_POINT('',(0.0372578850560294,0.0387167295876808,0.0396893719405686));
#3112=CARTESIAN_POINT('',(0.0481199776552385,0.0366954247012706,0.0396338853013901));
#3113=CARTESIAN_POINT('',(0.0560263888546395,0.0328645850071637,0.0395662175107887));
#3114=CARTESIAN_POINT('',(0.0609175514652113,0.0271788656798949,0.0394950805705236));
#3115=CARTESIAN_POINT('',(0.0633009150735089,0.0200771023514997,0.0394345634193243));
#3116=CARTESIAN_POINT('',(0.0643137027653271,0.011064355520081,0.0393871951351518));
#3117=CARTESIAN_POINT('',(0.0643218597306797,0.00417624584315854,0.0393730233640135));
#3118=CARTESIAN_POINT('',(0.0643216090592049,1.21464058353264E-7,0.0393730264348239));
#3119=CARTESIAN_POINT('',(-4.26970189199702E-16,0.0431259761339421,0.0357993957029494));
#3120=CARTESIAN_POINT('',(0.00954071633078557,0.0431268246262603,0.0357993988717657));
#3121=CARTESIAN_POINT('',(0.0238246167374977,0.0431191843733238,0.0357814541902398));
#3122=CARTESIAN_POINT('',(0.0404043217250116,0.0421432365575525,0.0357236240803211));
#3123=CARTESIAN_POINT('',(0.0522139847818737,0.039954247366127,0.0356521207606261));
#3124=CARTESIAN_POINT('',(0.0608205007094686,0.0357613646009018,0.0355675813713351));
#3125=CARTESIAN_POINT('',(0.0661431859118022,0.0295181462612473,0.0354777666785623));
#3126=CARTESIAN_POINT('',(0.0687268311935896,0.0217384655781986,0.0353997419493593));
#3127=CARTESIAN_POINT('',(0.0698144842781993,0.0119176666052982,0.0353388336106767));
#3128=CARTESIAN_POINT('',(0.0698159151224781,0.00447433004568517,0.0353206662068768));
#3129=CARTESIAN_POINT('',(0.0698156270396849,1.21464058233452E-7,0.0353206712227698));
#3130=CARTESIAN_POINT('',(-6.2836426955281E-16,0.0449887942558315,0.0319719672467138));
#3131=CARTESIAN_POINT('',(0.00989969936505022,0.0449897197871282,0.0319719713569204));
#3132=CARTESIAN_POINT('',(0.0247379489106301,0.0449873692832919,0.0319538051985962));
#3133=CARTESIAN_POINT('',(0.0419885287724054,0.0439695503298326,0.0318947894804843));
#3134=CARTESIAN_POINT('',(0.0542950428016728,0.0416727324045855,0.0318212428648113));
#3135=CARTESIAN_POINT('',(0.0632815044772741,0.0372667409165945,0.0317351723170052));
#3136=CARTESIAN_POINT('',(0.0688496850991422,0.0307067586466475,0.031645495698515));
#3137=CARTESIAN_POINT('',(0.0715540673952693,0.022556774781535,0.031567469501123));
#3138=CARTESIAN_POINT('',(0.0726937612672464,0.012316476642499,0.0315065845328992));
#3139=CARTESIAN_POINT('',(0.0726956537380572,0.00460579218372077,0.0314883950706829));
#3140=CARTESIAN_POINT('',(0.0726953457478941,1.21464058007406E-7,0.0314883986818368));
#3141=CARTESIAN_POINT('',(-6.28364848056667E-16,0.0459153689159119,0.0286887470679271));
#3142=CARTESIAN_POINT('',(0.0100706160748087,0.0459163358442995,0.0286887501219498));
#3143=CARTESIAN_POINT('',(0.0251745437488122,0.0459136537991121,0.0286733753550345));
#3144=CARTESIAN_POINT('',(0.0427494602556225,0.0448652487645441,0.0286231697965205));
#3145=CARTESIAN_POINT('',(0.0552979962695437,0.0425027920209146,0.0285602188663885));
#3146=CARTESIAN_POINT('',(0.0644709371544595,0.0379785933859438,0.0284863653987962));
#3147=CARTESIAN_POINT('',(0.0701611611401913,0.0312528212373601,0.0284106915013403));
#3148=CARTESIAN_POINT('',(0.0729263206898552,0.0229177930706907,0.0283454460649671));
#3149=CARTESIAN_POINT('',(0.0740927507296913,0.0124796249051282,0.0282944602451736));
#3150=CARTESIAN_POINT('',(0.0740952020826262,0.00465470983005232,0.0282791703026324));
#3151=CARTESIAN_POINT('',(0.0740948828737139,1.21464058449528E-7,0.0282791710942146));
#3152=CARTESIAN_POINT('',(-5.26800823976791E-16,0.0463438496711426,0.0261435287512124));
#3153=CARTESIAN_POINT('',(0.0101471325325798,0.0463448365978982,0.026143530706411));
#3154=CARTESIAN_POINT('',(0.0253705225672191,0.046339784967371,0.0261320226845661));
#3155=CARTESIAN_POINT('',(0.0430920564518828,0.0452703302422446,0.0260943253061319));
#3156=CARTESIAN_POINT('',(0.0557504597346761,0.042869337694139,0.0260468821008054));
#3157=CARTESIAN_POINT('',(0.0650081950154595,0.0382822147839185,0.0259910816846999));
#3158=CARTESIAN_POINT('',(0.0707540751455469,0.0314746716645806,0.0259347151057106));
#3159=CARTESIAN_POINT('',(0.0735471925854457,0.0230543026155837,0.0258866397455228));
#3160=CARTESIAN_POINT('',(0.0747259728574132,0.0125323140154003,0.0258489929902668));
#3161=CARTESIAN_POINT('',(0.0747286918629988,0.00466686238090414,0.0258376490622813));
#3162=CARTESIAN_POINT('',(0.0747283666579514,1.2146405822801E-7,0.0258376476398065));
#3163=CARTESIAN_POINT('',(-7.2405263936012E-16,0.0465387343508183,0.0239830320602803));
#3164=CARTESIAN_POINT('',(0.0101830888098382,0.046539730614236,0.0239830330150649));
#3165=CARTESIAN_POINT('',(0.0254621119471873,0.0465313248697418,0.0239760949036617));
#3166=CARTESIAN_POINT('',(0.0432508643034735,0.0454454616476412,0.0239533657234432));
#3167=CARTESIAN_POINT('',(0.0559587369207149,0.0430190719866278,0.02392474081357));
#3168=CARTESIAN_POINT('',(0.0652536003369789,0.0383956082073746,0.023891154218416));
#3169=CARTESIAN_POINT('',(0.0710229089560228,0.0315462333279113,0.023857818141177));
#3170=CARTESIAN_POINT('',(0.0738270579342566,0.0230876229527431,0.0238296511631763));
#3171=CARTESIAN_POINT('',(0.0750100049520861,0.0125350939509638,0.0238074799223808));
#3172=CARTESIAN_POINT('',(0.0750123538982861,0.00466275812633846,0.0238007354375134));
#3173=CARTESIAN_POINT('',(0.0750120255786301,1.21464058330423E-7,0.0238007325057173));
#3174=CARTESIAN_POINT('',(-7.9317842133254E-16,0.0466229759094763,0.0218344849198928));
#3175=CARTESIAN_POINT('',(0.0101929208035219,0.0466239762570306,0.0218344856929712));
#3176=CARTESIAN_POINT('',(0.025489018641376,0.0466113181585963,0.0218330277239958));
#3177=CARTESIAN_POINT('',(0.0433019963876382,0.04551004524325,0.0218281137894099));
#3178=CARTESIAN_POINT('',(0.0560305705655979,0.0430631797738375,0.0218218127427886));
#3179=CARTESIAN_POINT('',(0.0653437697867757,0.0384148068316914,0.0218146096039112));
#3180=CARTESIAN_POINT('',(0.0711273315006019,0.0315419664638152,0.0218090131919464));
#3181=CARTESIAN_POINT('',(0.0739407783806278,0.0230676670315854,0.0218052219903097));
#3182=CARTESIAN_POINT('',(0.0751295013226155,0.0125111162986009,0.0218021445899051));
#3183=CARTESIAN_POINT('',(0.0751330291794566,0.00464958220786532,0.0218011200603171));
#3184=CARTESIAN_POINT('',(0.0751326991901275,1.21464058698454E-7,0.0218011153352388));
#3185=CARTESIAN_POINT('',(-8.48138388741455E-17,0.0465850898105596,0.0203079236764945));
#3186=CARTESIAN_POINT('',(0.0101727690492953,0.0465860882722882,0.0203079243236351));
#3187=CARTESIAN_POINT('',(0.025442107430592,0.0465694588697871,0.0203113507849277));
#3188=CARTESIAN_POINT('',(0.043231390617004,0.045457758286491,0.0203225075363931));
#3189=CARTESIAN_POINT('',(0.0559495001513834,0.0430003767886248,0.0203365775651773));
#3190=CARTESIAN_POINT('',(0.0652618210151523,0.0383442238280578,0.0203537810717839));
#3191=CARTESIAN_POINT('',(0.0710514551888563,0.0314709455720403,0.0203731572756507));
#3192=CARTESIAN_POINT('',(0.073874080280839,0.0230056368987138,0.0203906060171032));
#3193=CARTESIAN_POINT('',(0.0750719376558915,0.0124700219231713,0.0204041497772378));
#3194=CARTESIAN_POINT('',(0.0750788954799639,0.00463207066865334,0.0204081152975168));
#3195=CARTESIAN_POINT('',(0.0750785657503986,1.21464058431299E-7,0.0204081098078638));
#3196=CARTESIAN_POINT('',(1.6043388297981E-16,0.0465757730027965,0.0194329356652051));
#3197=CARTESIAN_POINT('',(0.0101646719152732,0.046576771001336,0.0194329363604564));
#3198=CARTESIAN_POINT('',(0.025423619284485,0.0465579821798588,0.019439086543043));
#3199=CARTESIAN_POINT('',(0.0432045308069461,0.0454402458759166,0.0194593458500138));
#3200=CARTESIAN_POINT('',(0.0559198648172333,0.0429763627891431,0.0194851338578608));
#3201=CARTESIAN_POINT('',(0.0652335723543811,0.0383145517559775,0.0195166103661844));
#3202=CARTESIAN_POINT('',(0.0710272983144167,0.031438853114023,0.0195500511528688));
#3203=CARTESIAN_POINT('',(0.0738547840963397,0.0229760662628005,0.0195789054805188));
#3204=CARTESIAN_POINT('',(0.0750571838301152,0.0124494489593171,0.0196013592494195));
#3205=CARTESIAN_POINT('',(0.0750657677001243,0.00462303698304393,0.0196080130177263));
#3206=CARTESIAN_POINT('',(0.0750654381778245,1.21464058308018E-7,0.0196080077990586));
#3207=CARTESIAN_POINT('',(0.0335382206761618,0.0192358925139778,0.0453848464810879));
#3208=CARTESIAN_POINT('',(0.0338538291637277,0.0186892425782135,0.0454079145935743));
#3209=CARTESIAN_POINT('',(0.0341695099006946,0.0181424675028162,0.0454252705963806));
#3210=CARTESIAN_POINT('',(0.0344852529542844,0.0175955844918617,0.045437699784828));
#3211=CARTESIAN_POINT('',(0.0335382206761618,0.0192358925139778,0.0453848464810879));
#3212=CARTESIAN_POINT('',(0.0344852529542843,0.0175955844918617,0.045437699784828));
#3213=CARTESIAN_POINT('',(0.0335382206761618,0.0192358925139778,0.0453848464810879));
#3214=CARTESIAN_POINT('',(0.0328717445371836,0.0192358925139778,0.0454285390050757));
#3215=CARTESIAN_POINT('',(0.0322050707668788,0.0192358925139778,0.0454689832294719));
#3216=CARTESIAN_POINT('',(0.0315382206761618,0.0192358925139778,0.0455065294238179));
#3217=CARTESIAN_POINT('',(0.0315382206761618,0.0192358925139778,0.0455065294238179));
#3218=CARTESIAN_POINT('',(0.0315382206761618,0.0192358925139778,0.0455065294238179));
#3219=CARTESIAN_POINT('',(0.0312242705141373,0.018692114882307,0.0455683082245663));
#3220=CARTESIAN_POINT('',(0.0309100980641931,0.0181479522366652,0.0456250538591341));
#3221=CARTESIAN_POINT('',(0.0305957347552519,0.0176034590135436,0.045677477958598));
#3222=CARTESIAN_POINT('',(0.015380895512602,0.00449311434298688,0.046523469205257));
#3223=CARTESIAN_POINT('',(0.0153182432177758,0.0042543506563329,0.0465257376328547));
#3224=CARTESIAN_POINT('',(0.0152118874399468,0.00402929593997591,0.0465283253485629));
#3225=CARTESIAN_POINT('',(0.015067184315368,0.00382888860272875,0.0465311142122458));
#3226=CARTESIAN_POINT('',(0.0128848450549792,0.00300046738251624,0.0465579802715865));
#3227=CARTESIAN_POINT('',(0.00859006294196895,0.00300043084824772,0.0465968916317689));
#3228=CARTESIAN_POINT('',(0.00429498656299983,0.00300029506672855,0.0465982992090222));
#3229=CARTESIAN_POINT('',(6.69842096712972E-14,0.0030002950667287,0.0465982992090072));
#3230=CARTESIAN_POINT('',(0.0750737812757164,1.21464199134551E-7,0.0199999738551788));
#3231=CARTESIAN_POINT('',(0.075073781275718,0.00222761578999784,0.0199999738551789));
#3232=CARTESIAN_POINT('',(0.0750731905614119,0.00668282865314562,0.0199999371496255));
#3233=CARTESIAN_POINT('',(0.0748765024052745,0.0133637681969492,0.019999728648425));
#3234=CARTESIAN_POINT('',(0.0742438023007575,0.0200058370725298,0.0199993621704355));
#3235=CARTESIAN_POINT('',(0.0727873695243902,0.0265870891592482,0.019998911581042));
#3236=CARTESIAN_POINT('',(0.0705087963495104,0.0316238876784482,0.0199986377474943));
#3237=CARTESIAN_POINT('',(0.0677856853643647,0.0352015051062899,0.0199985141421544));
#3238=CARTESIAN_POINT('',(0.0653912281132056,0.037490392171409,0.0199984594404263));
#3239=CARTESIAN_POINT('',(0.0626827012156654,0.0394103321715821,0.0199984439195901));
#3240=CARTESIAN_POINT('',(0.0587163127039583,0.041515441527402,0.0199984880447037));
#3241=CARTESIAN_POINT('',(0.0534144145996892,0.0433415414597205,0.0199986590900388));
#3242=CARTESIAN_POINT('',(0.0468473541923343,0.0447020543004193,0.019998940776324));
#3243=CARTESIAN_POINT('',(0.0379765385996814,0.045821026786348,0.0199993188499532));
#3244=CARTESIAN_POINT('',(0.0268139311215319,0.0464036366835959,0.0199996900937026));
#3245=CARTESIAN_POINT('',(0.0134072103774482,0.0465844330644042,0.0199999297389079));
#3246=CARTESIAN_POINT('',(0.00446906940854387,0.0465835510743654,0.0199999737376793));
#3247=CARTESIAN_POINT('',(-2.4242494290364E-16,0.0465835510743684,0.0199999737376794));
#3248=CARTESIAN_POINT('',(0.0344852529542844,0.0175955844918617,0.045437699784828));
#3249=CARTESIAN_POINT('',(0.0355648862887686,0.0174740502194447,0.0453686920489677));
#3250=CARTESIAN_POINT('',(0.0377044204994245,0.0170281580996871,0.0452258816762908));
#3251=CARTESIAN_POINT('',(0.0406758599301899,0.0158196291719723,0.0449955648013771));
#3252=CARTESIAN_POINT('',(0.0434305916553342,0.0140597754918821,0.044736611857924));
#3253=CARTESIAN_POINT('',(0.0457756665461132,0.0118735238468172,0.0444664543419762));
#3254=CARTESIAN_POINT('',(0.047722792375044,0.00925147063647159,0.0441960636979703));
#3255=CARTESIAN_POINT('',(0.0491389717514623,0.00636820388898778,0.0439652554966107));
#3256=CARTESIAN_POINT('',(0.0500248672907065,0.00321960354648955,0.0438022792748736));
#3257=CARTESIAN_POINT('',(0.0502199794275151,0.00108582593534388,0.043763000499472));
#3258=CARTESIAN_POINT('',(0.0502199794529856,1.21882058158053E-7,0.0437630004944086));
#3259=CARTESIAN_POINT('',(-0.00882543492252711,-0.00500603635931008,0.0479444405530393));
#3260=CARTESIAN_POINT('',(-0.00882689234151982,-0.00300242832010554,0.0475844405162625));
#3261=CARTESIAN_POINT('',(-0.00902648233863905,-0.00300257350132205,0.0475835822535708));
#3262=CARTESIAN_POINT('',(-0.00954044056351864,-0.00303366807644699,0.0475807769093953));
#3263=CARTESIAN_POINT('',(-0.0103907482149021,-0.00365500731841549,0.0475740005502189));
#3264=CARTESIAN_POINT('',(-0.0107081372973151,-0.0042350353706479,0.0475696004038721));
#3265=CARTESIAN_POINT('',(-0.0107832019104954,-0.00457989586644779,0.0475671473390091));
#3266=CARTESIAN_POINT('',(-0.0107833164870833,-0.00457987092693839,0.0475671473372452));
#3267=CARTESIAN_POINT('',(-0.00882689182520686,-0.00300279443788877,0.0475844407672947));
#3268=CARTESIAN_POINT('',(-0.0107834148911412,-0.00457977920573239,0.0245));
#3269=CARTESIAN_POINT('',(-0.0107833010960057,-0.00457980397921903,0.04949999975));
#3270=CARTESIAN_POINT('',(-0.00882543492252711,-0.00500603635931008,0.0495));
#3271=CARTESIAN_POINT('',(-0.00882689207520676,-0.00300279443786353,0.0495));
#3272=CARTESIAN_POINT('',(-0.00882689180889371,-0.00300316055562151,0.0245));
#3273=CARTESIAN_POINT('',(-0.00882586308812155,0.00500679608085892,0.0245));
#3274=CARTESIAN_POINT('',(-0.0107861829986433,0.00459318635476972,0.0475670543731701));
#3275=CARTESIAN_POINT('',(-0.0107392285530471,0.0043706438738175,0.0475686330988958));
#3276=CARTESIAN_POINT('',(-0.010564077477762,0.00393979091724621,0.04757180804939));
#3277=CARTESIAN_POINT('',(-0.010129492788428,0.00342764464125269,0.0475767036844015));
#3278=CARTESIAN_POINT('',(-0.00944778043512639,0.00305627357312053,0.0475814903869333));
#3279=CARTESIAN_POINT('',(-0.00902572731202973,0.00300341968105383,0.0475835854983776));
#3280=CARTESIAN_POINT('',(-0.00882689185300314,0.00300331758116233,0.0475844405162616));
#3281=CARTESIAN_POINT('',(-0.00882689171686326,0.00300317400802331,0.0475844410200351));
#3282=CARTESIAN_POINT('',(-0.0107862110118069,0.00459318044601963,0.0475670546231574));
#3283=CARTESIAN_POINT('',(-0.00882689180889308,0.00300340348374055,0.0245));
#3284=CARTESIAN_POINT('',(-0.00882689183094811,0.00300336053245143,0.04949999975));
#3285=CARTESIAN_POINT('',(-0.00882586308812155,0.00500679608085892,0.0495));
#3286=CARTESIAN_POINT('',(-0.0107862110642422,0.00459318069456514,0.0495));
#3287=CARTESIAN_POINT('',(-0.0107862390770429,0.00459317478412194,0.0245));
#3288=CARTESIAN_POINT('',(-0.00866016303464804,0.00300337503951116,0.0245));
#3289=CARTESIAN_POINT('',(-0.00882689167562769,0.00300340348371782,0.0475844405168142));
#3290=CARTESIAN_POINT('',(-0.00871573990428547,0.00300338452102529,0.0475849014075368));
#3291=CARTESIAN_POINT('',(-0.00860458813294324,0.00300336555833276,0.0475853622982594));
#3292=CARTESIAN_POINT('',(-0.00849343636160102,0.00300334659564024,0.047585823188982));
#3293=CARTESIAN_POINT('',(-0.0084934355029651,0.00300320820939805,0.0475858236133881));
#3294=CARTESIAN_POINT('',(-0.00849343426040299,0.00300334659528177,0.0245));
#3295=CARTESIAN_POINT('',(-0.00849343426040299,0.00300334659528177,0.0495));
#3296=CARTESIAN_POINT('',(-0.00866016303464804,0.00300337503951116,0.0495));
#3297=CARTESIAN_POINT('',(-0.0021760552141424,1.38777878078145E-17,0.0495));
#3298=CARTESIAN_POINT('',(-0.0325392419753973,2.80719424214284E-17,0.0495));
#3299=CARTESIAN_POINT('',(-0.0325392419753978,-4.91231463804211E-18,0.0495));
#3300=CARTESIAN_POINT('',(-0.00849340391900823,-0.0030031036618441,0.0495));
#3301=CARTESIAN_POINT('',(-0.00866014786395097,-0.00300313210873281,0.0495));
#3302=CARTESIAN_POINT('',(-0.0325392419753973,2.80719424214284E-17,0.0245));
#3303=CARTESIAN_POINT('',(-0.0306255782803127,0.0221501304952235,0.0245));
#3304=CARTESIAN_POINT('',(-0.0306262583904133,0.0221513085897378,0.0454446094278627));
#3305=CARTESIAN_POINT('',(-0.0306261258362519,0.0221501777945789,0.0454455138294486));
#3306=CARTESIAN_POINT('',(-0.0302515489389513,0.0221178254986189,0.0454646079521383));
#3307=CARTESIAN_POINT('',(-0.0295437270142481,0.0220376699684549,0.0455010447176975));
#3308=CARTESIAN_POINT('',(-0.0287585630483565,0.0219122139414832,0.045542441982928));
#3309=CARTESIAN_POINT('',(-0.0282675628032236,0.0218192390814539,0.0455688797431009));
#3310=CARTESIAN_POINT('',(-0.0280283798441158,0.0217703502442027,0.0455819163697356));
#3311=CARTESIAN_POINT('',(-0.0279067147936585,0.0217447870965499,0.0455885892735824));
#3312=CARTESIAN_POINT('',(-0.0276980570079735,0.0216996224560018,0.0456000665096545));
#3313=CARTESIAN_POINT('',(-0.0274676323789194,0.0216470729464963,0.0456127866235656));
#3314=CARTESIAN_POINT('',(-0.0270834620509591,0.0215544480542066,0.0456340882445228));
#3315=CARTESIAN_POINT('',(-0.0264222068136708,0.0213807901766195,0.0456710262920707));
#3316=CARTESIAN_POINT('',(-0.0254838753876895,0.0210944262567088,0.0457242640915626));
#3317=CARTESIAN_POINT('',(-0.024379235523138,0.0206921238822856,0.0457884614663995));
#3318=CARTESIAN_POINT('',(-0.0232973044409627,0.0202321698502249,0.0458530432208904));
#3319=CARTESIAN_POINT('',(-0.022239950522447,0.0197146671045128,0.0459181585389796));
#3320=CARTESIAN_POINT('',(-0.0213870640626609,0.019240696564771,0.0459723083570654));
#3321=CARTESIAN_POINT('',(-0.0207109920450103,0.0188275942569103,0.0460168240513378));
#3322=CARTESIAN_POINT('',(-0.0201668881007074,0.0184770580584924,0.0460520484975286));
#3323=CARTESIAN_POINT('',(-0.0193993702495744,0.0179468706182844,0.0460996222944873));
#3324=CARTESIAN_POINT('',(-0.0186126206665102,0.0173390455255434,0.0461464225693654));
#3325=CARTESIAN_POINT('',(-0.0179634763364489,0.0167922077115548,0.0461843129506439));
#3326=CARTESIAN_POINT('',(-0.0175512158965432,0.0164237870561744,0.0462081484838923));
#3327=CARTESIAN_POINT('',(-0.017222832073986,0.0161161611997858,0.0462270917372084));
#3328=CARTESIAN_POINT('',(-0.0169439544054262,0.0158474596937955,0.046243027527239));
#3329=CARTESIAN_POINT('',(-0.0164481607212539,0.0153508684798213,0.0462708912332434));
#3330=CARTESIAN_POINT('',(-0.0157880261148318,0.0146333272741016,0.0463066125207749));
#3331=CARTESIAN_POINT('',(-0.0152961797032727,0.0140396806926018,0.0463316899478964));
#3332=CARTESIAN_POINT('',(-0.0150604934233934,0.013739859487969,0.0463432823714834));
#3333=CARTESIAN_POINT('',(-0.0107862390770429,0.00459317478412194,0.0245));
#3334=CARTESIAN_POINT('',(-0.0107834148911412,-0.00457977920573239,0.0245));
#3335=CARTESIAN_POINT('',(-0.0107806043139629,-0.00458536168762449,0.0465670996440893));
#3336=CARTESIAN_POINT('',(-0.0149221476855926,-0.0135620205676824,0.0463521982509513));
#3337=CARTESIAN_POINT('',(-0.0139112148151043,-0.012250512394327,0.0464170841639554));
#3338=CARTESIAN_POINT('',(-0.0121686979509175,-0.00936883995281937,0.0465157625222594));
#3339=CARTESIAN_POINT('',(-0.0111256227220006,-0.00622551654038869,0.0465554748180927));
#3340=CARTESIAN_POINT('',(-0.0107793288913362,-0.00458563104583003,0.046567103567716));
#3341=CARTESIAN_POINT('',(-0.0306255782803127,-0.0221501304952234,0.0245));
#3342=CARTESIAN_POINT('',(-0.0306255782803127,-0.0221501304952235,0.0475));
#3343=CARTESIAN_POINT('',(-0.0325392419753975,0.,0.0475));
#3344=CARTESIAN_POINT('',(-0.0132852088324431,-0.0111163212180707,0.0475));
#3345=CARTESIAN_POINT('',(-0.0132852088324431,-0.0111163212180707,0.0481350852961086));
#3346=CARTESIAN_POINT('',(-0.0132852088324431,-0.0111163212180707,0.0487701705922172));
#3347=CARTESIAN_POINT('',(-0.0325392419753975,0.,0.0487701705922172));
#3348=CARTESIAN_POINT('',(-0.0132852088324431,0.0111163212180707,0.0487701705922172));
#3349=CARTESIAN_POINT('',(-0.0132852088324431,0.0111163212180707,0.0481350852961086));
#3350=CARTESIAN_POINT('',(-0.0325392419753978,-4.91231463804211E-18,0.0245));
#3351=CARTESIAN_POINT('',(-0.00849340391900854,-0.00300310366184405,0.0475858234173831));
#3352=CARTESIAN_POINT('',(-0.00868423123984961,-0.00453105719604252,0.0475805802286117));
#3353=CARTESIAN_POINT('',(-0.00936158237094902,-0.00755159797404625,0.047559881624888));
#3354=CARTESIAN_POINT('',(-0.0111781454364522,-0.0117464560637813,0.0474680618510475));
#3355=CARTESIAN_POINT('',(-0.0137861274952861,-0.0155733693332591,0.0472903665400903));
#3356=CARTESIAN_POINT('',(-0.0164664049852113,-0.0182477665604202,0.0470771689930022));
#3357=CARTESIAN_POINT('',(-0.0189301661782151,-0.0200942299823326,0.0468742944310299));
#3358=CARTESIAN_POINT('',(-0.0208710548812467,-0.0212785375977865,0.0467150241191009));
#3359=CARTESIAN_POINT('',(-0.0229102920269199,-0.0222766705202995,0.0465519238006996));
#3360=CARTESIAN_POINT('',(-0.025781155891063,-0.0233594566330511,0.0463327525958812));
#3361=CARTESIAN_POINT('',(-0.0287562466556177,-0.0240189311644279,0.046127740151014));
#3362=CARTESIAN_POINT('',(-0.0317815713420907,-0.02425723766539,0.0459431013982986));
#3363=CARTESIAN_POINT('',(-0.0348630302722717,-0.0242057480793363,0.0457671726750015));
#3364=CARTESIAN_POINT('',(-0.0385978364397276,-0.0236115826653259,0.0455664002777871));
#3365=CARTESIAN_POINT('',(-0.0429541947869096,-0.0220396702921235,0.045294902092077));
#3366=CARTESIAN_POINT('',(-0.0468607540802946,-0.0197249951576648,0.0449573993560103));
#3367=CARTESIAN_POINT('',(-0.0503214169997175,-0.0166723430108666,0.0445271006766349));
#3368=CARTESIAN_POINT('',(-0.0526355057034617,-0.0136906796399183,0.044130146369199));
#3369=CARTESIAN_POINT('',(-0.0541581852000189,-0.0110265567554198,0.0438164171149058));
#3370=CARTESIAN_POINT('',(-0.0554021084683165,-0.00827630476276256,0.0435302194186453));
#3371=CARTESIAN_POINT('',(-0.0564784244466956,-0.00460446733641949,0.0432409151009117));
#3372=CARTESIAN_POINT('',(-0.0567718921317942,-0.00154016589922374,0.0431502378105669));
#3373=CARTESIAN_POINT('',(-0.0567718844112347,1.21464060492777E-7,0.0431502401684888));
#3374=CARTESIAN_POINT('',(-0.0084934063882328,-0.00300296527778909,0.0475858237456699));
#3375=CARTESIAN_POINT('',(-0.0567718844112348,1.21464057305765E-7,0.0431502401684888));
#3376=CARTESIAN_POINT('',(-0.00849340391900823,-0.0030031036618441,0.0245));
#3377=CARTESIAN_POINT('',(-0.0084934342604033,0.00300334659528175,0.0475858232961507));
#3378=CARTESIAN_POINT('',(-0.0086842757479349,0.00453128803248966,0.0475805800738462));
#3379=CARTESIAN_POINT('',(-0.00936165099481713,0.00755180230255688,0.047559881495615));
#3380=CARTESIAN_POINT('',(-0.0111782361122927,0.011746617075061,0.0474680631525271));
#3381=CARTESIAN_POINT('',(-0.0137862282268125,0.0155734875791637,0.0472903716048666));
#3382=CARTESIAN_POINT('',(-0.0164665017947342,0.0182478503320006,0.0470771794538061));
#3383=CARTESIAN_POINT('',(-0.0189302561561227,0.0200942903886778,0.0468743100676264));
#3384=CARTESIAN_POINT('',(-0.0208711380033708,0.0212785826906164,0.0467150437702865));
#3385=CARTESIAN_POINT('',(-0.0229103650493101,0.0222767014595562,0.0465519475580872));
#3386=CARTESIAN_POINT('',(-0.0257812094165815,0.0233594709416847,0.0463327817576432));
#3387=CARTESIAN_POINT('',(-0.0287562876016998,0.0240189364774721,0.0461277728236578));
#3388=CARTESIAN_POINT('',(-0.0317815884981122,0.0242572376369368,0.0459431362615496));
#3389=CARTESIAN_POINT('',(-0.0348630275529176,0.0242057473118566,0.0457672080919788));
#3390=CARTESIAN_POINT('',(-0.0385978102476108,0.0236115874706865,0.0455664339711141));
#3391=CARTESIAN_POINT('',(-0.0429541414663609,0.022039693115838,0.045294931775011));
#3392=CARTESIAN_POINT('',(-0.0468606794052604,0.019725047273735,0.0449574258224952));
#3393=CARTESIAN_POINT('',(-0.0503213355902653,0.0166724267489155,0.0445271246383233));
#3394=CARTESIAN_POINT('',(-0.0526354201746155,0.0136908030854551,0.0441301700313473));
#3395=CARTESIAN_POINT('',(-0.0541581093648411,0.011026704837936,0.0438164385335061));
#3396=CARTESIAN_POINT('',(-0.055402045043026,0.00827647620829555,0.0435302378144864));
#3397=CARTESIAN_POINT('',(-0.0564783801772911,0.00460468616011845,0.0432409284987678));
#3398=CARTESIAN_POINT('',(-0.0567718766907268,0.00154039857226923,0.0431502425263972));
#3399=CARTESIAN_POINT('',(-0.0567718844112347,1.21464057304244E-7,0.0431502401684888));
#3400=CARTESIAN_POINT('',(-0.00866014786395097,-0.00300313210873281,0.0245));
#3401=CARTESIAN_POINT('',(-0.00849340812211798,-0.00300310366256116,0.0475858233014839));
#3402=CARTESIAN_POINT('',(-0.00860456935104323,-0.00300312262691462,0.0475853623730768));
#3403=CARTESIAN_POINT('',(-0.00871573057996847,-0.00300314159126806,0.0475849014446697));
#3404=CARTESIAN_POINT('',(-0.00882689180889371,-0.00300316055562152,0.0475844405162626));
#3405=CARTESIAN_POINT('',(-0.0448426160655637,-0.0462199907407907,0.0199819710889244));
#3406=CARTESIAN_POINT('',(-0.0428482638877174,-0.0462200640861529,0.01998760250697));
#3407=CARTESIAN_POINT('',(-0.0428482638877174,-0.0462460370577422,0.0219817935039098));
#3408=CARTESIAN_POINT('',(-0.04484319153563,-0.0457850572670836,0.0199876341742421));
#3409=CARTESIAN_POINT('',(-0.0428482638876942,-0.045785061226633,0.019992694138305));
#3410=CARTESIAN_POINT('',(-0.0428482638877174,-0.0458112715638507,0.0219874560266237));
#3411=CARTESIAN_POINT('',(-0.0448437776491256,-0.0453501204904607,0.0199933523044624));
#3412=CARTESIAN_POINT('',(-0.0428482638877071,-0.0453501147564804,0.0199978290512294));
#3413=CARTESIAN_POINT('',(-0.0428482638877174,-0.0453765067830759,0.0219931733028104));
#3414=CARTESIAN_POINT('',(-0.0448443752352809,-0.0449151801199999,0.0199991282464438));
#3415=CARTESIAN_POINT('',(-0.0428482638877174,-0.0449152316662261,0.0200030090030906));
#3416=CARTESIAN_POINT('',(-0.0428482638877174,-0.044941742765896,0.0219989480643837));
#3417=CARTESIAN_POINT('',(-0.0448429969368652,-0.0459333044025022,0.0199857119074736));
#3418=CARTESIAN_POINT('',(-0.0443183395626146,-0.0460078667229375,0.0199861184293033));
#3419=CARTESIAN_POINT('',(-0.0432889934544885,-0.0461565826734722,0.0204145346736726));
#3420=CARTESIAN_POINT('',(-0.0428482638877173,-0.0462370755830681,0.0214518267559455));
#3421=CARTESIAN_POINT('',(-0.0428482638877173,-0.0462362885876483,0.0219819204802362));
#3422=CARTESIAN_POINT('',(-0.0448429969368652,-0.0459333044025022,0.0199857119074736));
#3423=CARTESIAN_POINT('',(-0.0428482638877173,-0.0462362885876483,0.0219819204802362));
#3424=CARTESIAN_POINT('',(-0.0448443646074885,-0.0449229162131666,0.0199990255183958));
#3425=CARTESIAN_POINT('',(-0.0448439019726391,-0.0452597118155774,0.0199945534544973));
#3426=CARTESIAN_POINT('',(-0.0448434462121637,-0.0455965078865261,0.0199901160149624));
#3427=CARTESIAN_POINT('',(-0.0448429969368651,-0.0459333044025022,0.0199857119074736));
#3428=CARTESIAN_POINT('',(-0.0448443646074885,-0.0449229162131666,0.0199990255183958));
#3429=CARTESIAN_POINT('',(-0.0428482638877174,-0.0452289163091278,0.0219951420103522));
#3430=CARTESIAN_POINT('',(-0.0428482638877173,-0.0452298898718531,0.0214648622370922));
#3431=CARTESIAN_POINT('',(-0.0432875216323566,-0.0451487191874958,0.0204288585673047));
#3432=CARTESIAN_POINT('',(-0.0443196545376681,-0.0449982806585065,0.0199990476948379));
#3433=CARTESIAN_POINT('',(-0.0448443646074885,-0.0449229162131666,0.0199990255183958));
#3434=CARTESIAN_POINT('',(-0.0428482638877173,-0.0452289163091278,0.0219951420103521));
#3435=CARTESIAN_POINT('',(-0.0428482638877173,-0.0462362885876483,0.0219819204802362));
#3436=CARTESIAN_POINT('',(-0.0428482638877173,-0.0459004973947373,0.0219862945630624));
#3437=CARTESIAN_POINT('',(-0.0428482638877173,-0.0455647066278449,0.0219907013238687));
#3438=CARTESIAN_POINT('',(-0.0428482638877173,-0.0452289163091278,0.0219951420103521));
#3439=CARTESIAN_POINT('',(0.0428482638877174,-0.0462472369018556,0.0219817778769018));
#3440=CARTESIAN_POINT('',(0.0428482638877173,-0.0462212644130997,0.0199875884574687));
#3441=CARTESIAN_POINT('',(0.0448426144774364,-0.0462211910484772,0.0199819554603645));
#3442=CARTESIAN_POINT('',(0.0428482638877174,-0.0458120690732357,0.0219874455388733));
#3443=CARTESIAN_POINT('',(0.0428482638877176,-0.0457858589514574,0.0199926847203028));
#3444=CARTESIAN_POINT('',(0.0448431904604232,-0.0457858550919972,0.0199876236849203));
#3445=CARTESIAN_POINT('',(0.0428482638877174,-0.0453769019589942,0.0219931680532465));
#3446=CARTESIAN_POINT('',(0.0428482638877079,-0.0453505099795184,0.0199978243431704));
#3447=CARTESIAN_POINT('',(0.0448437771058297,-0.045350515826699,0.0199933470538228));
#3448=CARTESIAN_POINT('',(0.0428482638877174,-0.0449417356097763,0.021998948159435));
#3449=CARTESIAN_POINT('',(0.0428482638877174,-0.0449152245070798,0.0200030090883642));
#3450=CARTESIAN_POINT('',(0.0448443752451171,-0.0449151729609781,0.0199991283415145));
#3451=CARTESIAN_POINT('',(0.0428482638877173,-0.0462362885876459,0.0219819204802368));
#3452=CARTESIAN_POINT('',(0.0428482638877174,-0.0462370754366324,0.0214519253890445));
#3453=CARTESIAN_POINT('',(0.0432870072675472,-0.0461568909756492,0.0204164072543013));
#3454=CARTESIAN_POINT('',(0.04431845192622,-0.0460078507542327,0.019986118342241));
#3455=CARTESIAN_POINT('',(0.0448429969368645,-0.0459333044024873,0.0199857119074741));
#3456=CARTESIAN_POINT('',(0.0428482638877173,-0.0462362885876459,0.0219819204802368));
#3457=CARTESIAN_POINT('',(0.0448429969368646,-0.0459333044024873,0.0199857119074742));
#3458=CARTESIAN_POINT('',(0.0428482638877173,-0.0452289163091254,0.0219951420103523));
#3459=CARTESIAN_POINT('',(0.0428482638877173,-0.0455647066278425,0.0219907013238689));
#3460=CARTESIAN_POINT('',(0.0428482638877173,-0.0459004973947349,0.0219862945630628));
#3461=CARTESIAN_POINT('',(0.0428482638877173,-0.0462362885876459,0.0219819204802368));
#3462=CARTESIAN_POINT('',(0.0448429969368645,-0.0459333044024873,0.0199857119074742));
#3463=CARTESIAN_POINT('',(0.0448434462121633,-0.0455965078864951,0.0199901160149631));
#3464=CARTESIAN_POINT('',(0.0448439019726388,-0.0452597118155787,0.0199945534544973));
#3465=CARTESIAN_POINT('',(0.0448443646074885,-0.0449229162131511,0.019999025518396));
#3466=CARTESIAN_POINT('',(0.0143299898722995,-0.358583852067841,0.0235508796874275));
#3467=CARTESIAN_POINT('',(0.0143299898722995,-0.358583852067841,0.0271145541548149));
#3468=CARTESIAN_POINT('',(0.0143299895250258,-0.0471511530334998,0.027114560939107));
#3469=CARTESIAN_POINT('',(0.0143299898722995,-0.0461638515177746,0.026955627715077));
#3470=CARTESIAN_POINT('',(0.0143299898722995,-0.0464929228074917,0.0270085837281207));
#3471=CARTESIAN_POINT('',(0.0143299898722995,-0.0468219909602497,0.0270615592334199));
#3472=CARTESIAN_POINT('',(0.0143299898722995,-0.0471510559862589,0.0271145541548149));
#3473=CARTESIAN_POINT('',(0.0428482638877173,-0.358583852067841,0.0265146462586775));
#3474=CARTESIAN_POINT('',(0.0428482638877174,-0.0440192377941316,0.0330420872973151));
#3475=CARTESIAN_POINT('',(0.0428482638877174,-0.044835949206245,0.0313131017285102));
#3476=CARTESIAN_POINT('',(0.0428482638877173,-0.045927101972977,0.0277012986133747));
#3477=CARTESIAN_POINT('',(0.0428482638877174,-0.0462334695733165,0.0238807139998942));
#3478=CARTESIAN_POINT('',(0.0428482638877174,-0.0462362885876459,0.0219819204802368));
#3479=CARTESIAN_POINT('',(0.0428482638877173,-0.0440192377941315,0.0330420872973151));
#3480=CARTESIAN_POINT('',(0.0428482638877173,-0.358583852067841,0.0330420872973151));
#3481=CARTESIAN_POINT('',(0.0310840509036811,-0.358583852067841,0.0340168619728542));
#3482=CARTESIAN_POINT('',(0.0203221816118098,-0.358583852067841,0.0339916393948436));
#3483=CARTESIAN_POINT('',(0.0203221816118098,-0.0449575286959448,0.0339916393948436));
#3484=CARTESIAN_POINT('',(0.0418459201955525,-0.358583852067841,0.0340420845508648));
#3485=CARTESIAN_POINT('',(0.0418459201955525,-0.043645284463265,0.0340420845508648));
#3486=CARTESIAN_POINT('',(0.0203221816118098,-0.0449575286959449,0.0339916393948436));
#3487=CARTESIAN_POINT('',(0.0239185956869998,-0.0448884812450519,0.0340000683054826));
#3488=CARTESIAN_POINT('',(0.0311064736152366,-0.0446691911892358,0.0340169145249318));
#3489=CARTESIAN_POINT('',(0.0382736907245668,-0.0441110156602045,0.0340337123216488));
#3490=CARTESIAN_POINT('',(0.0418459201955526,-0.043645284463265,0.0340420845508648));
#3491=CARTESIAN_POINT('',(0.0203245253039746,-0.358583852067841,0.0329916421412938));
#3492=CARTESIAN_POINT('',(0.0194967424095163,-0.358583852067841,0.0335526906950236));
#3493=CARTESIAN_POINT('',(0.0194967424095163,-0.0451830594339763,0.0335526906950236));
#3494=CARTESIAN_POINT('',(0.0194967424095163,-0.0451830594339763,0.0335526906950235));
#3495=CARTESIAN_POINT('',(0.0196728443919276,-0.0450589097530035,0.033812515281953));
#3496=CARTESIAN_POINT('',(0.0199838962115968,-0.0449640234276611,0.0339908465558241));
#3497=CARTESIAN_POINT('',(0.0203221816118098,-0.0449575286959448,0.0339916393948436));
#3498=CARTESIAN_POINT('',(0.0174528379446663,-0.358583852067841,0.0305370708477534));
#3499=CARTESIAN_POINT('',(0.0154089334798161,-0.358583852067841,0.0275214510004832));
#3500=CARTESIAN_POINT('',(0.0154089334798161,-0.0470751649743232,0.0275214510004832));
#3501=CARTESIAN_POINT('',(0.0154089334798161,-0.0470751649743232,0.0275214510004832));
#3502=CARTESIAN_POINT('',(0.0168094461712148,-0.0467046556753939,0.029587797026517));
#3503=CARTESIAN_POINT('',(0.0181777303090581,-0.0461129463621582,0.0316065923634546));
#3504=CARTESIAN_POINT('',(0.0194967424095163,-0.0451830594339763,0.0335526906950236));
#3505=CARTESIAN_POINT('',(0.0145811505853578,-0.358583852067841,0.0280824995542131));
#3506=CARTESIAN_POINT('',(0.0143361485699329,-0.0471513757018933,0.0271129769848845));
#3507=CARTESIAN_POINT('',(0.0143340946796942,-0.0471513076499116,0.0271134960107059));
#3508=CARTESIAN_POINT('',(0.0143320417798212,-0.0471512385047954,0.0271140217295804));
#3509=CARTESIAN_POINT('',(0.0143299898722995,-0.0471511682633323,0.027114554154815));
#3510=CARTESIAN_POINT('',(0.0143361458604806,-0.0471513886714934,0.0271129679635401));
#3511=CARTESIAN_POINT('',(0.0154089334798161,-0.0470751649743232,0.0275214510004832));
#3512=CARTESIAN_POINT('',(0.0151800603259798,-0.0471357139663405,0.0271837667118652));
#3513=CARTESIAN_POINT('',(0.0147356086878885,-0.0471646110939034,0.0270120319347307));
#3514=CARTESIAN_POINT('',(0.0143361486395732,-0.0471513757042007,0.027112976967286));
#3515=CARTESIAN_POINT('',(0.0418482638877173,-0.358583852067841,0.0330420872973151));
#3516=CARTESIAN_POINT('',(0.0418459201955525,-0.043645284463265,0.0340420845508648));
#3517=CARTESIAN_POINT('',(0.0421197707949694,-0.0436095810549356,0.0340427263741317));
#3518=CARTESIAN_POINT('',(0.0426604355219972,-0.0436726461627719,0.0337968957524454));
#3519=CARTESIAN_POINT('',(0.0428482638877174,-0.0439015712570913,0.0332911884381296));
#3520=CARTESIAN_POINT('',(0.0428482638877173,-0.0440192377941315,0.0330420872973151));
#3521=CARTESIAN_POINT('',(-0.0143299898722995,-0.358583852067841,0.0235508796874275));
#3522=CARTESIAN_POINT('',(-0.0143299898722995,-0.0461638515174265,0.0269556277172654));
#3523=CARTESIAN_POINT('',(-0.0143299898722995,-0.0464929228030042,0.0270085837295815));
#3524=CARTESIAN_POINT('',(-0.0143299898722995,-0.0468219909516229,0.0270615592341513));
#3525=CARTESIAN_POINT('',(-0.0143299898722995,-0.0471510559734932,0.027114554154815));
#3526=CARTESIAN_POINT('',(-0.0143299898722995,-0.0461638515174257,0.0269556277172693));
#3527=CARTESIAN_POINT('',(-0.014329991236852,-0.0471511530903625,0.0271145604951765));
#3528=CARTESIAN_POINT('',(-0.0143299898722995,-0.358583852067841,0.0271145541548149));
#3529=CARTESIAN_POINT('',(-0.0143299898722995,-0.0461381066634693,0.0271145541548149));
#3530=CARTESIAN_POINT('',(-0.0143299898722995,-0.0461381066634693,0.0271145541548149));
#3531=CARTESIAN_POINT('',(-0.0143299898722995,-0.0461468401671186,0.027061587390226));
#3532=CARTESIAN_POINT('',(-0.0143299898722995,-0.0461554211384054,0.0270086118739392));
#3533=CARTESIAN_POINT('',(-0.0143299898722995,-0.0461638515174257,0.0269556277172693));
#3534=CARTESIAN_POINT('',(-0.0428482638877173,-0.358583852067841,0.0265146462586775));
#3535=CARTESIAN_POINT('',(-0.0428482638877173,-0.0462362885876483,0.0219819204802362));
#3536=CARTESIAN_POINT('',(-0.0428482638877173,-0.0462334805066556,0.0238733496730784));
#3537=CARTESIAN_POINT('',(-0.0428482638877173,-0.0459416641160312,0.0276273389914967));
#3538=CARTESIAN_POINT('',(-0.0428482638877173,-0.0448359153826744,0.0313131733333202));
#3539=CARTESIAN_POINT('',(-0.0428482638877173,-0.0440192377941315,0.0330420872973151));
#3540=CARTESIAN_POINT('',(-0.0428482638877173,-0.0440192377941315,0.0330420872973151));
#3541=CARTESIAN_POINT('',(-0.0428482638877173,-0.0452289163091278,0.0219951420103522));
#3542=CARTESIAN_POINT('',(-0.0428482638877173,-0.045225438208361,0.0238895926073166));
#3543=CARTESIAN_POINT('',(-0.0428482638877174,-0.0449247570827089,0.0276455501615651));
#3544=CARTESIAN_POINT('',(-0.0428482638877173,-0.0437625745381938,0.0313297248881915));
#3545=CARTESIAN_POINT('',(-0.0428482638877173,-0.0428980200623449,0.0330420872973151));
#3546=CARTESIAN_POINT('',(-0.0428482638877173,-0.0428980200623449,0.0330420872973151));
#3547=CARTESIAN_POINT('',(-0.0428482638877173,-0.358583852067841,0.0330420872973151));
#3548=CARTESIAN_POINT('',(-0.0145811505853578,-0.358583852067841,0.0280824995542131));
#3549=CARTESIAN_POINT('',(-0.0143361488323823,-0.0471513757105891,0.0271129769185625));
#3550=CARTESIAN_POINT('',(-0.0147354010992667,-0.0471646042021302,0.0270120844776134));
#3551=CARTESIAN_POINT('',(-0.0151800783580031,-0.0471357091959215,0.0271837933166936));
#3552=CARTESIAN_POINT('',(-0.0154089334798161,-0.0470751649743232,0.0275214510004833));
#3553=CARTESIAN_POINT('',(-0.014336146052986,-0.0471513886809601,0.0271129679140487));
#3554=CARTESIAN_POINT('',(-0.0154089334798161,-0.0470751649743232,0.0275214510004832));
#3555=CARTESIAN_POINT('',(-0.0154089334798161,-0.358583852067841,0.0275214510004832));
#3556=CARTESIAN_POINT('',(-0.0154089334798161,-0.0460596167904133,0.0275214510004832));
#3557=CARTESIAN_POINT('',(-0.0143299898722995,-0.0461381066634693,0.0271145541548149));
#3558=CARTESIAN_POINT('',(-0.0147311353198519,-0.04615242895973,0.0270104656631396));
#3559=CARTESIAN_POINT('',(-0.0151790320146092,-0.0461226282723673,0.0271822495195348));
#3560=CARTESIAN_POINT('',(-0.0154089334798161,-0.0460596167904133,0.0275214510004832));
#3561=CARTESIAN_POINT('',(-0.0143299898722995,-0.0471511682633323,0.027114554154815));
#3562=CARTESIAN_POINT('',(-0.0143320422337451,-0.0471512385203342,0.0271140216117971));
#3563=CARTESIAN_POINT('',(-0.014334095197852,-0.0471513076671504,0.0271134958793309));
#3564=CARTESIAN_POINT('',(-0.0143361487627326,-0.0471513757082814,0.0271129769361631));
#3565=CARTESIAN_POINT('',(-0.0174528379446663,-0.358583852067841,0.0305370708477534));
#3566=CARTESIAN_POINT('',(-0.0194967424095163,-0.358583852067841,0.0335526906950236));
#3567=CARTESIAN_POINT('',(-0.0194967424095163,-0.0451830594339763,0.0335526906950236));
#3568=CARTESIAN_POINT('',(-0.0194967424095163,-0.0440730476557514,0.0335526906950236));
#3569=CARTESIAN_POINT('',(-0.0194967424095163,-0.0440730476557513,0.0335526906950236));
#3570=CARTESIAN_POINT('',(-0.0181833855901745,-0.0450571650751703,0.0316149362847433));
#3571=CARTESIAN_POINT('',(-0.0168139265246512,-0.0456745357566299,0.0295944074346735));
#3572=CARTESIAN_POINT('',(-0.0154089334798161,-0.0460596167904133,0.0275214510004832));
#3573=CARTESIAN_POINT('',(-0.0194967424095163,-0.0451830594339763,0.0335526906950236));
#3574=CARTESIAN_POINT('',(-0.0181777303090581,-0.0461129463621582,0.0316065923634546));
#3575=CARTESIAN_POINT('',(-0.0168094461712149,-0.046704655675394,0.029587797026517));
#3576=CARTESIAN_POINT('',(-0.0154089334798162,-0.0470751649743232,0.0275214510004833));
#3577=CARTESIAN_POINT('',(-0.0203245253039746,-0.358583852067841,0.0329916421412938));
#3578=CARTESIAN_POINT('',(-0.0203221816118098,-0.358583852067841,0.0339916393948436));
#3579=CARTESIAN_POINT('',(-0.0203221816118098,-0.0449575286959448,0.0339916393948436));
#3580=CARTESIAN_POINT('',(-0.0203221816118098,-0.0438334316445253,0.0339916393948436));
#3581=CARTESIAN_POINT('',(-0.0203221816118098,-0.0438334316445253,0.0339916393948436));
#3582=CARTESIAN_POINT('',(-0.0199830465570705,-0.0438400808150652,0.03399084456449));
#3583=CARTESIAN_POINT('',(-0.0196717972750799,-0.0439418764918924,0.0338109703436242));
#3584=CARTESIAN_POINT('',(-0.0194967424095163,-0.0440730476557513,0.0335526906950236));
#3585=CARTESIAN_POINT('',(-0.0203221816118098,-0.0449575286959448,0.0339916393948436));
#3586=CARTESIAN_POINT('',(-0.0199843672744652,-0.0449640143837386,0.0339908476598535));
#3587=CARTESIAN_POINT('',(-0.019672672498435,-0.0450590309357521,0.0338122616666609));
#3588=CARTESIAN_POINT('',(-0.0194967424095163,-0.0451830594339763,0.0335526906950235));
#3589=CARTESIAN_POINT('',(-0.0310840509036811,-0.358583852067841,0.0340168619728542));
#3590=CARTESIAN_POINT('',(-0.0418459201955525,-0.358583852067841,0.0340420845508648));
#3591=CARTESIAN_POINT('',(-0.0418459201955525,-0.043645284463265,0.0340420845508648));
#3592=CARTESIAN_POINT('',(-0.0418459201955525,-0.0424908579749388,0.0340420845508648));
#3593=CARTESIAN_POINT('',(-0.0418459201955525,-0.0424908579749388,0.0340420845508648));
#3594=CARTESIAN_POINT('',(-0.0382745298429704,-0.0429695162500352,0.0340337142882895));
#3595=CARTESIAN_POINT('',(-0.0311075770739012,-0.04353931138958,0.0340169171111064));
#3596=CARTESIAN_POINT('',(-0.0239190299805992,-0.0437629108951194,0.0340000693233358));
#3597=CARTESIAN_POINT('',(-0.0203221816118098,-0.0438334316445253,0.0339916393948435));
#3598=CARTESIAN_POINT('',(-0.0418459201955526,-0.043645284463265,0.0340420845508648));
#3599=CARTESIAN_POINT('',(-0.0382736907245668,-0.0441110156602045,0.0340337123216488));
#3600=CARTESIAN_POINT('',(-0.0311064736152366,-0.0446691911892358,0.0340169145249318));
#3601=CARTESIAN_POINT('',(-0.0239185956869998,-0.0448884812450519,0.0340000683054825));
#3602=CARTESIAN_POINT('',(-0.0203221816118098,-0.0449575286959449,0.0339916393948435));
#3603=CARTESIAN_POINT('',(-0.0418482638877173,-0.358583852067841,0.0330420872973151));
#3604=CARTESIAN_POINT('',(-0.0428482638877173,-0.0428980200623449,0.0330420872973151));
#3605=CARTESIAN_POINT('',(-0.0428482638877173,-0.0427728698492047,0.033289963546252));
#3606=CARTESIAN_POINT('',(-0.0426657002663655,-0.0425284174217017,0.0337906032649527));
#3607=CARTESIAN_POINT('',(-0.0421223320503128,-0.0424538116684436,0.0340427323769423));
#3608=CARTESIAN_POINT('',(-0.0418459201955525,-0.0424908579749388,0.0340420845508648));
#3609=CARTESIAN_POINT('',(-0.0428482638877173,-0.0440192377941315,0.0330420872973151));
#3610=CARTESIAN_POINT('',(-0.0428482638877173,-0.0439014101275966,0.0332915295507516));
#3611=CARTESIAN_POINT('',(-0.0426615542688544,-0.043673383476999,0.0337951703880798));
#3612=CARTESIAN_POINT('',(-0.0421204915602609,-0.0436094870848016,0.0340427280633884));
#3613=CARTESIAN_POINT('',(-0.0418459201955525,-0.0436452844632649,0.0340420845508648));
#3614=CARTESIAN_POINT('',(4.09233416851705E-5,-0.00257439576334141,0.0465989345156518));
#3615=CARTESIAN_POINT('',(-0.000292873299207721,-0.00257626662948201,0.0465989342317475));
#3616=CARTESIAN_POINT('',(-0.000846627621289943,-0.00254027249031795,0.0465989397271706));
#3617=CARTESIAN_POINT('',(-0.00161152079130727,-0.00239225371499134,0.0465989588926684));
#3618=CARTESIAN_POINT('',(-0.00226593682430747,-0.00217591056489535,0.0465989836909049));
#3619=CARTESIAN_POINT('',(-0.00286529111623207,-0.00186601227549011,0.0465990138609044));
#3620=CARTESIAN_POINT('',(-0.00335640928015545,-0.00148387821990016,0.0465990441213174));
#3621=CARTESIAN_POINT('',(-0.0037044773053985,-0.00106377850006049,0.04659906917607));
#3622=CARTESIAN_POINT('',(-0.00394783932168734,-0.000571189265049355,0.0465990887801438));
#3623=CARTESIAN_POINT('',(-0.00401143813833709,-0.00021440738022612,0.0465990946902201));
#3624=CARTESIAN_POINT('',(-0.00401143674955657,1.21467044262739E-7,0.0465990946902092));
#3625=CARTESIAN_POINT('',(0.0001461661142679,-0.00855801486102495,0.0465908996473491));
#3626=CARTESIAN_POINT('',(-0.001046853882456,-0.00856374475725229,0.0465908997577902));
#3627=CARTESIAN_POINT('',(-0.00299263231409313,-0.00845371332634955,0.0465908974801295));
#3628=CARTESIAN_POINT('',(-0.00561388690584529,-0.00798773539787422,0.046590899837957));
#3629=CARTESIAN_POINT('',(-0.00780738330508187,-0.00729531653902498,0.0465909103152152));
#3630=CARTESIAN_POINT('',(-0.0097716056579257,-0.00628687816823706,0.046590916056599));
#3631=CARTESIAN_POINT('',(-0.0113470608748271,-0.00502498770679339,0.0465909031535106));
#3632=CARTESIAN_POINT('',(-0.0124408599370505,-0.00361955688988438,0.0465908848016057));
#3633=CARTESIAN_POINT('',(-0.0131921208474607,-0.00195416584920314,0.0465908700540727));
#3634=CARTESIAN_POINT('',(-0.0133832344227508,-0.000735962530194136,0.0465908663474449));
#3635=CARTESIAN_POINT('',(-0.0133832266795372,1.21474297173333E-7,0.0465908663651394));
#3636=CARTESIAN_POINT('',(0.000396934201204745,-0.0173784866303641,0.0464988350425067));
#3637=CARTESIAN_POINT('',(-0.00285013321881929,-0.0173851803268153,0.0464988301049456));
#3638=CARTESIAN_POINT('',(-0.00784206427851893,-0.0172590311723309,0.0464989264991539));
#3639=CARTESIAN_POINT('',(-0.013950419904802,-0.0165740040509161,0.0464992331845136));
#3640=CARTESIAN_POINT('',(-0.0185930692686857,-0.0154339213209032,0.0464996122398595));
#3641=CARTESIAN_POINT('',(-0.0223132733428374,-0.0135993366131687,0.0465000960619458));
#3642=CARTESIAN_POINT('',(-0.024956043233315,-0.011115184670849,0.0465006328701826));
#3643=CARTESIAN_POINT('',(-0.0265574031787027,-0.00816722677355891,0.0465011004789902));
#3644=CARTESIAN_POINT('',(-0.0275156254582277,-0.00450580457782407,0.046501468476706));
#3645=CARTESIAN_POINT('',(-0.0277035405925451,-0.00171643046917318,0.0465015775328432));
#3646=CARTESIAN_POINT('',(-0.0277034907090566,1.21487936027377E-7,0.0465015774688621));
#3647=CARTESIAN_POINT('',(0.000728640497838823,-0.0277042714877074,0.0450117713767106));
#3648=CARTESIAN_POINT('',(-0.00523677321911834,-0.0277089501105648,0.0450119269494964));
#3649=CARTESIAN_POINT('',(-0.0142050484907764,-0.0276263654734256,0.0450089045738644));
#3650=CARTESIAN_POINT('',(-0.0247285494938083,-0.0268344431120337,0.0449984761753674));
#3651=CARTESIAN_POINT('',(-0.0323417318171713,-0.0253042603313486,0.0449850098363216));
#3652=CARTESIAN_POINT('',(-0.0380375860196708,-0.0225825289478156,0.0449684844939037));
#3653=CARTESIAN_POINT('',(-0.0417235069980228,-0.0186599391108246,0.0449516808991382));
#3654=CARTESIAN_POINT('',(-0.0436735355995213,-0.0138159449697362,0.0449376392613336));
#3655=CARTESIAN_POINT('',(-0.0446406289808042,-0.00766470537140491,0.0449266177174134));
#3656=CARTESIAN_POINT('',(-0.044738943255301,-0.00291890191312638,0.0449232942111787));
#3657=CARTESIAN_POINT('',(-0.044738808190628,1.21504659769045E-7,0.0449232946060314));
#3658=CARTESIAN_POINT('',(0.000942455794992503,-0.0344593982423073,0.0429167063959165));
#3659=CARTESIAN_POINT('',(-0.00677488150054075,-0.034462127621221,0.0429170936358886));
#3660=CARTESIAN_POINT('',(-0.0183188115322558,-0.0344208215043139,0.0429095770204108));
#3661=CARTESIAN_POINT('',(-0.0317223230206758,-0.0335812739224,0.0428839351648407));
#3662=CARTESIAN_POINT('',(-0.0412866870255337,-0.0318062429524272,0.0428510650061068));
#3663=CARTESIAN_POINT('',(-0.0482899975041583,-0.0284936203748889,0.0428105794390113));
#3664=CARTESIAN_POINT('',(-0.0526714167160088,-0.0236008298470636,0.0427689200559944));
#3665=CARTESIAN_POINT('',(-0.0548558721952538,-0.0174837487365531,0.0427338583013291));
#3666=CARTESIAN_POINT('',(-0.0558297442952232,-0.00968478020419493,0.0427063486021295));
#3667=CARTESIAN_POINT('',(-0.0558677786094869,-0.00367543056740919,0.0426980747887886));
#3668=CARTESIAN_POINT('',(-0.0558675747134027,1.21515182983434E-7,0.0426980761456207));
#3669=CARTESIAN_POINT('',(0.00109401497860796,-0.039664174168095,0.0397477420008546));
#3670=CARTESIAN_POINT('',(-0.00786448720624634,-0.039665387119669,0.039748416507844));
#3671=CARTESIAN_POINT('',(-0.0212609106146165,-0.0396565137854147,0.0397353520291561));
#3672=CARTESIAN_POINT('',(-0.0367890455214349,-0.0387708949819607,0.0396912848492655));
#3673=CARTESIAN_POINT('',(-0.0478370661713575,-0.0367861140629684,0.0396358168150859));
#3674=CARTESIAN_POINT('',(-0.055880396539327,-0.0329815451211922,0.0395679224176775));
#3675=CARTESIAN_POINT('',(-0.0608572358748196,-0.0273012859846292,0.0394963224509756));
#3676=CARTESIAN_POINT('',(-0.0632827495890519,-0.0201817420606479,0.0394352412132156));
#3677=CARTESIAN_POINT('',(-0.0643135640093158,-0.0111288017274487,0.0393873660596734));
#3678=CARTESIAN_POINT('',(-0.0643218727682648,-0.00420110313450918,0.039373023278859));
#3679=CARTESIAN_POINT('',(-0.0643216090444347,1.21522492487649E-7,0.0393730264424363));
#3680=CARTESIAN_POINT('',(0.00118439017217715,-0.0431257393658799,0.0357993423556436));
#3681=CARTESIAN_POINT('',(-0.00851371998564433,-0.0431261494958043,0.0358002175782568));
#3682=CARTESIAN_POINT('',(-0.0230353718152683,-0.0431350554623879,0.0357833085674832));
#3683=CARTESIAN_POINT('',(-0.0398948535326993,-0.0422014076262914,0.0357261066426367));
#3684=CARTESIAN_POINT('',(-0.051906155049128,-0.0400531525649765,0.0356545685177735));
#3685=CARTESIAN_POINT('',(-0.0606615295467608,-0.0358897693387915,0.0355697013767294));
#3686=CARTESIAN_POINT('',(-0.0660776731107473,-0.0296525061825287,0.0354793648694281));
#3687=CARTESIAN_POINT('',(-0.0687072383383501,-0.0218527900185594,0.0354006144196253));
#3688=CARTESIAN_POINT('',(-0.0698144194239881,-0.0119874854283323,0.0353390527304183));
#3689=CARTESIAN_POINT('',(-0.0698159303836927,-0.0045009820125177,0.0353206660810197));
#3690=CARTESIAN_POINT('',(-0.0698156270272264,1.21526662727887E-7,0.0353206712341875));
#3691=CARTESIAN_POINT('',(0.00122890170150241,-0.0449885754615135,0.0319719132579075));
#3692=CARTESIAN_POINT('',(-0.00883327949026182,-0.0449887426461604,0.0319727996707298));
#3693=CARTESIAN_POINT('',(-0.0239173897382287,-0.045003668632841,0.0319556897191626));
#3694=CARTESIAN_POINT('',(-0.0414579811490643,-0.0440304909405042,0.0318973338467086));
#3695=CARTESIAN_POINT('',(-0.0539739206740233,-0.0417766325519605,0.0318237612453606));
#3696=CARTESIAN_POINT('',(-0.0631152843405532,-0.0374017279592949,0.0317372980201203));
#3697=CARTESIAN_POINT('',(-0.0687811182654002,-0.0308477744040431,0.0316470914877128));
#3698=CARTESIAN_POINT('',(-0.0715335477888408,-0.022676233396205,0.0315683421753557));
#3699=CARTESIAN_POINT('',(-0.0726936861450155,-0.0123889334461516,0.0315068036202135));
#3700=CARTESIAN_POINT('',(-0.0726956704087408,-0.00463323629363234,0.031488395032552));
#3701=CARTESIAN_POINT('',(-0.0726953457388167,1.21528501861289E-7,0.031488398697379));
#3702=CARTESIAN_POINT('',(0.00125008884988992,-0.045915150289819,0.0286887013692955));
#3703=CARTESIAN_POINT('',(-0.00898534557159494,-0.0459153423101334,0.0286894511548144));
#3704=CARTESIAN_POINT('',(-0.0243389071569346,-0.0459304778387084,0.0286749740514619));
#3705=CARTESIAN_POINT('',(-0.0422086756203827,-0.0449279871742616,0.0286253402115777));
#3706=CARTESIAN_POINT('',(-0.0549703731468534,-0.0426095726147923,0.0285623834055249));
#3707=CARTESIAN_POINT('',(-0.0643011344308985,-0.0381171017860905,0.0284881757499142));
#3708=CARTESIAN_POINT('',(-0.0700910625546569,-0.0313972319442659,0.0284120261057085));
#3709=CARTESIAN_POINT('',(-0.0729053296994285,-0.023039735156057,0.0283461765077925));
#3710=CARTESIAN_POINT('',(-0.0740926662019416,-0.0125532393302309,0.0282946442334912));
#3711=CARTESIAN_POINT('',(-0.0740952195505602,-0.0046824491663321,0.0282791703426373));
#3712=CARTESIAN_POINT('',(-0.0740948828669937,1.21529185746327E-7,0.0282791711119055));
#3713=CARTESIAN_POINT('',(0.00125957237131795,-0.0463436245312619,0.0261434945464166));
#3714=CARTESIAN_POINT('',(-0.00905339879178845,-0.0463439363478786,0.0261440554679222));
#3715=CARTESIAN_POINT('',(-0.0245280865658537,-0.0463570777835756,0.0261332210261601));
#3716=CARTESIAN_POINT('',(-0.0425466320764888,-0.0453341912506559,0.0260959576044495));
#3717=CARTESIAN_POINT('',(-0.055419880767241,-0.0429777173173428,0.0260485183811684));
#3718=CARTESIAN_POINT('',(-0.0648367626027673,-0.0384225168078357,0.025992442289411));
#3719=CARTESIAN_POINT('',(-0.0706832738587941,-0.0316206928984199,0.025935699186159));
#3720=CARTESIAN_POINT('',(-0.0735259840164669,-0.0231773380416231,0.0258871785742649));
#3721=CARTESIAN_POINT('',(-0.074725883827101,-0.0126063611558053,0.0258491293992146));
#3722=CARTESIAN_POINT('',(-0.0747287097221901,-0.004694675439258,0.0258376491471823));
#3723=CARTESIAN_POINT('',(-0.0747283666543279,1.21529355748892E-7,0.0258376476609018));
#3724=CARTESIAN_POINT('',(0.00126403034564228,-0.046538499461446,0.0239830114413846));
#3725=CARTESIAN_POINT('',(-0.00908540109487354,-0.0465389767965229,0.0239833494569854));
#3726=CARTESIAN_POINT('',(-0.024616533651666,-0.0465490586332323,0.0239768173402366));
#3727=CARTESIAN_POINT('',(-0.0427033329463685,-0.0455101173888382,0.023954350122656));
#3728=CARTESIAN_POINT('',(-0.0556268457382446,-0.0431284310150704,0.023925728538703));
#3729=CARTESIAN_POINT('',(-0.0650814702819179,-0.0385368788553111,0.0238919666561795));
#3730=CARTESIAN_POINT('',(-0.070951821748229,-0.0316930200117865,0.0238583943247184));
#3731=CARTESIAN_POINT('',(-0.073805770412799,-0.0232110985615314,0.0238299678962198));
#3732=CARTESIAN_POINT('',(-0.0750099197918728,-0.0126092406014002,0.0238075609183149));
#3733=CARTESIAN_POINT('',(-0.0750123719398331,-0.00469054691152924,0.0238007355455169));
#3734=CARTESIAN_POINT('',(-0.0750120255752494,1.21529298494712E-7,0.0238007325260089));
#3735=CARTESIAN_POINT('',(0.00126524375388404,-0.0466227284506337,0.0218344806247359));
#3736=CARTESIAN_POINT('',(-0.00909406662679543,-0.0466234139425058,0.0218345519202482));
#3737=CARTESIAN_POINT('',(-0.0246423916545155,-0.046629521178792,0.021833182050238));
#3738=CARTESIAN_POINT('',(-0.0427536393073961,-0.0455753887852489,0.0218283287093053));
#3739=CARTESIAN_POINT('',(-0.0556980764674499,-0.043173264693926,0.0218220318144234));
#3740=CARTESIAN_POINT('',(-0.0651712546421439,-0.0385566759474627,0.0218147673254542));
#3741=CARTESIAN_POINT('',(-0.071056034189622,-0.0316891201333708,0.0218090924442336));
#3742=CARTESIAN_POINT('',(-0.0739194016247503,-0.0231912629325395,0.0218052652352496));
#3743=CARTESIAN_POINT('',(-0.0751294017343766,-0.0125851895742492,0.0218021567017547));
#3744=CARTESIAN_POINT('',(-0.0751330473076739,-0.00467729206841782,0.021801120202785));
#3745=CARTESIAN_POINT('',(-0.0751326991940532,1.21529113688554E-7,0.021801115365321));
#3746=CARTESIAN_POINT('',(0.00126273199747285,-0.0465848304445474,0.0203079339081123));
#3747=CARTESIAN_POINT('',(-0.00907592853781932,-0.046585709111233,0.0203077676173495));
#3748=CARTESIAN_POINT('',(-0.0245967901385884,-0.0465880340753648,0.0203109957325152));
#3749=CARTESIAN_POINT('',(-0.0426836158043516,-0.0455235092531098,0.0203220246758901));
#3750=CARTESIAN_POINT('',(-0.0556171508831042,-0.0431107613139542,0.0203360880993208));
#3751=CARTESIAN_POINT('',(-0.0650892205302047,-0.0384861930071299,0.0203533368805418));
#3752=CARTESIAN_POINT('',(-0.0709799962695866,-0.031618005400456,0.0203728010826206));
#3753=CARTESIAN_POINT('',(-0.073852581128266,-0.0231290315966287,0.020390411377757));
#3754=CARTESIAN_POINT('',(-0.0750717969093392,-0.0125438875499408,0.0204041017729926));
#3755=CARTESIAN_POINT('',(-0.0750789135571431,-0.00465967534117237,0.0204081154343659));
#3756=CARTESIAN_POINT('',(-0.0750785657445215,1.21528868485664E-7,0.0204081098216969));
#3757=CARTESIAN_POINT('',(0.00126172164978681,-0.0465755071455772,0.019432953974214));
#3758=CARTESIAN_POINT('',(-0.00906862394105287,-0.0465764909908358,0.0194326553587325));
#3759=CARTESIAN_POINT('',(-0.0245787912545868,-0.0465767658374397,0.019438445271636));
#3760=CARTESIAN_POINT('',(-0.04265694060977,-0.0455062399682476,0.019458464959087));
#3761=CARTESIAN_POINT('',(-0.0555875238092508,-0.0430869442290926,0.0194842315158009));
#3762=CARTESIAN_POINT('',(-0.065060894873687,-0.0384566200288738,0.0195158174221033));
#3763=CARTESIAN_POINT('',(-0.0709557490249515,-0.0315859068399032,0.0195494590455416));
#3764=CARTESIAN_POINT('',(-0.0738332231639688,-0.0230993819439552,0.0195785835276762));
#3765=CARTESIAN_POINT('',(-0.0750570234797183,-0.0125232149586242,0.0196012788532022));
#3766=CARTESIAN_POINT('',(-0.0750657857170971,-0.00465058740257303,0.0196080131315693));
#3767=CARTESIAN_POINT('',(-0.0750654381214421,1.2152874202729E-7,0.0196080077937653));
#3768=CARTESIAN_POINT('',(-0.0335392419753975,-0.0237326424361414,0.044899577142589));
#3769=CARTESIAN_POINT('',(-0.03384846086281,-0.023197059612483,0.0449551626436484));
#3770=CARTESIAN_POINT('',(-0.0341579650921553,-0.0226609825620995,0.0450027137822448));
#3771=CARTESIAN_POINT('',(-0.0344677213013242,-0.022124469069859,0.0450431699340763));
#3772=CARTESIAN_POINT('',(-0.0335392419753975,-0.0237326424361414,0.044899577142589));
#3773=CARTESIAN_POINT('',(-0.0344677211790798,-0.0221244693018354,0.0450431739464311));
#3774=CARTESIAN_POINT('',(-0.0335392419753975,-0.0237326424361414,0.044899577142589));
#3775=CARTESIAN_POINT('',(-0.0328727580599515,-0.0237326424361414,0.0449416165501494));
#3776=CARTESIAN_POINT('',(-0.0322060841833797,-0.0237326424361414,0.044980401087022));
#3777=CARTESIAN_POINT('',(-0.0315392419753975,-0.0237326424361414,0.0450163013654919));
#3778=CARTESIAN_POINT('',(-0.0315392419753975,-0.0237326424361414,0.0450163013654919));
#3779=CARTESIAN_POINT('',(-0.0315392419753975,-0.0237326424361414,0.0450163013654919));
#3780=CARTESIAN_POINT('',(-0.031231436270071,-0.0231995073156563,0.0451082086817041));
#3781=CARTESIAN_POINT('',(-0.0309231528105851,-0.0226655447006937,0.0451928839645704));
#3782=CARTESIAN_POINT('',(-0.0306144546782343,-0.0221308638512605,0.0452712821111155));
#3783=CARTESIAN_POINT('',(-0.010779328472212,-0.00458563219353028,0.0465671035639254));
#3784=CARTESIAN_POINT('',(-0.0106842485558336,-0.00413714141983445,0.0465702863481664));
#3785=CARTESIAN_POINT('',(-0.0101779041236592,-0.00331715550435942,0.0465770957863663));
#3786=CARTESIAN_POINT('',(-0.009270280394504,-0.00300018366920443,0.0465825338544741));
#3787=CARTESIAN_POINT('',(-0.00881180518598732,-0.00300017673846201,0.0465845005371753));
#3788=CARTESIAN_POINT('',(-0.00881180513088518,-0.00300214653481912,0.0465844946334184));
#3789=CARTESIAN_POINT('',(-0.00881180518597426,-0.00300017673854202,0.0465845005371751));
#3790=CARTESIAN_POINT('',(-0.00587455986112775,-0.00300013235585914,0.0465971001923701));
#3791=CARTESIAN_POINT('',(-0.00293727463463207,-0.00300005213854499,0.0465982992090183));
#3792=CARTESIAN_POINT('',(6.68428559367785E-14,-0.00300005213854511,0.046598299209008));
#3793=CARTESIAN_POINT('',(-0.0143299898722837,-0.0461638515174258,0.0269556277172694));
#3794=CARTESIAN_POINT('',(-0.00965180202896296,-0.0460099560328118,0.0281309441480562));
#3795=CARTESIAN_POINT('',(-0.00482758081164787,-0.045854085071845,0.0287286740849534));
#3796=CARTESIAN_POINT('',(7.13094942927932E-7,-0.0458540984015092,0.0287286155537483));
#3797=CARTESIAN_POINT('',(-0.0750737812357944,1.21464058338965E-7,0.0199999738570923));
#3798=CARTESIAN_POINT('',(-0.0750737812358024,-0.00258600939684616,0.0199999738570925));
#3799=CARTESIAN_POINT('',(-0.0750728280822144,-0.00776007532291752,0.019999923947431));
#3800=CARTESIAN_POINT('',(-0.0747664510470902,-0.0154971057238598,0.0199996357564546));
#3801=CARTESIAN_POINT('',(-0.0737292870445075,-0.0232417253158084,0.0199991367176186));
#3802=CARTESIAN_POINT('',(-0.0716896167320009,-0.0294389517788946,0.01999873553679));
#3803=CARTESIAN_POINT('',(-0.0689035791295982,-0.0338926711643269,0.0199985539845312));
#3804=CARTESIAN_POINT('',(-0.0663056632372903,-0.0367397549391869,0.0199984706323043));
#3805=CARTESIAN_POINT('',(-0.0631927932477702,-0.0391216325722466,0.0199984396861315));
#3806=CARTESIAN_POINT('',(-0.0586802308222398,-0.0415759331957895,0.0199984824971814));
#3807=CARTESIAN_POINT('',(-0.0525118889794916,-0.043618682452917,0.0199986917171772));
#3808=CARTESIAN_POINT('',(-0.0474088211690185,-0.0445545816652435,0.019998917133736));
#3809=CARTESIAN_POINT('',(-0.0448443646074884,-0.0449229162131666,0.0199990255183958));
#3810=CARTESIAN_POINT('',(-0.0547262405771497,1.21514008873251E-7,0.0426993518653858));
#3811=CARTESIAN_POINT('',(-0.0547262405771519,-0.00135208118729947,0.0426993518653947));
#3812=CARTESIAN_POINT('',(-0.0544857971474659,-0.00402516198250939,0.0427651990822888));
#3813=CARTESIAN_POINT('',(-0.0533564532385575,-0.00803557753119797,0.0430393821039886));
#3814=CARTESIAN_POINT('',(-0.0515296042429279,-0.0117161319097498,0.0434147030580285));
#3815=CARTESIAN_POINT('',(-0.0490187506635508,-0.0150451459768112,0.0438269344704793));
#3816=CARTESIAN_POINT('',(-0.0459906134451444,-0.0178087699228194,0.0442059499872183));
#3817=CARTESIAN_POINT('',(-0.0424354315308613,-0.0200098226098724,0.0445342760892483));
#3818=CARTESIAN_POINT('',(-0.0386058502221537,-0.0214893537487772,0.0448004380793698));
#3819=CARTESIAN_POINT('',(-0.0358515183708639,-0.0220014923697755,0.0449623055991028));
#3820=CARTESIAN_POINT('',(-0.0344677258629118,-0.022124529383467,0.0450431626819513));
#3821=CARTESIAN_POINT('',(6.02721248612966E-14,0.00257615458213185,0.0475989335260939));
#3822=CARTESIAN_POINT('',(-0.000330991955704058,0.00257615838988504,0.0475989335259831));
#3823=CARTESIAN_POINT('',(-0.000879870628352172,0.0025375023972259,0.0475989393906613));
#3824=CARTESIAN_POINT('',(-0.00163760123673127,0.00238680867145949,0.0475989588671365));
#3825=CARTESIAN_POINT('',(-0.00228558445947256,0.00216902997760009,0.0475989837822213));
#3826=CARTESIAN_POINT('',(-0.00287878469347081,0.0018587758267227,0.047599013921709));
#3827=CARTESIAN_POINT('',(-0.00336467298010732,0.00147732857173774,0.0475990440522769));
#3828=CARTESIAN_POINT('',(-0.003708918192271,0.00105872323261592,0.0475990689453849));
#3829=CARTESIAN_POINT('',(-0.00394954313434098,0.000568381630070476,0.0475990883950279));
#3830=CARTESIAN_POINT('',(-0.00401240310676613,0.00021347830504239,0.0475990942482639));
#3831=CARTESIAN_POINT('',(-0.00401240175793928,1.21464070699366E-7,0.0475990942481952));
#3832=CARTESIAN_POINT('',(2.0226796075903E-13,0.00856518545825676,0.0475900461288));
#3833=CARTESIAN_POINT('',(-0.00118131569935137,0.00856520509169147,0.0475900460354089));
#3834=CARTESIAN_POINT('',(-0.00310758908268947,0.00844678809596153,0.0475900524587808));
#3835=CARTESIAN_POINT('',(-0.00570171314327349,0.00797209869527416,0.0475901847165066));
#3836=CARTESIAN_POINT('',(-0.00787197404687325,0.00727469052567466,0.0475904316504635));
#3837=CARTESIAN_POINT('',(-0.00981497687636906,0.00626438182932577,0.0475906472017268));
#3838=CARTESIAN_POINT('',(-0.0113730331513996,0.00500399112819346,0.0475906622181217));
#3839=CARTESIAN_POINT('',(-0.0124544878359576,0.00360293832258375,0.0475905942528949));
#3840=CARTESIAN_POINT('',(-0.0131971450496584,0.0019445456403261,0.0475905374790805));
#3841=CARTESIAN_POINT('',(-0.0133860386222617,0.000732375586277863,0.0475905284260306));
#3842=CARTESIAN_POINT('',(-0.0133860314398468,1.21464057871799E-7,0.0475905286134523));
#3843=CARTESIAN_POINT('',(5.49497235119637E-13,0.0174214111540464,0.0475012964326665));
#3844=CARTESIAN_POINT('',(-0.00320054596233136,0.0174215597822676,0.0475012970514009));
#3845=CARTESIAN_POINT('',(-0.00812193197647374,0.0172819618567309,0.0475013651431337));
#3846=CARTESIAN_POINT('',(-0.0141461250591102,0.0165754610540224,0.047501275301695));
#3847=CARTESIAN_POINT('',(-0.0187263132298729,0.0154173429558519,0.0475009767747415));
#3848=CARTESIAN_POINT('',(-0.022397959039328,0.0135698820072426,0.0475008793328609));
#3849=CARTESIAN_POINT('',(-0.0250079898134734,0.0110804736557326,0.0475013364744164));
#3850=CARTESIAN_POINT('',(-0.0265911157660039,0.00813527322926948,0.0475019581417653));
#3851=CARTESIAN_POINT('',(-0.0275395173440939,0.00448458082160699,0.047502465282476));
#3852=CARTESIAN_POINT('',(-0.0277259396155206,0.001707842300791,0.0475025974220471));
#3853=CARTESIAN_POINT('',(-0.0277258884496879,1.21464056232075E-7,0.0475025967413788));
#3854=CARTESIAN_POINT('',(1.00576117771504E-12,0.0279017549190582,0.0459958631758954));
#3855=CARTESIAN_POINT('',(-0.0058700179049359,0.0279021312664595,0.0459958543883771));
#3856=CARTESIAN_POINT('',(-0.0146976032837375,0.0278028293129945,0.0459931812837029));
#3857=CARTESIAN_POINT('',(-0.0250670092468969,0.0269664242961253,0.0459854817257516));
#3858=CARTESIAN_POINT('',(-0.0325804471981051,0.025381711517143,0.0459758766783186));
#3859=CARTESIAN_POINT('',(-0.0382129840281244,0.0226000223674302,0.0459626619333693));
#3860=CARTESIAN_POINT('',(-0.0418645094237596,0.0186322115960518,0.0459469820541808));
#3861=CARTESIAN_POINT('',(-0.0437994130223221,0.0137703127083281,0.0459326547003932));
#3862=CARTESIAN_POINT('',(-0.0447607839943945,0.00762634036750884,0.0459210918376021));
#3863=CARTESIAN_POINT('',(-0.044859523058181,0.00290237962773039,0.0459176038457087));
#3864=CARTESIAN_POINT('',(-0.0448593951364538,1.2146406095365E-7,0.0459176080699236));
#3865=CARTESIAN_POINT('',(1.30109070634912E-12,0.0348454695555525,0.0438500818803584));
#3866=CARTESIAN_POINT('',(-0.0075910537277308,0.0348460022551496,0.0438500661107723));
#3867=CARTESIAN_POINT('',(-0.0189507390581109,0.0347867783951003,0.0438434818264386));
#3868=CARTESIAN_POINT('',(-0.0321626838985489,0.0338853049388297,0.0438277520093514));
#3869=CARTESIAN_POINT('',(-0.041617144433799,0.0320209208300454,0.0438107741375671));
#3870=CARTESIAN_POINT('',(-0.0485672453744245,0.028593188616344,0.0437845620277628));
#3871=CARTESIAN_POINT('',(-0.0529279837869489,0.0236023009376961,0.0437469508731355));
#3872=CARTESIAN_POINT('',(-0.0551048214941203,0.0174374003173966,0.0437098201161292));
#3873=CARTESIAN_POINT('',(-0.0560767989981306,0.00963538831939197,0.0436800158922814));
#3874=CARTESIAN_POINT('',(-0.0561161776360791,0.00365321634188474,0.0436712589464248));
#3875=CARTESIAN_POINT('',(-0.0561160014926056,1.21464056039382E-7,0.0436712734707982));
#3876=CARTESIAN_POINT('',(1.50991106722806E-12,0.040297632930134,0.0405432250084707));
#3877=CARTESIAN_POINT('',(-0.00881154006467725,0.0402982758885366,0.0405432248270918));
#3878=CARTESIAN_POINT('',(-0.0219956475242768,0.040271725861684,0.0405314882259828));
#3879=CARTESIAN_POINT('',(-0.0373167757640077,0.0393178170306211,0.0405088225062412));
#3880=CARTESIAN_POINT('',(-0.0482709791805564,0.0372212594126526,0.0404964917702015));
#3881=CARTESIAN_POINT('',(-0.0563064646415112,0.033233846954534,0.040475779644715));
#3882=CARTESIAN_POINT('',(-0.061298713770218,0.0273715642053067,0.0404169966198633));
#3883=CARTESIAN_POINT('',(-0.0637280709044683,0.0201529839858199,0.0403494446538468));
#3884=CARTESIAN_POINT('',(-0.0647587839320261,0.0110739986103514,0.0402958493195088));
#3885=CARTESIAN_POINT('',(-0.0647679531052934,0.00417468229294846,0.0402806986458227));
#3886=CARTESIAN_POINT('',(-0.0647677665324739,1.21464058523503E-7,0.0402807323642901));
#3887=CARTESIAN_POINT('',(1.63416415053139E-12,0.0439631762988448,0.036368944348526));
#3888=CARTESIAN_POINT('',(-0.00953979140430163,0.0439638997586269,0.0363689790271082));
#3889=CARTESIAN_POINT('',(-0.0238342303613167,0.0439559875908668,0.0363525997041936));
#3890=CARTESIAN_POINT('',(-0.0404844896979525,0.0429622352842657,0.0363177164897154));
#3891=CARTESIAN_POINT('',(-0.0524291781138625,0.0407184023187404,0.0363005351885247));
#3892=CARTESIAN_POINT('',(-0.0612592617603142,0.0363471461567776,0.0363015282470145));
#3893=CARTESIAN_POINT('',(-0.0667574542924174,0.0298294481806404,0.0362444198867024));
#3894=CARTESIAN_POINT('',(-0.0693999084163954,0.0218601831462768,0.0361553672261154));
#3895=CARTESIAN_POINT('',(-0.0705035704869096,0.0119347048533305,0.0360865109226924));
#3896=CARTESIAN_POINT('',(-0.0705041709612853,0.00447267058391126,0.0360676516884575));
#3897=CARTESIAN_POINT('',(-0.0705040360918712,1.21464059366606E-7,0.0360677068849495));
#3898=CARTESIAN_POINT('',(1.69641537916334E-12,0.0459226582217413,0.0323428899254277));
#3899=CARTESIAN_POINT('',(-0.00989875914748819,0.0459234532263603,0.0323429352735325));
#3900=CARTESIAN_POINT('',(-0.0247488216388071,0.0459216750371226,0.0323252523007096));
#3901=CARTESIAN_POINT('',(-0.042079975764029,0.0448946500288772,0.0322810476212737));
#3902=CARTESIAN_POINT('',(-0.0545431205431437,0.0425629995121755,0.0322461340331621));
#3903=CARTESIAN_POINT('',(-0.0638197418389615,0.0379960793885463,0.0322360637873426));
#3904=CARTESIAN_POINT('',(-0.0696306584680131,0.0311077058080617,0.0321863432965413));
#3905=CARTESIAN_POINT('',(-0.0724006240477379,0.0227136645758738,0.032102224053307));
#3906=CARTESIAN_POINT('',(-0.0735535635334355,0.012340734543719,0.0320375337475799));
#3907=CARTESIAN_POINT('',(-0.0735536626804221,0.00460471580256747,0.0320196206687155));
#3908=CARTESIAN_POINT('',(-0.0735535822690868,1.21464057962927E-7,0.0320196604220721));
#3909=CARTESIAN_POINT('',(1.72592781997839E-12,0.0468899405199332,0.0289235791657771));
#3910=CARTESIAN_POINT('',(-0.0100699272770944,0.0468907816321282,0.0289236125810543));
#3911=CARTESIAN_POINT('',(-0.0251866537937711,0.0468889558465383,0.028907825459488));
#3912=CARTESIAN_POINT('',(-0.042847052929897,0.0458349005589448,0.0288649458032667));
#3913=CARTESIAN_POINT('',(-0.0555615014576015,0.0434460730926823,0.0288243664540371));
#3914=CARTESIAN_POINT('',(-0.0650545918525969,0.0387734699184567,0.0288008878385435));
#3915=CARTESIAN_POINT('',(-0.0710233977012411,0.0316993715696443,0.0287570985130899));
#3916=CARTESIAN_POINT('',(-0.0738589752408618,0.0230936852210251,0.0286908363563113));
#3917=CARTESIAN_POINT('',(-0.0750382470537764,0.012508550511542,0.0286390660941624));
#3918=CARTESIAN_POINT('',(-0.0750388159476957,0.00465426327045408,0.0286241420603127));
#3919=CARTESIAN_POINT('',(-0.075038756456925,1.21464059568132E-7,0.0286241510611712));
#3920=CARTESIAN_POINT('',(1.73822372012358E-12,0.0473151299246668,0.0263991991014127));
#3921=CARTESIAN_POINT('',(-0.0101434064644791,0.0473159925599333,0.0263992215365204));
#3922=CARTESIAN_POINT('',(-0.0253750932959027,0.047311946347351,0.0263864767273559));
#3923=CARTESIAN_POINT('',(-0.0431779666118869,0.0462388514618526,0.0263500205416205));
#3924=CARTESIAN_POINT('',(-0.056001174879704,0.0438159027127546,0.0263122893679926));
#3925=CARTESIAN_POINT('',(-0.0655861364548956,0.0390879695892443,0.0262846777334706));
#3926=CARTESIAN_POINT('',(-0.071621985519925,0.0319295338590748,0.0262504278500102));
#3927=CARTESIAN_POINT('',(-0.0744868646079797,0.0232322230898846,0.0262052895409091));
#3928=CARTESIAN_POINT('',(-0.0756781368202792,0.0125610729910094,0.0261692799082919));
#3929=CARTESIAN_POINT('',(-0.075678979453511,0.00466620346528085,0.0261583843158575));
#3930=CARTESIAN_POINT('',(-0.0756789235503639,1.21464057382741E-7,0.0261583696712347));
#3931=CARTESIAN_POINT('',(1.7444601271386E-12,0.0475065654603548,0.0244212206154496));
#3932=CARTESIAN_POINT('',(-0.0101775498877434,0.0475074378889549,0.0244212323148898));
#3933=CARTESIAN_POINT('',(-0.0254622769302294,0.0475004910499363,0.0244119537709836));
#3934=CARTESIAN_POINT('',(-0.0433299984788977,0.046412973398141,0.0243851517370109));
#3935=CARTESIAN_POINT('',(-0.0562018683534838,0.0439676964070181,0.0243566527035959));
#3936=CARTESIAN_POINT('',(-0.0658261638185105,0.0392078673148446,0.0243348511293684));
#3937=CARTESIAN_POINT('',(-0.071889656417112,0.0320085188897807,0.0243138234968364));
#3938=CARTESIAN_POINT('',(-0.0747666777117917,0.0232711202321302,0.02428753834734));
#3939=CARTESIAN_POINT('',(-0.0759624710052016,0.0125674948412129,0.0242653084215431));
#3940=CARTESIAN_POINT('',(-0.0759630877711029,0.00466372049134009,0.0242579405150878));
#3941=CARTESIAN_POINT('',(-0.0759630306383328,1.21464058075991E-7,0.0242579113531418));
#3942=CARTESIAN_POINT('',(1.74664573782878E-12,0.0475783334837257,0.0230267410278909));
#3943=CARTESIAN_POINT('',(-0.0101882594526561,0.0475792091506661,0.0230267510957751));
#3944=CARTESIAN_POINT('',(-0.0254903606834987,0.047569670720337,0.0230203689028769));
#3945=CARTESIAN_POINT('',(-0.0433807096857181,0.0464722499532987,0.0230005378031388));
#3946=CARTESIAN_POINT('',(-0.0562705999503068,0.0440133443263712,0.0229776896300702));
#3947=CARTESIAN_POINT('',(-0.0659098970626836,0.0392364976407436,0.0229583270821491));
#3948=CARTESIAN_POINT('',(-0.0719848548066715,0.0320197060043167,0.0229490131522174));
#3949=CARTESIAN_POINT('',(-0.0748683958443795,0.0232679861449462,0.0229422929656887));
#3950=CARTESIAN_POINT('',(-0.0760673854248382,0.0125568797174555,0.0229355959056781));
#3951=CARTESIAN_POINT('',(-0.0760683533297012,0.00465687144347888,0.0229326884473639));
#3952=CARTESIAN_POINT('',(-0.0760682942158234,1.21464058759714E-7,0.0229326467881381));
#3953=CARTESIAN_POINT('',(1.74571251534524E-12,0.0476004059457834,0.021971139348703));
#3954=CARTESIAN_POINT('',(-0.010187608723616,0.0476012825535971,0.0219711480873035));
#3955=CARTESIAN_POINT('',(-0.025490304758744,0.0475894792548312,0.0219673170631515));
#3956=CARTESIAN_POINT('',(-0.0433844764041008,0.0464846100780645,0.0219544556361164));
#3957=CARTESIAN_POINT('',(-0.0562796451717993,0.0440163701691783,0.0219386354353763));
#3958=CARTESIAN_POINT('',(-0.0659247805057189,0.0392293161740829,0.0219251954519832));
#3959=CARTESIAN_POINT('',(-0.0720058705265782,0.0320052161280668,0.0219271916095517));
#3960=CARTESIAN_POINT('',(-0.0748952096457034,0.0232499174180413,0.0219356150696337));
#3961=CARTESIAN_POINT('',(-0.0760984003972048,0.0125410714035202,0.0219408739187083));
#3962=CARTESIAN_POINT('',(-0.0761005156496136,0.00464906891830337,0.0219414241139926));
#3963=CARTESIAN_POINT('',(-0.0761004546601682,1.21464058957299E-7,0.0219413750630509));
#3964=CARTESIAN_POINT('',(1.74433310022722E-12,0.047600880641462,0.021204989825398));
#3965=CARTESIAN_POINT('',(-0.0101831210446841,0.0476017570993932,0.0212049975711829));
#3966=CARTESIAN_POINT('',(-0.0254804578893499,0.0475881529615658,0.0212030519809307));
#3967=CARTESIAN_POINT('',(-0.0433711778699132,0.0464778437535452,0.0211950127780575));
#3968=CARTESIAN_POINT('',(-0.0562661570322834,0.0440031793760621,0.0211835704237994));
#3969=CARTESIAN_POINT('',(-0.065912545179666,0.0392098653014027,0.02117308412073));
#3970=CARTESIAN_POINT('',(-0.0719965749757831,0.0319835931181323,0.0211832494367205));
#3971=CARTESIAN_POINT('',(-0.0748906254180131,0.0232294043295383,0.0212039857390722));
#3972=CARTESIAN_POINT('',(-0.0760977545885189,0.0125260115854463,0.0212190395480357));
#3973=CARTESIAN_POINT('',(-0.0761011138965611,0.00464222087780092,0.0212224145655595));
#3974=CARTESIAN_POINT('',(-0.0761010507246511,1.21464059368415E-7,0.0212223585482786));
#3975=CARTESIAN_POINT('',(1.74238008492064E-12,0.0475884528391191,0.0203806041696683));
#3976=CARTESIAN_POINT('',(-0.0101746415971776,0.0475893286007325,0.0203806116709601));
#3977=CARTESIAN_POINT('',(-0.0254609988006209,0.0475736538381138,0.0203811190177755));
#3978=CARTESIAN_POINT('',(-0.0433425902393351,0.0464575857988884,0.0203807839859102));
#3979=CARTESIAN_POINT('',(-0.0562341280097014,0.0439766650849345,0.0203786518812921));
#3980=CARTESIAN_POINT('',(-0.0658804764211859,0.039178096004804,0.0203787522670016));
#3981=CARTESIAN_POINT('',(-0.0719673770231528,0.0319511793775854,0.0204011077385807));
#3982=CARTESIAN_POINT('',(-0.0748665026248073,0.0232005837057056,0.0204336394160932));
#3983=CARTESIAN_POINT('',(-0.0760783372495266,0.0125062930803697,0.0204579946639224));
#3984=CARTESIAN_POINT('',(-0.0760833510303761,0.00463362698189955,0.0204641363773264));
#3985=CARTESIAN_POINT('',(-0.0760832868454854,1.21464060259826E-7,0.0204640781939812));
#3986=CARTESIAN_POINT('',(1.74109430838671E-12,0.0475813929197231,0.0198207116994129));
#3987=CARTESIAN_POINT('',(-0.0101691588459044,0.0475822683417465,0.0198207193814171));
#3988=CARTESIAN_POINT('',(-0.0254484671396262,0.0475652034327677,0.0198230371528553));
#3989=CARTESIAN_POINT('',(-0.0433243462028708,0.0464452792452816,0.019828966820445));
#3990=CARTESIAN_POINT('',(-0.0562139364710745,0.0439602189704466,0.0198351654782169));
#3991=CARTESIAN_POINT('',(-0.0658608989963553,0.0391581726464948,0.0198457617614885));
#3992=CARTESIAN_POINT('',(-0.0719501929725913,0.0319301947279785,0.0198776800779918));
#3993=CARTESIAN_POINT('',(-0.0748525195425674,0.0231814529110188,0.0199171527782499));
#3994=CARTESIAN_POINT('',(-0.0760673294558638,0.0124930247074309,0.0199469190619913));
#3995=CARTESIAN_POINT('',(-0.0760734070132308,0.00462780659434827,0.0199547142119967));
#3996=CARTESIAN_POINT('',(-0.0760733429628507,1.21464060870383E-7,0.0199546572106112));
#3997=CARTESIAN_POINT('',(1.74019598535377E-12,0.0475760001095639,0.0194426340256273));
#3998=CARTESIAN_POINT('',(-0.0101653314876848,0.0475768752423804,0.0194426416724884));
#3999=CARTESIAN_POINT('',(-0.025439695133393,0.0475588642705476,0.0194461165063196));
#4000=CARTESIAN_POINT('',(-0.0433114960630962,0.046436311075287,0.0194558088404672));
#4001=CARTESIAN_POINT('',(-0.0561995942351918,0.0439484057404178,0.0194667234935526));
#4002=CARTESIAN_POINT('',(-0.0658466809844238,0.0391439703064418,0.0194829096227568));
#4003=CARTESIAN_POINT('',(-0.071937390405576,0.0319155576362836,0.0195207038483123));
#4004=CARTESIAN_POINT('',(-0.0748419893779121,0.0231683341068283,0.0195653483289409));
#4005=CARTESIAN_POINT('',(-0.0760589086413583,0.0124840096374186,0.0195991790316081));
#4006=CARTESIAN_POINT('',(-0.0760657317351642,0.00462386923574813,0.0196081929206315));
#4007=CARTESIAN_POINT('',(-0.07606566740218,1.21464061267157E-7,0.019608135515549));
#4008=CARTESIAN_POINT('',(7.22420474136287E-12,0.0030021035533437,0.0475982975431764));
#4009=CARTESIAN_POINT('',(-0.00358114041339603,0.00300245707382167,0.047598296767757));
#4010=CARTESIAN_POINT('',(-0.00641228559306123,0.00300272743839014,0.0475941389913241));
#4011=CARTESIAN_POINT('',(-0.00849343553177137,0.00300291464704914,0.0475858242138776));
#4012=CARTESIAN_POINT('',(7.59469984911458E-11,0.00300209370678927,0.04759829748169));
#4013=CARTESIAN_POINT('',(-3.11018922628732E-14,0.00300209370698321,0.0475982975934105));
#4014=CARTESIAN_POINT('',(-9.36129651779902E-14,0.00890435108469493,0.0475880506616475));
#4015=CARTESIAN_POINT('',(-2.71238932668949E-13,0.0205302921282822,0.0474453800352269));
#4016=CARTESIAN_POINT('',(-4.9844963551532E-13,0.0328904030752158,0.0450073501664759));
#4017=CARTESIAN_POINT('',(-6.16142014383353E-13,0.0405062631986839,0.0404303576638178));
#4018=CARTESIAN_POINT('',(-6.64477603933435E-13,0.0440540729605373,0.0362379233323143));
#4019=CARTESIAN_POINT('',(-6.89665305927122E-13,0.0460125288342423,0.0320416339384959));
#4020=CARTESIAN_POINT('',(-7.02695712705815E-13,0.0470267350626117,0.0284732037731924));
#4021=CARTESIAN_POINT('',(-7.07272176660709E-13,0.0474808604240844,0.0251423234630921));
#4022=CARTESIAN_POINT('',(-7.10099701173416E-13,0.0476161006158287,0.0222610894048459));
#4023=CARTESIAN_POINT('',(-7.07778731684051E-13,0.0475938324251625,0.0207426480391073));
#4024=CARTESIAN_POINT('',(-7.0653952577035E-13,0.0475836451484552,0.0199999737535254));
#4025=CARTESIAN_POINT('',(-3.53480226378825E-13,0.0475836451485512,0.0199999737535248));
#4026=CARTESIAN_POINT('',(-0.0760740077821698,1.21464060817273E-7,0.0199999738886262));
#4027=CARTESIAN_POINT('',(-0.0760740077821631,0.00451740125142796,0.0199999738886247));
#4028=CARTESIAN_POINT('',(-0.0760860653601473,0.0113046617897896,0.0199982964580239));
#4029=CARTESIAN_POINT('',(-0.0752136988086211,0.0203001523621542,0.0199900626221174));
#4030=CARTESIAN_POINT('',(-0.073716625978053,0.0269595621139826,0.0199807615335071));
#4031=CARTESIAN_POINT('',(-0.0714121789064462,0.0320495104870832,0.0199724280617767));
#4032=CARTESIAN_POINT('',(-0.0686854261577025,0.035691177899067,0.0199684556647949));
#4033=CARTESIAN_POINT('',(-0.0654612235149011,0.0388561187519834,0.0199672474515552));
#4034=CARTESIAN_POINT('',(-0.0605865161980872,0.0418828417808554,0.0199707158810033));
#4035=CARTESIAN_POINT('',(-0.0541761255737943,0.0441726660630784,0.0199775099280501));
#4036=CARTESIAN_POINT('',(-0.0475201665974822,0.0456073417348398,0.0199837244109417));
#4037=CARTESIAN_POINT('',(-0.0385267746213731,0.0467840535157424,0.0199905581329023));
#4038=CARTESIAN_POINT('',(-0.0272014314524383,0.0473955515394128,0.0199960984966246));
#4039=CARTESIAN_POINT('',(-0.0136017027406227,0.0475846573925183,0.0199993911212848));
#4040=CARTESIAN_POINT('',(-0.00453379912813873,0.0475836451486414,0.0199999737535214));
#4041=CARTESIAN_POINT('',(-8.809027834156E-14,0.0475836451486472,0.0199999737535241));
#4042=CARTESIAN_POINT('',(-0.0760740077624706,1.21464069178875E-7,0.0199999738888324));
#4043=CARTESIAN_POINT('',(-0.0567718844112348,1.21464057294431E-7,0.0431502401684888));
#4044=CARTESIAN_POINT('',(-0.0599820882099143,1.21464057348166E-7,0.0421698172683623));
#4045=CARTESIAN_POINT('',(-0.065742858356046,1.21464058740703E-7,0.0397867020589102));
#4046=CARTESIAN_POINT('',(-0.0710021921764853,1.21464058997096E-7,0.0355553302852314));
#4047=CARTESIAN_POINT('',(-0.0738737340412989,1.21464058371167E-7,0.0313824999963371));
#4048=CARTESIAN_POINT('',(-0.0753301526147999,1.21464058985441E-7,0.0278908453194191));
#4049=CARTESIAN_POINT('',(-0.0759553835831997,1.21464057653733E-7,0.0247086216458466));
#4050=CARTESIAN_POINT('',(-0.076102822520724,1.2146405875735E-7,0.0223782884410174));
#4051=CARTESIAN_POINT('',(-0.0760992787635236,1.21464059544285E-7,0.0209870004350421));
#4052=CARTESIAN_POINT('',(-0.0760810654495653,1.21464060412231E-7,0.0203315492980693));
#4053=CARTESIAN_POINT('',(-0.0760740077821697,1.21464060805326E-7,0.0199999738886228));
#4054=CARTESIAN_POINT('',(-2.65258099969107E-14,0.00257615458214101,0.0475989335260939));
#4055=CARTESIAN_POINT('',(0.00033099195573694,0.00257615838989261,0.0475989335259831));
#4056=CARTESIAN_POINT('',(0.000879870628382479,0.00253750239723055,0.0475989393906612));
#4057=CARTESIAN_POINT('',(0.00163760123675783,0.00238680867146183,0.0475989588671365));
#4058=CARTESIAN_POINT('',(0.0022855844594968,0.00216902997760061,0.0475989837822212));
#4059=CARTESIAN_POINT('',(0.00287878469349167,0.00185877582672282,0.0475990139217089));
#4060=CARTESIAN_POINT('',(0.00336467298012611,0.00147732857173702,0.0475990440522769));
#4061=CARTESIAN_POINT('',(0.00370891819228701,0.00105872323261484,0.0475990689453848));
#4062=CARTESIAN_POINT('',(0.00394954313435537,0.000568381630069846,0.0475990883950278));
#4063=CARTESIAN_POINT('',(0.00401240310678018,0.000213478305042071,0.0475990942482638));
#4064=CARTESIAN_POINT('',(0.0040124017579538,1.21464070676602E-7,0.0475990942481951));
#4065=CARTESIAN_POINT('',(-8.20208688685369E-14,0.00856518545908968,0.0475900461287976));
#4066=CARTESIAN_POINT('',(0.00118131569958354,0.00856520509251956,0.0475900460354065));
#4067=CARTESIAN_POINT('',(0.00310758908310112,0.00844678809677245,0.0475900524587783));
#4068=CARTESIAN_POINT('',(0.00570171314392081,0.00797209869603478,0.0475901847165042));
#4069=CARTESIAN_POINT('',(0.0078719740477133,0.00727469052636469,0.0475904316504611));
#4070=CARTESIAN_POINT('',(0.00981497687737704,0.00626438182991888,0.0475906472017246));
#4071=CARTESIAN_POINT('',(0.0113730331525339,0.00500399112866671,0.0475906622181194));
#4072=CARTESIAN_POINT('',(0.0124544878371912,0.00360293832292462,0.0475905942528925));
#4073=CARTESIAN_POINT('',(0.0131971450509448,0.00194454564051075,0.047590537479078));
#4074=CARTESIAN_POINT('',(0.0133860386235703,0.000732375586347657,0.0475905284260282));
#4075=CARTESIAN_POINT('',(0.0133860314411506,1.21464057790192E-7,0.0475905286134498));
#4076=CARTESIAN_POINT('',(-2.23693285741916E-13,0.0174214111560793,0.0475012964326432));
#4077=CARTESIAN_POINT('',(0.00320054596311386,0.0174215597842952,0.0475012970513779));
#4078=CARTESIAN_POINT('',(0.00812193197792456,0.0172819618587476,0.0475013651431105));
#4079=CARTESIAN_POINT('',(0.0141461250613067,0.0165754610559826,0.0475012753016717));
#4080=CARTESIAN_POINT('',(0.0187263132325754,0.0154173429577071,0.047500976774718));
#4081=CARTESIAN_POINT('',(0.0223979590423742,0.0135698820089087,0.0475008793328369));
#4082=CARTESIAN_POINT('',(0.0250079898167108,0.0110804736571206,0.0475013364743927));
#4083=CARTESIAN_POINT('',(0.0265911157693128,0.00813527323030644,0.0475019581417419));
#4084=CARTESIAN_POINT('',(0.0275395173474195,0.00448458082218911,0.0475024652824529));
#4085=CARTESIAN_POINT('',(0.0277259396188345,0.00170784230101465,0.0475025974220239));
#4086=CARTESIAN_POINT('',(0.0277258884530028,1.21464056136809E-7,0.0475025967413558));
#4087=CARTESIAN_POINT('',(-4.08242027242932E-13,0.0279017549221798,0.045995863175287));
#4088=CARTESIAN_POINT('',(0.00587001790625372,0.0279021312695774,0.0459958543877685));
#4089=CARTESIAN_POINT('',(0.014697603286106,0.0278028293161158,0.0459931812830929));
#4090=CARTESIAN_POINT('',(0.0250670092504258,0.0269664242991929,0.0459854817251387));
#4091=CARTESIAN_POINT('',(0.0325804472024095,0.0253817115200687,0.0459758766777021));
#4092=CARTESIAN_POINT('',(0.038212984032937,0.0226000223700642,0.0459626619327479));
#4093=CARTESIAN_POINT('',(0.0418645094288297,0.018632211598239,0.0459469820535527));
#4094=CARTESIAN_POINT('',(0.043799413027466,0.0137703127099487,0.0459326546997587));
#4095=CARTESIAN_POINT('',(0.0447607839995232,0.00762634036840438,0.0459210918369625));
#4096=CARTESIAN_POINT('',(0.0448595230632803,0.00290237962806849,0.0459176038450677));
#4097=CARTESIAN_POINT('',(0.0448593951415529,1.2146406077211E-7,0.0459176080692826));
#4098=CARTESIAN_POINT('',(-5.28400627185618E-13,0.0348454695591366,0.0438500818788953));
#4099=CARTESIAN_POINT('',(0.00759105372925915,0.0348460022587317,0.0438500661093095));
#4100=CARTESIAN_POINT('',(0.0189507390607545,0.0347867783986912,0.043843481824973));
#4101=CARTESIAN_POINT('',(0.0321626839024512,0.0338853049423593,0.0438277520078816));
#4102=CARTESIAN_POINT('',(0.0416171444385669,0.0320209208334002,0.0438107741360945));
#4103=CARTESIAN_POINT('',(0.0485672453797853,0.0285931886193354,0.0437845620262831));
#4104=CARTESIAN_POINT('',(0.0529279837926303,0.0236023009401427,0.043746950871642));
#4105=CARTESIAN_POINT('',(0.0551048214999095,0.017437400319177,0.043709820114621));
#4106=CARTESIAN_POINT('',(0.0560767990039227,0.00963538832035029,0.0436800158907613));
#4107=CARTESIAN_POINT('',(0.0561161776418435,0.00365321634223786,0.0436712589449015));
#4108=CARTESIAN_POINT('',(0.05611600149837,1.21464055815173E-7,0.0436712734692749));
#4109=CARTESIAN_POINT('',(-6.12938017043451E-13,0.0402976329337074,0.0405432250056724));
#4110=CARTESIAN_POINT('',(0.00881154006621187,0.0402982758921097,0.0405432248242913));
#4111=CARTESIAN_POINT('',(0.0219956475267732,0.0402717258652637,0.0405314882231779));
#4112=CARTESIAN_POINT('',(0.0373167757676349,0.0393178170341333,0.0405088225034307));
#4113=CARTESIAN_POINT('',(0.0482709791850074,0.0372212594159829,0.0404964917673987));
#4114=CARTESIAN_POINT('',(0.0563064646465833,0.0332338469574616,0.0404757796419279));
#4115=CARTESIAN_POINT('',(0.0612987137756602,0.027371564207633,0.0404169966170648));
#4116=CARTESIAN_POINT('',(0.0637280709100616,0.0201529839874589,0.0403494446510246));
#4117=CARTESIAN_POINT('',(0.0647587839376594,0.0110739986111952,0.0402958493166691));
#4118=CARTESIAN_POINT('',(0.0647679531109124,0.00417468229324728,0.0402806986429785));
#4119=CARTESIAN_POINT('',(0.064767766538093,1.21464058295908E-7,0.0402807323614462));
#4120=CARTESIAN_POINT('',(-6.63244424508085E-13,0.0439631763018986,0.036368944344082));
#4121=CARTESIAN_POINT('',(0.00953979140572672,0.04396389976168,0.0363689790226688));
#4122=CARTESIAN_POINT('',(0.0238342303634429,0.0439559875939198,0.0363525996997491));
#4123=CARTESIAN_POINT('',(0.0404844897009344,0.0429622352872448,0.0363177164852573));
#4124=CARTESIAN_POINT('',(0.0524291781174984,0.0407184023215623,0.036300535184048));
#4125=CARTESIAN_POINT('',(0.0612592617645127,0.0363471461592646,0.0363015282425458));
#4126=CARTESIAN_POINT('',(0.0667574542969918,0.0298294481825566,0.0362444198822428));
#4127=CARTESIAN_POINT('',(0.0693999084211179,0.0218601831475672,0.0361553672216465));
#4128=CARTESIAN_POINT('',(0.0705035704916832,0.0119347048539545,0.0360865109182171));
#4129=CARTESIAN_POINT('',(0.0705041709660544,0.00447267058411921,0.036067651683981));
#4130=CARTESIAN_POINT('',(0.0705040360966401,1.21464059011798E-7,0.0360677068804721));
#4131=CARTESIAN_POINT('',(-6.88637373030432E-13,0.0459226582240662,0.0323428899195085));
#4132=CARTESIAN_POINT('',(0.0098987591487791,0.045923453228687,0.0323429352676053));
#4133=CARTESIAN_POINT('',(0.0247488216405442,0.0459216750394384,0.0323252522947823));
#4134=CARTESIAN_POINT('',(0.042079975766329,0.0448946500311073,0.0322810476153377));
#4135=CARTESIAN_POINT('',(0.0545431205458851,0.0425629995142534,0.0322461340272078));
#4136=CARTESIAN_POINT('',(0.0638197418421062,0.037996079390359,0.0322360637813646));
#4137=CARTESIAN_POINT('',(0.0696306584714554,0.0311077058094286,0.0321863432905699));
#4138=CARTESIAN_POINT('',(0.0724006240512963,0.0227136645767518,0.0321022240473512));
#4139=CARTESIAN_POINT('',(0.0735535635370406,0.0123407345441123,0.0320375337416371));
#4140=CARTESIAN_POINT('',(0.0735536626840284,0.0046047158026874,0.0320196206627753));
#4141=CARTESIAN_POINT('',(0.0735535822726937,1.21464057780977E-7,0.0320196604161329));
#4142=CARTESIAN_POINT('',(-7.00679353946379E-13,0.0468899405215628,0.0289235791586189));
#4143=CARTESIAN_POINT('',(0.0100699272782732,0.0468907816337564,0.0289236125738919));
#4144=CARTESIAN_POINT('',(0.0251866537951957,0.0468889558481496,0.028907825452333));
#4145=CARTESIAN_POINT('',(0.0428470529316342,0.0458349005604623,0.0288649457961207));
#4146=CARTESIAN_POINT('',(0.0555615014595861,0.0434460730940528,0.0288243664468817));
#4147=CARTESIAN_POINT('',(0.0650545918548106,0.0387734699196078,0.02880088783136));
#4148=CARTESIAN_POINT('',(0.07102339770363,0.031699371570474,0.0287570985059241));
#4149=CARTESIAN_POINT('',(0.0738589752433165,0.0230936852215236,0.0286908363492002));
#4150=CARTESIAN_POINT('',(0.0750382470562548,0.0125085505117336,0.0286390660870893));
#4151=CARTESIAN_POINT('',(0.0750388159501739,0.00465426327050009,0.0286241420532493));
#4152=CARTESIAN_POINT('',(0.0750387564594022,1.21464059043491E-7,0.0286241510541056));
#4153=CARTESIAN_POINT('',(-7.06026880747372E-13,0.0473151299257557,0.026399199093355));
#4154=CARTESIAN_POINT('',(0.0101434064655611,0.0473159925610249,0.0263992215284655));
#4155=CARTESIAN_POINT('',(0.0253750932970698,0.047311946348416,0.0263864767193096));
#4156=CARTESIAN_POINT('',(0.0431779666131754,0.0462388514628191,0.0263500205336028));
#4157=CARTESIAN_POINT('',(0.0560011748810971,0.0438159027135826,0.0263122893600047));
#4158=CARTESIAN_POINT('',(0.0655861364563913,0.039087969589886,0.0262846777254914));
#4159=CARTESIAN_POINT('',(0.0716219855215003,0.0319295338594922,0.0262504278420679));
#4160=CARTESIAN_POINT('',(0.0744868646095902,0.0232322230900903,0.0262052895330297));
#4161=CARTESIAN_POINT('',(0.0756781368219066,0.0125610729910494,0.0261692799004613));
#4162=CARTESIAN_POINT('',(0.0756789794551399,0.00466620346527328,0.0261583843080397));
#4163=CARTESIAN_POINT('',(0.0756789235519942,1.2146405740698E-7,0.0261583696634195));
#4164=CARTESIAN_POINT('',(-7.07953103740598E-13,0.0475065654610129,0.0244212206066944));
#4165=CARTESIAN_POINT('',(0.0101775498887655,0.047507437889609,0.0244212323061283));
#4166=CARTESIAN_POINT('',(0.0254622769312352,0.0475004910505635,0.0244119537622428));
#4167=CARTESIAN_POINT('',(0.043329998479886,0.046412973398666,0.0243851517283151));
#4168=CARTESIAN_POINT('',(0.0562018683544637,0.0439676964074119,0.024356652694927));
#4169=CARTESIAN_POINT('',(0.0658261638194917,0.0392078673150847,0.024334851120714));
#4170=CARTESIAN_POINT('',(0.0718896564180993,0.0320085188898668,0.0243138234882532));
#4171=CARTESIAN_POINT('',(0.0747666777127731,0.0232711202321079,0.0242875383388715));
#4172=CARTESIAN_POINT('',(0.0759624710061741,0.012567494841134,0.0242653084131564));
#4173=CARTESIAN_POINT('',(0.0759630877720726,0.00466372049128979,0.0242579405067222));
#4174=CARTESIAN_POINT('',(0.0759630306392998,1.21464057150394E-7,0.0242579113447706));
#4175=CARTESIAN_POINT('',(-7.09247703369538E-13,0.0475783334840728,0.0230267410186359));
#4176=CARTESIAN_POINT('',(0.0101882594535919,0.0475792091510095,0.0230267510865328));
#4177=CARTESIAN_POINT('',(0.0254903606842903,0.0475696707206472,0.023020368893642));
#4178=CARTESIAN_POINT('',(0.0433807096863617,0.0464722499535044,0.0230005377939616));
#4179=CARTESIAN_POINT('',(0.0562705999508581,0.0440133443264472,0.0229776896209411));
#4180=CARTESIAN_POINT('',(0.0659098970631835,0.0392364976406912,0.0229583270730511));
#4181=CARTESIAN_POINT('',(0.0719848548071501,0.0320197060041672,0.0229490131432079));
#4182=CARTESIAN_POINT('',(0.0748683958448713,0.0232679861447585,0.022942292956803));
#4183=CARTESIAN_POINT('',(0.0760673854253391,0.0125568797172938,0.022935595896903));
#4184=CARTESIAN_POINT('',(0.0760683533302096,0.00465687144340008,0.0229326884386182));
#4185=CARTESIAN_POINT('',(0.0760682942163281,1.21464058007806E-7,0.0229326467793934));
#4186=CARTESIAN_POINT('',(-7.09199194899281E-13,0.0476004059458918,0.0219711393390854));
#4187=CARTESIAN_POINT('',(0.0101876087244872,0.0476012825537091,0.021971148077694));
#4188=CARTESIAN_POINT('',(0.0254903047593783,0.0475894792548988,0.0219673170535533));
#4189=CARTESIAN_POINT('',(0.0433844764044888,0.046484610078028,0.0219544556265845));
#4190=CARTESIAN_POINT('',(0.0562796451720376,0.044016370169016,0.0219386354259111));
#4191=CARTESIAN_POINT('',(0.0659247805058642,0.0392293161738125,0.0219251954425674));
#4192=CARTESIAN_POINT('',(0.072005870526682,0.0320052161277396,0.0219271916002497));
#4193=CARTESIAN_POINT('',(0.0748952096458254,0.0232499174177268,0.0219356150604666));
#4194=CARTESIAN_POINT('',(0.0760984003973497,0.0125410714032944,0.021940873909656));
#4195=CARTESIAN_POINT('',(0.0761005156497744,0.00464906891820253,0.0219414241049728));
#4196=CARTESIAN_POINT('',(0.076100454660328,1.21464058690283E-7,0.0219413750540305));
#4197=CARTESIAN_POINT('',(-7.08543119252867E-13,0.0476008806413939,0.0212049898155083));
#4198=CARTESIAN_POINT('',(0.0101831210455069,0.0476017570993317,0.0212049975612893));
#4199=CARTESIAN_POINT('',(0.025480457889871,0.047588152961454,0.021203051971058));
#4200=CARTESIAN_POINT('',(0.0433711778701118,0.0464778437533288,0.0211950127682589));
#4201=CARTESIAN_POINT('',(0.0562661570322926,0.0440031793757213,0.0211835704140758));
#4202=CARTESIAN_POINT('',(0.065912545179545,0.0392098653009659,0.0211730841110623));
#4203=CARTESIAN_POINT('',(0.0719965749756107,0.0319835931176692,0.0211832494271908));
#4204=CARTESIAN_POINT('',(0.0748906254178587,0.0232294043291345,0.0212039857296872));
#4205=CARTESIAN_POINT('',(0.0760977545883985,0.0125260115851741,0.0212190395387631));
#4206=CARTESIAN_POINT('',(0.0761011138964628,0.0046422208776834,0.0212224145563214));
#4207=CARTESIAN_POINT('',(0.0761010507245509,1.21464058718826E-7,0.0212223585390357));
#4208=CARTESIAN_POINT('',(-7.07156483491845E-13,0.0475884528388683,0.0203806041595113));
#4209=CARTESIAN_POINT('',(0.0101746415979488,0.0475893286004872,0.0203806116607894));
#4210=CARTESIAN_POINT('',(0.0254609988010268,0.0475736538378153,0.0203811190076335));
#4211=CARTESIAN_POINT('',(0.0433425902393334,0.0464575857984867,0.0203807839758592));
#4212=CARTESIAN_POINT('',(0.0562341280094718,0.0439766650844103,0.0203786518713288));
#4213=CARTESIAN_POINT('',(0.0658804764207865,0.0391780960041986,0.0203787522571177));
#4214=CARTESIAN_POINT('',(0.0719673770227049,0.0319511793769808,0.0204011077288542));
#4215=CARTESIAN_POINT('',(0.0748665026243721,0.0232005837052164,0.0204336394065213));
#4216=CARTESIAN_POINT('',(0.0760783372491335,0.0125062930800497,0.020457994654458));
#4217=CARTESIAN_POINT('',(0.0760833510300119,0.00463362698176362,0.0204641363678964));
#4218=CARTESIAN_POINT('',(0.076083286845114,1.21464057998966E-7,0.0204640781845498));
#4219=CARTESIAN_POINT('',(-7.06251393093645E-13,0.047581392919351,0.0198207116890414));
#4220=CARTESIAN_POINT('',(0.0101691588466409,0.0475822683413794,0.0198207193710278));
#4221=CARTESIAN_POINT('',(0.0254484671399545,0.0475652034323456,0.0198230371424966));
#4222=CARTESIAN_POINT('',(0.0433243462027342,0.0464452792447565,0.0198289668101866));
#4223=CARTESIAN_POINT('',(0.0562139364706848,0.0439602189698012,0.019835165468047));
#4224=CARTESIAN_POINT('',(0.0658608989957704,0.0391581726457794,0.0198457617514099));
#4225=CARTESIAN_POINT('',(0.0719501929719614,0.0319301947272808,0.0198776800680708));
#4226=CARTESIAN_POINT('',(0.074852519541947,0.0231814529104724,0.0199171527684978));
#4227=CARTESIAN_POINT('',(0.076067329455292,0.012493024707079,0.0199469190523475));
#4228=CARTESIAN_POINT('',(0.0760734070126918,0.00462780659419999,0.019954714202388));
#4229=CARTESIAN_POINT('',(0.0760733429623015,1.21464057613347E-7,0.0199546572010089));
#4230=CARTESIAN_POINT('',(-7.05612218509168E-13,0.0475760001091086,0.019442634015126));
#4231=CARTESIAN_POINT('',(0.0101653314883977,0.0475768752419298,0.0194426416619663));
#4232=CARTESIAN_POINT('',(0.0254396951336685,0.0475588642700404,0.0194461164958298));
#4233=CARTESIAN_POINT('',(0.0433114960628681,0.0464363110746776,0.0194558088300858));
#4234=CARTESIAN_POINT('',(0.0561995942346927,0.043948405739689,0.0194667234832633));
#4235=CARTESIAN_POINT('',(0.0658466809837121,0.0391439703056501,0.0194829096125675));
#4236=CARTESIAN_POINT('',(0.0719373904048209,0.0319155576355218,0.0195207038382885));
#4237=CARTESIAN_POINT('',(0.074841989377164,0.023168334106243,0.01956534831909));
#4238=CARTESIAN_POINT('',(0.0760589086406629,0.0124840096370449,0.0195991790218664));
#4239=CARTESIAN_POINT('',(0.0760657317345045,0.00462386923559145,0.0196081929109239));
#4240=CARTESIAN_POINT('',(0.0760656674015078,1.2146405728843E-7,0.0196081355058506));
#4241=CARTESIAN_POINT('',(0.0524197739828828,1.21464058392908E-7,0.0443086118463028));
#4242=CARTESIAN_POINT('',(0.0562806686052019,1.2146405913018E-7,0.0434169186057544));
#4243=CARTESIAN_POINT('',(0.0632597374260137,1.21464057970381E-7,0.0411574252988376));
#4244=CARTESIAN_POINT('',(0.0697111545188573,1.21464057648178E-7,0.036864875395168));
#4245=CARTESIAN_POINT('',(0.07327530630199,1.21464057954633E-7,0.0324552114800163));
#4246=CARTESIAN_POINT('',(0.0751028212023011,1.21464057476534E-7,0.0286868433262381));
#4247=CARTESIAN_POINT('',(0.0758970165203709,1.21464060234971E-7,0.0252121817973378));
#4248=CARTESIAN_POINT('',(0.0761273099948656,1.21464057547806E-7,0.022257371461077));
#4249=CARTESIAN_POINT('',(0.0760896517527103,1.214640577062E-7,0.0207349417596124));
#4250=CARTESIAN_POINT('',(0.0760740077425669,1.21464057903711E-7,0.0199999738797479));
#4251=CARTESIAN_POINT('',(0.0760740077621044,1.21464116073683E-7,0.0199999738832495));
#4252=CARTESIAN_POINT('',(0.0760740077816597,1.21464072989289E-7,0.0199999738801639));
#4253=CARTESIAN_POINT('',(0.0760740077816631,0.0045175157518854,0.0199999738801641));
#4254=CARTESIAN_POINT('',(0.0760862435716012,0.0113029188517639,0.0199982981826983));
#4255=CARTESIAN_POINT('',(0.075213436876281,0.020302470106047,0.0199900600650558));
#4256=CARTESIAN_POINT('',(0.0737161644787403,0.0269600258754238,0.0199807606476512));
#4257=CARTESIAN_POINT('',(0.0714133342174745,0.0320476789007069,0.01997243051429));
#4258=CARTESIAN_POINT('',(0.0686856661900121,0.0356909108716672,0.0199684558433339));
#4259=CARTESIAN_POINT('',(0.065462904175164,0.0388546674560916,0.0199672474340999));
#4260=CARTESIAN_POINT('',(0.0605876935371551,0.0418824065156287,0.0199707143389596));
#4261=CARTESIAN_POINT('',(0.0541775713627536,0.0441722403628005,0.0199775085264798));
#4262=CARTESIAN_POINT('',(0.0475212847731583,0.0456071751499541,0.0199837234370824));
#4263=CARTESIAN_POINT('',(0.0385276396480875,0.0467839850963355,0.0199905576310912));
#4264=CARTESIAN_POINT('',(0.0272019703229376,0.0473955441037343,0.0199960983185856));
#4265=CARTESIAN_POINT('',(0.0136018161521438,0.0475846575331835,0.0199993911119649));
#4266=CARTESIAN_POINT('',(0.00453385081857532,0.0475836451484522,0.019999973753524));
#4267=CARTESIAN_POINT('',(-8.86681540619695E-14,0.0475836451484552,0.0199999737535249));
#4268=CARTESIAN_POINT('',(0.0128849184869808,0.00300341381894767,0.0475580157464163));
#4269=CARTESIAN_POINT('',(0.0123247083457097,0.00300336656671791,0.0475630843036067));
#4270=CARTESIAN_POINT('',(0.0111500088910721,0.00300326408015672,0.0475722421678164));
#4271=CARTESIAN_POINT('',(0.00954586758339102,0.00300311600966079,0.0475812414724741));
#4272=CARTESIAN_POINT('',(0.00818121865007767,0.00300298558855992,0.0475869719211563));
#4273=CARTESIAN_POINT('',(0.0072941641419741,0.00300289906367736,0.0475899417446503));
#4274=CARTESIAN_POINT('',(0.00656466307180357,0.00300282690117336,0.0475919496659063));
#4275=CARTESIAN_POINT('',(0.00600598737388953,0.0030027711427253,0.0475932739814218));
#4276=CARTESIAN_POINT('',(0.00553630253021889,0.00300272387456762,0.0475942182685238));
#4277=CARTESIAN_POINT('',(0.00519451185717375,0.00300268925955097,0.0475948113117145));
#4278=CARTESIAN_POINT('',(0.00501129303029091,0.00300267065469349,0.0475951079275633));
#4279=CARTESIAN_POINT('',(0.00483560030440251,0.00300265277000621,0.0475953733249945));
#4280=CARTESIAN_POINT('',(0.00480316039248774,0.00300264946067396,0.0475954192597426));
#4281=CARTESIAN_POINT('',(0.00470922985914787,0.00300263988389104,0.0475955546264797));
#4282=CARTESIAN_POINT('',(0.00456672556778224,0.00300262533396657,0.0475957510291831));
#4283=CARTESIAN_POINT('',(0.00434672492708571,0.00300260282857016,0.0475960356789506));
#4284=CARTESIAN_POINT('',(0.00408120430870501,0.00300257559019047,0.0475963462103679));
#4285=CARTESIAN_POINT('',(0.00371635840709381,0.00300253806830702,0.0475967321957965));
#4286=CARTESIAN_POINT('',(0.00324406339078999,0.00300248932025939,0.0475971559308062));
#4287=CARTESIAN_POINT('',(0.00245206853074605,0.00300240721465656,0.0475977111335205));
#4288=CARTESIAN_POINT('',(0.00139474540181815,0.00300229695774694,0.047598173759802));
#4289=CARTESIAN_POINT('',(0.000476903212454397,0.00300220060214207,0.0475982973097049));
#4290=CARTESIAN_POINT('',(-1.24975351248335E-11,0.00300215038822401,0.0475982974259483));
#4291=CARTESIAN_POINT('',(-0.00441179142415806,-0.00300108498387074,0.0470461175172681));
#4292=CARTESIAN_POINT('',(-0.00849340641697498,-0.003002671716263,0.0475858243302003));
#4293=CARTESIAN_POINT('',(-0.00641226222989201,-0.00300248450799954,0.0475941390301017));
#4294=CARTESIAN_POINT('',(-0.00358112675515896,-0.00300221414430187,0.0475982967677607));
#4295=CARTESIAN_POINT('',(7.22416224063771E-12,-0.00300186062516999,0.0475982975431771));
#4296=CARTESIAN_POINT('',(7.19819153214168E-11,-0.00300184808752393,0.0475982975021842));
#4297=CARTESIAN_POINT('',(7.21659017266507E-12,-0.00300186062514143,0.0475982975301562));
#4298=CARTESIAN_POINT('',(-7.8331073532495E-12,-0.00300112948651703,0.0472649650378776));
#4299=CARTESIAN_POINT('',(-2.28828050991564E-11,-0.00300039834789264,0.0469316325455989));
#4300=CARTESIAN_POINT('',(-3.7932502625071E-11,-0.00299966720926824,0.0465983000533202));
#4301=CARTESIAN_POINT('',(-0.00882259220218314,-0.00300050778431701,0.0465844534038549));
#4302=CARTESIAN_POINT('',(-0.00882402541831656,-0.0030012390569699,0.046917782496475));
#4303=CARTESIAN_POINT('',(-0.00882545863444996,-0.00300197032962279,0.0472511115890951));
#4304=CARTESIAN_POINT('',(-0.00882689185058338,-0.00300270160227569,0.0475844406817152));
#4305=CARTESIAN_POINT('',(0.00498529724305171,0.00300139477856503,0.0470451472410004));
#4306=CARTESIAN_POINT('',(-1.24898607081758E-11,0.00300215038822401,0.0475982974259483));
#4307=CARTESIAN_POINT('',(7.82794882457834E-12,0.00300137873588728,0.0472649650416478));
#4308=CARTESIAN_POINT('',(2.81457578278474E-11,0.00300060708355054,0.0469316326573473));
#4309=CARTESIAN_POINT('',(4.84635673606015E-11,0.00299983543121381,0.0465983002730468));
#4310=CARTESIAN_POINT('',(-0.00441179210936912,0.00300132791204464,0.047046117514328));
#4311=CARTESIAN_POINT('',(-0.0088268918541995,0.00300294453228786,0.047584441522879));
#4312=CARTESIAN_POINT('',(-0.00882545863685927,0.00300221325898393,0.0472511121495391));
#4313=CARTESIAN_POINT('',(-0.00882402541951904,0.00300148198568,0.0469177827761992));
#4314=CARTESIAN_POINT('',(-0.00882259220217881,0.00300075071237607,0.0465844534028593));
#4315=CARTESIAN_POINT('',(-0.00882689180889308,0.00300340348374055,0.0475844405162616));
#4316=CARTESIAN_POINT('',(-0.00905621271352414,0.00300344148609398,0.0475834544072417));
#4317=CARTESIAN_POINT('',(-0.0092797756889327,0.0030419322009254,0.0475823070525166));
#4318=CARTESIAN_POINT('',(-0.00971233509188976,0.00319543432120788,0.0475796629385421));
#4319=CARTESIAN_POINT('',(-0.00991020020695187,0.00330649640945602,0.0475782341920055));
#4320=CARTESIAN_POINT('',(-0.0102664712453971,0.00359564184532146,0.0475751368659111));
#4321=CARTESIAN_POINT('',(-0.0104160541654264,0.003766679667502,0.0475735443989892));
#4322=CARTESIAN_POINT('',(-0.0106551467212524,0.00415810716113361,0.0475702586430306));
#4323=CARTESIAN_POINT('',(-0.0107387723772776,0.0043684113635049,0.0475686489151085));
#4324=CARTESIAN_POINT('',(-0.0107862390770429,0.00459317478412194,0.0475670543713949));
#4325=CARTESIAN_POINT('',(-0.00882259223400562,0.00300041982865798,0.0465844539339051));
#4326=CARTESIAN_POINT('',(-0.00905169918562266,0.00300042328517216,0.0465834688478787));
#4327=CARTESIAN_POINT('',(-0.00927503901516423,0.00303883310556556,0.0465823227611036));
#4328=CARTESIAN_POINT('',(-0.00970714041882132,0.00319206940725634,0.0465796817805852));
#4329=CARTESIAN_POINT('',(-0.0099047826337514,0.0033029532861851,0.0465782548179719));
#4330=CARTESIAN_POINT('',(-0.0102606302044432,0.00359163377403733,0.0465751616312579));
#4331=CARTESIAN_POINT('',(-0.0104100230763519,0.00376239609210942,0.0465735714174103));
#4332=CARTESIAN_POINT('',(-0.0106487900392661,0.00415316937614052,0.0465702906946368));
#4333=CARTESIAN_POINT('',(-0.0107322882694281,0.00436311158165881,0.0465686836182283));
#4334=CARTESIAN_POINT('',(-0.0107796656961648,0.00458746893106384,0.0465670919784322));
#4335=CARTESIAN_POINT('',(-0.0307352823444664,0.0221609518990599,0.0454397414963115));
#4336=CARTESIAN_POINT('',(-0.0293922055110545,0.0220529187730907,0.0455212863320963));
#4337=CARTESIAN_POINT('',(-0.0280712080919303,0.02182436166966,0.045605011331018));
#4338=CARTESIAN_POINT('',(-0.0261184490842598,0.0213007116185947,0.045735107710187));
#4339=CARTESIAN_POINT('',(-0.0254703296763963,0.0210948950150656,0.045779323673729));
#4340=CARTESIAN_POINT('',(-0.024185626767532,0.0206200559312959,0.0458687205006771));
#4341=CARTESIAN_POINT('',(-0.0235574819934969,0.0203540505525719,0.0459133095022435));
#4342=CARTESIAN_POINT('',(-0.0217227105797922,0.0194764254781891,0.0460451846770175));
#4343=CARTESIAN_POINT('',(-0.0205615541695455,0.0187844605552278,0.0461308533736017));
#4344=CARTESIAN_POINT('',(-0.0191878700511746,0.0177850976895862,0.0462312837457222));
#4345=CARTESIAN_POINT('',(-0.0189170521718415,0.0175784515491759,0.0462510356524467));
#4346=CARTESIAN_POINT('',(-0.0183833878297092,0.0171513722472386,0.0462897726849717));
#4347=CARTESIAN_POINT('',(-0.0181201127527189,0.016930516390976,0.046308787884655));
#4348=CARTESIAN_POINT('',(-0.0173501929319147,0.0162537746872515,0.046363992381453));
#4349=CARTESIAN_POINT('',(-0.0168610154895914,0.0157819715187158,0.0463985109527165));
#4350=CARTESIAN_POINT('',(-0.0159023237639781,0.0147693800610397,0.0464645518843937));
#4351=CARTESIAN_POINT('',(-0.0154354716262571,0.0142263094714173,0.0464957585046509));
#4352=CARTESIAN_POINT('',(-0.0149950627266116,0.0136605962424228,0.0465241654103222));
#4353=CARTESIAN_POINT('',(-0.0307262430218453,0.022140261413158,0.0452634384413687));
#4354=CARTESIAN_POINT('',(-0.0293841313980181,0.0220323598160135,0.0453449183418429));
#4355=CARTESIAN_POINT('',(-0.0280639518861504,0.0218042350175779,0.0454285578811429));
#4356=CARTESIAN_POINT('',(-0.0261122551158837,0.0212816179259977,0.0455585011219428));
#4357=CARTESIAN_POINT('',(-0.0254644627336093,0.0210762116897054,0.0456026618557674));
#4358=CARTESIAN_POINT('',(-0.0241803655116047,0.0206023060935688,0.0456919433866708));
#4359=CARTESIAN_POINT('',(-0.0235524954186976,0.0203368177081682,0.0457364731168496));
#4360=CARTESIAN_POINT('',(-0.021718476987301,0.0194608491586299,0.0458681719286889));
#4361=CARTESIAN_POINT('',(-0.0205577300539657,0.0187701296641528,0.0459537252093832));
#4362=CARTESIAN_POINT('',(-0.0191844831738598,0.0177723866770069,0.046054027870831));
#4363=CARTESIAN_POINT('',(-0.018913748946241,0.0175660677628021,0.0460737550313259));
#4364=CARTESIAN_POINT('',(-0.0183802450996656,0.0171396468793946,0.0461124443818555));
#4365=CARTESIAN_POINT('',(-0.0181170469800501,0.0169191227918529,0.0461314366122097));
#4366=CARTESIAN_POINT('',(-0.0173473467505253,0.0162433686616565,0.0461865757999857));
#4367=CARTESIAN_POINT('',(-0.0168583014799522,0.0157722164026566,0.0462210554300634));
#4368=CARTESIAN_POINT('',(-0.0158998591657108,0.0147609302844956,0.0462870256382932));
#4369=CARTESIAN_POINT('',(-0.0154331231372721,0.0142185121399003,0.0463182010664413));
#4370=CARTESIAN_POINT('',(-0.0149928210441415,0.0136534244450937,0.0463465813566929));
#4371=CARTESIAN_POINT('',(-0.0306146040666172,0.0221311225995297,0.0452712738953615));
#4372=CARTESIAN_POINT('',(-0.0306185644537183,0.0221379821912064,0.0453289487938913));
#4373=CARTESIAN_POINT('',(-0.0306225248281558,0.0221448417609491,0.0453866236958995));
#4374=CARTESIAN_POINT('',(-0.0306264851897254,0.022151701308404,0.045444298601442));
#4375=CARTESIAN_POINT('',(-0.076089602807864,1.21464058524315E-7,0.019999973889118));
#4376=CARTESIAN_POINT('',(-0.0760899506008664,0.00464466955868631,0.0200000104337418));
#4377=CARTESIAN_POINT('',(-0.0760837092571731,0.0125307805470199,0.019997790956943));
#4378=CARTESIAN_POINT('',(-0.0748633831272473,0.0232307965885809,0.0199867152806969));
#4379=CARTESIAN_POINT('',(-0.0719534580222793,0.0319675678777032,0.0199714071489399));
#4380=CARTESIAN_POINT('',(-0.0658795440454543,0.0391673155538191,0.0199646026286733));
#4381=CARTESIAN_POINT('',(-0.0562582632611228,0.0439639392267699,0.0199752711363696));
#4382=CARTESIAN_POINT('',(-0.0433719847012462,0.0464527200420778,0.0199877487050295));
#4383=CARTESIAN_POINT('',(-0.0254835092190039,0.0475742676707609,0.0199973531048403));
#4384=CARTESIAN_POINT('',(-0.0101844827554663,0.0475909025365785,0.0199999842433601));
#4385=CARTESIAN_POINT('',(4.35468476438975E-16,0.0475897242483993,0.0199999737536218));
#4386=CARTESIAN_POINT('',(-0.0757478223106906,1.21464058519537E-7,0.0199999738783428));
#4387=CARTESIAN_POINT('',(-0.075748215409607,0.00464466918437189,0.0199999994597646));
#4388=CARTESIAN_POINT('',(-0.0757414556539845,0.0125197840300536,0.0199984732199412));
#4389=CARTESIAN_POINT('',(-0.0745257975879018,0.0231664116218581,0.0199908959846981));
#4390=CARTESIAN_POINT('',(-0.071641678274142,0.0318058433579754,0.0199805232323826));
#4391=CARTESIAN_POINT('',(-0.0656703484314035,0.0388833712438443,0.0199759578367091));
#4392=CARTESIAN_POINT('',(-0.0561639799284741,0.0436314892317397,0.0199831310698527));
#4393=CARTESIAN_POINT('',(-0.0433364535262385,0.0461122662859072,0.0199916055493275));
#4394=CARTESIAN_POINT('',(-0.0254785380302144,0.0472323001585335,0.0199981730674201));
#4395=CARTESIAN_POINT('',(-0.0101844795929657,0.0472491474095327,0.0199999813909025));
#4396=CARTESIAN_POINT('',(3.04653783754472E-16,0.047247943751226,0.0199999737482064));
#4397=CARTESIAN_POINT('',(-0.0754060418135173,1.21464058514778E-7,0.0199999738675676));
#4398=CARTESIAN_POINT('',(-0.0754064803078122,0.00464466885561491,0.019999988487545));
#4399=CARTESIAN_POINT('',(-0.0753992018087173,0.0125087884172647,0.0199991555077786));
#4400=CARTESIAN_POINT('',(-0.0741882120597536,0.0231020395484368,0.0199950771062675));
#4401=CARTESIAN_POINT('',(-0.0713298785103887,0.0316441512455523,0.0199896397309489));
#4402=CARTESIAN_POINT('',(-0.065461160056854,0.0385994151025743,0.0199873128740484));
#4403=CARTESIAN_POINT('',(-0.0560697095591815,0.043299037442797,0.0199909913340106));
#4404=CARTESIAN_POINT('',(-0.0433009238735453,0.0457718124134212,0.0199954624821401));
#4405=CARTESIAN_POINT('',(-0.0254735671287554,0.0468903326627836,0.0199989930441181));
#4406=CARTESIAN_POINT('',(-0.0101844763752085,0.0469073922788369,0.0199999785373473));
#4407=CARTESIAN_POINT('',(1.72931367288968E-16,0.0469061632540526,0.0199999737427911));
#4408=CARTESIAN_POINT('',(-0.0750642613163439,1.21464058510039E-7,0.0199999738567924));
#4409=CARTESIAN_POINT('',(-0.0750647453265445,0.0046446685672538,0.0199999775186518));
#4410=CARTESIAN_POINT('',(-0.0750569476211327,0.0124977937113404,0.0199998378143073));
#4411=CARTESIAN_POINT('',(-0.0738506268531006,0.023037680801971,0.0199992586941006));
#4412=CARTESIAN_POINT('',(-0.0710180558470449,0.0314824963607372,0.0199987567887555));
#4413=CARTESIAN_POINT('',(-0.0652519802163638,0.0383154453091797,0.0199986676947582));
#4414=CARTESIAN_POINT('',(-0.0559754529161515,0.0429665839910711,0.0199988519879266));
#4415=CARTESIAN_POINT('',(-0.0432653956969671,0.0454313583837045,0.0199993194998443));
#4416=CARTESIAN_POINT('',(-0.0254685965346531,0.0465483651957497,0.0199998130367089));
#4417=CARTESIAN_POINT('',(-0.0101844730957829,0.04656563714078,0.0199999756821269));
#4418=CARTESIAN_POINT('',(4.2984013428725E-17,0.0465643827568792,0.0199999737373757));
#4419=CARTESIAN_POINT('',(4.32809491318662E-16,0.0475836451485513,0.0199999737535254));
#4420=CARTESIAN_POINT('',(3.05363148836125E-16,0.0472502804571896,0.0199999737482434));
#4421=CARTESIAN_POINT('',(1.78007282293625E-16,0.046916915765828,0.0199999737429614));
#4422=CARTESIAN_POINT('',(5.05479922309644E-17,0.0465835510744663,0.0199999737376794));
#4423=CARTESIAN_POINT('',(-0.0750737812559443,1.21464058511129E-7,0.0199999738570926));
#4424=CARTESIAN_POINT('',(-0.0754071900914531,1.21464058515048E-7,0.0199999738676038));
#4425=CARTESIAN_POINT('',(-0.0757405989269619,1.2146405851966E-7,0.0199999738781151));
#4426=CARTESIAN_POINT('',(-0.0760740077624706,1.21464058523948E-7,0.0199999738886264));
#4427=CARTESIAN_POINT('',(-7.053608841417E-18,0.0465642585333634,0.0199999737373737));
#4428=CARTESIAN_POINT('',(0.0101844730928508,0.0465655129232,0.0199999756804673));
#4429=CARTESIAN_POINT('',(0.0254685947271917,0.046548240887086,0.0199998133199684));
#4430=CARTESIAN_POINT('',(0.0432653827826193,0.0454312346302108,0.0199993208936948));
#4431=CARTESIAN_POINT('',(0.0559754186530818,0.0429664631414782,0.0199988548352697));
#4432=CARTESIAN_POINT('',(0.0652519041758596,0.0383153420805023,0.0199986718129999));
#4433=CARTESIAN_POINT('',(0.0710179424918757,0.0314824375948933,0.0199987600931008));
#4434=CARTESIAN_POINT('',(0.0738505041352158,0.0230376574066752,0.0199992602059015));
#4435=CARTESIAN_POINT('',(0.0750568232030987,0.0124977897139703,0.0199998380491615));
#4436=CARTESIAN_POINT('',(0.0750646211068754,0.00464466856512245,0.0199999775123546));
#4437=CARTESIAN_POINT('',(0.0750641370823845,1.21464058504563E-7,0.0199999738549419));
#4438=CARTESIAN_POINT('',(-1.46053754167581E-16,0.0469060806853084,0.0199999737427896));
#4439=CARTESIAN_POINT('',(0.0101844763720887,0.0469073097129429,0.0199999785352891));
#4440=CARTESIAN_POINT('',(0.0254735659273693,0.0468902500316635,0.0199989932235166));
#4441=CARTESIAN_POINT('',(0.0433009152887896,0.0457717301530381,0.0199954634031513));
#4442=CARTESIAN_POINT('',(0.0560696867803727,0.0432989571115571,0.019990993219512));
#4443=CARTESIAN_POINT('',(0.0654611095080471,0.0385993464861875,0.0199873156039307));
#4444=CARTESIAN_POINT('',(0.0713298031642789,0.0316441121725147,0.0199896419190053));
#4445=CARTESIAN_POINT('',(0.0741881304851968,0.0231020239935837,0.0199950781039349));
#4446=CARTESIAN_POINT('',(0.0753991191032568,0.0125087857601368,0.0199991556543661));
#4447=CARTESIAN_POINT('',(0.0754063977373474,0.00464466885269027,0.0199999884796911));
#4448=CARTESIAN_POINT('',(0.0754059592343294,1.2146405855611E-7,0.0199999738633384));
#4449=CARTESIAN_POINT('',(-2.79683872452171E-16,0.0472479028372535,0.0199999737482054));
#4450=CARTESIAN_POINT('',(0.0101844795896431,0.0472491064953227,0.0199999813884452));
#4451=CARTESIAN_POINT('',(0.0254785374349807,0.0472322592049656,0.0199981731429616));
#4452=CARTESIAN_POINT('',(0.0433364492714297,0.0461122255185908,0.0199916059975196));
#4453=CARTESIAN_POINT('',(0.0561639686373681,0.0436314494184659,0.0199831319936152));
#4454=CARTESIAN_POINT('',(0.0656703233765469,0.0388833372361827,0.0199759591781734));
#4455=CARTESIAN_POINT('',(0.0716416409311407,0.0318058239874342,0.0199805243043054));
#4456=CARTESIAN_POINT('',(0.074525757156791,0.0231664039107487,0.0199908964683518));
#4457=CARTESIAN_POINT('',(0.0757414146610023,0.0125197827133882,0.0199984732782658));
#4458=CARTESIAN_POINT('',(0.0757481744883792,0.00464466918066612,0.0199999994503552));
#4459=CARTESIAN_POINT('',(0.0757477813862746,1.21464058601772E-7,0.0199999738717348));
#4460=CARTESIAN_POINT('',(-4.1867486252202E-16,0.0475897249891984,0.0199999737536212));
#4461=CARTESIAN_POINT('',(0.010184482751928,0.0475909032740513,0.0199999842405036));
#4462=CARTESIAN_POINT('',(0.0254835092299922,0.0475742683947493,0.0199973530765282));
#4463=CARTESIAN_POINT('',(0.0433719847767554,0.0464527207678001,0.0199877486804242));
#4464=CARTESIAN_POINT('',(0.0562582634608797,0.0439639399310233,0.0199752710984735));
#4465=CARTESIAN_POINT('',(0.0658795444863108,0.0391673161520038,0.0199646025816781));
#4466=CARTESIAN_POINT('',(0.0719534586775206,0.0319675682175342,0.019971407104829));
#4467=CARTESIAN_POINT('',(0.0748633838395839,0.0232307967243605,0.0199867152504386));
#4468=CARTESIAN_POINT('',(0.0760837099766097,0.0125307805710355,0.0199977909270105));
#4469=CARTESIAN_POINT('',(0.076089951328898,0.00464466955421379,0.0200000104227776));
#4470=CARTESIAN_POINT('',(0.0760896035382196,1.21464058653316E-7,0.0199999738801312));
#4471=CARTESIAN_POINT('',(0.0760740077621045,1.21464058650323E-7,0.0199999738797481));
#4472=CARTESIAN_POINT('',(0.0757405989266502,1.21464058602518E-7,0.0199999738715584));
#4473=CARTESIAN_POINT('',(0.075407190091196,1.2146405855442E-7,0.0199999738633686));
#4474=CARTESIAN_POINT('',(0.0750737812557417,1.21464058506913E-7,0.0199999738551788));
#4475=CARTESIAN_POINT('',(-0.0144146500082672,-0.0461603691561866,0.0269332879304517));
#4476=CARTESIAN_POINT('',(-0.0121459064935234,-0.0460859754967715,0.0275067436298239));
#4477=CARTESIAN_POINT('',(-0.0098607960723611,-0.0460078894589282,0.0279408573111178));
#4478=CARTESIAN_POINT('',(-0.00505890975580893,-0.0458868809021542,0.0285633522547835));
#4479=CARTESIAN_POINT('',(-0.00253912418918697,-0.0458478862434528,0.028727231302499));
#4480=CARTESIAN_POINT('',(7.1245732164537E-7,-0.0458478932535472,0.0287272005208594));
#4481=CARTESIAN_POINT('',(-0.0144217797791805,-0.0471543252987615,0.0270906729720751));
#4482=CARTESIAN_POINT('',(-0.0121504692793679,-0.0470767854948101,0.0276841211629261));
#4483=CARTESIAN_POINT('',(-0.00986364746087917,-0.0469955234325221,0.0281344432823654));
#4484=CARTESIAN_POINT('',(-0.00505943173406364,-0.0468696031516125,0.0287805747318756));
#4485=CARTESIAN_POINT('',(-0.00253914035448759,-0.0468290616739609,0.0289509815511173));
#4486=CARTESIAN_POINT('',(7.12460954946171E-7,-0.0468290689595868,0.0289509495612277));
#4487=CARTESIAN_POINT('',(7.12457344623078E-7,-0.0458540984015074,0.0287286155537561));
#4488=CARTESIAN_POINT('',(7.12458548064109E-7,-0.0461790885875339,0.0288027268895799));
#4489=CARTESIAN_POINT('',(7.1245975150514E-7,-0.0465040787735603,0.0288768382254038));
#4490=CARTESIAN_POINT('',(7.12460954946171E-7,-0.0468290689595868,0.0289509495612277));
#4491=CARTESIAN_POINT('',(7.12460983822352E-7,-0.0468290689596029,0.0289509495611568));
#4492=CARTESIAN_POINT('',(7.12460954946171E-7,-0.0468290689595868,0.0289509495612277));
#4493=CARTESIAN_POINT('',(-0.00484541370480503,-0.046829055058363,0.0289510105990328));
#4494=CARTESIAN_POINT('',(-0.00962075169480814,-0.046990253285908,0.0283367880340075));
#4495=CARTESIAN_POINT('',(-0.0143299943390338,-0.0471511901770118,0.0271145745840269));
#4496=CARTESIAN_POINT('',(4.09319643029698E-5,-0.00257579696908296,0.0475989335435532));
#4497=CARTESIAN_POINT('',(-0.000292935025238205,-0.00257766910900843,0.0475989332584176));
#4498=CARTESIAN_POINT('',(-0.00084681248314151,-0.00254165121732707,0.0475989387762868));
#4499=CARTESIAN_POINT('',(-0.00161188317629748,-0.00239354010775141,0.0475989580179761));
#4500=CARTESIAN_POINT('',(-0.00226645475668834,-0.00217706888438862,0.0475989829090035));
#4501=CARTESIAN_POINT('',(-0.0028659549737434,-0.00186699680219704,0.0475990131828217));
#4502=CARTESIAN_POINT('',(-0.00335719687850288,-0.00148465617503337,0.0475990435391234));
#4503=CARTESIAN_POINT('',(-0.00370535674718371,-0.00106433327215342,0.0475990686672914));
#4504=CARTESIAN_POINT('',(-0.00394878590344152,-0.000571484189364468,0.0475990883245331));
#4505=CARTESIAN_POINT('',(-0.00401240317572586,-0.000214516406943862,0.0475990942482666));
#4506=CARTESIAN_POINT('',(-0.0040124017585969,1.2146408019285E-7,0.0475990942481896));
#4507=CARTESIAN_POINT('',(0.000146183615621513,-0.00856459153748281,0.0475900461468505));
#4508=CARTESIAN_POINT('',(-0.00104697908882382,-0.00857032519675865,0.0475900458567332));
#4509=CARTESIAN_POINT('',(-0.00299305640455055,-0.00846020557622948,0.0475900499472827));
#4510=CARTESIAN_POINT('',(-0.00561475607490484,-0.00799401504739531,0.0475901771462359));
#4511=CARTESIAN_POINT('',(-0.00780871935909806,-0.00730121286152903,0.0475904230466852));
#4512=CARTESIAN_POINT('',(-0.00977348417360648,-0.00629193307381975,0.0475906449251833));
#4513=CARTESIAN_POINT('',(-0.0113493711440013,-0.00502895909807142,0.0475906633341636));
#4514=CARTESIAN_POINT('',(-0.0124434319410631,-0.00362241641278999,0.047590595117011));
#4515=CARTESIAN_POINT('',(-0.0131948690533808,-0.00195571264432663,0.0475905376069306));
#4516=CARTESIAN_POINT('',(-0.0133860389845389,-0.000736529581734951,0.047590528419596));
#4517=CARTESIAN_POINT('',(-0.0133860314312304,1.21464054836599E-7,0.0475905286134734));
#4518=CARTESIAN_POINT('',(0.000396940276048941,-0.0174207588921307,0.0475012966460445));
#4519=CARTESIAN_POINT('',(-0.00285014746667628,-0.0174275243175769,0.0475012934950226));
#4520=CARTESIAN_POINT('',(-0.00784305281054441,-0.0173001733652393,0.0475013634520748));
#4521=CARTESIAN_POINT('',(-0.0139545755964687,-0.016610226179601,0.0475012838841056));
#4522=CARTESIAN_POINT('',(-0.0186008126268733,-0.0154640135054221,0.0475009862350811));
#4523=CARTESIAN_POINT('',(-0.022324856180786,-0.0136228019533513,0.047500873498429));
#4524=CARTESIAN_POINT('',(-0.0249715211561688,-0.0111319889729153,0.0475013246447918));
#4525=CARTESIAN_POINT('',(-0.0265763139913455,-0.0081777509583247,0.0475019507796563));
#4526=CARTESIAN_POINT('',(-0.0275372645138492,-0.0045103319335569,0.0475024636325665));
#4527=CARTESIAN_POINT('',(-0.0277259421105643,-0.00171785680175001,0.0475025974433316));
#4528=CARTESIAN_POINT('',(-0.0277258884265642,1.21464061252445E-7,0.0475025967414998));
#4529=CARTESIAN_POINT('',(0.000728604236467119,-0.0279012303795534,0.0459958550454307));
#4530=CARTESIAN_POINT('',(-0.00523640781235316,-0.0279060421498295,0.0459959801598578));
#4531=CARTESIAN_POINT('',(-0.0142072487499087,-0.0278210654616698,0.045993438023738));
#4532=CARTESIAN_POINT('',(-0.0247456199755662,-0.0270112657653401,0.045985805686265));
#4533=CARTESIAN_POINT('',(-0.0323817679361266,-0.0254494685330655,0.0459762285958714));
#4534=CARTESIAN_POINT('',(-0.0381063731047761,-0.0226827288241863,0.0459630216164977));
#4535=CARTESIAN_POINT('',(-0.0418173462243479,-0.018716396895473,0.0459472698714988));
#4536=CARTESIAN_POINT('',(-0.043783288567597,-0.0138415548788021,0.045932819249957));
#4537=CARTESIAN_POINT('',(-0.0447595743933054,-0.00767031484133309,0.0459211341331224));
#4538=CARTESIAN_POINT('',(-0.0448595296317431,-0.00291957452746273,0.0459176037385002));
#4539=CARTESIAN_POINT('',(-0.0448593951003956,1.2146405616509E-7,0.045917608074481));
#4540=CARTESIAN_POINT('',(0.000942389903476601,-0.034845069745126,0.0438500619809899));
#4541=CARTESIAN_POINT('',(-0.0067742239183942,-0.0348479253030679,0.0438503761944319));
#4542=CARTESIAN_POINT('',(-0.0183226829256196,-0.0348040055409582,0.0438440650237782));
#4543=CARTESIAN_POINT('',(-0.03175583893913,-0.0339363141862007,0.0438283492482079));
#4544=CARTESIAN_POINT('',(-0.0413696070464301,-0.0321030706993991,0.0438114040066905));
#4545=CARTESIAN_POINT('',(-0.0484379050217576,-0.0286966085570725,0.0437853640350021));
#4546=CARTESIAN_POINT('',(-0.0528734898599615,-0.0237088985972284,0.0437476896778244));
#4547=CARTESIAN_POINT('',(-0.0550877702067112,-0.0175279481212946,0.0437102467484178));
#4548=CARTESIAN_POINT('',(-0.0560762946271164,-0.00969122342310015,0.0436801223371608));
#4549=CARTESIAN_POINT('',(-0.0561161872251546,-0.00367492644300646,0.0436712585691613));
#4550=CARTESIAN_POINT('',(-0.0561160014516271,1.21464061786943E-7,0.0436712734814963));
#4551=CARTESIAN_POINT('',(0.00109391147548779,-0.040297334447399,0.0405431901569611));
#4552=CARTESIAN_POINT('',(-0.00786346260028778,-0.0402985829700903,0.0405437694424661));
#4553=CARTESIAN_POINT('',(-0.0212669748960933,-0.0402881172194646,0.0405324678215138));
#4554=CARTESIAN_POINT('',(-0.0368452258627823,-0.0393738322639973,0.0405094846471296));
#4555=CARTESIAN_POINT('',(-0.047984344634629,-0.0373156818527252,0.0404967762344767));
#4556=CARTESIAN_POINT('',(-0.056157516826159,-0.0333552522001673,0.0404767892194119));
#4557=CARTESIAN_POINT('',(-0.0612371723711878,-0.0274967125907051,0.0404183284892014));
#4558=CARTESIAN_POINT('',(-0.0637095844465078,-0.0202586782429384,0.0403502171733691));
#4559=CARTESIAN_POINT('',(-0.0647586365096278,-0.0111385860082299,0.0402960345092591));
#4560=CARTESIAN_POINT('',(-0.0647679646524297,-0.00419953016085586,0.0402806976487617));
#4561=CARTESIAN_POINT('',(-0.0647677664925214,1.21464059593716E-7,0.0402807323849468));
#4562=CARTESIAN_POINT('',(0.00118425487153594,-0.0439629363207477,0.0363688964100479));
#4563=CARTESIAN_POINT('',(-0.00851240217914496,-0.0439632696745922,0.0363697254551169));
#4564=CARTESIAN_POINT('',(-0.0230432805969091,-0.0439720923433515,0.0363540346141516));
#4565=CARTESIAN_POINT('',(-0.0399712467890367,-0.0430215904883898,0.036318807076874));
#4566=CARTESIAN_POINT('',(-0.0521153938552857,-0.0408206369704398,0.0363004919485723));
#4567=CARTESIAN_POINT('',(-0.0610948789982147,-0.0364818375646407,0.0363020233059414));
#4568=CARTESIAN_POINT('',(-0.0666901552935417,-0.0299683366668468,0.0362461443193922));
#4569=CARTESIAN_POINT('',(-0.0693800022620519,-0.0219761574754886,0.036156369876994));
#4570=CARTESIAN_POINT('',(-0.0705035217909221,-0.0120047591522437,0.03608674158721));
#4571=CARTESIAN_POINT('',(-0.0705041831589198,-0.00449931159622505,0.0360676502092556));
#4572=CARTESIAN_POINT('',(-0.070504036057635,1.21464059233274E-7,0.0360677069157498));
#4573=CARTESIAN_POINT('',(0.00122875855406584,-0.0459224387050128,0.0323428382735933));
#4574=CARTESIAN_POINT('',(-0.00883188935421324,-0.045922488125315,0.0323437355407023));
#4575=CARTESIAN_POINT('',(-0.0239263351674023,-0.045938028479098,0.0323269008967758));
#4576=CARTESIAN_POINT('',(-0.0415451104909492,-0.0449562771838326,0.0322826562961259));
#4577=CARTESIAN_POINT('',(-0.0542147784939674,-0.0426693332742281,0.032246701018798));
#4578=CARTESIAN_POINT('',(-0.0636460028377868,-0.0381378293541205,0.0322364787554537));
#4579=CARTESIAN_POINT('',(-0.0695598429535991,-0.0312546119548008,0.0321879399828904));
#4580=CARTESIAN_POINT('',(-0.0723798443944145,-0.0228351901744306,0.0321031731584065));
#4581=CARTESIAN_POINT('',(-0.0735535125215281,-0.0124135102293756,0.0320377497142086));
#4582=CARTESIAN_POINT('',(-0.0735536763136045,-0.00463215072366312,0.0320196201202953));
#4583=CARTESIAN_POINT('',(-0.0735535822436088,1.21464060631708E-7,0.0320196604659765));
#4584=CARTESIAN_POINT('',(0.00124997409296038,-0.0468897221318963,0.0289235328928549));
#4585=CARTESIAN_POINT('',(-0.00898415194953141,-0.0468897876967825,0.0289243274326054));
#4586=CARTESIAN_POINT('',(-0.0243489679132176,-0.0469057638859488,0.028909346262799));
#4587=CARTESIAN_POINT('',(-0.0423016989809243,-0.0458981210879034,0.0288666074192427));
#4588=CARTESIAN_POINT('',(-0.0552261301430431,-0.0435548542242852,0.0288253230293032));
#4589=CARTESIAN_POINT('',(-0.0648762279243702,-0.0389187686974287,0.0288014597894389));
#4590=CARTESIAN_POINT('',(-0.0709507639948537,-0.0318503107372388,0.0287583502719532));
#4591=CARTESIAN_POINT('',(-0.0738377436496047,-0.0232179055454876,0.0286915928735958));
#4592=CARTESIAN_POINT('',(-0.0750381838731745,-0.0125825320902456,0.0286392440569464));
#4593=CARTESIAN_POINT('',(-0.0750388309245032,-0.00468199641011512,0.0286241423489549));
#4594=CARTESIAN_POINT('',(-0.0750387564386805,1.21464059674781E-7,0.0286241511087392));
#4595=CARTESIAN_POINT('',(0.00125908029946499,-0.0473149054975131,0.0263991616642107));
#4596=CARTESIAN_POINT('',(-0.00904949326762077,-0.0473150857243223,0.0263997989720761));
#4597=CARTESIAN_POINT('',(-0.0245308390039611,-0.047329183513853,0.0263877311905737));
#4598=CARTESIAN_POINT('',(-0.042628068139694,-0.0463030809960534,0.0263514812395835));
#4599=CARTESIAN_POINT('',(-0.0556627833796458,-0.0439260649373783,0.0263133104848206));
#4600=CARTESIAN_POINT('',(-0.0654058314701822,-0.0392349645576254,0.0262852724519081));
#4601=CARTESIAN_POINT('',(-0.0715485534469059,-0.0320822408465964,0.0262512820455626));
#4602=CARTESIAN_POINT('',(-0.0744654271933164,-0.0233575749422567,0.0262058113998684));
#4603=CARTESIAN_POINT('',(-0.0756780674159475,-0.0126354893693947,0.0261694087208108));
#4604=CARTESIAN_POINT('',(-0.0756789951082863,-0.00469400880998532,0.0261583850585716));
#4605=CARTESIAN_POINT('',(-0.0756789235394299,1.21464061237381E-7,0.0261583697309386));
#4606=CARTESIAN_POINT('',(0.00126331295791342,-0.0475063326443151,0.0244211932677584));
#4607=CARTESIAN_POINT('',(-0.00907987279052158,-0.0475066570393628,0.0244216539624095));
#4608=CARTESIAN_POINT('',(-0.0246150113941516,-0.0475181138810458,0.0244128692541656));
#4609=CARTESIAN_POINT('',(-0.0427780489719842,-0.0464779033701715,0.0243862353920505));
#4610=CARTESIAN_POINT('',(-0.0558621507244062,-0.0440787114196479,0.0243574556195592));
#4611=CARTESIAN_POINT('',(-0.0656450553431122,-0.0393557492833975,0.0243352736213445));
#4612=CARTESIAN_POINT('',(-0.0718158926170893,-0.0321620259012957,0.0243143097195659));
#4613=CARTESIAN_POINT('',(-0.0747451585899451,-0.0233969335430951,0.0242878545860865));
#4614=CARTESIAN_POINT('',(-0.0759624031193879,-0.0126420280632628,0.0242653945135064));
#4615=CARTESIAN_POINT('',(-0.0759631037363794,-0.00469151124739062,0.0242579414855199));
#4616=CARTESIAN_POINT('',(-0.0759630306300208,1.2146406187303E-7,0.0242579114054987));
#4617=CARTESIAN_POINT('',(0.00126463850638011,-0.0475780930289516,0.0230267222882098));
#4618=CARTESIAN_POINT('',(-0.0090893682070825,-0.0475785444681952,0.023027039542265));
#4619=CARTESIAN_POINT('',(-0.0246420758565708,-0.0475875879823474,0.0230210217253742));
#4620=CARTESIAN_POINT('',(-0.0428280194479171,-0.046537629894401,0.0230013681208983));
#4621=CARTESIAN_POINT('',(-0.0559303782905338,-0.0441248504103408,0.0229783909452167));
#4622=CARTESIAN_POINT('',(-0.0657284771011977,-0.0393847984648532,0.0229586367078934));
#4623=CARTESIAN_POINT('',(-0.0719109298867022,-0.0321735188635188,0.0229491329510598));
#4624=CARTESIAN_POINT('',(-0.0748468240077789,-0.0233939374382488,0.0229423834192522));
#4625=CARTESIAN_POINT('',(-0.0760673129364766,-0.0126313966473096,0.0229356282183155));
#4626=CARTESIAN_POINT('',(-0.0760683694204275,-0.00468462127404767,0.0229326896144723));
#4627=CARTESIAN_POINT('',(-0.0760682942140512,1.21464060851643E-7,0.0229326468605502));
#4628=CARTESIAN_POINT('',(0.00126455320939234,-0.0476001587573736,0.0219711281601124));
#4629=CARTESIAN_POINT('',(-0.00908871606028405,-0.0476007207301174,0.0219713196387897));
#4630=CARTESIAN_POINT('',(-0.0246419133341825,-0.047607633711565,0.0219677255442599));
#4631=CARTESIAN_POINT('',(-0.0428316086197093,-0.0465503118102242,0.0219550111438748));
#4632=CARTESIAN_POINT('',(-0.0559392429476047,-0.0441281952662929,0.0219391466594833));
#4633=CARTESIAN_POINT('',(-0.065743223233033,-0.03937782999199,0.0219253294403605));
#4634=CARTESIAN_POINT('',(-0.0719318265559403,-0.0321591250942061,0.0219270209524456));
#4635=CARTESIAN_POINT('',(-0.0748735758602006,-0.0233758766713997,0.0219355321444405));
#4636=CARTESIAN_POINT('',(-0.076098314118158,-0.0126155253994462,0.021940864526674));
#4637=CARTESIAN_POINT('',(-0.0761005317565637,-0.00467677202420746,0.0219414253554992));
#4638=CARTESIAN_POINT('',(-0.0761004546554904,1.21464060322861E-7,0.0219413751083525));
#4639=CARTESIAN_POINT('',(0.00126399227726622,-0.0476006280834085,0.0212049842655298));
#4640=CARTESIAN_POINT('',(-0.00908464971216523,-0.04760127765188,0.0212050825899668));
#4641=CARTESIAN_POINT('',(-0.0246322976491667,-0.0476064879076562,0.0212032850404576));
#4642=CARTESIAN_POINT('',(-0.0428183625940619,-0.0465437730059222,0.0211953858486024));
#4643=CARTESIAN_POINT('',(-0.055925725088985,-0.0441152165358109,0.0211839806321728));
#4644=CARTESIAN_POINT('',(-0.0657309467452641,-0.0393584816422141,0.0211731149035911));
#4645=CARTESIAN_POINT('',(-0.0719224455683171,-0.0321374996601324,0.0211828464126961));
#4646=CARTESIAN_POINT('',(-0.074868935165069,-0.0233553225631381,0.0212037606996915));
#4647=CARTESIAN_POINT('',(-0.0760976535495889,-0.012600396131452,0.0212189961470965));
#4648=CARTESIAN_POINT('',(-0.0761011299928794,-0.00466988295873644,0.0212224159512824));
#4649=CARTESIAN_POINT('',(-0.0761010507304201,1.21464060765296E-7,0.0212223586415346));
#4650=CARTESIAN_POINT('',(0.00126293469603654,-0.0475881940692793,0.0203806058196319));
#4651=CARTESIAN_POINT('',(-0.00907700500237075,-0.0475889443323203,0.0203805844930977));
#4652=CARTESIAN_POINT('',(-0.0246133614813369,-0.047592188109825,0.020381101822381));
#4653=CARTESIAN_POINT('',(-0.0427899845156748,-0.0465237469332396,0.0203808295905237));
#4654=CARTESIAN_POINT('',(-0.0558937324225966,-0.0440888945924694,0.0203787512322888));
#4655=CARTESIAN_POINT('',(-0.0656988449521428,-0.0393267832380192,0.0203785134858224));
#4656=CARTESIAN_POINT('',(-0.0718931589547462,-0.0321050464347543,0.0204004684191453));
#4657=CARTESIAN_POINT('',(-0.0748447472684054,-0.023326419376325,0.0204332806715179));
#4658=CARTESIAN_POINT('',(-0.0760782164893883,-0.0125805808466526,0.0204579178043495));
#4659=CARTESIAN_POINT('',(-0.0760833670659799,-0.00466123751129906,0.0204641376670499));
#4660=CARTESIAN_POINT('',(-0.0760832868295941,1.21464062347807E-7,0.0204640781616952));
#4661=CARTESIAN_POINT('',(0.00126225065972852,-0.0475811299727189,0.0198207187655546));
#4662=CARTESIAN_POINT('',(-0.00907205958570705,-0.0475819479332942,0.0198206097099444));
#4663=CARTESIAN_POINT('',(-0.0246011623877581,-0.04758387140968,0.0198228264714505));
#4664=CARTESIAN_POINT('',(-0.0427718673452604,-0.0465115952458764,0.0198287344339251));
#4665=CARTESIAN_POINT('',(-0.0558735512928117,-0.0440725734719083,0.0198349635463661));
#4666=CARTESIAN_POINT('',(-0.0656792270269153,-0.0393069142705663,0.0198452712878829));
#4667=CARTESIAN_POINT('',(-0.0718759164916093,-0.0320840500538795,0.0198768942928431));
#4668=CARTESIAN_POINT('',(-0.0748307235004677,-0.0233072368950225,0.0199167171278705));
#4669=CARTESIAN_POINT('',(-0.0760671959350634,-0.0125672480388313,0.0199468223536032));
#4670=CARTESIAN_POINT('',(-0.076073423002573,-0.00465538218973657,0.0199547155367535));
#4671=CARTESIAN_POINT('',(-0.0760733429196051,1.21464063344444E-7,0.0199546572308029));
#4672=CARTESIAN_POINT('',(0.00126177325335462,-0.047575734322914,0.0194426445137609));
#4673=CARTESIAN_POINT('',(-0.00906860846796995,-0.04757659831203,0.0194424791472591));
#4674=CARTESIAN_POINT('',(-0.0245926251780957,-0.0475776232938851,0.0194457858268139));
#4675=CARTESIAN_POINT('',(-0.0427591098791492,-0.0465027328472472,0.0194554139190917));
#4676=CARTESIAN_POINT('',(-0.055859222577524,-0.0440608471926895,0.0194663589609177));
#4677=CARTESIAN_POINT('',(-0.0656649898290977,-0.0392927458312533,0.0194822802755533));
#4678=CARTESIAN_POINT('',(-0.0718630736795744,-0.0320693982078072,0.0195198128083073));
#4679=CARTESIAN_POINT('',(-0.0748201642591899,-0.0232940811890619,0.0195648544489103));
#4680=CARTESIAN_POINT('',(-0.0760587662155194,-0.0125581888757699,0.0195990676171523));
#4681=CARTESIAN_POINT('',(-0.076065747695627,-0.00465142120767729,0.0196081942236446));
#4682=CARTESIAN_POINT('',(-0.076065667346191,1.21464064050828E-7,0.0196081355087744));
#4683=CARTESIAN_POINT('',(-0.0760740077427713,1.21464060359439E-7,0.0199999738890421));
#4684=CARTESIAN_POINT('',(-0.0760740077427795,-0.00265134676283341,0.0199999738890448));
#4685=CARTESIAN_POINT('',(-0.0760731495791919,-0.00795654829778833,0.0199992310643899));
#4686=CARTESIAN_POINT('',(-0.0757435782497504,-0.0158891271524269,0.0199946705791217));
#4687=CARTESIAN_POINT('',(-0.0748223073924201,-0.0224918620926916,0.0199871729007182));
#4688=CARTESIAN_POINT('',(-0.0733416444190512,-0.0275904541484771,0.0199795882353934));
#4689=CARTESIAN_POINT('',(-0.071787135679482,-0.0311865101920356,0.0199739416100034));
#4690=CARTESIAN_POINT('',(-0.0696595885374487,-0.0345548120020158,0.0199693948935022));
#4691=CARTESIAN_POINT('',(-0.0669210801763291,-0.0375367605368209,0.0199674356549278));
#4692=CARTESIAN_POINT('',(-0.0637380718830676,-0.0399593368864567,0.0199683933851337));
#4693=CARTESIAN_POINT('',(-0.0602548728710949,-0.0418611697110885,0.0199712602720693));
#4694=CARTESIAN_POINT('',(-0.0565273805602004,-0.0433452091878451,0.0199750083942318));
#4695=CARTESIAN_POINT('',(-0.0514228261415236,-0.0448387086404943,0.0199801679817015));
#4696=CARTESIAN_POINT('',(-0.0474816814516155,-0.0455583045455051,0.0199836673677231));
#4697=CARTESIAN_POINT('',(-0.0448429969368655,-0.0459333044025022,0.0199857119074735));
#4698=CARTESIAN_POINT('',(7.12460952081772E-7,-0.0468290689596191,0.0289509495610859));
#4699=CARTESIAN_POINT('',(6.40898455318697E-7,-0.0458496849887454,0.0332457065689755));
#4700=CARTESIAN_POINT('',(4.79325430869257E-7,-0.041972418003214,0.0401296096329125));
#4701=CARTESIAN_POINT('',(2.24290610253906E-7,-0.0315723691747516,0.045526555426509));
#4702=CARTESIAN_POINT('',(3.74061901607429E-8,-0.0182030730787757,0.0474778748376727));
#4703=CARTESIAN_POINT('',(2.3145923365636E-9,-0.00811231937068685,0.0475894253057347));
#4704=CARTESIAN_POINT('',(9.81964867191112E-14,-0.00300184808769042,0.0475982975980833));
#4705=CARTESIAN_POINT('',(-0.0441798043253414,-0.04499950558312,0.0199992651932907));
#4706=CARTESIAN_POINT('',(-0.0515249907638194,-0.0440084639368819,0.0199990125216683));
#4707=CARTESIAN_POINT('',(-0.0600440311502811,-0.041562342654879,0.0199987265538579));
#4708=CARTESIAN_POINT('',(-0.0673727226380735,-0.0360071954103553,0.0199986838964986));
#4709=CARTESIAN_POINT('',(-0.0711364467253824,-0.0306838655469338,0.0199988119046195));
#4710=CARTESIAN_POINT('',(-0.0734578905882782,-0.0242496698984949,0.0199991729109781));
#4711=CARTESIAN_POINT('',(-0.075049445247133,-0.014373597451426,0.0199997603993869));
#4712=CARTESIAN_POINT('',(-0.0750676045127382,-0.00581968131223808,0.0199999906124076));
#4713=CARTESIAN_POINT('',(-0.075064427670764,1.21464058420777E-7,0.0199999738567975));
#4714=CARTESIAN_POINT('',(-0.0442251546570431,-0.0453372645698636,0.0199948567335699));
#4715=CARTESIAN_POINT('',(-0.0515929318235416,-0.0443420838039598,0.0199929033559764));
#4716=CARTESIAN_POINT('',(-0.0601767948594283,-0.0418877883935539,0.0199889005339851));
#4717=CARTESIAN_POINT('',(-0.0676211421890848,-0.0362492034119163,0.0199878576020799));
#4718=CARTESIAN_POINT('',(-0.0714457294418371,-0.0308369495522993,0.0199903318767624));
#4719=CARTESIAN_POINT('',(-0.0737915351475154,-0.0243278168645385,0.0199942499400619));
#4720=CARTESIAN_POINT('',(-0.0753916535024649,-0.0143878682425777,0.0199987644164102));
#4721=CARTESIAN_POINT('',(-0.075407971805267,-0.00581999769029902,0.0200000413497696));
#4722=CARTESIAN_POINT('',(-0.0754052455976031,1.21464058034187E-7,0.0199999738675412));
#4723=CARTESIAN_POINT('',(-0.0442705086887938,-0.0456750230575051,0.0199904484087451));
#4724=CARTESIAN_POINT('',(-0.0516608755581753,-0.0446757069292561,0.0199867944548338));
#4725=CARTESIAN_POINT('',(-0.0603095840064394,-0.0422132200465322,0.0199790747711421));
#4726=CARTESIAN_POINT('',(-0.0678695526560433,-0.0364912149666911,0.0199770311708409));
#4727=CARTESIAN_POINT('',(-0.0717549957297555,-0.0309900659293539,0.0199818524305951));
#4728=CARTESIAN_POINT('',(-0.0741251772575429,-0.0244059809036674,0.0199893274764621));
#4729=CARTESIAN_POINT('',(-0.0757338621108978,-0.0144021398934558,0.0199977684788868));
#4730=CARTESIAN_POINT('',(-0.0757483390248774,-0.00582031432398076,0.0200000920865307));
#4731=CARTESIAN_POINT('',(-0.0757460635244421,1.21464057643309E-7,0.0199999738782849));
#4732=CARTESIAN_POINT('',(-0.0443158663103564,-0.0460127810608627,0.0199860402108324));
#4733=CARTESIAN_POINT('',(-0.0517288225972125,-0.0450093326973605,0.0199806858035964));
#4734=CARTESIAN_POINT('',(-0.0604423956752956,-0.0425386391716637,0.0199692492033341));
#4735=CARTESIAN_POINT('',(-0.0681179552016008,-0.0367332296028789,0.019966204635906));
#4736=CARTESIAN_POINT('',(-0.0720642475292733,-0.0311432106952798,0.0199733734233791));
#4737=CARTESIAN_POINT('',(-0.0744588169267041,-0.0244841610470576,0.0199844054550268));
#4738=CARTESIAN_POINT('',(-0.0760760711196571,-0.0144164125349727,0.0199967725983174));
#4739=CARTESIAN_POINT('',(-0.0760887061424494,-0.0058206311722262,0.0200001428184137));
#4740=CARTESIAN_POINT('',(-0.0760868814512811,1.21464057254645E-7,0.0199999738890286));
#4741=CARTESIAN_POINT('',(-4.09083162821083E-5,-0.00257579710145323,0.047598933543533));
#4742=CARTESIAN_POINT('',(0.000292957015387143,-0.00257766815548771,0.0475989332585639));
#4743=CARTESIAN_POINT('',(0.000846831589177129,-0.00254164872981495,0.0475989387766359));
#4744=CARTESIAN_POINT('',(0.00161189804412651,-0.00239353611518854,0.0475989580184635));
#4745=CARTESIAN_POINT('',(0.00226646581828908,-0.00217706412621999,0.0475989829095064));
#4746=CARTESIAN_POINT('',(0.0028659623940011,-0.00186699193014096,0.0475990131832481));
#4747=CARTESIAN_POINT('',(0.00335720120324064,-0.00148465181242226,0.0475990435394199));
#4748=CARTESIAN_POINT('',(0.00370535880771725,-0.00106432989716095,0.0475990686674522));
#4749=CARTESIAN_POINT('',(0.00394878634166511,-0.000571482259337932,0.0475990883245739));
#4750=CARTESIAN_POINT('',(0.00401240317569861,-0.000214515667821537,0.0475990942482665));
#4751=CARTESIAN_POINT('',(0.0040124017586087,1.21464081419343E-7,0.0475990942481896));
#4752=CARTESIAN_POINT('',(-0.000146099103370888,-0.0085645919432996,0.0475900461468284));
#4753=CARTESIAN_POINT('',(0.00104705675864349,-0.00857032228444424,0.0475900458568051));
#4754=CARTESIAN_POINT('',(0.00299312263365934,-0.00846019784411709,0.0475900499486658));
#4755=CARTESIAN_POINT('',(0.00561480636674134,-0.00799400236724881,0.0475901771505532));
#4756=CARTESIAN_POINT('',(0.00780875594814049,-0.00730119748879244,0.0475904230516625));
#4757=CARTESIAN_POINT('',(0.00977350817825027,-0.00629191707816552,0.0475906449265343));
#4758=CARTESIAN_POINT('',(0.011349384835252,-0.00502894457213114,0.047590663333521));
#4759=CARTESIAN_POINT('',(0.0124434383394843,-0.00362240504217511,0.0475905951165094));
#4760=CARTESIAN_POINT('',(0.0131948703718203,-0.00195570606221707,0.0475905376068542));
#4761=CARTESIAN_POINT('',(0.0133860389856577,-0.000736527044890128,0.0475905284195977));
#4762=CARTESIAN_POINT('',(0.0133860314325654,1.21464059057957E-7,0.0475905286134713));
#4763=CARTESIAN_POINT('',(-0.000396710283986762,-0.0174207593650905,0.0475012966457718));
#4764=CARTESIAN_POINT('',(0.00285035049041035,-0.0174275209814364,0.0475012934970167));
#4765=CARTESIAN_POINT('',(0.00784321439683151,-0.0173001629696184,0.0475013634531318));
#4766=CARTESIAN_POINT('',(0.0139546865802856,-0.0166102061939741,0.0475012838792124));
#4767=CARTESIAN_POINT('',(0.0186008853392305,-0.0154639866013201,0.0475009862295339));
#4768=CARTESIAN_POINT('',(0.0223248985322735,-0.0136227713869888,0.0475008735016662));
#4769=CARTESIAN_POINT('',(0.0249715422825054,-0.0111319591677685,0.0475013246515878));
#4770=CARTESIAN_POINT('',(0.0265763225662324,-0.0081777263340649,0.0475019507838891));
#4771=CARTESIAN_POINT('',(0.0275372658210147,-0.00451031693960177,0.0475024636334987));
#4772=CARTESIAN_POINT('',(0.0277259421124872,-0.00171785088367033,0.0475025974432956));
#4773=CARTESIAN_POINT('',(0.0277258884299579,1.21464071253455E-7,0.0475025967414763));
#4774=CARTESIAN_POINT('',(-0.000728181733953223,-0.0279012307035293,0.0459958550542248));
#4775=CARTESIAN_POINT('',(0.00523677523272532,-0.0279060399965477,0.0459959800901043));
#4776=CARTESIAN_POINT('',(0.0142075331130692,-0.0278210551511719,0.0459934378767939));
#4777=CARTESIAN_POINT('',(0.0247458063589826,-0.0270112401046493,0.0459858054997003));
#4778=CARTESIAN_POINT('',(0.0323818831597194,-0.0254494295935692,0.045976228392971));
#4779=CARTESIAN_POINT('',(0.0381064349355998,-0.0226826811636259,0.0459630214087357));
#4780=CARTESIAN_POINT('',(0.0418173735783349,-0.0187163482915454,0.0459472697046733));
#4781=CARTESIAN_POINT('',(0.0437832979210702,-0.0138415136791667,0.0459328191541787));
#4782=CARTESIAN_POINT('',(0.0447595750987002,-0.00767028933571195,0.0459211341079906));
#4783=CARTESIAN_POINT('',(0.0448595296331043,-0.00291956446652367,0.0459176037379086));
#4784=CARTESIAN_POINT('',(0.0448593951056182,1.2146407312597E-7,0.0459176080738243));
#4785=CARTESIAN_POINT('',(-0.00094184333528681,-0.0348450699235711,0.0438500620025617));
#4786=CARTESIAN_POINT('',(0.00677469767223975,-0.0348479242808604,0.0438503760219384));
#4787=CARTESIAN_POINT('',(0.0183230472197923,-0.0348039958781271,0.0438440646886404));
#4788=CARTESIAN_POINT('',(0.0317560749368507,-0.0339362850666409,0.0438283489030153));
#4789=CARTESIAN_POINT('',(0.0413697506455615,-0.0321030235510066,0.0438114036439901));
#4790=CARTESIAN_POINT('',(0.0484379800635111,-0.0286965490083554,0.0437853635727727));
#4791=CARTESIAN_POINT('',(0.0528735214818824,-0.023708837094243,0.0437476892498983));
#4792=CARTESIAN_POINT('',(0.0550877801048694,-0.0175278957950254,0.0437102465002013));
#4793=CARTESIAN_POINT('',(0.0560762949251529,-0.00969119107514573,0.0436801222740038));
#4794=CARTESIAN_POINT('',(0.0561161872254319,-0.00367491377686617,0.0436712585678275));
#4795=CARTESIAN_POINT('',(0.0561160014575318,1.21464083134618E-7,0.0436712734799367));
#4796=CARTESIAN_POINT('',(-0.00109327702465676,-0.0402973345072344,0.0405431901945182));
#4797=CARTESIAN_POINT('',(0.00786401248086673,-0.040298582866612,0.0405437691386568));
#4798=CARTESIAN_POINT('',(0.0212673975598954,-0.0402881080915093,0.0405324672564205));
#4799=CARTESIAN_POINT('',(0.0368454993983327,-0.0393738003390315,0.0405094842582105));
#4800=CARTESIAN_POINT('',(0.0479845109169999,-0.0373156277104094,0.0404967760691317));
#4801=CARTESIAN_POINT('',(0.0561576032539796,-0.0333551823253461,0.0404767886417931));
#4802=CARTESIAN_POINT('',(0.0612372080898196,-0.0274966404052161,0.0404183277179929));
#4803=CARTESIAN_POINT('',(0.0637095951805246,-0.0202586171842612,0.0403502167237715));
#4804=CARTESIAN_POINT('',(0.0647586366009972,-0.0111385486100805,0.040296034399168));
#4805=CARTESIAN_POINT('',(0.0647679646514107,-0.00419951568419181,0.0402806976464387));
#4806=CARTESIAN_POINT('',(0.064767766498277,1.21464084007553E-7,0.0402807323820306));
#4807=CARTESIAN_POINT('',(-0.00118356805907492,-0.0439629363114723,0.0363688964610754));
#4808=CARTESIAN_POINT('',(0.00851299802932632,-0.0439632701056112,0.036369725039216));
#4809=CARTESIAN_POINT('',(0.0230437393635968,-0.0439720834163625,0.0363540337881223));
#4810=CARTESIAN_POINT('',(0.0399715444911164,-0.043021556685884,0.0363188064362922));
#4811=CARTESIAN_POINT('',(0.0521155758618011,-0.0408205783828021,0.0363004919609602));
#4812=CARTESIAN_POINT('',(0.0610949743799037,-0.0364817600716585,0.036302023029285));
#4813=CARTESIAN_POINT('',(0.0666901943579788,-0.0299682565617563,0.0362461433216918));
#4814=CARTESIAN_POINT('',(0.0693800138197295,-0.0219760904875769,0.0361563692922987));
#4815=CARTESIAN_POINT('',(0.0705035218244254,-0.0120047185986514,0.0360867414492199));
#4816=CARTESIAN_POINT('',(0.070504183156624,-0.0044992960848426,0.0360676502055365));
#4817=CARTESIAN_POINT('',(0.0705040360625219,1.21464085332012E-7,0.0360677069111712));
#4818=CARTESIAN_POINT('',(-0.00122804596255769,-0.0459224386708195,0.0323428383273495));
#4819=CARTESIAN_POINT('',(0.00883250807526579,-0.0459224887511118,0.0323437350949616));
#4820=CARTESIAN_POINT('',(0.0239268122074733,-0.0459380194310142,0.0323268999495947));
#4821=CARTESIAN_POINT('',(0.0415454207207203,-0.0449562420957423,0.0322826553588105));
#4822=CARTESIAN_POINT('',(0.0542149689221323,-0.0426692723467087,0.0322467006752684));
#4823=CARTESIAN_POINT('',(0.0636461036391164,-0.0381377478217293,0.0322364785196335));
#4824=CARTESIAN_POINT('',(0.0695598840632474,-0.0312545272264652,0.0321879390583575));
#4825=CARTESIAN_POINT('',(0.0723798564572062,-0.0228351199831012,0.0321031726029016));
#4826=CARTESIAN_POINT('',(0.0735535125554444,-0.0124134681045256,0.0320377495832967));
#4827=CARTESIAN_POINT('',(0.073553676309225,-0.00463213475409418,0.0320196201145099));
#4828=CARTESIAN_POINT('',(0.0735535822473017,1.21464087584846E-7,0.0320196604598816));
#4829=CARTESIAN_POINT('',(-0.00124924921519809,-0.0468897220954275,0.0289235329391314));
#4830=CARTESIAN_POINT('',(0.00898478162004642,-0.0468897883439571,0.028924327033133));
#4831=CARTESIAN_POINT('',(0.0243494537587943,-0.0469057545894701,0.0289093453885578));
#4832=CARTESIAN_POINT('',(0.0423020152871646,-0.0458980850941152,0.0288666064530255));
#4833=CARTESIAN_POINT('',(0.0552263246376913,-0.0435547918950228,0.0288253224626338));
#4834=CARTESIAN_POINT('',(0.0648763314024336,-0.0389186851323465,0.028801459457278));
#4835=CARTESIAN_POINT('',(0.0709508061616221,-0.0318502236832213,0.0287583495446156));
#4836=CARTESIAN_POINT('',(0.0738377559730915,-0.0232178337982724,0.0286915924284557));
#4837=CARTESIAN_POINT('',(0.0750381839131502,-0.0125824892688518,0.0286392439468834));
#4838=CARTESIAN_POINT('',(0.0750388309181609,-0.00468198026837839,0.0286241423415687));
#4839=CARTESIAN_POINT('',(0.0750387564412226,1.21464086735645E-7,0.0286241511015213));
#4840=CARTESIAN_POINT('',(-0.00125835014896811,-0.0473149054673568,0.0263991616993119));
#4841=CARTESIAN_POINT('',(0.00905012765064203,-0.0473150863260946,0.026399798647353));
#4842=CARTESIAN_POINT('',(0.024531328654374,-0.047329173977629,0.0263877304678411));
#4843=CARTESIAN_POINT('',(0.0426283870785314,-0.0463030444266814,0.026351480389726));
#4844=CARTESIAN_POINT('',(0.0556629796218513,-0.043926001815407,0.0263133098827347));
#4845=CARTESIAN_POINT('',(0.0654059360712585,-0.0392348800188706,0.0262852721025146));
#4846=CARTESIAN_POINT('',(0.0715485960771926,-0.0320821527727465,0.0262512815458364));
#4847=CARTESIAN_POINT('',(0.0744654396352096,-0.023357502541235,0.0262058110898047));
#4848=CARTESIAN_POINT('',(0.0756780674587106,-0.0126354462966193,0.0261694086383396));
#4849=CARTESIAN_POINT('',(0.0756789951006643,-0.00469399262651806,0.0261583850501239));
#4850=CARTESIAN_POINT('',(0.0756789235410946,1.21464088658463E-7,0.0261583697229049));
#4851=CARTESIAN_POINT('',(-0.0012625803559299,-0.0475063326233761,0.0244211932905291));
#4852=CARTESIAN_POINT('',(0.00908050935372671,-0.0475066575729849,0.0244216537223858));
#4853=CARTESIAN_POINT('',(0.0246155027893058,-0.0475181041271919,0.024412868723914));
#4854=CARTESIAN_POINT('',(0.0427783690992695,-0.0464778663999599,0.0243862347590896));
#4855=CARTESIAN_POINT('',(0.0558623477343445,-0.0440786478072146,0.0243574551443457));
#4856=CARTESIAN_POINT('',(0.0656451604090626,-0.0393556642341267,0.0243352733689573));
#4857=CARTESIAN_POINT('',(0.071815935439678,-0.0321619373654706,0.0243143094311166));
#4858=CARTESIAN_POINT('',(0.0747451710786053,-0.0233968608750434,0.0242878543945537));
#4859=CARTESIAN_POINT('',(0.0759624031606341,-0.0126419849227066,0.0242653944552219));
#4860=CARTESIAN_POINT('',(0.0759631037279112,-0.00469149507229169,0.024257941476454));
#4861=CARTESIAN_POINT('',(0.0759630306310221,1.21464088789551E-7,0.0242579113969757));
#4862=CARTESIAN_POINT('',(-0.00126390513790938,-0.0475780930165009,0.0230267223004343));
#4863=CARTESIAN_POINT('',(0.00909000547242761,-0.0475785449383063,0.0230270393749929));
#4864=CARTESIAN_POINT('',(0.0246425678413643,-0.047587578061416,0.0230210213446093));
#4865=CARTESIAN_POINT('',(0.0428283400036802,-0.0465375926659842,0.0230013676339346));
#4866=CARTESIAN_POINT('',(0.0559305755918883,-0.0441247865148446,0.0229783905295224));
#4867=CARTESIAN_POINT('',(0.0657285823468724,-0.0393847131736158,0.0229586365179352));
#4868=CARTESIAN_POINT('',(0.0719109728021767,-0.0321734301507462,0.0229491328727576));
#4869=CARTESIAN_POINT('',(0.0748468365264714,-0.0233938646899922,0.0229423833578585));
#4870=CARTESIAN_POINT('',(0.0760673129798802,-0.0126313535159085,0.022935628190616));
#4871=CARTESIAN_POINT('',(0.0760683694113895,-0.00468460512252715,0.0229326896048017));
#4872=CARTESIAN_POINT('',(0.0760682942145513,1.21464087760996E-7,0.022932646851517));
#4873=CARTESIAN_POINT('',(-0.00126381989306402,-0.0476001587524909,0.0219711281633515));
#4874=CARTESIAN_POINT('',(0.00908935332404816,-0.0476007211437857,0.0219713195354656));
#4875=CARTESIAN_POINT('',(0.0246424053788643,-0.0476076236556474,0.0219677253025701));
#4876=CARTESIAN_POINT('',(0.042831929277041,-0.0465502743968109,0.021955010815107));
#4877=CARTESIAN_POINT('',(0.0559394403528594,-0.0441281311865804,0.0219391463540243));
#4878=CARTESIAN_POINT('',(0.0657433285575548,-0.039377744577047,0.0219253293504294));
#4879=CARTESIAN_POINT('',(0.0719318695397674,-0.032159036325546,0.0219270210413025));
#4880=CARTESIAN_POINT('',(0.0748735884144211,-0.0233758039181099,0.0219355321832931));
#4881=CARTESIAN_POINT('',(0.0760983141692149,-0.0126154823041882,0.0219408645230105));
#4882=CARTESIAN_POINT('',(0.0761005317472027,-0.0046767558996234,0.0219414253457077));
#4883=CARTESIAN_POINT('',(0.0761004546556784,1.21464087084967E-7,0.0219413750992572));
#4884=CARTESIAN_POINT('',(-0.00126325928856727,-0.0476006280845244,0.0212049842617599));
#4885=CARTESIAN_POINT('',(0.00908528672946304,-0.0476012780201825,0.0212050825337082));
#4886=CARTESIAN_POINT('',(0.0246327895579994,-0.0476064777487769,0.0212032848983889));
#4887=CARTESIAN_POINT('',(0.0428186832196303,-0.0465437354614675,0.0211953856246639));
#4888=CARTESIAN_POINT('',(0.0559259225108162,-0.0441151523333709,0.0211839803851762));
#4889=CARTESIAN_POINT('',(0.0657310520929263,-0.0393583961670446,0.0211731148714451));
#4890=CARTESIAN_POINT('',(0.0719224886008661,-0.0321374108924804,0.0211828466346402));
#4891=CARTESIAN_POINT('',(0.0748689477516227,-0.0233552498331649,0.0212037608202113));
#4892=CARTESIAN_POINT('',(0.0760976536088495,-0.0126003530761346,0.0212189961625546));
#4893=CARTESIAN_POINT('',(0.0761011299832064,-0.00466986685780213,0.0212224159408748));
#4894=CARTESIAN_POINT('',(0.0761010507302849,1.21464086923655E-7,0.021222358631883));
#4895=CARTESIAN_POINT('',(-0.00126220232362674,-0.0475881940774988,0.020380605807803));
#4896=CARTESIAN_POINT('',(0.00907764153290461,-0.0475889446482659,0.0203805844985775));
#4897=CARTESIAN_POINT('',(0.0246138530846944,-0.0475921778372093,0.0203811018229925));
#4898=CARTESIAN_POINT('',(0.042790305018135,-0.046523709255157,0.0203808295551311));
#4899=CARTESIAN_POINT('',(0.0558939298225053,-0.044088830278593,0.0203787511650989));
#4900=CARTESIAN_POINT('',(0.0656989503183132,-0.0393266977209951,0.0203785136095989));
#4901=CARTESIAN_POINT('',(0.0718932020381169,-0.0321049576894911,0.0204004687782293));
#4902=CARTESIAN_POINT('',(0.0748447598924946,-0.0233263466936743,0.0204332808701));
#4903=CARTESIAN_POINT('',(0.0760782165599438,-0.0125805378470804,0.0204579178398478));
#4904=CARTESIAN_POINT('',(0.0760833670562339,-0.00466122144010064,0.020464137657367));
#4905=CARTESIAN_POINT('',(0.0760832868293675,1.21464087073171E-7,0.0204640781527914));
#4906=CARTESIAN_POINT('',(-0.00126151868602443,-0.0475811299857788,0.0198207187471177));
#4907=CARTESIAN_POINT('',(0.00907269580283241,-0.0475819482141807,0.0198206097600979));
#4908=CARTESIAN_POINT('',(0.0246016537967958,-0.0475838610608383,0.0198228265815584));
#4909=CARTESIAN_POINT('',(0.0427721877731373,-0.0465115574785908,0.0198287345575805));
#4910=CARTESIAN_POINT('',(0.0558737486860925,-0.0440725090856384,0.0198349636521154));
#4911=CARTESIAN_POINT('',(0.0656793324162013,-0.0393068287216989,0.0198452715565699));
#4912=CARTESIAN_POINT('',(0.0718759596086034,-0.0320839613151118,0.019876894736046));
#4913=CARTESIAN_POINT('',(0.0748307361480787,-0.0233071642420059,0.0199167173703448));
#4914=CARTESIAN_POINT('',(0.0760671960130179,-0.0125672050763902,0.0199468224000594));
#4915=CARTESIAN_POINT('',(0.0760734229928706,-0.00465536613869552,0.0199547155265246));
#4916=CARTESIAN_POINT('',(0.0760733429194147,1.21464087147927E-7,0.0199546572213485));
#4917=CARTESIAN_POINT('',(-0.00126104155787269,-0.0475757343392351,0.0194426444913757));
#4918=CARTESIAN_POINT('',(0.00906924446568105,-0.0475765985690152,0.0194424792263361));
#4919=CARTESIAN_POINT('',(0.0245931164499623,-0.0475776128931066,0.0194457860051554));
#4920=CARTESIAN_POINT('',(0.0427594302525705,-0.0465026950190177,0.0194554141361063));
#4921=CARTESIAN_POINT('',(0.0558594199625744,-0.0440607827560491,0.0194663591604237));
#4922=CARTESIAN_POINT('',(0.0656650952292274,-0.0392926602624312,0.0194822806244187));
#4923=CARTESIAN_POINT('',(0.0718631168196686,-0.0320693094773706,0.0195198133123993));
#4924=CARTESIAN_POINT('',(0.0748201769235795,-0.0232940085571984,0.0195648547251578));
#4925=CARTESIAN_POINT('',(0.0760587662985942,-0.0125581459387301,0.0195990676722104));
#4926=CARTESIAN_POINT('',(0.0760657476859117,-0.00465140517026417,0.0196081942135173));
#4927=CARTESIAN_POINT('',(0.0760656673459805,1.21464087209621E-7,0.0196081354994267));
#4928=CARTESIAN_POINT('',(-1.24972306808635E-11,-0.00300190745785976,0.0475982974259548));
#4929=CARTESIAN_POINT('',(0.000476743609552103,-0.00300195765491531,0.0475982973097507));
#4930=CARTESIAN_POINT('',(0.00139434493657986,-0.00300205398505404,0.0475981737620721));
#4931=CARTESIAN_POINT('',(0.00245156288129932,-0.0030021642307817,0.0475977111438357));
#4932=CARTESIAN_POINT('',(0.00324359106713404,-0.00300224633982316,0.0475971559508957));
#4933=CARTESIAN_POINT('',(0.00371595599060063,-0.00300229509519301,0.0475967322230117));
#4934=CARTESIAN_POINT('',(0.00408088694446542,-0.00300233262600636,0.0475963462448068));
#4935=CARTESIAN_POINT('',(0.00434648673782809,-0.00300235987270091,0.0475960357172266));
#4936=CARTESIAN_POINT('',(0.00456656338703444,-0.00300238238609803,0.0475957510772901));
#4937=CARTESIAN_POINT('',(0.00470913165339651,-0.00300239694273005,0.0475955546692792));
#4938=CARTESIAN_POINT('',(0.00480309380042007,-0.00300240652286876,0.0475954193188647));
#4939=CARTESIAN_POINT('',(0.00483557743938103,-0.00300240983670393,0.0475953733420001));
#4940=CARTESIAN_POINT('',(0.00501124180576416,-0.0030024277187691,0.0475951081103583));
#4941=CARTESIAN_POINT('',(0.00519444866555862,-0.0030024463226753,0.0475948116367984));
#4942=CARTESIAN_POINT('',(0.00553620806529166,-0.00300248093498682,0.0475942188640223));
#4943=CARTESIAN_POINT('',(0.00600585854537164,-0.00300252820024112,0.0475932749081491));
#4944=CARTESIAN_POINT('',(0.0065644970127521,-0.0030025839555089,0.0475919509384498));
#4945=CARTESIAN_POINT('',(0.00729395822033926,-0.00300265611461576,0.0475899433964541));
#4946=CARTESIAN_POINT('',(0.0081809791918353,-0.00300274263663128,0.0475869738995691));
#4947=CARTESIAN_POINT('',(0.00954561007117426,-0.0030028730561714,0.047581243656388));
#4948=CARTESIAN_POINT('',(0.0111497951784996,-0.00300302113035246,0.0475722440152367));
#4949=CARTESIAN_POINT('',(0.0123246005479608,-0.00300312362588181,0.0475630852486603));
#4950=CARTESIAN_POINT('',(0.0128848813584606,-0.00300317088409998,0.047558016082014));
#4951=CARTESIAN_POINT('',(0.0143299915350708,-0.0471511900758865,0.0271145753088439));
#4952=CARTESIAN_POINT('',(0.0096212149585799,-0.0469902690382103,0.0283366675088165));
#4953=CARTESIAN_POINT('',(0.0048463524749583,-0.0468290828592841,0.0289508885295516));
#4954=CARTESIAN_POINT('',(7.12460983820022E-7,-0.0468290689595867,0.0289509495612277));
#4955=CARTESIAN_POINT('',(0.0760740077427248,1.21464072687122E-7,0.0199999738871665));
#4956=CARTESIAN_POINT('',(0.0760740077427245,-0.00265133357170741,0.0199999738871661));
#4957=CARTESIAN_POINT('',(0.076073138635765,-0.00795644365890717,0.0199992310477926));
#4958=CARTESIAN_POINT('',(0.0757436254833117,-0.0158890853801405,0.01999467078882));
#4959=CARTESIAN_POINT('',(0.0748221206887357,-0.0224925913492659,0.0199871718190187));
#4960=CARTESIAN_POINT('',(0.0733418084986544,-0.0275898315938502,0.019979589201195));
#4961=CARTESIAN_POINT('',(0.0717876076655444,-0.0311857470625419,0.0199739426681781));
#4962=CARTESIAN_POINT('',(0.0696592054812549,-0.0345553269478891,0.0199693943364012));
#4963=CARTESIAN_POINT('',(0.0669212185859677,-0.0375366674706742,0.0199674355893501));
#4964=CARTESIAN_POINT('',(0.0637368692884389,-0.039960135572778,0.0199683940337606));
#4965=CARTESIAN_POINT('',(0.0602546970784562,-0.0418612109431341,0.0199712605386294));
#4966=CARTESIAN_POINT('',(0.0565267717378487,-0.0433454269353187,0.0199750089846));
#4967=CARTESIAN_POINT('',(0.0514229589714076,-0.0448386433536315,0.0199801678634052));
#4968=CARTESIAN_POINT('',(0.0474814129784756,-0.0455583426998738,0.0199836675757445));
#4969=CARTESIAN_POINT('',(0.0448429969368643,-0.0459333044024874,0.0199857119074741));
#4970=CARTESIAN_POINT('',(0.0760868828066427,1.21465010069959E-7,0.0199999738875717));
#4971=CARTESIAN_POINT('',(0.0760887074960323,-0.00582063117318819,0.0200001428177683));
#4972=CARTESIAN_POINT('',(0.0760760724807124,-0.014416412590904,0.0199967725949628));
#4973=CARTESIAN_POINT('',(0.0744588182537196,-0.0244841613574913,0.0199844054352996));
#4974=CARTESIAN_POINT('',(0.0720642487593253,-0.0311432113040334,0.019973373389678));
#4975=CARTESIAN_POINT('',(0.0681179561897093,-0.0367332305651636,0.0199662045928577));
#4976=CARTESIAN_POINT('',(0.0604423962036681,-0.0425386404658026,0.0199692491642363));
#4977=CARTESIAN_POINT('',(0.0517288228675342,-0.0450093340241763,0.0199806857793043));
#4978=CARTESIAN_POINT('',(0.044315866490739,-0.0460127824041351,0.0199860401933015));
#4979=CARTESIAN_POINT('',(0.0757459886730815,1.21465010130855E-7,0.0199999738768435));
#4980=CARTESIAN_POINT('',(0.0757482642725393,-0.00582031425408964,0.0200000920745537));
#4981=CARTESIAN_POINT('',(0.0757337869541843,-0.0144021367580329,0.0199977686982014));
#4982=CARTESIAN_POINT('',(0.0741251039828971,-0.0244059637330213,0.0199893285572975));
#4983=CARTESIAN_POINT('',(0.071754927811288,-0.0309900322949505,0.0199818542927972));
#4984=CARTESIAN_POINT('',(0.0678694981014792,-0.0364911618146171,0.0199770335486023));
#4985=CARTESIAN_POINT('',(0.0603095548381313,-0.0422131485771441,0.0199790769290379));
#4986=CARTESIAN_POINT('',(0.0516608606355618,-0.0446756336575072,0.0199867957964339));
#4987=CARTESIAN_POINT('',(0.0442704987272251,-0.0456749488782539,0.0199904493768846));
#4988=CARTESIAN_POINT('',(0.0754050945395202,1.21465010185241E-7,0.0199999738661152));
#4989=CARTESIAN_POINT('',(0.0754078209469619,-0.00581999754965097,0.0200000413264589));
#4990=CARTESIAN_POINT('',(0.0753915018281626,-0.0143878619162436,0.0199987648584197));
#4991=CARTESIAN_POINT('',(0.0737913872701151,-0.0243277822200126,0.0199942521216574));
#4992=CARTESIAN_POINT('',(0.0714455923683873,-0.0308368816873999,0.0199903356350621));
#4993=CARTESIAN_POINT('',(0.0676210320883162,-0.0362490961468569,0.019987862400605));
#4994=CARTESIAN_POINT('',(0.0601767360044876,-0.0418876441550492,0.0199889048889609));
#4995=CARTESIAN_POINT('',(0.0515929017094796,-0.0443419359348217,0.0199929060635805));
#4996=CARTESIAN_POINT('',(0.0442251345551283,-0.0453371148678724,0.0199948586874365));
#4997=CARTESIAN_POINT('',(0.075064200405959,1.21465010246123E-7,0.0199999738553869));
#4998=CARTESIAN_POINT('',(0.0750673775484407,-0.00581968110095611,0.0199999905777639));
#4999=CARTESIAN_POINT('',(0.0750492170553881,-0.0143735879345365,0.0199997610641088));
#5000=CARTESIAN_POINT('',(0.0734576681070281,-0.0242496177879427,0.0199991761935754));
#5001=CARTESIAN_POINT('',(0.07113624048915,-0.0306837634669472,0.0199988175593113));
#5002=CARTESIAN_POINT('',(0.0673725569867651,-0.0360070340340111,0.0199986911157182));
#5003=CARTESIAN_POINT('',(0.0600439426207638,-0.0415621256405949,0.0199987331060436));
#5004=CARTESIAN_POINT('',(0.0515249454593536,-0.044008241471957,0.0199990165953978));
#5005=CARTESIAN_POINT('',(0.0441797740847603,-0.044999280358162,0.0199992681329465));
#5006=CARTESIAN_POINT('',(0.0144217714073268,-0.0471543250089316,0.0270906751572649));
#5007=CARTESIAN_POINT('',(0.0121506962234256,-0.0470767932009103,0.0276840614868522));
#5008=CARTESIAN_POINT('',(0.00986411210289276,-0.0469955397608069,0.0281343515442518));
#5009=CARTESIAN_POINT('',(0.00506037393541678,-0.0468696233397573,0.0287804797792602));
#5010=CARTESIAN_POINT('',(0.00254032252882534,-0.0468290762444472,0.0289509175743986));
#5011=CARTESIAN_POINT('',(7.12460983820022E-7,-0.0468290689595867,0.0289509495612277));
#5012=CARTESIAN_POINT('',(0.0144146416467772,-0.0461603689988109,0.0269332900609012));
#5013=CARTESIAN_POINT('',(0.0121461331794959,-0.0460859830096847,0.0275066859811803));
#5014=CARTESIAN_POINT('',(0.00986126036458729,-0.0460079052655592,0.0279407688865762));
#5015=CARTESIAN_POINT('',(0.00505985163597989,-0.0458869004273759,0.0285632608736231));
#5016=CARTESIAN_POINT('',(0.00254030617042763,-0.045847900382115,0.0287271697693496));
#5017=CARTESIAN_POINT('',(7.12457324104047E-7,-0.0458478933727595,0.0287272005480448));
#5018=CARTESIAN_POINT('',(-0.0547257578813918,1.21464058070254E-7,0.0426975768245866));
#5019=CARTESIAN_POINT('',(-0.0547257578813918,-0.00137259875197935,0.0426975768245874));
#5020=CARTESIAN_POINT('',(-0.0545993489619647,-0.00272115677578932,0.0427319936795782));
#5021=CARTESIAN_POINT('',(-0.0542301528051345,-0.00470971446391111,0.0428244892486934));
#5022=CARTESIAN_POINT('',(-0.0540769524047309,-0.00536683589648418,0.0428621144629261));
#5023=CARTESIAN_POINT('',(-0.0538014319282609,-0.00634389302322782,0.0429272702545433));
#5024=CARTESIAN_POINT('',(-0.0537019597821388,-0.0066681390861457,0.0429504411648451));
#5025=CARTESIAN_POINT('',(-0.053487514349213,-0.00731372021447171,0.0429994354800237));
#5026=CARTESIAN_POINT('',(-0.0533722856201086,-0.00763571073106273,0.0430253148392071));
#5027=CARTESIAN_POINT('',(-0.0527595102052752,-0.00923058532448504,0.0431600499240047));
#5028=CARTESIAN_POINT('',(-0.0521600435916557,-0.0104420342260328,0.0432831287375589));
#5029=CARTESIAN_POINT('',(-0.0511029234717018,-0.0121674664543164,0.0434760703814956));
#5030=CARTESIAN_POINT('',(-0.050724051860736,-0.012727213307452,0.0435418189179916));
#5031=CARTESIAN_POINT('',(-0.049912201672077,-0.0138154734411822,0.0436742607826029));
#5032=CARTESIAN_POINT('',(-0.049477233727552,-0.0143458558697442,0.0437412089389001));
#5033=CARTESIAN_POINT('',(-0.0481146534234742,-0.01585983880227,0.0439373075466284));
#5034=CARTESIAN_POINT('',(-0.0471244793389064,-0.0167757088399214,0.044062477040144));
#5035=CARTESIAN_POINT('',(-0.0455181208194061,-0.0180116599369648,0.0442377344887399));
#5036=CARTESIAN_POINT('',(-0.0449623631300945,-0.018400519656406,0.0442941286823583));
#5037=CARTESIAN_POINT('',(-0.044097336418479,-0.0189480391081846,0.0443756747752908));
#5038=CARTESIAN_POINT('',(-0.0438034279480706,-0.0191247095251426,0.0444023761380394));
#5039=CARTESIAN_POINT('',(-0.0432111515622507,-0.0194624214465207,0.0444542839976266));
#5040=CARTESIAN_POINT('',(-0.042912069867879,-0.0196239381405245,0.0444795606698942));
#5041=CARTESIAN_POINT('',(-0.0414021905412565,-0.0203953838328897,0.044602885984489));
#5042=CARTESIAN_POINT('',(-0.0401483203389481,-0.020897783343487,0.0446916343357783));
#5043=CARTESIAN_POINT('',(-0.0385239780939814,-0.0213821647088169,0.0447968788171596));
#5044=CARTESIAN_POINT('',(-0.0381962381627833,-0.0214718049627914,0.0448176503150287));
#5045=CARTESIAN_POINT('',(-0.0375349392668591,-0.0216363835170958,0.0448588299416664));
#5046=CARTESIAN_POINT('',(-0.0372006409067517,-0.0217114652553288,0.0448792826458344));
#5047=CARTESIAN_POINT('',(-0.0361942231496352,-0.0219131163703218,0.044940067207224));
#5048=CARTESIAN_POINT('',(-0.0355220372777939,-0.0220156111956984,0.0449796372518534));
#5049=CARTESIAN_POINT('',(-0.0346462320561454,-0.0221086442650741,0.0450309055849367));
#5050=CARTESIAN_POINT('',(-0.0344436670170703,-0.0221273678911968,0.045042747754059));
#5051=CARTESIAN_POINT('',(-0.0342409987616768,-0.0221433032543644,0.0450545946104879));
#5052=CARTESIAN_POINT('',(-0.0548068189372825,1.2146405824223E-7,0.0429956666235786));
#5053=CARTESIAN_POINT('',(-0.0548068189372824,-0.00137265133365333,0.0429956666235794));
#5054=CARTESIAN_POINT('',(-0.0546797524975725,-0.00272146903958342,0.0430302644132435));
#5055=CARTESIAN_POINT('',(-0.0543087318775114,-0.00471077820258036,0.0431232417872272));
#5056=CARTESIAN_POINT('',(-0.0541547836739242,-0.00536821040073624,0.0431610622591322));
#5057=CARTESIAN_POINT('',(-0.0538779498973539,-0.00634583126237986,0.0432265525728724));
#5058=CARTESIAN_POINT('',(-0.0537780080416891,-0.00667028151363874,0.0432498419162125));
#5059=CARTESIAN_POINT('',(-0.0535625621070653,-0.00731630498292728,0.0432990850932538));
#5060=CARTESIAN_POINT('',(-0.053446801424963,-0.00763853418344247,0.0433250951608762));
#5061=CARTESIAN_POINT('',(-0.0528312337064794,-0.00923468493024539,0.0434605057110891));
#5062=CARTESIAN_POINT('',(-0.0522291453999058,-0.0104473949848011,0.0435841858437822));
#5063=CARTESIAN_POINT('',(-0.0511677366457008,-0.0121750665096213,0.0437780183962778));
#5064=CARTESIAN_POINT('',(-0.0507873744088025,-0.0127356189741623,0.0438440625737419));
#5065=CARTESIAN_POINT('',(-0.0499724445253859,-0.0138256119663008,0.043977080261338));
#5066=CARTESIAN_POINT('',(-0.0495358808761379,-0.0143569259720114,0.0440443095530958));
#5067=CARTESIAN_POINT('',(-0.0481684863524484,-0.0158738330970693,0.0442411972905232));
#5068=CARTESIAN_POINT('',(-0.0471750538235323,-0.0167918151112227,0.0443668234416187));
#5069=CARTESIAN_POINT('',(-0.0455638331367995,-0.0180310712588839,0.0445426375594756));
#5070=CARTESIAN_POINT('',(-0.0450064583276264,-0.0184210553449871,0.0445991962343819));
#5071=CARTESIAN_POINT('',(-0.0441390205435431,-0.0189702751634968,0.0446809572459764));
#5072=CARTESIAN_POINT('',(-0.0438443100946108,-0.0191475153352985,0.0447077249788363));
#5073=CARTESIAN_POINT('',(-0.0432504527967178,-0.019486354940753,0.0447597540784558));
#5074=CARTESIAN_POINT('',(-0.0429505911043877,-0.0196484288182131,0.0447850858545334));
#5075=CARTESIAN_POINT('',(-0.0414368662767518,-0.0204226146426773,0.0449086617342824));
#5076=CARTESIAN_POINT('',(-0.0401800948064545,-0.0209270611437157,0.0449975296081097));
#5077=CARTESIAN_POINT('',(-0.0385523728196802,-0.0214136017054459,0.0451028764015467));
#5078=CARTESIAN_POINT('',(-0.0382239692314179,-0.0215036537514155,0.0451236660679651));
#5079=CARTESIAN_POINT('',(-0.0375613680835664,-0.0216690101549134,0.0451648789879023));
#5080=CARTESIAN_POINT('',(-0.0372264297417909,-0.0217444587190795,0.0451853468465391));
#5081=CARTESIAN_POINT('',(-0.0362181402778932,-0.0219471276738556,0.0452461744491115));
#5082=CARTESIAN_POINT('',(-0.0355447812520631,-0.0220501802432586,0.0452857704232457));
#5083=CARTESIAN_POINT('',(-0.0346675399305005,-0.0221437698439351,0.0453370766451111));
#5084=CARTESIAN_POINT('',(-0.0344646491331332,-0.0221626102662654,0.0453489279119123));
#5085=CARTESIAN_POINT('',(-0.0342616611927701,-0.0221786505023375,0.0453607842881394));
#5086=CARTESIAN_POINT('',(-0.0344676837697932,-0.0221245340828157,0.0450431730935539));
#5087=CARTESIAN_POINT('',(-0.0344624983608525,-0.022133515474559,0.0451140861650205));
#5088=CARTESIAN_POINT('',(-0.0344573152577984,-0.0221424928659514,0.045184999911684));
#5089=CARTESIAN_POINT('',(-0.0344521344805956,-0.0221514662352895,0.0452559143372877));
#5090=CARTESIAN_POINT('',(-0.0107796656967115,-0.00458722600345713,0.0465670920602494));
#5091=CARTESIAN_POINT('',(-0.010732325666096,-0.00436304574458096,0.0465686824437268));
#5092=CARTESIAN_POINT('',(-0.010648601948838,-0.00415244825018,0.0465702944288511));
#5093=CARTESIAN_POINT('',(-0.0104094012926663,-0.00376130647426033,0.046573578971112));
#5094=CARTESIAN_POINT('',(-0.0102600808044566,-0.00359083021815962,0.046575167164887));
#5095=CARTESIAN_POINT('',(-0.00990411948608032,-0.0033022877015458,0.0465782599856865));
#5096=CARTESIAN_POINT('',(-0.00970618553583261,-0.003191393810429,0.0465796882037851));
#5097=CARTESIAN_POINT('',(-0.00927453185326847,-0.00303850467988933,0.046582325435769));
#5098=CARTESIAN_POINT('',(-0.00905188068893576,-0.00300018036004182,0.0465834681492922));
#5099=CARTESIAN_POINT('',(-0.00882259223435747,-0.00300017690078598,0.0465844540157229));
#5100=CARTESIAN_POINT('',(-0.0107862390770519,-0.00459293185604868,0.0475670543713972));
#5101=CARTESIAN_POINT('',(-0.0107388098367625,-0.00436834581280938,0.0475686476567388));
#5102=CARTESIAN_POINT('',(-0.0106549583420489,-0.00415738521045308,0.0475702623014683));
#5103=CARTESIAN_POINT('',(-0.0104154315652305,-0.00376558865564652,0.0475735518819017));
#5104=CARTESIAN_POINT('',(-0.0102659211626287,-0.00359483738496305,0.0475751423253153));
#5105=CARTESIAN_POINT('',(-0.00990953629827544,-0.00330583014500366,0.0475782392844137));
#5106=CARTESIAN_POINT('',(-0.00971137916565024,-0.00319475800549942,0.0475796692876631));
#5107=CARTESIAN_POINT('',(-0.00927926801990719,-0.00304160359462548,0.0475823096482275));
#5108=CARTESIAN_POINT('',(-0.00905639441926658,-0.00300319858808676,0.0475834536258847));
#5109=CARTESIAN_POINT('',(-0.00882689180889371,-0.00300316055562151,0.0475844405162625));
#5110=CARTESIAN_POINT('',(0.00498526935610893,-0.00300115184761286,0.0470451472840789));
#5111=CARTESIAN_POINT('',(0.0134656721691955,0.00499456540281878,0.0467454596959039));
#5112=CARTESIAN_POINT('',(0.0111679305724773,-0.00790194279063829,0.047533487717337));
#5113=CARTESIAN_POINT('',(0.0121017213386309,-0.00739707098472246,0.0475333947154416));
#5114=CARTESIAN_POINT('',(0.0136557089315974,-0.00619064356377504,0.0475331940738152));
#5115=CARTESIAN_POINT('',(0.014614798132268,-0.00461930297789591,0.0475330113426351));
#5116=CARTESIAN_POINT('',(0.0149557012608893,-0.00375510063390179,0.0475329383261554));
#5117=CARTESIAN_POINT('',(0.0140035943208539,-0.00979263692084642,0.0474862645520295));
#5118=CARTESIAN_POINT('',(0.0151363340611556,-0.00918149473483492,0.0474860372120528));
#5119=CARTESIAN_POINT('',(0.0169933797367897,-0.0077096940897654,0.0474855462635126));
#5120=CARTESIAN_POINT('',(0.0181052070015952,-0.00576674944899416,0.0474851002824614));
#5121=CARTESIAN_POINT('',(0.0184956436922599,-0.00469248158407922,0.0474849228276274));
#5122=CARTESIAN_POINT('',(0.0199061495776007,-0.0136127575111878,0.047325353110816));
#5123=CARTESIAN_POINT('',(0.0214147140415591,-0.0128024563178321,0.0473246073775728));
#5124=CARTESIAN_POINT('',(0.0238104830696228,-0.0108188624789978,0.0473230120772553));
#5125=CARTESIAN_POINT('',(0.0251484030446242,-0.00812887361462885,0.0473215763917283));
#5126=CARTESIAN_POINT('',(0.0256044083156513,-0.00662643781660577,0.0473210043575995));
#5127=CARTESIAN_POINT('',(0.0258544682186291,-0.0173553602106976,0.0469345433938698));
#5128=CARTESIAN_POINT('',(0.0277042463443699,-0.016365291808099,0.0469323283687429));
#5129=CARTESIAN_POINT('',(0.030551478237007,-0.0139015447294906,0.0469273772457898));
#5130=CARTESIAN_POINT('',(0.0320235893729698,-0.0104791859347315,0.0469227083333751));
#5131=CARTESIAN_POINT('',(0.0325070086742281,-0.00855263922545277,0.046920855693939));
#5132=CARTESIAN_POINT('',(0.0287460438871763,-0.0191717200430518,0.0466572201530151));
#5133=CARTESIAN_POINT('',(0.0307595019597377,-0.0180951023007374,0.046653981949371));
#5134=CARTESIAN_POINT('',(0.033820352381489,-0.0153980621802045,0.0466465418758122));
#5135=CARTESIAN_POINT('',(0.0353506305894534,-0.0116185066162392,0.0466393437955628));
#5136=CARTESIAN_POINT('',(0.0358443108818214,-0.00948554160163432,0.0466364982881521));
#5137=CARTESIAN_POINT('',(0.0306322753905918,-0.017666749250493,0.0466749248003994));
#5138=CARTESIAN_POINT('',(0.0306554174138564,-0.0177068324105773,0.046671067469956));
#5139=CARTESIAN_POINT('',(0.0306785584168979,-0.0177469138035832,0.0466671868684716));
#5140=CARTESIAN_POINT('',(0.0307016983883488,-0.0177869934098219,0.0466632827366608));
#5141=CARTESIAN_POINT('',(0.0306322760654765,-0.0176667503987154,0.0466749407810315));
#5142=CARTESIAN_POINT('',(0.0153939599261228,-0.00449894281122474,0.0475233654294974));
#5143=CARTESIAN_POINT('',(0.0158508655133701,-0.00623994825528643,0.0475068220460394));
#5144=CARTESIAN_POINT('',(0.0169090818471233,-0.00869325730672207,0.0474647321844211));
#5145=CARTESIAN_POINT('',(0.0190432631558534,-0.0116064724228785,0.0473569712813825));
#5146=CARTESIAN_POINT('',(0.0209175754930532,-0.0134918315405342,0.04725346714295));
#5147=CARTESIAN_POINT('',(0.023097085459652,-0.0151080488576944,0.0471263293176109));
#5148=CARTESIAN_POINT('',(0.0262312786213588,-0.0167676818502889,0.0469388221632478));
#5149=CARTESIAN_POINT('',(0.0288665184220522,-0.017473629558899,0.0467813111240507));
#5150=CARTESIAN_POINT('',(0.0306322686496668,-0.0176668078634786,0.0466749213127955));
#5151=CARTESIAN_POINT('',(0.0153939599260982,-0.0044989428112312,0.0475233654294977));
#5152=CARTESIAN_POINT('',(0.0150693492222998,-0.0038194508850198,0.0475312219278584));
#5153=CARTESIAN_POINT('',(0.0152190831795584,-0.00402277812676172,0.0475281961774851));
#5154=CARTESIAN_POINT('',(0.0153298599068968,-0.00425469305202914,0.0475255159297652));
#5155=CARTESIAN_POINT('',(0.0153939209097204,-0.00449895304778748,0.0475233658726965));
#5156=CARTESIAN_POINT('',(0.0342055265818756,0.0178091552993114,0.0464480833214084));
#5157=CARTESIAN_POINT('',(0.0362042231090001,0.0157855925171158,0.0464420380956892));
#5158=CARTESIAN_POINT('',(0.0385813313647243,0.0106573795180174,0.0464290740398449));
#5159=CARTESIAN_POINT('',(0.0389174124440778,0.00366104926494796,0.0464227856949));
#5160=CARTESIAN_POINT('',(0.0389123194654272,-0.000134690382233736,0.0464228793504278));
#5161=CARTESIAN_POINT('',(0.0361410177034,0.0187999640929798,0.0462494620817212));
#5162=CARTESIAN_POINT('',(0.038218954499543,0.0166727229226649,0.0462422555984566));
#5163=CARTESIAN_POINT('',(0.0406527428921133,0.0112658527898259,0.0462266621714405));
#5164=CARTESIAN_POINT('',(0.0409628179904317,0.00386949054302578,0.0462191204993686));
#5165=CARTESIAN_POINT('',(0.0409579498491466,-0.000142362630269149,0.0462192339292365));
#5166=CARTESIAN_POINT('',(0.0399244502428781,0.0207382819067136,0.0457831512655766));
#5167=CARTESIAN_POINT('',(0.0421554852554291,0.0184075400759199,0.045773158379228));
#5168=CARTESIAN_POINT('',(0.0446947942526864,0.0124528437013207,0.0457511436150203));
#5169=CARTESIAN_POINT('',(0.0449501269347524,0.00427416669317681,0.0457405634360721));
#5170=CARTESIAN_POINT('',(0.0449457401947815,-0.000157257601700449,0.0457407255348154));
#5171=CARTESIAN_POINT('',(0.0434707456618823,0.0225623980186998,0.0451565566139303));
#5172=CARTESIAN_POINT('',(0.0458473402527555,0.0200362491485255,0.0451430430411718));
#5173=CARTESIAN_POINT('',(0.0484868905508169,0.0135574540254858,0.0451122454459651));
#5174=CARTESIAN_POINT('',(0.0486894984424319,0.00464593088245407,0.045097627556861));
#5175=CARTESIAN_POINT('',(0.048685581152332,-0.000170941044151705,0.0450978566867006));
#5176=CARTESIAN_POINT('',(0.0451705524188067,0.0234396453134149,0.0447975380373658));
#5177=CARTESIAN_POINT('',(0.047618672787473,0.0208179367879478,0.0447821518835177));
#5178=CARTESIAN_POINT('',(0.0503091194847117,0.0140841422927707,0.0447463653765949));
#5179=CARTESIAN_POINT('',(0.0504874323352696,0.00482172001986408,0.0447294996081062));
#5180=CARTESIAN_POINT('',(0.0504837316808463,-0.000177411302045994,0.0447297668598513));
#5181=CARTESIAN_POINT('',(0.0343747429639799,0.0177869934098129,0.0464377346000562));
#5182=CARTESIAN_POINT('',(0.0343969306480723,0.0177485632136626,0.0464386759473667));
#5183=CARTESIAN_POINT('',(0.0344191186367805,0.0177101324899024,0.0464395928536942));
#5184=CARTESIAN_POINT('',(0.0344413069270497,0.0176717012438229,0.0464404855641383));
#5185=CARTESIAN_POINT('',(0.0344413069216047,0.01767170125359,0.046440486119944));
#5186=CARTESIAN_POINT('',(0.0504197739828416,1.21464057886585E-7,0.0447428383104984));
#5187=CARTESIAN_POINT('',(0.050419773970552,0.00218684893045297,0.0447428382502299));
#5188=CARTESIAN_POINT('',(0.0495936769033217,0.00652151786679581,0.0449136049305792));
#5189=CARTESIAN_POINT('',(0.0461080383579985,0.0121438918996588,0.045460451521267));
#5190=CARTESIAN_POINT('',(0.0408424609306657,0.0161763305575196,0.0460094900052019));
#5191=CARTESIAN_POINT('',(0.0365960858051334,0.0174414734496775,0.0463032760789125));
#5192=CARTESIAN_POINT('',(0.0344413073262351,0.0176717055458116,0.0464404852609445));
#5193=CARTESIAN_POINT('',(0.0342162280181071,0.0176233629411983,0.0454488044241042));
#5194=CARTESIAN_POINT('',(0.0344065330178396,0.0176048773369045,0.045436723264021));
#5195=CARTESIAN_POINT('',(0.0345963134925171,0.0175833282689814,0.0454245901626915));
#5196=CARTESIAN_POINT('',(0.0358358933406919,0.017422294999843,0.0453447016562033));
#5197=CARTESIAN_POINT('',(0.0368702666503301,0.0171928557866761,0.045275046975351));
#5198=CARTESIAN_POINT('',(0.0381425887295228,0.0167868385091113,0.0451824916127869));
#5199=CARTESIAN_POINT('',(0.038396654260592,0.0166993795399829,0.0451636552381847));
#5200=CARTESIAN_POINT('',(0.0388986168836771,0.0165137309009709,0.0451256633409482));
#5201=CARTESIAN_POINT('',(0.0391466119852553,0.0164155507626988,0.0451065030224557));
#5202=CARTESIAN_POINT('',(0.0398817929765443,0.0161052337067474,0.0450484580499076));
#5203=CARTESIAN_POINT('',(0.0403601916832523,0.0158773517296673,0.0450090048121659));
#5204=CARTESIAN_POINT('',(0.041760803067439,0.0151318185336437,0.044887964935356));
#5205=CARTESIAN_POINT('',(0.0426487107092652,0.0145527980812245,0.0448036069006197));
#5206=CARTESIAN_POINT('',(0.043909186394567,0.0135566043153614,0.0446713854121495));
#5207=CARTESIAN_POINT('',(0.0443126985876453,0.0132066959702695,0.0446268672941862));
#5208=CARTESIAN_POINT('',(0.0450823013121309,0.0124766037946933,0.0445378989865534));
#5209=CARTESIAN_POINT('',(0.0454492599108282,0.0120957336245732,0.0444933596203415));
#5210=CARTESIAN_POINT('',(0.0461479087117095,0.0113026535835796,0.044404773584329));
#5211=CARTESIAN_POINT('',(0.0464795992678862,0.010890444076362,0.0443607263485565));
#5212=CARTESIAN_POINT('',(0.0469503507251844,0.01024826578667,0.0442956345052862));
#5213=CARTESIAN_POINT('',(0.0471027970779476,0.0100302228615537,0.0442741020880557));
#5214=CARTESIAN_POINT('',(0.0473986075716604,0.00958603223979328,0.0442314904041399));
#5215=CARTESIAN_POINT('',(0.0475423203499889,0.0093592859164267,0.0442103582016292));
#5216=CARTESIAN_POINT('',(0.0482323965422347,0.00821376770892843,0.0441069754542208));
#5217=CARTESIAN_POINT('',(0.0486945878307506,0.00726025240149863,0.0440314440278672));
#5218=CARTESIAN_POINT('',(0.0492574177554956,0.00577570713726105,0.043935006468758));
#5219=CARTESIAN_POINT('',(0.0494231479779321,0.00527175618685377,0.0439056864355976));
#5220=CARTESIAN_POINT('',(0.0497099256318414,0.00424519428749886,0.043853883915739));
#5221=CARTESIAN_POINT('',(0.0498312851475239,0.00372034196883913,0.0438313417991407));
#5222=CARTESIAN_POINT('',(0.0501214609463687,0.00213995698337025,0.0437766286385766));
#5223=CARTESIAN_POINT('',(0.0502187741700633,0.00107551210540775,0.0437570895128258));
#5224=CARTESIAN_POINT('',(0.0502187741700633,1.21464057972914E-7,0.0437570895128257));
#5225=CARTESIAN_POINT('',(0.0342860480711406,0.017687604332578,0.0464503531468456));
#5226=CARTESIAN_POINT('',(0.0344773242001763,0.0176688672810599,0.0464382204121952));
#5227=CARTESIAN_POINT('',(0.0346680897674647,0.0176470413208495,0.0464260348802786));
#5228=CARTESIAN_POINT('',(0.0359142140692568,0.0174840336768726,0.0463457957840172));
#5229=CARTESIAN_POINT('',(0.0369545680181247,0.0172521634389372,0.046275810752227));
#5230=CARTESIAN_POINT('',(0.0382349332743416,0.016842382937224,0.0461827376241778));
#5231=CARTESIAN_POINT('',(0.0384906395513527,0.016754134162992,0.0461637920890702));
#5232=CARTESIAN_POINT('',(0.0389959082114705,0.0165668585571321,0.0461255717736591));
#5233=CARTESIAN_POINT('',(0.0392455695967322,0.0164678407206879,0.0461062921687471));
#5234=CARTESIAN_POINT('',(0.0399857862475414,0.016154950582943,0.0460478726404202));
#5235=CARTESIAN_POINT('',(0.040467591228969,0.0159252735020962,0.0460081473581155));
#5236=CARTESIAN_POINT('',(0.0418785421509894,0.0151742068868318,0.0458862153190006));
#5237=CARTESIAN_POINT('',(0.0427735063221592,0.0145913034055653,0.0458011596572766));
#5238=CARTESIAN_POINT('',(0.0440446704376583,0.0135892880362136,0.0456677257595836));
#5239=CARTESIAN_POINT('',(0.0444517234358746,0.0132374584389757,0.0456227804959567));
#5240=CARTESIAN_POINT('',(0.0452282777656431,0.0125036522361886,0.045532924915964));
#5241=CARTESIAN_POINT('',(0.0455986556559425,0.0121209816347509,0.045487924590921));
#5242=CARTESIAN_POINT('',(0.0463039940923121,0.0113244357270151,0.045398392688196));
#5243=CARTESIAN_POINT('',(0.0466389550663775,0.0109105607075271,0.0453538605311865));
#5244=CARTESIAN_POINT('',(0.0471144668651599,0.0102659985626546,0.045288033753276));
#5245=CARTESIAN_POINT('',(0.047268475603733,0.010047180050032,0.0452662551425644));
#5246=CARTESIAN_POINT('',(0.047567355495411,0.00960147831382068,0.0452231507092572));
#5247=CARTESIAN_POINT('',(0.047712579027384,0.00937399466204493,0.0452017713207393));
#5248=CARTESIAN_POINT('',(0.0484099956174489,0.0082249219782339,0.0450971669976722));
#5249=CARTESIAN_POINT('',(0.0488773867214732,0.00726897696441009,0.0450207031164043));
#5250=CARTESIAN_POINT('',(0.049446736036944,0.00578145624714715,0.0449230515197843));
#5251=CARTESIAN_POINT('',(0.049614425314632,0.0052766226865197,0.0448933577242744));
#5252=CARTESIAN_POINT('',(0.0499046371178791,0.00424851013572476,0.0448408903590746));
#5253=CARTESIAN_POINT('',(0.0500274755736583,0.0037229879169024,0.0448180564049188));
#5254=CARTESIAN_POINT('',(0.0503212194258469,0.00214093226057486,0.044762632867054));
#5255=CARTESIAN_POINT('',(0.0504197739828414,0.00107581652567911,0.0447428383104986));
#5256=CARTESIAN_POINT('',(0.0504197739828416,1.21464057886585E-7,0.0447428383104984));
#5257=CARTESIAN_POINT('',(0.0344852529542844,0.0175955844918617,0.045437699784828));
#5258=CARTESIAN_POINT('',(0.034470546759124,0.0176210563690655,0.0457719518042466));
#5259=CARTESIAN_POINT('',(0.0344558974912843,0.0176464296452576,0.0461062143805336));
#5260=CARTESIAN_POINT('',(0.0344413042214508,0.0176717059300577,0.0464404861966577));
#5261=CARTESIAN_POINT('',(0.0153939598596633,-0.00449894255798582,0.0475233654319035));
#5262=CARTESIAN_POINT('',(0.0156674820180739,-0.00554117882563854,0.0475134629607826));
#5263=CARTESIAN_POINT('',(0.0160310093728802,-0.00654320529536623,0.0474994302211));
#5264=CARTESIAN_POINT('',(0.0167055173999185,-0.00798835809402524,0.0474703755414979));
#5265=CARTESIAN_POINT('',(0.0169520320785996,-0.00846037439692643,0.0474593520627994));
#5266=CARTESIAN_POINT('',(0.0173548196762809,-0.00915361699410772,0.0474405684489443));
#5267=CARTESIAN_POINT('',(0.0174945931176037,-0.00938223031671167,0.0474339324924174));
#5268=CARTESIAN_POINT('',(0.0177853505079511,-0.00983443496466806,0.0474198710567491));
#5269=CARTESIAN_POINT('',(0.0179366156004122,-0.0100583764538037,0.0474124309263861));
#5270=CARTESIAN_POINT('',(0.0187136455796352,-0.0111544268335634,0.0473735607299297));
#5271=CARTESIAN_POINT('',(0.019405782714276,-0.0119641748698298,0.0473368704165389));
#5272=CARTESIAN_POINT('',(0.0205467110978314,-0.0130808638182398,0.0472735270642587));
#5273=CARTESIAN_POINT('',(0.0209442472126255,-0.0134366702122812,0.0472510335240009));
#5274=CARTESIAN_POINT('',(0.0217745484276675,-0.0141146641485493,0.0472033424282644));
#5275=CARTESIAN_POINT('',(0.0222089192055966,-0.0144376829135561,0.0471780488009027));
#5276=CARTESIAN_POINT('',(0.0235400328858353,-0.0153368572532298,0.0470998170702228));
#5277=CARTESIAN_POINT('',(0.0244713970706404,-0.0158501009933514,0.0470441813792668));
#5278=CARTESIAN_POINT('',(0.0259334962483742,-0.0164924810140336,0.0469566517228548));
#5279=CARTESIAN_POINT('',(0.0264317698990453,-0.0166852327683868,0.0469267881249579));
#5280=CARTESIAN_POINT('',(0.0271960373462454,-0.0169413392004018,0.0468809977087853));
#5281=CARTESIAN_POINT('',(0.0274538741492984,-0.0170212370653805,0.0468655514500724));
#5282=CARTESIAN_POINT('',(0.0279699957697606,-0.0171683626923269,0.0468346360319685));
#5283=CARTESIAN_POINT('',(0.0282289033089204,-0.0172358153536872,0.046819129574397));
#5284=CARTESIAN_POINT('',(0.0292440297512419,-0.0174759293632366,0.0467583235599139));
#5285=CARTESIAN_POINT('',(0.0300064245966282,-0.0176041107874222,0.046712687409083));
#5286=CARTESIAN_POINT('',(0.0307758255938331,-0.0176819205519031,0.0466662894850181));
#5287=CARTESIAN_POINT('',(0.0153808166147159,-0.00449283436200857,0.0465174395390296));
#5288=CARTESIAN_POINT('',(0.0156537973525878,-0.00553314672126007,0.0465075558243922));
#5289=CARTESIAN_POINT('',(0.0160166104583117,-0.00653286483565629,0.046493551967283));
#5290=CARTESIAN_POINT('',(0.0166898290087832,-0.0079738777837014,0.0464645707684386));
#5291=CARTESIAN_POINT('',(0.0169358753022839,-0.00844440471280344,0.0464535768901233));
#5292=CARTESIAN_POINT('',(0.0173378983505326,-0.00913525097448427,0.0464348478026991));
#5293=CARTESIAN_POINT('',(0.0174774065702817,-0.00936303861767124,0.0464282317114951));
#5294=CARTESIAN_POINT('',(0.0177676110140975,-0.00981353955561865,0.0464142138329859));
#5295=CARTESIAN_POINT('',(0.017918587683949,-0.0100366012450915,0.046406797452828));
#5296=CARTESIAN_POINT('',(0.0186941284203611,-0.0111281729066654,0.0463680553662708));
#5297=CARTESIAN_POINT('',(0.0193849192210584,-0.0119340479259713,0.046331498711895));
#5298=CARTESIAN_POINT('',(0.0205234791779569,-0.013044792665931,0.046268409825727));
#5299=CARTESIAN_POINT('',(0.0209201671190886,-0.0133985957412103,0.046246010000596));
#5300=CARTESIAN_POINT('',(0.021748626533993,-0.0140725979922686,0.0461985238910282));
#5301=CARTESIAN_POINT('',(0.0221819992385143,-0.014393622011125,0.0461733420174381));
#5302=CARTESIAN_POINT('',(0.0235099175568415,-0.0152870543807341,0.0460954620811308));
#5303=CARTESIAN_POINT('',(0.0244388706653094,-0.0157967555358596,0.0460400846322846));
#5304=CARTESIAN_POINT('',(0.025896758091057,-0.0164346181981274,0.0459529568411542));
#5305=CARTESIAN_POINT('',(0.0263935280640001,-0.0166259970284837,0.045923229577946));
#5306=CARTESIAN_POINT('',(0.0271553618650538,-0.0168802909462383,0.0458776450287192));
#5307=CARTESIAN_POINT('',(0.0274123566891641,-0.0169596255431012,0.0458622676942644));
#5308=CARTESIAN_POINT('',(0.0279267476761832,-0.0171057245294704,0.0458314889655832));
#5309=CARTESIAN_POINT('',(0.0281847646315008,-0.0171727122199333,0.04581605044153));
#5310=CARTESIAN_POINT('',(0.0291963058319694,-0.0174112048260207,0.0457555081578974));
#5311=CARTESIAN_POINT('',(0.029955808419087,-0.0175386081175107,0.0457100632096557));
#5312=CARTESIAN_POINT('',(0.0307220587745905,-0.017616088575734,0.0456638561234906));
#5313=CARTESIAN_POINT('',(0.0305955842438164,-0.0176031983200901,0.045677487119005));
#5314=CARTESIAN_POINT('',(0.0306078287459906,-0.0176244064199692,0.046009969626242));
#5315=CARTESIAN_POINT('',(0.0306200715276955,-0.017645611539908,0.0463424523869126));
#5316=CARTESIAN_POINT('',(0.0306323125816786,-0.0176668136673449,0.0466749354020309));
#5317=CARTESIAN_POINT('',(0.0153939208433049,-0.00449895279454247,0.0475233658751021));
#5318=CARTESIAN_POINT('',(0.0153896013704115,-0.00449691964956032,0.0471900667328047));
#5319=CARTESIAN_POINT('',(0.0153852818400521,-0.00449488651965526,0.0468567675911601));
#5320=CARTESIAN_POINT('',(0.0153809622522331,-0.00449285340485155,0.0465234684501681));
#5321=CARTESIAN_POINT('',(0.0134542233107494,-0.00500613945324989,0.0473455732008104));
#5322=CARTESIAN_POINT('',(-0.0325392419753975,0.,0.0475));
#5323=CARTESIAN_POINT('',(-0.0306255782803128,-0.0221501304952235,0.0475));
#5324=CARTESIAN_POINT('',(-0.0308471660051152,-0.0225339316929148,0.0477097535142088));
#5325=CARTESIAN_POINT('',(-0.0310682653117761,-0.0229168869255697,0.0479215477090673));
#5326=CARTESIAN_POINT('',(-0.0312889473535553,-0.0232991194342494,0.0481350852961086));
#5327=CARTESIAN_POINT('',(-0.0312889473535553,-0.0232991194342494,0.0481350852961086));
#5328=CARTESIAN_POINT('',(-0.0325392419753975,0.,0.0481350852961086));
#5329=CARTESIAN_POINT('',(-0.0123325808882802,-0.0116663212180707,0.0481350852961086));
#5330=CARTESIAN_POINT('',(-0.0128088948603617,-0.0113913212180707,0.0478175426480543));
#5331=CARTESIAN_POINT('',(-0.0325392419753975,0.,0.0487701705922172));
#5332=CARTESIAN_POINT('',(-0.0128088948603617,0.0113913212180707,0.0484526279441629));
#5333=CARTESIAN_POINT('',(-0.0128088948603617,-0.0113913212180707,0.0484526279441629));
#5334=CARTESIAN_POINT('',(-0.0315392419753975,-0.0237326424361414,0.047891986950381));
#5335=CARTESIAN_POINT('',(-0.0314558678292999,-0.0235882341790627,0.0479732607149253));
#5336=CARTESIAN_POINT('',(-0.0313724374056512,-0.023443728446406,0.0480542981866422));
#5337=CARTESIAN_POINT('',(-0.0312889473535553,-0.0232991194342494,0.0481350852961086));
#5338=CARTESIAN_POINT('',(-0.0315392419753975,-0.0237326424361414,0.047891986950381));
#5339=CARTESIAN_POINT('',(-0.0335392419753975,-0.0237326424361414,0.047891986950381));
#5340=CARTESIAN_POINT('',(-0.0328725753087308,-0.0237326424361414,0.0479081907485799));
#5341=CARTESIAN_POINT('',(-0.0322059086420642,-0.0237326424361414,0.0479081907485799));
#5342=CARTESIAN_POINT('',(-0.0315392419753975,-0.0237326424361414,0.047891986950381));
#5343=CARTESIAN_POINT('',(-0.0335392419753975,-0.0237326424361414,0.047891986950381));
#5344=CARTESIAN_POINT('',(-0.0335392419753975,-0.0237326424361414,0.047891986950381));
#5345=CARTESIAN_POINT('',(-0.0336226161214951,-0.0235882341790627,0.0479732607149253));
#5346=CARTESIAN_POINT('',(-0.0337060465451438,-0.023443728446406,0.0480542981866422));
#5347=CARTESIAN_POINT('',(-0.0337895365972397,-0.0232991194342494,0.0481350852961086));
#5348=CARTESIAN_POINT('',(-0.0335392419753975,0.0237326424361414,0.047891986950381));
#5349=CARTESIAN_POINT('',(-0.0336226161214951,0.0235882341790627,0.0479732607149253));
#5350=CARTESIAN_POINT('',(-0.0337060465451438,0.023443728446406,0.0480542981866422));
#5351=CARTESIAN_POINT('',(-0.0337895365972397,0.0232991194342494,0.0481350852961086));
#5352=CARTESIAN_POINT('',(-0.0335392419753975,0.0237326424361414,0.047891986950381));
#5353=CARTESIAN_POINT('',(-0.0335392419753975,0.0237326424361414,0.047891986950381));
#5354=CARTESIAN_POINT('',(-0.0328725753087308,0.0237326424361414,0.0479081907485799));
#5355=CARTESIAN_POINT('',(-0.0322059086420642,0.0237326424361414,0.0479081907485799));
#5356=CARTESIAN_POINT('',(-0.0315392419753975,0.0237326424361414,0.047891986950381));
#5357=CARTESIAN_POINT('',(-0.0315392419753975,0.0237326424361414,0.047891986950381));
#5358=CARTESIAN_POINT('',(-0.0315392419753975,0.0237326424361414,0.047891986950381));
#5359=CARTESIAN_POINT('',(-0.0314558678292999,0.0235882341790627,0.0479732607149253));
#5360=CARTESIAN_POINT('',(-0.0313724374056512,0.023443728446406,0.0480542981866422));
#5361=CARTESIAN_POINT('',(-0.0312889473535553,0.0232991194342494,0.0481350852961086));
#5362=CARTESIAN_POINT('',(-0.031892098503619,-0.000373628457635649,0.0479246190601702));
#5363=CARTESIAN_POINT('',(-0.031892098503619,0.000373628457635652,0.0479246190601702));
#5364=CARTESIAN_POINT('',(0.0325382206761618,0.,0.0475));
#5365=CARTESIAN_POINT('',(0.0307016983883437,0.017786993409813,0.0475840972981151));
#5366=CARTESIAN_POINT('',(0.0308959632385817,0.01812347000055,0.0477658155919567));
#5367=CARTESIAN_POINT('',(0.0310897420760514,0.0184591047924793,0.0479495852846629));
#5368=CARTESIAN_POINT('',(0.0312831109703283,0.0187940295419701,0.0481350852961086));
#5369=CARTESIAN_POINT('',(0.0312831109703283,0.0187940295419701,0.0481350852961086));
#5370=CARTESIAN_POINT('',(0.0325382206761618,0.,0.0481350852961086));
#5371=CARTESIAN_POINT('',(0.0162258592561039,0.00941794625698888,0.0481350852961086));
#5372=CARTESIAN_POINT('',(0.0167021732281854,0.00914294625698888,0.0478175426480543));
#5373=CARTESIAN_POINT('',(0.0325382206761618,0.,0.0487701705922172));
#5374=CARTESIAN_POINT('',(0.0167021732281854,0.00914294625698888,0.0484526279441629));
#5375=CARTESIAN_POINT('',(0.0315382206761618,0.0192358925139777,0.047889148205213));
#5376=CARTESIAN_POINT('',(0.031453259773826,0.0190887359144752,0.0479714479375755));
#5377=CARTESIAN_POINT('',(0.0313682250559254,0.0189414514626642,0.0480534348118799));
#5378=CARTESIAN_POINT('',(0.0312831109703283,0.0187940295419701,0.0481350852961086));
#5379=CARTESIAN_POINT('',(0.0315382206761618,0.0192358925139778,0.047889148205213));
#5380=CARTESIAN_POINT('',(0.0335382206761618,0.0192358925139778,0.047889148205213));
#5381=CARTESIAN_POINT('',(0.0328715540094951,0.0192358925139778,0.0479091307000802));
#5382=CARTESIAN_POINT('',(0.0322048873428284,0.0192358925139778,0.0479091307000802));
#5383=CARTESIAN_POINT('',(0.0315382206761618,0.0192358925139778,0.047889148205213));
#5384=CARTESIAN_POINT('',(0.0335382206761618,0.0192358925139778,0.047889148205213));
#5385=CARTESIAN_POINT('',(0.0335382206761618,0.0192358925139778,0.047889148205213));
#5386=CARTESIAN_POINT('',(0.0336231815784976,0.0190887359144752,0.0479714479375755));
#5387=CARTESIAN_POINT('',(0.0337082162963982,0.0189414514626642,0.0480534348118799));
#5388=CARTESIAN_POINT('',(0.0337933303819953,0.0187940295419701,0.0481350852961086));
#5389=CARTESIAN_POINT('',(0.0335382206761618,-0.0192358925139778,0.047889148205213));
#5390=CARTESIAN_POINT('',(0.0336231815784976,-0.0190887359144752,0.0479714479375755));
#5391=CARTESIAN_POINT('',(0.0337082162963982,-0.0189414514626642,0.0480534348118799));
#5392=CARTESIAN_POINT('',(0.0337933303819953,-0.0187940295419701,0.0481350852961086));
#5393=CARTESIAN_POINT('',(0.0335382206761618,-0.0192358925139778,0.047889148205213));
#5394=CARTESIAN_POINT('',(0.0335382206761618,-0.0192358925139778,0.047889148205213));
#5395=CARTESIAN_POINT('',(0.0328715540094951,-0.0192358925139778,0.0479091307000802));
#5396=CARTESIAN_POINT('',(0.0322048873428284,-0.0192358925139778,0.0479091307000802));
#5397=CARTESIAN_POINT('',(0.0315382206761618,-0.0192358925139778,0.047889148205213));
#5398=CARTESIAN_POINT('',(0.0315382206761618,-0.0192358925139778,0.047889148205213));
#5399=CARTESIAN_POINT('',(0.0315382206761618,-0.0192358925139777,0.047889148205213));
#5400=CARTESIAN_POINT('',(0.031453259773826,-0.0190887359144752,0.0479714479375755));
#5401=CARTESIAN_POINT('',(0.0313682250559254,-0.0189414514626642,0.0480534348118799));
#5402=CARTESIAN_POINT('',(0.0312831109703283,-0.0187940295419701,0.0481350852961086));
#5403=CARTESIAN_POINT('',(0.0167021732281854,-0.00914294625698887,0.0484526279441629));
#5404=CARTESIAN_POINT('',(0.0319490068149408,0.000340182781386155,0.048025980695794));
#5405=CARTESIAN_POINT('',(0.0319490068149408,-0.000340182781386155,0.048025980695794));
#5406=CARTESIAN_POINT('',(-0.0342521924588862,-0.0224977759754582,0.0225));
#5407=CARTESIAN_POINT('',(-0.0335392419753975,-0.0237326424361414,0.0225));
#5408=CARTESIAN_POINT('',(-0.0308262914919088,-0.0224977759754582,0.0225));
#5409=CARTESIAN_POINT('',(-0.0315392419753975,-0.0237326424361414,0.0225));
#5410=CARTESIAN_POINT('',(-0.0320392419753975,-0.0237326424361414,0.0225));
#5411=CARTESIAN_POINT('',(-0.0320392419753975,0.0237326424361414,0.0225));
#5412=CARTESIAN_POINT('',(-0.0315392419753975,0.0237326424361414,0.0225));
#5413=CARTESIAN_POINT('',(-0.0335392419753975,0.0237326424361414,0.0225));
#5414=CARTESIAN_POINT('',(-0.0342521924588862,0.0224977759754582,0.0225));
#5415=CARTESIAN_POINT('',(-0.0308262914919088,0.0224977759754582,0.0225));
#5416=CARTESIAN_POINT('',(0.0341642774985299,0.018151530289211,0.0225));
#5417=CARTESIAN_POINT('',(0.0335382206761618,0.0192358925139778,0.0225));
#5418=CARTESIAN_POINT('',(0.0309121638537936,0.018151530289211,0.0225));
#5419=CARTESIAN_POINT('',(0.0315382206761618,0.0192358925139778,0.0225));
#5420=CARTESIAN_POINT('',(0.0320382206761618,0.0192358925139778,0.0225));
#5421=CARTESIAN_POINT('',(0.0320382206761618,-0.0192358925139778,0.0225));
#5422=CARTESIAN_POINT('',(0.0315382206761618,-0.0192358925139778,0.0225));
#5423=CARTESIAN_POINT('',(0.0335382206761618,-0.0192358925139778,0.0225));
#5424=CARTESIAN_POINT('',(0.0341642774985299,-0.018151530289211,0.0225));
#5425=CARTESIAN_POINT('',(0.0309121638537936,-0.018151530289211,0.0225));
#5426=MECHANICAL_DESIGN_GEOMETRIC_PRESENTATION_REPRESENTATION('',(#1585),
#5427);
#5427=(
GEOMETRIC_REPRESENTATION_CONTEXT(3)
GLOBAL_UNCERTAINTY_ASSIGNED_CONTEXT((#5428))
GLOBAL_UNIT_ASSIGNED_CONTEXT((#5431,#5430,#5429))
REPRESENTATION_CONTEXT('front_skin2','TOP_LEVEL_ASSEMBLY_PART')
);
#5428=UNCERTAINTY_MEASURE_WITH_UNIT(LENGTH_MEASURE(4.45328757484622E-5),
#5431,'DISTANCE_ACCURACY_VALUE','Maximum Tolerance applied to model');
#5429=(
NAMED_UNIT(*)
SI_UNIT($,.STERADIAN.)
SOLID_ANGLE_UNIT()
);
#5430=(
NAMED_UNIT(*)
PLANE_ANGLE_UNIT()
SI_UNIT($,.RADIAN.)
);
#5431=(
LENGTH_UNIT()
NAMED_UNIT(*)
SI_UNIT($,.METRE.)
);
#5432=PRODUCT_DEFINITION_SHAPE('','',#5433);
#5433=PRODUCT_DEFINITION('','',#5435,#5434);
#5434=PRODUCT_DEFINITION_CONTEXT('',#5441,'design');
#5435=PRODUCT_DEFINITION_FORMATION_WITH_SPECIFIED_SOURCE('','',#5437,
 .NOT_KNOWN.);
#5436=PRODUCT_RELATED_PRODUCT_CATEGORY('','',(#5437));
#5437=PRODUCT('front_skin2','front_skin2','front_skin2',(#5439));
#5438=PRODUCT_CATEGORY('','');
#5439=PRODUCT_CONTEXT('',#5441,'mechanical');
#5440=APPLICATION_PROTOCOL_DEFINITION('international standard',
'ap242_managed_model_based_3d_engineering',2020,#5441);
#5441=APPLICATION_CONTEXT('managed model based 3d engineering');
ENDSEC;
END-ISO-10303-21;
